"[[720575940613641794, 720575940634428058, 720575940627820806, 720575940621351412], [720575940613641794, 720575940623817572, 720575940629777018, 720575940621351412], [720575940613641794, 720575940623817572, 720575940632043576, 720575940621351412], [720575940613641794, 720575940623817572, 720575940627015196, 720575940621351412], [720575940613641794, 720575940626018321, 720575940609948514, 720575940621351412], [720575940613641794, 720575940626018321, 720575940629777018, 720575940621351412], [720575940613641794, 720575940619035003, 720575940629805950, 720575940621351412], [720575940613641794, 720575940629461442, 720575940645556334, 720575940621351412], [720575940613641794, 720575940629461442, 720575940628349522, 720575940621351412], [720575940613641794, 720575940629461442, 720575940629805950, 720575940621351412], [720575940613641794, 720575940629461442, 720575940617079737, 720575940621351412], [720575940613641794, 720575940629461442, 720575940627820806, 720575940621351412], [720575940613641794, 720575940622667303, 720575940612203482, 720575940621351412], [720575940613641794, 720575940637197710, 720575940629777018, 720575940621351412], [720575940613641794, 720575940637197710, 720575940622996579, 720575940621351412], [720575940613641794, 720575940637197710, 720575940632043576, 720575940621351412], [720575940613641794, 720575940637197710, 720575940627015196, 720575940621351412]]"
"[[720575940613641794, 720575940612975085, 720575940626009852, 720575940611008718], [720575940613641794, 720575940634428058, 720575940626279486, 720575940611008718], [720575940613641794, 720575940623817572, 720575940629777018, 720575940611008718], [720575940613641794, 720575940623817572, 720575940611644529, 720575940611008718], [720575940613641794, 720575940623817572, 720575940632043576, 720575940611008718], [720575940613641794, 720575940623817572, 720575940627015196, 720575940611008718], [720575940613641794, 720575940626018321, 720575940629777018, 720575940611008718], [720575940613641794, 720575940626018321, 720575940626009852, 720575940611008718], [720575940613641794, 720575940626018321, 720575940611644529, 720575940611008718], [720575940613641794, 720575940619035003, 720575940623533459, 720575940611008718], [720575940613641794, 720575940619035003, 720575940618291174, 720575940611008718], [720575940613641794, 720575940629461442, 720575940645556334, 720575940611008718], [720575940613641794, 720575940629461442, 720575940628349522, 720575940611008718], [720575940613641794, 720575940629461442, 720575940639112765, 720575940611008718], [720575940613641794, 720575940629461442, 720575940617079737, 720575940611008718], [720575940613641794, 720575940629461442, 720575940628397138, 720575940611008718], [720575940613641794, 720575940629461442, 720575940625809539, 720575940611008718], [720575940613641794, 720575940629461442, 720575940621241072, 720575940611008718], [720575940613641794, 720575940629461442, 720575940625101360, 720575940611008718], [720575940613641794, 720575940629586417, 720575940625878160, 720575940611008718], [720575940613641794, 720575940622667303, 720575940612203482, 720575940611008718], [720575940613641794, 720575940626391562, 720575940626009852, 720575940611008718], [720575940613641794, 720575940637197710, 720575940629777018, 720575940611008718], [720575940613641794, 720575940637197710, 720575940611644529, 720575940611008718], [720575940613641794, 720575940637197710, 720575940622996579, 720575940611008718], [720575940613641794, 720575940637197710, 720575940632043576, 720575940611008718], [720575940613641794, 720575940637197710, 720575940627015196, 720575940611008718]]"
"[[720575940613641794, 720575940634428058, 720575940622066390, 720575940610792290], [720575940613641794, 720575940634428058, 720575940624366315, 720575940610792290], [720575940613641794, 720575940634428058, 720575940626279486, 720575940610792290], [720575940613641794, 720575940634428058, 720575940615715003, 720575940610792290], [720575940613641794, 720575940634428058, 720575940624342825, 720575940610792290], [720575940613641794, 720575940623817572, 720575940627360772, 720575940610792290], [720575940613641794, 720575940619035003, 720575940630868281, 720575940610792290], [720575940613641794, 720575940629461442, 720575940621226484, 720575940610792290], [720575940613641794, 720575940629461442, 720575940624342825, 720575940610792290], [720575940613641794, 720575940629586417, 720575940625878160, 720575940610792290]]"
"[[720575940613641794, 720575940634428058, 720575940626279486, 720575940620982966], [720575940613641794, 720575940634428058, 720575940615715003, 720575940620982966], [720575940613641794, 720575940634428058, 720575940605513649, 720575940620982966], [720575940613641794, 720575940619035003, 720575940629805950, 720575940620982966], [720575940613641794, 720575940629461442, 720575940629805950, 720575940620982966]]"
"[[720575940613641794, 720575940634428058, 720575940622066390, 720575940623473335], [720575940613641794, 720575940634428058, 720575940627107721, 720575940623473335], [720575940613641794, 720575940623817572, 720575940632043576, 720575940623473335], [720575940613641794, 720575940629461442, 720575940631545960, 720575940623473335], [720575940613641794, 720575940637197710, 720575940632043576, 720575940623473335]]"
"[[720575940613641794, 720575940634428058, 720575940620746478, 720575940637662697], [720575940613641794, 720575940623817572, 720575940627015196, 720575940637662697], [720575940613641794, 720575940619035003, 720575940622161366, 720575940637662697], [720575940613641794, 720575940629461442, 720575940622161366, 720575940637662697], [720575940613641794, 720575940629461442, 720575940615596850, 720575940637662697], [720575940613641794, 720575940629461442, 720575940620746478, 720575940637662697], [720575940613641794, 720575940637197710, 720575940622996579, 720575940637662697], [720575940613641794, 720575940637197710, 720575940627015196, 720575940637662697]]"
"[[720575940613641794, 720575940612975085, 720575940628132745, 720575940615596850], [720575940613641794, 720575940620605940, 720575940640908707, 720575940615596850], [720575940613641794, 720575940634428058, 720575940622066390, 720575940615596850], [720575940613641794, 720575940634428058, 720575940620746478, 720575940615596850], [720575940613641794, 720575940616144470, 720575940640908707, 720575940615596850], [720575940613641794, 720575940619035003, 720575940634388927, 720575940615596850], [720575940613641794, 720575940619035003, 720575940629461442, 720575940615596850], [720575940613641794, 720575940619035003, 720575940622161366, 720575940615596850], [720575940613641794, 720575940619035003, 720575940606564482, 720575940615596850], [720575940613641794, 720575940629461442, 720575940645556334, 720575940615596850], [720575940613641794, 720575940629461442, 720575940622161366, 720575940615596850], [720575940613641794, 720575940629461442, 720575940632189900, 720575940615596850], [720575940613641794, 720575940629461442, 720575940617878306, 720575940615596850], [720575940613641794, 720575940629461442, 720575940624574717, 720575940615596850], [720575940613641794, 720575940629461442, 720575940623134157, 720575940615596850], [720575940613641794, 720575940629461442, 720575940628132745, 720575940615596850], [720575940613641794, 720575940629461442, 720575940628397138, 720575940615596850], [720575940613641794, 720575940629461442, 720575940621368858, 720575940615596850], [720575940613641794, 720575940629461442, 720575940619998740, 720575940615596850], [720575940613641794, 720575940629461442, 720575940615596850], [720575940613641794, 720575940629461442, 720575940610269304, 720575940615596850], [720575940613641794, 720575940629461442, 720575940639454848, 720575940615596850], [720575940613641794, 720575940629461442, 720575940620746478, 720575940615596850], [720575940613641794, 720575940620975040, 720575940640908707, 720575940615596850], [720575940613641794, 720575940629586417, 720575940625878160, 720575940615596850], [720575940613641794, 720575940626391562, 720575940628132745, 720575940615596850], [720575940613641794, 720575940637140294, 720575940640908707, 720575940615596850], [720575940613641794, 720575940627942010, 720575940640908707, 720575940615596850]]"
"[[720575940613641794, 720575940612975085, 720575940628132745, 720575940629183643], [720575940613641794, 720575940634428058, 720575940622066390, 720575940629183643], [720575940613641794, 720575940619035003, 720575940638175558, 720575940629183643], [720575940613641794, 720575940629461442, 720575940632189900, 720575940629183643], [720575940613641794, 720575940629461442, 720575940628132745, 720575940629183643], [720575940613641794, 720575940629461442, 720575940631545960, 720575940629183643], [720575940613641794, 720575940629461442, 720575940627826760, 720575940629183643], [720575940613641794, 720575940629461442, 720575940635952782, 720575940629183643], [720575940613641794, 720575940629586417, 720575940635771316, 720575940629183643], [720575940613641794, 720575940629586417, 720575940619549598, 720575940629183643], [720575940613641794, 720575940629586417, 720575940638637501, 720575940629183643], [720575940613641794, 720575940611403730, 720575940634825367, 720575940629183643], [720575940613641794, 720575940626391562, 720575940628132745, 720575940629183643]]"
"[[720575940613641794, 720575940634428058, 720575940620082512, 720575940639021757], [720575940613641794, 720575940623817572, 720575940632043576, 720575940639021757], [720575940613641794, 720575940619035003, 720575940623166733, 720575940639021757], [720575940613641794, 720575940619035003, 720575940627907884, 720575940639021757], [720575940613641794, 720575940619035003, 720575940638175558, 720575940639021757], [720575940613641794, 720575940629461442, 720575940623166733, 720575940639021757], [720575940613641794, 720575940629461442, 720575940635179359, 720575940639021757], [720575940613641794, 720575940622667303, 720575940650798582, 720575940639021757], [720575940613641794, 720575940611403730, 720575940634825367, 720575940639021757], [720575940613641794, 720575940637197710, 720575940632043576, 720575940639021757]]"
"[[720575940613641794, 720575940620605940, 720575940640908707, 720575940622235930], [720575940613641794, 720575940634428058, 720575940620746478, 720575940622235930], [720575940613641794, 720575940623817572, 720575940629415936, 720575940622235930], [720575940613641794, 720575940623817572, 720575940611859570, 720575940622235930], [720575940613641794, 720575940623817572, 720575940627015196, 720575940622235930], [720575940613641794, 720575940626018321, 720575940611859570, 720575940622235930], [720575940613641794, 720575940626018321, 720575940629415936, 720575940622235930], [720575940613641794, 720575940616144470, 720575940640908707, 720575940622235930], [720575940613641794, 720575940619035003, 720575940605188542, 720575940622235930], [720575940613641794, 720575940619035003, 720575940612189480, 720575940622235930], [720575940613641794, 720575940619035003, 720575940630937660, 720575940622235930], [720575940613641794, 720575940619035003, 720575940633462829, 720575940622235930], [720575940613641794, 720575940619035003, 720575940611400470, 720575940622235930], [720575940613641794, 720575940619035003, 720575940638245399, 720575940622235930], [720575940613641794, 720575940619035003, 720575940625685770, 720575940622235930], [720575940613641794, 720575940629461442, 720575940628387587, 720575940622235930], [720575940613641794, 720575940629461442, 720575940645556334, 720575940622235930], [720575940613641794, 720575940629461442, 720575940633462829, 720575940622235930], [720575940613641794, 720575940629461442, 720575940621368858, 720575940622235930], [720575940613641794, 720575940629461442, 720575940615596850, 720575940622235930], [720575940613641794, 720575940629461442, 720575940620746478, 720575940622235930], [720575940613641794, 720575940620975040, 720575940640908707, 720575940622235930], [720575940613641794, 720575940629586417, 720575940614985878, 720575940622235930], [720575940613641794, 720575940627027087, 720575940640168637, 720575940622235930], [720575940613641794, 720575940637140294, 720575940640908707, 720575940622235930], [720575940613641794, 720575940637197710, 720575940627015196, 720575940622235930], [720575940613641794, 720575940627942010, 720575940640908707, 720575940622235930]]"
"[[720575940635960292, 720575940619035003, 720575940629805950, 720575940621351412], [720575940635960292, 720575940608909269, 720575940609948514, 720575940621351412], [720575940635960292, 720575940623274168, 720575940609948514, 720575940621351412], [720575940635960292, 720575940627149002, 720575940614759149, 720575940621351412], [720575940635960292, 720575940627149002, 720575940609948514, 720575940621351412], [720575940635960292, 720575940627149002, 720575940627015196, 720575940621351412], [720575940635960292, 720575940629461442, 720575940645556334, 720575940621351412], [720575940635960292, 720575940629461442, 720575940628349522, 720575940621351412], [720575940635960292, 720575940629461442, 720575940629805950, 720575940621351412], [720575940635960292, 720575940629461442, 720575940617079737, 720575940621351412], [720575940635960292, 720575940629461442, 720575940627820806, 720575940621351412], [720575940635960292, 720575940632985261, 720575940624571116, 720575940621351412], [720575940635960292, 720575940632985261, 720575940629777018, 720575940621351412], [720575940635960292, 720575940621043753, 720575940627015196, 720575940621351412], [720575940635960292, 720575940621043753, 720575940632043576, 720575940621351412], [720575940635960292, 720575940621043753, 720575940609948514, 720575940621351412]]"
"[[720575940635960292, 720575940618149686, 720575940618291174, 720575940611008718], [720575940635960292, 720575940618149686, 720575940623533459, 720575940611008718], [720575940635960292, 720575940619035003, 720575940623533459, 720575940611008718], [720575940635960292, 720575940619035003, 720575940618291174, 720575940611008718], [720575940635960292, 720575940626228329, 720575940642545883, 720575940611008718], [720575940635960292, 720575940620642940, 720575940626279486, 720575940611008718], [720575940635960292, 720575940627149002, 720575940614759149, 720575940611008718], [720575940635960292, 720575940627149002, 720575940627015196, 720575940611008718], [720575940635960292, 720575940627637607, 720575940611644529, 720575940611008718], [720575940635960292, 720575940616597643, 720575940644400675, 720575940611008718], [720575940635960292, 720575940629461442, 720575940645556334, 720575940611008718], [720575940635960292, 720575940629461442, 720575940628349522, 720575940611008718], [720575940635960292, 720575940629461442, 720575940639112765, 720575940611008718], [720575940635960292, 720575940629461442, 720575940617079737, 720575940611008718], [720575940635960292, 720575940629461442, 720575940628397138, 720575940611008718], [720575940635960292, 720575940629461442, 720575940625809539, 720575940611008718], [720575940635960292, 720575940629461442, 720575940621241072, 720575940611008718], [720575940635960292, 720575940629461442, 720575940625101360, 720575940611008718], [720575940635960292, 720575940632985261, 720575940611644529, 720575940611008718], [720575940635960292, 720575940632985261, 720575940629777018, 720575940611008718], [720575940635960292, 720575940621043753, 720575940625809539, 720575940611008718], [720575940635960292, 720575940621043753, 720575940627015196, 720575940611008718], [720575940635960292, 720575940621043753, 720575940632043576, 720575940611008718], [720575940635960292, 720575940621043753, 720575940621241072, 720575940611008718]]"
"[[720575940635960292, 720575940619035003, 720575940630868281, 720575940610792290], [720575940635960292, 720575940620642940, 720575940626279486, 720575940610792290], [720575940635960292, 720575940620642940, 720575940622066390, 720575940610792290], [720575940635960292, 720575940620642940, 720575940624366315, 720575940610792290], [720575940635960292, 720575940620642940, 720575940615023535, 720575940610792290], [720575940635960292, 720575940620642940, 720575940615715003, 720575940610792290], [720575940635960292, 720575940620642940, 720575940652104694, 720575940610792290], [720575940635960292, 720575940620642940, 720575940627234069, 720575940610792290], [720575940635960292, 720575940620642940, 720575940627779983, 720575940610792290], [720575940635960292, 720575940629461442, 720575940621226484, 720575940610792290], [720575940635960292, 720575940629461442, 720575940624342825, 720575940610792290]]"
"[[720575940635960292, 720575940619035003, 720575940629805950, 720575940620982966], [720575940635960292, 720575940620642940, 720575940626279486, 720575940620982966], [720575940635960292, 720575940620642940, 720575940638343238, 720575940620982966], [720575940635960292, 720575940620642940, 720575940615023535, 720575940620982966], [720575940635960292, 720575940620642940, 720575940615715003, 720575940620982966], [720575940635960292, 720575940620642940, 720575940652104694, 720575940620982966], [720575940635960292, 720575940620642940, 720575940627234069, 720575940620982966], [720575940635960292, 720575940620642940, 720575940627779983, 720575940620982966], [720575940635960292, 720575940629461442, 720575940629805950, 720575940620982966]]"
"[[720575940635960292, 720575940631872537, 720575940620541099, 720575940623473335], [720575940635960292, 720575940620642940, 720575940622066390, 720575940623473335], [720575940635960292, 720575940620642940, 720575940615023535, 720575940623473335], [720575940635960292, 720575940629461442, 720575940631545960, 720575940623473335], [720575940635960292, 720575940621043753, 720575940632043576, 720575940623473335]]"
"[[720575940635960292, 720575940619035003, 720575940622161366, 720575940637662697], [720575940635960292, 720575940631872537, 720575940622161366, 720575940637662697], [720575940635960292, 720575940620642940, 720575940623431571, 720575940637662697], [720575940635960292, 720575940627149002, 720575940627015196, 720575940637662697], [720575940635960292, 720575940629461442, 720575940622161366, 720575940637662697], [720575940635960292, 720575940629461442, 720575940615596850, 720575940637662697], [720575940635960292, 720575940629461442, 720575940620746478, 720575940637662697], [720575940635960292, 720575940621043753, 720575940627015196, 720575940637662697]]"
"[[720575940635960292, 720575940619035003, 720575940634388927, 720575940615596850], [720575940635960292, 720575940619035003, 720575940629461442, 720575940615596850], [720575940635960292, 720575940619035003, 720575940622161366, 720575940615596850], [720575940635960292, 720575940619035003, 720575940606564482, 720575940615596850], [720575940635960292, 720575940630854796, 720575940629461442, 720575940615596850], [720575940635960292, 720575940620504198, 720575940624131913, 720575940615596850], [720575940635960292, 720575940630356473, 720575940629461442, 720575940615596850], [720575940635960292, 720575940633968235, 720575940629461442, 720575940615596850], [720575940635960292, 720575940608909269, 720575940638088511, 720575940615596850], [720575940635960292, 720575940608909269, 720575940627801877, 720575940615596850], [720575940635960292, 720575940604984678, 720575940619998740, 720575940615596850], [720575940635960292, 720575940631872537, 720575940622161366, 720575940615596850], [720575940635960292, 720575940620642940, 720575940633488153, 720575940615596850], [720575940635960292, 720575940620642940, 720575940622066390, 720575940615596850], [720575940635960292, 720575940627149002, 720575940632189900, 720575940615596850], [720575940635960292, 720575940627637607, 720575940629461442, 720575940615596850], [720575940635960292, 720575940629461442, 720575940645556334, 720575940615596850], [720575940635960292, 720575940629461442, 720575940622161366, 720575940615596850], [720575940635960292, 720575940629461442, 720575940632189900, 720575940615596850], [720575940635960292, 720575940629461442, 720575940617878306, 720575940615596850], [720575940635960292, 720575940629461442, 720575940624574717, 720575940615596850], [720575940635960292, 720575940629461442, 720575940623134157, 720575940615596850], [720575940635960292, 720575940629461442, 720575940628132745, 720575940615596850], [720575940635960292, 720575940629461442, 720575940628397138, 720575940615596850], [720575940635960292, 720575940629461442, 720575940621368858, 720575940615596850], [720575940635960292, 720575940629461442, 720575940619998740, 720575940615596850], [720575940635960292, 720575940629461442, 720575940615596850], [720575940635960292, 720575940629461442, 720575940610269304, 720575940615596850], [720575940635960292, 720575940629461442, 720575940639454848, 720575940615596850], [720575940635960292, 720575940629461442, 720575940620746478, 720575940615596850], [720575940635960292, 720575940632985261, 720575940618097573, 720575940615596850], [720575940635960292, 720575940632985261, 720575940626538000, 720575940615596850]]"
"[[720575940635960292, 720575940619035003, 720575940638175558, 720575940629183643], [720575940635960292, 720575940620504198, 720575940624095172, 720575940629183643], [720575940635960292, 720575940608909269, 720575940638088511, 720575940629183643], [720575940635960292, 720575940604984678, 720575940635952782, 720575940629183643], [720575940635960292, 720575940631872537, 720575940629766266, 720575940629183643], [720575940635960292, 720575940631872537, 720575940620541099, 720575940629183643], [720575940635960292, 720575940631872537, 720575940628352850, 720575940629183643], [720575940635960292, 720575940620642940, 720575940627826760, 720575940629183643], [720575940635960292, 720575940620642940, 720575940622066390, 720575940629183643], [720575940635960292, 720575940627149002, 720575940621405861, 720575940629183643], [720575940635960292, 720575940627149002, 720575940632189900, 720575940629183643], [720575940635960292, 720575940629461442, 720575940632189900, 720575940629183643], [720575940635960292, 720575940629461442, 720575940628132745, 720575940629183643], [720575940635960292, 720575940629461442, 720575940631545960, 720575940629183643], [720575940635960292, 720575940629461442, 720575940627826760, 720575940629183643], [720575940635960292, 720575940629461442, 720575940635952782, 720575940629183643]]"
"[[720575940635960292, 720575940619035003, 720575940623166733, 720575940639021757], [720575940635960292, 720575940619035003, 720575940627907884, 720575940639021757], [720575940635960292, 720575940619035003, 720575940638175558, 720575940639021757], [720575940635960292, 720575940620642940, 720575940635179359, 720575940639021757], [720575940635960292, 720575940629461442, 720575940623166733, 720575940639021757], [720575940635960292, 720575940629461442, 720575940635179359, 720575940639021757], [720575940635960292, 720575940621043753, 720575940632043576, 720575940639021757]]"
"[[720575940635960292, 720575940619035003, 720575940605188542, 720575940622235930], [720575940635960292, 720575940619035003, 720575940612189480, 720575940622235930], [720575940635960292, 720575940619035003, 720575940630937660, 720575940622235930], [720575940635960292, 720575940619035003, 720575940633462829, 720575940622235930], [720575940635960292, 720575940619035003, 720575940611400470, 720575940622235930], [720575940635960292, 720575940619035003, 720575940638245399, 720575940622235930], [720575940635960292, 720575940619035003, 720575940625685770, 720575940622235930], [720575940635960292, 720575940620504198, 720575940605188542, 720575940622235930], [720575940635960292, 720575940633968235, 720575940640168637, 720575940622235930], [720575940635960292, 720575940631968343, 720575940640000464, 720575940622235930], [720575940635960292, 720575940631968343, 720575940640168637, 720575940622235930], [720575940635960292, 720575940608909269, 720575940621957670, 720575940622235930], [720575940635960292, 720575940629742718, 720575940646443316, 720575940622235930], [720575940635960292, 720575940627149002, 720575940627015196, 720575940622235930], [720575940635960292, 720575940629461442, 720575940628387587, 720575940622235930], [720575940635960292, 720575940629461442, 720575940645556334, 720575940622235930], [720575940635960292, 720575940629461442, 720575940633462829, 720575940622235930], [720575940635960292, 720575940629461442, 720575940621368858, 720575940622235930], [720575940635960292, 720575940629461442, 720575940615596850, 720575940622235930], [720575940635960292, 720575940629461442, 720575940620746478, 720575940622235930], [720575940635960292, 720575940621043753, 720575940627015196, 720575940622235930], [720575940635960292, 720575940621043753, 720575940633462829, 720575940622235930]]"
"[[720575940625952002, 720575940623817572, 720575940629777018, 720575940621351412], [720575940625952002, 720575940623817572, 720575940632043576, 720575940621351412], [720575940625952002, 720575940623817572, 720575940627015196, 720575940621351412], [720575940625952002, 720575940634428058, 720575940627820806, 720575940621351412], [720575940625952002, 720575940619035003, 720575940629805950, 720575940621351412]]"
"[[720575940625952002, 720575940612975085, 720575940626009852, 720575940611008718], [720575940625952002, 720575940623817572, 720575940629777018, 720575940611008718], [720575940625952002, 720575940623817572, 720575940611644529, 720575940611008718], [720575940625952002, 720575940623817572, 720575940632043576, 720575940611008718], [720575940625952002, 720575940623817572, 720575940627015196, 720575940611008718], [720575940625952002, 720575940626391562, 720575940626009852, 720575940611008718], [720575940625952002, 720575940634428058, 720575940626279486, 720575940611008718], [720575940625952002, 720575940619035003, 720575940623533459, 720575940611008718], [720575940625952002, 720575940619035003, 720575940618291174, 720575940611008718]]"
"[[720575940625952002, 720575940623817572, 720575940627360772, 720575940610792290], [720575940625952002, 720575940634428058, 720575940622066390, 720575940610792290], [720575940625952002, 720575940634428058, 720575940624366315, 720575940610792290], [720575940625952002, 720575940634428058, 720575940626279486, 720575940610792290], [720575940625952002, 720575940634428058, 720575940615715003, 720575940610792290], [720575940625952002, 720575940634428058, 720575940624342825, 720575940610792290], [720575940625952002, 720575940619035003, 720575940630868281, 720575940610792290]]"
"[[720575940625952002, 720575940634428058, 720575940626279486, 720575940620982966], [720575940625952002, 720575940634428058, 720575940615715003, 720575940620982966], [720575940625952002, 720575940634428058, 720575940605513649, 720575940620982966], [720575940625952002, 720575940619035003, 720575940629805950, 720575940620982966]]"
"[[720575940625952002, 720575940623817572, 720575940632043576, 720575940623473335], [720575940625952002, 720575940634428058, 720575940622066390, 720575940623473335], [720575940625952002, 720575940634428058, 720575940627107721, 720575940623473335]]"
"[[720575940625952002, 720575940623817572, 720575940627015196, 720575940637662697], [720575940625952002, 720575940634428058, 720575940620746478, 720575940637662697], [720575940625952002, 720575940619035003, 720575940622161366, 720575940637662697]]"
"[[720575940625952002, 720575940612975085, 720575940628132745, 720575940615596850], [720575940625952002, 720575940626391562, 720575940628132745, 720575940615596850], [720575940625952002, 720575940616144470, 720575940640908707, 720575940615596850], [720575940625952002, 720575940620975040, 720575940640908707, 720575940615596850], [720575940625952002, 720575940627942010, 720575940640908707, 720575940615596850], [720575940625952002, 720575940620605940, 720575940640908707, 720575940615596850], [720575940625952002, 720575940634428058, 720575940622066390, 720575940615596850], [720575940625952002, 720575940634428058, 720575940620746478, 720575940615596850], [720575940625952002, 720575940619035003, 720575940634388927, 720575940615596850], [720575940625952002, 720575940619035003, 720575940629461442, 720575940615596850], [720575940625952002, 720575940619035003, 720575940622161366, 720575940615596850], [720575940625952002, 720575940619035003, 720575940606564482, 720575940615596850]]"
"[[720575940625952002, 720575940612975085, 720575940628132745, 720575940629183643], [720575940625952002, 720575940626391562, 720575940628132745, 720575940629183643], [720575940625952002, 720575940611403730, 720575940634825367, 720575940629183643], [720575940625952002, 720575940634428058, 720575940622066390, 720575940629183643], [720575940625952002, 720575940619035003, 720575940638175558, 720575940629183643]]"
"[[720575940625952002, 720575940623817572, 720575940632043576, 720575940639021757], [720575940625952002, 720575940611403730, 720575940634825367, 720575940639021757], [720575940625952002, 720575940634428058, 720575940620082512, 720575940639021757], [720575940625952002, 720575940619035003, 720575940623166733, 720575940639021757], [720575940625952002, 720575940619035003, 720575940627907884, 720575940639021757], [720575940625952002, 720575940619035003, 720575940638175558, 720575940639021757]]"
"[[720575940625952002, 720575940623817572, 720575940629415936, 720575940622235930], [720575940625952002, 720575940623817572, 720575940611859570, 720575940622235930], [720575940625952002, 720575940623817572, 720575940627015196, 720575940622235930], [720575940625952002, 720575940616144470, 720575940640908707, 720575940622235930], [720575940625952002, 720575940620975040, 720575940640908707, 720575940622235930], [720575940625952002, 720575940627942010, 720575940640908707, 720575940622235930], [720575940625952002, 720575940620605940, 720575940640908707, 720575940622235930], [720575940625952002, 720575940634428058, 720575940620746478, 720575940622235930], [720575940625952002, 720575940619035003, 720575940605188542, 720575940622235930], [720575940625952002, 720575940619035003, 720575940612189480, 720575940622235930], [720575940625952002, 720575940619035003, 720575940630937660, 720575940622235930], [720575940625952002, 720575940619035003, 720575940633462829, 720575940622235930], [720575940625952002, 720575940619035003, 720575940611400470, 720575940622235930], [720575940625952002, 720575940619035003, 720575940638245399, 720575940622235930], [720575940625952002, 720575940619035003, 720575940625685770, 720575940622235930]]"
"[[720575940614190242, 720575940613191391, 720575940637663662, 720575940621351412], [720575940614190242, 720575940622112353, 720575940619654053, 720575940621351412], [720575940614190242, 720575940628352850, 720575940617079737, 720575940621351412], [720575940614190242, 720575940628352850, 720575940628349522, 720575940621351412], [720575940614190242, 720575940628352850, 720575940630160384, 720575940621351412], [720575940614190242, 720575940628352850, 720575940631447879, 720575940621351412], [720575940614190242, 720575940628352850, 720575940629805950, 720575940621351412], [720575940614190242, 720575940628352850, 720575940624897516, 720575940621351412], [720575940614190242, 720575940628352850, 720575940629012227, 720575940621351412], [720575940614190242, 720575940626853245, 720575940609948514, 720575940621351412], [720575940614190242, 720575940622147873, 720575940632305711, 720575940621351412], [720575940614190242, 720575940634877850, 720575940630160384, 720575940621351412], [720575940614190242, 720575940634877850, 720575940627015196, 720575940621351412], [720575940614190242, 720575940634877850, 720575940631447879, 720575940621351412], [720575940614190242, 720575940634877850, 720575940632043576, 720575940621351412], [720575940614190242, 720575940619110347, 720575940637663662, 720575940621351412], [720575940614190242, 720575940619110347, 720575940621351412], [720575940614190242, 720575940643259277, 720575940637663662, 720575940621351412], [720575940614190242, 720575940659098241, 720575940643177376, 720575940621351412], [720575940614190242, 720575940659098241, 720575940609948514, 720575940621351412]]"
"[[720575940614190242, 720575940613191391, 720575940623533459, 720575940611008718], [720575940614190242, 720575940613191391, 720575940618574749, 720575940611008718], [720575940614190242, 720575940621939071, 720575940618291174, 720575940611008718], [720575940614190242, 720575940621939071, 720575940623533459, 720575940611008718], [720575940614190242, 720575940628352850, 720575940622942196, 720575940611008718], [720575940614190242, 720575940628352850, 720575940618574749, 720575940611008718], [720575940614190242, 720575940628352850, 720575940617079737, 720575940611008718], [720575940614190242, 720575940628352850, 720575940628349522, 720575940611008718], [720575940614190242, 720575940628352850, 720575940639112765, 720575940611008718], [720575940614190242, 720575940628352850, 720575940630160384, 720575940611008718], [720575940614190242, 720575940628352850, 720575940631447879, 720575940611008718], [720575940614190242, 720575940628352850, 720575940624897516, 720575940611008718], [720575940614190242, 720575940628352850, 720575940629012227, 720575940611008718], [720575940614190242, 720575940626853245, 720575940642545883, 720575940611008718], [720575940614190242, 720575940607923721, 720575940627469394, 720575940611008718], [720575940614190242, 720575940607923721, 720575940644488727, 720575940611008718], [720575940614190242, 720575940622147873, 720575940622942196, 720575940611008718], [720575940614190242, 720575940634877850, 720575940630160384, 720575940611008718], [720575940614190242, 720575940634877850, 720575940627015196, 720575940611008718], [720575940614190242, 720575940634877850, 720575940642545883, 720575940611008718], [720575940614190242, 720575940634877850, 720575940625809539, 720575940611008718], [720575940614190242, 720575940634877850, 720575940621241072, 720575940611008718], [720575940614190242, 720575940634877850, 720575940631447879, 720575940611008718], [720575940614190242, 720575940634877850, 720575940627469394, 720575940611008718], [720575940614190242, 720575940634877850, 720575940632043576, 720575940611008718], [720575940614190242, 720575940619675472, 720575940627469394, 720575940611008718], [720575940614190242, 720575940619675472, 720575940646521198, 720575940611008718], [720575940614190242, 720575940619675472, 720575940644488727, 720575940611008718], [720575940614190242, 720575940643259277, 720575940642545883, 720575940611008718], [720575940614190242, 720575940659098241, 720575940627469394, 720575940611008718]]"
"[[720575940614190242, 720575940613191391, 720575940618574749, 720575940610792290], [720575940614190242, 720575940628352850, 720575940618574749, 720575940610792290], [720575940614190242, 720575940628352850, 720575940626528252, 720575940610792290], [720575940614190242, 720575940622147873, 720575940627099338, 720575940610792290], [720575940614190242, 720575940622147873, 720575940632305711, 720575940610792290], [720575940614190242, 720575940622147873, 720575940612036837, 720575940610792290], [720575940614190242, 720575940622147873, 720575940626528252, 720575940610792290], [720575940614190242, 720575940659098241, 720575940619582168, 720575940610792290]]"
"[[720575940614190242, 720575940613191391, 720575940618574749, 720575940620982966], [720575940614190242, 720575940628352850, 720575940618574749, 720575940620982966], [720575940614190242, 720575940628352850, 720575940629805950, 720575940620982966], [720575940614190242, 720575940622147873, 720575940627099338, 720575940620982966], [720575940614190242, 720575940622147873, 720575940632305711, 720575940620982966], [720575940614190242, 720575940622147873, 720575940612036837, 720575940620982966], [720575940614190242, 720575940659098241, 720575940619582168, 720575940620982966]]"
"[[720575940614190242, 720575940613191391, 720575940620541099, 720575940623473335], [720575940614190242, 720575940628352850, 720575940620541099, 720575940623473335], [720575940614190242, 720575940634877850, 720575940632043576, 720575940623473335]]"
"[[720575940614190242, 720575940628352850, 720575940625863728, 720575940637662697], [720575940614190242, 720575940622147873, 720575940655013281, 720575940637662697], [720575940614190242, 720575940634877850, 720575940627015196, 720575940637662697]]"
"[[720575940614190242, 720575940620455616, 720575940621477312, 720575940615596850], [720575940614190242, 720575940628352850, 720575940632189900, 720575940615596850], [720575940614190242, 720575940628352850, 720575940625863728, 720575940615596850], [720575940614190242, 720575940628352850, 720575940608188427, 720575940615596850], [720575940614190242, 720575940622147873, 720575940655013281, 720575940615596850], [720575940614190242, 720575940643259277, 720575940621477312, 720575940615596850], [720575940614190242, 720575940643259277, 720575940624651189, 720575940615596850], [720575940614190242, 720575940659098241, 720575940632189900, 720575940615596850], [720575940614190242, 720575940659098241, 720575940640908707, 720575940615596850]]"
"[[720575940614190242, 720575940617575760, 720575940615251251, 720575940629183643], [720575940614190242, 720575940613191391, 720575940632032460, 720575940629183643], [720575940614190242, 720575940613191391, 720575940625050256, 720575940629183643], [720575940614190242, 720575940613191391, 720575940628352850, 720575940629183643], [720575940614190242, 720575940613191391, 720575940621384212, 720575940629183643], [720575940614190242, 720575940613191391, 720575940624082931, 720575940629183643], [720575940614190242, 720575940613191391, 720575940620541099, 720575940629183643], [720575940614190242, 720575940630244367, 720575940628352850, 720575940629183643], [720575940614190242, 720575940620455616, 720575940621384212, 720575940629183643], [720575940614190242, 720575940626017917, 720575940608076739, 720575940629183643], [720575940614190242, 720575940614400780, 720575940607832754, 720575940629183643], [720575940614190242, 720575940614400780, 720575940628352850, 720575940629183643], [720575940614190242, 720575940621939071, 720575940628352850, 720575940629183643], [720575940614190242, 720575940622112353, 720575940628352850, 720575940629183643], [720575940614190242, 720575940628352850, 720575940644494752, 720575940629183643], [720575940614190242, 720575940628352850, 720575940624539993, 720575940629183643], [720575940614190242, 720575940628352850, 720575940635952782, 720575940629183643], [720575940614190242, 720575940628352850, 720575940632189900, 720575940629183643], [720575940614190242, 720575940628352850, 720575940618816054, 720575940629183643], [720575940614190242, 720575940628352850, 720575940626528252, 720575940629183643], [720575940614190242, 720575940628352850, 720575940620541099, 720575940629183643], [720575940614190242, 720575940628352850, 720575940625737859, 720575940629183643], [720575940614190242, 720575940628352850, 720575940607832754, 720575940629183643], [720575940614190242, 720575940628352850, 720575940621405861, 720575940629183643], [720575940614190242, 720575940628352850, 720575940633308371, 720575940629183643], [720575940614190242, 720575940628352850, 720575940619986196, 720575940629183643], [720575940614190242, 720575940628352850, 720575940629183643], [720575940614190242, 720575940628352850, 720575940629012227, 720575940629183643], [720575940614190242, 720575940628352850, 720575940625345584, 720575940629183643], [720575940614190242, 720575940636181934, 720575940635952782, 720575940629183643], [720575940614190242, 720575940607923721, 720575940624539993, 720575940629183643], [720575940614190242, 720575940607923721, 720575940621405861, 720575940629183643], [720575940614190242, 720575940622147873, 720575940655013281, 720575940629183643], [720575940614190242, 720575940622147873, 720575940612311987, 720575940629183643], [720575940614190242, 720575940622147873, 720575940631617017, 720575940629183643], [720575940614190242, 720575940622147873, 720575940611151406, 720575940629183643], [720575940614190242, 720575940622147873, 720575940626528252, 720575940629183643], [720575940614190242, 720575940638440051, 720575940628352850, 720575940629183643], [720575940614190242, 720575940630257051, 720575940628352850, 720575940629183643], [720575940614190242, 720575940619675472, 720575940624539993, 720575940629183643], [720575940614190242, 720575940619110347, 720575940608076739, 720575940629183643], [720575940614190242, 720575940619110347, 720575940619986196, 720575940629183643], [720575940614190242, 720575940619110347, 720575940637482473, 720575940629183643], [720575940614190242, 720575940619110347, 720575940631973207, 720575940629183643], [720575940614190242, 720575940619110347, 720575940637667443, 720575940629183643], [720575940614190242, 720575940619110347, 720575940626656531, 720575940629183643], [720575940614190242, 720575940643259277, 720575940624651189, 720575940629183643], [720575940614190242, 720575940659098241, 720575940632189900, 720575940629183643], [720575940614190242, 720575940659098241, 720575940627300627, 720575940629183643], [720575940614190242, 720575940659098241, 720575940625737859, 720575940629183643], [720575940614190242, 720575940628115756, 720575940624539993, 720575940629183643], [720575940614190242, 720575940628115756, 720575940616783190, 720575940629183643], [720575940614190242, 720575940628115756, 720575940619986196, 720575940629183643], [720575940614190242, 720575940628115756, 720575940609589443, 720575940629183643], [720575940614190242, 720575940628115756, 720575940618051801, 720575940629183643], [720575940614190242, 720575940628115756, 720575940631973207, 720575940629183643], [720575940614190242, 720575940628115756, 720575940619867595, 720575940629183643], [720575940614190242, 720575940628115756, 720575940637667443, 720575940629183643], [720575940614190242, 720575940628115756, 720575940618816054, 720575940629183643], [720575940614190242, 720575940628115756, 720575940608076739, 720575940629183643], [720575940614190242, 720575940604745346, 720575940631973207, 720575940629183643]]"
"[[720575940614190242, 720575940613191391, 720575940623166733, 720575940639021757], [720575940614190242, 720575940613191391, 720575940627548419, 720575940639021757], [720575940614190242, 720575940613191391, 720575940616670045, 720575940639021757], [720575940614190242, 720575940613191391, 720575940626619785, 720575940639021757], [720575940614190242, 720575940604504748, 720575940650798582, 720575940639021757], [720575940614190242, 720575940627008345, 720575940629204674, 720575940639021757], [720575940614190242, 720575940626017917, 720575940629204674, 720575940639021757], [720575940614190242, 720575940621939071, 720575940628567545, 720575940639021757], [720575940614190242, 720575940621939071, 720575940624344556, 720575940639021757], [720575940614190242, 720575940628352850, 720575940624539993, 720575940639021757], [720575940614190242, 720575940628352850, 720575940623166733, 720575940639021757], [720575940614190242, 720575940628352850, 720575940618816054, 720575940639021757], [720575940614190242, 720575940628352850, 720575940633308371, 720575940639021757], [720575940614190242, 720575940607923721, 720575940624539993, 720575940639021757], [720575940614190242, 720575940622147873, 720575940620082512, 720575940639021757], [720575940614190242, 720575940634877850, 720575940632043576, 720575940639021757], [720575940614190242, 720575940630257051, 720575940629204674, 720575940639021757], [720575940614190242, 720575940619675472, 720575940624539993, 720575940639021757], [720575940614190242, 720575940619110347, 720575940616670045, 720575940639021757], [720575940614190242, 720575940619110347, 720575940626619785, 720575940639021757], [720575940614190242, 720575940643259277, 720575940629204674, 720575940639021757], [720575940614190242, 720575940643259277, 720575940628841271, 720575940639021757], [720575940614190242, 720575940628115756, 720575940624539993, 720575940639021757], [720575940614190242, 720575940628115756, 720575940618816054, 720575940639021757], [720575940614190242, 720575940628115756, 720575940628567545, 720575940639021757], [720575940614190242, 720575940604745346, 720575940629204674, 720575940639021757]]"
"[[720575940614190242, 720575940613191391, 720575940646443316, 720575940622235930], [720575940614190242, 720575940613191391, 720575940615821981, 720575940622235930], [720575940614190242, 720575940613191391, 720575940624530407, 720575940622235930], [720575940614190242, 720575940628352850, 720575940624538599, 720575940622235930], [720575940614190242, 720575940628352850, 720575940628387587, 720575940622235930], [720575940614190242, 720575940628352850, 720575940633462829, 720575940622235930], [720575940614190242, 720575940628352850, 720575940624897516, 720575940622235930], [720575940614190242, 720575940622147873, 720575940646443316, 720575940622235930], [720575940614190242, 720575940634877850, 720575940627015196, 720575940622235930], [720575940614190242, 720575940659098241, 720575940640908707, 720575940622235930]]"
"[[720575940630214564, 720575940624300531, 720575940619110347, 720575940621351412], [720575940630214564, 720575940635116569, 720575940619654053, 720575940621351412], [720575940630214564, 720575940635116569, 720575940620054694, 720575940621351412], [720575940630214564, 720575940635116569, 720575940632043576, 720575940621351412], [720575940630214564, 720575940635116569, 720575940627015196, 720575940621351412], [720575940630214564, 720575940635116569, 720575940619625837, 720575940621351412], [720575940630214564, 720575940622147873, 720575940632305711, 720575940621351412], [720575940630214564, 720575940613191391, 720575940637663662, 720575940621351412], [720575940630214564, 720575940622112353, 720575940619654053, 720575940621351412], [720575940630214564, 720575940629204674, 720575940627645514, 720575940621351412], [720575940630214564, 720575940637458997, 720575940620054694, 720575940621351412], [720575940630214564, 720575940637458997, 720575940612203482, 720575940621351412], [720575940630214564, 720575940637458997, 720575940619625837, 720575940621351412], [720575940630214564, 720575940655587489, 720575940630758418, 720575940621351412], [720575940630214564, 720575940617467712, 720575940620054694, 720575940621351412], [720575940630214564, 720575940617467712, 720575940626901136, 720575940621351412], [720575940630214564, 720575940617467712, 720575940619654053, 720575940621351412], [720575940630214564, 720575940634341587, 720575940619110347, 720575940621351412], [720575940630214564, 720575940622188568, 720575940616064546, 720575940621351412], [720575940630214564, 720575940622188568, 720575940659426177, 720575940621351412], [720575940630214564, 720575940615698315, 720575940619110347, 720575940621351412]]"
"[[720575940630214564, 720575940635116569, 720575940620054694, 720575940611008718], [720575940630214564, 720575940635116569, 720575940632043576, 720575940611008718], [720575940630214564, 720575940635116569, 720575940627015196, 720575940611008718], [720575940630214564, 720575940635116569, 720575940619625837, 720575940611008718], [720575940630214564, 720575940622147873, 720575940622942196, 720575940611008718], [720575940630214564, 720575940613191391, 720575940623533459, 720575940611008718], [720575940630214564, 720575940613191391, 720575940618574749, 720575940611008718], [720575940630214564, 720575940629204674, 720575940627645514, 720575940611008718], [720575940630214564, 720575940637458997, 720575940620054694, 720575940611008718], [720575940630214564, 720575940637458997, 720575940612203482, 720575940611008718], [720575940630214564, 720575940637458997, 720575940619625837, 720575940611008718], [720575940630214564, 720575940627455621, 720575940627469394, 720575940611008718], [720575940630214564, 720575940627455621, 720575940642545883, 720575940611008718], [720575940630214564, 720575940617467712, 720575940620054694, 720575940611008718], [720575940630214564, 720575940617467712, 720575940626901136, 720575940611008718], [720575940630214564, 720575940622188568, 720575940644488727, 720575940611008718]]"
"[[720575940630214564, 720575940627722234, 720575940627360772, 720575940610792290], [720575940630214564, 720575940627722234, 720575940624342825, 720575940610792290], [720575940630214564, 720575940635116569, 720575940619625837, 720575940610792290], [720575940630214564, 720575940622147873, 720575940627099338, 720575940610792290], [720575940630214564, 720575940622147873, 720575940632305711, 720575940610792290], [720575940630214564, 720575940622147873, 720575940612036837, 720575940610792290], [720575940630214564, 720575940622147873, 720575940626528252, 720575940610792290], [720575940630214564, 720575940613191391, 720575940618574749, 720575940610792290], [720575940630214564, 720575940637458997, 720575940619625837, 720575940610792290]]"
"[[720575940630214564, 720575940635116569, 720575940619625837, 720575940620982966], [720575940630214564, 720575940622147873, 720575940627099338, 720575940620982966], [720575940630214564, 720575940622147873, 720575940632305711, 720575940620982966], [720575940630214564, 720575940622147873, 720575940612036837, 720575940620982966], [720575940630214564, 720575940613191391, 720575940618574749, 720575940620982966], [720575940630214564, 720575940637458997, 720575940619625837, 720575940620982966]]"
"[[720575940630214564, 720575940635116569, 720575940632043576, 720575940623473335], [720575940630214564, 720575940613191391, 720575940620541099, 720575940623473335], [720575940630214564, 720575940617467712, 720575940626901136, 720575940623473335]]"
"[[720575940630214564, 720575940627722234, 720575940645352814, 720575940637662697], [720575940630214564, 720575940635116569, 720575940627015196, 720575940637662697], [720575940630214564, 720575940622147873, 720575940655013281, 720575940637662697]]"
"[[720575940630214564, 720575940622147873, 720575940655013281, 720575940615596850], [720575940630214564, 720575940629204674, 720575940639179891, 720575940615596850], [720575940630214564, 720575940629204674, 720575940611516586, 720575940615596850], [720575940630214564, 720575940627455621, 720575940632189900, 720575940615596850], [720575940630214564, 720575940627455621, 720575940628132745, 720575940615596850], [720575940630214564, 720575940655587489, 720575940610199781, 720575940615596850], [720575940630214564, 720575940655587489, 720575940631721785, 720575940615596850], [720575940630214564, 720575940655587489, 720575940627801877, 720575940615596850], [720575940630214564, 720575940655587489, 720575940606084444, 720575940615596850], [720575940630214564, 720575940655587489, 720575940619681006, 720575940615596850], [720575940630214564, 720575940622188568, 720575940626745987, 720575940615596850]]"
"[[720575940630214564, 720575940629394232, 720575940628352850, 720575940629183643], [720575940630214564, 720575940635116569, 720575940621384212, 720575940629183643], [720575940630214564, 720575940606919602, 720575940628352850, 720575940629183643], [720575940630214564, 720575940622147873, 720575940655013281, 720575940629183643], [720575940630214564, 720575940622147873, 720575940612311987, 720575940629183643], [720575940630214564, 720575940622147873, 720575940631617017, 720575940629183643], [720575940630214564, 720575940622147873, 720575940611151406, 720575940629183643], [720575940630214564, 720575940622147873, 720575940626528252, 720575940629183643], [720575940630214564, 720575940613191391, 720575940632032460, 720575940629183643], [720575940630214564, 720575940613191391, 720575940625050256, 720575940629183643], [720575940630214564, 720575940613191391, 720575940628352850, 720575940629183643], [720575940630214564, 720575940613191391, 720575940621384212, 720575940629183643], [720575940630214564, 720575940613191391, 720575940624082931, 720575940629183643], [720575940630214564, 720575940613191391, 720575940620541099, 720575940629183643], [720575940630214564, 720575940622112353, 720575940628352850, 720575940629183643], [720575940630214564, 720575940627783769, 720575940634825367, 720575940629183643], [720575940630214564, 720575940629204674, 720575940621384212, 720575940629183643], [720575940630214564, 720575940629204674, 720575940628456553, 720575940629183643], [720575940630214564, 720575940629204674, 720575940611516586, 720575940629183643], [720575940630214564, 720575940629204674, 720575940632032460, 720575940629183643], [720575940630214564, 720575940629204674, 720575940625400420, 720575940629183643], [720575940630214564, 720575940629204674, 720575940634645867, 720575940629183643], [720575940630214564, 720575940629204674, 720575940625050256, 720575940629183643], [720575940630214564, 720575940629204674, 720575940611385806, 720575940629183643], [720575940630214564, 720575940629204674, 720575940615484063, 720575940629183643], [720575940630214564, 720575940648839545, 720575940628352850, 720575940629183643], [720575940630214564, 720575940613120618, 720575940616390261, 720575940629183643], [720575940630214564, 720575940637458997, 720575940628456553, 720575940629183643], [720575940630214564, 720575940637458997, 720575940621384212, 720575940629183643], [720575940630214564, 720575940637458997, 720575940623455239, 720575940629183643], [720575940630214564, 720575940624226318, 720575940628352850, 720575940629183643], [720575940630214564, 720575940627455621, 720575940634825367, 720575940629183643], [720575940630214564, 720575940627455621, 720575940635952782, 720575940629183643], [720575940630214564, 720575940627455621, 720575940632189900, 720575940629183643], [720575940630214564, 720575940627455621, 720575940628132745, 720575940629183643], [720575940630214564, 720575940604745346, 720575940631973207, 720575940629183643], [720575940630214564, 720575940655587489, 720575940635952782, 720575940629183643], [720575940630214564, 720575940655587489, 720575940630758418, 720575940629183643], [720575940630214564, 720575940655587489, 720575940624095172, 720575940629183643], [720575940630214564, 720575940617467712, 720575940621384212, 720575940629183643], [720575940630214564, 720575940630244367, 720575940628352850, 720575940629183643], [720575940630214564, 720575940634341587, 720575940608076739, 720575940629183643], [720575940630214564, 720575940621595051, 720575940618816054, 720575940629183643], [720575940630214564, 720575940638440051, 720575940628352850, 720575940629183643], [720575940630214564, 720575940630257051, 720575940628352850, 720575940629183643], [720575940630214564, 720575940614400780, 720575940607832754, 720575940629183643], [720575940630214564, 720575940614400780, 720575940628352850, 720575940629183643], [720575940630214564, 720575940626017917, 720575940608076739, 720575940629183643], [720575940630214564, 720575940643744968, 720575940631973207, 720575940629183643]]"
"[[720575940630214564, 720575940635116569, 720575940632043576, 720575940639021757], [720575940630214564, 720575940622147873, 720575940620082512, 720575940639021757], [720575940630214564, 720575940629552170, 720575940629204674, 720575940639021757], [720575940630214564, 720575940629552170, 720575940633803676, 720575940639021757], [720575940630214564, 720575940650920569, 720575940629204674, 720575940639021757], [720575940630214564, 720575940613191391, 720575940623166733, 720575940639021757], [720575940630214564, 720575940613191391, 720575940627548419, 720575940639021757], [720575940630214564, 720575940613191391, 720575940616670045, 720575940639021757], [720575940630214564, 720575940613191391, 720575940626619785, 720575940639021757], [720575940630214564, 720575940615769634, 720575940629204674, 720575940639021757], [720575940630214564, 720575940627783769, 720575940634825367, 720575940639021757], [720575940630214564, 720575940629204674, 720575940628577897, 720575940639021757], [720575940630214564, 720575940629204674, 720575940628567545, 720575940639021757], [720575940630214564, 720575940629204674, 720575940639021757], [720575940630214564, 720575940629204674, 720575940624344556, 720575940639021757], [720575940630214564, 720575940629204674, 720575940622712772, 720575940639021757], [720575940630214564, 720575940627455621, 720575940634825367, 720575940639021757], [720575940630214564, 720575940619679356, 720575940629204674, 720575940639021757], [720575940630214564, 720575940619679356, 720575940613636325, 720575940639021757], [720575940630214564, 720575940604745346, 720575940629204674, 720575940639021757], [720575940630214564, 720575940655587489, 720575940632815780, 720575940639021757], [720575940630214564, 720575940603930046, 720575940629204674, 720575940639021757], [720575940630214564, 720575940627008345, 720575940629204674, 720575940639021757], [720575940630214564, 720575940618149336, 720575940629204674, 720575940639021757], [720575940630214564, 720575940634341587, 720575940629204674, 720575940639021757], [720575940630214564, 720575940621595051, 720575940629204674, 720575940639021757], [720575940630214564, 720575940621595051, 720575940650798582, 720575940639021757], [720575940630214564, 720575940621595051, 720575940618816054, 720575940639021757], [720575940630214564, 720575940610293683, 720575940629204674, 720575940639021757], [720575940630214564, 720575940630257051, 720575940629204674, 720575940639021757], [720575940630214564, 720575940626017917, 720575940629204674, 720575940639021757], [720575940630214564, 720575940643744968, 720575940629204674, 720575940639021757], [720575940630214564, 720575940619233812, 720575940629204674, 720575940639021757], [720575940630214564, 720575940619233812, 720575940650798582, 720575940639021757]]"
"[[720575940630214564, 720575940627722234, 720575940607641010, 720575940622235930], [720575940630214564, 720575940635116569, 720575940627015196, 720575940622235930], [720575940630214564, 720575940622147873, 720575940646443316, 720575940622235930], [720575940630214564, 720575940613191391, 720575940646443316, 720575940622235930], [720575940630214564, 720575940613191391, 720575940615821981, 720575940622235930], [720575940630214564, 720575940613191391, 720575940624530407, 720575940622235930], [720575940630214564, 720575940629204674, 720575940646443316, 720575940622235930], [720575940630214564, 720575940629204674, 720575940615821981, 720575940622235930], [720575940630214564, 720575940629204674, 720575940611516586, 720575940622235930], [720575940630214564, 720575940629204674, 720575940624530407, 720575940622235930], [720575940630214564, 720575940619679356, 720575940612373423, 720575940622235930], [720575940630214564, 720575940619679356, 720575940613636325, 720575940622235930], [720575940630214564, 720575940655587489, 720575940632815780, 720575940622235930], [720575940630214564, 720575940632607948, 720575940605188542, 720575940622235930], [720575940630214564, 720575940632607948, 720575940620678750, 720575940622235930], [720575940630214564, 720575940632607948, 720575940640000464, 720575940622235930], [720575940630214564, 720575940622188568, 720575940626745987, 720575940622235930]]"
"[[720575940625597317, 720575940634428058, 720575940627820806, 720575940621351412], [720575940625597317, 720575940619035003, 720575940629805950, 720575940621351412], [720575940625597317, 720575940622667303, 720575940612203482, 720575940621351412], [720575940625597317, 720575940637197710, 720575940629777018, 720575940621351412], [720575940625597317, 720575940637197710, 720575940622996579, 720575940621351412], [720575940625597317, 720575940637197710, 720575940632043576, 720575940621351412], [720575940625597317, 720575940637197710, 720575940627015196, 720575940621351412], [720575940625597317, 720575940623817572, 720575940629777018, 720575940621351412], [720575940625597317, 720575940623817572, 720575940632043576, 720575940621351412], [720575940625597317, 720575940623817572, 720575940627015196, 720575940621351412], [720575940625597317, 720575940640168637, 720575940627732361, 720575940621351412], [720575940625597317, 720575940640168637, 720575940628884496, 720575940621351412], [720575940625597317, 720575940626018321, 720575940609948514, 720575940621351412], [720575940625597317, 720575940626018321, 720575940629777018, 720575940621351412]]"
"[[720575940625597317, 720575940634428058, 720575940626279486, 720575940611008718], [720575940625597317, 720575940619035003, 720575940623533459, 720575940611008718], [720575940625597317, 720575940619035003, 720575940618291174, 720575940611008718], [720575940625597317, 720575940622667303, 720575940612203482, 720575940611008718], [720575940625597317, 720575940637197710, 720575940629777018, 720575940611008718], [720575940625597317, 720575940637197710, 720575940611644529, 720575940611008718], [720575940625597317, 720575940637197710, 720575940622996579, 720575940611008718], [720575940625597317, 720575940637197710, 720575940632043576, 720575940611008718], [720575940625597317, 720575940637197710, 720575940627015196, 720575940611008718], [720575940625597317, 720575940623817572, 720575940629777018, 720575940611008718], [720575940625597317, 720575940623817572, 720575940611644529, 720575940611008718], [720575940625597317, 720575940623817572, 720575940632043576, 720575940611008718], [720575940625597317, 720575940623817572, 720575940627015196, 720575940611008718], [720575940625597317, 720575940640168637, 720575940628884496, 720575940611008718], [720575940625597317, 720575940623638968, 720575940644400675, 720575940611008718], [720575940625597317, 720575940629586417, 720575940625878160, 720575940611008718], [720575940625597317, 720575940626018321, 720575940629777018, 720575940611008718], [720575940625597317, 720575940626018321, 720575940626009852, 720575940611008718], [720575940625597317, 720575940626018321, 720575940611644529, 720575940611008718]]"
"[[720575940625597317, 720575940634428058, 720575940622066390, 720575940610792290], [720575940625597317, 720575940634428058, 720575940624366315, 720575940610792290], [720575940625597317, 720575940634428058, 720575940626279486, 720575940610792290], [720575940625597317, 720575940634428058, 720575940615715003, 720575940610792290], [720575940625597317, 720575940634428058, 720575940624342825, 720575940610792290], [720575940625597317, 720575940619035003, 720575940630868281, 720575940610792290], [720575940625597317, 720575940623817572, 720575940627360772, 720575940610792290], [720575940625597317, 720575940640168637, 720575940630868281, 720575940610792290], [720575940625597317, 720575940640168637, 720575940627652358, 720575940610792290], [720575940625597317, 720575940629586417, 720575940625878160, 720575940610792290]]"
"[[720575940625597317, 720575940634428058, 720575940626279486, 720575940620982966], [720575940625597317, 720575940634428058, 720575940615715003, 720575940620982966], [720575940625597317, 720575940634428058, 720575940605513649, 720575940620982966], [720575940625597317, 720575940619035003, 720575940629805950, 720575940620982966]]"
"[[720575940625597317, 720575940634428058, 720575940622066390, 720575940623473335], [720575940625597317, 720575940634428058, 720575940627107721, 720575940623473335], [720575940625597317, 720575940637197710, 720575940632043576, 720575940623473335], [720575940625597317, 720575940623817572, 720575940632043576, 720575940623473335]]"
"[[720575940625597317, 720575940634428058, 720575940620746478, 720575940637662697], [720575940625597317, 720575940619035003, 720575940622161366, 720575940637662697], [720575940625597317, 720575940637197710, 720575940622996579, 720575940637662697], [720575940625597317, 720575940637197710, 720575940627015196, 720575940637662697], [720575940625597317, 720575940623817572, 720575940627015196, 720575940637662697]]"
"[[720575940625597317, 720575940613641794, 720575940629461442, 720575940615596850], [720575940625597317, 720575940634428058, 720575940622066390, 720575940615596850], [720575940625597317, 720575940634428058, 720575940620746478, 720575940615596850], [720575940625597317, 720575940619035003, 720575940634388927, 720575940615596850], [720575940625597317, 720575940619035003, 720575940629461442, 720575940615596850], [720575940625597317, 720575940619035003, 720575940622161366, 720575940615596850], [720575940625597317, 720575940619035003, 720575940606564482, 720575940615596850], [720575940625597317, 720575940633968235, 720575940629461442, 720575940615596850], [720575940625597317, 720575940624052528, 720575940629461442, 720575940615596850], [720575940625597317, 720575940630356473, 720575940629461442, 720575940615596850], [720575940625597317, 720575940630099445, 720575940629461442, 720575940615596850], [720575940625597317, 720575940630048593, 720575940625119671, 720575940615596850], [720575940625597317, 720575940630048593, 720575940640908707, 720575940615596850], [720575940625597317, 720575940630048593, 720575940621368858, 720575940615596850], [720575940625597317, 720575940630048593, 720575940619998740, 720575940615596850], [720575940625597317, 720575940630048593, 720575940629461442, 720575940615596850], [720575940625597317, 720575940630854796, 720575940629461442, 720575940615596850], [720575940625597317, 720575940616817625, 720575940622760269, 720575940615596850], [720575940625597317, 720575940640168637, 720575940606564482, 720575940615596850], [720575940625597317, 720575940640168637, 720575940622235930, 720575940615596850], [720575940625597317, 720575940640168637, 720575940634388927, 720575940615596850], [720575940625597317, 720575940640168637, 720575940611516586, 720575940615596850], [720575940625597317, 720575940640168637, 720575940640908707, 720575940615596850], [720575940625597317, 720575940640168637, 720575940639179891, 720575940615596850], [720575940625597317, 720575940640168637, 720575940620686964, 720575940615596850], [720575940625597317, 720575940640168637, 720575940659709313, 720575940615596850], [720575940625597317, 720575940629586417, 720575940625878160, 720575940615596850], [720575940625597317, 720575940630176815, 720575940640908707, 720575940615596850], [720575940625597317, 720575940627373161, 720575940629461442, 720575940615596850]]"
"[[720575940625597317, 720575940634428058, 720575940622066390, 720575940629183643], [720575940625597317, 720575940619035003, 720575940638175558, 720575940629183643], [720575940625597317, 720575940640168637, 720575940625400420, 720575940629183643], [720575940625597317, 720575940640168637, 720575940634645867, 720575940629183643], [720575940625597317, 720575940640168637, 720575940611516586, 720575940629183643], [720575940625597317, 720575940640168637, 720575940638175558, 720575940629183643], [720575940625597317, 720575940640168637, 720575940616130646, 720575940629183643], [720575940625597317, 720575940629586417, 720575940635771316, 720575940629183643], [720575940625597317, 720575940629586417, 720575940619549598, 720575940629183643], [720575940625597317, 720575940629586417, 720575940638637501, 720575940629183643]]"
"[[720575940625597317, 720575940634428058, 720575940620082512, 720575940639021757], [720575940625597317, 720575940619035003, 720575940623166733, 720575940639021757], [720575940625597317, 720575940619035003, 720575940627907884, 720575940639021757], [720575940625597317, 720575940619035003, 720575940638175558, 720575940639021757], [720575940625597317, 720575940622667303, 720575940650798582, 720575940639021757], [720575940625597317, 720575940637197710, 720575940632043576, 720575940639021757], [720575940625597317, 720575940623817572, 720575940632043576, 720575940639021757], [720575940625597317, 720575940640168637, 720575940627907884, 720575940639021757], [720575940625597317, 720575940640168637, 720575940638175558, 720575940639021757]]"
"[[720575940625597317, 720575940620833974, 720575940640168637, 720575940622235930], [720575940625597317, 720575940634428058, 720575940620746478, 720575940622235930], [720575940625597317, 720575940619035003, 720575940605188542, 720575940622235930], [720575940625597317, 720575940619035003, 720575940612189480, 720575940622235930], [720575940625597317, 720575940619035003, 720575940630937660, 720575940622235930], [720575940625597317, 720575940619035003, 720575940633462829, 720575940622235930], [720575940625597317, 720575940619035003, 720575940611400470, 720575940622235930], [720575940625597317, 720575940619035003, 720575940638245399, 720575940622235930], [720575940625597317, 720575940619035003, 720575940625685770, 720575940622235930], [720575940625597317, 720575940618772719, 720575940640168637, 720575940622235930], [720575940625597317, 720575940633968235, 720575940640168637, 720575940622235930], [720575940625597317, 720575940637197710, 720575940627015196, 720575940622235930], [720575940625597317, 720575940623817572, 720575940629415936, 720575940622235930], [720575940625597317, 720575940623817572, 720575940611859570, 720575940622235930], [720575940625597317, 720575940623817572, 720575940627015196, 720575940622235930], [720575940625597317, 720575940639625635, 720575940640168637, 720575940622235930], [720575940625597317, 720575940630048593, 720575940625119671, 720575940622235930], [720575940625597317, 720575940630048593, 720575940640908707, 720575940622235930], [720575940625597317, 720575940630048593, 720575940640000464, 720575940622235930], [720575940625597317, 720575940630048593, 720575940640168637, 720575940622235930], [720575940625597317, 720575940630048593, 720575940621368858, 720575940622235930], [720575940625597317, 720575940616817625, 720575940640168637, 720575940622235930], [720575940625597317, 720575940640168637, 720575940622235930], [720575940625597317, 720575940640168637, 720575940627432680, 720575940622235930], [720575940625597317, 720575940640168637, 720575940611516586, 720575940622235930], [720575940625597317, 720575940640168637, 720575940640908707, 720575940622235930], [720575940625597317, 720575940629586417, 720575940614985878, 720575940622235930], [720575940625597317, 720575940616671813, 720575940640168637, 720575940622235930], [720575940625597317, 720575940626018321, 720575940611859570, 720575940622235930], [720575940625597317, 720575940626018321, 720575940629415936, 720575940622235930], [720575940625597317, 720575940630176815, 720575940640168637, 720575940622235930], [720575940625597317, 720575940630176815, 720575940640908707, 720575940622235930], [720575940625597317, 720575940630176815, 720575940640000464, 720575940622235930], [720575940625597317, 720575940627373161, 720575940640168637, 720575940622235930]]"
"[[720575940629552170, 720575940637458997, 720575940620054694, 720575940621351412], [720575940629552170, 720575940637458997, 720575940612203482, 720575940621351412], [720575940629552170, 720575940637458997, 720575940619625837, 720575940621351412], [720575940629552170, 720575940632044172, 720575940627263375, 720575940621351412], [720575940629552170, 720575940616633925, 720575940619654053, 720575940621351412], [720575940629552170, 720575940627799802, 720575940638989894, 720575940621351412], [720575940629552170, 720575940627799802, 720575940630758418, 720575940621351412], [720575940629552170, 720575940631388589, 720575940627732361, 720575940621351412], [720575940629552170, 720575940631388589, 720575940627691458, 720575940621351412], [720575940629552170, 720575940655587489, 720575940630758418, 720575940621351412], [720575940629552170, 720575940628942340, 720575940619654053, 720575940621351412], [720575940629552170, 720575940635116569, 720575940619654053, 720575940621351412], [720575940629552170, 720575940635116569, 720575940620054694, 720575940621351412], [720575940629552170, 720575940635116569, 720575940632043576, 720575940621351412], [720575940629552170, 720575940635116569, 720575940627015196, 720575940621351412], [720575940629552170, 720575940635116569, 720575940619625837, 720575940621351412], [720575940629552170, 720575940634341587, 720575940619110347, 720575940621351412], [720575940629552170, 720575940613191391, 720575940637663662, 720575940621351412], [720575940629552170, 720575940622112353, 720575940619654053, 720575940621351412], [720575940629552170, 720575940614190242, 720575940619110347, 720575940621351412], [720575940629552170, 720575940629204674, 720575940627645514, 720575940621351412], [720575940629552170, 720575940633803676, 720575940619110347, 720575940621351412], [720575940629552170, 720575940614018060, 720575940629805950, 720575940621351412], [720575940629552170, 720575940617467712, 720575940620054694, 720575940621351412], [720575940629552170, 720575940617467712, 720575940626901136, 720575940621351412], [720575940629552170, 720575940617467712, 720575940619654053, 720575940621351412], [720575940629552170, 720575940615698315, 720575940619110347, 720575940621351412]]"
"[[720575940629552170, 720575940637458997, 720575940620054694, 720575940611008718], [720575940629552170, 720575940637458997, 720575940612203482, 720575940611008718], [720575940629552170, 720575940637458997, 720575940619625837, 720575940611008718], [720575940629552170, 720575940616633925, 720575940642545883, 720575940611008718], [720575940629552170, 720575940616633925, 720575940627469394, 720575940611008718], [720575940629552170, 720575940616633925, 720575940626009852, 720575940611008718], [720575940629552170, 720575940616633925, 720575940625809539, 720575940611008718], [720575940629552170, 720575940627799802, 720575940638989894, 720575940611008718], [720575940629552170, 720575940631388589, 720575940627691458, 720575940611008718], [720575940629552170, 720575940635116569, 720575940620054694, 720575940611008718], [720575940629552170, 720575940635116569, 720575940632043576, 720575940611008718], [720575940629552170, 720575940635116569, 720575940627015196, 720575940611008718], [720575940629552170, 720575940635116569, 720575940619625837, 720575940611008718], [720575940629552170, 720575940627455621, 720575940627469394, 720575940611008718], [720575940629552170, 720575940627455621, 720575940642545883, 720575940611008718], [720575940629552170, 720575940613191391, 720575940623533459, 720575940611008718], [720575940629552170, 720575940613191391, 720575940618574749, 720575940611008718], [720575940629552170, 720575940629204674, 720575940627645514, 720575940611008718], [720575940629552170, 720575940614018060, 720575940626009852, 720575940611008718], [720575940629552170, 720575940617467712, 720575940620054694, 720575940611008718], [720575940629552170, 720575940617467712, 720575940626901136, 720575940611008718]]"
"[[720575940629552170, 720575940637458997, 720575940619625837, 720575940610792290], [720575940629552170, 720575940632574946, 720575940627360772, 720575940610792290], [720575940629552170, 720575940632574946, 720575940622168052, 720575940610792290], [720575940629552170, 720575940635116569, 720575940619625837, 720575940610792290], [720575940629552170, 720575940610091955, 720575940627360772, 720575940610792290], [720575940629552170, 720575940627722234, 720575940627360772, 720575940610792290], [720575940629552170, 720575940627722234, 720575940624342825, 720575940610792290], [720575940629552170, 720575940613191391, 720575940618574749, 720575940610792290]]"
"[[720575940629552170, 720575940637458997, 720575940619625837, 720575940620982966], [720575940629552170, 720575940635116569, 720575940619625837, 720575940620982966], [720575940629552170, 720575940613191391, 720575940618574749, 720575940620982966], [720575940629552170, 720575940614018060, 720575940629805950, 720575940620982966]]"
"[[720575940629552170, 720575940635116569, 720575940632043576, 720575940623473335], [720575940629552170, 720575940613191391, 720575940620541099, 720575940623473335], [720575940629552170, 720575940617467712, 720575940626901136, 720575940623473335]]"
"[[720575940629552170, 720575940635116569, 720575940627015196, 720575940637662697], [720575940629552170, 720575940627722234, 720575940645352814, 720575940637662697]]"
"[[720575940629552170, 720575940616633925, 720575940632189900, 720575940615596850], [720575940629552170, 720575940631388589, 720575940629461442, 720575940615596850], [720575940629552170, 720575940655587489, 720575940610199781, 720575940615596850], [720575940629552170, 720575940655587489, 720575940631721785, 720575940615596850], [720575940629552170, 720575940655587489, 720575940627801877, 720575940615596850], [720575940629552170, 720575940655587489, 720575940606084444, 720575940615596850], [720575940629552170, 720575940655587489, 720575940619681006, 720575940615596850], [720575940629552170, 720575940627455621, 720575940632189900, 720575940615596850], [720575940629552170, 720575940627455621, 720575940628132745, 720575940615596850], [720575940629552170, 720575940629204674, 720575940639179891, 720575940615596850], [720575940629552170, 720575940629204674, 720575940611516586, 720575940615596850], [720575940629552170, 720575940633803676, 720575940624651189, 720575940615596850], [720575940629552170, 720575940614018060, 720575940629461442, 720575940615596850]]"
"[[720575940629552170, 720575940620013044, 720575940634825367, 720575940629183643], [720575940629552170, 720575940630257051, 720575940628352850, 720575940629183643], [720575940629552170, 720575940637458997, 720575940628456553, 720575940629183643], [720575940629552170, 720575940637458997, 720575940621384212, 720575940629183643], [720575940629552170, 720575940637458997, 720575940623455239, 720575940629183643], [720575940629552170, 720575940616633925, 720575940635952782, 720575940629183643], [720575940629552170, 720575940616633925, 720575940632189900, 720575940629183643], [720575940629552170, 720575940627799802, 720575940630758418, 720575940629183643], [720575940629552170, 720575940655587489, 720575940635952782, 720575940629183643], [720575940629552170, 720575940655587489, 720575940630758418, 720575940629183643], [720575940629552170, 720575940655587489, 720575940624095172, 720575940629183643], [720575940629552170, 720575940606919602, 720575940628352850, 720575940629183643], [720575940629552170, 720575940643744968, 720575940631973207, 720575940629183643], [720575940629552170, 720575940624226318, 720575940628352850, 720575940629183643], [720575940629552170, 720575940613120618, 720575940616390261, 720575940629183643], [720575940629552170, 720575940621595051, 720575940618816054, 720575940629183643], [720575940629552170, 720575940635116569, 720575940621384212, 720575940629183643], [720575940629552170, 720575940634341587, 720575940608076739, 720575940629183643], [720575940629552170, 720575940627455621, 720575940634825367, 720575940629183643], [720575940629552170, 720575940627455621, 720575940635952782, 720575940629183643], [720575940629552170, 720575940627455621, 720575940632189900, 720575940629183643], [720575940629552170, 720575940627455621, 720575940628132745, 720575940629183643], [720575940629552170, 720575940613191391, 720575940632032460, 720575940629183643], [720575940629552170, 720575940613191391, 720575940625050256, 720575940629183643], [720575940629552170, 720575940613191391, 720575940628352850, 720575940629183643], [720575940629552170, 720575940613191391, 720575940621384212, 720575940629183643], [720575940629552170, 720575940613191391, 720575940624082931, 720575940629183643], [720575940629552170, 720575940613191391, 720575940620541099, 720575940629183643], [720575940629552170, 720575940626017917, 720575940608076739, 720575940629183643], [720575940629552170, 720575940622112353, 720575940628352850, 720575940629183643], [720575940629552170, 720575940614190242, 720575940628352850, 720575940629183643], [720575940629552170, 720575940604745346, 720575940631973207, 720575940629183643], [720575940629552170, 720575940629204674, 720575940621384212, 720575940629183643], [720575940629552170, 720575940629204674, 720575940628456553, 720575940629183643], [720575940629552170, 720575940629204674, 720575940611516586, 720575940629183643], [720575940629552170, 720575940629204674, 720575940632032460, 720575940629183643], [720575940629552170, 720575940629204674, 720575940625400420, 720575940629183643], [720575940629552170, 720575940629204674, 720575940634645867, 720575940629183643], [720575940629552170, 720575940629204674, 720575940625050256, 720575940629183643], [720575940629552170, 720575940629204674, 720575940611385806, 720575940629183643], [720575940629552170, 720575940629204674, 720575940615484063, 720575940629183643], [720575940629552170, 720575940633803676, 720575940618051801, 720575940629183643], [720575940629552170, 720575940633803676, 720575940632032460, 720575940629183643], [720575940629552170, 720575940633803676, 720575940624651189, 720575940629183643], [720575940629552170, 720575940633803676, 720575940643045911, 720575940629183643], [720575940629552170, 720575940633803676, 720575940631973207, 720575940629183643], [720575940629552170, 720575940630244367, 720575940628352850, 720575940629183643], [720575940629552170, 720575940617467712, 720575940621384212, 720575940629183643]]"
"[[720575940629552170, 720575940603930046, 720575940629204674, 720575940639021757], [720575940629552170, 720575940615769634, 720575940629204674, 720575940639021757], [720575940629552170, 720575940630214564, 720575940629204674, 720575940639021757], [720575940629552170, 720575940620013044, 720575940634825367, 720575940639021757], [720575940629552170, 720575940630257051, 720575940629204674, 720575940639021757], [720575940629552170, 720575940655587489, 720575940632815780, 720575940639021757], [720575940629552170, 720575940643744968, 720575940629204674, 720575940639021757], [720575940629552170, 720575940621595051, 720575940629204674, 720575940639021757], [720575940629552170, 720575940621595051, 720575940650798582, 720575940639021757], [720575940629552170, 720575940621595051, 720575940618816054, 720575940639021757], [720575940629552170, 720575940635116569, 720575940632043576, 720575940639021757], [720575940629552170, 720575940634341587, 720575940629204674, 720575940639021757], [720575940629552170, 720575940627455621, 720575940634825367, 720575940639021757], [720575940629552170, 720575940613191391, 720575940623166733, 720575940639021757], [720575940629552170, 720575940613191391, 720575940627548419, 720575940639021757], [720575940629552170, 720575940613191391, 720575940616670045, 720575940639021757], [720575940629552170, 720575940613191391, 720575940626619785, 720575940639021757], [720575940629552170, 720575940619679356, 720575940629204674, 720575940639021757], [720575940629552170, 720575940619679356, 720575940613636325, 720575940639021757], [720575940629552170, 720575940626017917, 720575940629204674, 720575940639021757], [720575940629552170, 720575940604745346, 720575940629204674, 720575940639021757], [720575940629552170, 720575940629204674, 720575940628577897, 720575940639021757], [720575940629552170, 720575940629204674, 720575940628567545, 720575940639021757], [720575940629552170, 720575940629204674, 720575940639021757], [720575940629552170, 720575940629204674, 720575940624344556, 720575940639021757], [720575940629552170, 720575940629204674, 720575940622712772, 720575940639021757], [720575940629552170, 720575940633803676, 720575940627907884, 720575940639021757], [720575940629552170, 720575940633803676, 720575940609347595, 720575940639021757], [720575940629552170, 720575940633803676, 720575940639021757], [720575940629552170, 720575940633803676, 720575940628567545, 720575940639021757], [720575940629552170, 720575940619233812, 720575940629204674, 720575940639021757], [720575940629552170, 720575940619233812, 720575940650798582, 720575940639021757]]"
"[[720575940629552170, 720575940627799802, 720575940640168637, 720575940622235930], [720575940629552170, 720575940627799802, 720575940617279489, 720575940622235930], [720575940629552170, 720575940627799802, 720575940638989894, 720575940622235930], [720575940629552170, 720575940632574946, 720575940607641010, 720575940622235930], [720575940629552170, 720575940655587489, 720575940632815780, 720575940622235930], [720575940629552170, 720575940628942340, 720575940627432680, 720575940622235930], [720575940629552170, 720575940632607948, 720575940605188542, 720575940622235930], [720575940629552170, 720575940632607948, 720575940620678750, 720575940622235930], [720575940629552170, 720575940632607948, 720575940640000464, 720575940622235930], [720575940629552170, 720575940635116569, 720575940627015196, 720575940622235930], [720575940629552170, 720575940627722234, 720575940607641010, 720575940622235930], [720575940629552170, 720575940613191391, 720575940646443316, 720575940622235930], [720575940629552170, 720575940613191391, 720575940615821981, 720575940622235930], [720575940629552170, 720575940613191391, 720575940624530407, 720575940622235930], [720575940629552170, 720575940619679356, 720575940612373423, 720575940622235930], [720575940629552170, 720575940619679356, 720575940613636325, 720575940622235930], [720575940629552170, 720575940629204674, 720575940646443316, 720575940622235930], [720575940629552170, 720575940629204674, 720575940615821981, 720575940622235930], [720575940629552170, 720575940629204674, 720575940611516586, 720575940622235930], [720575940629552170, 720575940629204674, 720575940624530407, 720575940622235930], [720575940629552170, 720575940633803676, 720575940624530407, 720575940622235930], [720575940629552170, 720575940614018060, 720575940620678750, 720575940622235930]]"
"[[720575940618772719, 720575940634428058, 720575940627820806, 720575940621351412], [720575940618772719, 720575940640168637, 720575940627732361, 720575940621351412], [720575940618772719, 720575940640168637, 720575940628884496, 720575940621351412], [720575940618772719, 720575940619035003, 720575940629805950, 720575940621351412], [720575940618772719, 720575940622667303, 720575940612203482, 720575940621351412], [720575940618772719, 720575940637197710, 720575940629777018, 720575940621351412], [720575940618772719, 720575940637197710, 720575940622996579, 720575940621351412], [720575940618772719, 720575940637197710, 720575940632043576, 720575940621351412], [720575940618772719, 720575940637197710, 720575940627015196, 720575940621351412], [720575940618772719, 720575940626018321, 720575940609948514, 720575940621351412], [720575940618772719, 720575940626018321, 720575940629777018, 720575940621351412], [720575940618772719, 720575940623817572, 720575940629777018, 720575940621351412], [720575940618772719, 720575940623817572, 720575940632043576, 720575940621351412], [720575940618772719, 720575940623817572, 720575940627015196, 720575940621351412], [720575940618772719, 720575940624201033, 720575940625870640, 720575940621351412], [720575940618772719, 720575940607619273, 720575940627015196, 720575940621351412]]"
"[[720575940618772719, 720575940634428058, 720575940626279486, 720575940611008718], [720575940618772719, 720575940640168637, 720575940628884496, 720575940611008718], [720575940618772719, 720575940619035003, 720575940623533459, 720575940611008718], [720575940618772719, 720575940619035003, 720575940618291174, 720575940611008718], [720575940618772719, 720575940622667303, 720575940612203482, 720575940611008718], [720575940618772719, 720575940637197710, 720575940629777018, 720575940611008718], [720575940618772719, 720575940637197710, 720575940611644529, 720575940611008718], [720575940618772719, 720575940637197710, 720575940622996579, 720575940611008718], [720575940618772719, 720575940637197710, 720575940632043576, 720575940611008718], [720575940618772719, 720575940637197710, 720575940627015196, 720575940611008718], [720575940618772719, 720575940626018321, 720575940629777018, 720575940611008718], [720575940618772719, 720575940626018321, 720575940626009852, 720575940611008718], [720575940618772719, 720575940626018321, 720575940611644529, 720575940611008718], [720575940618772719, 720575940623817572, 720575940629777018, 720575940611008718], [720575940618772719, 720575940623817572, 720575940611644529, 720575940611008718], [720575940618772719, 720575940623817572, 720575940632043576, 720575940611008718], [720575940618772719, 720575940623817572, 720575940627015196, 720575940611008718], [720575940618772719, 720575940624201033, 720575940611644529, 720575940611008718], [720575940618772719, 720575940607619273, 720575940627015196, 720575940611008718], [720575940618772719, 720575940607619273, 720575940611644529, 720575940611008718], [720575940618772719, 720575940623638968, 720575940644400675, 720575940611008718], [720575940618772719, 720575940629586417, 720575940625878160, 720575940611008718], [720575940618772719, 720575940610981489, 720575940611644529, 720575940611008718]]"
"[[720575940618772719, 720575940634428058, 720575940622066390, 720575940610792290], [720575940618772719, 720575940634428058, 720575940624366315, 720575940610792290], [720575940618772719, 720575940634428058, 720575940626279486, 720575940610792290], [720575940618772719, 720575940634428058, 720575940615715003, 720575940610792290], [720575940618772719, 720575940634428058, 720575940624342825, 720575940610792290], [720575940618772719, 720575940640168637, 720575940630868281, 720575940610792290], [720575940618772719, 720575940640168637, 720575940627652358, 720575940610792290], [720575940618772719, 720575940619035003, 720575940630868281, 720575940610792290], [720575940618772719, 720575940623817572, 720575940627360772, 720575940610792290], [720575940618772719, 720575940624201033, 720575940610872014, 720575940610792290], [720575940618772719, 720575940629586417, 720575940625878160, 720575940610792290]]"
"[[720575940618772719, 720575940634428058, 720575940626279486, 720575940620982966], [720575940618772719, 720575940634428058, 720575940615715003, 720575940620982966], [720575940618772719, 720575940634428058, 720575940605513649, 720575940620982966], [720575940618772719, 720575940619035003, 720575940629805950, 720575940620982966], [720575940618772719, 720575940624201033, 720575940610872014, 720575940620982966]]"
"[[720575940618772719, 720575940634428058, 720575940622066390, 720575940623473335], [720575940618772719, 720575940634428058, 720575940627107721, 720575940623473335], [720575940618772719, 720575940637197710, 720575940632043576, 720575940623473335], [720575940618772719, 720575940623817572, 720575940632043576, 720575940623473335], [720575940618772719, 720575940624201033, 720575940625306603, 720575940623473335]]"
"[[720575940618772719, 720575940634428058, 720575940620746478, 720575940637662697], [720575940618772719, 720575940619035003, 720575940622161366, 720575940637662697], [720575940618772719, 720575940637197710, 720575940622996579, 720575940637662697], [720575940618772719, 720575940637197710, 720575940627015196, 720575940637662697], [720575940618772719, 720575940623817572, 720575940627015196, 720575940637662697], [720575940618772719, 720575940624201033, 720575940610872014, 720575940637662697], [720575940618772719, 720575940607619273, 720575940627015196, 720575940637662697]]"
"[[720575940618772719, 720575940630048593, 720575940625119671, 720575940615596850], [720575940618772719, 720575940630048593, 720575940640908707, 720575940615596850], [720575940618772719, 720575940630048593, 720575940621368858, 720575940615596850], [720575940618772719, 720575940630048593, 720575940619998740, 720575940615596850], [720575940618772719, 720575940630048593, 720575940629461442, 720575940615596850], [720575940618772719, 720575940630356473, 720575940629461442, 720575940615596850], [720575940618772719, 720575940634428058, 720575940622066390, 720575940615596850], [720575940618772719, 720575940634428058, 720575940620746478, 720575940615596850], [720575940618772719, 720575940613641794, 720575940629461442, 720575940615596850], [720575940618772719, 720575940640168637, 720575940606564482, 720575940615596850], [720575940618772719, 720575940640168637, 720575940622235930, 720575940615596850], [720575940618772719, 720575940640168637, 720575940634388927, 720575940615596850], [720575940618772719, 720575940640168637, 720575940611516586, 720575940615596850], [720575940618772719, 720575940640168637, 720575940640908707, 720575940615596850], [720575940618772719, 720575940640168637, 720575940639179891, 720575940615596850], [720575940618772719, 720575940640168637, 720575940620686964, 720575940615596850], [720575940618772719, 720575940640168637, 720575940659709313, 720575940615596850], [720575940618772719, 720575940619035003, 720575940634388927, 720575940615596850], [720575940618772719, 720575940619035003, 720575940629461442, 720575940615596850], [720575940618772719, 720575940619035003, 720575940622161366, 720575940615596850], [720575940618772719, 720575940619035003, 720575940606564482, 720575940615596850], [720575940618772719, 720575940624052528, 720575940629461442, 720575940615596850], [720575940618772719, 720575940633968235, 720575940629461442, 720575940615596850], [720575940618772719, 720575940630176815, 720575940640908707, 720575940615596850], [720575940618772719, 720575940644342551, 720575940629461442, 720575940615596850], [720575940618772719, 720575940624201033, 720575940610872014, 720575940615596850], [720575940618772719, 720575940630099445, 720575940629461442, 720575940615596850], [720575940618772719, 720575940619623083, 720575940622760269, 720575940615596850], [720575940618772719, 720575940616817625, 720575940622760269, 720575940615596850], [720575940618772719, 720575940629586417, 720575940625878160, 720575940615596850], [720575940618772719, 720575940627373161, 720575940629461442, 720575940615596850], [720575940618772719, 720575940610981489, 720575940638088511, 720575940615596850]]"
"[[720575940618772719, 720575940634428058, 720575940622066390, 720575940629183643], [720575940618772719, 720575940640168637, 720575940625400420, 720575940629183643], [720575940618772719, 720575940640168637, 720575940634645867, 720575940629183643], [720575940618772719, 720575940640168637, 720575940611516586, 720575940629183643], [720575940618772719, 720575940640168637, 720575940638175558, 720575940629183643], [720575940618772719, 720575940640168637, 720575940616130646, 720575940629183643], [720575940618772719, 720575940619035003, 720575940638175558, 720575940629183643], [720575940618772719, 720575940624201033, 720575940625306603, 720575940629183643], [720575940618772719, 720575940629586417, 720575940635771316, 720575940629183643], [720575940618772719, 720575940629586417, 720575940619549598, 720575940629183643], [720575940618772719, 720575940629586417, 720575940638637501, 720575940629183643], [720575940618772719, 720575940610981489, 720575940638088511, 720575940629183643]]"
"[[720575940618772719, 720575940634428058, 720575940620082512, 720575940639021757], [720575940618772719, 720575940640168637, 720575940627907884, 720575940639021757], [720575940618772719, 720575940640168637, 720575940638175558, 720575940639021757], [720575940618772719, 720575940619035003, 720575940623166733, 720575940639021757], [720575940618772719, 720575940619035003, 720575940627907884, 720575940639021757], [720575940618772719, 720575940619035003, 720575940638175558, 720575940639021757], [720575940618772719, 720575940622667303, 720575940650798582, 720575940639021757], [720575940618772719, 720575940637197710, 720575940632043576, 720575940639021757], [720575940618772719, 720575940623817572, 720575940632043576, 720575940639021757]]"
"[[720575940618772719, 720575940620833974, 720575940640168637, 720575940622235930], [720575940618772719, 720575940625597317, 720575940640168637, 720575940622235930], [720575940618772719, 720575940630048593, 720575940625119671, 720575940622235930], [720575940618772719, 720575940630048593, 720575940640908707, 720575940622235930], [720575940618772719, 720575940630048593, 720575940640000464, 720575940622235930], [720575940618772719, 720575940630048593, 720575940640168637, 720575940622235930], [720575940618772719, 720575940630048593, 720575940621368858, 720575940622235930], [720575940618772719, 720575940634428058, 720575940620746478, 720575940622235930], [720575940618772719, 720575940626990086, 720575940640168637, 720575940622235930], [720575940618772719, 720575940640168637, 720575940622235930], [720575940618772719, 720575940640168637, 720575940627432680, 720575940622235930], [720575940618772719, 720575940640168637, 720575940611516586, 720575940622235930], [720575940618772719, 720575940640168637, 720575940640908707, 720575940622235930], [720575940618772719, 720575940619035003, 720575940605188542, 720575940622235930], [720575940618772719, 720575940619035003, 720575940612189480, 720575940622235930], [720575940618772719, 720575940619035003, 720575940630937660, 720575940622235930], [720575940618772719, 720575940619035003, 720575940633462829, 720575940622235930], [720575940618772719, 720575940619035003, 720575940611400470, 720575940622235930], [720575940618772719, 720575940619035003, 720575940638245399, 720575940622235930], [720575940618772719, 720575940619035003, 720575940625685770, 720575940622235930], [720575940618772719, 720575940633968235, 720575940640168637, 720575940622235930], [720575940618772719, 720575940637197710, 720575940627015196, 720575940622235930], [720575940618772719, 720575940626018321, 720575940611859570, 720575940622235930], [720575940618772719, 720575940626018321, 720575940629415936, 720575940622235930], [720575940618772719, 720575940623817572, 720575940629415936, 720575940622235930], [720575940618772719, 720575940623817572, 720575940611859570, 720575940622235930], [720575940618772719, 720575940623817572, 720575940627015196, 720575940622235930], [720575940618772719, 720575940631968855, 720575940640168637, 720575940622235930], [720575940618772719, 720575940630176815, 720575940640168637, 720575940622235930], [720575940618772719, 720575940630176815, 720575940640908707, 720575940622235930], [720575940618772719, 720575940630176815, 720575940640000464, 720575940622235930], [720575940618772719, 720575940616671813, 720575940640168637, 720575940622235930], [720575940618772719, 720575940607619273, 720575940627015196, 720575940622235930], [720575940618772719, 720575940619623083, 720575940640168637, 720575940622235930], [720575940618772719, 720575940615768861, 720575940640168637, 720575940622235930], [720575940618772719, 720575940615768861, 720575940640000464, 720575940622235930], [720575940618772719, 720575940616817625, 720575940640168637, 720575940622235930], [720575940618772719, 720575940629586417, 720575940614985878, 720575940622235930], [720575940618772719, 720575940639625635, 720575940640168637, 720575940622235930], [720575940618772719, 720575940613812546, 720575940640168637, 720575940622235930], [720575940618772719, 720575940627373161, 720575940640168637, 720575940622235930]]"
"[[720575940627027087, 720575940610116581, 720575940612203482, 720575940621351412], [720575940627027087, 720575940610116581, 720575940619654053, 720575940621351412], [720575940627027087, 720575940626018321, 720575940609948514, 720575940621351412], [720575940627027087, 720575940626018321, 720575940629777018, 720575940621351412], [720575940627027087, 720575940640168637, 720575940627732361, 720575940621351412], [720575940627027087, 720575940640168637, 720575940628884496, 720575940621351412], [720575940627027087, 720575940622667303, 720575940612203482, 720575940621351412], [720575940627027087, 720575940619035003, 720575940629805950, 720575940621351412], [720575940627027087, 720575940637197710, 720575940629777018, 720575940621351412], [720575940627027087, 720575940637197710, 720575940622996579, 720575940621351412], [720575940627027087, 720575940637197710, 720575940632043576, 720575940621351412], [720575940627027087, 720575940637197710, 720575940627015196, 720575940621351412], [720575940627027087, 720575940623817572, 720575940629777018, 720575940621351412], [720575940627027087, 720575940623817572, 720575940632043576, 720575940621351412], [720575940627027087, 720575940623817572, 720575940627015196, 720575940621351412], [720575940627027087, 720575940617431325, 720575940612203482, 720575940621351412], [720575940627027087, 720575940607619273, 720575940627015196, 720575940621351412]]"
"[[720575940627027087, 720575940610116581, 720575940612203482, 720575940611008718], [720575940627027087, 720575940626018321, 720575940629777018, 720575940611008718], [720575940627027087, 720575940626018321, 720575940626009852, 720575940611008718], [720575940627027087, 720575940626018321, 720575940611644529, 720575940611008718], [720575940627027087, 720575940630244911, 720575940611644529, 720575940611008718], [720575940627027087, 720575940640168637, 720575940628884496, 720575940611008718], [720575940627027087, 720575940622667303, 720575940612203482, 720575940611008718], [720575940627027087, 720575940619035003, 720575940623533459, 720575940611008718], [720575940627027087, 720575940619035003, 720575940618291174, 720575940611008718], [720575940627027087, 720575940637197710, 720575940629777018, 720575940611008718], [720575940627027087, 720575940637197710, 720575940611644529, 720575940611008718], [720575940627027087, 720575940637197710, 720575940622996579, 720575940611008718], [720575940627027087, 720575940637197710, 720575940632043576, 720575940611008718], [720575940627027087, 720575940637197710, 720575940627015196, 720575940611008718], [720575940627027087, 720575940623817572, 720575940629777018, 720575940611008718], [720575940627027087, 720575940623817572, 720575940611644529, 720575940611008718], [720575940627027087, 720575940623817572, 720575940632043576, 720575940611008718], [720575940627027087, 720575940623817572, 720575940627015196, 720575940611008718], [720575940627027087, 720575940618231205, 720575940611644529, 720575940611008718], [720575940627027087, 720575940617431325, 720575940644488727, 720575940611008718], [720575940627027087, 720575940617431325, 720575940611644529, 720575940611008718], [720575940627027087, 720575940617431325, 720575940626009852, 720575940611008718], [720575940627027087, 720575940617431325, 720575940612203482, 720575940611008718], [720575940627027087, 720575940607619273, 720575940627015196, 720575940611008718], [720575940627027087, 720575940607619273, 720575940611644529, 720575940611008718], [720575940627027087, 720575940629586417, 720575940625878160, 720575940611008718], [720575940627027087, 720575940623638968, 720575940644400675, 720575940611008718]]"
"[[720575940627027087, 720575940610116581, 720575940646814340, 720575940610792290], [720575940627027087, 720575940640168637, 720575940630868281, 720575940610792290], [720575940627027087, 720575940640168637, 720575940627652358, 720575940610792290], [720575940627027087, 720575940619035003, 720575940630868281, 720575940610792290], [720575940627027087, 720575940623817572, 720575940627360772, 720575940610792290], [720575940627027087, 720575940629586417, 720575940625878160, 720575940610792290]]"
"[[720575940627027087, 720575940629139968, 720575940628129129, 720575940620982966], [720575940627027087, 720575940619035003, 720575940629805950, 720575940620982966]]"
"[[720575940627027087, 720575940637197710, 720575940632043576, 720575940623473335], [720575940627027087, 720575940623817572, 720575940632043576, 720575940623473335]]"
"[[720575940627027087, 720575940619035003, 720575940622161366, 720575940637662697], [720575940627027087, 720575940637197710, 720575940622996579, 720575940637662697], [720575940627027087, 720575940637197710, 720575940627015196, 720575940637662697], [720575940627027087, 720575940623817572, 720575940627015196, 720575940637662697], [720575940627027087, 720575940607619273, 720575940627015196, 720575940637662697]]"
"[[720575940627027087, 720575940616817625, 720575940622760269, 720575940615596850], [720575940627027087, 720575940615550905, 720575940640908707, 720575940615596850], [720575940627027087, 720575940630048593, 720575940625119671, 720575940615596850], [720575940627027087, 720575940630048593, 720575940640908707, 720575940615596850], [720575940627027087, 720575940630048593, 720575940621368858, 720575940615596850], [720575940627027087, 720575940630048593, 720575940619998740, 720575940615596850], [720575940627027087, 720575940630048593, 720575940629461442, 720575940615596850], [720575940627027087, 720575940630176815, 720575940640908707, 720575940615596850], [720575940627027087, 720575940630356473, 720575940629461442, 720575940615596850], [720575940627027087, 720575940640168637, 720575940606564482, 720575940615596850], [720575940627027087, 720575940640168637, 720575940622235930, 720575940615596850], [720575940627027087, 720575940640168637, 720575940634388927, 720575940615596850], [720575940627027087, 720575940640168637, 720575940611516586, 720575940615596850], [720575940627027087, 720575940640168637, 720575940640908707, 720575940615596850], [720575940627027087, 720575940640168637, 720575940639179891, 720575940615596850], [720575940627027087, 720575940640168637, 720575940620686964, 720575940615596850], [720575940627027087, 720575940640168637, 720575940659709313, 720575940615596850], [720575940627027087, 720575940627373161, 720575940629461442, 720575940615596850], [720575940627027087, 720575940613641794, 720575940629461442, 720575940615596850], [720575940627027087, 720575940619035003, 720575940634388927, 720575940615596850], [720575940627027087, 720575940619035003, 720575940629461442, 720575940615596850], [720575940627027087, 720575940619035003, 720575940622161366, 720575940615596850], [720575940627027087, 720575940619035003, 720575940606564482, 720575940615596850], [720575940627027087, 720575940619623083, 720575940622760269, 720575940615596850], [720575940627027087, 720575940635960292, 720575940629461442, 720575940615596850], [720575940627027087, 720575940644342551, 720575940629461442, 720575940615596850], [720575940627027087, 720575940633968235, 720575940629461442, 720575940615596850], [720575940627027087, 720575940617431325, 720575940640908707, 720575940615596850], [720575940627027087, 720575940617431325, 720575940628132745, 720575940615596850], [720575940627027087, 720575940629586417, 720575940625878160, 720575940615596850], [720575940627027087, 720575940624052528, 720575940629461442, 720575940615596850]]"
"[[720575940627027087, 720575940610116581, 720575940628352850, 720575940629183643], [720575940627027087, 720575940610116581, 720575940644494752, 720575940629183643], [720575940627027087, 720575940640168637, 720575940625400420, 720575940629183643], [720575940627027087, 720575940640168637, 720575940634645867, 720575940629183643], [720575940627027087, 720575940640168637, 720575940611516586, 720575940629183643], [720575940627027087, 720575940640168637, 720575940638175558, 720575940629183643], [720575940627027087, 720575940640168637, 720575940616130646, 720575940629183643], [720575940627027087, 720575940619035003, 720575940638175558, 720575940629183643], [720575940627027087, 720575940617431325, 720575940628132745, 720575940629183643], [720575940627027087, 720575940629586417, 720575940635771316, 720575940629183643], [720575940627027087, 720575940629586417, 720575940619549598, 720575940629183643], [720575940627027087, 720575940629586417, 720575940638637501, 720575940629183643]]"
"[[720575940627027087, 720575940610116581, 720575940650798582, 720575940639021757], [720575940627027087, 720575940640168637, 720575940627907884, 720575940639021757], [720575940627027087, 720575940640168637, 720575940638175558, 720575940639021757], [720575940627027087, 720575940629139968, 720575940628129129, 720575940639021757], [720575940627027087, 720575940629139968, 720575940626191818, 720575940639021757], [720575940627027087, 720575940622667303, 720575940650798582, 720575940639021757], [720575940627027087, 720575940619035003, 720575940623166733, 720575940639021757], [720575940627027087, 720575940619035003, 720575940627907884, 720575940639021757], [720575940627027087, 720575940619035003, 720575940638175558, 720575940639021757], [720575940627027087, 720575940637197710, 720575940632043576, 720575940639021757], [720575940627027087, 720575940623817572, 720575940632043576, 720575940639021757], [720575940627027087, 720575940617431325, 720575940629204674, 720575940639021757]]"
"[[720575940627027087, 720575940626018321, 720575940611859570, 720575940622235930], [720575940627027087, 720575940626018321, 720575940629415936, 720575940622235930], [720575940627027087, 720575940620833974, 720575940640168637, 720575940622235930], [720575940627027087, 720575940616817625, 720575940640168637, 720575940622235930], [720575940627027087, 720575940615550905, 720575940640908707, 720575940622235930], [720575940627027087, 720575940630048593, 720575940625119671, 720575940622235930], [720575940627027087, 720575940630048593, 720575940640908707, 720575940622235930], [720575940627027087, 720575940630048593, 720575940640000464, 720575940622235930], [720575940627027087, 720575940630048593, 720575940640168637, 720575940622235930], [720575940627027087, 720575940630048593, 720575940621368858, 720575940622235930], [720575940627027087, 720575940618772719, 720575940640168637, 720575940622235930], [720575940627027087, 720575940630176815, 720575940640168637, 720575940622235930], [720575940627027087, 720575940630176815, 720575940640908707, 720575940622235930], [720575940627027087, 720575940630176815, 720575940640000464, 720575940622235930], [720575940627027087, 720575940640168637, 720575940622235930], [720575940627027087, 720575940640168637, 720575940627432680, 720575940622235930], [720575940627027087, 720575940640168637, 720575940611516586, 720575940622235930], [720575940627027087, 720575940640168637, 720575940640908707, 720575940622235930], [720575940627027087, 720575940627373161, 720575940640168637, 720575940622235930], [720575940627027087, 720575940619035003, 720575940605188542, 720575940622235930], [720575940627027087, 720575940619035003, 720575940612189480, 720575940622235930], [720575940627027087, 720575940619035003, 720575940630937660, 720575940622235930], [720575940627027087, 720575940619035003, 720575940633462829, 720575940622235930], [720575940627027087, 720575940619035003, 720575940611400470, 720575940622235930], [720575940627027087, 720575940619035003, 720575940638245399, 720575940622235930], [720575940627027087, 720575940619035003, 720575940625685770, 720575940622235930], [720575940627027087, 720575940619623083, 720575940640168637, 720575940622235930], [720575940627027087, 720575940637197710, 720575940627015196, 720575940622235930], [720575940627027087, 720575940639625635, 720575940640168637, 720575940622235930], [720575940627027087, 720575940623817572, 720575940629415936, 720575940622235930], [720575940627027087, 720575940623817572, 720575940611859570, 720575940622235930], [720575940627027087, 720575940623817572, 720575940627015196, 720575940622235930], [720575940627027087, 720575940629840655, 720575940640168637, 720575940622235930], [720575940627027087, 720575940615768861, 720575940640168637, 720575940622235930], [720575940627027087, 720575940615768861, 720575940640000464, 720575940622235930], [720575940627027087, 720575940633968235, 720575940640168637, 720575940622235930], [720575940627027087, 720575940631968343, 720575940640000464, 720575940622235930], [720575940627027087, 720575940631968343, 720575940640168637, 720575940622235930], [720575940627027087, 720575940617431325, 720575940640908707, 720575940622235930], [720575940627027087, 720575940607619273, 720575940627015196, 720575940622235930], [720575940627027087, 720575940629586417, 720575940614985878, 720575940622235930], [720575940627027087, 720575940631968855, 720575940640168637, 720575940622235930], [720575940627027087, 720575940625597317, 720575940640168637, 720575940622235930], [720575940627027087, 720575940641627099, 720575940640168637, 720575940622235930]]"
"[[720575940606919602, 720575940613191391, 720575940637663662, 720575940621351412], [720575940606919602, 720575940617467712, 720575940620054694, 720575940621351412], [720575940606919602, 720575940617467712, 720575940626901136, 720575940621351412], [720575940606919602, 720575940617467712, 720575940619654053, 720575940621351412], [720575940606919602, 720575940628352850, 720575940617079737, 720575940621351412], [720575940606919602, 720575940628352850, 720575940628349522, 720575940621351412], [720575940606919602, 720575940628352850, 720575940630160384, 720575940621351412], [720575940606919602, 720575940628352850, 720575940631447879, 720575940621351412], [720575940606919602, 720575940628352850, 720575940629805950, 720575940621351412], [720575940606919602, 720575940628352850, 720575940624897516, 720575940621351412], [720575940606919602, 720575940628352850, 720575940629012227, 720575940621351412], [720575940606919602, 720575940622147873, 720575940632305711, 720575940621351412], [720575940606919602, 720575940637458997, 720575940620054694, 720575940621351412], [720575940606919602, 720575940637458997, 720575940612203482, 720575940621351412], [720575940606919602, 720575940637458997, 720575940619625837, 720575940621351412], [720575940606919602, 720575940634343123, 720575940612203482, 720575940621351412], [720575940606919602, 720575940655587489, 720575940630758418, 720575940621351412], [720575940606919602, 720575940635116569, 720575940619654053, 720575940621351412], [720575940606919602, 720575940635116569, 720575940620054694, 720575940621351412], [720575940606919602, 720575940635116569, 720575940632043576, 720575940621351412], [720575940606919602, 720575940635116569, 720575940627015196, 720575940621351412], [720575940606919602, 720575940635116569, 720575940619625837, 720575940621351412]]"
"[[720575940606919602, 720575940613191391, 720575940623533459, 720575940611008718], [720575940606919602, 720575940613191391, 720575940618574749, 720575940611008718], [720575940606919602, 720575940617467712, 720575940620054694, 720575940611008718], [720575940606919602, 720575940617467712, 720575940626901136, 720575940611008718], [720575940606919602, 720575940628352850, 720575940622942196, 720575940611008718], [720575940606919602, 720575940628352850, 720575940618574749, 720575940611008718], [720575940606919602, 720575940628352850, 720575940617079737, 720575940611008718], [720575940606919602, 720575940628352850, 720575940628349522, 720575940611008718], [720575940606919602, 720575940628352850, 720575940639112765, 720575940611008718], [720575940606919602, 720575940628352850, 720575940630160384, 720575940611008718], [720575940606919602, 720575940628352850, 720575940631447879, 720575940611008718], [720575940606919602, 720575940628352850, 720575940624897516, 720575940611008718], [720575940606919602, 720575940628352850, 720575940629012227, 720575940611008718], [720575940606919602, 720575940622147873, 720575940622942196, 720575940611008718], [720575940606919602, 720575940637458997, 720575940620054694, 720575940611008718], [720575940606919602, 720575940637458997, 720575940612203482, 720575940611008718], [720575940606919602, 720575940637458997, 720575940619625837, 720575940611008718], [720575940606919602, 720575940634343123, 720575940612203482, 720575940611008718], [720575940606919602, 720575940635116569, 720575940620054694, 720575940611008718], [720575940606919602, 720575940635116569, 720575940632043576, 720575940611008718], [720575940606919602, 720575940635116569, 720575940627015196, 720575940611008718], [720575940606919602, 720575940635116569, 720575940619625837, 720575940611008718]]"
"[[720575940606919602, 720575940613191391, 720575940618574749, 720575940610792290], [720575940606919602, 720575940628352850, 720575940618574749, 720575940610792290], [720575940606919602, 720575940628352850, 720575940626528252, 720575940610792290], [720575940606919602, 720575940622147873, 720575940627099338, 720575940610792290], [720575940606919602, 720575940622147873, 720575940632305711, 720575940610792290], [720575940606919602, 720575940622147873, 720575940612036837, 720575940610792290], [720575940606919602, 720575940622147873, 720575940626528252, 720575940610792290], [720575940606919602, 720575940637458997, 720575940619625837, 720575940610792290], [720575940606919602, 720575940629866283, 720575940646814340, 720575940610792290], [720575940606919602, 720575940635116569, 720575940619625837, 720575940610792290]]"
"[[720575940606919602, 720575940613191391, 720575940618574749, 720575940620982966], [720575940606919602, 720575940628352850, 720575940618574749, 720575940620982966], [720575940606919602, 720575940628352850, 720575940629805950, 720575940620982966], [720575940606919602, 720575940622147873, 720575940627099338, 720575940620982966], [720575940606919602, 720575940622147873, 720575940632305711, 720575940620982966], [720575940606919602, 720575940622147873, 720575940612036837, 720575940620982966], [720575940606919602, 720575940637458997, 720575940619625837, 720575940620982966], [720575940606919602, 720575940635116569, 720575940619625837, 720575940620982966]]"
"[[720575940606919602, 720575940613191391, 720575940620541099, 720575940623473335], [720575940606919602, 720575940617467712, 720575940626901136, 720575940623473335], [720575940606919602, 720575940628352850, 720575940620541099, 720575940623473335], [720575940606919602, 720575940635116569, 720575940632043576, 720575940623473335]]"
"[[720575940606919602, 720575940628352850, 720575940625863728, 720575940637662697], [720575940606919602, 720575940622147873, 720575940655013281, 720575940637662697], [720575940606919602, 720575940635116569, 720575940627015196, 720575940637662697]]"
"[[720575940606919602, 720575940628352850, 720575940632189900, 720575940615596850], [720575940606919602, 720575940628352850, 720575940625863728, 720575940615596850], [720575940606919602, 720575940628352850, 720575940608188427, 720575940615596850], [720575940606919602, 720575940620975040, 720575940640908707, 720575940615596850], [720575940606919602, 720575940622147873, 720575940655013281, 720575940615596850], [720575940606919602, 720575940634343123, 720575940632189900, 720575940615596850], [720575940606919602, 720575940629766649, 720575940632189900, 720575940615596850], [720575940606919602, 720575940655587489, 720575940610199781, 720575940615596850], [720575940606919602, 720575940655587489, 720575940631721785, 720575940615596850], [720575940606919602, 720575940655587489, 720575940627801877, 720575940615596850], [720575940606919602, 720575940655587489, 720575940606084444, 720575940615596850], [720575940606919602, 720575940655587489, 720575940619681006, 720575940615596850]]"
"[[720575940606919602, 720575940613191391, 720575940632032460, 720575940629183643], [720575940606919602, 720575940613191391, 720575940625050256, 720575940629183643], [720575940606919602, 720575940613191391, 720575940628352850, 720575940629183643], [720575940606919602, 720575940613191391, 720575940621384212, 720575940629183643], [720575940606919602, 720575940613191391, 720575940624082931, 720575940629183643], [720575940606919602, 720575940613191391, 720575940620541099, 720575940629183643], [720575940606919602, 720575940617467712, 720575940621384212, 720575940629183643], [720575940606919602, 720575940628352850, 720575940644494752, 720575940629183643], [720575940606919602, 720575940628352850, 720575940624539993, 720575940629183643], [720575940606919602, 720575940628352850, 720575940635952782, 720575940629183643], [720575940606919602, 720575940628352850, 720575940632189900, 720575940629183643], [720575940606919602, 720575940628352850, 720575940618816054, 720575940629183643], [720575940606919602, 720575940628352850, 720575940626528252, 720575940629183643], [720575940606919602, 720575940628352850, 720575940620541099, 720575940629183643], [720575940606919602, 720575940628352850, 720575940625737859, 720575940629183643], [720575940606919602, 720575940628352850, 720575940607832754, 720575940629183643], [720575940606919602, 720575940628352850, 720575940621405861, 720575940629183643], [720575940606919602, 720575940628352850, 720575940633308371, 720575940629183643], [720575940606919602, 720575940628352850, 720575940619986196, 720575940629183643], [720575940606919602, 720575940628352850, 720575940629183643], [720575940606919602, 720575940628352850, 720575940629012227, 720575940629183643], [720575940606919602, 720575940628352850, 720575940625345584, 720575940629183643], [720575940606919602, 720575940629394232, 720575940628352850, 720575940629183643], [720575940606919602, 720575940633093786, 720575940634825367, 720575940629183643], [720575940606919602, 720575940611403730, 720575940634825367, 720575940629183643], [720575940606919602, 720575940622147873, 720575940655013281, 720575940629183643], [720575940606919602, 720575940622147873, 720575940612311987, 720575940629183643], [720575940606919602, 720575940622147873, 720575940631617017, 720575940629183643], [720575940606919602, 720575940622147873, 720575940611151406, 720575940629183643], [720575940606919602, 720575940622147873, 720575940626528252, 720575940629183643], [720575940606919602, 720575940637458997, 720575940628456553, 720575940629183643], [720575940606919602, 720575940637458997, 720575940621384212, 720575940629183643], [720575940606919602, 720575940637458997, 720575940623455239, 720575940629183643], [720575940606919602, 720575940634343123, 720575940632189900, 720575940629183643], [720575940606919602, 720575940629766649, 720575940632189900, 720575940629183643], [720575940606919602, 720575940655587489, 720575940635952782, 720575940629183643], [720575940606919602, 720575940655587489, 720575940630758418, 720575940629183643], [720575940606919602, 720575940655587489, 720575940624095172, 720575940629183643], [720575940606919602, 720575940642871240, 720575940634825367, 720575940629183643], [720575940606919602, 720575940630492191, 720575940616390261, 720575940629183643], [720575940606919602, 720575940610505957, 720575940616390261, 720575940629183643], [720575940606919602, 720575940639484917, 720575940634825367, 720575940629183643], [720575940606919602, 720575940635116569, 720575940621384212, 720575940629183643], [720575940606919602, 720575940608017026, 720575940634825367, 720575940629183643]]"
"[[720575940606919602, 720575940613191391, 720575940623166733, 720575940639021757], [720575940606919602, 720575940613191391, 720575940627548419, 720575940639021757], [720575940606919602, 720575940613191391, 720575940616670045, 720575940639021757], [720575940606919602, 720575940613191391, 720575940626619785, 720575940639021757], [720575940606919602, 720575940628352850, 720575940624539993, 720575940639021757], [720575940606919602, 720575940628352850, 720575940623166733, 720575940639021757], [720575940606919602, 720575940628352850, 720575940618816054, 720575940639021757], [720575940606919602, 720575940628352850, 720575940633308371, 720575940639021757], [720575940606919602, 720575940603930046, 720575940629204674, 720575940639021757], [720575940606919602, 720575940633093786, 720575940634825367, 720575940639021757], [720575940606919602, 720575940630214564, 720575940629204674, 720575940639021757], [720575940606919602, 720575940611403730, 720575940634825367, 720575940639021757], [720575940606919602, 720575940622147873, 720575940620082512, 720575940639021757], [720575940606919602, 720575940655587489, 720575940632815780, 720575940639021757], [720575940606919602, 720575940642871240, 720575940634825367, 720575940639021757], [720575940606919602, 720575940639484917, 720575940634825367, 720575940639021757], [720575940606919602, 720575940635116569, 720575940632043576, 720575940639021757], [720575940606919602, 720575940608017026, 720575940634825367, 720575940639021757]]"
"[[720575940606919602, 720575940613191391, 720575940646443316, 720575940622235930], [720575940606919602, 720575940613191391, 720575940615821981, 720575940622235930], [720575940606919602, 720575940613191391, 720575940624530407, 720575940622235930], [720575940606919602, 720575940628352850, 720575940624538599, 720575940622235930], [720575940606919602, 720575940628352850, 720575940628387587, 720575940622235930], [720575940606919602, 720575940628352850, 720575940633462829, 720575940622235930], [720575940606919602, 720575940628352850, 720575940624897516, 720575940622235930], [720575940606919602, 720575940620975040, 720575940640908707, 720575940622235930], [720575940606919602, 720575940622147873, 720575940646443316, 720575940622235930], [720575940606919602, 720575940655587489, 720575940632815780, 720575940622235930], [720575940606919602, 720575940635116569, 720575940627015196, 720575940622235930], [720575940606919602, 720575940632607948, 720575940605188542, 720575940622235930], [720575940606919602, 720575940632607948, 720575940620678750, 720575940622235930], [720575940606919602, 720575940632607948, 720575940640000464, 720575940622235930]]"
"[[720575940620833974, 720575940626018321, 720575940609948514, 720575940621351412], [720575940620833974, 720575940626018321, 720575940629777018, 720575940621351412], [720575940620833974, 720575940640168637, 720575940627732361, 720575940621351412], [720575940620833974, 720575940640168637, 720575940628884496, 720575940621351412], [720575940620833974, 720575940617295321, 720575940627820806, 720575940621351412], [720575940620833974, 720575940622667303, 720575940612203482, 720575940621351412], [720575940620833974, 720575940617431325, 720575940612203482, 720575940621351412], [720575940620833974, 720575940619035003, 720575940629805950, 720575940621351412], [720575940620833974, 720575940634428058, 720575940627820806, 720575940621351412], [720575940620833974, 720575940607619273, 720575940627015196, 720575940621351412], [720575940620833974, 720575940624201033, 720575940625870640, 720575940621351412], [720575940620833974, 720575940637197710, 720575940629777018, 720575940621351412], [720575940620833974, 720575940637197710, 720575940622996579, 720575940621351412], [720575940620833974, 720575940637197710, 720575940632043576, 720575940621351412], [720575940620833974, 720575940637197710, 720575940627015196, 720575940621351412], [720575940620833974, 720575940623817572, 720575940629777018, 720575940621351412], [720575940620833974, 720575940623817572, 720575940632043576, 720575940621351412], [720575940620833974, 720575940623817572, 720575940627015196, 720575940621351412], [720575940620833974, 720575940615790658, 720575940624571116, 720575940621351412]]"
"[[720575940620833974, 720575940626018321, 720575940629777018, 720575940611008718], [720575940620833974, 720575940626018321, 720575940626009852, 720575940611008718], [720575940620833974, 720575940626018321, 720575940611644529, 720575940611008718], [720575940620833974, 720575940640168637, 720575940628884496, 720575940611008718], [720575940620833974, 720575940617295321, 720575940625878160, 720575940611008718], [720575940620833974, 720575940622667303, 720575940612203482, 720575940611008718], [720575940620833974, 720575940617431325, 720575940644488727, 720575940611008718], [720575940620833974, 720575940617431325, 720575940611644529, 720575940611008718], [720575940620833974, 720575940617431325, 720575940626009852, 720575940611008718], [720575940620833974, 720575940617431325, 720575940612203482, 720575940611008718], [720575940620833974, 720575940619035003, 720575940623533459, 720575940611008718], [720575940620833974, 720575940619035003, 720575940618291174, 720575940611008718], [720575940620833974, 720575940634428058, 720575940626279486, 720575940611008718], [720575940620833974, 720575940629586417, 720575940625878160, 720575940611008718], [720575940620833974, 720575940610981489, 720575940611644529, 720575940611008718], [720575940620833974, 720575940607619273, 720575940627015196, 720575940611008718], [720575940620833974, 720575940607619273, 720575940611644529, 720575940611008718], [720575940620833974, 720575940624201033, 720575940611644529, 720575940611008718], [720575940620833974, 720575940616597643, 720575940644400675, 720575940611008718], [720575940620833974, 720575940637197710, 720575940629777018, 720575940611008718], [720575940620833974, 720575940637197710, 720575940611644529, 720575940611008718], [720575940620833974, 720575940637197710, 720575940622996579, 720575940611008718], [720575940620833974, 720575940637197710, 720575940632043576, 720575940611008718], [720575940620833974, 720575940637197710, 720575940627015196, 720575940611008718], [720575940620833974, 720575940623817572, 720575940629777018, 720575940611008718], [720575940620833974, 720575940623817572, 720575940611644529, 720575940611008718], [720575940620833974, 720575940623817572, 720575940632043576, 720575940611008718], [720575940620833974, 720575940623817572, 720575940627015196, 720575940611008718], [720575940620833974, 720575940623638968, 720575940644400675, 720575940611008718]]"
"[[720575940620833974, 720575940640168637, 720575940630868281, 720575940610792290], [720575940620833974, 720575940640168637, 720575940627652358, 720575940610792290], [720575940620833974, 720575940617295321, 720575940625878160, 720575940610792290], [720575940620833974, 720575940619035003, 720575940630868281, 720575940610792290], [720575940620833974, 720575940634428058, 720575940622066390, 720575940610792290], [720575940620833974, 720575940634428058, 720575940624366315, 720575940610792290], [720575940620833974, 720575940634428058, 720575940626279486, 720575940610792290], [720575940620833974, 720575940634428058, 720575940615715003, 720575940610792290], [720575940620833974, 720575940634428058, 720575940624342825, 720575940610792290], [720575940620833974, 720575940629586417, 720575940625878160, 720575940610792290], [720575940620833974, 720575940624201033, 720575940610872014, 720575940610792290], [720575940620833974, 720575940623817572, 720575940627360772, 720575940610792290]]"
"[[720575940620833974, 720575940619035003, 720575940629805950, 720575940620982966], [720575940620833974, 720575940634428058, 720575940626279486, 720575940620982966], [720575940620833974, 720575940634428058, 720575940615715003, 720575940620982966], [720575940620833974, 720575940634428058, 720575940605513649, 720575940620982966], [720575940620833974, 720575940624201033, 720575940610872014, 720575940620982966]]"
"[[720575940620833974, 720575940634428058, 720575940622066390, 720575940623473335], [720575940620833974, 720575940634428058, 720575940627107721, 720575940623473335], [720575940620833974, 720575940624201033, 720575940625306603, 720575940623473335], [720575940620833974, 720575940637197710, 720575940632043576, 720575940623473335], [720575940620833974, 720575940623817572, 720575940632043576, 720575940623473335]]"
"[[720575940620833974, 720575940619035003, 720575940622161366, 720575940637662697], [720575940620833974, 720575940634428058, 720575940620746478, 720575940637662697], [720575940620833974, 720575940607619273, 720575940627015196, 720575940637662697], [720575940620833974, 720575940624201033, 720575940610872014, 720575940637662697], [720575940620833974, 720575940637197710, 720575940622996579, 720575940637662697], [720575940620833974, 720575940637197710, 720575940627015196, 720575940637662697], [720575940620833974, 720575940623817572, 720575940627015196, 720575940637662697]]"
"[[720575940620833974, 720575940619623083, 720575940622760269, 720575940615596850], [720575940620833974, 720575940624052528, 720575940629461442, 720575940615596850], [720575940620833974, 720575940640168637, 720575940606564482, 720575940615596850], [720575940620833974, 720575940640168637, 720575940622235930, 720575940615596850], [720575940620833974, 720575940640168637, 720575940634388927, 720575940615596850], [720575940620833974, 720575940640168637, 720575940611516586, 720575940615596850], [720575940620833974, 720575940640168637, 720575940640908707, 720575940615596850], [720575940620833974, 720575940640168637, 720575940639179891, 720575940615596850], [720575940620833974, 720575940640168637, 720575940620686964, 720575940615596850], [720575940620833974, 720575940640168637, 720575940659709313, 720575940615596850], [720575940620833974, 720575940630356473, 720575940629461442, 720575940615596850], [720575940620833974, 720575940617295321, 720575940625878160, 720575940615596850], [720575940620833974, 720575940644342551, 720575940629461442, 720575940615596850], [720575940620833974, 720575940617431325, 720575940640908707, 720575940615596850], [720575940620833974, 720575940617431325, 720575940628132745, 720575940615596850], [720575940620833974, 720575940619035003, 720575940634388927, 720575940615596850], [720575940620833974, 720575940619035003, 720575940629461442, 720575940615596850], [720575940620833974, 720575940619035003, 720575940622161366, 720575940615596850], [720575940620833974, 720575940619035003, 720575940606564482, 720575940615596850], [720575940620833974, 720575940630176815, 720575940640908707, 720575940615596850], [720575940620833974, 720575940630048593, 720575940625119671, 720575940615596850], [720575940620833974, 720575940630048593, 720575940640908707, 720575940615596850], [720575940620833974, 720575940630048593, 720575940621368858, 720575940615596850], [720575940620833974, 720575940630048593, 720575940619998740, 720575940615596850], [720575940620833974, 720575940630048593, 720575940629461442, 720575940615596850], [720575940620833974, 720575940627373161, 720575940629461442, 720575940615596850], [720575940620833974, 720575940634428058, 720575940622066390, 720575940615596850], [720575940620833974, 720575940634428058, 720575940620746478, 720575940615596850], [720575940620833974, 720575940629586417, 720575940625878160, 720575940615596850], [720575940620833974, 720575940610981489, 720575940638088511, 720575940615596850], [720575940620833974, 720575940624201033, 720575940610872014, 720575940615596850], [720575940620833974, 720575940616817625, 720575940622760269, 720575940615596850], [720575940620833974, 720575940633968235, 720575940629461442, 720575940615596850], [720575940620833974, 720575940613641794, 720575940629461442, 720575940615596850], [720575940620833974, 720575940615790658, 720575940626401380, 720575940615596850], [720575940620833974, 720575940630099445, 720575940629461442, 720575940615596850]]"
"[[720575940620833974, 720575940640168637, 720575940625400420, 720575940629183643], [720575940620833974, 720575940640168637, 720575940634645867, 720575940629183643], [720575940620833974, 720575940640168637, 720575940611516586, 720575940629183643], [720575940620833974, 720575940640168637, 720575940638175558, 720575940629183643], [720575940620833974, 720575940640168637, 720575940616130646, 720575940629183643], [720575940620833974, 720575940617431325, 720575940628132745, 720575940629183643], [720575940620833974, 720575940619035003, 720575940638175558, 720575940629183643], [720575940620833974, 720575940634428058, 720575940622066390, 720575940629183643], [720575940620833974, 720575940629586417, 720575940635771316, 720575940629183643], [720575940620833974, 720575940629586417, 720575940619549598, 720575940629183643], [720575940620833974, 720575940629586417, 720575940638637501, 720575940629183643], [720575940620833974, 720575940610981489, 720575940638088511, 720575940629183643], [720575940620833974, 720575940624201033, 720575940625306603, 720575940629183643]]"
"[[720575940620833974, 720575940640168637, 720575940627907884, 720575940639021757], [720575940620833974, 720575940640168637, 720575940638175558, 720575940639021757], [720575940620833974, 720575940622667303, 720575940650798582, 720575940639021757], [720575940620833974, 720575940617431325, 720575940629204674, 720575940639021757], [720575940620833974, 720575940619035003, 720575940623166733, 720575940639021757], [720575940620833974, 720575940619035003, 720575940627907884, 720575940639021757], [720575940620833974, 720575940619035003, 720575940638175558, 720575940639021757], [720575940620833974, 720575940634428058, 720575940620082512, 720575940639021757], [720575940620833974, 720575940637197710, 720575940632043576, 720575940639021757], [720575940620833974, 720575940623817572, 720575940632043576, 720575940639021757]]"
"[[720575940620833974, 720575940627027087, 720575940640168637, 720575940622235930], [720575940620833974, 720575940619623083, 720575940640168637, 720575940622235930], [720575940620833974, 720575940612517928, 720575940640168637, 720575940622235930], [720575940620833974, 720575940618772719, 720575940640168637, 720575940622235930], [720575940620833974, 720575940626018321, 720575940611859570, 720575940622235930], [720575940620833974, 720575940626018321, 720575940629415936, 720575940622235930], [720575940620833974, 720575940631968855, 720575940640168637, 720575940622235930], [720575940620833974, 720575940640168637, 720575940622235930], [720575940620833974, 720575940640168637, 720575940627432680, 720575940622235930], [720575940620833974, 720575940640168637, 720575940611516586, 720575940622235930], [720575940620833974, 720575940640168637, 720575940640908707, 720575940622235930], [720575940620833974, 720575940629840655, 720575940640168637, 720575940622235930], [720575940620833974, 720575940615289650, 720575940640168637, 720575940622235930], [720575940620833974, 720575940617431325, 720575940640908707, 720575940622235930], [720575940620833974, 720575940619035003, 720575940605188542, 720575940622235930], [720575940620833974, 720575940619035003, 720575940612189480, 720575940622235930], [720575940620833974, 720575940619035003, 720575940630937660, 720575940622235930], [720575940620833974, 720575940619035003, 720575940633462829, 720575940622235930], [720575940620833974, 720575940619035003, 720575940611400470, 720575940622235930], [720575940620833974, 720575940619035003, 720575940638245399, 720575940622235930], [720575940620833974, 720575940619035003, 720575940625685770, 720575940622235930], [720575940620833974, 720575940630176815, 720575940640168637, 720575940622235930], [720575940620833974, 720575940630176815, 720575940640908707, 720575940622235930], [720575940620833974, 720575940630176815, 720575940640000464, 720575940622235930], [720575940620833974, 720575940630048593, 720575940625119671, 720575940622235930], [720575940620833974, 720575940630048593, 720575940640908707, 720575940622235930], [720575940620833974, 720575940630048593, 720575940640000464, 720575940622235930], [720575940620833974, 720575940630048593, 720575940640168637, 720575940622235930], [720575940620833974, 720575940630048593, 720575940621368858, 720575940622235930], [720575940620833974, 720575940627373161, 720575940640168637, 720575940622235930], [720575940620833974, 720575940625597317, 720575940640168637, 720575940622235930], [720575940620833974, 720575940634428058, 720575940620746478, 720575940622235930], [720575940620833974, 720575940629586417, 720575940614985878, 720575940622235930], [720575940620833974, 720575940607619273, 720575940627015196, 720575940622235930], [720575940620833974, 720575940616817625, 720575940640168637, 720575940622235930], [720575940620833974, 720575940633968235, 720575940640168637, 720575940622235930], [720575940620833974, 720575940637197710, 720575940627015196, 720575940622235930], [720575940620833974, 720575940623817572, 720575940629415936, 720575940622235930], [720575940620833974, 720575940623817572, 720575940611859570, 720575940622235930], [720575940620833974, 720575940623817572, 720575940627015196, 720575940622235930], [720575940620833974, 720575940639625635, 720575940640168637, 720575940622235930], [720575940620833974, 720575940615790658, 720575940626401380, 720575940622235930], [720575940620833974, 720575940615768861, 720575940640168637, 720575940622235930], [720575940620833974, 720575940615768861, 720575940640000464, 720575940622235930]]"
"[[720575940629394232, 720575940617467712, 720575940620054694, 720575940621351412], [720575940629394232, 720575940617467712, 720575940626901136, 720575940621351412], [720575940629394232, 720575940617467712, 720575940619654053, 720575940621351412], [720575940629394232, 720575940637458997, 720575940620054694, 720575940621351412], [720575940629394232, 720575940637458997, 720575940612203482, 720575940621351412], [720575940629394232, 720575940637458997, 720575940619625837, 720575940621351412], [720575940629394232, 720575940613191391, 720575940637663662, 720575940621351412], [720575940629394232, 720575940634343123, 720575940612203482, 720575940621351412], [720575940629394232, 720575940655587489, 720575940630758418, 720575940621351412], [720575940629394232, 720575940622147873, 720575940632305711, 720575940621351412], [720575940629394232, 720575940635116569, 720575940619654053, 720575940621351412], [720575940629394232, 720575940635116569, 720575940620054694, 720575940621351412], [720575940629394232, 720575940635116569, 720575940632043576, 720575940621351412], [720575940629394232, 720575940635116569, 720575940627015196, 720575940621351412], [720575940629394232, 720575940635116569, 720575940619625837, 720575940621351412], [720575940629394232, 720575940628352850, 720575940617079737, 720575940621351412], [720575940629394232, 720575940628352850, 720575940628349522, 720575940621351412], [720575940629394232, 720575940628352850, 720575940630160384, 720575940621351412], [720575940629394232, 720575940628352850, 720575940631447879, 720575940621351412], [720575940629394232, 720575940628352850, 720575940629805950, 720575940621351412], [720575940629394232, 720575940628352850, 720575940624897516, 720575940621351412], [720575940629394232, 720575940628352850, 720575940629012227, 720575940621351412]]"
"[[720575940629394232, 720575940617467712, 720575940620054694, 720575940611008718], [720575940629394232, 720575940617467712, 720575940626901136, 720575940611008718], [720575940629394232, 720575940637458997, 720575940620054694, 720575940611008718], [720575940629394232, 720575940637458997, 720575940612203482, 720575940611008718], [720575940629394232, 720575940637458997, 720575940619625837, 720575940611008718], [720575940629394232, 720575940613191391, 720575940623533459, 720575940611008718], [720575940629394232, 720575940613191391, 720575940618574749, 720575940611008718], [720575940629394232, 720575940634343123, 720575940612203482, 720575940611008718], [720575940629394232, 720575940622147873, 720575940622942196, 720575940611008718], [720575940629394232, 720575940635116569, 720575940620054694, 720575940611008718], [720575940629394232, 720575940635116569, 720575940632043576, 720575940611008718], [720575940629394232, 720575940635116569, 720575940627015196, 720575940611008718], [720575940629394232, 720575940635116569, 720575940619625837, 720575940611008718], [720575940629394232, 720575940628352850, 720575940622942196, 720575940611008718], [720575940629394232, 720575940628352850, 720575940618574749, 720575940611008718], [720575940629394232, 720575940628352850, 720575940617079737, 720575940611008718], [720575940629394232, 720575940628352850, 720575940628349522, 720575940611008718], [720575940629394232, 720575940628352850, 720575940639112765, 720575940611008718], [720575940629394232, 720575940628352850, 720575940630160384, 720575940611008718], [720575940629394232, 720575940628352850, 720575940631447879, 720575940611008718], [720575940629394232, 720575940628352850, 720575940624897516, 720575940611008718], [720575940629394232, 720575940628352850, 720575940629012227, 720575940611008718]]"
"[[720575940629394232, 720575940637458997, 720575940619625837, 720575940610792290], [720575940629394232, 720575940613191391, 720575940618574749, 720575940610792290], [720575940629394232, 720575940622147873, 720575940627099338, 720575940610792290], [720575940629394232, 720575940622147873, 720575940632305711, 720575940610792290], [720575940629394232, 720575940622147873, 720575940612036837, 720575940610792290], [720575940629394232, 720575940622147873, 720575940626528252, 720575940610792290], [720575940629394232, 720575940635116569, 720575940619625837, 720575940610792290], [720575940629394232, 720575940628352850, 720575940618574749, 720575940610792290], [720575940629394232, 720575940628352850, 720575940626528252, 720575940610792290]]"
"[[720575940629394232, 720575940637458997, 720575940619625837, 720575940620982966], [720575940629394232, 720575940613191391, 720575940618574749, 720575940620982966], [720575940629394232, 720575940622147873, 720575940627099338, 720575940620982966], [720575940629394232, 720575940622147873, 720575940632305711, 720575940620982966], [720575940629394232, 720575940622147873, 720575940612036837, 720575940620982966], [720575940629394232, 720575940635116569, 720575940619625837, 720575940620982966], [720575940629394232, 720575940628352850, 720575940618574749, 720575940620982966], [720575940629394232, 720575940628352850, 720575940629805950, 720575940620982966]]"
"[[720575940629394232, 720575940617467712, 720575940626901136, 720575940623473335], [720575940629394232, 720575940613191391, 720575940620541099, 720575940623473335], [720575940629394232, 720575940635116569, 720575940632043576, 720575940623473335], [720575940629394232, 720575940628352850, 720575940620541099, 720575940623473335]]"
"[[720575940629394232, 720575940622147873, 720575940655013281, 720575940637662697], [720575940629394232, 720575940635116569, 720575940627015196, 720575940637662697], [720575940629394232, 720575940628352850, 720575940625863728, 720575940637662697]]"
"[[720575940629394232, 720575940629766649, 720575940632189900, 720575940615596850], [720575940629394232, 720575940634343123, 720575940632189900, 720575940615596850], [720575940629394232, 720575940655587489, 720575940610199781, 720575940615596850], [720575940629394232, 720575940655587489, 720575940631721785, 720575940615596850], [720575940629394232, 720575940655587489, 720575940627801877, 720575940615596850], [720575940629394232, 720575940655587489, 720575940606084444, 720575940615596850], [720575940629394232, 720575940655587489, 720575940619681006, 720575940615596850], [720575940629394232, 720575940623593451, 720575940632189900, 720575940615596850], [720575940629394232, 720575940622147873, 720575940655013281, 720575940615596850], [720575940629394232, 720575940628352850, 720575940632189900, 720575940615596850], [720575940629394232, 720575940628352850, 720575940625863728, 720575940615596850], [720575940629394232, 720575940628352850, 720575940608188427, 720575940615596850]]"
"[[720575940629394232, 720575940617467712, 720575940621384212, 720575940629183643], [720575940629394232, 720575940642447349, 720575940616390261, 720575940629183643], [720575940629394232, 720575940642871240, 720575940634825367, 720575940629183643], [720575940629394232, 720575940637458997, 720575940628456553, 720575940629183643], [720575940629394232, 720575940637458997, 720575940621384212, 720575940629183643], [720575940629394232, 720575940637458997, 720575940623455239, 720575940629183643], [720575940629394232, 720575940629766649, 720575940632189900, 720575940629183643], [720575940629394232, 720575940613191391, 720575940632032460, 720575940629183643], [720575940629394232, 720575940613191391, 720575940625050256, 720575940629183643], [720575940629394232, 720575940613191391, 720575940628352850, 720575940629183643], [720575940629394232, 720575940613191391, 720575940621384212, 720575940629183643], [720575940629394232, 720575940613191391, 720575940624082931, 720575940629183643], [720575940629394232, 720575940613191391, 720575940620541099, 720575940629183643], [720575940629394232, 720575940630492191, 720575940616390261, 720575940629183643], [720575940629394232, 720575940648839545, 720575940628352850, 720575940629183643], [720575940629394232, 720575940611403730, 720575940634825367, 720575940629183643], [720575940629394232, 720575940639484917, 720575940634825367, 720575940629183643], [720575940629394232, 720575940610505957, 720575940616390261, 720575940629183643], [720575940629394232, 720575940634343123, 720575940632189900, 720575940629183643], [720575940629394232, 720575940655587489, 720575940635952782, 720575940629183643], [720575940629394232, 720575940655587489, 720575940630758418, 720575940629183643], [720575940629394232, 720575940655587489, 720575940624095172, 720575940629183643], [720575940629394232, 720575940623593451, 720575940632189900, 720575940629183643], [720575940629394232, 720575940622147873, 720575940655013281, 720575940629183643], [720575940629394232, 720575940622147873, 720575940612311987, 720575940629183643], [720575940629394232, 720575940622147873, 720575940631617017, 720575940629183643], [720575940629394232, 720575940622147873, 720575940611151406, 720575940629183643], [720575940629394232, 720575940622147873, 720575940626528252, 720575940629183643], [720575940629394232, 720575940622207997, 720575940616390261, 720575940629183643], [720575940629394232, 720575940635116569, 720575940621384212, 720575940629183643], [720575940629394232, 720575940633093786, 720575940634825367, 720575940629183643], [720575940629394232, 720575940608017026, 720575940634825367, 720575940629183643], [720575940629394232, 720575940628352850, 720575940644494752, 720575940629183643], [720575940629394232, 720575940628352850, 720575940624539993, 720575940629183643], [720575940629394232, 720575940628352850, 720575940635952782, 720575940629183643], [720575940629394232, 720575940628352850, 720575940632189900, 720575940629183643], [720575940629394232, 720575940628352850, 720575940618816054, 720575940629183643], [720575940629394232, 720575940628352850, 720575940626528252, 720575940629183643], [720575940629394232, 720575940628352850, 720575940620541099, 720575940629183643], [720575940629394232, 720575940628352850, 720575940625737859, 720575940629183643], [720575940629394232, 720575940628352850, 720575940607832754, 720575940629183643], [720575940629394232, 720575940628352850, 720575940621405861, 720575940629183643], [720575940629394232, 720575940628352850, 720575940633308371, 720575940629183643], [720575940629394232, 720575940628352850, 720575940619986196, 720575940629183643], [720575940629394232, 720575940628352850, 720575940629183643], [720575940629394232, 720575940628352850, 720575940629012227, 720575940629183643], [720575940629394232, 720575940628352850, 720575940625345584, 720575940629183643], [720575940629394232, 720575940631933767, 720575940628352850, 720575940629183643], [720575940629394232, 720575940606919602, 720575940628352850, 720575940629183643]]"
"[[720575940629394232, 720575940642871240, 720575940634825367, 720575940639021757], [720575940629394232, 720575940613191391, 720575940623166733, 720575940639021757], [720575940629394232, 720575940613191391, 720575940627548419, 720575940639021757], [720575940629394232, 720575940613191391, 720575940616670045, 720575940639021757], [720575940629394232, 720575940613191391, 720575940626619785, 720575940639021757], [720575940629394232, 720575940611403730, 720575940634825367, 720575940639021757], [720575940629394232, 720575940639484917, 720575940634825367, 720575940639021757], [720575940629394232, 720575940627008345, 720575940629204674, 720575940639021757], [720575940629394232, 720575940655587489, 720575940632815780, 720575940639021757], [720575940629394232, 720575940650920569, 720575940629204674, 720575940639021757], [720575940629394232, 720575940622147873, 720575940620082512, 720575940639021757], [720575940629394232, 720575940635116569, 720575940632043576, 720575940639021757], [720575940629394232, 720575940633093786, 720575940634825367, 720575940639021757], [720575940629394232, 720575940622251411, 720575940629204674, 720575940639021757], [720575940629394232, 720575940608017026, 720575940634825367, 720575940639021757], [720575940629394232, 720575940628352850, 720575940624539993, 720575940639021757], [720575940629394232, 720575940628352850, 720575940623166733, 720575940639021757], [720575940629394232, 720575940628352850, 720575940618816054, 720575940639021757], [720575940629394232, 720575940628352850, 720575940633308371, 720575940639021757]]"
"[[720575940629394232, 720575940632607948, 720575940605188542, 720575940622235930], [720575940629394232, 720575940632607948, 720575940620678750, 720575940622235930], [720575940629394232, 720575940632607948, 720575940640000464, 720575940622235930], [720575940629394232, 720575940613191391, 720575940646443316, 720575940622235930], [720575940629394232, 720575940613191391, 720575940615821981, 720575940622235930], [720575940629394232, 720575940613191391, 720575940624530407, 720575940622235930], [720575940629394232, 720575940655587489, 720575940632815780, 720575940622235930], [720575940629394232, 720575940622147873, 720575940646443316, 720575940622235930], [720575940629394232, 720575940635116569, 720575940627015196, 720575940622235930], [720575940629394232, 720575940628352850, 720575940624538599, 720575940622235930], [720575940629394232, 720575940628352850, 720575940628387587, 720575940622235930], [720575940629394232, 720575940628352850, 720575940633462829, 720575940622235930], [720575940629394232, 720575940628352850, 720575940624897516, 720575940622235930]]"
"[[720575940650920569, 720575940622147873, 720575940632305711, 720575940621351412], [720575940650920569, 720575940629204674, 720575940627645514, 720575940621351412], [720575940650920569, 720575940624300531, 720575940619110347, 720575940621351412], [720575940650920569, 720575940622123400, 720575940630758418, 720575940621351412], [720575940650920569, 720575940634341587, 720575940619110347, 720575940621351412], [720575940650920569, 720575940613191391, 720575940637663662, 720575940621351412], [720575940650920569, 720575940635116569, 720575940619654053, 720575940621351412], [720575940650920569, 720575940635116569, 720575940620054694, 720575940621351412], [720575940650920569, 720575940635116569, 720575940632043576, 720575940621351412], [720575940650920569, 720575940635116569, 720575940627015196, 720575940621351412], [720575940650920569, 720575940635116569, 720575940619625837, 720575940621351412], [720575940650920569, 720575940617467712, 720575940620054694, 720575940621351412], [720575940650920569, 720575940617467712, 720575940626901136, 720575940621351412], [720575940650920569, 720575940617467712, 720575940619654053, 720575940621351412], [720575940650920569, 720575940655587489, 720575940630758418, 720575940621351412], [720575940650920569, 720575940622188568, 720575940616064546, 720575940621351412], [720575940650920569, 720575940622188568, 720575940659426177, 720575940621351412], [720575940650920569, 720575940637458997, 720575940620054694, 720575940621351412], [720575940650920569, 720575940637458997, 720575940612203482, 720575940621351412], [720575940650920569, 720575940637458997, 720575940619625837, 720575940621351412], [720575940650920569, 720575940627799802, 720575940638989894, 720575940621351412], [720575940650920569, 720575940627799802, 720575940630758418, 720575940621351412], [720575940650920569, 720575940621618859, 720575940625870640, 720575940621351412], [720575940650920569, 720575940624201033, 720575940625870640, 720575940621351412], [720575940650920569, 720575940622420297, 720575940619110347, 720575940621351412]]"
"[[720575940650920569, 720575940622147873, 720575940622942196, 720575940611008718], [720575940650920569, 720575940629204674, 720575940627645514, 720575940611008718], [720575940650920569, 720575940613191391, 720575940623533459, 720575940611008718], [720575940650920569, 720575940613191391, 720575940618574749, 720575940611008718], [720575940650920569, 720575940635116569, 720575940620054694, 720575940611008718], [720575940650920569, 720575940635116569, 720575940632043576, 720575940611008718], [720575940650920569, 720575940635116569, 720575940627015196, 720575940611008718], [720575940650920569, 720575940635116569, 720575940619625837, 720575940611008718], [720575940650920569, 720575940617467712, 720575940620054694, 720575940611008718], [720575940650920569, 720575940617467712, 720575940626901136, 720575940611008718], [720575940650920569, 720575940627455621, 720575940627469394, 720575940611008718], [720575940650920569, 720575940627455621, 720575940642545883, 720575940611008718], [720575940650920569, 720575940622188568, 720575940644488727, 720575940611008718], [720575940650920569, 720575940637458997, 720575940620054694, 720575940611008718], [720575940650920569, 720575940637458997, 720575940612203482, 720575940611008718], [720575940650920569, 720575940637458997, 720575940619625837, 720575940611008718], [720575940650920569, 720575940627799802, 720575940638989894, 720575940611008718], [720575940650920569, 720575940621618859, 720575940611644529, 720575940611008718], [720575940650920569, 720575940624201033, 720575940611644529, 720575940611008718]]"
"[[720575940650920569, 720575940622147873, 720575940627099338, 720575940610792290], [720575940650920569, 720575940622147873, 720575940632305711, 720575940610792290], [720575940650920569, 720575940622147873, 720575940612036837, 720575940610792290], [720575940650920569, 720575940622147873, 720575940626528252, 720575940610792290], [720575940650920569, 720575940613191391, 720575940618574749, 720575940610792290], [720575940650920569, 720575940635116569, 720575940619625837, 720575940610792290], [720575940650920569, 720575940637458997, 720575940619625837, 720575940610792290], [720575940650920569, 720575940621618859, 720575940610872014, 720575940610792290], [720575940650920569, 720575940624201033, 720575940610872014, 720575940610792290]]"
"[[720575940650920569, 720575940622147873, 720575940627099338, 720575940620982966], [720575940650920569, 720575940622147873, 720575940632305711, 720575940620982966], [720575940650920569, 720575940622147873, 720575940612036837, 720575940620982966], [720575940650920569, 720575940613191391, 720575940618574749, 720575940620982966], [720575940650920569, 720575940635116569, 720575940619625837, 720575940620982966], [720575940650920569, 720575940637458997, 720575940619625837, 720575940620982966], [720575940650920569, 720575940621618859, 720575940610872014, 720575940620982966], [720575940650920569, 720575940624201033, 720575940610872014, 720575940620982966]]"
"[[720575940650920569, 720575940613191391, 720575940620541099, 720575940623473335], [720575940650920569, 720575940635116569, 720575940632043576, 720575940623473335], [720575940650920569, 720575940617467712, 720575940626901136, 720575940623473335], [720575940650920569, 720575940621618859, 720575940625306603, 720575940623473335], [720575940650920569, 720575940624201033, 720575940625306603, 720575940623473335]]"
"[[720575940650920569, 720575940622147873, 720575940655013281, 720575940637662697], [720575940650920569, 720575940622123400, 720575940626730883, 720575940637662697], [720575940650920569, 720575940635116569, 720575940627015196, 720575940637662697], [720575940650920569, 720575940621618859, 720575940610872014, 720575940637662697], [720575940650920569, 720575940624201033, 720575940610872014, 720575940637662697]]"
"[[720575940650920569, 720575940622147873, 720575940655013281, 720575940615596850], [720575940650920569, 720575940629204674, 720575940639179891, 720575940615596850], [720575940650920569, 720575940629204674, 720575940611516586, 720575940615596850], [720575940650920569, 720575940627455621, 720575940632189900, 720575940615596850], [720575940650920569, 720575940627455621, 720575940628132745, 720575940615596850], [720575940650920569, 720575940655587489, 720575940610199781, 720575940615596850], [720575940650920569, 720575940655587489, 720575940631721785, 720575940615596850], [720575940650920569, 720575940655587489, 720575940627801877, 720575940615596850], [720575940650920569, 720575940655587489, 720575940606084444, 720575940615596850], [720575940650920569, 720575940655587489, 720575940619681006, 720575940615596850], [720575940650920569, 720575940622188568, 720575940626745987, 720575940615596850], [720575940650920569, 720575940621618859, 720575940610872014, 720575940615596850], [720575940650920569, 720575940624201033, 720575940610872014, 720575940615596850]]"
"[[720575940650920569, 720575940626017917, 720575940608076739, 720575940629183643], [720575940650920569, 720575940638440051, 720575940628352850, 720575940629183643], [720575940650920569, 720575940630257051, 720575940628352850, 720575940629183643], [720575940650920569, 720575940622147873, 720575940655013281, 720575940629183643], [720575940650920569, 720575940622147873, 720575940612311987, 720575940629183643], [720575940650920569, 720575940622147873, 720575940631617017, 720575940629183643], [720575940650920569, 720575940622147873, 720575940611151406, 720575940629183643], [720575940650920569, 720575940622147873, 720575940626528252, 720575940629183643], [720575940650920569, 720575940606919602, 720575940628352850, 720575940629183643], [720575940650920569, 720575940624226318, 720575940628352850, 720575940629183643], [720575940650920569, 720575940629204674, 720575940621384212, 720575940629183643], [720575940650920569, 720575940629204674, 720575940628456553, 720575940629183643], [720575940650920569, 720575940629204674, 720575940611516586, 720575940629183643], [720575940650920569, 720575940629204674, 720575940632032460, 720575940629183643], [720575940650920569, 720575940629204674, 720575940625400420, 720575940629183643], [720575940650920569, 720575940629204674, 720575940634645867, 720575940629183643], [720575940650920569, 720575940629204674, 720575940625050256, 720575940629183643], [720575940650920569, 720575940629204674, 720575940611385806, 720575940629183643], [720575940650920569, 720575940629204674, 720575940615484063, 720575940629183643], [720575940650920569, 720575940629394232, 720575940628352850, 720575940629183643], [720575940650920569, 720575940622123400, 720575940630758418, 720575940629183643], [720575940650920569, 720575940604745346, 720575940631973207, 720575940629183643], [720575940650920569, 720575940634341587, 720575940608076739, 720575940629183643], [720575940650920569, 720575940613191391, 720575940632032460, 720575940629183643], [720575940650920569, 720575940613191391, 720575940625050256, 720575940629183643], [720575940650920569, 720575940613191391, 720575940628352850, 720575940629183643], [720575940650920569, 720575940613191391, 720575940621384212, 720575940629183643], [720575940650920569, 720575940613191391, 720575940624082931, 720575940629183643], [720575940650920569, 720575940613191391, 720575940620541099, 720575940629183643], [720575940650920569, 720575940635116569, 720575940621384212, 720575940629183643], [720575940650920569, 720575940648839545, 720575940628352850, 720575940629183643], [720575940650920569, 720575940617467712, 720575940621384212, 720575940629183643], [720575940650920569, 720575940627455621, 720575940634825367, 720575940629183643], [720575940650920569, 720575940627455621, 720575940635952782, 720575940629183643], [720575940650920569, 720575940627455621, 720575940632189900, 720575940629183643], [720575940650920569, 720575940627455621, 720575940628132745, 720575940629183643], [720575940650920569, 720575940655587489, 720575940635952782, 720575940629183643], [720575940650920569, 720575940655587489, 720575940630758418, 720575940629183643], [720575940650920569, 720575940655587489, 720575940624095172, 720575940629183643], [720575940650920569, 720575940627783769, 720575940634825367, 720575940629183643], [720575940650920569, 720575940637458997, 720575940628456553, 720575940629183643], [720575940650920569, 720575940637458997, 720575940621384212, 720575940629183643], [720575940650920569, 720575940637458997, 720575940623455239, 720575940629183643], [720575940650920569, 720575940627799802, 720575940630758418, 720575940629183643], [720575940650920569, 720575940621618859, 720575940625306603, 720575940629183643], [720575940650920569, 720575940613120618, 720575940616390261, 720575940629183643], [720575940650920569, 720575940624201033, 720575940625306603, 720575940629183643], [720575940650920569, 720575940614400780, 720575940607832754, 720575940629183643], [720575940650920569, 720575940614400780, 720575940628352850, 720575940629183643]]"
"[[720575940650920569, 720575940626017917, 720575940629204674, 720575940639021757], [720575940650920569, 720575940630257051, 720575940629204674, 720575940639021757], [720575940650920569, 720575940622147873, 720575940620082512, 720575940639021757], [720575940650920569, 720575940615769634, 720575940629204674, 720575940639021757], [720575940650920569, 720575940629204674, 720575940628577897, 720575940639021757], [720575940650920569, 720575940629204674, 720575940628567545, 720575940639021757], [720575940650920569, 720575940629204674, 720575940639021757], [720575940650920569, 720575940629204674, 720575940624344556, 720575940639021757], [720575940650920569, 720575940629204674, 720575940622712772, 720575940639021757], [720575940650920569, 720575940622251411, 720575940629204674, 720575940639021757], [720575940650920569, 720575940622123400, 720575940633803676, 720575940639021757], [720575940650920569, 720575940604745346, 720575940629204674, 720575940639021757], [720575940650920569, 720575940634341587, 720575940629204674, 720575940639021757], [720575940650920569, 720575940613191391, 720575940623166733, 720575940639021757], [720575940650920569, 720575940613191391, 720575940627548419, 720575940639021757], [720575940650920569, 720575940613191391, 720575940616670045, 720575940639021757], [720575940650920569, 720575940613191391, 720575940626619785, 720575940639021757], [720575940650920569, 720575940604504748, 720575940650798582, 720575940639021757], [720575940650920569, 720575940635116569, 720575940632043576, 720575940639021757], [720575940650920569, 720575940630214564, 720575940629204674, 720575940639021757], [720575940650920569, 720575940627455621, 720575940634825367, 720575940639021757], [720575940650920569, 720575940655587489, 720575940632815780, 720575940639021757], [720575940650920569, 720575940627783769, 720575940634825367, 720575940639021757], [720575940650920569, 720575940630546084, 720575940629204674, 720575940639021757], [720575940650920569, 720575940619679356, 720575940629204674, 720575940639021757], [720575940650920569, 720575940619679356, 720575940613636325, 720575940639021757]]"
"[[720575940650920569, 720575940622147873, 720575940646443316, 720575940622235930], [720575940650920569, 720575940629204674, 720575940646443316, 720575940622235930], [720575940650920569, 720575940629204674, 720575940615821981, 720575940622235930], [720575940650920569, 720575940629204674, 720575940611516586, 720575940622235930], [720575940650920569, 720575940629204674, 720575940624530407, 720575940622235930], [720575940650920569, 720575940632607948, 720575940605188542, 720575940622235930], [720575940650920569, 720575940632607948, 720575940620678750, 720575940622235930], [720575940650920569, 720575940632607948, 720575940640000464, 720575940622235930], [720575940650920569, 720575940622123400, 720575940617279489, 720575940622235930], [720575940650920569, 720575940613191391, 720575940646443316, 720575940622235930], [720575940650920569, 720575940613191391, 720575940615821981, 720575940622235930], [720575940650920569, 720575940613191391, 720575940624530407, 720575940622235930], [720575940650920569, 720575940635116569, 720575940627015196, 720575940622235930], [720575940650920569, 720575940655587489, 720575940632815780, 720575940622235930], [720575940650920569, 720575940622188568, 720575940626745987, 720575940622235930], [720575940650920569, 720575940627799802, 720575940640168637, 720575940622235930], [720575940650920569, 720575940627799802, 720575940617279489, 720575940622235930], [720575940650920569, 720575940627799802, 720575940638989894, 720575940622235930], [720575940650920569, 720575940619679356, 720575940612373423, 720575940622235930], [720575940650920569, 720575940619679356, 720575940613636325, 720575940622235930]]"
"[[720575940603930046, 720575940624300531, 720575940619110347, 720575940621351412], [720575940603930046, 720575940627799802, 720575940638989894, 720575940621351412], [720575940603930046, 720575940627799802, 720575940630758418, 720575940621351412], [720575940603930046, 720575940614018060, 720575940629805950, 720575940621351412], [720575940603930046, 720575940629204674, 720575940627645514, 720575940621351412], [720575940603930046, 720575940613191391, 720575940637663662, 720575940621351412], [720575940603930046, 720575940655587489, 720575940630758418, 720575940621351412], [720575940603930046, 720575940615698315, 720575940619110347, 720575940621351412], [720575940603930046, 720575940632044172, 720575940627263375, 720575940621351412], [720575940603930046, 720575940637458997, 720575940620054694, 720575940621351412], [720575940603930046, 720575940637458997, 720575940612203482, 720575940621351412], [720575940603930046, 720575940637458997, 720575940619625837, 720575940621351412], [720575940603930046, 720575940635116569, 720575940619654053, 720575940621351412], [720575940603930046, 720575940635116569, 720575940620054694, 720575940621351412], [720575940603930046, 720575940635116569, 720575940632043576, 720575940621351412], [720575940603930046, 720575940635116569, 720575940627015196, 720575940621351412], [720575940603930046, 720575940635116569, 720575940619625837, 720575940621351412], [720575940603930046, 720575940617467712, 720575940620054694, 720575940621351412], [720575940603930046, 720575940617467712, 720575940626901136, 720575940621351412], [720575940603930046, 720575940617467712, 720575940619654053, 720575940621351412], [720575940603930046, 720575940634341587, 720575940619110347, 720575940621351412], [720575940603930046, 720575940622112353, 720575940619654053, 720575940621351412]]"
"[[720575940603930046, 720575940627799802, 720575940638989894, 720575940611008718], [720575940603930046, 720575940614018060, 720575940626009852, 720575940611008718], [720575940603930046, 720575940629204674, 720575940627645514, 720575940611008718], [720575940603930046, 720575940613191391, 720575940623533459, 720575940611008718], [720575940603930046, 720575940613191391, 720575940618574749, 720575940611008718], [720575940603930046, 720575940637458997, 720575940620054694, 720575940611008718], [720575940603930046, 720575940637458997, 720575940612203482, 720575940611008718], [720575940603930046, 720575940637458997, 720575940619625837, 720575940611008718], [720575940603930046, 720575940635116569, 720575940620054694, 720575940611008718], [720575940603930046, 720575940635116569, 720575940632043576, 720575940611008718], [720575940603930046, 720575940635116569, 720575940627015196, 720575940611008718], [720575940603930046, 720575940635116569, 720575940619625837, 720575940611008718], [720575940603930046, 720575940617467712, 720575940620054694, 720575940611008718], [720575940603930046, 720575940617467712, 720575940626901136, 720575940611008718]]"
"[[720575940603930046, 720575940627722234, 720575940627360772, 720575940610792290], [720575940603930046, 720575940627722234, 720575940624342825, 720575940610792290], [720575940603930046, 720575940632574946, 720575940627360772, 720575940610792290], [720575940603930046, 720575940632574946, 720575940622168052, 720575940610792290], [720575940603930046, 720575940613191391, 720575940618574749, 720575940610792290], [720575940603930046, 720575940637458997, 720575940619625837, 720575940610792290], [720575940603930046, 720575940635116569, 720575940619625837, 720575940610792290]]"
"[[720575940603930046, 720575940614018060, 720575940629805950, 720575940620982966], [720575940603930046, 720575940613191391, 720575940618574749, 720575940620982966], [720575940603930046, 720575940637458997, 720575940619625837, 720575940620982966], [720575940603930046, 720575940635116569, 720575940619625837, 720575940620982966]]"
"[[720575940603930046, 720575940613191391, 720575940620541099, 720575940623473335], [720575940603930046, 720575940635116569, 720575940632043576, 720575940623473335], [720575940603930046, 720575940617467712, 720575940626901136, 720575940623473335]]"
"[[720575940603930046, 720575940627722234, 720575940645352814, 720575940637662697], [720575940603930046, 720575940635116569, 720575940627015196, 720575940637662697]]"
"[[720575940603930046, 720575940614018060, 720575940629461442, 720575940615596850], [720575940603930046, 720575940629204674, 720575940639179891, 720575940615596850], [720575940603930046, 720575940629204674, 720575940611516586, 720575940615596850], [720575940603930046, 720575940655587489, 720575940610199781, 720575940615596850], [720575940603930046, 720575940655587489, 720575940631721785, 720575940615596850], [720575940603930046, 720575940655587489, 720575940627801877, 720575940615596850], [720575940603930046, 720575940655587489, 720575940606084444, 720575940615596850], [720575940603930046, 720575940655587489, 720575940619681006, 720575940615596850]]"
"[[720575940603930046, 720575940627799802, 720575940630758418, 720575940629183643], [720575940603930046, 720575940630244367, 720575940628352850, 720575940629183643], [720575940603930046, 720575940621595051, 720575940618816054, 720575940629183643], [720575940603930046, 720575940627783769, 720575940634825367, 720575940629183643], [720575940603930046, 720575940629204674, 720575940621384212, 720575940629183643], [720575940603930046, 720575940629204674, 720575940628456553, 720575940629183643], [720575940603930046, 720575940629204674, 720575940611516586, 720575940629183643], [720575940603930046, 720575940629204674, 720575940632032460, 720575940629183643], [720575940603930046, 720575940629204674, 720575940625400420, 720575940629183643], [720575940603930046, 720575940629204674, 720575940634645867, 720575940629183643], [720575940603930046, 720575940629204674, 720575940625050256, 720575940629183643], [720575940603930046, 720575940629204674, 720575940611385806, 720575940629183643], [720575940603930046, 720575940629204674, 720575940615484063, 720575940629183643], [720575940603930046, 720575940638440051, 720575940628352850, 720575940629183643], [720575940603930046, 720575940629394232, 720575940628352850, 720575940629183643], [720575940603930046, 720575940624226318, 720575940628352850, 720575940629183643], [720575940603930046, 720575940643744968, 720575940631973207, 720575940629183643], [720575940603930046, 720575940613191391, 720575940632032460, 720575940629183643], [720575940603930046, 720575940613191391, 720575940625050256, 720575940629183643], [720575940603930046, 720575940613191391, 720575940628352850, 720575940629183643], [720575940603930046, 720575940613191391, 720575940621384212, 720575940629183643], [720575940603930046, 720575940613191391, 720575940624082931, 720575940629183643], [720575940603930046, 720575940613191391, 720575940620541099, 720575940629183643], [720575940603930046, 720575940655587489, 720575940635952782, 720575940629183643], [720575940603930046, 720575940655587489, 720575940630758418, 720575940629183643], [720575940603930046, 720575940655587489, 720575940624095172, 720575940629183643], [720575940603930046, 720575940630257051, 720575940628352850, 720575940629183643], [720575940603930046, 720575940614400780, 720575940607832754, 720575940629183643], [720575940603930046, 720575940614400780, 720575940628352850, 720575940629183643], [720575940603930046, 720575940637458997, 720575940628456553, 720575940629183643], [720575940603930046, 720575940637458997, 720575940621384212, 720575940629183643], [720575940603930046, 720575940637458997, 720575940623455239, 720575940629183643], [720575940603930046, 720575940635116569, 720575940621384212, 720575940629183643], [720575940603930046, 720575940617467712, 720575940621384212, 720575940629183643], [720575940603930046, 720575940634341587, 720575940608076739, 720575940629183643], [720575940603930046, 720575940604745346, 720575940631973207, 720575940629183643], [720575940603930046, 720575940613120618, 720575940616390261, 720575940629183643], [720575940603930046, 720575940626017917, 720575940608076739, 720575940629183643], [720575940603930046, 720575940622112353, 720575940628352850, 720575940629183643], [720575940603930046, 720575940635120247, 720575940634645867, 720575940629183643], [720575940603930046, 720575940635120247, 720575940625400420, 720575940629183643]]"
"[[720575940603930046, 720575940650920569, 720575940629204674, 720575940639021757], [720575940603930046, 720575940629552170, 720575940629204674, 720575940639021757], [720575940603930046, 720575940629552170, 720575940633803676, 720575940639021757], [720575940603930046, 720575940621595051, 720575940629204674, 720575940639021757], [720575940603930046, 720575940621595051, 720575940650798582, 720575940639021757], [720575940603930046, 720575940621595051, 720575940618816054, 720575940639021757], [720575940603930046, 720575940630214564, 720575940629204674, 720575940639021757], [720575940603930046, 720575940627783769, 720575940634825367, 720575940639021757], [720575940603930046, 720575940629204674, 720575940628577897, 720575940639021757], [720575940603930046, 720575940629204674, 720575940628567545, 720575940639021757], [720575940603930046, 720575940629204674, 720575940639021757], [720575940603930046, 720575940629204674, 720575940624344556, 720575940639021757], [720575940603930046, 720575940629204674, 720575940622712772, 720575940639021757], [720575940603930046, 720575940643744968, 720575940629204674, 720575940639021757], [720575940603930046, 720575940613191391, 720575940623166733, 720575940639021757], [720575940603930046, 720575940613191391, 720575940627548419, 720575940639021757], [720575940603930046, 720575940613191391, 720575940616670045, 720575940639021757], [720575940603930046, 720575940613191391, 720575940626619785, 720575940639021757], [720575940603930046, 720575940655587489, 720575940632815780, 720575940639021757], [720575940603930046, 720575940630257051, 720575940629204674, 720575940639021757], [720575940603930046, 720575940619679356, 720575940629204674, 720575940639021757], [720575940603930046, 720575940619679356, 720575940613636325, 720575940639021757], [720575940603930046, 720575940615769634, 720575940629204674, 720575940639021757], [720575940603930046, 720575940635116569, 720575940632043576, 720575940639021757], [720575940603930046, 720575940623802298, 720575940650798582, 720575940639021757], [720575940603930046, 720575940634341587, 720575940629204674, 720575940639021757], [720575940603930046, 720575940619233812, 720575940629204674, 720575940639021757], [720575940603930046, 720575940619233812, 720575940650798582, 720575940639021757], [720575940603930046, 720575940604745346, 720575940629204674, 720575940639021757], [720575940603930046, 720575940626017917, 720575940629204674, 720575940639021757]]"
"[[720575940603930046, 720575940627799802, 720575940640168637, 720575940622235930], [720575940603930046, 720575940627799802, 720575940617279489, 720575940622235930], [720575940603930046, 720575940627799802, 720575940638989894, 720575940622235930], [720575940603930046, 720575940627722234, 720575940607641010, 720575940622235930], [720575940603930046, 720575940614018060, 720575940620678750, 720575940622235930], [720575940603930046, 720575940632574946, 720575940607641010, 720575940622235930], [720575940603930046, 720575940629204674, 720575940646443316, 720575940622235930], [720575940603930046, 720575940629204674, 720575940615821981, 720575940622235930], [720575940603930046, 720575940629204674, 720575940611516586, 720575940622235930], [720575940603930046, 720575940629204674, 720575940624530407, 720575940622235930], [720575940603930046, 720575940613191391, 720575940646443316, 720575940622235930], [720575940603930046, 720575940613191391, 720575940615821981, 720575940622235930], [720575940603930046, 720575940613191391, 720575940624530407, 720575940622235930], [720575940603930046, 720575940655587489, 720575940632815780, 720575940622235930], [720575940603930046, 720575940632607948, 720575940605188542, 720575940622235930], [720575940603930046, 720575940632607948, 720575940620678750, 720575940622235930], [720575940603930046, 720575940632607948, 720575940640000464, 720575940622235930], [720575940603930046, 720575940619679356, 720575940612373423, 720575940622235930], [720575940603930046, 720575940619679356, 720575940613636325, 720575940622235930], [720575940603930046, 720575940635116569, 720575940627015196, 720575940622235930]]"
