fly,aa
4,"[115.3, 116.3, 115.7, 114.8, 114.5, 114.5, 113.6, 114.2, 114.0, 113.4, 114.2, 114.0, 113.6, 114.0, 114.2, 114.8, 114.8, 114.6, 114.8, 114.8, 116.3, 117.5, 117.7, 118.4, 118.4, 118.4, 118.4, 118.0, 117.1, 117.1, 116.5, 115.2, 114.2, 113.4, 114.6, 113.7, 114.3, 113.4, 114.6, 114.0, 114.6, 114.8, 116.1, 117.7, 117.5, 118.4, 118.4, 116.3, 115.7, 114.6, 114.1, 112.6, 112.8, 113.5, 114.0, 114.8, 114.8, 114.6, 114.8, 115.4, 116.9, 117.7, 117.7, 118.4, 119.0, 119.0, 119.0, 119.0, 119.0, 119.0, 119.0, 118.4, 116.1, 116.3, 116.3, 116.9, 116.3, 116.3, 116.3, 116.3, 117.7, 117.5, 117.7, 118.4, 118.4, 119.0, 119.2, 119.6, 119.8, 119.2, 119.4, 120.0, 120.0, 120.0, 119.4, 120.4, 120.6, 120.6, 120.4, 120.6, 120.6, 120.0, 120.6, 120.6, 120.6, 120.8, 121.2, 120.6, 121.2, 120.6, 121.2, 121.4, 121.4, 121.2, 121.4, 121.2, 121.4, 122.0, 121.4, 120.6, 121.4, 121.4, 120.6, 120.2, 118.4, 118.0, 117.1, 116.5, 115.6, 114.7, 114.5, 114.8, 114.2, 114.2, 114.0, 114.0, 113.1, 113.1, 113.1, 112.8, 112.8, 112.8, 112.8, 112.8, 113.1, 112.8, 113.1, 112.2, 113.1, 112.8, 114.0, 115.2, 114.0, 114.0, 115.4, 114.8, 113.4, 113.5, 113.1, 114.0, 112.5, 112.6, 112.5, 111.6, 111.9, 111.3, 111.0, 111.0, 110.7, 110.7, 110.7, 110.7, 110.1, 108.3, 108.7, 108.3, 109.0, 109.0, 108.7, 108.1, 108.1, 107.2, 107.2, 107.2, 106.8, 106.8, 107.2, 106.5, 106.6, 107.2, 106.6, 107.2, 107.5, 106.6, 106.0, 106.9, 106.6, 106.0, 106.6, 106.0, 106.3, 105.6, 105.9, 105.0, 105.6, 105.4, 105.0, 105.4, 104.8, 105.4, 104.6, 105.0, 104.8, 104.8, 105.4, 105.0, 104.4, 104.8, 103.5, 104.1, 103.9, 105.4, 105.4, 104.8, 105.4, 105.4, 104.8, 104.2, 104.6, 104.4, 104.6, 104.2, 104.8, 104.8, 104.4, 104.1, 103.5, 103.9, 104.2, 104.2, 103.3, 102.9, 103.5, 103.7, 103.9, 103.9, 103.9, 103.9, 103.5, 103.9, 104.1, 103.5, 103.5, 102.9, 103.9, 104.2, 103.9, 103.5, 103.5, 103.5, 103.9, 103.9, 103.9, 103.9, 103.9, 103.9, 103.9, 103.9, 103.9, 103.9, 103.9, 103.9, 103.3, 103.3, 103.9, 103.3, 103.3, 103.3, 103.3, 103.7, 103.7, 103.7, 103.7, 104.0, 104.0, 104.0, 103.7, 103.7, 103.7, 103.7, 103.7, 103.7, 103.7, 103.7, 103.7, 103.7, 104.2, 103.7, 103.3, 103.7, 103.7, 103.1, 104.0, 103.1, 103.1, 103.7, 103.7, 103.7, 103.7, 103.7, 103.7, 103.7, 103.7, 103.7, 103.7, 103.3, 103.3, 103.7, 103.3, 103.3, 103.3, 103.7, 103.9, 103.7, 103.3, 103.1, 103.3, 103.7, 102.8, 102.8, 103.1, 103.5, 104.0, 103.8, 104.4, 104.0, 103.5, 104.2, 103.1, 103.3, 103.1, 103.1, 103.1, 103.1, 103.1, 103.1, 103.7, 103.7, 103.1, 103.1, 103.7, 103.1, 104.0, 103.5, 103.5, 103.5, 103.8, 103.8, 103.3, 103.8, 103.8, 103.3, 103.8, 103.5, 104.2, 104.0, 105.4, 105.4, 105.7, 105.7, 107.8, 108.7, 109.5, 110.7, 111.0, 111.0, 111.3, 111.7, 112.6, 112.6, 113.5, 115.0, 115.8, 115.4, 114.2, 115.1, 114.5, 115.7, 115.9, 115.1, 115.9, 115.7, 115.9, 116.3, 115.7, 116.5, 116.9, 116.5, 117.1, 116.5, 116.5, 117.6, 117.7, 118.2, 118.4, 118.4, 118.6, 118.8, 118.4, 118.6, 118.4, 118.4, 118.6, 118.6, 118.6, 118.4, 119.0, 118.4, 119.0, 118.4, 118.4, 119.0, 118.8, 119.6, 119.0, 119.6, 120.4, 119.8, 119.6, 119.6, 119.6, 120.4, 120.6, 120.4, 120.6, 120.4, 119.8, 120.4, 119.8, 120.4, 120.4, 119.6, 120.4, 120.4, 120.4, 120.6, 121.1, 120.6, 120.4, 120.4, 120.4, 121.2, 120.6, 121.2, 120.4, 120.4, 120.2, 120.4, 121.2, 120.6, 120.2, 120.6, 119.8, 119.8, 120.2, 120.0, 119.8, 120.0, 120.4, 119.8, 119.8, 119.8, 119.8, 119.8, 119.8, 119.2, 119.8, 119.8, 120.4, 120.2, 120.4, 120.4, 120.4, 120.4, 120.4, 120.4, 120.4, 120.4, 119.8, 120.4, 120.2, 119.8, 119.8, 119.6, 119.6, 119.8, 119.6, 119.8, 119.6, 119.8, 119.6, 119.0, 119.2, 119.6, 119.8, 119.8, 119.8, 119.8, 119.6, 119.2, 119.8, 119.8, 120.2, 119.6, 119.6, 119.6, 119.2, 119.2, 119.8, 119.0, 119.2, 119.2, 119.0, 119.8, 119.8, 119.8, 119.8, 119.8, 119.8, 119.8, 119.0, 119.0, 119.0, 118.8, 119.0, 119.0, 119.2, 118.4, 119.0, 119.0, 119.0, 119.2, 118.4, 119.2, 118.4, 119.0, 119.2, 119.2, 119.2, 119.8, 119.4, 119.8, 119.2, 119.2, 118.4, 118.6, 118.4, 119.2, 118.2, 117.7, 118.4, 118.2, 118.4, 118.2, 117.4, 117.1, 116.5, 115.1, 114.0, 111.6, 108.9, 108.9, 109.8, 108.3, 108.0, 108.0, 109.8, 108.0, 107.4, 107.4, 108.0, 107.1, 106.8, 106.8, 107.2, 106.3, 106.8, 106.8, 107.2, 106.8, 107.4, 107.8, 108.0, 108.0, 108.9, 108.0, 108.0, 108.3, 107.7, 108.9]"
4,"[108.1, 109.6, 110.1, 109.6, 109.2, 109.2, 109.6, 109.8, 110.7, 110.1, 110.7, 108.9, 108.1, 107.2, 106.0, 105.1, 105.1, 105.7, 105.7, 105.7, 106.0, 106.0, 107.8, 108.1, 108.4, 109.6, 110.1, 110.1, 110.7, 112.2, 113.4, 112.8, 114.5, 114.2, 114.5, 114.2, 114.5, 114.2, 114.5, 114.2, 114.5, 114.2, 114.5, 114.8, 115.1, 115.9, 115.9, 115.9, 116.5, 115.7, 115.9, 115.9, 115.7, 115.7, 115.9, 115.7, 115.3, 115.9, 115.9, 115.1, 115.3, 116.5, 115.9, 114.5, 112.5, 109.8, 109.8, 109.8, 109.2, 109.2, 107.4, 108.3, 109.2, 109.2, 110.7, 111.6, 110.7, 112.2, 112.8, 113.4, 113.9, 114.2, 114.2, 113.4, 111.3, 109.2, 108.7, 109.8, 110.7, 110.7, 110.7, 110.1, 111.0, 110.4, 110.4, 112.2, 112.5, 113.9, 113.3, 113.6, 114.8, 114.5, 114.8, 115.1, 114.5, 115.1, 114.5, 115.1, 115.1, 115.1, 114.2, 114.2, 114.2, 114.8, 114.8, 115.1, 114.2, 115.1, 114.8, 114.2, 114.8, 115.1, 114.2, 114.5, 114.8, 113.4, 111.9, 110.4, 110.4, 109.8, 109.8, 109.8, 109.8, 109.8, 109.2, 109.2, 108.7, 108.7, 109.2, 109.6, 109.6, 109.2, 108.7, 109.2, 110.1, 110.1, 110.7, 111.0, 111.0, 110.7, 110.7, 111.3, 111.3, 111.6, 111.0, 110.7, 111.0, 109.6, 109.6, 108.7, 108.7, 108.4, 107.1, 107.4, 108.0, 106.8, 106.8, 106.2, 106.2, 106.5, 106.2, 106.2, 106.2, 106.5, 106.5, 107.4, 107.1, 107.1, 106.5, 106.5, 105.6, 105.0, 105.4, 105.9, 105.6, 105.9, 105.9, 105.4, 105.0, 105.4, 105.7, 105.4, 105.4, 105.0, 104.1, 104.6, 104.6, 104.8, 105.4, 105.4, 104.4, 104.4, 105.4, 104.4, 105.0, 104.8, 104.4, 105.0, 104.4, 104.6, 104.1, 103.5, 103.9, 103.5, 103.9, 103.5, 104.1, 103.9, 103.5, 104.2, 103.5, 104.2, 104.8, 104.2, 104.2, 104.2, 104.2, 104.2, 104.2, 104.2, 103.9, 104.2, 103.7, 104.2, 103.9, 103.9, 104.2, 104.2, 103.9, 103.3, 103.9, 103.3, 104.0, 103.9, 103.7, 103.7, 103.7, 103.7, 103.7, 103.1, 103.5, 103.5, 104.2, 103.9, 104.6, 103.7, 103.7, 103.3, 102.9, 103.1, 103.5, 103.5, 103.5, 103.5, 103.5, 103.5, 103.8, 103.8, 104.2, 103.8, 103.8, 103.7, 103.1, 103.3, 103.8, 102.6, 103.8, 103.8, 103.0, 102.6, 103.5, 103.1, 102.6, 103.5, 103.0, 103.0, 102.6, 102.4, 103.0, 103.0, 103.0, 103.0, 103.3, 103.0, 103.0, 103.3, 102.6, 102.8, 103.3, 102.6, 103.0, 103.0, 103.0, 103.5, 103.5, 103.5, 103.5, 103.5, 103.5, 103.5, 103.8, 103.8, 104.4, 103.8, 103.8, 103.7, 103.7, 103.3, 103.5, 103.8, 103.8, 103.0, 103.5, 103.1, 103.3, 103.3, 103.3, 103.5, 103.3, 103.3, 103.5, 103.5, 103.5, 102.1, 103.1, 103.1, 102.6, 102.6, 102.6, 103.0, 102.6, 102.6, 102.6, 102.1, 102.4, 102.4, 103.0, 102.2, 103.1, 103.0, 103.0, 103.0, 103.0, 102.6, 103.0, 103.0, 103.0, 102.2, 103.5, 103.5, 103.0, 103.5, 103.0, 103.1, 103.5, 103.3, 103.3, 103.7, 104.8, 106.6, 107.2, 108.7, 109.8, 109.8, 109.8, 110.1, 109.8, 109.8, 109.8, 109.8, 110.7, 110.1, 110.7, 111.0, 111.0, 111.0, 111.6, 111.3, 112.2, 111.6, 113.1, 113.1, 113.1, 112.8, 112.5, 114.0, 114.6, 114.6, 115.2, 114.6, 114.6, 114.6, 114.6, 114.6, 115.2, 114.6, 115.4, 114.8, 115.4, 114.6, 115.2, 115.1, 115.1, 115.1, 115.9, 116.5, 116.5, 116.7, 116.5, 117.1, 117.4, 117.1, 117.1, 117.4, 117.4, 117.4, 117.4, 116.7, 117.1, 117.0, 117.4, 118.0, 116.7, 116.5, 117.1, 117.1, 116.5, 116.5, 117.1, 117.4, 117.6, 117.6, 117.6, 117.4, 117.4, 117.1, 117.1, 117.1, 117.1, 117.1, 117.4, 117.1, 117.7, 117.1, 117.1, 117.1, 117.7, 117.1, 117.7, 117.1, 117.7, 117.7, 117.1, 116.9, 116.9, 116.9, 116.9, 117.5, 116.3, 117.1, 118.0, 118.0, 116.7, 117.4, 116.7, 117.4, 117.4, 117.1, 117.4, 117.4, 117.1, 117.4, 117.1, 117.1, 117.1, 117.1, 117.1, 117.1, 117.1, 117.1, 117.4, 117.1, 117.1, 118.0, 118.0, 117.7, 118.0, 118.0, 117.7, 118.0, 118.0, 118.4, 118.0, 118.0, 117.7, 117.7, 117.7, 118.0, 117.7, 118.0, 117.7, 118.0, 118.0, 117.4, 117.4, 117.7, 117.4, 118.0, 118.0, 118.0, 117.7, 118.0, 118.0, 118.0, 117.7, 118.0, 118.0, 117.1, 117.4, 118.0, 117.7, 117.7, 117.7, 118.0, 117.7, 117.7, 118.0, 117.1, 117.7, 117.4, 117.1, 117.7, 118.0, 117.7, 116.9, 117.1, 117.1, 117.4, 116.9, 117.1, 117.7, 117.1, 117.4, 116.5, 116.5, 116.3, 116.3, 116.5, 116.5, 116.5, 117.1, 116.7, 117.1, 117.1, 117.1, 117.1, 117.1, 117.4, 117.1, 116.7, 117.1, 117.1, 117.1, 116.9, 117.4, 117.1, 117.1, 117.1, 116.5, 116.5, 116.5, 117.1, 116.5, 116.3, 116.7, 117.0, 116.5, 116.5, 116.7, 117.6, 117.4, 116.7, 118.0, 117.4, 116.7, 117.1, 116.3, 116.7, 116.7, 117.1]"
5,"[140.9, 140.6, 140.6, 139.8, 139.8, 138.6, 139.0, 138.4, 138.4, 138.6, 139.2, 138.6, 138.8, 138.6, 138.6, 138.6, 138.4, 138.6, 138.6, 139.0, 138.6, 137.8, 138.0, 138.4, 137.8, 138.6, 138.4, 138.6, 139.4, 138.4, 138.8, 138.0, 138.6, 138.4, 138.6, 138.0, 138.6, 139.6, 139.2, 139.8, 139.8, 140.2, 140.1, 139.6, 138.8, 138.8, 138.8, 138.6, 138.4, 138.6, 137.8, 139.2, 139.0, 139.4, 140.2, 140.4, 139.4, 138.8, 139.4, 139.2, 139.0, 139.2, 139.8, 139.8, 139.2, 139.2, 139.2, 139.6, 138.6, 139.2, 139.2, 139.8, 139.2, 139.8, 139.2, 138.6, 139.6, 139.2, 139.8, 139.4, 140.2, 140.9, 140.7, 140.9, 140.7, 140.2, 140.9, 140.9, 141.0, 141.7, 141.7, 141.7, 141.7, 141.8, 141.7, 141.0, 141.5, 141.7, 142.0, 142.3, 142.3, 141.3, 141.5, 140.9, 140.1, 140.9, 140.9, 140.9, 140.2, 140.2, 140.1, 140.4, 139.8, 140.4, 140.4, 140.2, 141.7, 141.8, 141.8, 142.0, 141.8, 141.8, 141.4, 140.9, 140.4, 139.2, 139.0, 139.2, 138.6, 139.0, 139.4, 139.8, 139.4, 139.4, 139.4, 140.2, 139.8, 141.2, 141.8, 141.2, 142.1, 141.4, 141.4, 141.4, 140.8, 140.8, 140.8, 141.4, 141.7, 141.5, 142.3, 141.5, 141.4, 141.5, 141.5, 140.9, 142.3, 142.6, 142.8, 142.3, 142.0, 142.8, 142.1, 141.4, 140.9, 140.6, 141.4, 140.8, 141.4, 140.4, 140.9, 140.8, 140.8, 140.8, 140.4, 140.4, 140.8, 141.4, 141.4, 142.1, 142.6, 141.5, 142.0, 141.4, 141.4, 140.9, 141.5, 140.8, 141.4, 140.8, 141.4, 140.8, 140.8, 141.4, 140.9, 140.4, 140.8, 140.4, 140.9, 141.4, 140.2, 140.6, 140.2, 140.8, 139.6, 140.8, 140.6, 140.9, 141.5, 141.5, 142.1, 140.9, 141.5, 140.8, 141.5, 142.0, 142.1, 142.1, 141.5, 140.9, 141.4, 140.8, 140.9, 140.9, 140.4, 140.4, 140.2, 140.2, 140.9, 140.2, 140.8, 139.6, 140.8, 140.0, 140.8, 140.4, 140.6, 140.8, 140.2, 140.6, 140.0, 139.8, 139.8, 140.2, 141.0, 141.8, 141.8, 141.0, 140.9, 140.9, 139.8, 140.9, 140.4, 141.0, 141.0, 142.9, 143.1, 142.4, 142.4, 142.0, 141.5, 141.4, 141.4, 141.8, 141.8, 141.8, 141.4, 141.2, 141.4, 141.4, 141.8, 140.9, 141.4, 141.5, 142.0, 142.0, 142.0, 141.5, 141.4, 142.6, 142.4, 141.4, 141.5, 142.1, 142.1, 142.0, 142.0, 141.4, 142.1, 141.5, 142.0, 142.0, 141.2, 142.6, 141.5, 142.0, 142.8, 142.1, 142.1, 142.1, 142.1, 142.6, 141.8, 142.1, 142.1, 141.5, 142.0, 142.0, 142.1, 142.6, 142.6, 142.1, 142.6, 142.0, 142.1, 142.1, 142.1, 142.1, 142.1, 141.7, 142.1, 140.9, 141.4, 140.9, 142.1, 141.5, 142.1, 142.4, 140.9, 141.4, 141.5, 142.1, 142.0, 142.1, 142.1, 142.0, 142.8, 141.5, 142.1, 142.6, 141.5, 142.1, 142.3, 142.0, 142.1, 142.1, 142.1, 142.3, 142.1, 142.1, 142.1, 142.8, 142.1, 142.8, 142.1, 142.1, 142.1, 142.1, 141.4, 140.9, 141.4, 141.5, 141.5, 142.1, 142.1, 142.1, 144.0, 144.6, 144.5, 145.2, 145.1, 145.3, 145.8, 147.2, 148.3, 147.8, 148.4, 148.4, 149.0, 149.0, 149.0, 150.2, 152.1, 153.4, 154.0, 154.7, 154.7, 154.0, 154.0, 154.0, 154.1, 153.4, 154.7, 154.1, 154.7, 154.1, 154.1, 154.1, 153.4, 154.1, 153.3, 153.3, 152.6, 154.7, 154.1, 154.1, 154.1, 154.1, 154.7, 154.0, 155.4, 155.4, 154.7, 156.6, 156.0, 156.0, 154.7, 156.6, 156.0, 154.7, 154.7, 154.0, 153.4, 154.1, 154.7, 155.4, 154.0, 154.0, 153.4, 154.0, 152.8, 153.4, 153.5, 154.1, 154.0, 153.5, 153.5, 152.9, 154.1, 153.4, 153.4, 152.1, 151.4, 151.4, 150.7, 150.1, 151.4, 150.1, 150.7, 150.7, 150.8, 150.8, 151.4, 151.4, 151.4, 151.4, 150.8, 150.1, 150.7, 150.0, 150.7, 149.0, 148.4, 147.8, 147.9, 146.7, 147.2, 147.2, 147.8, 147.1, 146.7, 146.1, 146.6, 145.9, 146.6, 146.1, 145.3, 145.9, 146.1, 146.1, 146.1, 145.3, 146.7, 145.3, 145.4, 145.2, 145.3, 145.2, 145.2, 145.1, 145.8, 144.6, 143.8, 143.2, 143.1, 143.5, 142.8, 144.2, 144.8, 143.5, 143.1, 142.6, 143.7, 143.7, 144.2, 143.5, 144.2, 143.7, 143.2, 144.2, 144.9, 144.9, 145.6, 145.7, 145.7, 146.3, 145.7, 145.7, 145.7, 146.2, 146.3, 145.6, 145.6, 147.0, 146.2, 145.5, 144.9, 145.7, 146.4, 146.3, 145.7, 146.3, 146.3, 145.7, 145.2, 145.8, 146.9, 147.0, 146.3, 147.0, 146.3, 145.7, 146.3, 146.3, 147.1, 147.7, 146.3, 146.4, 146.3, 146.3, 146.3, 146.3, 147.0, 146.3, 145.8, 145.6, 146.2, 145.7, 146.3, 146.3, 146.3, 146.2, 147.0, 147.0, 146.4, 146.4, 145.2, 146.6, 147.2, 147.2, 147.2, 147.2, 146.6, 145.8, 147.1, 147.2, 147.2, 147.9, 147.8, 148.0, 147.9, 147.2, 147.9, 148.4, 147.8, 147.7, 148.4, 147.1, 147.6, 147.7, 146.9, 146.3, 147.0, 146.2, 146.2, 147.0, 146.3, 146.2, 146.3, 146.3]"
6,"[135.4, 135.2, 135.4, 134.6, 134.6, 134.0, 134.6, 134.0, 134.6, 133.8, 134.2, 134.6, 134.2, 133.6, 133.6, 134.2, 134.0, 134.0, 134.2, 134.2, 134.2, 134.0, 133.8, 134.0, 134.5, 134.6, 134.5, 134.0, 134.0, 134.8, 133.4, 133.4, 133.6, 133.4, 133.4, 132.8, 132.6, 132.8, 132.8, 133.0, 132.8, 132.0, 132.8, 132.8, 132.8, 132.8, 132.6, 132.8, 132.8, 132.6, 132.8, 133.4, 132.8, 132.8, 132.2, 132.6, 132.0, 132.0, 132.2, 132.2, 132.6, 132.2, 132.2, 132.2, 132.0, 132.8, 132.0, 132.8, 133.6, 134.2, 134.0, 134.0, 133.4, 133.4, 133.4, 133.4, 134.2, 132.8, 132.8, 132.8, 133.4, 132.8, 132.8, 132.8, 133.6, 133.4, 134.0, 134.0, 133.4, 133.4, 133.4, 133.4, 132.6, 132.8, 132.6, 132.0, 132.6, 132.0, 132.6, 133.4, 132.2, 132.8, 132.6, 132.6, 132.6, 132.0, 132.6, 132.0, 132.2, 132.0, 132.0, 132.8, 133.4, 133.6, 132.8, 132.8, 132.6, 132.8, 132.8, 132.6, 132.0, 132.0, 133.4, 132.8, 132.8, 132.6, 132.4, 132.6, 132.0, 132.2, 131.4, 132.2, 132.4, 131.6, 131.6, 130.0, 130.6, 130.4, 129.6, 130.2, 130.2, 130.2, 130.8, 130.4, 131.0, 131.6, 132.2, 131.8, 132.2, 131.6, 132.2, 132.2, 131.6, 132.4, 131.6, 131.0, 130.4, 131.0, 131.0, 130.8, 130.8, 130.8, 130.8, 130.8, 131.0, 131.6, 131.6, 131.0, 131.0, 131.0, 130.4, 130.6, 130.6, 131.2, 130.6, 130.4, 131.0, 131.0, 130.8, 129.8, 129.6, 129.6, 129.6, 130.2, 130.2, 130.6, 131.0, 130.2, 129.6, 130.4, 129.6, 129.6, 129.6, 129.6, 130.4, 130.4, 129.8, 130.4, 130.4, 130.2, 129.8, 129.8, 130.0, 130.6, 130.2, 129.6, 130.6, 130.6, 129.8, 129.8, 129.8, 129.8, 130.6, 130.6, 130.4, 129.6, 128.7, 129.3, 129.3, 129.3, 129.3, 129.9, 129.6, 130.2, 130.2, 129.6, 130.2, 129.6, 129.6, 129.6, 129.6, 129.8, 129.8, 129.8, 129.3, 129.6, 129.3, 129.6, 130.2, 128.7, 129.3, 129.3, 129.6, 129.6, 129.6, 130.2, 130.4, 130.4, 129.8, 129.8, 131.2, 129.0, 129.6, 129.3, 129.6, 129.3, 129.9, 130.2, 129.6, 129.6, 129.3, 129.3, 128.5, 128.2, 128.7, 128.7, 129.3, 129.3, 129.3, 129.3, 129.3, 128.7, 128.7, 129.3, 129.1, 128.7, 128.7, 128.5, 129.1, 128.7, 129.3, 128.7, 129.6, 128.7, 129.1, 129.0, 129.0, 128.7, 129.3, 129.3, 129.0, 129.6, 129.8, 129.0, 129.0, 128.5, 128.4, 128.7, 129.3, 129.6, 129.3, 129.9, 129.6, 129.3, 128.7, 128.7, 128.5, 128.2, 127.9, 129.0, 128.5, 128.7, 127.9, 128.5, 128.5, 128.5, 128.5, 128.5, 128.7, 128.7, 128.5, 128.7, 128.7, 129.6, 128.7, 129.0, 128.7, 129.3, 128.7, 128.7, 128.7, 129.6, 128.7, 129.6, 129.0, 128.7, 128.5, 128.7, 127.9, 127.9, 128.3, 128.7, 128.7, 128.5, 127.9, 128.5, 128.5, 128.5, 129.3, 128.7, 129.3, 128.5, 128.7, 129.3, 129.3, 130.2, 130.2, 129.9, 130.2, 129.7, 128.7, 128.5, 128.5, 127.7, 128.5, 127.3, 128.2, 127.6, 129.0, 130.2, 130.2, 130.8, 131.6, 131.6, 131.6, 131.4, 132.6, 133.7, 133.8, 133.8, 133.0, 133.8, 133.8, 133.4, 133.2, 133.8, 133.8, 134.5, 135.1, 135.1, 135.1, 135.1, 134.5, 135.1, 135.1, 134.5, 135.1, 135.9, 135.2, 135.9, 135.7, 135.7, 135.7, 135.7, 135.7, 135.7, 135.9, 135.7, 136.4, 135.1, 135.7, 135.1, 136.4, 135.7, 135.1, 135.7, 135.7, 135.9, 135.1, 135.6, 135.6, 135.1, 136.5, 135.7, 135.7, 135.1, 135.7, 135.2, 135.2, 135.7, 135.7, 135.9, 135.1, 135.9, 135.7, 135.7, 134.5, 135.1, 135.7, 135.7, 135.1, 135.6, 135.1, 135.1, 135.1, 135.7, 134.9, 135.1, 135.6, 135.7, 135.1, 135.7, 135.1, 134.3, 136.4, 135.6, 136.2, 136.2, 136.2, 134.9, 135.1, 134.9, 134.3, 134.9, 135.1, 135.7, 134.5, 135.1, 135.1, 135.6, 135.6, 135.1, 135.7, 135.6, 135.7, 135.6, 135.6, 135.7, 135.1, 135.6, 135.6, 135.1, 134.9, 134.3, 134.9, 134.3, 134.9, 135.1, 134.5, 134.5, 134.3, 134.9, 134.3, 135.1, 134.9, 134.5, 134.5, 134.3, 135.1, 134.9, 135.1, 134.9, 135.1, 134.9, 134.9, 135.6, 135.1, 135.7, 135.6, 135.6, 134.9, 135.4, 135.1, 134.9, 135.6, 134.9, 134.9, 134.9, 134.9, 134.9, 134.9, 134.9, 134.9, 135.1, 135.6, 134.9, 135.1, 135.6, 134.9, 134.9, 134.9, 135.1, 135.1, 134.9, 134.9, 135.6, 134.9, 135.1, 134.9, 134.9, 134.9, 134.9, 134.9, 134.9, 134.5, 134.9, 134.9, 134.6, 134.5, 134.5, 134.5, 133.8, 134.5, 135.1, 135.1, 134.6, 134.9, 134.9, 134.3, 135.1, 135.1, 135.1, 135.1, 135.1, 134.3, 135.1, 135.1, 135.7, 134.9, 135.1, 135.7, 135.6, 134.9, 135.7, 135.6, 134.9, 135.7, 135.9, 135.6, 135.7, 135.1, 135.1, 135.1, 135.6, 135.2, 135.7, 135.1, 135.7, 135.7, 135.7, 135.6, 135.6, 135.6, 134.9, 134.9, 135.1, 135.6, 135.7, 134.9, 135.2]"
7,"[170.7, 166.2, 166.8, 165.5, 164.9, 166.4, 166.4, 167.1, 167.1, 167.1, 167.1, 167.1, 167.7, 167.8, 167.8, 168.3, 167.2, 167.2, 167.1, 166.9, 167.1, 166.3, 166.4, 165.8, 165.8, 167.1, 167.6, 166.5, 166.5, 167.7, 167.1, 166.5, 167.0, 165.8, 165.7, 165.1, 165.1, 165.0, 165.1, 165.1, 166.4, 165.1, 165.8, 165.8, 165.8, 165.8, 165.1, 165.8, 165.8, 165.8, 165.8, 166.5, 165.8, 165.7, 165.2, 165.8, 165.7, 165.2, 164.5, 165.1, 164.5, 164.5, 164.5, 165.2, 164.5, 164.6, 164.5, 165.2, 165.2, 164.5, 165.2, 165.2, 165.3, 165.7, 165.0, 164.5, 163.0, 163.6, 163.8, 164.5, 163.7, 164.0, 165.2, 164.5, 163.6, 164.5, 164.4, 165.1, 164.5, 163.9, 163.8, 163.8, 163.1, 163.8, 163.7, 163.8, 163.9, 163.7, 163.2, 163.8, 164.5, 164.0, 164.5, 163.2, 163.9, 164.5, 163.7, 163.8, 163.1, 163.8, 164.5, 163.8, 163.8, 164.4, 163.8, 163.8, 163.3, 163.8, 162.9, 163.0, 163.1, 163.6, 163.7, 163.2, 163.9, 163.8, 163.8, 164.5, 163.2, 163.7, 163.1, 163.8, 163.9, 163.8, 163.8, 162.9, 163.8, 163.1, 163.8, 163.9, 164.5, 164.5, 164.5, 163.1, 163.8, 163.8, 163.1, 163.1, 163.1, 163.2, 163.1, 163.8, 163.1, 163.2, 163.2, 163.7, 163.2, 163.8, 163.8, 163.2, 163.8, 164.5, 163.3, 163.3, 163.9, 163.3, 162.7, 163.2, 164.0, 163.9, 163.4, 163.9, 163.9, 163.9, 163.4, 164.0, 164.5, 163.9, 164.0, 163.4, 163.9, 163.3, 164.0, 164.0, 163.9, 163.2, 164.0, 163.9, 163.4, 162.8, 164.0, 163.9, 163.5, 164.0, 163.3, 163.9, 164.7, 164.0, 163.9, 164.5, 164.0, 163.4, 163.9, 162.8, 164.0, 164.0, 163.3, 163.4, 163.9, 164.0, 164.5, 163.4, 164.0, 163.9, 164.0, 164.0, 163.5, 163.9, 163.9, 164.1, 163.4, 164.0, 163.9, 163.4, 163.9, 164.5, 163.9, 164.0, 163.9, 163.9, 163.9, 163.4, 163.9, 163.9, 164.0, 164.1, 163.9, 163.9, 163.3, 164.0, 163.4, 163.9, 164.0, 162.7, 164.0, 163.9, 164.0, 164.0, 163.4, 163.9, 164.0, 163.4, 163.9, 163.4, 163.4, 164.0, 163.3, 163.4, 163.4, 164.6, 164.0, 164.0, 163.9, 163.9, 163.9, 163.9, 164.0, 164.6, 163.9, 163.9, 164.6, 164.0, 163.9, 164.0, 163.4, 163.9, 163.9, 163.4, 164.1, 163.9, 164.0, 163.9, 164.0, 163.9, 163.4, 163.4, 163.3, 164.5, 163.9, 164.0, 163.9, 164.5, 163.3, 164.1, 163.4, 163.3, 164.1, 164.0, 163.5, 164.0, 163.4, 164.0, 164.0, 163.9, 163.3, 164.0, 164.0, 163.9, 164.0, 164.0, 163.9, 164.0, 164.0, 164.1, 163.9, 164.1, 164.1, 163.4, 164.5, 164.0, 164.0, 164.5, 163.4, 164.5, 164.0, 163.8, 163.4, 164.0, 163.3, 164.0, 164.0, 164.0, 163.4, 164.5, 164.5, 164.0, 163.9, 163.3, 163.9, 164.0, 164.6, 163.9, 164.1, 164.1, 163.9, 163.9, 163.9, 164.0, 164.5, 163.9, 164.0, 163.4, 164.0, 164.0, 163.3, 163.3, 163.3, 164.0, 163.9, 163.9, 164.0, 164.1, 162.8, 164.0, 164.0, 163.4, 164.0, 164.0, 163.4, 163.4, 164.0, 163.9, 164.1, 163.4, 163.4, 163.4, 163.5, 164.0, 163.9, 163.3, 164.0, 163.3, 163.6, 163.9, 163.4, 163.4, 163.8, 163.9, 164.0, 164.7, 164.7, 164.7, 165.4, 166.1, 165.5, 166.0, 167.2, 167.1, 167.7, 168.2, 168.9, 170.1, 170.1, 170.1, 170.0, 170.1, 170.7, 170.1, 171.3, 170.1, 170.1, 170.1, 170.2, 170.7, 169.5, 170.1, 170.7, 170.1, 170.1, 170.7, 170.7, 170.1, 170.7, 170.7, 171.3, 170.7, 170.7, 171.3, 170.7, 170.7, 170.7, 170.7, 170.1, 170.7, 170.7, 170.7, 170.7, 170.7, 170.7, 170.2, 170.7, 170.2, 170.2, 170.8, 170.2, 169.0, 169.0, 168.3, 167.7, 167.1, 167.1, 167.8, 167.2, 166.5, 166.5, 166.6, 166.6, 165.9, 167.1, 166.6, 166.0, 166.0, 167.2, 166.0, 166.6, 165.9, 165.8, 165.8, 165.2, 165.2, 165.8, 165.3, 165.9, 165.8, 165.8, 165.3, 165.8, 165.2, 165.8, 165.2, 165.3, 165.2, 165.2, 165.2, 164.6, 165.2, 164.6, 164.6, 165.3, 164.7, 164.6, 164.6, 165.2, 164.7, 164.7, 164.6, 164.7, 164.1, 164.7, 164.7, 164.1, 164.1, 164.7, 164.1, 164.7, 164.1, 164.7, 164.7, 165.3, 164.7, 164.7, 164.1, 164.7, 164.1, 165.3, 164.7, 164.1, 164.7, 165.3, 164.7, 164.8, 164.1, 164.7, 164.7, 164.7, 165.3, 164.7, 164.7, 164.7, 164.1, 164.1, 164.1, 164.6, 164.7, 164.7, 164.7, 164.7, 164.7, 164.1, 164.7, 164.7, 164.7, 164.7, 164.7, 164.1, 164.7, 164.6, 164.1, 164.7, 164.8, 164.7, 164.7, 164.7, 164.6, 164.6, 164.7, 164.7, 164.1, 165.2, 164.6, 164.1, 164.7, 165.3, 164.6, 164.1, 165.2, 164.7, 164.7, 164.7, 164.7, 164.1, 165.3, 164.7, 164.7, 164.1, 164.7, 164.6, 164.7, 164.6, 164.7, 164.7, 164.7, 164.7, 164.0, 164.7, 164.7, 164.6, 164.6, 164.7, 164.6, 164.0, 164.6, 164.6, 165.2, 165.2, 164.7, 164.1, 164.0, 164.7, 164.6]"
7,"[165.6, 164.6, 164.1, 164.0, 164.3, 163.5, 164.7, 165.4, 166.5, 167.2, 167.8, 167.2, 167.8, 167.2, 166.6, 167.3, 166.6, 166.6, 167.2, 167.3, 167.2, 167.2, 167.2, 166.6, 166.7, 167.2, 167.2, 167.2, 167.2, 166.0, 166.6, 166.5, 166.6, 166.6, 166.1, 166.6, 166.1, 166.6, 166.6, 167.2, 166.6, 166.6, 167.2, 167.2, 166.6, 166.6, 167.2, 166.6, 167.2, 167.2, 166.1, 167.2, 166.6, 166.6, 166.6, 166.6, 166.6, 166.6, 166.5, 167.2, 167.2, 167.2, 166.6, 166.6, 167.2, 167.2, 166.6, 167.2, 167.2, 166.1, 166.6, 167.2, 166.6, 166.6, 166.6, 167.2, 166.6, 167.2, 167.2, 166.6, 167.2, 166.6, 167.8, 166.6, 166.6, 166.5, 166.6, 166.6, 166.5, 166.5, 166.0, 166.6, 166.0, 166.5, 166.0, 165.5, 166.6, 166.0, 167.2, 167.2, 166.6, 166.0, 166.1, 166.6, 166.6, 166.6, 166.6, 166.6, 166.6, 166.1, 166.0, 166.0, 165.9, 165.4, 166.0, 166.5, 165.9, 166.5, 165.4, 165.4, 166.0, 166.0, 165.9, 165.9, 166.0, 166.0, 166.0, 165.4, 165.4, 165.4, 165.4, 166.0, 166.0, 165.4, 165.4, 165.4, 165.4, 165.4, 165.3, 165.4, 166.1, 165.4, 165.3, 166.0, 166.0, 165.5, 165.3, 165.9, 166.0, 165.3, 165.3, 166.6, 166.6, 166.1, 166.0, 166.6, 165.5, 166.0, 166.1, 166.0, 165.5, 166.0, 166.1, 165.5, 165.4, 165.5, 165.4, 165.5, 165.3, 165.9, 166.1, 165.5, 165.4, 166.6, 165.4, 164.8, 165.3, 165.4, 166.0, 164.7, 165.3, 166.0, 166.0, 165.3, 166.0, 165.3, 165.9, 165.4, 165.4, 165.4, 165.3, 166.0, 165.9, 164.7, 165.4, 164.7, 165.3, 165.3, 164.7, 165.3, 165.9, 165.3, 164.7, 165.3, 165.3, 164.7, 165.4, 165.3, 164.7, 165.3, 165.4, 164.7, 165.5, 165.3, 165.4, 165.4, 165.4, 164.7, 164.7, 165.9, 166.0, 166.5, 165.3, 165.4, 166.0, 165.9, 165.9, 166.0, 165.9, 166.0, 165.3, 166.0, 166.0, 166.0, 165.8, 166.6, 166.0, 166.0, 165.4, 165.3, 166.6, 165.9, 165.9, 165.4, 165.4, 165.3, 165.4, 166.0, 166.0, 165.8, 166.0, 165.4, 166.0, 166.6, 166.0, 165.9, 166.0, 165.4, 166.0, 166.5, 165.9, 165.4, 166.0, 166.0, 165.4, 165.9, 165.9, 166.6, 166.0, 166.5, 165.4, 165.5, 166.0, 165.9, 165.9, 165.8, 165.3, 166.0, 166.6, 166.0, 165.9, 166.0, 166.0, 165.9, 165.9, 165.9, 165.9, 166.5, 166.0, 165.3, 165.8, 165.4, 166.6, 165.4, 164.7, 165.2, 164.6, 165.3, 164.6, 165.2, 164.7, 165.3, 164.7, 164.8, 164.7, 165.2, 164.6, 165.4, 164.7, 165.4, 164.7, 164.7, 164.6, 164.6, 165.3, 166.0, 166.5, 166.5, 165.9, 165.9, 166.6, 165.3, 165.9, 165.3, 165.3, 165.3, 164.6, 164.6, 164.5, 164.5, 164.5, 164.6, 164.6, 164.6, 165.2, 164.6, 164.7, 164.7, 165.3, 164.8, 164.7, 164.7, 164.7, 165.3, 164.7, 165.4, 165.3, 165.4, 165.3, 165.3, 164.8, 164.7, 165.3, 165.4, 165.3, 166.0, 165.3, 165.3, 165.4, 165.4, 165.4, 165.3, 164.8, 164.8, 165.4, 165.9, 166.6, 166.5, 166.5, 167.1, 168.3, 169.0, 169.6, 170.2, 170.8, 171.4, 170.8, 171.4, 170.2, 172.0, 171.4, 170.8, 172.0, 172.6, 172.0, 172.0, 172.0, 172.0, 172.6, 172.0, 172.0, 171.4, 170.8, 170.8, 170.8, 170.2, 169.6, 169.0, 169.6, 169.6, 168.4, 168.4, 167.9, 168.5, 168.4, 168.4, 168.4, 167.9, 168.5, 168.4, 167.9, 168.4, 167.8, 168.4, 167.2, 167.8, 168.4, 168.4, 167.8, 167.3, 167.9, 167.9, 168.4, 167.8, 167.9, 167.8, 167.8, 167.8, 168.4, 168.4, 168.4, 168.5, 169.0, 168.4, 169.6, 170.2, 169.6, 170.8, 170.2, 169.6, 170.2, 170.7, 170.2, 170.8, 172.0, 172.0, 171.3, 171.4, 172.0, 172.0, 172.0, 172.0, 172.0, 172.0, 172.0, 172.6, 172.6, 172.6, 172.0, 171.3, 172.0, 172.0, 172.0, 172.0, 172.0, 171.3, 172.0, 171.3, 170.7, 171.3, 170.7, 170.7, 170.7, 170.7, 170.0, 170.1, 170.7, 170.1, 170.1, 170.1, 170.1, 169.5, 170.1, 169.5, 169.4, 169.5, 169.5, 168.8, 169.4, 169.5, 169.5, 168.9, 168.9, 168.2, 168.9, 168.8, 168.8, 168.2, 168.2, 168.2, 168.9, 168.2, 168.2, 167.6, 168.2, 167.0, 167.6, 167.6, 167.6, 167.6, 167.6, 167.7, 167.7, 167.7, 167.1, 167.1, 167.1, 167.1, 167.1, 167.1, 166.5, 166.5, 167.1, 167.2, 167.1, 167.1, 167.1, 167.7, 167.8, 167.1, 167.8, 167.1, 167.1, 167.1, 167.2, 167.7, 167.8, 167.1, 167.7, 167.1, 167.2, 167.1, 167.2, 167.2, 167.8, 167.2, 167.8, 167.1, 167.8, 167.1, 167.1, 167.2, 166.6, 166.6, 166.5, 166.6, 166.6, 166.6, 166.6, 166.6, 166.6, 167.2, 166.6, 166.6, 166.6, 167.2, 167.2, 166.0, 166.0, 167.2, 167.2, 167.2, 167.2, 167.1, 167.1, 167.2, 166.6, 166.6, 167.2, 167.2, 167.1, 166.6, 167.2, 166.6, 167.2, 167.2, 167.2, 167.2, 167.2, 165.9, 165.9, 165.2, 165.9, 165.3, 165.9, 165.3, 165.9, 166.6, 166.5, 165.9]"
7,"[163.5, 162.7, 162.5, 162.6, 162.6, 162.1, 163.7, 164.6, 164.6, 163.9, 164.6, 165.2, 165.2, 165.2, 165.2, 164.6, 165.3, 164.7, 164.7, 165.2, 165.3, 165.2, 163.8, 165.2, 164.6, 165.2, 165.8, 165.2, 165.8, 165.8, 165.2, 165.3, 165.2, 165.2, 165.2, 164.6, 165.2, 164.6, 165.9, 165.2, 164.0, 165.4, 165.2, 165.2, 164.6, 164.6, 165.2, 165.2, 164.5, 164.6, 164.6, 165.3, 164.5, 164.6, 164.6, 165.2, 164.6, 165.2, 165.2, 165.2, 164.5, 164.7, 164.6, 164.7, 165.2, 164.5, 164.5, 163.9, 164.5, 164.6, 164.6, 164.7, 163.8, 165.2, 165.2, 163.9, 164.5, 163.9, 164.6, 164.7, 164.7, 164.6, 163.9, 164.0, 164.5, 163.9, 164.5, 163.9, 164.0, 164.5, 163.9, 164.5, 164.5, 164.6, 164.7, 164.6, 164.6, 164.5, 164.6, 164.6, 164.0, 164.6, 164.6, 164.5, 165.2, 164.5, 164.0, 164.6, 163.9, 164.0, 163.9, 163.8, 163.8, 164.5, 164.5, 165.2, 164.6, 163.9, 164.6, 164.5, 164.0, 164.5, 164.6, 163.8, 163.9, 163.9, 164.0, 163.8, 163.4, 164.0, 164.0, 163.4, 163.9, 164.5, 164.0, 163.9, 163.9, 164.0, 163.2, 163.2, 163.3, 164.0, 163.9, 163.3, 163.9, 163.8, 164.6, 164.0, 164.6, 164.0, 164.5, 164.0, 164.1, 164.0, 164.5, 163.9, 164.0, 163.9, 163.9, 164.5, 164.7, 163.5, 164.0, 164.5, 164.0, 164.7, 164.1, 163.9, 163.3, 163.4, 164.0, 164.0, 164.0, 163.4, 163.9, 163.3, 164.0, 163.9, 164.0, 162.7, 163.9, 163.9, 164.0, 163.8, 164.0, 163.9, 164.0, 163.9, 164.0, 163.9, 163.9, 163.9, 163.4, 164.6, 164.0, 163.8, 163.5, 163.9, 163.9, 163.9, 164.0, 163.4, 164.0, 163.9, 163.9, 163.9, 163.9, 164.0, 163.9, 163.9, 164.0, 163.9, 163.4, 163.9, 163.9, 163.9, 163.3, 163.2, 163.3, 164.0, 163.4, 164.6, 164.6, 164.0, 164.0, 164.0, 163.8, 163.9, 163.9, 163.2, 164.1, 163.3, 164.0, 164.0, 163.4, 163.9, 163.3, 163.4, 164.0, 163.4, 164.0, 163.3, 162.8, 163.9, 163.9, 163.3, 164.0, 163.3, 164.1, 164.0, 163.2, 163.2, 163.1, 163.9, 163.3, 163.3, 163.3, 164.1, 164.0, 163.4, 163.3, 163.9, 163.3, 163.3, 164.0, 163.9, 163.3, 163.9, 163.9, 162.8, 164.0, 163.3, 163.4, 163.3, 163.4, 163.5, 163.3, 163.9, 164.0, 164.0, 162.8, 163.8, 163.9, 163.4, 164.0, 164.0, 163.4, 163.5, 164.0, 163.9, 163.4, 163.9, 163.9, 163.5, 163.3, 163.3, 163.9, 163.9, 163.3, 163.3, 164.0, 163.3, 164.0, 163.5, 163.3, 164.0, 163.9, 163.4, 162.8, 162.7, 163.9, 163.2, 163.4, 163.3, 163.3, 163.3, 163.8, 163.3, 163.3, 163.9, 164.1, 163.9, 163.3, 164.0, 163.3, 163.2, 163.4, 163.3, 162.8, 163.9, 163.2, 163.9, 163.3, 163.8, 163.9, 163.3, 163.2, 163.8, 163.4, 162.8, 163.9, 163.2, 163.3, 163.3, 163.3, 163.8, 164.0, 163.3, 163.3, 163.3, 163.4, 163.4, 163.3, 163.4, 163.8, 163.3, 163.2, 163.3, 163.3, 163.3, 163.3, 162.7, 163.4, 163.4, 163.3, 163.9, 163.3, 163.9, 164.5, 164.1, 163.5, 164.6, 164.6, 164.8, 164.6, 165.3, 164.8, 164.2, 164.1, 165.3, 165.9, 165.4, 166.1, 165.8, 166.5, 165.8, 166.5, 166.5, 167.7, 167.7, 167.7, 167.1, 167.7, 167.7, 167.8, 167.7, 167.8, 167.2, 167.2, 166.5, 166.6, 167.2, 167.2, 167.2, 166.6, 166.0, 166.0, 165.4, 166.0, 165.3, 166.0, 165.9, 166.0, 166.0, 165.4, 165.4, 164.7, 166.0, 165.3, 164.8, 164.6, 165.3, 164.8, 164.7, 164.8, 164.8, 165.2, 164.8, 165.4, 164.1, 165.3, 164.8, 164.1, 164.7, 164.6, 164.7, 164.7, 164.6, 164.8, 164.2, 164.0, 164.6, 164.1, 164.1, 163.9, 164.0, 164.0, 163.4, 164.0, 164.1, 164.0, 164.0, 164.6, 164.0, 163.4, 164.0, 163.5, 163.4, 164.0, 164.1, 164.0, 164.6, 164.5, 164.0, 164.6, 163.9, 163.9, 164.6, 164.0, 164.0, 163.9, 163.4, 163.4, 164.0, 163.4, 164.0, 164.0, 163.3, 163.4, 163.9, 163.4, 164.0, 163.4, 163.4, 163.3, 163.3, 163.4, 164.6, 163.4, 164.5, 164.6, 164.0, 163.9, 164.0, 164.0, 164.0, 163.9, 163.9, 164.0, 163.9, 163.3, 163.9, 164.5, 164.0, 163.9, 164.0, 163.4, 164.1, 163.4, 164.0, 164.6, 164.0, 164.0, 162.8, 164.0, 163.4, 163.2, 164.0, 164.0, 163.2, 163.9, 163.4, 163.4, 163.9, 163.9, 164.0, 163.3, 164.0, 164.0, 163.4, 163.9, 163.9, 164.0, 164.0, 164.0, 164.0, 164.6, 164.0, 164.0, 164.0, 164.0, 164.0, 164.0, 164.6, 164.6, 164.0, 164.0, 164.0, 163.9, 163.9, 163.9, 163.4, 163.9, 163.9, 164.0, 163.4, 164.5, 164.0, 164.0, 164.0, 163.9, 164.0, 164.0, 164.0, 164.0, 164.0, 163.9, 164.1, 164.0, 164.6, 164.5, 164.0, 164.0, 164.0, 164.0, 164.5, 163.9, 164.6, 163.9, 164.0, 164.1, 163.4, 163.9, 164.0, 163.3, 164.5, 164.0, 164.0, 164.6, 164.7, 164.0, 164.0, 164.0, 164.0, 163.4, 164.0, 164.0, 163.9, 164.6, 164.0]"
7,"[168.7, 168.9, 168.1, 167.5, 167.6, 168.2, 166.3, 167.6, 168.3, 169.0, 167.8, 167.8, 166.6, 166.6, 167.1, 167.1, 166.5, 167.2, 167.7, 167.1, 168.4, 166.5, 167.1, 167.8, 167.1, 167.2, 166.5, 167.1, 166.6, 167.1, 167.2, 167.1, 167.7, 166.5, 168.3, 168.4, 168.4, 167.2, 167.2, 168.4, 167.8, 167.7, 167.7, 167.1, 167.1, 168.3, 167.7, 167.1, 167.7, 167.7, 168.3, 167.7, 167.1, 168.3, 167.7, 167.1, 168.4, 168.3, 168.3, 168.4, 167.2, 168.3, 168.3, 168.4, 168.3, 169.0, 169.0, 169.0, 169.0, 170.2, 169.5, 169.5, 170.2, 169.0, 169.6, 169.5, 169.0, 169.5, 169.5, 169.0, 168.4, 168.4, 168.3, 167.7, 167.8, 167.7, 167.1, 167.1, 167.7, 168.4, 167.8, 168.9, 168.3, 168.3, 168.3, 168.9, 168.9, 168.3, 168.3, 169.5, 169.0, 168.4, 169.0, 169.0, 168.9, 168.3, 169.5, 169.5, 168.9, 168.9, 169.5, 169.0, 169.0, 168.9, 169.5, 170.1, 169.6, 169.6, 169.5, 168.9, 169.6, 169.6, 169.5, 168.9, 169.0, 167.7, 167.7, 167.7, 167.1, 166.5, 166.0, 165.9, 165.9, 165.2, 164.7, 165.3, 165.9, 165.9, 166.0, 167.1, 167.2, 168.4, 167.7, 167.7, 167.7, 168.3, 168.9, 170.2, 170.8, 170.8, 170.2, 170.2, 169.6, 169.5, 170.2, 168.9, 168.9, 168.3, 168.9, 168.3, 168.2, 168.2, 167.7, 167.7, 168.3, 167.7, 167.7, 167.7, 167.1, 167.1, 167.1, 166.5, 166.5, 166.5, 166.5, 166.5, 166.5, 166.5, 166.6, 166.5, 166.5, 167.1, 167.2, 167.1, 166.6, 167.1, 166.6, 166.6, 167.2, 167.2, 165.9, 166.5, 166.5, 166.0, 167.2, 166.5, 166.0, 166.5, 165.9, 166.0, 165.9, 165.9, 165.9, 166.6, 166.6, 166.5, 167.1, 166.6, 167.2, 166.6, 167.2, 166.6, 167.2, 166.6, 166.6, 166.6, 166.0, 166.5, 166.5, 167.2, 166.5, 166.5, 166.6, 166.6, 166.6, 166.6, 166.5, 166.5, 166.0, 166.5, 166.6, 166.0, 166.5, 166.5, 166.0, 165.9, 166.0, 165.9, 165.9, 165.2, 165.2, 164.6, 164.6, 164.0, 164.1, 165.3, 164.8, 164.7, 165.2, 164.6, 165.2, 166.4, 165.3, 165.3, 165.9, 165.9, 166.0, 165.9, 165.9, 165.9, 165.9, 165.9, 165.8, 166.5, 165.3, 164.6, 163.8, 163.9, 163.8, 164.6, 164.6, 164.6, 164.7, 165.3, 165.3, 165.9, 165.9, 166.5, 166.6, 166.6, 166.5, 165.9, 166.6, 166.5, 166.5, 166.5, 165.9, 166.6, 166.0, 166.0, 165.4, 167.1, 166.0, 166.1, 165.4, 166.6, 166.6, 167.1, 166.6, 165.9, 165.3, 165.8, 165.4, 163.8, 163.0, 163.8, 163.9, 165.2, 164.7, 164.6, 164.5, 165.3, 165.9, 165.4, 165.4, 165.9, 165.9, 166.0, 166.0, 166.0, 166.6, 166.1, 165.9, 166.5, 165.9, 165.9, 165.8, 165.9, 166.5, 166.5, 166.6, 166.5, 166.5, 165.9, 165.9, 165.9, 165.3, 165.3, 165.2, 165.3, 165.4, 166.0, 165.9, 166.5, 166.5, 166.6, 165.9, 166.5, 165.9, 165.9, 165.9, 165.9, 166.5, 166.5, 165.9, 165.9, 165.9, 166.0, 166.5, 165.9, 166.5, 166.5, 165.9, 166.6, 166.6, 166.6, 166.5, 167.2, 168.3, 169.6, 169.5, 170.8, 170.7, 171.4, 170.8, 170.7, 170.2, 171.4, 170.8, 171.4, 170.7, 172.0, 172.6, 172.0, 172.6, 172.0, 172.0, 172.0, 172.0, 172.0, 172.6, 172.6, 172.0, 172.6, 171.4, 171.4, 170.8, 170.8, 169.6, 169.0, 169.0, 168.4, 168.4, 168.5, 168.4, 167.8, 167.8, 167.2, 167.2, 167.9, 167.8, 168.4, 167.8, 167.3, 167.2, 168.4, 168.4, 167.8, 167.9, 168.4, 167.8, 168.3, 167.8, 167.8, 166.6, 167.8, 168.4, 167.8, 167.2, 167.2, 167.2, 167.2, 167.2, 167.1, 167.8, 167.2, 167.2, 167.7, 167.8, 167.8, 167.1, 167.8, 167.2, 167.3, 167.1, 168.4, 169.0, 169.0, 169.0, 168.9, 169.5, 170.2, 169.5, 169.5, 170.8, 170.8, 170.8, 171.4, 171.4, 172.0, 170.7, 172.0, 172.0, 172.6, 172.6, 172.0, 172.0, 171.3, 171.3, 171.4, 171.3, 171.4, 171.3, 171.3, 170.7, 170.7, 170.7, 170.1, 170.8, 170.8, 170.1, 170.1, 169.5, 170.1, 169.5, 168.9, 168.9, 168.9, 169.5, 168.9, 168.9, 168.9, 168.9, 169.5, 168.9, 168.3, 168.3, 167.7, 168.3, 168.3, 168.2, 168.3, 167.7, 167.6, 167.1, 166.4, 164.5, 162.9, 162.8, 163.0, 163.7, 163.1, 163.7, 163.9, 164.5, 164.5, 165.1, 165.8, 165.8, 165.8, 165.8, 165.8, 165.8, 165.8, 166.5, 166.5, 166.5, 166.5, 167.1, 166.5, 166.5, 166.5, 166.5, 166.5, 165.8, 166.4, 166.5, 166.5, 165.9, 166.5, 166.5, 165.9, 166.4, 165.9, 166.5, 165.8, 165.9, 166.5, 166.5, 165.8, 166.5, 165.9, 166.5, 165.8, 163.2, 163.6, 163.6, 163.6, 163.9, 165.2, 165.8, 165.8, 165.2, 165.8, 165.8, 165.2, 166.5, 165.8, 166.5, 166.0, 165.8, 166.5, 166.4, 166.5, 166.5, 166.5, 167.1, 165.8, 165.8, 166.5, 166.5, 167.1, 166.5, 167.1, 165.9, 164.5, 163.8, 163.7, 163.6, 163.0, 164.5, 163.0, 163.7, 163.3, 164.0, 163.4, 164.0, 164.1, 164.6, 165.2]"
8,"[153.8, 155.2, 153.9, 154.4, 154.5, 156.3, 156.4, 157.0, 156.4, 157.6, 157.0, 157.6, 157.6, 157.0, 156.4, 157.0, 156.4, 157.0, 155.8, 156.4, 157.0, 157.6, 156.4, 157.0, 157.0, 157.0, 158.2, 157.6, 157.6, 157.6, 157.0, 157.0, 158.2, 157.0, 157.6, 157.0, 157.6, 156.4, 156.4, 157.0, 157.6, 157.0, 157.0, 157.0, 157.6, 156.4, 157.0, 157.6, 157.0, 157.0, 157.6, 157.0, 156.4, 155.2, 155.8, 157.0, 156.4, 156.4, 157.0, 157.0, 156.4, 156.4, 157.0, 157.6, 157.0, 157.0, 158.2, 157.6, 157.6, 157.0, 157.0, 157.6, 157.0, 156.4, 157.0, 155.8, 155.7, 155.2, 156.4, 157.0, 156.4, 157.6, 157.6, 157.0, 157.0, 157.6, 157.6, 157.6, 157.6, 157.6, 158.2, 158.2, 157.7, 158.9, 158.8, 158.9, 159.5, 159.5, 158.8, 159.5, 160.1, 159.4, 158.8, 160.1, 159.5, 158.8, 158.2, 158.9, 159.5, 158.2, 158.2, 158.9, 158.8, 158.2, 157.6, 157.0, 157.6, 157.0, 156.3, 156.3, 156.4, 155.2, 154.0, 152.8, 153.4, 152.9, 152.1, 151.5, 151.0, 149.9, 149.3, 149.7, 150.5, 151.0, 149.8, 149.2, 150.3, 149.8, 149.8, 149.2, 149.8, 149.3, 148.5, 149.2, 149.7, 148.8, 149.3, 149.2, 149.8, 148.8, 148.6, 149.9, 151.0, 150.4, 150.4, 150.5, 149.9, 150.4, 150.4, 151.1, 150.5, 149.8, 149.9, 150.5, 149.3, 148.6, 148.2, 149.3, 149.5, 148.6, 148.8, 148.8, 148.2, 147.5, 148.1, 148.2, 147.5, 146.9, 146.3, 146.6, 147.3, 147.6, 147.7, 146.9, 146.2, 145.7, 146.9, 147.6, 146.9, 146.9, 147.0, 147.0, 145.6, 145.6, 145.7, 145.7, 145.0, 146.3, 146.5, 146.3, 146.3, 146.3, 145.9, 145.0, 144.3, 146.3, 145.6, 144.5, 144.3, 145.2, 145.2, 143.9, 144.3, 144.5, 143.9, 143.9, 143.7, 145.0, 144.0, 143.9, 143.7, 143.9, 143.3, 143.3, 143.5, 143.9, 143.7, 143.1, 143.1, 143.3, 141.8, 141.4, 143.7, 143.9, 144.3, 143.7, 145.2, 144.0, 143.7, 143.0, 143.5, 143.1, 143.0, 143.1, 144.3, 143.9, 144.3, 144.5, 145.0, 144.3, 143.7, 144.6, 145.6, 144.9, 144.1, 143.5, 144.5, 144.9, 144.7, 145.0, 145.0, 143.7, 144.3, 144.3, 143.5, 143.0, 143.7, 143.7, 143.9, 143.5, 144.3, 144.5, 143.9, 143.7, 143.1, 143.7, 143.1, 143.0, 144.1, 144.9, 144.9, 145.3, 145.0, 145.0, 143.5, 144.3, 144.3, 143.5, 143.5, 144.0, 144.0, 144.1, 143.5, 144.3, 145.0, 144.9, 144.3, 144.9, 146.2, 146.0, 145.5, 144.9, 145.0, 145.5, 145.5, 145.6, 145.5, 144.7, 144.3, 144.1, 145.5, 144.9, 144.0, 144.9, 144.9, 144.1, 144.9, 144.9, 146.0, 145.5, 146.8, 146.2, 146.2, 145.5, 146.3, 147.3, 146.3, 146.9, 146.9, 146.9, 146.2, 146.9, 146.9, 146.3, 146.2, 146.2, 146.8, 146.9, 146.3, 146.9, 146.5, 147.0, 146.9, 147.5, 148.9, 148.8, 148.1, 148.6, 148.2, 148.2, 148.1, 147.5, 148.1, 148.1, 147.5, 148.1, 148.1, 148.2, 148.3, 149.2, 149.3, 148.8, 149.3, 149.3, 149.9, 149.3, 148.8, 149.9, 149.2, 150.5, 152.3, 152.8, 153.4, 154.5, 155.2, 155.8, 156.4, 157.0, 157.0, 157.6, 157.6, 158.9, 158.9, 158.2, 158.9, 160.1, 158.9, 158.9, 159.5, 158.9, 159.5, 159.5, 159.5, 159.5, 159.4, 160.1, 160.1, 160.1, 158.8, 160.1, 159.5, 159.5, 159.5, 159.5, 159.5, 159.5, 160.1, 159.5, 160.1, 159.4, 160.1, 160.1, 160.1, 159.5, 159.5, 159.5, 159.5, 160.1, 159.5, 158.8, 159.5, 159.4, 159.4, 159.5, 160.1, 159.5, 159.5, 159.5, 159.5, 159.4, 160.1, 160.1, 160.1, 160.1, 159.5, 160.1, 159.5, 159.5, 159.5, 159.5, 160.1, 159.5, 159.5, 158.9, 158.9, 158.9, 158.9, 159.5, 158.9, 159.5, 160.1, 160.1, 159.5, 159.5, 160.1, 160.1, 159.5, 160.1, 159.5, 159.5, 159.5, 159.5, 159.5, 159.5, 159.5, 158.9, 158.8, 158.9, 158.9, 158.9, 159.5, 158.2, 158.9, 159.5, 159.5, 158.9, 158.2, 157.6, 157.6, 157.6, 156.4, 157.0, 156.3, 156.4, 157.6, 157.0, 157.6, 157.6, 157.0, 156.4, 156.4, 156.4, 157.0, 156.4, 156.4, 157.0, 156.4, 155.7, 155.7, 155.8, 155.8, 155.2, 155.7, 155.1, 155.1, 154.5, 154.5, 154.5, 153.9, 154.0, 154.0, 152.7, 152.8, 152.2, 152.2, 152.2, 152.7, 152.0, 153.3, 153.9, 153.3, 152.7, 153.3, 152.8, 152.1, 152.2, 152.0, 151.5, 151.6, 151.5, 151.5, 151.5, 151.0, 151.5, 151.0, 151.0, 151.0, 151.0, 150.3, 150.9, 151.0, 150.4, 150.4, 150.4, 150.4, 150.9, 150.3, 150.4, 151.0, 150.9, 151.0, 150.4, 150.3, 150.3, 150.4, 150.9, 150.4, 149.7, 150.3, 150.9, 151.0, 151.5, 151.4, 151.4, 152.1, 152.1, 152.1, 152.0, 151.5, 150.9, 151.6, 150.4, 150.3, 150.3, 150.4, 150.4, 150.3, 150.3, 149.8, 150.4, 149.8, 149.8, 149.7, 150.3, 149.8, 149.7, 149.8, 149.2, 149.2, 149.1, 149.1, 149.8, 149.8, 149.8, 149.8, 149.1, 149.7, 149.2, 149.1, 149.8]"
8,"[149.7, 148.4, 148.6, 149.2, 149.8, 149.7, 149.2, 148.6, 149.2, 148.6, 149.2, 149.3, 149.2, 149.9, 149.3, 149.8, 149.8, 149.2, 150.5, 149.9, 150.4, 150.4, 150.4, 149.9, 149.8, 150.4, 150.4, 151.0, 150.5, 151.1, 151.7, 151.7, 151.7, 151.7, 151.7, 151.1, 152.3, 152.3, 151.0, 151.6, 152.2, 152.2, 152.8, 152.2, 151.7, 151.6, 151.6, 152.2, 152.2, 151.6, 151.6, 151.6, 152.2, 151.7, 151.7, 151.7, 151.1, 152.3, 151.1, 151.7, 151.7, 150.4, 151.0, 150.6, 150.5, 150.5, 151.1, 151.0, 151.0, 151.7, 151.7, 151.7, 151.7, 151.7, 151.7, 152.2, 152.2, 152.9, 152.2, 152.1, 152.8, 152.8, 152.1, 152.9, 152.7, 152.8, 152.8, 152.1, 153.4, 152.8, 152.7, 153.4, 153.4, 152.9, 152.3, 152.1, 152.3, 152.3, 152.2, 151.6, 151.7, 151.7, 152.2, 151.0, 152.2, 152.1, 152.8, 152.8, 152.8, 152.2, 152.3, 152.9, 152.2, 152.3, 152.9, 153.5, 152.2, 152.9, 152.7, 152.8, 152.8, 152.2, 152.1, 152.2, 151.6, 151.6, 151.0, 150.4, 150.4, 149.2, 149.3, 148.6, 148.1, 148.2, 148.2, 148.6, 148.2, 148.1, 148.2, 148.6, 148.6, 148.1, 146.9, 147.5, 148.1, 148.6, 148.8, 148.8, 149.3, 149.2, 149.2, 149.8, 149.3, 149.2, 150.4, 149.7, 149.8, 149.2, 148.8, 149.1, 149.3, 149.3, 149.3, 149.3, 149.2, 149.8, 149.2, 149.3, 149.2, 149.2, 149.2, 149.1, 149.2, 149.1, 149.2, 149.3, 149.2, 148.6, 149.2, 148.8, 148.6, 148.6, 147.9, 148.1, 148.1, 146.9, 146.9, 147.5, 146.3, 147.5, 146.9, 147.0, 147.5, 148.5, 147.5, 147.9, 148.1, 147.5, 147.5, 147.6, 147.6, 146.9, 146.9, 146.9, 146.3, 146.3, 146.3, 146.3, 145.9, 146.5, 145.9, 145.9, 145.7, 146.5, 147.0, 146.5, 147.0, 146.3, 146.9, 145.9, 146.3, 145.9, 145.7, 145.7, 145.7, 146.3, 146.2, 146.3, 145.7, 145.7, 145.7, 146.3, 146.3, 145.7, 146.3, 145.7, 146.3, 145.9, 146.5, 146.5, 146.5, 146.5, 146.3, 146.3, 146.3, 146.9, 146.3, 145.7, 145.7, 145.6, 146.3, 145.2, 145.7, 146.5, 145.7, 145.7, 145.7, 146.5, 145.7, 146.2, 146.3, 145.7, 146.9, 146.2, 145.7, 145.7, 145.9, 145.7, 146.3, 146.2, 146.3, 146.3, 146.3, 146.5, 146.3, 145.7, 146.3, 146.9, 146.5, 146.3, 146.3, 145.6, 146.3, 146.2, 145.7, 146.2, 146.3, 145.7, 145.7, 145.7, 145.7, 145.7, 145.7, 145.7, 145.7, 145.7, 145.7, 145.2, 145.2, 146.3, 146.3, 145.7, 145.7, 145.7, 145.6, 146.2, 145.7, 145.2, 145.7, 145.6, 145.6, 146.3, 145.7, 146.3, 146.8, 146.9, 147.3, 146.8, 147.3, 147.3, 146.9, 147.5, 147.5, 147.5, 146.9, 146.3, 146.3, 146.9, 147.5, 147.6, 147.5, 147.5, 147.5, 146.9, 147.9, 147.9, 147.5, 148.1, 147.9, 147.5, 146.3, 146.9, 146.5, 146.9, 146.9, 147.0, 146.3, 146.9, 146.9, 146.9, 147.3, 146.8, 147.9, 146.3, 148.1, 147.5, 148.1, 147.5, 148.1, 147.3, 148.1, 147.5, 147.5, 147.5, 148.1, 149.3, 149.9, 149.8, 150.4, 150.2, 151.5, 151.4, 152.0, 152.1, 152.0, 152.7, 152.6, 152.6, 153.3, 153.3, 153.3, 153.9, 153.8, 154.5, 155.2, 154.5, 155.2, 155.2, 155.2, 155.8, 155.7, 155.8, 155.8, 156.4, 155.8, 155.2, 155.8, 155.7, 155.1, 155.8, 155.8, 156.3, 155.8, 156.4, 155.7, 157.0, 156.3, 156.3, 155.7, 155.7, 156.4, 156.4, 156.3, 157.0, 155.7, 156.4, 156.3, 156.3, 156.3, 156.3, 155.7, 157.0, 156.4, 156.3, 156.3, 156.4, 156.4, 156.4, 156.3, 155.7, 156.3, 156.4, 156.4, 156.3, 155.8, 155.8, 155.7, 155.7, 155.2, 155.2, 154.5, 155.8, 155.2, 153.9, 155.2, 155.2, 155.2, 155.2, 154.5, 154.1, 154.6, 154.0, 154.6, 155.2, 154.6, 154.5, 154.6, 154.0, 153.4, 152.8, 152.2, 152.8, 152.2, 152.8, 152.9, 152.3, 151.7, 152.3, 152.2, 152.2, 151.6, 152.2, 151.6, 151.6, 151.7, 151.7, 151.6, 151.7, 151.6, 151.6, 151.7, 151.5, 150.9, 151.6, 151.7, 151.0, 151.7, 151.6, 151.7, 151.7, 151.1, 152.2, 151.6, 151.0, 152.2, 151.6, 151.7, 152.2, 151.6, 152.9, 151.6, 151.7, 151.7, 151.7, 152.2, 152.2, 152.8, 152.1, 152.8, 152.8, 152.8, 151.7, 151.5, 152.3, 152.8, 152.2, 152.2, 152.3, 152.3, 152.2, 151.6, 152.9, 152.8, 152.3, 152.2, 151.6, 151.6, 152.2, 151.6, 151.1, 151.6, 151.6, 151.6, 151.6, 151.6, 151.6, 151.0, 150.4, 149.8, 150.4, 150.4, 149.8, 150.4, 149.8, 149.8, 149.8, 149.7, 150.4, 149.8, 151.0, 151.0, 151.7, 150.4, 150.4, 150.4, 151.1, 151.0, 149.8, 150.5, 151.0, 149.8, 149.9, 149.3, 149.8, 149.3, 149.9, 149.8, 149.9, 149.7, 149.8, 149.8, 149.8, 149.8, 151.0, 149.9, 151.0, 151.0, 150.4, 149.8, 149.8, 150.4, 149.8, 150.4, 149.8, 149.8, 150.4, 149.8, 149.2, 149.8, 149.8, 150.4, 149.8, 150.3, 150.5, 149.8, 149.8, 151.7, 150.4, 150.4, 149.8]"
8,"[151.3, 150.7, 150.2, 151.2, 150.7, 151.3, 153.2, 153.3, 153.3, 153.3, 152.7, 152.7, 152.8, 152.2, 152.7, 151.7, 152.1, 152.2, 152.3, 152.8, 152.7, 152.1, 152.2, 152.2, 152.2, 152.7, 152.7, 152.2, 152.1, 152.7, 152.7, 152.2, 152.2, 152.1, 152.9, 152.7, 152.1, 152.8, 152.2, 152.2, 152.3, 152.3, 152.2, 152.1, 152.2, 152.1, 152.3, 151.5, 152.8, 152.0, 152.2, 151.7, 151.6, 152.2, 152.2, 151.6, 151.6, 152.3, 151.7, 151.6, 151.6, 152.2, 151.6, 151.6, 152.2, 152.3, 152.2, 152.2, 151.6, 152.3, 151.6, 151.6, 151.6, 151.2, 150.6, 149.8, 150.6, 149.8, 151.1, 150.5, 150.5, 149.8, 151.1, 150.6, 151.0, 151.2, 150.5, 150.4, 151.1, 150.5, 151.1, 150.4, 151.0, 151.0, 151.0, 151.0, 150.4, 151.0, 150.4, 151.0, 151.1, 151.6, 151.7, 151.7, 151.0, 151.1, 151.0, 151.1, 150.4, 151.0, 151.0, 150.5, 151.0, 151.0, 150.4, 151.1, 151.1, 151.1, 149.8, 149.8, 149.9, 149.3, 149.8, 149.7, 148.6, 148.4, 148.5, 148.1, 148.1, 147.5, 148.1, 147.5, 147.5, 148.8, 149.2, 149.2, 148.6, 148.6, 148.6, 148.6, 149.2, 149.2, 149.8, 149.8, 149.8, 148.6, 149.2, 148.6, 148.8, 148.8, 149.2, 148.9, 149.8, 149.2, 149.3, 150.4, 150.5, 149.2, 149.9, 150.0, 150.4, 149.2, 149.3, 149.8, 149.3, 149.5, 149.9, 149.2, 149.2, 147.9, 147.3, 145.6, 145.6, 144.9, 144.5, 143.5, 144.0, 144.5, 144.0, 143.9, 143.1, 144.0, 144.8, 143.9, 144.6, 143.9, 144.6, 146.0, 146.3, 145.2, 146.5, 146.3, 146.3, 146.9, 146.9, 146.3, 146.3, 147.5, 146.9, 146.9, 146.3, 146.5, 146.3, 146.3, 147.3, 146.3, 146.3, 146.2, 145.7, 145.9, 147.0, 146.3, 146.3, 146.2, 146.9, 146.3, 146.9, 146.8, 146.8, 146.5, 146.8, 145.9, 145.7, 145.9, 146.9, 146.5, 146.9, 146.3, 146.3, 146.9, 146.3, 147.0, 146.2, 146.3, 146.3, 145.0, 144.9, 143.9, 143.9, 143.0, 142.4, 142.6, 143.0, 143.5, 143.3, 143.3, 143.9, 143.3, 143.3, 143.1, 142.8, 143.7, 143.7, 143.7, 143.9, 144.5, 145.0, 145.2, 145.7, 145.7, 145.2, 145.7, 146.5, 146.5, 145.7, 146.3, 146.3, 146.5, 146.5, 145.7, 145.9, 145.7, 145.2, 146.5, 146.3, 145.7, 146.3, 145.9, 145.9, 145.9, 146.3, 146.3, 145.3, 145.2, 146.3, 145.7, 146.2, 145.0, 144.5, 144.5, 144.3, 143.7, 143.1, 143.7, 143.7, 143.1, 143.1, 143.1, 143.7, 143.9, 143.9, 145.0, 143.9, 144.5, 145.0, 144.5, 143.9, 144.5, 145.2, 144.5, 145.0, 145.2, 144.5, 144.6, 144.5, 143.9, 144.5, 145.0, 145.0, 144.6, 144.5, 144.5, 145.0, 144.5, 144.9, 144.9, 143.9, 144.5, 144.5, 144.5, 145.0, 145.2, 143.9, 144.5, 144.0, 144.9, 144.3, 144.3, 144.9, 144.3, 144.3, 144.6, 144.9, 144.3, 144.5, 144.6, 144.9, 144.0, 144.0, 143.3, 144.5, 143.7, 145.0, 143.9, 143.9, 144.0, 143.9, 143.9, 143.3, 143.1, 142.8, 143.1, 142.6, 143.3, 143.9, 145.2, 145.0, 146.5, 146.5, 147.5, 147.5, 148.5, 149.7, 149.2, 149.2, 150.5, 151.1, 151.5, 152.2, 151.6, 151.5, 152.1, 151.6, 152.2, 152.1, 152.3, 152.0, 152.2, 152.3, 152.8, 152.8, 152.8, 152.7, 152.1, 152.0, 152.2, 152.8, 153.4, 152.7, 153.4, 153.3, 153.3, 153.3, 153.9, 153.4, 153.3, 153.4, 152.7, 153.3, 153.3, 154.5, 153.3, 153.9, 153.3, 153.9, 154.0, 154.5, 153.9, 154.5, 154.0, 154.6, 153.9, 153.9, 153.9, 153.4, 153.9, 154.5, 153.3, 153.9, 153.9, 154.0, 153.9, 153.9, 153.9, 154.1, 153.9, 155.2, 154.0, 154.0, 154.0, 153.9, 154.5, 154.5, 154.6, 154.0, 154.1, 153.4, 153.9, 154.0, 153.9, 154.1, 154.6, 154.1, 154.0, 154.0, 154.0, 153.5, 152.1, 152.2, 151.7, 151.6, 150.9, 151.0, 150.5, 151.0, 151.0, 151.0, 150.5, 149.2, 149.1, 149.3, 148.1, 148.6, 148.5, 147.5, 147.3, 147.3, 147.3, 147.3, 147.5, 148.1, 147.3, 147.5, 147.3, 146.8, 147.5, 147.3, 147.3, 146.8, 146.8, 147.5, 147.6, 147.5, 146.8, 148.2, 147.6, 147.0, 146.9, 147.5, 148.1, 147.6, 146.9, 146.8, 147.6, 148.1, 149.1, 149.2, 149.8, 149.2, 148.6, 148.8, 149.1, 148.2, 148.6, 148.1, 147.9, 147.9, 147.3, 148.2, 147.5, 148.5, 148.6, 148.5, 148.2, 148.1, 148.1, 147.5, 147.5, 147.3, 147.5, 147.5, 146.3, 146.8, 146.2, 145.6, 145.6, 146.3, 145.6, 145.6, 145.5, 145.7, 145.6, 145.0, 145.5, 145.0, 145.0, 145.6, 145.9, 146.9, 147.0, 145.7, 145.6, 146.3, 146.8, 146.9, 146.9, 147.0, 147.0, 146.3, 146.2, 146.9, 146.9, 147.0, 147.5, 147.3, 146.9, 147.5, 147.5, 147.5, 147.3, 148.1, 147.9, 147.5, 148.2, 148.5, 148.1, 147.3, 148.1, 147.5, 147.5, 147.6, 148.1, 148.1, 148.1, 147.6, 147.5, 147.5, 147.5, 148.6, 148.6, 148.1, 148.1, 147.5, 148.1, 147.3, 148.1, 146.9, 147.5, 147.9, 148.1]"
8,"[150.1, 151.9, 151.3, 151.9, 153.3, 153.1, 153.8, 153.9, 153.9, 153.9, 154.5, 154.5, 154.5, 153.9, 154.5, 154.5, 153.9, 154.6, 153.9, 154.6, 154.5, 153.3, 153.9, 153.9, 153.3, 153.3, 153.9, 154.6, 153.9, 153.9, 153.9, 153.9, 153.3, 153.9, 153.3, 153.3, 153.9, 153.3, 154.0, 153.3, 154.0, 153.3, 153.3, 153.4, 152.8, 152.8, 153.4, 152.2, 152.9, 152.2, 152.3, 152.8, 152.7, 152.2, 152.8, 152.8, 152.9, 153.4, 152.8, 153.4, 153.4, 153.4, 153.3, 153.4, 152.8, 152.7, 153.9, 153.3, 153.4, 153.3, 153.4, 152.8, 153.3, 153.4, 153.4, 152.7, 153.4, 152.7, 153.3, 152.2, 153.4, 152.7, 153.3, 152.2, 152.7, 152.2, 152.1, 152.2, 152.2, 152.2, 152.1, 152.2, 152.3, 152.2, 152.2, 151.6, 151.6, 151.5, 151.6, 151.6, 151.6, 151.6, 151.6, 151.6, 151.0, 152.3, 152.0, 152.1, 152.7, 152.2, 152.1, 152.1, 152.1, 152.0, 152.7, 152.1, 152.1, 152.6, 152.7, 152.6, 152.1, 152.1, 152.0, 152.2, 151.6, 151.6, 150.9, 150.4, 149.2, 149.2, 149.8, 149.1, 149.0, 148.6, 149.8, 149.2, 148.6, 149.3, 148.8, 148.6, 148.6, 149.1, 148.5, 149.1, 148.5, 149.2, 148.6, 148.6, 149.2, 148.6, 149.2, 149.2, 148.6, 149.3, 149.2, 148.8, 148.8, 149.3, 149.3, 149.3, 148.8, 148.3, 148.8, 149.2, 148.9, 149.3, 149.3, 148.8, 149.3, 149.3, 148.9, 148.8, 149.5, 149.3, 149.3, 148.3, 148.8, 148.6, 148.6, 148.8, 149.5, 148.8, 148.9, 149.2, 148.6, 148.6, 148.2, 148.8, 148.2, 148.5, 148.6, 148.8, 148.6, 149.2, 149.2, 148.1, 148.8, 148.6, 148.6, 148.1, 148.5, 148.1, 147.9, 147.9, 148.1, 146.8, 146.9, 145.7, 145.0, 144.5, 144.5, 144.3, 144.5, 144.5, 145.0, 144.5, 144.6, 145.5, 146.3, 146.2, 146.3, 146.8, 146.6, 146.9, 146.8, 146.9, 146.3, 146.8, 145.7, 146.8, 145.6, 146.2, 145.6, 145.0, 145.2, 145.7, 145.6, 144.6, 145.6, 145.2, 145.2, 146.2, 146.9, 147.5, 147.3, 147.3, 147.3, 147.3, 147.3, 145.7, 147.0, 146.9, 146.3, 146.9, 146.8, 146.5, 146.2, 145.7, 145.7, 145.6, 145.7, 146.2, 145.2, 145.0, 145.0, 145.2, 145.6, 145.2, 145.6, 145.6, 145.2, 145.5, 145.0, 145.2, 145.6, 144.9, 145.6, 145.2, 144.6, 144.9, 145.0, 144.3, 144.5, 144.3, 145.0, 145.5, 144.5, 144.3, 144.5, 145.6, 145.0, 145.0, 145.0, 144.5, 144.5, 144.3, 144.9, 144.6, 143.9, 143.7, 144.5, 144.5, 144.0, 143.9, 145.2, 145.0, 145.7, 144.5, 145.2, 145.0, 145.0, 145.2, 145.2, 145.0, 145.0, 145.2, 145.0, 144.5, 144.5, 145.0, 144.3, 145.2, 145.0, 144.6, 145.0, 144.6, 144.6, 144.5, 145.0, 145.0, 145.2, 145.2, 145.0, 145.0, 145.6, 145.6, 145.6, 145.6, 145.7, 145.7, 145.7, 146.3, 146.3, 146.3, 145.6, 145.6, 146.2, 146.3, 146.2, 146.2, 146.2, 146.3, 146.8, 146.3, 146.9, 146.3, 146.3, 146.3, 146.9, 146.3, 145.6, 146.2, 146.9, 146.9, 146.2, 146.8, 148.1, 148.6, 148.6, 148.8, 148.6, 148.8, 149.5, 150.4, 150.9, 150.9, 152.1, 151.6, 151.6, 152.7, 152.7, 152.8, 153.3, 152.6, 153.3, 152.7, 154.6, 153.9, 153.9, 153.9, 153.9, 154.5, 153.9, 154.6, 155.2, 155.1, 154.5, 155.2, 155.1, 155.2, 155.1, 155.1, 155.2, 154.5, 155.7, 155.1, 155.2, 155.7, 155.8, 155.8, 156.4, 155.1, 155.1, 155.8, 155.2, 155.7, 155.7, 155.1, 155.8, 155.1, 155.2, 155.2, 155.2, 155.1, 155.8, 155.2, 155.8, 155.2, 155.2, 155.8, 155.2, 155.2, 155.8, 155.2, 155.1, 155.2, 154.5, 155.2, 155.2, 155.2, 155.2, 155.2, 154.5, 154.5, 154.5, 155.2, 154.5, 154.6, 153.9, 155.2, 153.9, 154.5, 155.2, 153.9, 154.6, 153.4, 153.4, 153.4, 154.0, 153.4, 152.3, 152.3, 152.9, 152.9, 152.2, 152.2, 151.7, 151.6, 151.0, 150.4, 149.7, 149.8, 150.4, 150.4, 149.8, 149.8, 150.4, 151.0, 151.0, 151.0, 150.3, 150.4, 150.4, 149.9, 150.3, 150.4, 150.4, 150.3, 150.9, 150.4, 150.4, 150.3, 151.0, 150.4, 150.4, 150.4, 150.4, 150.4, 149.8, 150.4, 150.4, 151.1, 150.4, 150.4, 151.0, 149.8, 150.4, 150.4, 150.4, 150.4, 149.9, 150.4, 150.4, 150.4, 150.5, 150.4, 150.4, 149.8, 150.5, 149.8, 149.8, 150.4, 150.4, 150.4, 150.5, 150.4, 151.0, 149.8, 149.3, 151.0, 150.4, 150.4, 150.5, 150.4, 150.4, 150.4, 150.5, 150.4, 150.4, 150.4, 150.4, 149.9, 151.0, 150.4, 150.5, 149.8, 150.5, 149.9, 150.4, 150.4, 150.3, 149.8, 149.8, 149.9, 149.8, 150.4, 149.9, 150.4, 149.9, 149.9, 150.5, 150.4, 150.5, 150.4, 150.5, 149.8, 150.4, 149.3, 149.9, 149.2, 149.8, 149.9, 149.3, 149.8, 149.2, 149.8, 149.9, 149.9, 149.8, 150.5, 149.2, 149.2, 149.8, 150.4, 149.8, 149.7, 149.3, 149.8, 148.6, 149.2, 149.8, 149.3, 149.3, 149.8, 149.2, 149.2, 149.9, 149.9, 150.5, 150.5]"
8,"[150.8, 150.2, 149.1, 149.6, 149.8, 149.5, 150.9, 150.3, 150.9, 150.9, 151.0, 151.0, 150.9, 151.5, 151.6, 151.6, 152.2, 151.5, 151.7, 151.0, 152.1, 150.3, 151.7, 150.3, 150.9, 151.7, 151.6, 151.6, 150.9, 150.4, 151.0, 151.5, 151.0, 150.4, 151.0, 151.6, 150.9, 150.4, 151.1, 150.5, 149.7, 150.4, 150.3, 150.4, 151.2, 151.0, 150.4, 150.4, 150.4, 150.4, 150.4, 149.9, 149.2, 149.3, 149.3, 149.3, 148.6, 148.8, 148.6, 149.8, 148.6, 149.2, 149.8, 149.3, 149.9, 148.8, 148.6, 148.8, 148.6, 148.6, 149.2, 148.8, 149.2, 149.2, 148.6, 149.1, 148.1, 146.9, 146.9, 146.9, 148.1, 146.9, 147.9, 147.5, 147.5, 147.5, 147.5, 146.8, 146.9, 146.9, 146.9, 146.3, 146.3, 146.3, 146.9, 147.0, 146.9, 146.9, 146.3, 147.3, 147.3, 146.8, 146.9, 146.8, 147.0, 146.3, 147.9, 147.9, 148.4, 147.9, 147.9, 148.4, 147.9, 147.9, 147.9, 147.9, 147.9, 147.3, 146.9, 147.3, 147.5, 147.9, 147.9, 147.3, 147.3, 146.9, 146.2, 146.0, 145.6, 145.5, 144.9, 144.3, 144.3, 144.5, 144.3, 143.7, 143.7, 144.1, 144.3, 143.9, 144.3, 144.9, 144.5, 144.1, 144.5, 144.7, 144.9, 144.5, 144.3, 144.3, 144.5, 144.5, 145.6, 145.6, 145.6, 146.2, 146.3, 146.3, 146.9, 146.8, 146.8, 146.8, 146.2, 146.8, 146.2, 146.8, 146.8, 147.3, 145.7, 145.0, 145.6, 145.6, 145.6, 145.6, 145.6, 145.0, 145.0, 145.5, 145.0, 145.2, 145.5, 145.0, 145.0, 145.5, 145.2, 145.0, 145.6, 145.5, 145.6, 145.0, 145.0, 144.9, 145.0, 145.0, 144.3, 144.5, 145.3, 145.0, 145.0, 144.5, 145.0, 145.5, 145.6, 144.9, 146.2, 146.2, 146.0, 146.2, 146.0, 145.6, 145.6, 145.5, 145.0, 145.2, 145.6, 144.9, 144.9, 144.9, 145.5, 144.7, 145.0, 144.9, 145.0, 144.3, 144.3, 144.3, 144.3, 144.9, 145.0, 144.5, 145.5, 145.6, 146.2, 145.6, 145.3, 144.9, 145.0, 146.2, 148.1, 147.3, 147.2, 147.3, 147.5, 147.3, 147.2, 146.9, 147.3, 147.3, 147.3, 146.9, 145.0, 144.6, 144.5, 143.9, 144.5, 143.3, 143.7, 144.5, 145.0, 145.6, 145.2, 145.6, 146.2, 146.3, 146.6, 145.6, 146.6, 145.6, 146.8, 145.6, 146.2, 146.0, 146.3, 146.6, 146.6, 146.2, 146.6, 146.3, 146.9, 146.8, 146.8, 146.2, 146.6, 145.6, 146.0, 146.2, 146.0, 146.2, 146.2, 145.7, 145.0, 145.0, 145.6, 145.0, 145.6, 146.2, 145.2, 146.9, 145.6, 146.8, 145.6, 145.6, 145.6, 146.2, 145.2, 144.9, 144.5, 144.6, 144.5, 144.5, 144.3, 144.0, 144.5, 145.0, 144.5, 143.3, 144.0, 142.9, 143.5, 142.9, 142.9, 142.8, 143.5, 143.1, 143.9, 144.5, 144.5, 143.9, 143.3, 143.7, 143.5, 144.0, 143.9, 143.5, 142.8, 143.9, 143.3, 143.3, 144.0, 143.9, 144.0, 143.9, 144.3, 143.9, 144.5, 144.3, 144.5, 144.6, 144.6, 144.5, 144.5, 144.3, 145.0, 144.9, 144.5, 144.9, 144.6, 145.0, 144.5, 144.5, 144.3, 144.5, 144.5, 145.2, 146.3, 148.1, 148.6, 148.6, 149.2, 148.6, 149.2, 149.9, 150.4, 150.4, 151.0, 151.6, 151.0, 151.6, 151.6, 152.2, 152.7, 152.8, 153.9, 154.0, 154.0, 153.9, 153.4, 153.9, 153.9, 154.5, 154.0, 154.5, 154.0, 153.9, 154.5, 154.5, 155.1, 155.2, 155.1, 155.2, 154.5, 154.5, 153.9, 153.9, 154.5, 155.1, 155.1, 155.2, 154.6, 154.5, 155.2, 155.2, 155.1, 154.5, 153.9, 154.5, 154.5, 155.2, 154.0, 154.6, 154.5, 155.2, 154.5, 154.5, 154.5, 154.5, 154.5, 154.5, 154.6, 154.6, 154.5, 154.6, 154.5, 154.5, 154.6, 154.5, 154.5, 154.5, 154.5, 154.5, 154.5, 154.5, 155.2, 153.9, 154.6, 154.6, 155.2, 155.8, 155.2, 155.2, 154.5, 154.5, 154.5, 154.5, 154.5, 154.5, 154.5, 154.0, 153.4, 153.3, 153.5, 152.9, 152.7, 152.7, 152.3, 152.8, 152.1, 153.4, 152.9, 152.8, 152.8, 153.4, 153.5, 152.7, 152.7, 152.8, 152.9, 152.3, 152.3, 152.3, 152.2, 152.3, 152.2, 151.5, 152.2, 152.2, 151.1, 151.0, 151.1, 150.5, 150.5, 150.5, 150.4, 151.1, 149.8, 150.4, 150.5, 151.0, 150.3, 149.8, 150.4, 149.8, 150.4, 149.8, 149.8, 149.8, 148.6, 149.2, 148.6, 147.3, 147.3, 147.3, 147.3, 146.8, 146.9, 146.9, 146.3, 147.5, 146.9, 146.5, 146.8, 146.9, 146.9, 147.5, 147.5, 147.5, 147.5, 146.9, 146.9, 146.9, 146.9, 147.5, 146.9, 146.9, 146.9, 146.3, 146.5, 145.7, 146.8, 145.9, 147.0, 147.5, 146.8, 147.0, 147.5, 146.9, 147.6, 147.5, 147.5, 147.5, 147.5, 147.5, 147.5, 146.9, 146.9, 147.0, 147.6, 147.0, 147.3, 147.0, 146.5, 146.9, 146.9, 147.5, 147.6, 147.0, 147.5, 147.5, 146.9, 146.9, 147.0, 146.9, 146.9, 147.0, 146.9, 147.0, 146.9, 146.9, 146.9, 146.9, 147.0, 147.5, 145.9, 145.7, 146.3, 146.8, 146.3, 146.9, 146.9, 146.9, 146.9, 147.0, 146.2, 146.3, 147.0, 146.3, 147.0, 147.5, 147.0, 146.9]"
8,"[148.0, 148.9, 147.4, 146.9, 146.5, 147.7, 147.7, 148.5, 148.4, 148.6, 149.2, 149.1, 149.2, 148.5, 148.8, 149.2, 149.2, 149.3, 149.1, 149.2, 149.2, 149.2, 148.6, 149.2, 149.3, 149.2, 148.2, 148.3, 149.2, 148.6, 147.6, 147.6, 149.3, 148.6, 148.6, 148.6, 149.3, 149.3, 148.2, 148.6, 149.2, 148.8, 148.6, 149.2, 149.8, 149.2, 149.8, 149.2, 149.1, 148.1, 148.8, 148.8, 148.1, 148.8, 148.2, 148.5, 148.6, 148.6, 148.6, 149.8, 149.7, 149.7, 149.7, 149.9, 149.2, 149.2, 149.2, 149.7, 149.8, 150.3, 150.3, 150.3, 149.7, 150.3, 150.4, 150.4, 150.9, 150.9, 150.2, 149.7, 149.7, 149.2, 149.2, 148.2, 147.5, 148.1, 148.5, 148.2, 147.0, 148.2, 148.1, 147.6, 146.9, 148.2, 148.1, 148.1, 148.2, 148.8, 149.2, 148.9, 148.8, 149.8, 149.2, 149.1, 149.2, 150.3, 149.9, 149.8, 149.9, 149.1, 149.2, 149.7, 149.8, 149.1, 149.8, 149.6, 148.5, 149.7, 150.3, 150.3, 150.3, 149.8, 150.4, 150.5, 149.2, 148.8, 147.5, 145.9, 145.0, 144.8, 144.8, 145.2, 145.2, 145.9, 145.0, 144.5, 145.0, 144.9, 144.9, 144.5, 143.9, 144.5, 143.7, 143.7, 144.5, 144.5, 143.3, 144.0, 145.6, 144.6, 145.0, 145.6, 145.6, 144.9, 145.6, 145.6, 145.6, 145.5, 145.0, 145.7, 145.6, 145.6, 145.7, 145.7, 145.0, 145.0, 145.2, 145.2, 145.7, 145.0, 145.7, 145.7, 145.7, 145.5, 145.0, 144.9, 144.5, 143.7, 144.5, 145.0, 143.5, 144.3, 144.5, 145.2, 144.3, 144.5, 144.6, 144.5, 143.9, 144.3, 144.5, 143.9, 143.9, 143.7, 144.5, 143.9, 144.6, 144.0, 144.5, 144.5, 143.9, 144.3, 144.6, 143.9, 143.3, 143.1, 143.3, 143.1, 143.1, 143.9, 144.0, 144.3, 143.7, 144.0, 143.9, 143.9, 143.3, 143.7, 143.3, 143.0, 143.3, 143.5, 143.1, 143.1, 143.1, 143.7, 142.6, 143.3, 143.7, 143.7, 143.1, 143.1, 143.1, 142.8, 142.8, 143.3, 143.3, 143.9, 143.9, 143.3, 143.3, 143.3, 142.8, 143.9, 143.7, 143.7, 142.8, 143.3, 143.3, 143.5, 142.4, 142.6, 143.3, 143.3, 142.8, 143.3, 143.3, 143.1, 142.6, 143.7, 143.1, 142.8, 142.8, 143.3, 142.8, 143.0, 142.8, 143.3, 143.1, 142.4, 143.1, 143.5, 142.8, 142.6, 142.6, 143.1, 142.6, 142.6, 142.6, 142.8, 142.8, 142.4, 142.2, 142.6, 142.6, 142.6, 142.2, 142.2, 142.4, 142.0, 142.6, 142.9, 142.0, 142.0, 142.8, 142.2, 143.0, 142.6, 142.6, 142.0, 142.6, 142.6, 142.2, 142.2, 141.5, 142.6, 142.6, 142.0, 142.0, 142.6, 142.8, 142.6, 142.6, 142.2, 142.0, 143.3, 141.5, 141.3, 142.6, 142.0, 141.6, 142.2, 142.4, 142.0, 142.4, 141.6, 141.6, 142.4, 141.6, 143.1, 141.5, 142.0, 142.2, 142.8, 141.5, 141.5, 141.5, 142.9, 141.8, 142.8, 142.4, 142.0, 142.4, 141.8, 142.6, 142.8, 142.6, 143.0, 142.8, 142.8, 142.4, 143.7, 142.8, 142.2, 142.2, 142.6, 142.8, 143.1, 143.1, 142.6, 142.6, 142.8, 143.0, 143.3, 143.3, 144.9, 145.0, 146.3, 146.9, 147.2, 148.9, 150.5, 150.4, 150.3, 151.5, 152.1, 152.1, 152.6, 152.6, 152.6, 152.6, 152.6, 153.3, 153.9, 154.5, 153.9, 153.4, 154.5, 154.5, 153.9, 153.3, 153.9, 154.4, 155.2, 155.1, 155.1, 155.7, 155.1, 155.8, 155.2, 155.2, 155.2, 154.5, 155.1, 155.1, 155.1, 155.0, 154.5, 155.1, 155.2, 155.1, 155.7, 155.7, 155.1, 155.8, 155.0, 155.1, 155.8, 155.7, 155.7, 155.7, 155.8, 155.7, 155.1, 155.1, 155.1, 155.1, 155.2, 155.2, 155.2, 155.2, 155.1, 155.1, 155.2, 154.5, 155.2, 154.5, 154.5, 154.5, 154.6, 154.5, 153.9, 154.5, 153.9, 153.3, 153.5, 154.0, 153.4, 153.4, 152.2, 152.8, 152.1, 152.3, 152.8, 152.3, 151.7, 151.0, 151.0, 150.4, 151.0, 150.4, 150.4, 150.4, 150.4, 151.1, 151.0, 151.7, 151.1, 151.1, 150.5, 150.5, 150.4, 149.2, 148.8, 148.8, 149.2, 148.1, 147.9, 148.2, 148.2, 148.1, 148.3, 148.6, 148.8, 148.2, 148.8, 148.1, 148.9, 148.2, 148.6, 148.8, 148.6, 149.2, 148.1, 148.8, 148.6, 149.2, 149.3, 148.2, 147.6, 148.3, 147.6, 148.2, 148.2, 148.1, 148.2, 148.2, 147.0, 147.6, 147.6, 147.6, 146.9, 147.0, 148.2, 148.1, 147.0, 147.5, 147.6, 147.6, 147.6, 147.6, 147.5, 146.9, 147.5, 146.9, 146.8, 146.9, 147.5, 147.6, 147.5, 146.8, 146.2, 146.3, 147.5, 147.5, 146.9, 146.9, 147.6, 148.1, 148.2, 148.2, 148.2, 148.8, 148.6, 149.2, 149.2, 149.2, 149.7, 149.2, 149.2, 148.6, 148.5, 149.1, 149.3, 149.3, 149.1, 149.1, 149.1, 149.2, 149.3, 148.8, 149.2, 149.2, 149.2, 149.8, 148.6, 149.2, 149.8, 149.8, 149.2, 149.8, 149.8, 149.2, 149.8, 149.7, 149.8, 149.8, 149.9, 150.4, 149.8, 149.9, 150.3, 149.2, 150.4, 149.9, 149.8, 149.8, 150.5, 149.2, 151.0, 150.3, 150.4, 150.4, 151.1, 150.9, 151.0, 150.5, 151.0, 151.0, 150.4]"
8,"[150.3, 149.7, 149.6, 149.9, 149.9, 149.1, 149.8, 150.4, 149.8, 151.6, 151.1, 150.3, 151.1, 151.1, 151.1, 150.5, 150.4, 151.0, 150.5, 151.1, 149.8, 150.4, 151.7, 150.5, 150.5, 149.9, 150.4, 150.5, 150.5, 150.5, 150.5, 151.0, 151.0, 150.9, 149.8, 150.4, 149.9, 151.0, 150.5, 150.4, 151.1, 150.4, 150.4, 151.1, 151.0, 149.8, 149.9, 150.5, 149.7, 149.8, 149.8, 149.8, 149.8, 149.8, 150.4, 151.1, 150.5, 151.0, 150.4, 150.4, 149.8, 149.9, 149.8, 149.9, 149.9, 150.5, 149.9, 150.5, 149.5, 149.9, 149.9, 150.5, 149.9, 150.5, 149.8, 149.9, 150.5, 150.3, 150.4, 150.4, 149.8, 150.3, 150.5, 150.4, 149.8, 150.5, 150.6, 151.1, 150.4, 149.8, 150.5, 150.4, 151.6, 150.3, 150.4, 150.3, 150.4, 150.4, 150.4, 151.1, 150.5, 150.9, 150.6, 151.1, 150.5, 151.1, 150.5, 149.8, 150.5, 149.9, 149.2, 150.5, 150.5, 150.4, 149.2, 149.9, 149.9, 149.9, 149.2, 149.9, 149.3, 148.9, 149.9, 149.3, 148.9, 148.2, 147.5, 145.7, 144.6, 145.0, 144.5, 143.3, 144.0, 144.5, 145.2, 145.7, 145.9, 145.9, 144.8, 145.3, 145.7, 145.3, 145.3, 146.6, 146.5, 146.5, 146.9, 146.9, 147.5, 147.0, 146.9, 146.8, 146.8, 147.5, 147.5, 148.1, 147.5, 148.1, 147.5, 147.5, 146.9, 145.0, 144.3, 143.1, 142.2, 141.8, 142.6, 142.8, 142.2, 143.3, 142.2, 143.3, 143.3, 143.7, 143.9, 143.9, 143.7, 143.3, 143.1, 143.9, 143.3, 143.9, 144.3, 144.3, 144.3, 144.9, 144.5, 145.2, 144.5, 144.3, 145.0, 144.5, 144.9, 145.0, 145.6, 145.2, 144.5, 145.0, 144.5, 144.5, 145.0, 144.5, 144.5, 145.0, 144.5, 144.5, 143.1, 143.9, 143.0, 143.1, 143.1, 143.3, 143.1, 143.5, 143.0, 142.6, 143.1, 142.6, 142.8, 144.3, 143.9, 144.3, 143.7, 143.9, 144.5, 144.5, 144.3, 143.7, 144.5, 144.0, 144.9, 145.0, 145.0, 145.0, 145.0, 145.0, 145.0, 144.5, 144.5, 144.5, 144.3, 143.7, 144.3, 144.3, 145.0, 144.0, 144.5, 143.9, 144.3, 144.3, 143.7, 144.9, 144.3, 144.3, 143.7, 144.3, 144.3, 144.5, 145.0, 144.9, 145.0, 145.6, 144.5, 144.5, 144.5, 144.5, 143.7, 143.9, 144.5, 143.7, 143.9, 143.1, 143.9, 143.7, 143.1, 143.1, 143.7, 143.9, 143.7, 143.1, 143.1, 144.3, 143.1, 143.7, 143.7, 144.5, 143.9, 143.9, 144.5, 143.7, 144.5, 143.9, 144.5, 144.5, 145.7, 143.9, 144.5, 144.5, 144.3, 144.9, 145.0, 144.5, 144.5, 144.3, 144.5, 144.5, 144.9, 144.3, 144.5, 145.0, 144.5, 145.0, 145.2, 145.6, 145.7, 145.2, 145.6, 145.2, 144.5, 145.0, 145.0, 145.2, 145.0, 145.0, 145.0, 145.2, 145.0, 144.5, 145.6, 144.6, 144.5, 144.5, 145.0, 145.6, 145.0, 145.0, 145.6, 146.3, 146.2, 146.2, 146.9, 146.9, 147.5, 146.9, 146.9, 146.3, 146.5, 147.0, 146.5, 145.6, 145.7, 145.7, 145.2, 144.5, 144.5, 143.9, 142.9, 143.3, 144.5, 143.7, 142.8, 142.6, 143.1, 142.8, 143.9, 145.6, 147.0, 148.1, 147.9, 148.1, 148.5, 148.1, 149.3, 149.3, 150.5, 149.8, 149.9, 151.6, 151.7, 151.5, 151.5, 152.7, 152.7, 152.6, 153.3, 153.9, 153.3, 153.9, 154.5, 153.9, 154.5, 154.5, 155.2, 154.5, 154.5, 155.1, 154.5, 154.5, 154.5, 154.5, 155.2, 155.2, 155.2, 154.5, 154.5, 154.6, 154.5, 153.9, 154.5, 154.5, 155.2, 154.5, 155.1, 155.1, 155.1, 155.2, 155.1, 155.7, 155.1, 155.1, 155.1, 155.1, 155.1, 155.2, 155.1, 155.0, 154.5, 155.1, 155.2, 155.1, 155.2, 155.2, 155.2, 155.2, 154.5, 154.5, 155.2, 155.2, 154.5, 154.5, 154.5, 154.5, 154.5, 153.9, 154.6, 154.0, 154.0, 153.9, 153.3, 153.4, 153.3, 153.9, 154.0, 153.3, 154.0, 154.5, 154.0, 154.5, 154.0, 153.4, 153.4, 152.7, 152.8, 152.8, 152.3, 152.2, 151.6, 151.6, 151.6, 151.5, 152.3, 151.7, 151.7, 151.7, 152.2, 151.1, 151.7, 150.4, 149.8, 149.2, 149.8, 149.2, 149.1, 148.6, 147.3, 146.9, 146.5, 147.5, 146.8, 146.2, 147.3, 146.9, 148.1, 148.5, 148.1, 148.6, 148.6, 148.5, 148.1, 148.1, 148.5, 147.9, 147.3, 148.1, 148.6, 147.9, 147.9, 147.5, 147.5, 147.5, 148.5, 148.1, 148.6, 148.1, 147.9, 148.6, 148.1, 147.3, 147.9, 147.9, 147.5, 148.1, 147.9, 146.9, 147.9, 147.9, 147.5, 147.0, 146.9, 146.9, 146.9, 146.3, 147.3, 147.0, 146.9, 146.3, 146.9, 146.9, 146.3, 146.9, 146.5, 146.9, 146.3, 146.5, 146.3, 147.3, 146.5, 147.5, 146.9, 146.9, 146.3, 147.0, 146.3, 146.9, 146.8, 146.9, 146.9, 146.9, 147.0, 147.0, 146.9, 146.9, 147.0, 147.5, 147.5, 147.5, 147.3, 147.3, 146.8, 147.5, 146.9, 147.3, 147.3, 147.3, 147.5, 146.8, 147.5, 146.9, 146.3, 146.8, 146.9, 146.9, 146.3, 145.9, 145.2, 145.0, 144.5, 144.5, 143.9, 143.9, 144.5, 145.2, 145.7, 145.2, 145.0, 145.0, 144.6, 145.2, 145.3, 146.3]"
8,"[146.6, 147.2, 146.6, 146.0, 145.9, 144.9, 146.8, 146.8, 147.5, 147.9, 148.6, 148.6, 148.6, 149.2, 148.6, 148.6, 148.2, 148.1, 148.6, 148.6, 148.6, 148.6, 148.1, 148.1, 146.9, 146.9, 146.8, 145.7, 145.6, 145.0, 146.2, 145.7, 146.3, 146.8, 146.9, 146.3, 147.6, 146.8, 147.0, 146.9, 146.3, 145.6, 145.6, 145.7, 145.6, 145.6, 145.6, 145.6, 146.0, 146.2, 146.2, 145.6, 145.6, 145.3, 144.9, 144.1, 144.3, 144.3, 144.3, 144.5, 145.6, 145.0, 145.0, 144.9, 144.9, 144.3, 143.7, 144.3, 143.7, 144.3, 143.5, 142.4, 143.3, 142.6, 143.7, 143.1, 143.1, 144.1, 143.7, 143.7, 143.5, 145.3, 143.5, 142.8, 143.5, 144.3, 145.5, 145.5, 145.5, 145.6, 145.3, 144.7, 145.5, 145.5, 144.9, 146.2, 146.2, 146.8, 146.9, 146.9, 147.6, 146.9, 147.5, 147.3, 147.5, 147.0, 147.5, 147.5, 148.2, 147.5, 149.2, 148.6, 148.1, 148.6, 148.8, 148.8, 148.6, 149.8, 148.6, 149.8, 149.2, 149.8, 149.3, 148.6, 147.9, 147.3, 146.2, 144.5, 144.5, 143.9, 143.3, 143.5, 143.5, 143.5, 144.6, 144.0, 144.5, 144.5, 145.0, 145.5, 145.5, 145.0, 144.6, 145.3, 144.3, 144.9, 144.9, 144.7, 144.7, 145.3, 145.5, 146.0, 145.9, 146.0, 146.0, 146.0, 146.0, 145.9, 145.9, 146.0, 146.0, 145.9, 146.0, 145.5, 146.6, 145.9, 145.5, 145.5, 145.5, 145.5, 145.9, 145.5, 145.3, 146.0, 146.0, 145.9, 145.9, 145.5, 145.3, 145.3, 145.0, 144.3, 144.3, 144.9, 144.9, 144.5, 145.0, 144.7, 145.3, 145.3, 145.5, 145.3, 145.3, 145.5, 144.9, 145.3, 143.9, 143.1, 140.9, 140.9, 140.7, 141.8, 142.0, 142.6, 142.4, 143.5, 143.1, 143.3, 143.3, 143.3, 143.7, 143.9, 143.7, 144.3, 144.3, 143.7, 143.7, 144.3, 144.5, 145.0, 144.3, 145.0, 144.3, 144.9, 145.5, 145.5, 145.1, 145.5, 145.5, 145.3, 145.3, 145.3, 144.7, 145.9, 145.3, 145.1, 145.3, 145.3, 145.3, 145.3, 145.3, 145.3, 145.3, 145.3, 145.3, 145.9, 145.9, 145.3, 146.5, 145.5, 145.3, 145.9, 145.5, 146.5, 146.0, 146.0, 146.6, 146.6, 146.0, 145.9, 146.0, 145.9, 145.9, 145.9, 145.3, 145.3, 146.0, 146.0, 145.9, 146.0, 145.5, 145.5, 145.5, 145.9, 146.0, 146.0, 145.5, 146.5, 146.0, 146.8, 146.6, 145.6, 146.0, 146.0, 146.0, 146.0, 146.0, 145.6, 146.0, 146.0, 146.0, 145.5, 146.0, 146.0, 145.9, 145.9, 146.0, 145.9, 146.0, 146.0, 146.0, 145.5, 146.0, 146.2, 146.2, 146.0, 145.6, 145.5, 146.6, 145.3, 146.0, 145.5, 146.0, 146.0, 146.0, 145.5, 145.5, 146.8, 146.0, 146.0, 146.0, 146.0, 146.0, 146.2, 146.0, 146.0, 146.6, 146.5, 146.0, 145.9, 145.9, 145.5, 145.3, 145.9, 146.5, 146.5, 146.0, 146.0, 145.5, 145.5, 146.0, 145.3, 146.6, 145.9, 146.0, 146.0, 146.0, 146.0, 146.0, 145.5, 146.5, 145.5, 146.0, 145.5, 145.9, 145.5, 146.6, 145.5, 146.0, 146.0, 146.5, 145.9, 145.7, 145.3, 146.0, 145.6, 146.2, 146.9, 147.9, 148.5, 148.1, 149.2, 149.2, 150.9, 150.8, 151.5, 151.6, 152.1, 151.5, 151.5, 152.2, 152.0, 153.3, 153.3, 153.9, 154.5, 154.5, 154.5, 153.8, 153.3, 153.8, 154.5, 154.4, 155.2, 155.1, 155.1, 154.5, 154.5, 154.6, 155.1, 154.5, 154.5, 154.5, 154.5, 154.5, 154.5, 155.0, 155.1, 154.5, 154.5, 155.2, 154.4, 154.4, 155.2, 154.5, 155.1, 154.5, 154.5, 155.1, 155.1, 155.2, 155.1, 155.1, 155.1, 155.1, 154.5, 155.2, 155.2, 155.2, 155.2, 155.2, 154.5, 155.2, 154.5, 155.2, 154.6, 154.5, 155.2, 154.5, 154.5, 154.0, 153.9, 153.3, 154.5, 153.9, 153.9, 153.9, 153.3, 153.9, 153.4, 153.3, 152.2, 153.4, 152.7, 152.8, 152.1, 151.6, 151.5, 152.2, 152.1, 152.1, 151.6, 151.6, 151.6, 151.7, 151.6, 151.7, 151.6, 151.6, 151.6, 151.6, 151.6, 151.8, 151.0, 151.1, 150.6, 150.5, 149.3, 148.6, 149.2, 149.1, 149.2, 148.6, 149.2, 148.6, 149.2, 149.2, 149.1, 149.2, 149.2, 149.9, 149.2, 149.2, 149.2, 149.2, 148.6, 149.2, 148.5, 148.6, 148.5, 148.6, 147.3, 147.9, 148.1, 147.5, 147.5, 148.1, 147.5, 148.5, 148.5, 149.2, 149.2, 149.2, 149.8, 149.2, 149.2, 149.2, 148.8, 148.1, 147.6, 148.2, 148.1, 148.6, 148.1, 148.1, 148.2, 148.5, 148.1, 147.5, 147.5, 147.5, 148.1, 148.1, 147.5, 148.1, 147.5, 147.6, 147.5, 146.9, 147.5, 147.5, 147.5, 147.6, 147.6, 147.5, 147.5, 146.9, 146.9, 147.5, 146.9, 147.5, 146.8, 146.8, 147.5, 147.5, 147.6, 147.9, 147.3, 147.3, 147.5, 147.3, 146.9, 147.0, 147.5, 146.9, 146.9, 147.5, 146.9, 145.0, 144.9, 144.1, 144.3, 144.3, 144.1, 145.0, 144.3, 144.3, 144.5, 144.3, 144.3, 143.7, 144.5, 144.3, 144.9, 144.5, 145.0, 144.5, 145.0, 144.5, 145.0, 145.0, 145.6, 144.5, 145.2, 146.3, 146.5, 146.9, 146.9, 146.3, 146.9]"
8,"[152.0, 154.7, 154.7, 153.9, 153.3, 154.5, 155.2, 153.9, 155.2, 154.6, 154.6, 154.6, 154.5, 154.6, 154.6, 154.7, 154.6, 155.3, 155.2, 154.0, 154.5, 154.7, 155.2, 155.8, 155.2, 155.2, 155.2, 155.2, 155.2, 155.8, 155.2, 155.8, 155.2, 155.2, 155.9, 156.4, 155.8, 156.4, 155.8, 156.4, 155.8, 155.8, 155.8, 155.8, 155.8, 156.4, 155.8, 155.2, 155.2, 155.2, 156.4, 156.4, 155.8, 156.4, 156.5, 155.8, 155.8, 155.8, 155.2, 156.4, 156.4, 155.8, 155.7, 155.8, 155.7, 155.8, 155.8, 155.8, 155.8, 155.8, 156.4, 155.7, 155.8, 155.7, 155.8, 156.4, 156.4, 156.3, 156.4, 156.4, 155.8, 156.4, 155.8, 155.8, 155.2, 156.5, 155.8, 157.0, 155.8, 155.8, 156.3, 156.4, 157.0, 157.0, 157.0, 155.7, 156.3, 156.4, 157.0, 156.4, 156.4, 156.4, 156.4, 156.3, 157.0, 157.6, 157.0, 157.0, 157.6, 157.6, 157.0, 157.0, 157.0, 155.8, 157.6, 156.4, 157.0, 157.0, 157.0, 157.0, 157.0, 157.0, 156.4, 157.0, 156.4, 155.2, 154.6, 154.0, 153.5, 154.0, 152.2, 152.3, 151.0, 149.9, 150.4, 149.9, 150.5, 151.7, 152.3, 152.3, 151.8, 151.1, 151.7, 151.7, 150.4, 149.8, 149.2, 150.5, 149.9, 149.2, 150.5, 149.2, 149.9, 149.3, 149.2, 150.5, 150.5, 149.9, 149.2, 149.5, 149.8, 149.3, 149.5, 149.9, 149.2, 149.3, 149.3, 149.3, 149.8, 148.6, 149.9, 148.8, 148.6, 148.8, 148.6, 148.2, 148.8, 148.8, 148.9, 148.2, 148.2, 148.3, 148.2, 148.2, 148.6, 148.8, 148.1, 148.2, 148.6, 148.6, 148.6, 148.2, 148.1, 147.9, 148.6, 148.1, 148.6, 148.1, 148.2, 148.8, 147.5, 147.9, 147.6, 147.7, 148.2, 148.1, 147.5, 147.5, 147.6, 147.5, 147.3, 147.6, 148.1, 147.3, 147.5, 147.9, 148.1, 147.3, 147.3, 147.6, 146.8, 146.9, 147.5, 147.3, 146.9, 147.2, 148.1, 147.9, 147.9, 147.9, 147.9, 147.5, 147.6, 147.3, 147.9, 147.5, 148.2, 147.3, 147.3, 147.9, 148.1, 148.2, 148.6, 147.5, 148.2, 147.6, 147.6, 147.5, 148.1, 148.1, 148.1, 147.7, 147.6, 147.7, 147.6, 148.2, 147.2, 147.6, 147.6, 148.1, 147.5, 147.5, 148.8, 147.5, 148.1, 147.3, 147.6, 148.5, 147.9, 147.9, 147.5, 148.1, 147.9, 148.1, 148.1, 147.9, 147.5, 147.3, 147.5, 148.1, 148.5, 147.9, 148.1, 147.9, 147.9, 148.1, 148.5, 147.9, 146.9, 148.1, 148.1, 147.9, 148.6, 147.9, 148.1, 147.5, 147.3, 147.5, 146.8, 147.9, 147.5, 147.3, 148.6, 148.5, 147.3, 147.9, 147.3, 148.2, 148.6, 147.7, 148.1, 148.3, 148.2, 147.6, 148.1, 147.3, 148.6, 147.9, 148.1, 148.1, 148.5, 148.6, 148.6, 147.5, 148.5, 148.2, 148.1, 148.1, 148.2, 148.2, 148.1, 148.2, 147.5, 148.1, 148.1, 147.5, 148.6, 147.3, 148.6, 147.5, 147.9, 147.9, 147.3, 148.1, 147.3, 147.3, 147.2, 147.5, 147.3, 147.3, 147.3, 146.9, 147.3, 147.5, 146.3, 146.2, 145.7, 145.9, 146.3, 146.9, 147.3, 146.8, 146.8, 146.9, 147.3, 147.3, 147.9, 147.3, 148.6, 148.5, 148.2, 148.8, 148.3, 148.6, 149.9, 150.4, 150.4, 151.6, 151.7, 151.7, 152.1, 152.8, 152.8, 154.0, 153.3, 153.4, 153.9, 154.0, 154.5, 154.5, 154.5, 154.0, 155.2, 154.5, 154.5, 154.5, 154.6, 155.2, 154.5, 155.1, 155.2, 155.1, 155.2, 155.8, 155.8, 156.4, 156.4, 155.8, 156.4, 156.4, 155.8, 155.2, 156.4, 155.2, 155.8, 155.8, 155.2, 155.7, 155.8, 156.4, 155.7, 155.7, 155.8, 156.4, 155.7, 156.4, 156.4, 156.3, 156.3, 155.8, 155.8, 155.1, 155.8, 155.8, 156.4, 156.4, 156.4, 155.8, 155.8, 155.8, 155.8, 155.8, 155.2, 155.2, 155.8, 155.2, 154.5, 154.6, 153.3, 154.0, 153.9, 154.0, 152.7, 151.7, 151.1, 151.1, 151.7, 151.2, 151.7, 151.6, 151.8, 151.1, 151.8, 151.7, 151.1, 151.1, 151.1, 151.8, 151.1, 151.1, 151.1, 150.5, 151.0, 151.1, 151.0, 151.6, 151.1, 150.5, 151.7, 150.5, 150.5, 150.4, 150.4, 151.1, 151.6, 150.4, 151.0, 150.4, 149.1, 148.1, 147.9, 147.9, 147.9, 147.3, 147.3, 147.9, 147.5, 147.5, 147.5, 147.9, 147.9, 148.1, 147.5, 148.1, 148.1, 147.5, 148.1, 147.5, 148.1, 148.1, 148.6, 148.6, 148.6, 148.1, 148.1, 147.5, 147.5, 147.5, 147.5, 147.5, 148.6, 148.6, 148.6, 148.6, 149.2, 148.9, 148.2, 148.2, 148.2, 148.2, 148.2, 148.8, 148.2, 148.8, 148.8, 148.6, 148.9, 148.8, 148.8, 148.1, 148.2, 148.8, 148.8, 149.2, 148.8, 148.6, 147.5, 147.0, 147.5, 147.5, 147.5, 147.8, 147.3, 147.5, 146.8, 146.8, 146.3, 146.3, 146.2, 146.9, 146.9, 146.9, 147.3, 146.9, 146.8, 146.9, 146.9, 147.5, 146.8, 146.8, 146.9, 147.3, 146.9, 147.9, 147.5, 147.5, 147.5, 147.5, 146.9, 146.9, 146.9, 146.9, 146.9, 147.0, 147.3, 147.5, 146.9, 146.9, 146.9, 146.3, 146.3, 146.2, 145.5, 145.5, 145.5, 144.9, 145.0, 145.0, 144.9, 144.9]"
8,"[146.9, 147.2, 147.1, 147.7, 147.3, 147.8, 147.9, 148.6, 149.2, 149.8, 149.3, 149.2, 149.8, 149.3, 149.8, 150.5, 149.8, 149.8, 149.8, 149.9, 149.8, 149.8, 149.8, 149.8, 150.4, 149.8, 149.9, 149.8, 150.4, 149.2, 149.8, 149.8, 149.8, 149.2, 150.4, 149.8, 149.8, 149.3, 149.8, 150.4, 151.0, 150.4, 150.4, 149.8, 149.7, 150.5, 150.4, 150.4, 149.8, 149.3, 149.8, 149.2, 148.2, 148.6, 148.1, 147.6, 147.9, 147.3, 147.5, 146.9, 146.3, 145.9, 146.5, 145.7, 146.9, 146.3, 147.0, 146.9, 146.9, 147.5, 147.5, 148.2, 148.2, 148.2, 148.6, 148.6, 149.2, 149.2, 149.8, 149.2, 149.3, 149.3, 148.6, 149.3, 149.9, 149.2, 149.3, 149.9, 149.2, 149.2, 150.4, 149.2, 149.2, 149.1, 149.8, 149.2, 149.8, 149.9, 149.8, 149.8, 150.4, 150.4, 150.4, 150.3, 150.4, 150.5, 149.8, 149.8, 149.8, 150.5, 151.1, 151.1, 149.9, 151.0, 151.1, 149.9, 151.1, 150.4, 151.0, 150.4, 151.0, 149.8, 149.8, 150.5, 149.8, 149.3, 147.9, 146.9, 145.7, 144.6, 143.7, 143.1, 142.8, 143.1, 143.7, 143.9, 144.3, 144.3, 145.0, 144.5, 145.0, 144.3, 144.9, 145.0, 145.0, 145.0, 145.5, 145.0, 145.2, 145.0, 145.7, 146.2, 146.2, 146.8, 146.6, 146.9, 146.2, 147.5, 146.3, 146.3, 145.6, 146.2, 145.6, 145.5, 145.0, 145.2, 146.3, 146.2, 145.7, 145.6, 145.0, 145.6, 145.0, 145.7, 145.5, 146.3, 144.5, 144.6, 143.3, 143.3, 143.7, 143.9, 143.9, 143.9, 143.3, 143.1, 143.9, 143.7, 143.5, 143.9, 143.1, 143.5, 143.3, 142.8, 142.8, 142.6, 141.5, 142.8, 142.9, 142.6, 142.6, 143.3, 142.8, 142.8, 142.6, 142.0, 142.0, 142.0, 142.0, 142.6, 143.0, 142.6, 142.6, 142.8, 142.8, 142.8, 142.6, 142.0, 142.0, 142.0, 142.6, 142.2, 142.2, 142.6, 142.8, 142.6, 143.0, 143.0, 143.1, 143.0, 143.1, 142.0, 142.0, 142.6, 142.0, 142.0, 142.4, 142.6, 142.4, 143.1, 142.6, 142.8, 142.0, 142.6, 142.6, 142.0, 142.0, 142.2, 142.0, 141.6, 141.5, 142.6, 142.8, 143.3, 142.2, 142.8, 143.1, 142.6, 142.6, 142.8, 142.8, 142.6, 142.8, 143.3, 142.6, 142.6, 142.6, 142.2, 142.8, 142.6, 143.1, 142.0, 142.8, 143.1, 143.1, 142.2, 142.6, 142.2, 143.3, 142.8, 143.3, 143.1, 143.1, 142.6, 142.6, 143.1, 143.1, 143.1, 142.8, 142.8, 143.3, 143.5, 143.1, 143.1, 143.1, 143.1, 143.3, 143.0, 143.1, 142.6, 143.7, 143.1, 143.0, 142.8, 143.7, 142.8, 142.4, 142.6, 143.1, 142.2, 142.8, 142.6, 143.1, 143.1, 143.7, 144.0, 143.9, 143.3, 143.7, 143.9, 142.6, 143.7, 142.8, 142.8, 143.3, 142.8, 143.9, 143.9, 143.3, 143.3, 143.3, 143.1, 143.3, 143.7, 143.5, 142.6, 142.6, 142.6, 143.3, 143.3, 143.9, 143.3, 143.3, 143.3, 144.0, 144.0, 144.0, 143.9, 142.6, 143.3, 143.3, 143.5, 142.9, 142.8, 143.3, 142.8, 143.1, 143.5, 142.8, 143.3, 143.3, 142.8, 143.3, 143.7, 145.2, 145.0, 145.2, 145.6, 146.0, 145.2, 145.9, 146.2, 146.2, 146.3, 146.9, 146.5, 147.5, 147.6, 147.0, 146.9, 147.6, 147.6, 149.3, 148.6, 149.3, 148.6, 148.8, 149.9, 149.2, 150.5, 149.3, 149.2, 149.2, 149.8, 149.8, 150.4, 150.4, 150.4, 150.9, 149.8, 149.9, 150.5, 149.8, 150.4, 150.3, 150.0, 150.5, 150.5, 151.0, 150.4, 151.0, 151.1, 151.0, 150.5, 151.1, 150.5, 151.2, 150.4, 150.4, 150.5, 151.1, 151.8, 150.4, 151.0, 151.0, 151.1, 151.0, 151.1, 151.1, 151.0, 149.8, 151.7, 150.4, 150.4, 150.5, 151.1, 150.4, 150.4, 150.4, 150.4, 149.8, 151.7, 150.4, 149.8, 150.4, 150.5, 150.4, 150.4, 151.1, 150.4, 150.5, 149.8, 151.1, 150.4, 150.4, 151.1, 151.1, 151.1, 151.1, 150.5, 150.5, 149.9, 149.2, 148.8, 148.8, 147.7, 147.7, 147.7, 147.6, 147.2, 146.5, 146.3, 146.5, 145.7, 146.6, 147.6, 147.7, 147.7, 147.7, 147.0, 147.7, 147.7, 147.7, 147.9, 147.7, 147.7, 147.0, 147.6, 147.6, 147.6, 147.6, 147.7, 147.7, 148.2, 146.9, 147.7, 147.6, 147.6, 147.7, 148.3, 147.6, 147.2, 147.2, 147.2, 148.2, 147.0, 146.9, 146.5, 147.0, 145.9, 147.0, 147.2, 147.5, 147.6, 147.6, 147.5, 148.2, 147.6, 148.1, 148.1, 147.6, 147.6, 148.2, 148.2, 148.8, 148.2, 147.6, 146.5, 147.0, 147.0, 147.2, 147.0, 147.6, 147.5, 147.6, 147.7, 147.5, 148.1, 147.6, 148.1, 147.5, 147.0, 147.0, 146.5, 147.0, 146.9, 146.9, 146.5, 146.3, 145.7, 145.7, 145.7, 146.3, 145.9, 145.7, 145.7, 146.3, 146.3, 146.3, 146.5, 146.3, 146.5, 146.3, 146.3, 146.9, 145.9, 146.3, 146.3, 146.3, 146.9, 146.5, 146.3, 145.9, 146.3, 146.3, 146.3, 146.3, 146.9, 147.0, 147.0, 146.9, 146.9, 146.2, 146.3, 146.9, 147.5, 147.6, 147.6, 147.5, 146.9, 147.7, 146.8, 147.0, 146.9, 147.0, 146.6, 146.5, 146.5, 145.2, 145.6]"
8,"[148.8, 149.3, 149.0, 149.0, 148.1, 148.4, 150.3, 149.7, 150.3, 150.9, 151.5, 150.4, 151.0, 150.3, 150.4, 150.9, 150.2, 150.3, 150.3, 150.3, 150.3, 150.9, 150.9, 150.3, 150.9, 150.4, 150.4, 150.3, 150.4, 150.3, 150.4, 150.3, 150.8, 150.5, 151.0, 150.4, 150.4, 150.3, 150.4, 150.4, 150.9, 150.3, 151.0, 150.4, 150.4, 151.0, 150.9, 150.9, 151.0, 150.4, 151.0, 150.3, 151.1, 150.9, 150.3, 150.9, 150.4, 150.9, 150.9, 150.3, 150.9, 150.4, 150.4, 150.7, 151.5, 150.9, 151.0, 151.0, 151.1, 151.4, 151.6, 151.6, 150.3, 150.3, 150.4, 150.9, 151.0, 150.4, 151.5, 151.5, 151.0, 151.5, 151.0, 151.0, 151.0, 151.0, 150.9, 151.0, 152.1, 151.0, 151.0, 151.5, 151.0, 151.0, 151.6, 150.4, 151.0, 151.0, 150.9, 151.0, 150.8, 151.0, 151.5, 150.4, 151.0, 151.0, 150.3, 150.5, 150.5, 150.4, 151.1, 150.3, 149.1, 148.6, 149.2, 149.3, 149.5, 148.8, 149.3, 148.9, 148.8, 148.8, 149.5, 149.0, 147.6, 147.6, 146.9, 146.9, 146.9, 145.7, 146.3, 145.9, 146.9, 146.3, 146.3, 146.9, 146.8, 147.0, 146.8, 146.9, 146.3, 146.8, 146.3, 146.5, 146.2, 146.8, 146.9, 146.3, 147.3, 147.5, 146.9, 146.9, 147.5, 147.6, 146.9, 147.6, 147.6, 146.9, 147.6, 146.9, 147.5, 147.5, 146.9, 146.9, 146.9, 146.9, 146.9, 146.9, 146.9, 146.9, 146.3, 146.8, 146.8, 146.9, 146.9, 146.9, 146.3, 146.2, 146.5, 145.6, 145.7, 145.7, 145.7, 145.7, 145.6, 145.9, 146.2, 145.9, 145.7, 145.9, 146.3, 145.9, 145.7, 146.3, 146.3, 146.2, 145.6, 146.2, 146.9, 146.8, 147.3, 146.8, 146.9, 146.3, 146.3, 145.7, 146.9, 146.3, 146.3, 146.3, 146.3, 146.3, 146.3, 146.3, 146.3, 146.3, 146.2, 145.6, 146.3, 146.2, 146.3, 145.7, 145.0, 145.2, 146.2, 146.3, 146.3, 145.2, 145.2, 145.2, 144.5, 143.9, 144.6, 145.2, 144.6, 144.6, 145.0, 145.2, 144.6, 145.3, 145.3, 145.6, 145.0, 145.2, 145.7, 145.2, 145.2, 144.6, 145.0, 145.7, 145.7, 145.2, 145.2, 145.2, 145.2, 145.0, 145.0, 145.2, 145.2, 144.9, 145.7, 145.0, 144.5, 145.6, 145.2, 144.5, 144.6, 144.5, 145.0, 145.7, 144.6, 145.2, 145.2, 145.6, 144.6, 145.5, 145.5, 145.2, 145.7, 145.7, 145.7, 145.2, 145.2, 145.7, 145.6, 145.7, 145.6, 146.2, 145.6, 145.6, 145.6, 145.2, 145.6, 145.6, 145.7, 145.0, 146.2, 145.5, 145.6, 145.3, 145.9, 146.2, 145.2, 145.6, 145.6, 145.7, 146.0, 146.3, 145.7, 146.3, 145.7, 145.6, 145.7, 145.5, 145.7, 145.2, 145.0, 145.2, 145.0, 145.0, 145.2, 145.0, 145.0, 144.5, 145.7, 145.6, 146.8, 146.8, 146.9, 146.9, 146.9, 146.0, 146.8, 147.2, 146.8, 146.3, 146.8, 146.2, 146.8, 146.6, 146.8, 146.9, 146.9, 146.2, 146.6, 146.0, 146.9, 146.9, 146.9, 146.2, 146.2, 146.2, 146.2, 146.3, 145.6, 145.7, 146.3, 145.6, 146.2, 146.3, 146.2, 146.3, 146.8, 146.8, 146.8, 147.3, 146.8, 146.8, 147.5, 147.7, 147.2, 147.2, 147.7, 148.3, 149.3, 149.3, 149.8, 150.4, 150.3, 150.4, 150.9, 150.3, 150.9, 149.8, 151.0, 150.9, 151.0, 151.0, 151.1, 151.0, 151.5, 151.5, 151.0, 151.0, 151.0, 151.5, 151.0, 151.5, 150.9, 151.6, 151.0, 151.6, 151.7, 151.5, 151.0, 150.6, 151.1, 151.1, 151.0, 151.0, 150.5, 151.1, 150.3, 150.5, 151.1, 150.5, 150.5, 151.1, 151.1, 150.4, 150.4, 149.8, 149.1, 149.8, 149.8, 149.8, 150.4, 150.4, 149.9, 149.8, 149.2, 149.2, 149.3, 149.2, 149.2, 149.3, 149.2, 149.3, 149.2, 149.2, 149.9, 149.3, 149.3, 149.3, 148.8, 149.2, 148.8, 149.3, 148.8, 149.3, 149.3, 148.6, 148.2, 148.8, 149.2, 148.9, 148.6, 148.6, 149.3, 148.2, 148.8, 148.2, 148.3, 148.8, 148.4, 148.3, 148.2, 147.6, 147.6, 146.5, 146.5, 146.5, 145.7, 145.9, 145.9, 145.9, 146.0, 145.7, 145.9, 145.9, 145.7, 145.2, 146.2, 146.3, 145.7, 146.5, 146.0, 146.3, 145.9, 146.5, 146.9, 145.7, 146.9, 146.3, 146.3, 146.3, 145.9, 145.9, 145.6, 146.5, 146.9, 146.9, 147.0, 147.0, 147.0, 147.0, 146.9, 146.9, 146.5, 146.2, 147.0, 146.5, 146.5, 147.0, 146.3, 147.0, 146.3, 147.0, 147.0, 147.0, 147.5, 146.9, 146.9, 147.0, 147.0, 147.6, 147.7, 147.2, 146.5, 147.2, 147.3, 147.2, 147.2, 147.0, 147.0, 147.0, 147.0, 147.0, 148.3, 147.0, 147.0, 147.6, 147.7, 147.5, 147.7, 146.5, 147.3, 147.5, 147.5, 146.9, 147.0, 146.3, 146.9, 146.2, 146.2, 147.0, 147.0, 145.6, 145.7, 146.8, 146.5, 146.5, 146.2, 147.0, 147.0, 147.0, 147.0, 147.5, 147.6, 147.5, 147.6, 145.7, 145.6, 144.6, 144.0, 143.3, 143.3, 142.9, 143.5, 143.7, 143.3, 142.6, 142.8, 142.9, 142.9, 143.5, 142.8, 142.9, 143.1, 142.8, 143.3, 143.1, 143.3, 143.3, 143.9, 144.6, 144.5, 143.9, 143.9, 143.3]"
8,"[145.7, 144.9, 144.3, 144.7, 144.3, 144.3, 143.9, 144.5, 145.2, 146.5, 146.5, 146.5, 146.9, 146.3, 146.5, 147.0, 147.5, 146.9, 146.9, 146.5, 147.6, 146.9, 147.5, 147.0, 147.5, 146.9, 147.0, 147.7, 147.5, 148.2, 148.2, 148.3, 147.6, 147.6, 147.6, 147.6, 148.2, 147.6, 148.2, 148.2, 147.6, 148.1, 148.8, 148.2, 149.5, 149.2, 149.3, 148.8, 149.2, 148.9, 149.2, 149.2, 148.8, 148.8, 148.1, 147.7, 148.9, 148.2, 148.6, 148.9, 148.8, 148.8, 148.9, 149.3, 148.6, 148.8, 148.8, 149.3, 149.3, 148.2, 148.9, 149.3, 148.8, 148.8, 148.6, 149.3, 149.3, 149.5, 149.3, 148.8, 149.3, 148.8, 148.9, 148.9, 148.8, 148.8, 148.3, 148.9, 148.9, 148.2, 148.2, 147.5, 148.8, 147.7, 146.9, 147.6, 147.6, 147.6, 148.1, 147.7, 148.2, 147.5, 147.6, 147.6, 148.2, 148.2, 147.7, 148.2, 148.8, 147.6, 148.2, 148.2, 147.6, 147.0, 148.2, 148.8, 148.6, 148.3, 148.2, 148.2, 147.6, 148.3, 147.6, 147.0, 146.5, 144.6, 143.1, 142.8, 142.8, 142.8, 142.6, 142.8, 142.8, 142.6, 142.0, 143.1, 142.8, 142.6, 143.0, 143.1, 143.9, 144.6, 144.5, 145.2, 145.0, 145.2, 145.0, 145.7, 145.7, 145.7, 146.5, 146.5, 146.3, 147.6, 146.3, 147.2, 146.9, 147.0, 146.9, 146.9, 146.9, 146.9, 147.6, 146.2, 145.7, 145.7, 145.7, 145.6, 145.2, 145.2, 144.5, 144.5, 144.5, 143.7, 143.9, 144.6, 145.2, 145.0, 144.9, 145.0, 145.0, 145.5, 145.0, 144.3, 145.2, 144.5, 144.3, 145.0, 144.6, 144.9, 143.9, 143.7, 144.5, 143.9, 143.9, 143.3, 143.9, 144.0, 144.3, 143.7, 144.5, 145.0, 145.0, 144.6, 145.0, 144.5, 144.5, 145.0, 143.9, 143.9, 144.0, 144.6, 144.5, 144.5, 144.5, 145.0, 144.5, 144.3, 145.2, 144.5, 144.5, 145.0, 145.0, 145.5, 145.0, 144.6, 144.6, 145.2, 145.0, 144.5, 145.0, 144.5, 145.0, 145.0, 145.2, 144.9, 145.0, 144.3, 144.5, 144.6, 144.5, 144.5, 144.9, 145.0, 145.0, 145.2, 145.0, 145.0, 145.0, 145.0, 145.0, 145.0, 145.0, 145.6, 145.0, 145.0, 145.6, 145.2, 145.6, 145.0, 145.5, 145.0, 145.2, 144.5, 145.0, 144.5, 144.0, 143.9, 144.0, 143.1, 143.5, 144.5, 144.3, 143.7, 143.9, 143.9, 144.3, 145.0, 144.9, 144.3, 143.9, 144.9, 144.9, 144.5, 144.9, 145.0, 144.9, 145.5, 145.5, 145.0, 145.0, 145.0, 144.3, 144.5, 143.9, 145.5, 143.9, 144.9, 144.7, 144.3, 144.3, 145.0, 144.3, 144.3, 144.5, 144.3, 144.9, 145.0, 144.5, 144.5, 143.3, 143.9, 143.5, 143.7, 143.9, 144.5, 144.5, 143.9, 144.5, 144.6, 144.5, 145.0, 145.0, 144.9, 144.5, 144.3, 144.5, 143.9, 144.5, 144.5, 144.5, 143.7, 143.7, 144.6, 144.5, 144.5, 144.9, 143.9, 144.3, 144.5, 144.5, 144.3, 145.6, 145.0, 144.5, 144.3, 145.0, 144.3, 145.0, 144.5, 145.0, 144.9, 145.0, 145.2, 144.9, 145.2, 144.9, 145.0, 145.0, 145.0, 145.0, 144.3, 144.9, 145.0, 144.9, 145.6, 146.0, 146.8, 146.6, 147.5, 147.5, 148.6, 148.1, 147.6, 147.7, 147.6, 147.5, 148.2, 148.2, 148.8, 148.8, 148.9, 149.8, 149.2, 149.2, 149.8, 149.8, 150.4, 150.9, 151.0, 151.0, 150.4, 150.4, 151.0, 151.0, 150.9, 151.5, 151.5, 152.2, 152.6, 151.5, 151.6, 151.5, 152.0, 151.4, 152.0, 151.5, 152.0, 151.5, 152.0, 152.1, 152.8, 152.1, 152.1, 152.6, 152.0, 152.0, 152.1, 152.1, 152.8, 152.1, 152.1, 151.5, 152.0, 152.1, 152.0, 152.0, 151.6, 151.5, 151.6, 152.7, 151.5, 151.5, 151.6, 152.7, 152.2, 152.2, 151.7, 151.1, 151.6, 151.0, 151.0, 152.1, 151.6, 151.6, 151.6, 151.6, 151.1, 151.1, 151.2, 150.9, 150.4, 151.8, 151.6, 151.0, 151.0, 151.1, 151.6, 151.8, 151.1, 151.7, 151.8, 151.2, 150.5, 149.9, 149.9, 150.0, 149.9, 149.5, 149.9, 150.0, 149.9, 149.9, 149.9, 149.9, 149.3, 149.9, 149.2, 150.0, 149.9, 149.3, 149.3, 149.3, 148.6, 149.2, 149.3, 149.3, 148.8, 149.3, 150.5, 149.2, 149.3, 149.3, 149.8, 148.2, 148.2, 148.3, 147.3, 147.6, 148.2, 147.6, 148.2, 148.2, 148.8, 148.3, 148.3, 147.7, 148.2, 147.6, 147.6, 148.3, 148.2, 148.8, 148.1, 147.3, 147.7, 147.6, 147.7, 147.6, 146.9, 146.9, 147.2, 147.6, 147.0, 147.6, 147.5, 147.0, 146.3, 146.9, 146.3, 146.5, 146.5, 145.7, 146.5, 146.5, 146.8, 147.6, 146.9, 147.0, 147.6, 147.5, 146.9, 146.3, 146.3, 145.7, 146.3, 146.6, 146.3, 146.5, 146.5, 145.7, 146.0, 145.2, 145.2, 144.6, 144.5, 144.0, 143.9, 144.0, 144.0, 144.0, 144.0, 144.5, 144.5, 145.9, 145.9, 145.7, 145.7, 145.7, 145.9, 145.7, 145.3, 146.0, 146.3, 146.6, 145.9, 146.3, 145.7, 145.7, 145.7, 145.9, 145.7, 145.5, 146.0, 146.5, 145.3, 147.0, 145.7, 146.3, 146.2, 147.0, 147.0, 146.5, 146.8, 146.9, 146.3, 147.0, 146.5, 145.7, 146.5]"
8,"[145.9, 144.1, 144.7, 146.2, 145.5, 145.5, 145.6, 145.7, 145.7, 145.9, 146.9, 146.5, 146.5, 147.6, 147.0, 146.9, 146.5, 146.6, 146.5, 147.0, 146.9, 146.5, 146.9, 147.5, 148.2, 148.1, 148.3, 148.2, 148.3, 148.2, 147.0, 148.1, 148.1, 146.9, 146.9, 147.5, 147.0, 147.0, 147.5, 146.9, 146.8, 146.9, 147.5, 147.0, 147.5, 146.9, 146.9, 146.8, 146.9, 147.0, 146.3, 147.5, 147.0, 147.7, 147.6, 147.5, 147.0, 147.0, 147.0, 147.5, 147.6, 147.7, 146.9, 147.2, 147.2, 146.5, 145.9, 146.5, 146.0, 147.0, 147.0, 147.6, 147.5, 147.0, 147.7, 146.5, 147.0, 146.5, 146.6, 147.0, 146.5, 146.5, 146.5, 147.0, 146.5, 147.2, 147.0, 147.0, 146.9, 147.0, 147.6, 147.7, 147.5, 147.6, 148.3, 147.6, 147.0, 148.3, 147.0, 147.6, 147.2, 147.6, 147.2, 147.2, 148.1, 147.5, 147.6, 146.9, 148.1, 147.0, 147.6, 147.6, 147.7, 147.0, 147.2, 146.5, 145.9, 146.0, 145.9, 146.3, 147.2, 146.5, 146.5, 145.9, 145.9, 144.8, 143.3, 142.6, 143.9, 142.8, 142.2, 142.6, 142.4, 142.4, 142.8, 142.2, 142.0, 142.0, 143.1, 142.4, 142.9, 142.4, 142.0, 143.1, 142.6, 142.8, 142.6, 142.6, 142.6, 142.8, 142.6, 143.5, 143.9, 144.0, 144.0, 143.9, 144.0, 143.1, 143.9, 143.7, 143.9, 143.9, 143.3, 143.3, 143.3, 143.9, 143.3, 144.0, 144.0, 144.5, 144.0, 144.5, 143.9, 144.0, 143.9, 144.0, 144.3, 143.5, 143.7, 143.9, 144.5, 144.0, 143.5, 143.9, 143.3, 143.3, 143.3, 143.3, 142.6, 143.3, 142.8, 143.5, 143.5, 143.9, 143.3, 143.3, 143.3, 143.1, 143.3, 143.1, 143.3, 143.1, 143.9, 143.3, 142.8, 143.3, 143.1, 142.8, 142.0, 142.0, 141.5, 141.1, 140.9, 141.1, 141.1, 140.7, 141.1, 140.5, 140.0, 142.4, 141.6, 141.5, 142.6, 142.2, 142.2, 142.4, 142.0, 142.2, 142.8, 142.2, 142.8, 142.8, 142.2, 142.9, 142.2, 142.4, 141.6, 142.0, 141.8, 141.3, 141.5, 142.0, 141.5, 142.2, 142.8, 142.4, 142.4, 142.2, 141.8, 142.2, 141.5, 142.2, 141.3, 142.2, 142.6, 142.4, 143.1, 142.4, 142.0, 142.2, 142.8, 142.8, 141.6, 141.6, 142.4, 142.2, 142.8, 143.3, 142.8, 143.1, 143.3, 143.3, 143.3, 142.8, 142.8, 142.8, 142.6, 142.2, 142.2, 142.8, 142.8, 142.8, 142.8, 143.3, 143.9, 144.5, 143.9, 143.3, 142.8, 141.6, 140.3, 138.8, 139.4, 139.0, 139.6, 139.8, 140.0, 140.3, 139.6, 140.3, 139.9, 139.9, 137.5, 137.8, 138.0, 139.2, 138.8, 139.6, 139.6, 138.8, 138.6, 138.0, 138.4, 138.0, 137.0, 138.4, 137.3, 137.0, 137.0, 138.9, 138.0, 138.6, 140.1, 139.0, 139.8, 140.3, 140.3, 140.7, 141.1, 141.1, 142.0, 142.2, 142.0, 142.4, 142.8, 143.5, 142.6, 142.8, 142.6, 142.8, 143.3, 142.8, 143.5, 143.3, 142.8, 142.8, 142.8, 142.8, 142.8, 143.3, 142.6, 142.2, 142.6, 142.0, 142.2, 140.9, 141.1, 139.8, 140.3, 140.0, 141.1, 141.1, 140.5, 141.6, 141.6, 142.6, 143.9, 145.7, 145.7, 147.0, 147.6, 147.6, 147.6, 149.3, 149.3, 148.8, 149.2, 149.8, 150.4, 148.6, 150.4, 149.8, 150.3, 149.7, 149.6, 149.8, 150.4, 149.8, 150.4, 149.8, 151.0, 150.4, 151.0, 150.4, 151.0, 150.4, 151.5, 150.3, 150.4, 150.4, 150.9, 151.5, 151.0, 150.9, 150.3, 150.9, 151.0, 151.5, 152.1, 152.1, 151.6, 151.6, 151.5, 151.1, 151.5, 150.9, 150.4, 150.4, 151.5, 151.6, 151.6, 150.9, 151.6, 151.7, 151.5, 152.0, 151.5, 152.1, 151.5, 151.6, 151.6, 151.1, 151.5, 150.9, 151.6, 151.1, 151.1, 151.1, 151.6, 151.0, 151.0, 151.0, 151.1, 151.2, 151.0, 150.5, 151.1, 150.3, 150.4, 149.8, 149.8, 149.8, 149.8, 149.8, 149.3, 149.2, 149.8, 149.3, 149.2, 148.4, 148.3, 148.4, 147.3, 147.3, 147.3, 146.5, 147.2, 146.0, 146.0, 146.5, 147.2, 147.2, 147.2, 147.7, 147.5, 147.0, 146.3, 146.5, 147.0, 146.5, 147.2, 147.0, 146.9, 146.9, 147.0, 146.3, 147.0, 147.0, 146.5, 146.5, 146.3, 146.3, 146.3, 146.5, 145.7, 145.7, 145.2, 145.2, 145.3, 145.7, 146.3, 146.3, 146.3, 145.9, 145.2, 145.7, 145.6, 145.7, 146.2, 145.3, 145.3, 145.7, 145.7, 145.2, 144.6, 145.2, 145.7, 145.3, 145.3, 144.6, 145.0, 145.2, 145.2, 145.2, 145.0, 145.9, 145.7, 146.2, 146.3, 146.3, 146.3, 145.7, 146.2, 145.7, 145.9, 145.7, 146.3, 146.2, 145.3, 145.7, 145.7, 146.3, 146.3, 145.7, 146.9, 145.7, 146.5, 146.5, 146.3, 145.9, 146.3, 146.3, 146.3, 146.2, 146.2, 146.2, 146.3, 146.2, 146.3, 146.9, 146.3, 146.3, 146.3, 146.9, 146.9, 145.7, 146.5, 146.3, 146.8, 146.3, 146.5, 146.3, 146.5, 146.3, 146.8, 146.9, 146.8, 146.9, 146.3, 146.3, 146.9, 146.9, 146.8, 146.3, 146.6, 146.9, 147.0, 145.9, 146.8, 146.3, 146.5, 146.9, 147.3, 146.3, 145.7, 146.9, 146.8, 146.9, 146.2, 146.9]"
8,"[147.8, 147.7, 147.8, 149.0, 148.4, 148.4, 149.1, 149.7, 149.8, 150.4, 149.8, 150.4, 149.8, 151.1, 150.5, 151.0, 151.1, 150.3, 150.3, 149.7, 150.3, 150.4, 150.5, 149.8, 150.5, 149.8, 150.5, 150.4, 150.9, 149.8, 149.8, 149.7, 150.4, 149.8, 151.1, 151.1, 151.0, 150.5, 150.4, 149.8, 150.5, 150.4, 149.8, 149.8, 150.4, 150.4, 149.8, 149.8, 149.2, 149.2, 149.2, 149.2, 149.9, 149.9, 149.8, 149.2, 149.2, 149.9, 149.3, 149.2, 150.0, 149.8, 149.3, 150.5, 149.2, 148.2, 148.1, 146.8, 146.9, 146.0, 145.5, 144.9, 145.6, 145.6, 145.0, 145.5, 145.7, 145.7, 145.6, 146.0, 146.2, 146.3, 145.6, 146.2, 145.0, 145.7, 145.0, 145.6, 145.6, 145.9, 145.7, 145.9, 145.7, 146.3, 146.2, 146.9, 147.0, 146.9, 146.2, 146.3, 146.3, 146.3, 146.2, 146.3, 146.5, 145.9, 146.3, 147.5, 146.9, 146.9, 147.3, 148.1, 148.1, 148.6, 148.1, 148.2, 148.6, 148.6, 149.2, 148.2, 148.1, 148.1, 148.6, 148.5, 146.9, 146.5, 145.2, 143.9, 144.0, 143.0, 143.1, 142.8, 142.2, 142.8, 142.2, 142.8, 142.6, 143.9, 143.3, 143.1, 142.0, 142.8, 142.8, 142.2, 142.6, 142.8, 142.8, 143.9, 142.8, 144.5, 143.9, 143.7, 143.7, 145.2, 145.2, 145.2, 145.7, 146.2, 146.3, 145.6, 144.5, 144.3, 143.7, 143.9, 143.3, 143.1, 143.9, 143.9, 143.1, 143.1, 143.1, 142.2, 143.1, 143.1, 143.3, 143.3, 143.9, 143.9, 143.1, 144.5, 143.9, 144.3, 143.7, 142.8, 142.6, 142.6, 142.6, 142.4, 143.9, 143.3, 143.1, 143.3, 142.8, 143.0, 143.1, 143.0, 143.1, 143.1, 142.0, 142.6, 142.2, 142.4, 141.5, 141.5, 140.9, 140.9, 140.5, 140.5, 140.5, 140.7, 140.9, 141.6, 141.1, 141.8, 141.6, 141.6, 141.1, 142.2, 142.8, 142.0, 142.6, 142.0, 143.3, 142.2, 142.8, 142.8, 142.8, 142.2, 142.8, 142.6, 142.6, 142.8, 142.2, 142.6, 143.3, 143.3, 142.6, 143.3, 142.6, 142.2, 143.0, 142.4, 143.5, 142.2, 143.1, 143.1, 142.6, 143.9, 143.0, 143.7, 143.3, 143.7, 143.1, 143.3, 143.5, 143.3, 143.3, 143.3, 143.9, 143.7, 143.7, 143.7, 143.1, 143.9, 144.5, 143.9, 143.9, 144.6, 144.3, 143.9, 144.5, 143.7, 144.5, 143.9, 143.7, 143.3, 143.9, 143.9, 143.9, 143.9, 143.9, 143.9, 144.3, 143.5, 141.6, 141.3, 139.9, 140.3, 140.5, 140.7, 140.9, 140.9, 140.9, 141.5, 140.9, 141.5, 141.5, 140.9, 140.9, 140.9, 141.5, 141.5, 142.6, 142.6, 141.8, 141.8, 141.6, 142.0, 142.6, 143.0, 142.8, 143.0, 142.6, 142.4, 142.6, 143.5, 142.4, 142.6, 143.1, 142.0, 142.6, 143.0, 142.6, 142.8, 143.1, 143.3, 142.8, 142.8, 143.3, 143.3, 143.3, 142.8, 143.3, 143.3, 142.8, 143.3, 143.1, 143.9, 143.9, 144.0, 143.3, 142.6, 141.5, 139.4, 138.6, 137.8, 137.6, 137.6, 137.6, 139.2, 137.8, 140.3, 140.1, 140.1, 139.2, 139.4, 139.8, 139.4, 139.2, 138.9, 139.4, 138.9, 138.8, 139.4, 140.3, 142.2, 142.4, 143.7, 144.5, 145.7, 146.3, 147.6, 147.6, 148.2, 148.2, 148.6, 148.6, 149.1, 149.1, 150.3, 149.2, 151.0, 150.9, 151.6, 151.6, 151.4, 151.6, 152.0, 152.0, 152.0, 152.6, 152.6, 152.7, 152.7, 152.7, 152.7, 152.6, 153.2, 153.3, 153.9, 153.3, 153.3, 153.3, 153.3, 153.9, 153.3, 153.9, 153.9, 153.3, 153.3, 153.9, 153.9, 153.3, 153.3, 153.9, 153.3, 153.9, 153.3, 153.3, 153.3, 153.3, 153.3, 153.3, 152.6, 153.9, 152.7, 153.3, 152.6, 152.7, 152.6, 152.7, 152.7, 152.0, 153.3, 153.3, 153.3, 152.0, 151.6, 149.8, 150.4, 150.4, 150.4, 149.7, 149.2, 149.8, 149.8, 149.8, 148.8, 148.8, 148.8, 149.0, 148.2, 148.3, 147.6, 148.2, 148.2, 147.7, 146.9, 147.2, 146.5, 146.6, 147.2, 146.6, 146.5, 146.6, 146.5, 146.9, 147.6, 147.7, 147.0, 148.2, 147.6, 147.6, 147.2, 148.2, 148.8, 148.2, 148.3, 147.7, 148.2, 148.3, 148.2, 148.2, 148.1, 148.2, 148.8, 148.1, 148.1, 148.2, 147.6, 148.8, 147.5, 147.6, 148.2, 148.2, 148.2, 148.8, 148.2, 148.2, 148.2, 149.5, 148.6, 148.6, 148.6, 148.6, 148.6, 148.8, 148.1, 148.8, 148.8, 148.6, 148.8, 148.6, 148.8, 148.2, 148.9, 148.3, 148.2, 148.1, 148.1, 148.8, 148.1, 148.2, 148.3, 147.6, 147.6, 147.6, 148.2, 147.6, 147.6, 147.9, 147.6, 147.7, 147.7, 147.7, 147.6, 147.6, 146.9, 147.0, 147.7, 148.3, 148.2, 148.2, 148.3, 148.3, 147.6, 148.3, 148.8, 147.6, 147.6, 148.2, 147.7, 148.2, 147.3, 146.9, 147.5, 147.6, 147.5, 147.5, 147.6, 147.5, 148.1, 147.5, 147.5, 146.9, 146.8, 146.8, 146.9, 146.9, 148.2, 147.5, 148.1, 146.9, 147.5, 147.3, 146.9, 147.5, 147.6, 147.5, 148.2, 148.2, 148.2, 148.2, 146.9, 147.7, 148.2, 148.2, 147.6, 148.1, 148.1, 146.9, 147.6, 148.1, 147.5, 147.5, 146.8, 147.3, 147.5, 146.8, 146.2]"
9,"[134.3, 133.9, 133.3, 133.5, 133.1, 132.5, 133.9, 133.1, 133.5, 134.9, 134.3, 134.7, 134.9, 132.8, 132.0, 132.8, 134.9, 135.0, 134.5, 134.9, 133.7, 134.1, 133.3, 134.3, 134.1, 133.5, 133.5, 133.3, 132.8, 132.8, 132.0, 131.2, 130.6, 130.8, 132.0, 131.2, 131.4, 132.0, 131.1, 130.8, 130.8, 130.8, 131.1, 131.5, 132.5, 132.2, 132.2, 132.8, 132.5, 133.1, 132.5, 132.5, 131.8, 132.0, 132.5, 131.8, 131.2, 131.4, 131.4, 130.8, 130.8, 131.0, 131.6, 131.2, 131.6, 131.4, 132.0, 131.4, 130.8, 130.8, 130.6, 130.6, 132.2, 131.2, 131.8, 131.2, 132.0, 132.0, 130.6, 130.4, 130.6, 130.4, 130.6, 131.0, 131.2, 131.0, 130.4, 131.5, 131.5, 132.1, 131.0, 130.7, 131.0, 131.5, 131.2, 132.3, 131.8, 131.2, 131.8, 131.8, 131.5, 131.8, 131.8, 131.5, 131.5, 131.0, 131.5, 131.5, 131.5, 131.5, 131.5, 131.5, 132.1, 133.1, 133.1, 133.1, 131.8, 132.3, 131.5, 131.5, 131.5, 132.1, 131.5, 131.3, 131.5, 131.0, 131.0, 129.8, 130.4, 129.8, 129.8, 129.8, 129.6, 129.3, 129.8, 129.0, 128.8, 128.8, 129.0, 128.5, 129.0, 129.6, 129.6, 129.0, 128.8, 128.8, 129.0, 128.8, 129.0, 129.8, 129.0, 129.0, 129.6, 129.8, 129.0, 129.8, 129.8, 129.6, 129.6, 129.6, 129.8, 129.0, 128.8, 129.3, 128.5, 128.5, 129.3, 128.8, 128.8, 128.2, 128.8, 128.2, 128.8, 128.2, 128.2, 129.3, 129.3, 129.8, 130.8, 130.1, 130.6, 130.1, 129.8, 129.6, 129.8, 129.8, 129.8, 129.6, 130.6, 129.8, 129.8, 130.4, 129.8, 130.6, 130.4, 130.1, 129.8, 130.6, 131.2, 130.4, 130.6, 131.0, 130.1, 130.6, 130.4, 129.3, 129.3, 129.0, 130.1, 129.0, 129.0, 129.0, 128.2, 129.3, 128.2, 128.2, 128.8, 128.5, 128.5, 128.2, 128.2, 128.2, 128.7, 128.2, 128.8, 128.2, 128.2, 128.2, 128.2, 128.2, 127.9, 127.9, 127.9, 128.2, 127.9, 128.8, 127.9, 127.9, 128.2, 128.2, 128.8, 128.2, 128.2, 127.9, 127.9, 128.8, 128.8, 127.9, 127.4, 127.9, 127.9, 128.2, 127.9, 127.9, 127.7, 127.9, 127.6, 127.6, 127.9, 127.4, 128.2, 127.7, 127.7, 128.5, 127.9, 128.2, 128.5, 127.9, 128.2, 127.9, 128.2, 127.9, 127.6, 127.9, 128.2, 127.9, 127.4, 127.9, 127.7, 127.9, 127.9, 127.6, 127.9, 127.9, 128.2, 128.2, 128.2, 128.2, 128.2, 127.4, 127.9, 128.8, 127.9, 127.9, 127.9, 128.5, 127.9, 127.4, 127.6, 127.4, 127.4, 127.9, 128.2, 127.9, 128.2, 127.6, 127.9, 127.9, 127.9, 128.2, 127.9, 127.9, 128.5, 127.9, 127.4, 127.4, 127.1, 127.9, 127.7, 127.9, 127.7, 128.2, 127.9, 127.1, 127.9, 127.9, 127.7, 127.4, 127.4, 127.4, 128.2, 127.9, 127.9, 128.5, 127.1, 127.7, 127.9, 127.7, 128.5, 127.9, 127.7, 127.9, 127.9, 128.2, 127.7, 127.9, 127.7, 127.7, 128.2, 127.9, 128.5, 127.9, 127.9, 127.9, 127.9, 127.9, 127.9, 127.9, 128.2, 127.9, 127.6, 127.9, 127.9, 128.8, 127.9, 127.7, 127.9, 128.2, 127.9, 129.9, 131.5, 132.1, 132.9, 132.5, 132.3, 132.5, 132.5, 131.8, 132.0, 132.8, 132.5, 134.3, 136.0, 138.6, 140.5, 140.5, 141.7, 141.2, 141.8, 141.2, 141.1, 141.1, 141.1, 141.0, 141.8, 141.6, 142.4, 142.4, 143.1, 143.0, 142.5, 142.8, 142.4, 142.5, 143.0, 143.0, 143.0, 142.8, 143.3, 143.5, 143.0, 143.0, 142.4, 141.8, 142.5, 142.4, 142.3, 142.4, 142.3, 141.6, 139.9, 139.2, 138.6, 138.5, 137.9, 138.6, 137.9, 137.3, 136.7, 136.3, 135.8, 134.5, 134.7, 134.9, 134.7, 134.7, 134.7, 133.9, 134.1, 134.1, 133.9, 133.7, 134.5, 134.5, 133.9, 133.3, 132.5, 132.5, 132.9, 133.3, 133.1, 132.9, 133.1, 133.1, 132.9, 132.9, 133.1, 132.3, 133.1, 132.9, 133.1, 133.1, 132.5, 132.3, 133.1, 132.9, 133.1, 132.3, 132.9, 133.7, 132.9, 133.1, 132.3, 132.9, 132.3, 132.3, 132.3, 133.1, 131.5, 132.1, 132.1, 132.1, 131.3, 132.3, 132.7, 132.7, 132.1, 132.1, 132.1, 132.1, 132.1, 132.3, 132.1, 132.9, 131.5, 131.5, 132.1, 131.5, 132.1, 132.1, 132.1, 132.1, 132.1, 131.3, 131.9, 131.3, 131.5, 132.1, 132.1, 130.7, 131.3, 131.3, 131.0, 131.3, 131.5, 130.7, 131.3, 131.3, 131.5, 130.7, 130.4, 131.3, 131.5, 131.5, 131.3, 131.8, 131.5, 130.4, 130.1, 130.1, 130.7, 130.5, 130.1, 130.7, 130.4, 130.7, 129.9, 130.1, 130.1, 131.0, 130.1, 130.5, 130.1, 130.7, 130.5, 131.0, 130.7, 130.7, 130.7, 130.7, 131.0, 131.3, 130.1, 129.6, 130.7, 130.1, 130.1, 130.7, 130.1, 130.1, 129.6, 129.3, 129.9, 129.9, 129.3, 130.7, 130.1, 130.7, 130.1, 130.1, 130.7, 130.1, 130.7, 130.7, 130.7, 131.0, 130.5, 131.5, 130.4, 130.5, 130.7, 130.7, 130.1, 129.9, 130.7, 130.7, 130.7, 130.5, 130.5, 130.7, 131.3, 130.7, 130.7, 131.0, 130.7, 131.0, 130.7, 131.0, 130.4, 130.7]"
9,"[134.1, 131.5, 132.1, 131.1, 131.5, 131.1, 132.1, 131.5, 133.3, 133.3, 133.5, 135.4, 136.0, 137.5, 137.6, 137.5, 138.2, 137.5, 137.6, 137.5, 137.5, 136.3, 136.3, 135.6, 135.0, 134.9, 135.6, 134.9, 135.6, 134.9, 135.6, 135.4, 134.7, 134.9, 134.3, 134.1, 133.5, 133.3, 132.5, 133.3, 133.3, 133.5, 134.1, 133.3, 133.5, 133.9, 133.9, 132.8, 133.1, 134.1, 133.7, 133.3, 133.9, 133.9, 133.9, 133.1, 133.1, 134.1, 134.1, 134.1, 134.3, 135.6, 134.9, 136.3, 136.5, 137.1, 136.5, 136.3, 135.8, 135.6, 135.8, 136.5, 135.0, 135.2, 135.2, 135.8, 135.6, 134.3, 134.9, 134.7, 134.7, 134.9, 134.9, 134.9, 134.3, 134.7, 134.7, 134.7, 134.7, 134.1, 135.2, 134.7, 135.4, 134.9, 134.7, 133.3, 133.1, 133.9, 133.1, 133.3, 133.7, 134.1, 136.7, 139.2, 139.9, 139.9, 139.3, 139.9, 139.3, 140.1, 140.5, 140.1, 140.1, 140.4, 141.1, 140.5, 140.4, 141.0, 141.1, 141.1, 141.0, 141.1, 140.4, 140.6, 139.9, 138.8, 138.4, 136.5, 136.0, 135.4, 135.6, 133.7, 133.5, 133.0, 132.8, 132.8, 132.8, 132.8, 132.5, 132.2, 132.0, 133.1, 132.5, 132.5, 132.5, 132.8, 133.3, 132.8, 133.3, 133.3, 133.1, 132.5, 132.9, 132.9, 132.3, 132.3, 132.3, 132.3, 132.5, 131.5, 131.5, 131.8, 132.1, 132.1, 131.8, 131.5, 131.8, 131.5, 131.8, 131.0, 131.8, 131.0, 131.2, 131.0, 130.4, 130.7, 130.1, 131.0, 130.4, 131.0, 131.0, 130.4, 130.6, 130.6, 131.0, 130.6, 131.0, 131.0, 131.0, 130.4, 131.2, 130.6, 131.2, 131.0, 131.4, 131.0, 131.2, 131.2, 131.2, 130.4, 130.4, 130.6, 130.4, 130.4, 130.4, 130.4, 130.4, 129.6, 129.8, 131.0, 130.4, 129.8, 130.1, 129.8, 129.6, 129.6, 130.4, 129.6, 130.8, 130.4, 130.4, 130.4, 130.6, 129.6, 129.8, 129.6, 129.8, 129.8, 129.8, 130.6, 129.8, 129.8, 130.4, 130.4, 130.4, 129.8, 130.4, 129.8, 130.4, 130.4, 129.6, 130.4, 130.1, 131.2, 130.4, 130.4, 130.6, 130.4, 130.4, 129.8, 129.3, 130.4, 129.6, 129.6, 129.6, 130.1, 129.8, 129.0, 130.1, 129.8, 130.4, 129.8, 130.4, 129.8, 130.1, 129.8, 129.6, 130.6, 129.6, 130.4, 130.1, 129.8, 130.4, 129.8, 129.6, 130.4, 129.6, 129.6, 129.9, 129.0, 129.3, 129.6, 129.6, 129.0, 129.6, 129.6, 129.3, 129.0, 129.0, 130.1, 129.0, 130.4, 130.1, 130.4, 130.1, 130.4, 130.6, 129.6, 129.6, 129.8, 129.6, 129.6, 130.4, 129.8, 129.8, 129.8, 129.8, 131.0, 130.1, 129.6, 128.5, 129.0, 129.6, 129.6, 129.6, 129.0, 128.8, 127.9, 128.8, 128.8, 129.0, 128.2, 128.8, 129.3, 129.0, 129.0, 128.8, 129.0, 128.8, 128.8, 128.8, 128.2, 128.8, 127.7, 128.5, 128.5, 127.7, 127.7, 127.1, 127.1, 127.1, 127.4, 127.4, 127.1, 126.5, 126.3, 127.1, 127.1, 126.8, 127.1, 127.1, 127.1, 127.4, 127.4, 126.8, 126.8, 126.5, 126.5, 126.5, 126.3, 127.6, 127.1, 127.4, 127.4, 127.7, 127.9, 129.6, 132.3, 135.6, 137.1, 138.9, 140.8, 141.3, 141.9, 142.4, 142.4, 143.0, 143.6, 144.1, 144.1, 144.8, 144.8, 146.0, 146.6, 146.1, 146.0, 146.7, 146.7, 146.7, 146.7, 147.2, 146.1, 146.7, 146.1, 146.1, 146.1, 146.6, 147.3, 146.7, 146.7, 146.6, 147.3, 147.2, 147.9, 147.3, 147.2, 147.2, 147.8, 147.2, 147.3, 147.3, 146.6, 146.7, 146.6, 146.7, 145.5, 144.9, 144.8, 145.5, 144.9, 144.2, 143.5, 143.0, 142.5, 142.4, 142.8, 141.7, 142.4, 141.2, 141.2, 140.6, 141.1, 140.5, 141.1, 140.4, 139.9, 139.3, 138.6, 138.1, 138.2, 138.1, 137.5, 137.5, 136.7, 136.3, 135.2, 137.3, 136.7, 136.7, 137.5, 138.2, 138.9, 138.4, 138.2, 138.2, 138.8, 138.2, 138.2, 138.9, 139.5, 139.9, 139.5, 139.5, 139.5, 138.9, 139.5, 138.8, 139.5, 139.5, 138.9, 139.1, 138.8, 138.9, 138.9, 138.9, 138.9, 138.9, 138.8, 138.2, 138.4, 139.1, 139.1, 138.2, 138.9, 138.2, 138.2, 138.4, 137.8, 137.8, 137.6, 137.6, 137.6, 135.8, 136.3, 135.8, 135.8, 135.2, 135.4, 136.2, 135.0, 136.3, 135.0, 136.0, 135.8, 135.8, 135.8, 136.3, 136.5, 135.8, 136.3, 135.6, 135.8, 135.8, 135.0, 134.5, 132.4, 133.7, 133.4, 134.5, 134.3, 134.5, 134.9, 134.9, 134.9, 133.3, 132.8, 132.3, 132.3, 132.0, 133.5, 133.3, 134.9, 136.3, 135.8, 135.8, 135.4, 135.0, 134.3, 134.7, 134.3, 135.0, 133.7, 134.7, 134.3, 133.5, 133.2, 133.2, 134.7, 135.0, 135.4, 135.4, 135.8, 135.8, 135.8, 135.8, 135.8, 135.6, 136.5, 135.6, 135.6, 135.6, 135.6, 136.3, 135.8, 136.0, 136.0, 136.0, 135.8, 135.8, 135.8, 136.0, 136.0, 136.0, 136.0, 135.8, 135.6, 135.8, 135.8, 136.0, 136.0, 135.8, 135.2, 135.8, 135.2, 136.0, 135.8, 136.0, 136.0, 135.8, 136.5, 136.0, 136.0, 135.8, 136.0, 136.1, 136.0, 136.3, 136.5, 135.8, 135.4]"
9,"[136.4, 135.4, 134.9, 135.2, 135.2, 136.0, 135.8, 136.1, 136.8, 136.5, 136.1, 136.7, 136.3, 136.8, 137.0, 137.0, 136.5, 137.0, 136.8, 136.8, 136.8, 137.5, 137.5, 137.0, 137.5, 137.4, 137.5, 136.8, 137.2, 137.0, 137.2, 136.8, 136.8, 136.8, 136.3, 136.8, 136.3, 136.3, 136.3, 136.3, 136.8, 135.7, 136.5, 137.0, 135.7, 136.1, 136.3, 136.3, 136.3, 137.0, 136.8, 136.3, 136.8, 136.8, 136.1, 137.4, 136.8, 137.0, 136.3, 137.0, 136.8, 136.3, 136.8, 136.8, 137.4, 137.9, 138.1, 137.9, 137.4, 138.1, 138.1, 137.9, 137.9, 137.9, 137.5, 136.8, 137.5, 137.0, 136.8, 137.4, 137.2, 137.4, 137.8, 138.5, 137.9, 138.4, 138.4, 138.5, 138.5, 137.9, 138.5, 138.5, 138.4, 139.2, 138.5, 138.5, 139.2, 139.1, 138.4, 137.8, 137.8, 138.4, 138.4, 137.9, 138.1, 137.8, 138.4, 138.5, 138.5, 138.5, 138.5, 137.8, 138.5, 138.4, 137.8, 138.4, 139.1, 138.6, 139.2, 137.9, 137.2, 137.4, 136.8, 135.4, 134.3, 133.8, 133.2, 132.8, 132.4, 132.6, 132.6, 132.4, 132.6, 133.4, 133.4, 133.6, 133.6, 133.6, 133.9, 133.4, 133.2, 133.4, 133.9, 133.2, 133.9, 133.6, 134.8, 136.3, 136.7, 137.4, 136.8, 136.7, 136.3, 136.7, 136.8, 136.3, 135.7, 135.0, 134.8, 134.8, 134.8, 134.8, 134.3, 134.1, 134.1, 134.1, 134.1, 133.4, 133.6, 133.4, 133.4, 133.4, 132.8, 133.4, 133.4, 131.8, 131.1, 130.6, 130.4, 130.8, 131.1, 130.3, 130.1, 130.1, 130.5, 129.3, 129.8, 130.8, 131.1, 130.8, 131.3, 132.1, 131.1, 132.1, 131.3, 131.3, 131.5, 131.3, 132.2, 132.8, 132.1, 132.4, 131.8, 131.5, 130.5, 131.8, 131.8, 131.3, 132.6, 132.1, 132.1, 132.1, 132.1, 132.5, 132.3, 132.1, 131.3, 131.5, 131.5, 132.1, 132.1, 132.3, 132.4, 131.3, 131.5, 131.0, 130.2, 129.7, 129.7, 129.4, 129.4, 129.4, 129.2, 128.7, 128.9, 128.9, 128.9, 129.4, 130.2, 130.2, 129.4, 130.2, 130.2, 130.8, 130.2, 129.7, 129.7, 129.7, 129.7, 130.4, 130.8, 131.3, 131.3, 130.4, 130.4, 131.0, 129.9, 129.9, 130.4, 129.9, 129.9, 129.9, 129.9, 130.1, 131.0, 130.4, 130.4, 129.9, 129.9, 129.9, 129.1, 129.9, 130.4, 130.2, 131.0, 130.4, 129.9, 130.7, 129.7, 130.4, 129.7, 130.2, 130.7, 129.9, 130.4, 130.2, 130.2, 129.9, 129.9, 129.7, 129.9, 130.4, 129.9, 130.4, 129.9, 129.9, 129.9, 129.9, 129.9, 129.9, 129.9, 129.9, 130.1, 129.9, 129.4, 129.9, 129.9, 130.1, 129.9, 129.7, 129.7, 129.9, 129.9, 129.9, 129.7, 129.9, 129.9, 129.9, 129.7, 129.4, 129.7, 129.9, 129.9, 129.7, 129.9, 129.9, 129.9, 129.9, 129.9, 129.9, 129.9, 129.7, 129.7, 129.7, 129.7, 130.0, 129.9, 129.7, 128.9, 129.7, 130.2, 129.7, 129.7, 129.7, 130.2, 130.4, 130.7, 129.9, 129.7, 129.9, 129.7, 129.7, 130.7, 129.7, 129.9, 129.7, 129.9, 129.9, 129.9, 129.9, 130.2, 129.9, 129.7, 129.7, 129.7, 131.2, 132.3, 134.3, 136.3, 137.0, 138.6, 139.2, 141.0, 141.0, 141.7, 141.4, 142.0, 141.4, 141.3, 141.9, 142.5, 142.4, 142.6, 142.6, 142.0, 143.1, 142.5, 142.5, 143.1, 143.6, 144.2, 143.6, 143.5, 144.2, 144.2, 144.1, 144.8, 144.8, 144.3, 145.0, 144.9, 144.9, 145.5, 144.9, 144.8, 145.4, 144.4, 144.2, 143.6, 143.6, 144.9, 144.3, 144.2, 143.5, 143.6, 144.1, 144.2, 144.2, 144.1, 144.3, 144.1, 144.2, 144.9, 144.9, 144.3, 143.7, 144.9, 143.6, 143.5, 144.1, 143.6, 144.2, 143.6, 143.6, 143.5, 143.6, 143.1, 143.6, 143.6, 143.0, 143.2, 143.0, 142.5, 143.2, 142.0, 141.8, 143.1, 141.9, 142.5, 142.5, 142.5, 142.5, 142.5, 142.5, 141.9, 141.9, 142.5, 141.9, 141.3, 140.9, 142.7, 141.4, 141.6, 140.9, 140.8, 140.3, 140.9, 140.4, 140.3, 140.4, 140.2, 140.3, 140.9, 140.2, 140.2, 139.5, 139.5, 139.5, 139.2, 139.1, 138.5, 138.5, 139.1, 137.8, 138.4, 139.6, 139.1, 139.8, 140.3, 139.1, 139.2, 138.9, 138.9, 139.1, 138.9, 138.2, 138.5, 138.4, 137.8, 137.9, 137.2, 136.7, 136.1, 136.8, 136.1, 137.4, 136.1, 137.2, 136.7, 136.7, 135.6, 135.4, 135.2, 135.2, 135.4, 135.4, 136.1, 136.1, 135.6, 135.4, 136.0, 135.6, 135.4, 134.8, 135.4, 135.6, 134.8, 135.2, 134.7, 135.4, 135.4, 135.4, 135.2, 135.4, 134.7, 135.2, 133.9, 133.6, 133.0, 133.4, 133.6, 132.8, 132.4, 131.6, 131.8, 132.8, 132.1, 132.6, 131.3, 131.8, 131.1, 132.6, 132.4, 131.6, 131.8, 131.8, 131.3, 131.3, 131.3, 132.6, 133.2, 131.8, 132.6, 133.4, 132.8, 133.6, 134.1, 133.9, 133.4, 133.4, 134.1, 134.7, 133.9, 134.1, 133.6, 133.4, 133.4, 133.4, 134.1, 134.1, 134.1, 133.4, 133.2, 133.6, 132.6, 132.8, 132.4, 132.6, 133.0, 133.4, 132.8, 133.4, 133.6, 133.4, 133.4, 133.4, 133.4, 133.0, 133.4, 133.4]"
10,"[156.9, 155.9, 155.2, 156.1, 155.6, 156.2, 155.2, 155.3, 156.1, 155.9, 156.5, 155.9, 155.5, 157.2, 156.5, 156.1, 156.8, 156.8, 157.0, 157.0, 156.9, 156.3, 156.2, 155.8, 156.5, 155.9, 156.8, 156.1, 156.3, 157.3, 156.1, 156.1, 157.2, 156.7, 157.4, 158.0, 158.2, 158.7, 158.1, 157.5, 158.1, 158.6, 158.1, 157.3, 158.1, 158.1, 156.7, 157.4, 157.9, 158.0, 157.4, 157.4, 157.0, 157.3, 158.0, 157.2, 156.7, 157.2, 157.4, 157.4, 156.8, 157.3, 157.3, 157.3, 157.2, 157.9, 158.0, 157.4, 157.9, 156.5, 156.7, 157.8, 156.7, 157.4, 158.0, 157.9, 157.4, 157.3, 157.8, 157.3, 157.3, 157.3, 156.9, 158.0, 158.0, 158.7, 158.8, 158.9, 158.4, 158.9, 158.2, 158.1, 158.7, 158.8, 158.9, 159.5, 161.2, 161.8, 162.5, 162.4, 162.5, 161.9, 160.7, 159.5, 159.4, 159.9, 158.9, 158.9, 159.5, 158.8, 158.8, 158.7, 158.8, 158.7, 157.9, 158.4, 158.5, 158.6, 157.0, 157.0, 157.4, 158.8, 158.6, 158.8, 158.8, 158.1, 159.2, 158.4, 157.8, 157.2, 157.2, 156.7, 157.0, 157.0, 156.1, 156.7, 156.4, 156.7, 156.8, 156.7, 155.6, 156.7, 156.7, 155.6, 156.1, 156.2, 156.2, 156.8, 156.2, 155.7, 156.7, 156.3, 156.1, 156.5, 157.2, 155.9, 156.1, 156.5, 157.2, 156.7, 155.6, 156.5, 156.7, 156.5, 155.9, 156.5, 156.1, 156.2, 156.5, 155.6, 156.1, 154.9, 155.9, 155.6, 156.2, 156.7, 156.2, 156.5, 155.9, 155.9, 156.7, 156.5, 155.9, 156.7, 155.5, 156.7, 155.9, 156.7, 155.9, 156.5, 155.8, 156.1, 156.5, 155.9, 155.3, 154.7, 154.7, 155.6, 155.5, 155.9, 155.9, 155.5, 155.5, 155.3, 155.8, 155.6, 155.3, 156.1, 156.2, 155.6, 156.1, 156.2, 156.8, 155.9, 156.1, 156.1, 156.1, 155.5, 156.1, 155.9, 155.3, 154.7, 155.5, 155.9, 156.5, 155.5, 155.9, 155.5, 155.9, 156.5, 156.1, 156.5, 155.6, 156.1, 155.9, 155.8, 155.8, 155.3, 155.8, 156.1, 155.5, 155.3, 156.2, 155.6, 155.5, 155.9, 155.3, 156.1, 156.2, 156.2, 156.1, 156.1, 155.9, 155.9, 155.8, 155.3, 156.1, 156.1, 156.1, 156.1, 156.7, 155.9, 156.5, 156.7, 155.5, 154.3, 154.0, 154.7, 156.1, 156.4, 157.2, 158.9, 159.0, 159.5, 157.9, 157.8, 157.6, 157.1, 156.4, 156.4, 156.8, 156.1, 156.8, 156.2, 156.7, 155.9, 156.3, 156.7, 155.5, 156.7, 156.7, 156.1, 156.1, 156.1, 156.1, 156.7, 156.1, 156.8, 156.3, 156.7, 156.5, 155.9, 156.5, 156.5, 155.8, 156.1, 155.9, 155.9, 155.8, 156.5, 156.5, 156.1, 156.1, 155.9, 155.9, 156.5, 155.9, 156.7, 156.5, 155.9, 155.9, 155.9, 155.9, 155.9, 155.9, 155.9, 156.5, 156.7, 156.5, 156.4, 155.9, 155.9, 155.9, 156.5, 155.9, 156.7, 155.9, 155.9, 156.7, 155.9, 156.4, 155.8, 155.9, 155.5, 155.0, 155.5, 155.6, 154.9, 154.4, 155.6, 156.2, 157.1, 157.6, 158.4, 158.9, 158.4, 158.2, 158.3, 158.4, 157.7, 157.6, 156.9, 156.9, 156.1, 156.7, 156.7, 155.9, 156.7, 156.7, 156.7, 156.7, 156.7, 158.2, 159.5, 159.6, 160.1, 162.5, 164.3, 165.5, 165.5, 166.1, 167.3, 167.3, 167.9, 167.3, 167.9, 166.7, 166.1, 165.5, 166.7, 164.9, 165.5, 165.5, 165.5, 164.9, 165.5, 165.0, 165.5, 164.3, 164.9, 164.3, 164.3, 163.8, 164.3, 164.3, 163.7, 163.1, 163.8, 163.2, 164.3, 163.8, 163.2, 163.1, 162.6, 160.7, 160.7, 161.3, 162.0, 161.2, 160.1, 161.3, 160.7, 161.4, 161.9, 161.3, 160.7, 160.7, 160.7, 160.7, 160.7, 160.7, 160.1, 160.7, 160.7, 160.7, 160.7, 160.8, 160.1, 160.7, 161.3, 161.3, 161.9, 162.0, 162.0, 163.1, 163.8, 162.7, 162.7, 163.8, 165.0, 166.1, 165.5, 166.1, 166.7, 166.7, 167.9, 166.1, 167.9, 167.3, 164.9, 166.2, 165.6, 165.0, 165.5, 165.5, 165.6, 167.3, 166.7, 167.3, 166.7, 166.7, 165.5, 166.1, 166.1, 167.3, 166.1, 166.1, 166.1, 165.5, 163.6, 163.7, 162.5, 161.8, 161.9, 160.1, 159.6, 159.5, 160.1, 160.1, 160.8, 161.3, 161.9, 162.0, 162.6, 162.0, 161.2, 161.3, 162.0, 161.8, 161.9, 160.7, 161.2, 162.4, 164.3, 163.7, 163.1, 163.7, 163.1, 163.1, 164.3, 164.3, 164.3, 164.2, 163.7, 164.3, 164.2, 163.0, 163.1, 163.6, 163.7, 163.8, 164.3, 163.7, 163.7, 163.6, 163.6, 163.6, 163.7, 164.3, 164.3, 164.3, 164.3, 164.3, 163.7, 164.3, 164.3, 164.3, 163.6, 164.3, 163.7, 163.0, 163.1, 163.1, 162.5, 163.0, 162.4, 162.4, 161.8, 161.9, 160.7, 160.1, 160.1, 160.7, 161.8, 160.8, 160.7, 161.3, 162.4, 161.2, 161.8, 161.2, 161.2, 160.7, 161.8, 161.3, 160.7, 161.8, 160.7, 160.6, 160.7, 159.6, 159.5, 160.7, 160.6, 159.4, 160.1, 159.6, 158.9, 159.0, 158.9, 158.9, 158.9, 158.9, 159.5, 158.9, 158.9, 159.6, 159.5, 159.5, 159.6, 159.0, 159.5, 159.5, 159.0, 159.0, 158.9, 159.5, 158.9, 158.9, 159.6]"
10,"[157.9, 157.4, 158.5, 157.3, 158.7, 158.0, 158.7, 158.6, 159.4, 160.6, 159.3, 158.9, 158.9, 158.8, 158.2, 158.2, 158.9, 158.9, 158.9, 159.5, 159.5, 160.1, 160.1, 160.0, 160.0, 159.4, 159.3, 159.4, 159.5, 159.4, 159.4, 158.9, 158.9, 159.6, 158.9, 158.8, 158.8, 158.9, 159.5, 159.5, 160.7, 160.1, 160.0, 160.1, 160.1, 159.5, 160.5, 161.2, 160.1, 160.1, 160.5, 160.6, 160.7, 160.1, 160.0, 160.1, 160.6, 160.0, 160.7, 160.1, 160.0, 159.4, 159.4, 159.4, 159.4, 159.5, 159.4, 159.4, 158.9, 158.9, 159.0, 158.9, 158.9, 158.8, 158.2, 158.1, 158.1, 158.9, 158.9, 158.3, 158.2, 158.2, 158.2, 158.2, 158.2, 157.6, 158.3, 158.8, 158.9, 159.0, 158.9, 159.0, 159.6, 158.2, 158.8, 158.9, 157.6, 157.1, 157.6, 156.9, 156.3, 156.1, 155.3, 155.3, 156.1, 155.5, 155.6, 155.6, 155.6, 156.2, 156.1, 156.1, 155.8, 156.3, 156.3, 156.3, 155.2, 155.9, 156.2, 156.8, 157.0, 158.1, 158.8, 158.8, 157.6, 157.5, 156.9, 155.5, 155.0, 155.0, 155.1, 155.7, 155.7, 155.7, 155.7, 156.4, 155.7, 155.8, 155.0, 155.8, 156.4, 156.3, 155.7, 155.8, 156.4, 156.4, 156.5, 156.5, 156.0, 156.5, 156.4, 156.3, 156.0, 157.1, 157.0, 157.7, 157.7, 157.6, 157.6, 157.6, 157.1, 156.5, 157.1, 157.2, 156.4, 156.5, 156.5, 156.5, 156.7, 157.1, 156.0, 156.1, 156.0, 156.0, 156.0, 156.5, 156.4, 156.4, 156.4, 156.5, 157.1, 156.4, 156.7, 156.5, 157.1, 156.7, 156.0, 156.7, 157.2, 156.8, 156.0, 156.0, 155.5, 156.0, 156.7, 156.1, 156.8, 156.7, 156.7, 156.1, 156.1, 156.0, 156.1, 155.4, 156.1, 156.0, 156.0, 156.1, 156.1, 156.0, 156.0, 156.0, 155.5, 156.0, 156.7, 156.0, 156.1, 156.1, 155.4, 155.5, 156.1, 155.5, 155.5, 155.5, 155.5, 154.8, 154.9, 155.5, 155.5, 155.4, 155.4, 154.9, 154.9, 155.5, 155.5, 155.5, 155.5, 155.6, 154.9, 154.9, 154.7, 154.9, 156.2, 156.2, 154.9, 154.9, 154.9, 155.6, 155.5, 155.5, 155.4, 155.6, 155.1, 155.6, 155.5, 155.6, 156.1, 156.1, 155.5, 155.6, 155.5, 155.5, 155.5, 155.5, 155.6, 156.1, 156.7, 155.5, 156.2, 156.1, 155.4, 155.5, 156.1, 156.1, 155.5, 155.5, 156.2, 156.0, 156.0, 156.1, 156.1, 156.1, 156.2, 156.1, 156.1, 156.7, 156.8, 156.1, 156.2, 155.8, 156.1, 156.1, 155.6, 155.1, 155.5, 156.1, 156.2, 156.1, 155.6, 155.6, 155.5, 155.5, 155.5, 155.6, 156.2, 155.6, 156.1, 155.5, 155.6, 155.5, 155.1, 155.1, 155.6, 154.9, 155.1, 155.5, 155.5, 155.5, 155.1, 155.6, 156.1, 156.2, 156.1, 156.2, 155.6, 155.5, 154.9, 155.6, 155.1, 154.9, 154.9, 155.1, 155.5, 154.9, 154.4, 155.6, 154.9, 154.9, 154.2, 154.4, 154.9, 154.9, 154.9, 155.5, 155.6, 154.9, 154.8, 154.9, 154.4, 155.1, 155.1, 155.1, 155.1, 155.1, 155.1, 155.1, 154.9, 155.1, 155.5, 155.6, 154.9, 155.1, 154.9, 154.9, 154.8, 155.6, 156.1, 156.5, 158.3, 159.3, 159.4, 159.3, 159.4, 159.3, 159.5, 159.3, 159.4, 160.5, 161.3, 161.8, 161.8, 162.4, 163.0, 163.0, 163.7, 164.2, 165.5, 165.6, 166.1, 166.1, 166.7, 167.3, 167.3, 167.9, 167.3, 167.9, 167.3, 166.1, 164.9, 165.5, 165.6, 165.5, 166.1, 165.5, 165.5, 166.1, 165.0, 165.5, 165.5, 165.5, 165.5, 165.0, 165.6, 165.0, 164.4, 164.4, 165.6, 163.8, 165.0, 165.6, 165.0, 164.9, 165.0, 165.0, 165.5, 165.0, 165.0, 165.0, 164.4, 165.5, 164.9, 163.8, 164.4, 164.4, 164.9, 166.1, 164.4, 164.9, 165.5, 165.5, 165.0, 165.0, 165.5, 166.1, 166.1, 166.1, 165.6, 166.7, 166.1, 167.3, 166.1, 166.7, 166.1, 165.6, 166.1, 166.1, 164.9, 166.7, 166.7, 167.9, 167.9, 167.3, 167.9, 167.9, 167.3, 167.3, 166.1, 166.7, 166.1, 163.8, 164.9, 165.5, 163.8, 163.8, 163.8, 163.2, 163.2, 163.2, 164.3, 163.1, 162.6, 163.7, 163.1, 163.7, 163.1, 163.8, 163.2, 163.7, 163.7, 163.1, 164.3, 163.6, 163.8, 163.1, 162.6, 163.1, 163.1, 163.2, 163.1, 163.1, 163.1, 162.5, 163.1, 163.1, 162.6, 162.5, 162.4, 161.3, 160.6, 160.7, 160.6, 160.0, 159.0, 159.0, 158.4, 159.0, 159.6, 158.9, 159.5, 159.1, 159.0, 158.8, 158.9, 159.0, 159.1, 159.0, 158.3, 158.3, 159.6, 158.8, 157.4, 157.4, 157.6, 157.6, 158.3, 158.2, 158.3, 159.0, 158.4, 159.0, 158.4, 158.4, 158.4, 158.4, 159.0, 157.5, 156.9, 156.8, 156.9, 156.3, 157.6, 157.0, 156.9, 156.9, 157.5, 157.0, 157.0, 157.0, 157.7, 157.6, 158.4, 158.4, 158.9, 159.6, 159.6, 159.6, 159.6, 160.1, 160.1, 160.7, 159.4, 160.0, 159.4, 160.0, 159.5, 158.9, 158.9, 158.4, 158.2, 159.3, 159.4, 159.5, 159.5, 159.9, 159.9, 159.4, 159.4, 159.4, 159.4, 159.6, 159.4, 159.6, 159.5, 159.5, 159.3, 159.4, 160.0, 160.1, 160.0, 160.1]"
10,"[164.1, 162.8, 163.5, 161.6, 161.0, 160.5, 160.5, 160.0, 159.5, 159.4, 160.0, 159.3, 159.4, 159.4, 158.9, 158.9, 158.9, 160.7, 161.2, 160.1, 161.2, 161.2, 162.4, 163.1, 164.3, 165.5, 166.1, 165.5, 166.1, 166.1, 166.1, 167.3, 167.3, 167.3, 166.7, 166.1, 166.7, 167.3, 167.3, 167.9, 167.9, 167.9, 167.9, 167.3, 166.6, 167.9, 167.9, 167.9, 167.3, 167.9, 167.9, 167.9, 167.9, 167.3, 166.6, 167.3, 167.3, 167.3, 167.3, 167.9, 167.9, 167.3, 167.3, 167.9, 166.7, 167.3, 166.7, 166.7, 166.1, 166.1, 167.3, 166.7, 167.9, 167.9, 167.9, 167.9, 167.3, 167.3, 167.9, 167.3, 166.6, 167.9, 167.3, 165.5, 166.1, 166.1, 166.1, 166.0, 166.0, 166.7, 167.9, 167.9, 166.1, 166.1, 167.3, 166.7, 167.9, 166.7, 167.3, 165.5, 167.9, 167.9, 167.3, 166.7, 167.3, 166.6, 167.9, 166.6, 167.3, 166.1, 165.5, 164.9, 165.5, 164.9, 164.3, 165.5, 166.1, 164.9, 165.5, 165.5, 164.3, 164.3, 164.3, 163.7, 163.1, 162.6, 160.1, 159.0, 158.4, 158.8, 158.1, 158.1, 157.5, 157.5, 157.6, 157.7, 158.3, 158.2, 158.1, 158.9, 159.4, 158.8, 159.4, 161.2, 161.2, 160.6, 159.9, 160.6, 160.6, 160.0, 160.1, 160.7, 161.2, 160.6, 160.0, 159.3, 160.0, 159.4, 159.3, 159.4, 158.8, 158.8, 158.1, 158.2, 158.1, 157.5, 157.6, 157.6, 157.5, 157.5, 156.9, 157.5, 157.5, 157.7, 158.4, 158.4, 158.4, 158.3, 157.8, 157.7, 157.8, 158.4, 157.8, 157.8, 157.8, 158.4, 158.4, 157.8, 157.8, 157.1, 157.6, 157.0, 157.7, 158.2, 158.1, 159.5, 159.4, 160.1, 158.7, 159.5, 159.3, 160.0, 159.4, 158.9, 158.3, 158.3, 158.4, 158.4, 158.3, 157.9, 157.8, 157.3, 157.7, 157.1, 157.9, 157.8, 157.8, 157.9, 157.3, 157.8, 157.2, 157.2, 157.1, 156.5, 157.1, 157.3, 157.2, 157.2, 156.5, 157.3, 156.7, 156.7, 157.2, 157.7, 157.8, 157.1, 157.3, 157.8, 157.2, 157.8, 157.8, 158.4, 158.3, 157.9, 157.8, 157.0, 157.1, 157.0, 157.0, 157.1, 157.0, 157.1, 157.1, 156.4, 157.6, 157.0, 157.7, 157.1, 157.1, 156.5, 157.1, 156.5, 157.2, 156.5, 156.5, 156.5, 156.4, 156.4, 156.4, 156.7, 156.7, 157.2, 157.1, 157.1, 157.2, 157.9, 157.8, 157.7, 157.9, 157.8, 157.6, 156.7, 157.7, 156.5, 156.4, 156.5, 156.5, 156.5, 156.5, 157.0, 156.5, 156.4, 156.4, 157.1, 156.5, 156.5, 156.4, 155.8, 157.0, 157.1, 156.5, 156.7, 157.1, 157.1, 157.1, 156.8, 157.3, 157.2, 156.7, 156.5, 156.4, 156.0, 155.8, 156.4, 156.5, 156.0, 156.4, 155.8, 156.5, 156.0, 156.1, 156.5, 156.7, 155.4, 155.4, 155.6, 155.5, 155.6, 155.4, 155.4, 154.7, 156.0, 156.7, 156.0, 155.3, 156.0, 156.2, 157.2, 158.3, 158.9, 158.7, 159.5, 159.4, 158.7, 158.6, 158.3, 158.1, 157.6, 157.0, 157.5, 157.1, 157.0, 157.0, 157.0, 157.6, 158.2, 157.6, 157.6, 157.0, 157.6, 157.6, 156.4, 157.6, 157.6, 157.0, 157.0, 157.6, 158.1, 158.2, 158.7, 159.2, 159.9, 158.7, 159.4, 160.0, 161.3, 161.8, 163.0, 163.0, 163.6, 164.3, 164.9, 166.1, 166.7, 166.1, 166.7, 166.1, 166.1, 166.7, 166.7, 166.0, 167.3, 166.6, 166.1, 166.1, 166.1, 166.6, 167.9, 167.3, 166.7, 167.3, 167.9, 167.9, 167.3, 167.3, 167.3, 167.3, 167.9, 166.1, 166.7, 166.1, 166.1, 167.9, 166.1, 166.7, 166.7, 166.1, 166.1, 165.5, 166.7, 166.1, 167.3, 167.9, 167.9, 167.3, 167.3, 166.7, 167.9, 167.3, 167.3, 167.9, 167.9, 166.6, 166.0, 166.1, 166.1, 165.5, 165.5, 165.5, 165.5, 166.1, 165.5, 165.5, 164.3, 163.7, 164.2, 164.2, 164.9, 164.9, 163.7, 163.7, 163.7, 163.7, 163.1, 163.1, 162.6, 162.6, 162.6, 163.2, 162.6, 162.0, 160.9, 160.8, 160.8, 160.7, 160.2, 159.6, 160.7, 160.1, 160.1, 160.1, 160.1, 159.6, 159.5, 159.6, 159.0, 159.5, 159.4, 160.1, 159.5, 159.5, 159.4, 159.5, 158.8, 158.8, 159.0, 159.4, 158.8, 158.7, 158.8, 158.9, 159.0, 159.4, 160.1, 159.6, 159.0, 159.5, 159.6, 159.5, 159.4, 159.5, 159.0, 158.8, 159.3, 158.8, 159.4, 159.0, 158.8, 158.2, 158.2, 158.2, 158.1, 158.2, 158.2, 159.4, 158.2, 157.5, 158.1, 157.5, 157.6, 157.6, 157.6, 157.7, 157.0, 157.6, 157.5, 158.1, 158.2, 157.6, 157.5, 158.1, 157.5, 157.7, 157.5, 157.0, 156.9, 156.9, 157.0, 157.6, 157.5, 156.9, 157.0, 157.0, 157.0, 157.0, 157.6, 157.5, 157.0, 157.1, 156.9, 157.1, 157.1, 157.7, 157.2, 157.2, 157.1, 157.1, 157.0, 157.1, 157.6, 157.1, 157.8, 157.7, 157.7, 157.6, 157.2, 157.2, 157.2, 157.2, 157.1, 157.2, 157.2, 157.2, 157.2, 157.0, 157.7, 157.1, 157.1, 157.1, 157.1, 157.2, 157.1, 157.1, 157.1, 157.8, 156.7, 157.8, 157.1, 157.1, 157.1, 157.1, 157.1, 157.1, 157.2, 157.0, 157.7, 157.7, 157.1, 157.2, 157.2]"
10,"[167.3, 166.0, 165.4, 164.8, 166.0, 165.4, 164.9, 165.4, 165.5, 165.5, 166.1, 163.8, 164.3, 165.5, 166.7, 166.7, 167.3, 166.7, 166.7, 166.7, 166.1, 167.3, 167.3, 167.3, 167.3, 167.9, 167.3, 166.7, 167.9, 167.3, 167.3, 167.3, 166.7, 167.9, 167.3, 167.3, 167.9, 167.9, 167.3, 167.9, 167.3, 167.9, 167.9, 166.7, 167.3, 166.1, 166.1, 166.1, 166.7, 167.9, 167.3, 166.7, 166.1, 166.1, 166.1, 165.5, 165.5, 166.1, 165.5, 165.5, 164.3, 164.9, 165.5, 166.7, 166.7, 166.1, 166.1, 166.1, 166.7, 166.1, 166.1, 166.0, 166.1, 166.1, 166.1, 165.5, 165.5, 166.1, 166.1, 166.1, 166.1, 166.1, 165.5, 166.1, 165.5, 166.7, 165.5, 167.9, 166.7, 166.7, 167.3, 166.7, 166.7, 166.1, 166.7, 166.7, 166.0, 166.7, 166.1, 165.5, 166.1, 165.5, 166.1, 164.9, 165.5, 165.5, 165.5, 164.9, 164.9, 165.5, 165.5, 166.1, 165.5, 164.9, 164.9, 165.5, 165.5, 165.5, 165.5, 164.9, 164.3, 164.8, 164.8, 163.7, 162.5, 161.4, 160.7, 159.6, 157.8, 157.9, 157.7, 157.7, 156.9, 157.3, 157.4, 156.8, 156.8, 157.4, 157.3, 156.9, 156.8, 157.3, 157.3, 157.2, 158.0, 157.3, 157.3, 157.2, 157.4, 157.3, 157.4, 157.1, 157.3, 157.9, 158.4, 157.8, 157.8, 158.6, 158.5, 157.9, 157.4, 156.9, 156.5, 156.1, 156.2, 156.8, 156.1, 156.2, 156.7, 156.8, 157.2, 156.8, 156.1, 156.1, 156.7, 156.2, 156.1, 156.2, 156.2, 155.5, 155.5, 156.1, 156.8, 156.7, 156.7, 156.7, 156.7, 156.2, 156.8, 156.7, 156.2, 156.8, 156.3, 156.8, 157.3, 156.2, 156.2, 156.3, 156.7, 155.5, 156.3, 156.2, 156.2, 156.3, 156.2, 156.7, 156.8, 156.3, 156.9, 156.9, 156.3, 156.3, 156.9, 156.3, 156.4, 156.2, 155.6, 156.3, 156.3, 155.6, 156.8, 155.6, 156.2, 156.2, 156.2, 156.2, 155.6, 156.3, 155.6, 155.6, 155.6, 156.1, 156.1, 156.1, 156.7, 156.3, 156.1, 156.1, 156.2, 156.2, 156.3, 154.9, 156.1, 156.2, 155.5, 155.6, 156.1, 156.1, 156.3, 156.2, 156.2, 156.2, 156.3, 155.8, 155.8, 155.8, 155.8, 155.6, 156.3, 155.8, 156.3, 155.8, 155.8, 155.2, 155.8, 155.6, 155.8, 156.3, 156.3, 156.2, 156.3, 156.3, 156.3, 156.3, 156.2, 155.8, 155.8, 156.2, 155.9, 156.3, 155.8, 155.8, 156.3, 156.3, 155.8, 155.8, 156.2, 156.3, 155.8, 156.3, 156.3, 155.8, 155.8, 156.3, 155.6, 155.8, 156.3, 156.3, 156.2, 156.2, 156.2, 155.9, 155.6, 155.6, 155.9, 155.8, 155.3, 155.2, 155.8, 155.8, 155.8, 155.9, 155.8, 155.6, 155.8, 155.8, 155.8, 155.8, 155.8, 155.3, 155.8, 155.8, 155.9, 155.8, 155.9, 155.9, 155.9, 155.9, 155.3, 155.9, 155.8, 155.8, 155.9, 155.9, 155.8, 155.8, 155.9, 155.8, 155.9, 155.8, 155.2, 155.9, 155.3, 155.9, 155.3, 155.8, 155.6, 154.5, 154.5, 154.5, 155.8, 155.8, 155.8, 155.8, 155.3, 155.2, 155.9, 155.6, 155.8, 155.8, 155.2, 155.8, 155.8, 155.2, 155.2, 155.2, 156.3, 156.2, 156.7, 157.8, 159.5, 160.0, 159.9, 160.5, 161.2, 161.2, 161.2, 161.2, 161.8, 161.8, 161.8, 162.4, 162.4, 162.4, 163.0, 164.2, 164.2, 164.9, 165.5, 165.5, 166.1, 166.7, 166.7, 166.7, 167.9, 167.3, 167.3, 165.5, 166.1, 166.1, 166.1, 165.0, 165.0, 165.5, 165.5, 164.9, 166.1, 166.1, 165.5, 165.5, 166.1, 166.1, 166.1, 165.5, 165.5, 165.5, 165.5, 166.1, 165.5, 166.1, 165.5, 165.5, 165.5, 164.9, 165.5, 166.1, 165.5, 164.9, 164.9, 165.5, 164.9, 166.1, 164.9, 164.9, 165.5, 166.7, 166.7, 167.3, 167.9, 167.3, 167.9, 167.9, 166.7, 167.3, 166.1, 165.5, 166.1, 165.5, 166.1, 165.5, 165.5, 165.5, 165.5, 166.1, 164.9, 164.3, 164.2, 164.9, 163.7, 164.3, 163.1, 163.0, 163.0, 163.0, 163.0, 163.6, 163.7, 163.6, 164.2, 163.0, 163.7, 163.0, 163.6, 163.6, 162.4, 161.3, 160.7, 160.1, 160.6, 160.7, 161.2, 160.7, 160.6, 160.6, 160.1, 160.7, 160.1, 159.4, 160.0, 160.0, 159.4, 159.5, 159.4, 159.4, 159.3, 159.0, 159.5, 159.5, 160.0, 160.0, 158.8, 158.8, 159.5, 158.8, 158.8, 159.5, 159.5, 159.5, 160.1, 159.6, 158.9, 158.2, 158.9, 158.4, 158.4, 159.0, 158.9, 159.1, 159.0, 158.4, 158.3, 158.5, 158.4, 159.1, 159.1, 158.4, 158.4, 158.4, 158.5, 158.4, 158.3, 158.4, 158.3, 158.3, 158.9, 158.3, 158.2, 158.2, 158.9, 158.3, 158.3, 157.7, 157.8, 158.4, 157.8, 157.1, 157.2, 157.8, 157.8, 157.3, 157.1, 157.8, 157.8, 157.1, 157.2, 157.1, 156.8, 157.3, 157.3, 156.8, 157.2, 157.2, 157.3, 156.8, 156.7, 156.8, 156.8, 156.2, 157.4, 156.7, 157.4, 156.7, 156.1, 156.8, 156.8, 156.9, 156.8, 156.2, 156.2, 155.5, 155.6, 155.6, 155.5, 155.5, 155.6, 155.6, 155.6, 155.6, 155.6, 155.6, 156.1, 155.6, 156.2, 155.1, 155.6, 155.6, 154.9, 156.2, 155.6, 156.8]"
10,"[166.0, 164.2, 163.7, 164.8, 165.4, 165.4, 165.4, 165.4, 166.1, 166.7, 167.3, 167.3, 166.7, 167.3, 167.3, 167.9, 167.9, 167.3, 167.3, 166.7, 166.7, 166.7, 166.0, 167.3, 166.7, 167.3, 167.3, 166.7, 167.3, 166.7, 165.5, 165.5, 166.7, 166.6, 166.7, 167.3, 166.7, 166.7, 167.3, 167.3, 167.3, 166.7, 166.6, 166.6, 166.0, 166.0, 165.4, 166.1, 165.4, 165.4, 165.4, 166.1, 165.4, 166.0, 166.1, 165.4, 164.9, 164.8, 164.8, 166.1, 164.8, 164.9, 164.2, 164.2, 163.6, 164.2, 163.6, 163.6, 164.2, 163.6, 163.1, 163.0, 163.0, 162.4, 162.5, 163.0, 163.0, 163.0, 162.4, 162.4, 161.8, 161.8, 161.8, 161.8, 162.4, 163.0, 163.0, 163.0, 162.4, 161.8, 161.8, 161.8, 162.4, 162.4, 162.4, 161.7, 162.4, 163.6, 163.1, 162.4, 162.3, 162.4, 162.3, 161.8, 161.8, 161.8, 162.4, 162.4, 162.4, 162.4, 162.4, 161.8, 161.8, 161.8, 162.4, 161.8, 161.8, 161.8, 163.0, 163.0, 163.0, 163.0, 163.0, 162.4, 162.4, 161.2, 160.1, 158.9, 158.3, 158.4, 157.2, 156.7, 157.3, 156.1, 156.9, 156.8, 156.2, 157.3, 156.5, 156.2, 156.2, 156.1, 156.2, 156.3, 156.3, 156.9, 156.9, 157.2, 156.2, 156.8, 157.8, 157.3, 157.3, 157.2, 158.5, 157.9, 157.8, 157.3, 157.3, 158.4, 158.5, 158.0, 157.3, 156.8, 156.8, 156.9, 156.3, 156.2, 156.3, 156.3, 156.8, 156.2, 156.8, 157.2, 156.2, 156.2, 156.8, 156.8, 156.2, 156.2, 156.2, 156.8, 156.8, 156.2, 156.3, 156.7, 155.4, 156.0, 156.1, 155.6, 156.2, 155.4, 156.5, 156.7, 156.5, 156.0, 156.1, 156.7, 156.8, 156.7, 156.8, 156.1, 155.6, 156.1, 156.2, 156.1, 156.1, 156.2, 156.1, 156.1, 155.5, 156.1, 156.1, 156.8, 156.1, 156.8, 156.1, 155.4, 155.6, 155.6, 156.0, 155.1, 156.0, 154.9, 155.4, 155.5, 155.5, 156.1, 155.4, 155.4, 156.0, 156.1, 155.4, 156.2, 155.5, 155.6, 156.2, 156.1, 156.2, 156.1, 156.1, 156.1, 156.2, 156.1, 156.2, 156.7, 156.0, 156.1, 155.5, 155.6, 156.1, 156.0, 156.0, 156.1, 156.1, 155.6, 156.0, 156.1, 155.8, 156.1, 156.8, 155.5, 156.1, 155.5, 156.2, 156.2, 156.8, 156.1, 156.2, 156.2, 155.4, 156.7, 155.5, 156.1, 155.8, 156.1, 155.5, 155.5, 155.1, 155.5, 155.5, 156.1, 155.5, 156.5, 156.2, 156.1, 156.1, 156.2, 156.2, 156.1, 155.6, 156.2, 156.7, 155.5, 156.2, 156.7, 155.5, 156.3, 155.6, 156.0, 155.5, 155.5, 155.5, 155.5, 155.6, 155.5, 155.5, 156.0, 156.0, 156.7, 156.7, 156.7, 156.7, 156.2, 155.5, 156.1, 156.1, 156.2, 156.7, 156.1, 156.3, 156.2, 155.5, 155.5, 156.1, 155.8, 155.6, 156.2, 155.5, 155.8, 155.6, 156.2, 155.6, 156.2, 156.1, 156.1, 156.1, 156.1, 156.0, 156.2, 155.5, 156.3, 155.6, 156.2, 156.2, 156.1, 155.6, 156.1, 155.2, 155.5, 155.5, 155.8, 155.5, 155.2, 154.9, 154.9, 155.5, 155.6, 155.6, 155.6, 155.5, 155.5, 155.6, 155.5, 155.6, 156.7, 156.0, 157.1, 156.7, 157.3, 157.0, 158.2, 159.5, 161.8, 163.1, 161.8, 162.5, 162.9, 163.6, 164.2, 163.6, 163.6, 164.8, 166.0, 167.9, 166.6, 166.7, 167.9, 166.7, 166.1, 166.1, 166.7, 165.5, 166.7, 166.1, 166.7, 166.7, 166.7, 167.3, 166.7, 166.7, 167.9, 167.9, 167.3, 167.3, 167.3, 167.9, 167.9, 167.9, 167.3, 167.3, 167.9, 167.3, 167.9, 167.9, 167.9, 166.1, 166.1, 166.1, 167.9, 166.7, 166.7, 164.9, 164.3, 166.7, 166.1, 165.5, 166.7, 167.9, 166.7, 166.1, 166.7, 165.0, 164.9, 167.3, 165.5, 167.3, 166.7, 165.5, 166.7, 165.5, 166.1, 166.7, 167.3, 166.1, 166.1, 166.7, 165.5, 167.3, 166.1, 166.7, 166.1, 166.7, 166.7, 166.7, 165.6, 166.7, 166.7, 167.3, 166.7, 167.3, 166.1, 166.1, 165.5, 164.9, 164.3, 164.3, 164.3, 164.9, 164.2, 164.3, 165.5, 165.5, 164.3, 164.3, 165.5, 165.5, 163.6, 164.9, 164.3, 163.6, 164.2, 164.2, 164.9, 164.8, 164.2, 163.6, 163.6, 163.0, 162.5, 163.6, 163.0, 163.1, 163.0, 161.9, 160.6, 160.0, 160.0, 159.4, 160.0, 160.0, 159.3, 159.9, 160.0, 160.1, 160.6, 160.1, 161.8, 161.9, 160.7, 161.2, 160.6, 160.5, 160.6, 160.0, 160.1, 160.1, 160.1, 160.3, 159.6, 159.6, 159.1, 157.8, 158.6, 158.5, 158.0, 157.7, 159.5, 159.5, 159.4, 159.3, 158.9, 159.4, 158.9, 158.7, 159.0, 158.8, 158.8, 158.9, 159.6, 160.1, 158.9, 158.9, 159.4, 158.9, 158.9, 158.8, 158.9, 158.8, 159.4, 159.3, 158.7, 158.9, 158.3, 159.6, 159.5, 158.9, 159.5, 158.5, 159.1, 158.5, 158.4, 158.5, 159.1, 158.5, 159.0, 159.2, 157.9, 157.9, 158.0, 158.5, 159.0, 158.3, 159.1, 158.4, 159.0, 159.0, 158.4, 158.3, 158.3, 158.4, 158.5, 158.5, 159.6, 158.5, 159.0, 159.5, 159.6, 159.0, 159.6, 159.0, 158.9, 159.0, 159.0, 159.6, 159.5, 159.6, 159.5, 158.8]"
11,"[153.3, 154.6, 153.2, 154.3, 153.1, 153.1, 153.5, 154.7, 155.5, 155.1, 155.7, 155.7, 155.7, 154.4, 154.4, 154.4, 155.2, 153.8, 155.2, 154.5, 155.1, 153.2, 155.2, 156.3, 155.7, 155.7, 155.7, 155.1, 155.1, 155.7, 156.2, 157.5, 157.5, 158.8, 157.4, 158.1, 156.9, 157.5, 156.2, 155.6, 154.5, 154.4, 153.8, 153.8, 152.5, 152.5, 153.7, 152.5, 152.5, 152.8, 153.6, 156.8, 155.6, 155.6, 154.4, 153.1, 155.6, 154.4, 154.5, 155.0, 155.0, 156.7, 156.8, 157.5, 154.9, 155.0, 154.3, 153.0, 153.2, 153.0, 152.8, 152.5, 152.2, 152.8, 154.3, 153.7, 154.3, 153.6, 153.6, 153.0, 153.0, 152.7, 152.8, 152.8, 152.8, 152.8, 152.4, 153.0, 152.7, 152.2, 151.6, 153.0, 152.4, 152.8, 152.8, 153.0, 153.6, 153.7, 153.6, 153.0, 153.1, 153.1, 152.2, 153.0, 153.6, 153.1, 152.4, 153.1, 153.0, 152.4, 152.7, 151.6, 152.2, 151.3, 152.1, 151.5, 152.1, 151.3, 152.1, 151.5, 152.8, 152.2, 152.2, 153.0, 153.5, 153.7, 153.7, 153.0, 153.0, 152.1, 152.1, 152.0, 152.2, 151.0, 150.9, 150.9, 150.7, 150.7, 151.5, 152.2, 151.3, 150.9, 151.6, 151.6, 150.9, 150.3, 150.1, 150.3, 150.1, 150.6, 150.1, 150.9, 151.5, 153.2, 151.5, 152.0, 151.5, 151.5, 151.6, 150.7, 150.1, 150.1, 150.9, 150.7, 150.3, 149.5, 150.3, 149.7, 149.1, 148.9, 148.9, 149.1, 149.7, 149.7, 149.1, 149.7, 149.7, 149.1, 149.2, 149.7, 149.8, 149.7, 150.4, 150.3, 149.7, 149.1, 149.7, 149.7, 149.7, 149.7, 149.1, 149.8, 149.7, 149.1, 148.9, 150.3, 149.7, 149.7, 149.7, 149.7, 149.7, 149.2, 150.3, 149.7, 149.5, 149.7, 149.7, 150.3, 150.3, 150.3, 149.7, 149.1, 150.3, 149.7, 149.8, 149.7, 149.7, 149.7, 149.5, 148.7, 148.9, 149.1, 149.7, 149.7, 149.7, 150.3, 150.9, 150.9, 151.0, 150.3, 150.3, 150.3, 149.1, 149.7, 149.8, 149.2, 149.7, 149.7, 149.8, 149.1, 149.2, 149.7, 149.1, 149.7, 149.7, 150.3, 149.7, 149.7, 149.7, 149.5, 149.7, 150.1, 149.1, 149.7, 149.7, 149.7, 149.7, 149.8, 150.1, 149.5, 149.7, 149.7, 149.1, 149.1, 149.7, 149.7, 149.7, 149.7, 149.5, 149.7, 149.7, 150.3, 149.1, 149.5, 149.7, 149.1, 149.7, 150.3, 149.5, 149.7, 149.8, 149.8, 149.7, 149.7, 149.1, 149.1, 149.7, 149.1, 149.7, 149.7, 149.1, 149.5, 149.5, 149.5, 149.7, 149.3, 149.7, 149.5, 149.3, 150.1, 149.5, 149.5, 149.5, 149.5, 149.7, 149.5, 149.5, 148.9, 150.1, 150.1, 150.1, 149.1, 150.3, 149.5, 150.1, 150.3, 150.3, 149.7, 150.3, 149.7, 149.7, 149.7, 149.7, 149.7, 149.5, 150.1, 149.5, 150.1, 150.3, 149.1, 149.1, 149.7, 149.5, 149.1, 149.5, 149.1, 149.7, 149.5, 149.7, 149.5, 150.1, 148.9, 149.5, 148.9, 149.5, 150.1, 149.5, 150.1, 149.5, 149.5, 150.3, 150.1, 149.7, 149.5, 148.3, 150.1, 149.5, 149.5, 149.1, 149.5, 150.0, 149.1, 149.5, 149.7, 149.5, 148.9, 149.3, 150.1, 149.5, 151.5, 153.5, 154.2, 156.1, 156.2, 156.8, 156.7, 156.0, 156.1, 156.2, 156.1, 158.0, 158.0, 158.0, 157.9, 158.7, 159.3, 159.2, 158.7, 159.9, 159.9, 160.5, 161.7, 161.1, 161.7, 161.8, 162.3, 163.6, 162.4, 163.0, 163.0, 162.3, 162.4, 163.6, 162.9, 163.5, 163.6, 164.2, 164.2, 163.6, 163.5, 163.0, 164.2, 163.6, 162.9, 162.9, 162.3, 162.9, 161.7, 162.3, 162.9, 162.9, 162.3, 161.7, 162.3, 161.1, 161.7, 161.7, 161.7, 162.3, 162.3, 161.7, 162.3, 162.9, 162.3, 161.1, 161.1, 159.2, 158.0, 157.4, 156.7, 155.5, 156.6, 155.4, 155.6, 155.5, 155.5, 155.6, 156.2, 156.1, 156.0, 154.9, 154.8, 154.4, 153.7, 154.3, 154.9, 154.4, 153.7, 153.1, 153.2, 152.5, 152.8, 152.4, 153.7, 153.3, 153.7, 153.1, 153.7, 151.9, 153.0, 153.0, 153.1, 153.0, 153.0, 153.1, 153.0, 153.0, 152.5, 153.1, 152.4, 153.0, 152.4, 153.0, 152.1, 152.2, 152.2, 152.7, 152.2, 153.0, 152.8, 151.8, 152.8, 152.8, 152.2, 152.1, 152.1, 152.2, 151.8, 152.4, 151.8, 152.5, 152.4, 152.4, 151.8, 152.4, 152.8, 153.6, 152.4, 153.0, 152.4, 152.4, 153.0, 153.0, 153.1, 153.0, 152.5, 153.0, 152.2, 152.4, 151.8, 153.0, 152.4, 153.0, 153.0, 152.2, 153.0, 152.2, 152.4, 152.4, 152.8, 152.8, 152.7, 152.7, 152.1, 152.8, 153.3, 152.6, 152.6, 152.7, 152.7, 152.7, 152.7, 152.1, 152.1, 152.1, 152.7, 152.7, 152.2, 152.2, 152.8, 153.3, 153.3, 152.7, 152.8, 151.6, 152.1, 151.6, 152.4, 152.2, 152.8, 152.1, 152.1, 151.8, 152.7, 151.6, 152.1, 151.6, 151.6, 152.2, 152.2, 152.1, 152.1, 152.2, 152.4, 152.4, 152.1, 152.7, 151.6, 152.4, 152.8, 152.1, 152.8, 152.2, 152.2, 152.1, 152.8, 152.8, 152.1, 152.4, 152.6, 152.1, 151.5, 152.1, 152.1, 152.1, 152.1, 152.0, 152.0, 152.0, 151.6]"
11,"[162.9, 164.2, 163.5, 164.2, 164.2, 163.5, 164.2, 163.5, 163.5, 162.9, 162.9, 162.9, 162.9, 163.5, 162.9, 163.5, 162.9, 162.9, 162.9, 162.3, 164.2, 163.6, 162.9, 163.0, 163.6, 162.9, 162.3, 162.3, 162.9, 162.9, 162.9, 162.9, 163.5, 163.5, 162.3, 162.9, 163.0, 164.2, 162.9, 163.5, 162.9, 162.9, 162.3, 162.9, 162.3, 162.3, 162.9, 162.3, 162.9, 162.9, 162.9, 162.3, 162.3, 163.0, 162.3, 162.3, 162.3, 162.9, 162.3, 162.3, 162.3, 162.9, 162.9, 163.5, 163.6, 163.0, 163.5, 164.2, 163.6, 162.9, 162.9, 162.9, 163.5, 164.2, 164.2, 163.6, 164.2, 163.5, 163.0, 162.3, 163.6, 164.2, 164.2, 164.2, 163.6, 163.0, 163.6, 163.0, 163.0, 163.0, 163.0, 163.0, 163.6, 162.3, 162.3, 163.5, 162.9, 162.9, 162.3, 162.9, 162.9, 163.5, 162.9, 162.3, 162.9, 162.9, 162.9, 162.3, 162.9, 162.9, 162.9, 162.9, 162.9, 162.3, 161.1, 160.5, 159.9, 159.9, 160.5, 161.7, 160.5, 160.5, 159.9, 158.6, 158.0, 157.4, 156.3, 155.6, 155.1, 153.8, 154.5, 155.1, 155.7, 155.6, 156.1, 156.7, 156.2, 156.2, 155.6, 155.5, 156.2, 156.1, 155.7, 155.6, 156.2, 156.3, 155.5, 156.3, 155.6, 155.0, 155.7, 156.2, 156.7, 156.7, 156.8, 156.8, 156.8, 156.7, 157.4, 156.3, 155.0, 154.4, 153.0, 152.6, 153.1, 153.2, 153.2, 152.4, 152.5, 152.6, 151.9, 152.1, 150.7, 150.7, 150.3, 150.0, 150.6, 151.2, 150.6, 151.3, 151.4, 151.4, 152.5, 151.8, 151.3, 152.0, 151.9, 152.5, 151.9, 152.0, 151.4, 151.3, 151.6, 152.5, 151.9, 152.0, 152.6, 152.4, 152.6, 151.4, 151.2, 151.9, 151.3, 151.2, 152.4, 151.9, 152.5, 151.8, 151.9, 151.9, 151.8, 151.3, 151.8, 152.4, 151.8, 151.8, 151.9, 151.8, 152.4, 152.4, 151.8, 152.4, 151.8, 151.8, 151.8, 151.8, 151.8, 151.9, 152.4, 152.8, 151.8, 151.8, 152.4, 151.9, 151.8, 151.2, 151.8, 151.9, 152.4, 151.8, 152.2, 152.4, 152.6, 151.8, 153.0, 152.4, 152.5, 151.8, 151.9, 151.8, 152.4, 152.4, 153.0, 151.8, 151.3, 152.8, 151.8, 151.2, 152.2, 152.2, 151.9, 151.8, 152.4, 152.4, 151.9, 151.8, 152.4, 153.0, 152.4, 151.8, 152.4, 152.4, 152.2, 152.0, 151.8, 151.6, 151.8, 151.9, 151.8, 152.4, 152.4, 152.5, 152.4, 151.3, 152.4, 151.8, 151.3, 151.9, 152.4, 152.4, 152.4, 152.4, 151.4, 152.4, 152.2, 151.8, 151.8, 151.8, 152.4, 152.4, 151.8, 151.6, 151.8, 152.4, 151.9, 152.4, 152.2, 151.9, 153.0, 153.1, 151.9, 152.8, 153.0, 152.5, 152.0, 152.5, 151.9, 152.5, 151.2, 151.8, 151.8, 151.9, 151.9, 151.4, 151.9, 151.8, 152.1, 152.7, 152.7, 152.6, 152.7, 153.2, 152.6, 152.7, 152.6, 151.9, 150.6, 150.8, 151.3, 151.3, 151.3, 150.7, 151.3, 150.6, 150.7, 150.4, 149.2, 151.4, 151.3, 151.3, 150.4, 150.7, 151.3, 151.4, 151.8, 151.9, 151.8, 150.1, 151.2, 151.9, 152.0, 151.3, 151.2, 151.8, 151.9, 152.6, 152.7, 154.4, 156.2, 158.0, 159.8, 161.1, 161.7, 161.1, 161.8, 162.3, 162.3, 163.5, 163.6, 163.5, 163.6, 163.6, 163.0, 164.2, 163.0, 163.6, 163.6, 164.2, 163.6, 163.0, 164.2, 163.6, 163.0, 163.6, 164.2, 163.6, 164.2, 163.0, 164.2, 163.6, 163.6, 162.4, 163.0, 163.6, 162.9, 162.9, 163.0, 163.5, 162.9, 163.5, 163.5, 163.5, 163.5, 163.5, 163.5, 163.5, 163.5, 163.5, 163.5, 162.9, 162.9, 163.0, 164.2, 162.9, 163.5, 164.2, 162.4, 163.5, 162.9, 163.5, 163.5, 162.3, 162.9, 162.9, 163.5, 162.9, 162.9, 162.9, 162.9, 162.3, 162.3, 163.5, 163.0, 164.2, 164.2, 163.0, 163.6, 163.0, 163.0, 163.6, 163.0, 162.9, 163.5, 162.9, 163.5, 163.5, 163.6, 163.5, 162.9, 162.9, 163.6, 162.3, 162.9, 162.4, 162.3, 161.1, 161.7, 161.7, 160.5, 160.5, 160.5, 160.5, 162.3, 161.7, 162.9, 162.3, 160.5, 161.1, 159.9, 160.5, 159.9, 159.9, 159.9, 159.9, 159.3, 158.7, 159.3, 158.7, 158.0, 158.1, 158.1, 158.7, 158.0, 157.5, 157.5, 157.5, 156.9, 157.5, 157.5, 158.1, 157.4, 157.5, 158.0, 158.7, 158.1, 158.1, 157.5, 157.5, 157.4, 156.8, 156.7, 158.0, 158.7, 158.7, 158.7, 159.9, 160.0, 159.9, 158.7, 158.7, 157.5, 156.7, 156.9, 156.9, 155.6, 155.9, 155.7, 156.3, 156.8, 157.0, 156.3, 156.4, 156.4, 156.3, 154.8, 155.7, 155.7, 155.7, 156.2, 156.3, 156.8, 156.3, 156.9, 156.3, 156.9, 157.0, 157.4, 157.0, 157.5, 158.1, 157.4, 156.8, 155.2, 155.1, 154.5, 153.0, 153.0, 153.0, 152.2, 152.2, 153.0, 151.0, 150.4, 152.2, 153.0, 153.0, 153.1, 153.0, 152.4, 153.1, 153.2, 153.9, 153.1, 153.2, 153.1, 153.2, 153.3, 154.4, 154.6, 155.2, 155.7, 155.7, 156.4, 156.4, 156.9, 157.5, 157.5, 157.5, 157.0, 157.5, 157.0, 157.5, 157.5, 157.5, 157.5, 156.9, 158.1, 158.1, 158.7, 158.7]"
11,"[160.4, 159.2, 159.1, 159.2, 158.1, 158.6, 159.9, 159.9, 159.8, 159.3, 159.9, 160.5, 160.5, 159.9, 161.2, 161.1, 160.5, 159.9, 161.7, 160.5, 161.7, 160.5, 160.6, 161.1, 161.1, 161.1, 161.8, 160.5, 159.3, 157.3, 154.7, 155.0, 156.2, 156.9, 156.1, 156.3, 157.4, 156.9, 156.8, 157.4, 156.9, 157.4, 156.2, 156.9, 157.4, 157.4, 158.0, 158.1, 158.1, 158.1, 158.1, 158.7, 160.5, 161.1, 162.9, 162.9, 162.9, 162.9, 163.6, 162.9, 164.2, 163.5, 163.6, 163.5, 164.2, 164.2, 164.2, 163.5, 164.2, 164.2, 164.2, 163.6, 164.2, 163.5, 162.9, 163.5, 163.5, 163.5, 163.6, 163.5, 163.5, 162.9, 163.5, 163.6, 164.2, 163.5, 163.5, 162.9, 162.9, 164.2, 163.5, 163.5, 164.2, 164.2, 163.5, 163.5, 163.5, 163.5, 163.5, 163.5, 164.2, 164.2, 162.9, 159.9, 157.3, 154.8, 156.2, 156.8, 156.9, 157.0, 156.3, 157.5, 156.8, 157.6, 156.9, 157.5, 158.1, 158.1, 158.1, 158.1, 159.9, 159.8, 159.2, 160.5, 160.5, 160.5, 158.1, 157.0, 155.9, 155.2, 155.2, 155.8, 155.8, 156.3, 157.6, 157.5, 158.7, 159.9, 160.5, 159.9, 158.7, 159.9, 159.3, 159.3, 158.7, 158.7, 158.7, 158.7, 159.3, 160.5, 160.5, 160.4, 161.1, 160.5, 160.4, 161.7, 161.1, 161.1, 161.7, 161.1, 159.9, 159.9, 160.5, 159.3, 159.3, 158.1, 156.9, 157.0, 156.3, 157.0, 157.0, 157.0, 156.9, 157.0, 157.0, 157.0, 157.0, 156.3, 154.4, 152.6, 150.0, 148.3, 147.7, 147.7, 149.8, 150.6, 151.3, 152.0, 153.2, 153.2, 152.6, 152.5, 152.5, 152.6, 152.0, 152.0, 152.1, 152.6, 152.6, 152.6, 152.5, 151.9, 152.5, 152.1, 152.5, 152.7, 153.2, 152.7, 154.4, 155.0, 155.0, 154.5, 154.5, 154.6, 154.5, 153.8, 154.5, 154.5, 154.5, 155.1, 154.8, 154.5, 155.1, 155.1, 154.4, 154.4, 153.9, 154.0, 153.9, 153.9, 154.4, 153.7, 153.8, 155.1, 154.6, 155.1, 155.0, 155.6, 157.0, 156.2, 155.7, 155.7, 155.1, 154.9, 151.0, 152.4, 153.8, 155.2, 156.9, 157.5, 156.3, 156.2, 156.1, 155.6, 154.4, 154.4, 155.1, 155.0, 155.0, 155.0, 155.0, 154.4, 155.1, 155.8, 155.2, 155.7, 155.0, 155.0, 155.0, 155.0, 154.3, 154.4, 154.4, 153.8, 153.9, 153.7, 154.3, 153.7, 153.8, 153.8, 154.9, 154.5, 153.8, 153.7, 153.8, 153.7, 153.6, 154.4, 153.2, 153.2, 153.2, 153.7, 153.1, 154.2, 153.7, 153.7, 153.2, 153.7, 153.2, 153.7, 153.2, 153.1, 153.8, 154.4, 153.8, 153.8, 153.8, 153.8, 153.8, 153.7, 153.1, 153.6, 153.1, 153.8, 153.1, 153.1, 152.5, 153.3, 153.6, 152.4, 152.4, 152.5, 153.0, 152.6, 152.4, 152.5, 153.1, 153.2, 153.1, 153.0, 151.8, 153.0, 152.5, 153.2, 153.2, 153.0, 153.1, 153.2, 153.3, 152.0, 153.3, 153.7, 151.2, 152.0, 152.7, 152.5, 152.6, 151.9, 152.5, 151.9, 153.1, 152.5, 152.6, 152.5, 152.0, 151.9, 152.4, 151.8, 153.2, 151.9, 151.9, 152.0, 151.3, 152.0, 152.7, 151.9, 151.8, 152.5, 153.2, 153.7, 152.6, 153.9, 154.3, 155.6, 154.4, 155.0, 155.6, 156.2, 156.2, 156.2, 156.2, 156.7, 158.0, 158.0, 158.0, 158.6, 159.3, 159.2, 159.9, 159.9, 160.5, 159.9, 159.8, 160.5, 159.9, 160.5, 159.9, 159.9, 160.5, 159.9, 160.5, 160.5, 161.7, 162.3, 162.3, 163.0, 163.6, 163.6, 163.6, 163.6, 163.6, 162.9, 163.6, 163.5, 163.0, 162.9, 164.2, 162.9, 163.5, 163.0, 163.6, 163.0, 163.0, 162.9, 162.9, 162.3, 161.1, 161.1, 160.5, 161.1, 161.1, 160.5, 160.5, 161.1, 160.5, 159.9, 160.5, 158.6, 158.6, 157.9, 157.4, 156.1, 155.6, 155.7, 155.7, 156.2, 155.7, 155.7, 155.6, 155.1, 156.3, 155.7, 155.7, 153.7, 154.4, 155.1, 154.4, 154.3, 154.4, 153.1, 154.4, 153.8, 153.2, 153.8, 153.9, 154.5, 153.7, 153.2, 153.8, 153.8, 153.8, 153.9, 153.1, 153.8, 153.3, 153.2, 153.1, 153.1, 153.1, 152.6, 153.2, 153.1, 153.9, 153.7, 153.1, 152.5, 153.2, 153.8, 153.3, 154.5, 153.1, 153.1, 153.3, 153.2, 152.5, 153.1, 153.1, 152.6, 153.1, 153.2, 153.2, 153.4, 153.1, 153.2, 152.5, 153.1, 153.1, 153.0, 153.1, 152.4, 153.3, 152.4, 152.5, 151.8, 153.2, 151.9, 152.6, 152.7, 151.3, 152.5, 152.5, 151.9, 152.6, 152.6, 152.3, 152.0, 152.7, 152.6, 153.3, 152.7, 152.0, 153.4, 152.0, 152.0, 153.1, 153.3, 153.9, 153.3, 153.3, 153.3, 153.2, 153.9, 153.3, 153.2, 153.3, 153.2, 153.2, 152.7, 153.2, 152.5, 153.9, 154.5, 153.3, 154.4, 154.4, 153.8, 153.3, 153.9, 153.3, 153.2, 152.6, 154.4, 154.4, 154.5, 153.9, 154.6, 153.9, 155.0, 154.5, 154.5, 154.4, 154.4, 154.6, 154.5, 154.4, 153.9, 153.8, 153.9, 154.4, 154.5, 154.4, 154.5, 154.6, 153.8, 154.4, 154.4, 154.4, 154.5, 154.4, 155.0, 154.3, 154.5, 154.4, 154.3, 153.8, 154.5, 155.1, 154.5, 154.4, 154.5]"
11,"[157.9, 157.9, 158.6, 158.6, 158.0, 159.1, 159.8, 160.4, 159.8, 160.5, 159.8, 160.4, 161.7, 161.0, 161.7, 160.4, 161.0, 160.4, 160.5, 160.4, 161.1, 161.1, 161.1, 161.1, 161.7, 161.7, 161.1, 161.7, 161.1, 161.1, 161.7, 161.7, 161.1, 162.3, 161.1, 160.5, 160.5, 161.1, 161.1, 160.5, 161.1, 161.0, 161.1, 159.9, 160.5, 161.1, 161.7, 160.4, 161.1, 161.7, 161.1, 160.4, 161.0, 161.1, 161.7, 161.1, 161.7, 161.7, 161.7, 161.0, 161.7, 161.1, 161.0, 162.3, 161.7, 161.1, 161.7, 161.7, 161.7, 161.7, 161.1, 161.7, 161.7, 161.7, 161.7, 161.7, 161.7, 161.7, 161.7, 162.3, 160.5, 161.7, 161.1, 161.1, 162.3, 162.3, 162.3, 162.3, 161.7, 162.3, 162.3, 161.7, 161.7, 161.7, 161.7, 162.3, 161.7, 162.3, 162.3, 161.1, 161.7, 161.7, 161.0, 161.1, 160.5, 161.1, 161.7, 161.1, 161.1, 161.1, 161.7, 161.1, 161.1, 160.4, 161.1, 161.7, 161.1, 161.1, 161.1, 161.7, 161.1, 161.1, 161.7, 161.0, 161.1, 159.3, 158.7, 157.5, 157.5, 157.6, 157.5, 157.0, 156.4, 156.8, 156.3, 156.9, 155.1, 156.9, 157.0, 156.3, 156.9, 156.3, 156.2, 155.0, 156.2, 156.2, 154.9, 154.9, 155.0, 156.2, 155.8, 157.0, 157.0, 156.4, 157.4, 156.9, 156.3, 156.3, 156.9, 157.0, 157.5, 156.3, 157.0, 155.8, 156.2, 156.3, 155.2, 156.2, 155.7, 155.1, 155.8, 155.6, 155.6, 155.6, 155.6, 155.0, 155.6, 155.0, 155.1, 155.6, 154.4, 155.6, 154.3, 153.7, 153.9, 154.4, 153.8, 153.8, 154.4, 153.9, 153.8, 153.8, 153.8, 155.0, 154.6, 155.1, 155.1, 155.1, 155.7, 155.6, 155.0, 156.3, 155.7, 154.5, 155.7, 156.4, 156.4, 156.4, 156.9, 153.8, 154.4, 154.6, 155.7, 155.8, 156.3, 156.3, 156.7, 156.4, 156.4, 156.3, 156.3, 156.3, 156.4, 156.3, 156.3, 156.2, 155.6, 155.1, 154.5, 154.5, 154.5, 154.5, 154.5, 154.3, 155.0, 155.1, 155.6, 155.1, 155.7, 155.6, 155.6, 155.0, 155.1, 155.6, 155.2, 155.1, 155.0, 155.0, 154.5, 155.7, 155.0, 155.2, 154.4, 155.0, 155.1, 155.0, 154.5, 153.9, 154.4, 154.9, 154.3, 153.9, 155.0, 155.1, 155.0, 155.0, 154.3, 154.6, 155.1, 154.5, 154.9, 155.6, 155.2, 154.5, 154.4, 155.0, 154.6, 154.4, 154.4, 155.0, 155.0, 155.1, 155.0, 154.5, 154.9, 155.0, 155.0, 154.5, 155.0, 154.5, 155.1, 154.5, 154.5, 155.1, 154.5, 155.1, 155.1, 155.0, 154.5, 155.1, 154.5, 155.0, 154.9, 154.6, 154.4, 154.4, 154.4, 154.4, 154.4, 154.3, 154.4, 154.4, 153.8, 154.3, 153.7, 153.8, 153.8, 153.8, 153.2, 153.8, 153.8, 153.8, 153.8, 153.8, 153.8, 153.9, 154.4, 153.8, 153.7, 154.3, 154.3, 153.8, 154.4, 155.1, 154.5, 153.9, 154.0, 154.9, 153.8, 154.6, 153.9, 154.5, 155.1, 154.5, 154.9, 153.8, 152.1, 152.6, 151.9, 152.4, 150.7, 150.1, 150.6, 152.7, 153.7, 154.4, 156.3, 156.9, 156.3, 156.9, 156.3, 155.7, 155.1, 155.1, 154.5, 154.4, 155.8, 156.9, 156.9, 158.0, 158.6, 159.3, 159.9, 160.5, 161.1, 162.3, 162.9, 162.9, 163.6, 163.5, 164.2, 164.2, 164.2, 163.5, 163.5, 163.5, 164.2, 163.5, 164.2, 164.2, 163.5, 163.5, 163.5, 163.5, 164.2, 164.2, 164.2, 163.5, 164.2, 164.2, 163.5, 163.5, 163.5, 164.2, 163.5, 164.2, 163.5, 164.2, 164.2, 164.2, 164.2, 164.2, 163.5, 164.2, 163.6, 163.5, 164.2, 164.2, 164.2, 163.5, 164.2, 163.5, 163.5, 162.9, 163.0, 164.2, 163.5, 163.5, 163.5, 162.9, 162.9, 163.6, 163.6, 163.5, 161.1, 160.5, 163.0, 162.9, 163.5, 164.2, 163.5, 163.6, 163.6, 163.5, 163.0, 162.3, 162.9, 162.9, 162.9, 162.9, 162.9, 163.0, 162.3, 162.3, 162.4, 161.7, 161.7, 162.3, 162.3, 162.3, 163.5, 162.3, 161.7, 162.4, 162.3, 161.1, 160.5, 160.5, 160.5, 160.5, 159.9, 160.5, 160.5, 159.9, 160.5, 161.1, 161.2, 161.1, 161.1, 161.1, 161.7, 160.5, 160.5, 161.2, 160.6, 160.6, 159.9, 158.7, 158.7, 158.1, 158.1, 157.0, 157.0, 156.4, 155.7, 156.4, 157.5, 157.0, 156.9, 156.9, 156.4, 156.9, 157.5, 157.5, 157.5, 157.0, 157.5, 156.9, 156.9, 156.4, 156.4, 156.4, 156.4, 157.0, 156.4, 155.8, 155.7, 155.1, 155.8, 155.1, 157.0, 157.0, 155.0, 156.4, 156.4, 155.8, 155.8, 157.0, 157.5, 157.0, 157.0, 157.0, 157.5, 157.5, 156.4, 157.0, 157.0, 157.0, 156.9, 157.0, 156.3, 157.5, 156.9, 155.8, 155.7, 156.3, 156.4, 156.4, 156.4, 156.3, 155.6, 155.0, 155.0, 154.3, 154.4, 155.0, 154.5, 154.4, 155.0, 154.4, 154.4, 154.4, 154.4, 154.3, 154.5, 154.3, 154.5, 155.0, 155.0, 155.1, 155.0, 154.4, 155.0, 155.0, 155.7, 155.6, 155.6, 155.7, 155.6, 155.6, 156.9, 156.3, 157.0, 157.0, 157.0, 157.5, 157.5, 157.6, 156.9, 156.3, 156.4, 157.0, 157.5, 156.9, 157.0, 156.4, 156.9, 157.0, 157.5, 157.6]"
11,"[156.3, 154.5, 154.4, 155.1, 153.8, 155.0, 155.4, 155.0, 157.0, 157.5, 156.9, 156.9, 157.0, 157.0, 156.3, 157.5, 157.0, 157.0, 157.0, 157.5, 157.5, 156.9, 157.5, 156.9, 157.4, 157.0, 157.0, 156.9, 157.5, 158.1, 158.1, 158.7, 158.7, 158.1, 158.0, 158.1, 158.1, 158.1, 158.1, 157.5, 158.0, 158.1, 158.1, 158.1, 158.0, 158.1, 158.1, 158.6, 158.7, 158.7, 158.6, 158.7, 158.1, 158.1, 158.1, 158.1, 158.1, 158.1, 158.0, 158.1, 158.2, 158.1, 158.7, 158.7, 158.7, 158.6, 158.7, 158.7, 158.7, 159.2, 158.7, 159.3, 158.7, 158.6, 159.2, 159.3, 158.7, 158.7, 158.1, 158.1, 158.1, 157.5, 157.9, 157.4, 157.5, 157.5, 157.5, 157.5, 157.5, 157.5, 157.5, 158.1, 151.7, 147.3, 150.9, 154.1, 154.5, 150.0, 154.4, 159.8, 162.3, 158.2, 149.8, 150.7, 159.7, 163.5, 163.6, 163.5, 156.1, 151.6, 155.5, 156.8, 162.9, 162.9, 160.4, 156.1, 162.9, 164.2, 162.9, 162.3, 161.7, 162.3, 162.3, 162.3, 164.2, 163.5, 162.9, 162.9, 162.3, 161.7, 161.1, 160.5, 159.3, 159.3, 159.3, 159.8, 159.9, 159.3, 158.7, 159.2, 158.7, 159.2, 158.7, 158.7, 158.0, 158.0, 158.1, 158.7, 158.6, 159.3, 159.3, 158.7, 159.2, 158.7, 158.6, 159.2, 159.8, 159.3, 158.6, 158.7, 158.0, 158.0, 158.6, 157.0, 158.1, 157.5, 157.5, 158.1, 157.5, 157.1, 156.9, 157.5, 156.3, 157.4, 157.4, 156.8, 157.4, 157.5, 157.5, 156.9, 156.2, 156.9, 155.7, 156.1, 155.6, 156.2, 156.2, 156.2, 156.3, 155.1, 155.7, 155.6, 155.5, 155.6, 155.5, 154.9, 155.6, 155.6, 155.0, 155.7, 155.1, 155.6, 155.0, 155.0, 154.9, 155.0, 155.7, 156.3, 156.9, 156.4, 156.4, 155.8, 155.7, 156.4, 156.3, 156.8, 156.3, 155.8, 156.8, 156.9, 156.3, 157.0, 156.4, 156.7, 155.6, 156.2, 155.7, 155.6, 155.0, 155.5, 155.6, 155.6, 155.6, 156.1, 155.7, 155.6, 155.7, 155.6, 156.8, 155.6, 155.6, 156.1, 155.7, 155.8, 156.3, 156.3, 156.3, 156.3, 156.3, 155.7, 156.3, 154.2, 150.9, 151.6, 153.8, 155.0, 153.7, 154.3, 156.7, 158.6, 159.2, 159.8, 159.2, 159.8, 157.9, 156.2, 157.9, 157.3, 160.5, 161.6, 161.6, 162.9, 162.9, 163.5, 163.5, 162.3, 163.5, 162.9, 162.3, 162.3, 161.6, 161.7, 161.6, 161.6, 161.7, 161.7, 161.0, 161.0, 161.0, 158.6, 158.7, 158.6, 158.6, 157.4, 158.1, 157.5, 157.0, 158.1, 157.5, 157.5, 157.5, 157.5, 157.5, 157.5, 157.0, 156.9, 157.5, 157.5, 157.0, 157.5, 157.0, 157.5, 157.0, 157.5, 157.0, 157.5, 157.0, 156.9, 157.5, 157.0, 157.0, 158.1, 157.5, 157.0, 157.0, 157.5, 156.9, 157.0, 157.0, 157.0, 156.9, 156.4, 157.0, 157.0, 156.4, 157.5, 157.0, 157.5, 157.0, 157.5, 157.0, 156.9, 157.0, 156.9, 157.5, 156.9, 156.4, 157.5, 157.0, 157.5, 156.9, 155.7, 154.4, 152.0, 151.6, 150.3, 149.7, 149.2, 150.4, 151.8, 152.0, 152.5, 151.9, 150.6, 151.9, 152.4, 151.8, 154.4, 155.1, 156.3, 156.2, 157.5, 157.5, 158.7, 159.3, 159.9, 159.8, 159.9, 159.8, 159.8, 160.5, 161.7, 160.5, 160.5, 161.1, 162.3, 161.7, 162.3, 162.3, 162.9, 163.5, 163.5, 163.5, 163.5, 162.9, 163.5, 162.9, 163.5, 164.2, 164.2, 163.5, 164.2, 163.5, 163.5, 163.5, 164.2, 164.2, 163.5, 163.5, 163.5, 163.5, 163.5, 164.2, 164.2, 163.5, 164.2, 164.2, 164.2, 164.2, 164.2, 164.2, 163.5, 163.5, 162.9, 161.7, 163.5, 164.2, 162.9, 163.5, 162.9, 164.2, 164.2, 163.5, 162.9, 163.5, 164.2, 164.2, 164.2, 163.5, 164.2, 163.5, 164.2, 163.5, 164.2, 163.5, 164.2, 164.2, 164.2, 164.2, 164.2, 163.5, 164.2, 164.2, 164.2, 164.2, 163.5, 163.5, 164.2, 164.2, 164.2, 164.2, 164.2, 164.2, 163.5, 163.5, 164.2, 164.2, 164.2, 163.5, 162.9, 163.5, 163.5, 163.5, 163.5, 162.3, 163.5, 164.2, 162.3, 162.3, 161.7, 161.7, 162.3, 162.3, 162.3, 161.0, 161.7, 161.0, 161.0, 161.1, 159.8, 161.1, 160.5, 160.5, 161.1, 159.8, 159.2, 159.2, 159.2, 159.8, 159.9, 160.5, 161.1, 160.5, 160.5, 159.9, 159.8, 159.9, 159.9, 159.9, 159.3, 159.3, 159.3, 158.7, 159.8, 159.9, 158.7, 158.6, 158.7, 158.1, 158.0, 159.3, 159.3, 159.3, 159.3, 159.3, 158.1, 158.1, 158.1, 157.5, 157.6, 157.5, 157.0, 157.6, 157.5, 157.5, 157.0, 156.4, 157.7, 157.0, 157.6, 156.9, 156.4, 157.0, 156.9, 156.3, 156.9, 156.4, 156.3, 156.9, 156.9, 157.0, 157.0, 157.0, 156.4, 157.0, 156.9, 156.3, 156.4, 156.9, 156.4, 156.9, 157.0, 156.3, 156.3, 156.9, 157.5, 157.0, 156.3, 155.6, 156.3, 156.8, 156.9, 156.4, 157.0, 156.8, 157.0, 156.9, 157.5, 157.4, 156.9, 157.5, 156.9, 156.3, 157.0, 156.9, 156.9, 156.9, 156.9, 157.4, 155.8, 156.3, 157.5, 156.2, 156.3, 156.2, 156.8, 157.5, 156.4, 158.1, 157.4]"
11,"[153.9, 155.1, 156.2, 154.4, 155.7, 155.6, 156.2, 157.4, 158.1, 158.7, 158.6, 158.7, 158.6, 159.3, 159.2, 159.8, 159.3, 159.8, 159.9, 159.8, 159.8, 159.8, 159.8, 160.5, 159.2, 158.6, 159.8, 159.8, 159.2, 159.2, 159.8, 159.2, 158.6, 158.7, 159.3, 159.8, 159.3, 159.2, 159.8, 159.8, 159.8, 160.4, 159.3, 159.2, 159.2, 160.5, 160.5, 159.8, 159.8, 159.8, 159.8, 159.8, 160.5, 159.8, 159.8, 159.2, 159.8, 159.8, 159.2, 161.0, 159.8, 160.5, 159.8, 159.9, 159.8, 159.8, 159.9, 160.4, 159.8, 159.9, 159.8, 159.8, 160.4, 160.5, 160.5, 160.5, 159.9, 161.1, 159.8, 161.1, 159.8, 160.5, 160.5, 160.5, 158.1, 157.5, 157.4, 157.5, 158.1, 157.5, 157.5, 157.5, 157.0, 156.9, 156.4, 155.7, 156.4, 156.9, 156.9, 156.9, 157.5, 157.5, 157.5, 157.5, 157.0, 157.5, 158.7, 158.1, 158.7, 158.7, 158.6, 159.3, 159.3, 158.7, 159.3, 159.9, 159.2, 159.2, 158.7, 159.8, 159.2, 159.8, 159.3, 160.4, 160.5, 160.5, 160.5, 161.1, 160.4, 159.2, 159.8, 159.3, 158.1, 158.1, 157.6, 156.4, 156.8, 156.8, 157.5, 157.4, 157.5, 157.5, 156.3, 157.4, 156.8, 156.8, 157.5, 156.7, 157.3, 156.9, 156.8, 156.8, 155.6, 156.8, 157.4, 158.1, 157.4, 157.5, 157.4, 156.9, 157.5, 157.5, 157.5, 157.5, 158.1, 157.5, 156.9, 158.1, 157.5, 158.1, 158.1, 157.4, 158.1, 157.7, 157.9, 156.9, 157.5, 157.4, 156.9, 156.9, 158.7, 157.0, 158.1, 158.0, 158.1, 157.5, 157.5, 157.5, 157.5, 157.4, 156.8, 157.5, 157.5, 156.9, 157.5, 157.4, 157.5, 157.4, 157.4, 157.4, 157.4, 157.4, 156.8, 157.9, 157.4, 157.5, 157.3, 156.2, 156.7, 156.9, 156.3, 157.0, 155.8, 156.3, 156.3, 156.9, 156.3, 155.8, 156.3, 157.0, 156.9, 156.2, 156.9, 156.3, 157.0, 155.6, 157.0, 157.0, 156.9, 157.0, 156.2, 156.4, 156.9, 155.7, 156.9, 156.9, 156.4, 156.4, 156.3, 156.3, 156.8, 156.9, 156.4, 157.5, 155.8, 156.9, 157.5, 157.0, 156.3, 156.8, 155.8, 156.9, 156.9, 156.9, 156.4, 155.7, 155.8, 155.7, 155.7, 155.6, 155.6, 156.4, 156.4, 156.9, 156.9, 157.0, 157.0, 156.8, 156.4, 156.9, 157.5, 156.4, 157.5, 157.0, 157.5, 157.0, 157.0, 156.9, 156.9, 157.5, 156.8, 157.6, 156.4, 156.3, 156.4, 155.2, 156.3, 157.0, 157.0, 157.0, 156.3, 157.0, 156.9, 155.8, 156.9, 156.8, 155.9, 156.9, 156.9, 156.3, 156.9, 156.8, 155.8, 156.9, 156.9, 157.0, 156.4, 156.3, 156.3, 157.5, 156.9, 156.9, 157.0, 157.4, 156.9, 157.5, 156.2, 157.4, 156.9, 156.4, 156.9, 156.9, 155.7, 155.7, 155.6, 156.3, 156.3, 156.4, 157.0, 155.6, 155.6, 157.0, 156.4, 155.7, 156.3, 156.2, 155.8, 156.8, 155.7, 155.7, 155.6, 155.7, 155.7, 156.2, 155.5, 156.3, 155.7, 155.6, 156.4, 156.2, 156.2, 156.9, 156.8, 156.3, 156.2, 155.6, 156.9, 155.6, 156.3, 156.2, 156.2, 156.8, 156.3, 155.7, 155.7, 155.7, 155.6, 156.2, 155.7, 155.7, 156.4, 157.0, 156.9, 157.5, 158.1, 158.1, 158.7, 158.7, 159.3, 159.3, 160.5, 160.4, 161.1, 161.7, 162.3, 162.3, 162.3, 162.3, 162.3, 162.9, 162.9, 163.0, 163.5, 163.5, 163.5, 162.9, 162.9, 163.5, 162.9, 163.5, 163.5, 164.2, 163.5, 163.5, 162.9, 163.5, 163.5, 163.5, 163.5, 163.5, 163.5, 163.5, 164.2, 163.5, 164.2, 163.5, 164.2, 162.9, 164.2, 164.2, 163.5, 163.5, 163.5, 164.2, 164.2, 164.2, 163.5, 164.2, 164.2, 163.5, 163.5, 163.5, 163.5, 164.2, 164.2, 164.2, 164.2, 164.2, 164.2, 164.2, 164.2, 164.2, 164.2, 164.2, 164.2, 163.5, 163.5, 163.5, 163.5, 163.5, 164.2, 162.9, 163.6, 163.5, 164.2, 164.2, 163.5, 163.5, 163.5, 164.2, 163.5, 162.9, 164.2, 163.5, 163.5, 162.9, 163.5, 164.2, 163.5, 163.5, 164.2, 163.5, 163.5, 163.5, 163.5, 163.5, 164.2, 163.5, 163.5, 164.2, 164.2, 164.2, 164.2, 162.9, 163.5, 162.9, 163.5, 163.5, 163.6, 163.5, 162.9, 162.9, 163.5, 162.3, 162.9, 162.3, 162.3, 161.7, 162.3, 161.7, 161.1, 162.3, 162.3, 161.7, 161.1, 161.1, 161.7, 160.5, 161.7, 161.7, 159.9, 159.9, 161.1, 160.5, 160.5, 159.8, 159.9, 159.9, 159.2, 158.7, 159.2, 159.3, 158.7, 159.2, 159.9, 159.8, 159.9, 158.7, 158.7, 158.7, 158.7, 158.1, 158.1, 158.1, 158.1, 157.5, 157.5, 157.5, 157.5, 157.5, 157.0, 157.5, 158.1, 158.7, 157.6, 157.0, 156.4, 157.0, 157.0, 157.5, 157.1, 157.0, 157.0, 156.4, 157.5, 155.8, 157.5, 157.0, 157.0, 157.5, 157.0, 157.5, 157.0, 156.4, 157.5, 157.5, 157.5, 158.1, 158.6, 158.6, 158.7, 158.7, 158.1, 157.5, 158.7, 158.6, 158.1, 158.1, 158.7, 158.1, 158.1, 158.1, 158.0, 157.5, 157.4, 157.5, 158.1, 158.6, 158.1, 158.1, 157.5, 157.4, 158.1, 158.1, 157.5, 158.1, 157.9, 158.7, 158.1, 158.6]"
11,"[158.1, 156.7, 157.0, 157.5, 156.2, 157.3, 157.9, 159.2, 159.2, 159.8, 159.2, 159.9, 159.8, 159.8, 159.2, 159.3, 159.2, 158.7, 159.2, 158.6, 159.2, 159.2, 158.6, 158.7, 158.1, 158.7, 158.0, 158.7, 157.5, 157.5, 157.5, 157.0, 158.1, 157.0, 157.5, 156.3, 157.0, 157.0, 157.0, 157.5, 157.0, 157.5, 157.0, 158.1, 158.1, 157.5, 157.5, 158.1, 157.5, 157.3, 158.6, 158.0, 158.7, 157.5, 158.0, 158.0, 157.5, 157.5, 157.5, 157.5, 157.5, 157.0, 158.1, 157.5, 158.7, 158.2, 158.1, 158.6, 158.7, 158.6, 158.7, 158.1, 158.7, 158.0, 157.5, 158.1, 158.1, 157.5, 158.0, 157.5, 157.5, 157.5, 157.5, 157.5, 157.6, 157.0, 157.5, 156.9, 157.5, 157.5, 157.5, 157.0, 157.5, 157.6, 157.4, 157.0, 156.9, 157.0, 156.4, 156.9, 157.0, 157.0, 157.0, 157.0, 156.9, 156.4, 157.0, 157.0, 157.5, 157.0, 157.6, 157.5, 157.0, 157.0, 157.0, 157.0, 158.1, 158.1, 158.0, 158.7, 158.1, 158.0, 158.6, 158.6, 157.4, 157.5, 156.9, 157.3, 156.9, 156.2, 155.7, 155.6, 156.2, 155.6, 155.0, 155.5, 155.1, 155.7, 154.9, 154.3, 154.4, 155.1, 154.5, 155.1, 154.5, 154.4, 154.5, 154.4, 154.9, 155.0, 155.0, 155.0, 154.9, 155.0, 155.1, 155.0, 154.5, 155.0, 154.5, 155.0, 153.8, 154.5, 153.9, 153.8, 153.8, 153.1, 153.2, 152.7, 153.3, 153.7, 152.5, 153.1, 153.3, 153.9, 153.8, 153.7, 153.8, 153.7, 153.7, 153.3, 154.4, 153.1, 153.8, 153.2, 153.7, 153.7, 152.5, 153.1, 152.6, 152.5, 153.1, 153.7, 153.1, 153.7, 153.9, 153.2, 153.8, 152.6, 153.2, 153.1, 152.6, 152.8, 152.5, 153.1, 153.1, 153.2, 152.6, 153.5, 153.1, 153.2, 153.2, 153.7, 153.1, 153.3, 153.2, 153.2, 153.2, 153.9, 153.3, 154.0, 153.9, 154.4, 154.5, 154.6, 154.6, 154.6, 154.6, 155.7, 155.1, 155.7, 155.6, 156.3, 153.7, 155.0, 155.0, 155.0, 155.1, 155.1, 155.6, 155.1, 155.8, 155.7, 155.2, 155.7, 155.1, 155.6, 154.5, 155.0, 154.5, 154.4, 153.9, 154.4, 153.2, 153.8, 154.5, 154.4, 153.2, 153.8, 154.0, 154.3, 154.5, 154.5, 154.3, 153.7, 153.8, 154.9, 154.4, 154.4, 154.6, 154.4, 154.4, 153.9, 153.9, 154.4, 153.9, 154.4, 154.4, 153.8, 153.8, 153.8, 153.9, 153.7, 154.4, 153.8, 153.8, 154.3, 154.3, 154.3, 154.9, 155.0, 153.8, 155.0, 154.9, 153.9, 153.9, 153.3, 154.5, 154.5, 154.6, 153.8, 154.0, 154.4, 155.1, 155.0, 155.0, 155.0, 155.1, 155.0, 155.0, 155.6, 155.7, 155.7, 156.1, 155.6, 155.1, 155.6, 155.6, 155.5, 154.4, 155.0, 155.0, 154.4, 154.4, 154.4, 154.5, 155.0, 154.3, 154.9, 155.0, 154.4, 153.9, 153.7, 154.4, 155.0, 154.4, 154.4, 155.0, 154.5, 154.5, 155.6, 154.4, 154.4, 154.4, 153.8, 155.0, 154.4, 154.9, 155.6, 155.1, 155.1, 155.1, 155.1, 155.0, 155.1, 155.6, 155.7, 155.6, 155.6, 155.6, 155.1, 155.6, 156.1, 155.6, 155.0, 154.9, 155.6, 155.6, 155.7, 156.9, 157.0, 157.5, 157.5, 158.1, 158.1, 159.2, 158.7, 159.8, 159.8, 160.5, 160.4, 161.7, 161.7, 162.3, 162.3, 161.1, 162.9, 162.3, 162.3, 162.3, 162.9, 162.3, 162.3, 163.5, 163.5, 162.9, 163.6, 162.9, 163.5, 163.5, 162.9, 162.9, 163.5, 162.9, 163.5, 162.9, 163.5, 162.9, 163.5, 162.9, 162.9, 162.9, 162.3, 162.9, 162.9, 162.3, 162.9, 163.5, 162.9, 162.9, 162.9, 163.5, 162.9, 162.9, 162.9, 162.9, 162.9, 162.3, 162.3, 162.9, 163.5, 162.9, 162.9, 162.9, 163.5, 162.9, 162.9, 162.9, 162.3, 163.5, 163.5, 163.5, 162.9, 162.9, 162.9, 163.5, 163.5, 162.3, 163.5, 164.2, 162.3, 163.5, 163.5, 163.5, 163.5, 162.9, 163.5, 164.2, 162.9, 164.2, 163.5, 162.9, 163.6, 162.9, 163.5, 162.9, 163.5, 162.9, 162.9, 162.9, 163.5, 162.3, 162.9, 162.9, 161.7, 161.1, 161.1, 161.1, 159.8, 159.8, 159.9, 159.3, 159.3, 159.3, 159.9, 159.2, 158.7, 158.7, 158.6, 158.7, 157.5, 158.1, 158.1, 158.1, 157.5, 158.1, 158.7, 159.3, 159.2, 159.3, 159.2, 159.2, 159.2, 158.6, 159.2, 158.6, 158.7, 159.3, 158.7, 158.1, 158.0, 157.5, 158.1, 157.5, 157.5, 157.5, 158.1, 157.5, 158.1, 157.0, 157.0, 157.5, 157.5, 157.0, 156.3, 156.8, 157.5, 157.0, 157.0, 156.9, 157.5, 157.5, 156.9, 156.4, 156.9, 156.4, 156.8, 156.8, 156.2, 155.7, 156.8, 156.8, 156.8, 157.4, 157.4, 157.0, 156.9, 156.9, 157.0, 157.5, 156.8, 157.5, 156.9, 156.8, 157.4, 157.5, 157.3, 157.5, 158.1, 156.9, 157.0, 157.5, 157.5, 158.6, 158.0, 157.5, 157.4, 157.0, 157.5, 157.5, 157.0, 157.0, 156.9, 156.9, 157.0, 157.4, 157.6, 157.0, 157.0, 157.0, 156.9, 157.5, 158.7, 159.8, 159.2, 159.8, 159.8, 159.8, 159.8, 159.8, 159.8, 159.2, 159.2, 159.8, 159.2, 159.8, 159.2, 158.7, 158.6, 158.7, 158.1]"
11,"[153.8, 153.7, 154.6, 154.0, 154.6, 154.9, 154.9, 156.1, 156.8, 156.9, 156.9, 157.5, 157.5, 157.5, 157.5, 157.5, 157.4, 157.5, 157.6, 157.0, 157.5, 157.6, 157.0, 157.6, 157.5, 157.0, 157.5, 157.5, 158.1, 157.5, 157.0, 157.5, 157.0, 157.6, 157.5, 158.1, 157.5, 158.7, 158.2, 158.1, 158.1, 158.1, 158.1, 157.5, 157.0, 157.5, 158.1, 157.5, 157.5, 157.0, 158.1, 159.2, 158.7, 159.2, 159.3, 158.7, 159.3, 158.1, 159.8, 159.2, 159.2, 159.8, 159.8, 159.3, 159.2, 159.2, 159.2, 159.2, 160.5, 159.8, 159.2, 159.2, 159.2, 159.2, 159.2, 159.2, 159.8, 159.3, 160.5, 159.2, 159.2, 159.2, 159.2, 158.6, 158.7, 159.2, 159.8, 159.8, 159.2, 159.8, 159.9, 159.8, 159.8, 160.4, 160.4, 159.9, 159.8, 159.2, 159.3, 158.7, 158.6, 158.1, 158.1, 158.1, 158.1, 158.1, 158.7, 158.1, 158.1, 158.1, 158.1, 158.1, 158.1, 157.5, 158.1, 157.5, 157.5, 157.5, 158.1, 157.5, 158.1, 157.0, 157.0, 157.5, 157.0, 157.1, 157.0, 157.5, 157.0, 158.1, 157.0, 156.9, 157.0, 155.7, 156.1, 155.5, 154.8, 153.7, 153.7, 154.3, 153.7, 153.8, 154.3, 155.0, 154.3, 154.3, 154.2, 153.6, 154.3, 153.1, 153.7, 153.1, 153.6, 153.2, 154.3, 154.2, 153.7, 153.2, 154.3, 154.3, 153.9, 154.3, 154.2, 154.4, 153.8, 153.7, 154.3, 153.7, 153.2, 153.8, 153.1, 153.1, 153.1, 153.7, 153.3, 153.1, 153.2, 152.4, 153.3, 152.6, 153.8, 153.1, 153.7, 153.1, 153.2, 153.6, 153.1, 153.2, 152.6, 154.3, 154.4, 152.5, 153.7, 153.1, 154.4, 155.0, 154.3, 153.7, 154.4, 154.9, 155.1, 155.1, 155.1, 155.0, 154.5, 155.1, 154.5, 155.2, 154.9, 155.1, 155.6, 155.0, 155.7, 155.6, 154.4, 154.5, 155.6, 154.4, 155.1, 154.9, 155.0, 155.2, 155.1, 154.5, 155.6, 155.0, 154.4, 155.0, 154.5, 154.3, 155.0, 154.4, 155.0, 155.7, 154.9, 155.0, 155.1, 154.6, 153.8, 155.0, 154.9, 155.0, 155.1, 154.4, 155.0, 154.3, 154.4, 154.5, 155.0, 155.5, 155.0, 155.0, 154.5, 154.5, 155.0, 155.1, 154.4, 154.5, 155.0, 154.4, 155.0, 154.3, 154.4, 154.5, 154.4, 154.4, 154.4, 154.5, 154.4, 153.8, 154.4, 154.4, 155.1, 154.4, 154.4, 154.4, 153.9, 154.4, 154.3, 153.9, 154.4, 154.4, 154.5, 154.4, 154.9, 154.4, 154.4, 155.0, 154.5, 154.9, 154.4, 154.5, 154.4, 154.4, 153.7, 154.4, 154.9, 154.4, 154.4, 154.3, 154.3, 153.9, 154.3, 154.3, 154.3, 154.3, 153.8, 154.4, 154.4, 154.5, 154.2, 153.7, 153.7, 153.6, 154.3, 154.4, 153.9, 153.7, 153.7, 154.3, 154.4, 154.3, 155.0, 154.4, 154.3, 154.9, 154.9, 155.0, 154.9, 154.9, 154.9, 154.4, 154.3, 154.9, 154.4, 153.7, 154.9, 154.4, 154.3, 155.0, 154.3, 154.3, 153.7, 155.0, 154.3, 154.9, 155.1, 154.9, 154.3, 153.6, 154.3, 155.0, 154.3, 154.3, 154.2, 154.3, 153.8, 154.5, 154.3, 154.3, 154.9, 154.9, 154.3, 154.2, 154.3, 154.9, 154.9, 154.8, 154.9, 154.9, 154.3, 156.1, 156.2, 156.8, 156.8, 158.0, 157.0, 156.9, 156.9, 158.7, 159.3, 159.3, 160.4, 160.4, 161.1, 160.4, 161.0, 161.1, 160.5, 159.8, 161.0, 161.0, 161.0, 161.7, 161.0, 161.1, 162.9, 162.3, 161.7, 162.3, 161.6, 162.3, 162.3, 162.9, 162.9, 163.5, 162.3, 161.7, 163.5, 162.9, 162.3, 162.9, 162.3, 162.9, 163.5, 162.3, 162.3, 162.3, 163.5, 162.9, 162.9, 162.9, 162.9, 162.9, 162.9, 162.9, 163.5, 163.5, 162.9, 163.5, 164.2, 163.5, 162.9, 162.9, 161.7, 162.3, 162.3, 161.7, 161.0, 162.3, 162.3, 161.0, 161.7, 160.4, 160.5, 161.0, 160.5, 161.1, 159.8, 161.1, 160.5, 160.5, 161.1, 160.5, 160.5, 159.3, 158.1, 158.7, 157.5, 158.1, 157.5, 157.4, 156.9, 157.0, 157.5, 158.1, 157.5, 158.0, 157.9, 157.6, 157.5, 158.0, 157.6, 156.9, 157.6, 157.0, 157.5, 157.0, 157.0, 157.5, 157.6, 157.0, 158.1, 158.2, 157.5, 157.5, 158.1, 157.0, 158.1, 157.0, 158.1, 157.5, 158.1, 157.0, 158.1, 157.5, 158.0, 158.1, 158.1, 158.1, 158.0, 158.1, 158.7, 158.1, 157.5, 158.0, 157.6, 157.5, 157.5, 158.0, 157.5, 158.1, 157.5, 157.5, 158.1, 158.1, 158.1, 158.1, 158.1, 158.1, 157.5, 157.5, 158.1, 158.1, 157.5, 158.1, 158.1, 157.5, 157.5, 157.5, 157.5, 157.5, 158.1, 158.1, 157.5, 156.9, 157.5, 157.5, 157.5, 157.5, 157.5, 157.5, 156.4, 156.4, 157.5, 157.0, 157.0, 157.6, 156.4, 157.5, 157.5, 157.5, 157.5, 156.8, 156.3, 157.5, 156.4, 157.4, 157.0, 156.9, 157.5, 156.7, 157.4, 157.0, 157.0, 157.6, 158.1, 159.2, 159.3, 158.6, 159.2, 158.6, 158.1, 158.7, 158.1, 158.1, 158.1, 158.2, 157.5, 157.6, 157.5, 157.0, 157.5, 157.5, 157.0, 157.0, 157.5, 157.5, 156.8, 157.0, 156.9, 157.5, 158.1, 157.5, 159.2, 158.7, 158.7, 158.6, 158.6, 158.6]"
11,"[155.1, 156.3, 155.2, 156.2, 157.0, 156.2, 157.3, 159.1, 159.2, 159.2, 159.8, 159.2, 159.9, 159.8, 159.8, 160.4, 160.5, 159.2, 159.8, 159.8, 160.5, 159.2, 159.8, 159.8, 159.8, 159.8, 159.8, 159.8, 159.3, 159.8, 159.8, 159.2, 159.8, 159.8, 159.8, 159.8, 159.3, 159.8, 159.3, 159.9, 159.8, 159.8, 159.8, 159.2, 159.8, 159.8, 159.8, 159.8, 159.8, 159.8, 159.2, 159.9, 159.2, 159.8, 159.3, 159.3, 159.3, 159.2, 159.2, 159.9, 159.2, 158.1, 157.5, 157.4, 157.0, 157.5, 157.5, 157.5, 157.0, 157.5, 158.1, 157.0, 157.5, 157.5, 157.6, 157.5, 157.5, 157.0, 157.5, 156.9, 157.5, 157.5, 157.5, 157.5, 157.5, 157.5, 157.5, 157.4, 158.1, 158.1, 158.1, 158.1, 158.7, 158.0, 159.3, 158.0, 158.1, 158.1, 158.1, 157.5, 158.1, 157.5, 158.0, 158.1, 158.1, 158.1, 158.1, 157.5, 157.4, 157.5, 157.5, 157.5, 157.5, 156.9, 158.2, 157.5, 157.5, 157.5, 157.5, 157.6, 157.5, 157.5, 157.5, 157.5, 157.0, 157.5, 157.5, 157.6, 157.5, 156.9, 156.9, 156.2, 155.6, 155.1, 154.9, 155.6, 155.0, 154.4, 155.0, 154.4, 155.0, 154.5, 155.5, 154.9, 154.9, 154.3, 154.3, 154.9, 154.3, 155.0, 154.3, 155.0, 155.0, 155.5, 154.9, 155.0, 155.0, 155.5, 155.6, 156.1, 156.2, 155.5, 155.5, 155.5, 156.1, 156.1, 155.1, 154.9, 156.2, 155.6, 155.9, 155.5, 154.8, 155.6, 155.5, 155.0, 155.6, 155.0, 155.6, 155.6, 155.1, 155.6, 155.6, 155.6, 155.7, 155.7, 155.6, 156.1, 156.3, 156.2, 155.6, 156.2, 155.5, 155.7, 156.2, 155.6, 155.6, 155.0, 155.6, 155.6, 155.6, 155.1, 155.6, 154.9, 155.4, 155.0, 155.5, 155.6, 155.6, 155.6, 154.9, 155.0, 155.0, 155.6, 155.6, 155.0, 156.1, 155.6, 155.0, 155.6, 156.1, 155.6, 155.6, 155.1, 155.1, 155.0, 155.1, 155.1, 155.6, 154.9, 155.8, 155.1, 155.6, 155.7, 155.6, 155.1, 155.6, 155.1, 154.5, 155.7, 155.1, 154.9, 155.1, 155.6, 155.6, 156.8, 155.6, 155.6, 155.6, 155.6, 156.2, 155.1, 155.7, 155.6, 155.7, 155.0, 155.0, 155.0, 155.7, 155.2, 155.6, 154.9, 155.0, 155.6, 155.0, 155.6, 155.0, 155.5, 155.1, 155.1, 155.1, 155.0, 155.0, 155.0, 154.9, 155.6, 155.0, 154.4, 155.0, 154.9, 155.1, 154.3, 155.0, 154.9, 154.9, 154.9, 155.0, 154.9, 155.0, 155.1, 154.9, 154.3, 155.1, 155.0, 154.5, 154.4, 155.1, 154.4, 155.1, 154.5, 155.6, 154.4, 155.0, 154.5, 154.9, 155.0, 154.4, 155.1, 155.1, 154.9, 154.6, 154.5, 154.4, 155.0, 154.5, 154.9, 155.6, 154.5, 154.4, 155.0, 155.1, 155.0, 154.4, 155.0, 155.1, 154.0, 155.0, 154.4, 154.4, 154.4, 155.1, 154.5, 154.4, 154.4, 154.4, 155.0, 155.0, 155.2, 155.8, 155.7, 155.1, 156.3, 155.7, 155.1, 155.1, 155.6, 155.0, 155.0, 155.1, 155.1, 155.0, 155.1, 155.1, 154.5, 155.0, 154.5, 154.5, 154.3, 154.4, 154.5, 154.5, 155.0, 154.5, 154.4, 155.0, 154.4, 154.9, 155.5, 155.6, 156.8, 157.4, 156.9, 157.5, 158.1, 158.6, 159.2, 159.2, 159.2, 159.8, 160.4, 161.0, 161.1, 161.1, 161.7, 160.4, 161.7, 161.0, 161.1, 162.3, 162.9, 162.9, 161.7, 162.9, 162.9, 163.5, 162.9, 162.9, 162.9, 162.9, 162.9, 162.9, 162.3, 162.9, 163.5, 162.9, 162.9, 162.9, 163.5, 162.9, 162.9, 163.5, 162.9, 162.9, 162.9, 163.5, 163.5, 162.3, 163.5, 162.9, 162.3, 162.3, 162.9, 162.3, 162.3, 162.3, 162.3, 162.3, 162.9, 162.9, 162.3, 162.9, 162.9, 162.3, 162.9, 162.9, 163.5, 162.9, 162.3, 163.5, 162.9, 162.3, 162.3, 162.3, 162.3, 162.9, 162.3, 162.3, 162.9, 162.9, 162.9, 163.5, 163.5, 163.5, 162.9, 162.9, 162.3, 162.3, 162.9, 162.3, 162.3, 162.3, 162.3, 162.9, 162.9, 162.9, 162.3, 163.5, 162.9, 163.5, 162.3, 162.9, 162.9, 163.5, 162.3, 162.3, 162.9, 162.9, 162.3, 162.9, 162.9, 161.7, 161.1, 161.7, 162.9, 161.7, 161.7, 161.1, 161.1, 161.1, 161.1, 161.7, 161.7, 161.1, 161.1, 160.5, 159.9, 159.9, 159.3, 159.9, 161.1, 161.1, 161.1, 161.1, 161.1, 161.1, 161.1, 161.1, 161.1, 160.5, 159.9, 159.3, 158.7, 159.3, 159.9, 159.3, 159.3, 159.9, 159.3, 159.3, 158.7, 158.7, 159.2, 158.6, 159.8, 159.3, 158.7, 158.7, 158.1, 159.3, 158.6, 158.7, 158.7, 158.1, 158.1, 157.5, 157.0, 158.1, 157.0, 157.5, 157.5, 157.5, 158.1, 158.1, 157.6, 157.5, 157.5, 158.1, 157.6, 157.5, 157.5, 157.0, 157.5, 158.1, 158.1, 157.5, 157.5, 157.0, 156.9, 157.5, 157.6, 157.0, 158.2, 157.6, 158.1, 158.1, 157.5, 157.5, 157.5, 157.5, 157.0, 157.5, 157.0, 157.0, 158.1, 157.0, 157.5, 157.5, 157.6, 157.5, 157.5, 157.5, 158.1, 158.6, 157.5, 158.1, 158.1, 158.1, 158.6, 158.0, 159.8, 159.2, 159.8, 159.8, 159.8, 159.2, 159.8, 159.8, 159.8, 160.5, 159.8]"
11,"[156.9, 156.7, 156.7, 157.4, 156.9, 158.1, 158.0, 158.6, 159.8, 158.7, 158.6, 159.2, 159.2, 158.6, 158.1, 157.5, 157.5, 157.5, 157.4, 157.5, 157.0, 158.8, 158.1, 157.0, 157.5, 157.0, 157.5, 157.6, 156.2, 156.7, 156.4, 156.2, 157.5, 156.3, 156.9, 156.8, 156.9, 155.6, 154.9, 151.0, 151.0, 156.4, 157.5, 159.8, 155.7, 148.6, 150.7, 154.7, 159.2, 151.1, 143.7, 142.6, 144.7, 151.1, 159.2, 163.5, 164.2, 162.9, 162.9, 163.5, 155.6, 150.7, 155.3, 159.1, 154.4, 150.9, 146.7, 152.5, 157.3, 161.7, 164.2, 163.5, 160.9, 151.0, 151.8, 153.0, 157.3, 160.4, 163.5, 164.2, 163.5, 164.2, 162.9, 163.5, 163.5, 163.5, 163.5, 162.9, 163.5, 162.9, 164.2, 164.2, 164.2, 164.2, 164.2, 164.2, 164.2, 163.5, 162.9, 162.9, 162.9, 163.5, 163.5, 162.9, 164.2, 163.5, 163.5, 164.2, 164.2, 164.2, 164.2, 164.2, 163.5, 163.5, 164.2, 164.2, 164.2, 163.5, 163.5, 164.2, 164.2, 164.2, 163.5, 163.5, 164.2, 162.9, 161.1, 160.5, 158.7, 158.7, 158.0, 158.1, 158.7, 158.1, 157.5, 158.1, 158.1, 158.1, 158.2, 158.1, 158.1, 158.7, 157.5, 158.1, 158.1, 157.5, 158.1, 159.2, 159.2, 159.9, 159.2, 159.2, 159.8, 160.5, 160.5, 160.5, 161.1, 159.2, 160.5, 159.8, 159.8, 159.2, 159.8, 159.2, 158.0, 158.7, 158.6, 158.1, 157.5, 157.5, 157.5, 157.5, 157.5, 157.0, 158.1, 157.5, 157.0, 157.5, 158.1, 156.9, 157.5, 157.0, 157.4, 157.0, 157.5, 158.0, 156.4, 157.0, 157.6, 157.5, 157.5, 156.9, 157.5, 156.7, 156.9, 156.3, 156.2, 156.2, 156.9, 156.8, 156.8, 156.3, 156.9, 156.8, 156.3, 155.6, 155.6, 154.9, 154.5, 154.5, 155.0, 155.6, 155.0, 155.0, 155.0, 155.0, 155.5, 155.1, 155.1, 152.5, 155.1, 155.0, 155.7, 157.0, 157.0, 157.1, 157.0, 157.0, 156.9, 157.0, 157.0, 157.0, 157.6, 157.0, 157.1, 156.4, 157.0, 157.5, 157.0, 157.5, 157.6, 157.5, 157.5, 158.1, 157.4, 157.5, 157.0, 158.2, 157.5, 157.5, 157.5, 158.1, 158.0, 156.9, 157.5, 157.6, 158.1, 157.5, 157.0, 157.5, 157.5, 157.5, 158.0, 158.1, 158.7, 158.7, 159.2, 158.1, 157.5, 158.1, 158.7, 158.1, 158.1, 158.1, 157.6, 157.5, 158.1, 158.7, 158.7, 158.7, 158.0, 158.1, 158.1, 157.5, 158.1, 157.5, 157.5, 158.1, 157.5, 158.1, 157.0, 156.8, 156.9, 157.0, 156.3, 156.9, 156.4, 157.5, 157.5, 157.5, 157.5, 158.1, 157.5, 157.5, 157.5, 158.1, 157.6, 158.1, 157.5, 157.0, 156.9, 157.5, 156.9, 157.0, 157.0, 156.4, 156.9, 157.0, 156.9, 155.7, 157.5, 156.9, 157.0, 156.4, 157.0, 157.0, 157.0, 156.9, 156.9, 157.5, 157.0, 157.0, 156.4, 156.4, 156.9, 157.0, 156.9, 155.6, 156.4, 156.2, 156.3, 156.4, 157.0, 156.4, 157.0, 156.3, 156.3, 156.3, 156.3, 157.0, 157.0, 157.0, 156.9, 156.9, 156.9, 157.0, 156.4, 157.0, 156.9, 156.8, 157.5, 156.9, 156.3, 156.4, 156.4, 156.3, 157.5, 157.5, 157.5, 158.7, 158.1, 158.1, 159.3, 158.7, 158.7, 159.3, 160.5, 160.4, 162.3, 161.7, 161.7, 161.7, 162.3, 162.9, 162.9, 161.7, 162.3, 162.9, 163.5, 162.3, 162.9, 162.9, 162.3, 162.3, 162.3, 162.3, 162.9, 162.9, 162.9, 163.5, 162.9, 163.5, 162.9, 162.3, 162.9, 163.5, 163.5, 162.9, 162.9, 162.3, 163.0, 162.9, 164.2, 162.3, 162.9, 162.9, 163.5, 162.9, 162.3, 162.3, 162.3, 161.7, 162.3, 162.9, 162.9, 162.9, 162.9, 162.3, 163.5, 163.5, 162.3, 162.3, 162.9, 163.5, 162.3, 162.9, 162.9, 162.3, 162.9, 162.9, 163.5, 162.9, 163.5, 162.3, 162.3, 162.9, 162.3, 162.9, 162.9, 162.3, 162.3, 162.3, 161.7, 163.0, 162.9, 162.9, 162.9, 162.9, 162.3, 163.5, 162.9, 162.9, 162.9, 162.3, 162.3, 162.3, 161.7, 161.7, 159.4, 159.3, 159.3, 158.6, 159.3, 158.7, 159.3, 160.5, 161.7, 161.7, 159.8, 159.8, 159.9, 158.7, 159.2, 158.7, 158.6, 158.7, 158.6, 158.7, 159.3, 159.3, 158.7, 158.7, 158.1, 157.5, 158.1, 158.1, 157.0, 157.0, 157.0, 157.0, 157.0, 157.5, 156.4, 157.0, 157.0, 157.0, 157.5, 157.5, 157.5, 157.5, 157.5, 158.1, 158.1, 158.1, 157.5, 158.1, 157.5, 157.5, 157.6, 157.5, 157.6, 157.5, 157.5, 157.0, 157.0, 158.2, 157.0, 158.2, 157.6, 158.1, 157.5, 158.1, 157.6, 158.1, 158.6, 157.6, 157.0, 157.5, 158.1, 157.6, 157.6, 157.5, 158.1, 157.4, 157.0, 157.0, 157.5, 157.0, 156.9, 157.4, 157.5, 157.0, 158.1, 158.1, 157.4, 157.0, 157.4, 157.5, 156.4, 157.5, 157.4, 156.8, 157.5, 157.5, 158.1, 158.1, 157.5, 157.5, 156.8, 157.5, 157.5, 157.4, 156.9, 156.9, 156.8, 156.8, 158.6, 157.5, 156.2, 157.4, 156.9, 158.1, 157.4, 157.5, 157.5, 157.4, 156.9, 157.0, 157.0, 157.5, 158.1, 156.9, 157.0, 157.5, 156.9, 157.5, 157.5, 158.1, 157.5, 158.1]"
11,"[157.0, 157.5, 156.8, 156.3, 156.9, 158.0, 159.2, 159.2, 159.8, 160.5, 159.2, 159.8, 160.5, 159.8, 159.8, 159.8, 160.5, 159.8, 159.2, 159.8, 159.8, 159.2, 159.2, 159.8, 160.5, 160.4, 160.4, 160.4, 159.8, 159.8, 160.4, 159.9, 159.8, 159.9, 161.0, 160.5, 159.8, 160.5, 159.8, 159.8, 160.4, 161.0, 160.4, 160.5, 160.4, 159.8, 161.0, 160.5, 160.5, 160.4, 160.4, 160.5, 160.4, 160.4, 159.8, 159.8, 159.8, 160.5, 160.4, 161.0, 159.8, 160.5, 160.4, 160.4, 160.4, 160.4, 161.1, 159.8, 160.4, 160.4, 159.8, 160.5, 160.4, 160.5, 161.0, 161.0, 161.0, 160.4, 159.8, 160.5, 161.1, 160.4, 160.5, 159.8, 159.8, 160.4, 161.1, 159.8, 160.5, 160.4, 160.4, 160.4, 160.4, 160.4, 161.0, 159.8, 160.4, 161.1, 160.5, 160.4, 161.1, 160.5, 159.9, 160.4, 159.2, 159.8, 159.8, 159.2, 159.8, 159.8, 159.9, 159.8, 160.5, 159.8, 159.2, 159.9, 160.4, 159.8, 159.8, 159.8, 159.8, 159.8, 159.8, 159.8, 159.2, 157.5, 157.5, 157.5, 156.9, 155.6, 156.2, 155.6, 154.9, 154.9, 155.0, 155.5, 155.6, 155.0, 155.7, 154.9, 155.5, 155.6, 155.6, 155.7, 155.6, 155.5, 154.9, 155.0, 155.6, 155.0, 155.6, 156.1, 155.7, 156.2, 156.1, 155.7, 155.6, 155.1, 154.9, 155.5, 155.0, 155.1, 155.5, 155.0, 155.0, 155.1, 154.4, 155.0, 154.3, 155.0, 154.9, 155.0, 154.9, 155.1, 155.0, 155.0, 154.9, 153.8, 155.0, 155.1, 154.5, 155.0, 155.1, 154.6, 155.0, 155.0, 155.1, 155.1, 155.7, 155.5, 155.2, 155.1, 156.3, 155.2, 155.7, 155.1, 155.0, 155.0, 155.7, 155.6, 155.6, 155.8, 155.0, 155.7, 155.7, 155.1, 155.6, 155.7, 155.7, 155.6, 154.6, 156.3, 155.6, 155.1, 155.1, 155.0, 155.6, 150.7, 150.9, 151.6, 154.4, 156.3, 157.0, 156.9, 154.3, 156.8, 156.4, 156.3, 157.0, 156.9, 157.5, 157.0, 157.5, 156.9, 157.3, 155.6, 156.2, 155.1, 153.8, 153.8, 154.4, 154.3, 154.4, 154.4, 153.8, 153.8, 153.8, 155.0, 154.9, 153.8, 153.8, 153.8, 154.3, 154.4, 154.9, 154.4, 154.4, 155.6, 155.0, 155.0, 155.7, 154.4, 155.7, 155.6, 155.0, 155.0, 154.4, 154.9, 156.3, 155.6, 154.9, 150.6, 150.9, 151.8, 151.4, 155.6, 153.1, 155.1, 156.1, 157.9, 158.0, 158.0, 157.9, 158.0, 158.0, 156.8, 158.1, 157.9, 158.1, 158.7, 158.0, 158.0, 157.4, 156.8, 158.1, 157.4, 157.5, 157.4, 157.4, 156.3, 156.9, 157.4, 156.9, 157.4, 156.8, 156.2, 156.3, 156.3, 156.1, 156.8, 155.6, 155.6, 155.6, 155.7, 155.6, 155.7, 155.5, 155.7, 156.2, 155.6, 155.0, 155.5, 155.7, 155.6, 155.0, 155.0, 155.7, 154.4, 155.5, 154.9, 155.5, 155.5, 155.0, 154.4, 154.8, 154.9, 155.0, 155.1, 154.4, 155.1, 155.6, 155.5, 155.1, 155.7, 155.6, 155.1, 155.1, 153.8, 153.9, 153.7, 154.4, 154.4, 155.0, 155.5, 155.0, 155.0, 155.1, 155.5, 155.0, 155.5, 155.6, 154.4, 154.4, 154.9, 155.0, 156.2, 156.8, 156.8, 157.5, 156.8, 158.1, 157.5, 158.1, 158.6, 158.7, 159.3, 159.8, 159.8, 160.5, 161.1, 162.9, 162.9, 163.5, 162.9, 162.9, 162.3, 162.9, 162.3, 162.3, 163.5, 162.9, 162.3, 162.9, 163.5, 162.9, 162.9, 162.3, 162.9, 162.9, 162.9, 162.3, 162.9, 163.5, 162.9, 162.9, 162.9, 162.3, 162.9, 162.9, 162.9, 162.9, 162.9, 163.5, 162.9, 162.9, 162.3, 162.9, 162.3, 162.9, 162.9, 162.9, 163.5, 163.5, 162.9, 163.5, 162.3, 163.5, 163.5, 162.9, 162.9, 162.9, 162.9, 163.5, 162.9, 162.9, 162.9, 163.5, 162.9, 162.9, 162.3, 162.9, 162.9, 162.3, 163.5, 162.3, 162.3, 162.9, 162.9, 162.9, 162.9, 162.3, 162.3, 162.9, 162.3, 162.3, 162.9, 162.9, 162.9, 162.9, 162.9, 162.9, 162.9, 162.9, 162.3, 162.9, 162.9, 162.3, 162.3, 162.3, 162.9, 162.9, 162.3, 162.9, 162.9, 162.9, 162.3, 162.9, 162.9, 162.9, 162.9, 162.9, 162.9, 162.9, 162.9, 162.3, 162.3, 162.9, 162.9, 162.3, 162.9, 162.3, 162.3, 163.5, 162.9, 162.3, 162.3, 161.1, 161.7, 161.7, 161.1, 162.3, 162.3, 161.1, 162.9, 161.7, 162.9, 162.9, 162.9, 162.9, 162.9, 162.9, 162.9, 162.3, 162.9, 162.9, 162.9, 162.9, 162.9, 162.3, 163.5, 162.3, 162.3, 162.9, 161.7, 162.9, 162.9, 162.3, 161.1, 161.1, 161.0, 161.0, 160.5, 159.2, 159.8, 159.8, 159.3, 160.5, 161.1, 160.4, 160.5, 159.8, 160.5, 160.5, 160.4, 160.5, 160.4, 160.4, 160.4, 160.5, 160.5, 161.1, 160.4, 161.0, 160.4, 159.8, 161.1, 160.4, 159.9, 160.4, 159.2, 159.2, 159.2, 159.2, 159.8, 159.8, 160.5, 159.8, 159.8, 160.4, 159.8, 160.4, 159.8, 160.4, 159.8, 159.8, 159.8, 160.4, 159.9, 159.2, 159.9, 159.8, 159.8, 159.8, 159.8, 159.8, 159.8, 159.8, 160.5, 159.8, 159.8, 159.8, 159.8, 160.4, 160.5, 160.4, 160.5, 160.5, 160.4, 160.4, 161.0]"
11,"[157.5, 155.7, 156.3, 155.8, 156.4, 156.8, 157.9, 158.0, 159.3, 158.6, 158.6, 158.7, 159.2, 159.3, 158.7, 159.8, 159.8, 160.5, 161.0, 161.1, 160.5, 161.1, 160.4, 161.7, 160.5, 159.2, 160.4, 160.4, 159.8, 161.0, 161.0, 160.5, 160.4, 161.1, 161.0, 161.1, 161.0, 160.5, 161.1, 161.0, 159.8, 161.0, 161.0, 160.5, 159.8, 160.4, 159.8, 160.5, 159.2, 158.6, 159.3, 159.8, 159.2, 158.6, 159.2, 159.8, 159.8, 159.9, 159.8, 158.6, 158.6, 158.7, 159.2, 158.6, 159.2, 159.8, 159.8, 160.4, 160.5, 159.3, 159.2, 159.8, 159.2, 159.2, 159.2, 158.6, 159.8, 159.2, 158.6, 159.2, 159.8, 159.3, 158.6, 158.6, 159.2, 159.9, 159.2, 159.2, 159.8, 159.8, 159.8, 159.8, 159.2, 159.2, 158.6, 159.2, 158.7, 159.2, 159.2, 158.7, 158.1, 159.2, 159.8, 159.8, 159.8, 159.9, 159.9, 159.2, 158.6, 158.7, 159.8, 159.8, 158.6, 158.7, 158.7, 158.7, 158.7, 158.7, 158.7, 158.1, 159.3, 158.7, 158.7, 159.3, 158.7, 158.1, 158.1, 157.5, 157.3, 156.9, 156.9, 156.8, 158.0, 157.3, 157.3, 157.4, 157.3, 157.3, 157.4, 156.2, 156.8, 156.8, 155.6, 156.3, 156.2, 155.7, 155.6, 156.1, 155.7, 155.1, 155.7, 156.3, 156.2, 156.2, 156.9, 156.8, 157.4, 156.1, 156.8, 155.6, 156.2, 156.8, 156.8, 156.9, 157.5, 157.4, 156.9, 156.9, 156.8, 156.8, 156.9, 156.3, 156.3, 155.8, 156.4, 155.7, 156.2, 157.0, 156.3, 157.5, 156.8, 156.3, 156.9, 155.7, 156.8, 156.3, 156.8, 156.9, 155.7, 156.2, 156.3, 157.5, 156.3, 156.8, 156.8, 156.7, 156.1, 156.3, 155.6, 156.2, 155.7, 156.4, 156.8, 156.9, 156.9, 156.9, 156.8, 156.7, 156.8, 157.3, 156.3, 156.9, 156.9, 156.7, 156.7, 156.2, 157.5, 156.9, 156.3, 156.4, 156.9, 156.3, 156.9, 155.7, 156.2, 156.3, 156.7, 157.3, 156.9, 156.3, 156.3, 156.8, 156.9, 156.3, 156.3, 156.8, 156.8, 156.2, 155.6, 156.2, 156.8, 156.8, 155.7, 156.2, 156.9, 155.9, 155.6, 155.5, 154.5, 155.7, 155.6, 155.6, 155.7, 155.5, 156.3, 156.3, 155.0, 155.8, 156.2, 155.6, 156.8, 156.2, 156.2, 156.1, 156.3, 156.7, 157.4, 156.7, 156.8, 156.3, 155.7, 156.3, 156.3, 156.3, 156.2, 155.7, 156.2, 155.7, 156.9, 157.4, 156.1, 156.2, 156.3, 156.2, 156.2, 155.7, 156.8, 155.7, 156.1, 156.2, 155.7, 156.2, 155.7, 156.2, 155.6, 156.8, 155.6, 156.2, 156.8, 156.9, 156.2, 156.9, 157.4, 156.9, 156.8, 156.8, 156.7, 156.8, 156.3, 156.7, 156.8, 156.1, 156.8, 156.8, 157.0, 157.0, 156.9, 156.8, 156.9, 156.2, 156.9, 156.9, 157.5, 156.8, 156.4, 157.4, 156.3, 157.4, 157.3, 157.3, 157.4, 158.0, 156.9, 157.4, 156.8, 157.4, 156.9, 156.7, 156.7, 156.7, 156.8, 156.8, 156.6, 156.8, 156.8, 157.3, 157.4, 157.4, 157.0, 156.2, 155.7, 156.3, 156.3, 156.4, 156.3, 156.3, 157.0, 156.4, 156.3, 156.3, 156.3, 156.8, 157.3, 156.9, 156.9, 156.8, 157.4, 158.0, 158.1, 157.4, 158.0, 159.8, 159.8, 159.8, 161.0, 161.0, 160.4, 160.4, 161.1, 161.0, 161.7, 161.7, 161.0, 162.9, 161.7, 162.9, 162.9, 163.5, 163.5, 163.5, 163.5, 163.5, 162.9, 162.9, 163.5, 164.2, 164.2, 164.2, 163.5, 163.5, 163.5, 164.2, 163.5, 164.2, 163.5, 164.2, 163.5, 164.2, 164.2, 163.5, 163.5, 163.5, 163.5, 164.2, 163.5, 164.2, 163.5, 164.2, 164.2, 164.2, 163.5, 164.2, 163.5, 164.2, 164.2, 163.5, 164.2, 163.5, 164.2, 164.2, 164.2, 164.2, 164.2, 163.5, 164.2, 164.2, 164.2, 164.2, 163.5, 163.5, 163.5, 164.2, 164.2, 164.2, 163.5, 163.5, 164.2, 164.2, 163.5, 163.5, 164.2, 164.2, 163.5, 163.5, 164.2, 163.5, 163.5, 164.2, 163.5, 163.5, 164.2, 163.5, 163.5, 163.5, 162.9, 163.5, 164.2, 164.2, 163.5, 163.5, 163.5, 164.2, 163.5, 163.5, 163.5, 164.2, 163.5, 164.2, 163.5, 162.9, 163.5, 163.5, 163.5, 164.2, 164.2, 164.2, 163.5, 163.5, 164.2, 164.2, 163.5, 162.9, 163.5, 163.5, 163.5, 163.5, 164.2, 163.5, 163.5, 162.9, 163.5, 164.2, 163.5, 162.9, 163.5, 164.2, 163.5, 163.5, 163.5, 163.5, 163.5, 163.5, 163.5, 163.5, 162.3, 162.9, 162.3, 162.9, 162.3, 161.7, 161.0, 161.0, 161.1, 161.0, 161.1, 161.7, 161.7, 161.1, 162.3, 160.4, 161.7, 161.7, 161.7, 161.7, 162.3, 161.1, 161.0, 161.7, 161.7, 161.0, 161.1, 161.7, 161.7, 161.1, 161.7, 161.0, 161.7, 161.7, 161.7, 161.7, 161.7, 161.0, 160.4, 162.3, 161.6, 161.7, 161.0, 161.0, 160.4, 161.0, 161.0, 161.0, 161.0, 161.6, 161.0, 161.6, 161.6, 161.7, 161.0, 162.3, 160.4, 161.0, 161.7, 161.0, 161.0, 160.4, 161.1, 161.0, 161.6, 161.0, 161.0, 160.4, 160.5, 161.0, 160.5, 160.5, 160.4, 159.8, 161.0, 161.0, 160.5, 160.5, 161.1, 161.0, 159.8, 161.1, 160.4, 161.7, 159.8, 160.5]"
11,"[157.5, 155.2, 156.3, 156.4, 156.9, 157.3, 157.9, 158.0, 159.2, 159.8, 159.8, 159.2, 159.2, 158.6, 159.9, 159.2, 159.8, 159.2, 159.2, 159.9, 159.2, 159.8, 159.8, 159.2, 159.9, 159.9, 159.8, 159.8, 159.8, 159.8, 159.8, 159.2, 159.8, 159.2, 159.9, 160.5, 160.4, 159.8, 159.8, 161.1, 159.8, 160.4, 159.1, 159.2, 159.8, 159.8, 158.6, 159.8, 159.2, 160.4, 160.4, 158.7, 159.8, 159.8, 159.3, 159.9, 159.2, 159.8, 158.7, 159.2, 159.9, 160.5, 159.8, 159.3, 159.3, 159.3, 159.3, 159.2, 159.8, 159.2, 159.8, 159.8, 160.5, 159.9, 159.8, 159.2, 160.4, 159.8, 160.4, 159.2, 159.3, 159.8, 159.2, 159.3, 159.2, 159.2, 159.2, 159.2, 158.7, 159.2, 159.3, 159.9, 159.8, 160.5, 160.5, 159.8, 159.8, 159.8, 159.9, 159.8, 159.2, 160.5, 160.4, 159.9, 159.2, 159.9, 159.8, 159.8, 158.0, 158.7, 157.5, 158.7, 157.5, 157.9, 158.7, 158.7, 158.1, 158.7, 158.0, 158.6, 158.7, 158.6, 158.1, 158.7, 158.7, 157.5, 158.1, 158.1, 157.9, 157.3, 157.4, 157.3, 157.4, 157.4, 156.8, 156.8, 156.2, 156.8, 155.6, 156.8, 156.3, 155.5, 155.6, 156.2, 155.6, 155.0, 155.0, 155.4, 156.9, 156.2, 156.8, 156.7, 156.3, 157.3, 157.4, 158.0, 158.0, 157.4, 158.0, 157.4, 158.0, 157.3, 156.9, 156.3, 156.3, 155.7, 156.3, 156.6, 156.8, 156.8, 156.8, 156.6, 156.2, 156.2, 156.2, 156.1, 156.2, 155.5, 155.5, 155.6, 156.2, 155.5, 155.6, 155.5, 154.9, 155.5, 155.0, 155.1, 155.5, 154.9, 155.6, 155.5, 155.0, 155.5, 155.7, 154.9, 153.8, 154.5, 154.4, 154.4, 154.5, 155.1, 155.0, 154.5, 155.1, 155.0, 154.6, 155.1, 155.0, 155.7, 154.4, 154.6, 154.4, 154.5, 155.6, 155.0, 155.0, 155.5, 155.6, 155.0, 155.5, 154.9, 155.0, 154.4, 154.5, 154.9, 154.4, 155.0, 155.0, 154.5, 155.1, 155.6, 155.1, 155.0, 155.7, 155.7, 154.9, 155.7, 155.7, 155.1, 155.0, 155.6, 155.7, 155.6, 155.1, 155.1, 155.7, 155.0, 155.1, 155.0, 154.4, 155.6, 155.1, 155.0, 155.0, 155.0, 155.1, 155.0, 155.7, 155.7, 155.6, 155.0, 155.0, 156.2, 155.1, 155.1, 155.6, 155.1, 155.0, 156.2, 155.6, 155.2, 154.9, 155.7, 155.1, 155.0, 155.7, 154.9, 155.5, 155.0, 154.9, 155.1, 154.4, 155.0, 155.6, 155.0, 155.6, 155.0, 155.6, 155.5, 155.2, 154.4, 155.5, 154.4, 155.6, 154.9, 154.6, 155.0, 155.1, 155.5, 155.0, 155.1, 155.0, 154.9, 155.0, 155.0, 155.1, 155.2, 155.0, 155.6, 155.2, 155.0, 155.6, 155.0, 155.6, 155.1, 155.1, 155.0, 155.1, 155.0, 155.1, 155.6, 155.0, 155.5, 155.0, 155.1, 155.7, 155.5, 155.1, 155.6, 155.7, 155.7, 155.7, 155.6, 155.8, 155.7, 155.7, 155.6, 156.2, 156.2, 155.5, 155.5, 155.6, 156.2, 156.7, 156.2, 156.3, 156.9, 156.3, 156.3, 156.3, 155.7, 155.6, 155.7, 156.3, 155.7, 156.1, 155.0, 154.4, 151.2, 151.5, 150.9, 151.0, 151.5, 150.4, 153.7, 154.9, 156.9, 157.5, 158.7, 158.1, 158.0, 158.7, 159.2, 158.6, 159.2, 159.2, 159.2, 159.8, 161.0, 161.7, 161.1, 162.3, 161.0, 162.9, 162.3, 161.7, 162.3, 162.9, 162.9, 162.9, 162.9, 163.5, 163.5, 163.5, 163.5, 162.9, 162.9, 163.5, 162.9, 162.9, 163.5, 164.2, 163.5, 163.5, 163.5, 163.5, 163.5, 162.9, 164.2, 163.5, 164.2, 163.5, 164.2, 163.5, 163.5, 163.5, 162.9, 163.5, 162.9, 163.5, 163.5, 164.2, 162.9, 163.5, 163.5, 163.5, 162.9, 163.5, 163.5, 162.9, 162.9, 163.5, 162.9, 162.3, 162.9, 161.7, 162.3, 161.0, 161.0, 160.4, 161.7, 161.0, 161.1, 161.0, 161.7, 160.5, 160.4, 159.8, 158.1, 158.1, 158.1, 158.7, 159.2, 159.2, 159.3, 158.6, 159.2, 158.7, 158.7, 158.0, 158.1, 156.9, 157.5, 157.5, 158.1, 158.6, 158.0, 159.3, 159.2, 158.6, 159.3, 159.2, 159.3, 159.8, 158.6, 158.6, 159.3, 159.2, 158.7, 158.6, 159.2, 159.2, 159.8, 159.8, 159.8, 158.5, 159.2, 159.2, 159.2, 159.2, 159.8, 159.8, 159.9, 159.2, 159.2, 159.8, 159.2, 159.3, 159.2, 159.2, 158.6, 159.8, 159.1, 159.2, 159.3, 159.2, 159.2, 159.3, 159.3, 159.2, 159.3, 158.6, 158.6, 158.6, 159.3, 159.2, 159.3, 158.6, 158.0, 158.7, 159.2, 158.6, 158.6, 158.6, 159.2, 159.2, 159.2, 159.9, 159.2, 159.2, 159.8, 158.7, 159.3, 158.6, 158.6, 158.6, 159.3, 159.2, 158.6, 158.7, 158.0, 158.6, 158.1, 158.7, 159.2, 159.8, 159.2, 159.8, 159.8, 159.3, 159.3, 159.3, 158.7, 158.7, 159.9, 158.7, 158.6, 159.2, 158.6, 159.2, 159.2, 158.0, 158.6, 159.3, 158.0, 159.2, 159.3, 159.3, 158.7, 159.2, 158.7, 158.7, 158.7, 158.6, 158.7, 158.6, 158.6, 158.6, 158.7, 159.3, 158.6, 159.2, 159.2, 159.3, 158.6, 158.6, 159.3, 159.3, 159.3, 158.6, 158.7, 158.6, 159.2, 158.7, 159.8, 159.2, 159.3, 159.2, 159.8]"
11,"[157.9, 156.8, 157.3, 156.7, 157.5, 157.9, 158.6, 159.1, 160.4, 161.0, 159.2, 159.8, 160.4, 160.4, 161.1, 160.5, 160.5, 160.4, 159.2, 160.4, 160.4, 160.5, 159.8, 161.0, 159.9, 160.4, 160.5, 159.8, 159.8, 159.8, 159.2, 159.8, 159.2, 159.8, 159.2, 159.8, 159.2, 158.6, 159.8, 159.8, 160.5, 160.4, 159.9, 159.2, 159.2, 159.8, 159.3, 159.8, 159.8, 160.5, 159.8, 159.8, 159.8, 159.8, 159.8, 159.2, 159.8, 159.8, 159.8, 159.2, 159.9, 159.8, 160.5, 159.8, 159.8, 159.2, 159.9, 160.5, 159.2, 160.5, 159.2, 159.3, 159.9, 159.9, 159.2, 159.8, 160.4, 159.8, 159.2, 159.8, 159.8, 159.9, 159.3, 159.2, 159.2, 159.2, 159.2, 159.2, 159.2, 158.6, 159.3, 158.7, 159.3, 159.2, 158.1, 158.6, 158.6, 158.7, 158.6, 158.1, 158.7, 158.6, 158.1, 158.1, 158.1, 158.1, 157.5, 158.7, 158.7, 158.6, 157.5, 158.6, 158.1, 158.1, 158.7, 158.7, 158.1, 158.2, 157.5, 158.1, 158.1, 157.5, 157.5, 158.0, 157.5, 157.5, 157.5, 156.9, 156.2, 155.6, 156.1, 155.5, 155.6, 156.2, 156.8, 155.6, 156.7, 155.6, 156.1, 156.2, 155.5, 155.5, 155.6, 155.6, 156.1, 155.5, 154.9, 156.1, 156.1, 155.0, 155.6, 155.6, 155.0, 155.0, 154.9, 155.1, 156.2, 156.2, 155.5, 156.1, 155.6, 154.9, 155.0, 155.5, 155.6, 155.6, 156.1, 154.9, 155.5, 155.5, 156.1, 155.5, 156.2, 155.6, 155.6, 155.6, 154.5, 155.7, 155.0, 155.0, 154.5, 154.5, 154.6, 154.4, 155.1, 154.5, 155.1, 155.6, 155.2, 155.1, 154.6, 155.6, 155.8, 155.6, 155.6, 155.6, 155.7, 155.1, 155.7, 155.5, 155.1, 155.0, 155.0, 154.5, 155.0, 155.6, 155.4, 155.1, 155.1, 154.3, 155.5, 155.0, 155.1, 154.5, 155.1, 154.6, 154.5, 154.5, 153.8, 154.0, 154.6, 154.4, 154.6, 155.0, 154.4, 155.1, 154.4, 155.2, 155.1, 155.1, 155.0, 155.1, 151.6, 152.5, 154.5, 155.6, 155.0, 155.0, 153.7, 152.5, 155.1, 156.2, 155.7, 155.7, 155.7, 155.7, 157.0, 157.0, 157.0, 157.5, 156.9, 157.0, 156.3, 156.4, 156.3, 157.0, 157.0, 156.9, 156.4, 156.9, 156.2, 155.0, 156.3, 155.7, 155.1, 156.3, 155.1, 156.3, 155.7, 155.7, 155.7, 155.6, 155.1, 155.0, 155.1, 155.7, 155.6, 155.6, 155.6, 155.7, 155.0, 155.0, 155.0, 154.4, 154.9, 155.6, 155.0, 155.2, 154.4, 155.5, 155.0, 155.1, 155.0, 154.4, 155.0, 155.6, 155.6, 155.1, 154.4, 155.1, 154.3, 155.7, 155.1, 155.1, 155.6, 155.1, 155.0, 155.7, 155.6, 155.6, 155.6, 154.4, 154.4, 153.2, 154.3, 154.0, 153.8, 153.8, 153.9, 154.5, 153.9, 154.0, 154.4, 154.4, 154.5, 155.0, 154.5, 154.4, 154.6, 154.5, 154.5, 155.0, 155.1, 155.1, 154.5, 155.0, 155.0, 154.4, 155.1, 154.5, 155.1, 154.6, 154.5, 154.4, 154.5, 155.0, 155.1, 154.5, 154.5, 155.0, 155.1, 154.9, 154.5, 155.0, 155.6, 155.6, 154.5, 154.4, 154.5, 154.5, 155.0, 155.1, 155.0, 155.0, 155.0, 155.6, 155.6, 156.9, 157.5, 158.1, 157.5, 158.7, 159.2, 159.2, 159.8, 159.8, 160.5, 159.8, 160.5, 161.0, 161.7, 161.7, 161.7, 162.9, 162.9, 162.9, 162.3, 162.3, 162.9, 162.9, 162.9, 163.5, 162.3, 162.9, 162.9, 162.3, 162.9, 163.5, 162.9, 162.3, 162.3, 162.9, 162.3, 162.9, 162.9, 162.9, 162.9, 162.3, 162.3, 162.9, 162.9, 162.3, 162.9, 163.5, 162.9, 163.5, 162.9, 163.5, 163.5, 163.5, 162.9, 163.5, 163.5, 162.9, 162.9, 162.9, 162.9, 163.5, 162.3, 162.9, 162.9, 163.5, 162.9, 163.5, 163.5, 163.5, 162.9, 162.3, 162.9, 162.9, 163.5, 163.5, 163.5, 163.5, 163.5, 163.5, 162.3, 162.3, 162.9, 162.9, 163.5, 162.9, 162.9, 162.9, 162.9, 162.9, 163.5, 162.9, 162.9, 163.5, 163.5, 162.9, 162.9, 163.5, 163.5, 162.9, 163.5, 162.9, 162.9, 162.9, 163.5, 163.5, 163.5, 163.5, 162.9, 163.5, 163.5, 162.9, 163.5, 162.9, 162.9, 161.7, 161.7, 160.4, 161.1, 160.4, 161.0, 160.4, 160.4, 161.1, 161.0, 161.0, 161.6, 161.7, 161.6, 161.7, 161.7, 162.3, 161.7, 160.4, 161.7, 162.3, 161.0, 161.0, 160.4, 161.0, 159.8, 161.0, 161.0, 160.5, 160.5, 160.5, 161.0, 160.5, 161.1, 160.4, 160.5, 159.8, 159.8, 161.1, 161.7, 159.8, 160.4, 160.4, 160.5, 160.4, 159.8, 160.4, 160.4, 160.4, 161.1, 160.4, 160.5, 160.4, 160.4, 160.5, 160.5, 159.8, 159.8, 160.5, 159.8, 159.8, 159.8, 159.8, 158.0, 158.1, 157.5, 158.1, 157.4, 159.2, 159.8, 159.2, 159.8, 160.5, 159.8, 159.8, 159.2, 159.2, 159.3, 159.8, 159.8, 159.2, 158.6, 158.6, 158.6, 159.2, 158.6, 159.2, 159.2, 160.4, 159.8, 158.6, 159.2, 159.3, 159.2, 158.1, 158.1, 157.5, 157.5, 158.1, 157.5, 157.5, 157.5, 158.1, 159.2, 158.1, 158.6, 158.6, 159.3, 158.6, 157.4, 157.3, 157.4, 158.6, 157.9, 158.1, 158.0, 158.6, 159.3, 159.2]"
11,"[156.4, 156.2, 156.3, 156.0, 156.8, 157.9, 158.6, 158.6, 159.2, 159.8, 159.8, 159.2, 158.6, 158.6, 159.2, 159.2, 159.8, 158.6, 159.2, 159.2, 159.2, 159.2, 159.8, 159.8, 159.8, 159.8, 159.8, 160.4, 159.3, 160.4, 159.8, 160.4, 159.8, 160.5, 160.5, 159.8, 160.4, 159.2, 159.8, 158.6, 159.3, 159.2, 159.8, 159.2, 159.8, 160.4, 160.4, 159.8, 159.2, 159.2, 159.2, 159.2, 159.8, 158.6, 159.8, 159.9, 159.8, 159.8, 159.2, 159.8, 159.8, 159.9, 159.2, 159.8, 159.3, 159.8, 159.2, 159.3, 159.2, 159.2, 159.8, 159.8, 159.8, 160.4, 159.8, 159.8, 159.9, 159.9, 159.8, 159.2, 160.4, 159.2, 159.9, 159.8, 159.8, 159.2, 160.5, 159.8, 159.9, 159.9, 159.9, 159.2, 159.2, 159.2, 159.2, 159.9, 159.2, 159.8, 159.9, 160.5, 159.2, 159.2, 159.8, 159.2, 159.8, 159.8, 160.5, 160.4, 159.8, 160.5, 161.0, 159.8, 159.2, 159.2, 159.8, 161.0, 159.9, 159.2, 159.2, 159.8, 159.8, 159.2, 160.5, 159.8, 160.5, 160.4, 158.6, 158.0, 157.5, 157.5, 157.0, 156.3, 156.9, 157.5, 157.4, 157.4, 157.4, 158.0, 157.4, 157.5, 157.4, 156.8, 156.8, 156.2, 156.8, 156.2, 156.2, 155.6, 156.2, 157.3, 156.8, 158.1, 156.8, 157.4, 157.4, 157.5, 158.0, 158.1, 156.9, 157.5, 156.9, 157.4, 156.7, 156.8, 157.5, 155.6, 156.8, 155.6, 155.5, 154.9, 155.5, 155.4, 155.0, 155.6, 156.2, 155.6, 155.6, 155.5, 155.5, 155.6, 154.9, 154.9, 154.9, 154.9, 154.9, 154.9, 154.9, 154.9, 154.8, 154.8, 154.8, 155.5, 155.6, 155.6, 155.1, 155.0, 155.7, 155.7, 156.9, 155.6, 156.3, 155.7, 155.6, 156.3, 156.9, 156.3, 156.9, 155.7, 156.9, 156.8, 156.7, 156.8, 156.2, 156.6, 156.7, 156.8, 157.4, 156.2, 156.3, 157.5, 155.6, 155.7, 156.1, 155.7, 155.0, 156.2, 157.4, 155.6, 155.7, 156.2, 155.6, 156.2, 156.3, 155.7, 156.3, 156.3, 155.7, 155.8, 155.1, 156.4, 156.3, 155.7, 155.2, 155.8, 156.3, 156.3, 155.7, 156.3, 156.2, 155.7, 155.0, 155.6, 155.0, 155.6, 155.6, 155.1, 155.7, 155.8, 155.1, 155.7, 155.7, 155.7, 155.7, 154.5, 154.5, 155.0, 155.0, 155.0, 155.1, 154.9, 155.0, 155.2, 155.1, 155.0, 155.1, 155.6, 154.4, 155.1, 155.0, 154.4, 155.0, 155.6, 155.7, 155.6, 156.9, 156.2, 156.8, 157.5, 157.5, 156.8, 157.0, 156.8, 156.8, 155.7, 156.1, 155.6, 155.6, 155.6, 156.3, 155.7, 155.7, 155.7, 154.9, 155.0, 154.5, 155.1, 154.5, 155.1, 155.1, 155.2, 154.6, 155.8, 155.1, 155.7, 155.2, 155.2, 154.5, 155.0, 155.6, 155.1, 155.1, 155.7, 155.7, 155.1, 155.1, 154.4, 155.1, 155.0, 155.1, 154.4, 155.1, 155.6, 155.1, 154.5, 155.0, 155.1, 155.1, 155.7, 155.6, 155.6, 155.0, 155.7, 155.6, 155.0, 155.6, 155.1, 155.1, 155.1, 155.1, 155.1, 155.1, 155.6, 155.0, 155.7, 155.6, 155.6, 155.5, 155.7, 155.6, 155.0, 155.6, 155.6, 156.2, 155.0, 156.2, 155.6, 155.7, 157.5, 156.9, 157.5, 157.0, 157.0, 158.1, 158.7, 158.7, 159.8, 159.2, 159.2, 159.8, 160.4, 160.5, 160.5, 161.1, 161.0, 161.0, 161.1, 161.7, 161.1, 162.3, 161.1, 161.7, 161.7, 161.1, 162.3, 162.3, 162.9, 162.9, 162.3, 162.3, 162.3, 162.3, 162.9, 162.3, 162.3, 162.3, 162.9, 162.9, 162.9, 162.9, 162.3, 162.3, 162.3, 162.3, 162.3, 162.9, 162.3, 162.9, 162.9, 162.3, 162.9, 162.3, 162.3, 163.5, 162.9, 162.9, 163.5, 162.9, 162.9, 162.9, 162.9, 162.3, 162.3, 162.3, 162.3, 163.5, 162.9, 162.9, 162.3, 162.9, 163.5, 162.9, 162.3, 162.9, 162.9, 163.5, 162.3, 162.9, 162.9, 163.5, 162.9, 162.9, 162.3, 162.3, 162.9, 162.3, 162.9, 163.5, 163.5, 162.9, 162.9, 163.5, 162.9, 162.9, 163.5, 163.5, 162.3, 162.9, 162.3, 162.9, 162.9, 162.3, 162.9, 162.9, 163.5, 163.5, 161.1, 162.3, 162.3, 163.5, 162.3, 162.3, 162.3, 161.7, 161.7, 161.1, 161.1, 161.7, 161.1, 160.4, 161.7, 161.7, 161.7, 161.7, 161.7, 161.1, 161.7, 161.0, 161.7, 161.1, 161.0, 161.0, 161.7, 160.5, 161.0, 161.7, 161.7, 161.6, 162.3, 161.1, 161.7, 161.7, 161.7, 160.5, 160.4, 161.0, 160.5, 160.4, 160.5, 160.5, 161.0, 159.8, 160.5, 159.3, 159.8, 159.8, 159.2, 159.8, 159.9, 159.8, 160.5, 160.4, 160.5, 160.5, 161.1, 159.1, 159.8, 160.5, 160.4, 161.1, 160.5, 159.3, 159.2, 159.2, 159.8, 159.2, 159.2, 160.4, 159.8, 159.2, 159.8, 159.2, 159.8, 159.8, 159.2, 159.8, 159.8, 159.2, 159.8, 159.8, 159.8, 159.8, 159.8, 159.2, 160.4, 159.8, 160.4, 159.8, 159.8, 160.4, 159.8, 159.8, 161.0, 160.4, 159.1, 160.4, 159.8, 160.5, 159.8, 159.8, 160.5, 159.2, 159.8, 159.8, 159.8, 158.7, 159.8, 159.8, 159.8, 159.8, 159.2, 160.4, 159.2, 159.8, 159.2, 159.9, 160.5, 159.8, 160.4, 159.8, 159.8]"
11,"[160.4, 159.7, 161.0, 161.6, 161.7, 161.0, 161.6, 162.3, 162.9, 162.9, 162.9, 162.9, 163.5, 163.5, 162.9, 162.9, 162.9, 162.9, 163.5, 162.9, 163.5, 162.9, 162.9, 162.9, 163.5, 163.5, 162.9, 162.9, 162.3, 162.9, 162.9, 163.5, 162.3, 162.9, 162.9, 162.9, 162.3, 163.5, 162.3, 162.9, 162.3, 162.3, 162.3, 162.3, 163.5, 163.5, 162.9, 162.9, 162.9, 162.9, 162.9, 162.9, 163.5, 162.9, 162.9, 163.5, 163.5, 162.9, 162.3, 162.9, 162.3, 162.9, 163.5, 162.9, 162.9, 162.3, 162.9, 162.9, 162.3, 162.9, 162.9, 162.3, 162.3, 161.7, 162.3, 161.7, 161.1, 160.5, 159.8, 159.3, 159.8, 160.5, 161.1, 161.7, 161.7, 161.1, 162.3, 161.1, 162.3, 161.1, 162.3, 161.1, 160.5, 160.5, 159.3, 159.3, 158.1, 157.5, 158.1, 158.1, 157.5, 158.7, 157.6, 157.6, 155.1, 155.5, 158.1, 157.6, 158.1, 157.5, 158.7, 158.1, 158.7, 158.1, 157.5, 157.7, 158.1, 157.5, 157.0, 157.0, 157.5, 155.0, 157.6, 157.5, 157.6, 157.5, 157.0, 157.0, 156.8, 154.6, 155.1, 155.7, 155.1, 155.7, 155.7, 155.8, 155.1, 155.7, 155.1, 155.7, 155.1, 155.0, 155.8, 155.1, 155.1, 155.1, 155.1, 155.7, 155.1, 155.1, 155.1, 155.6, 156.2, 156.2, 156.8, 155.7, 155.7, 155.6, 156.2, 156.8, 155.7, 157.0, 156.4, 155.1, 155.8, 155.0, 155.7, 155.8, 156.4, 156.3, 155.8, 155.7, 156.2, 155.1, 155.6, 156.3, 155.0, 155.0, 155.6, 155.8, 155.7, 155.7, 155.7, 155.0, 155.6, 155.0, 155.0, 155.1, 155.0, 155.1, 155.1, 155.6, 155.0, 155.6, 154.5, 155.0, 155.6, 155.0, 155.1, 155.1, 155.5, 155.1, 155.0, 155.0, 155.6, 155.0, 155.1, 155.2, 155.7, 155.1, 155.1, 155.1, 155.0, 155.1, 154.5, 154.4, 155.6, 155.0, 155.1, 155.7, 155.7, 155.0, 155.6, 155.5, 155.0, 155.6, 154.5, 155.6, 154.4, 155.0, 155.0, 154.5, 155.0, 155.7, 155.6, 155.7, 155.1, 155.1, 155.1, 155.0, 154.6, 155.6, 154.6, 154.4, 154.4, 155.0, 155.7, 155.0, 154.5, 153.8, 154.5, 153.8, 155.0, 155.1, 154.3, 155.0, 155.0, 154.4, 154.5, 154.4, 154.5, 155.0, 154.3, 154.5, 155.1, 155.1, 155.0, 154.5, 155.1, 154.4, 155.1, 154.4, 155.1, 154.4, 154.4, 153.8, 154.4, 154.4, 154.3, 153.9, 155.0, 154.5, 155.0, 154.5, 155.1, 154.5, 155.0, 155.1, 154.4, 154.5, 154.4, 154.4, 154.5, 154.4, 154.4, 154.4, 155.0, 154.4, 155.1, 155.0, 155.0, 155.1, 154.9, 154.4, 155.2, 154.5, 154.4, 154.4, 154.5, 154.4, 154.4, 154.5, 154.5, 153.9, 153.8, 153.2, 151.3, 150.4, 150.3, 150.9, 149.8, 150.3, 150.3, 151.2, 150.0, 150.0, 150.4, 150.6, 150.6, 151.0, 151.0, 150.4, 150.0, 149.8, 150.6, 150.0, 149.8, 150.4, 149.8, 150.4, 149.7, 149.7, 148.9, 149.2, 150.3, 149.7, 149.7, 150.4, 150.7, 152.5, 152.5, 151.9, 152.0, 153.7, 152.0, 152.0, 152.6, 152.6, 152.5, 154.4, 154.3, 155.0, 155.6, 155.5, 156.1, 156.9, 157.3, 156.9, 157.5, 158.0, 157.4, 157.4, 158.0, 157.4, 157.3, 158.6, 158.7, 159.9, 159.2, 160.5, 160.4, 161.7, 161.7, 161.7, 161.7, 162.3, 162.9, 162.9, 162.9, 163.5, 163.5, 162.9, 162.3, 162.3, 162.9, 162.9, 162.9, 163.5, 163.5, 163.5, 162.9, 162.9, 163.5, 163.5, 162.9, 163.5, 162.9, 162.9, 162.9, 163.5, 162.3, 162.9, 162.9, 163.5, 162.9, 162.9, 162.9, 162.9, 162.9, 162.3, 162.3, 163.5, 163.5, 162.3, 162.9, 162.9, 162.9, 162.9, 163.5, 163.5, 162.9, 162.3, 162.3, 163.5, 162.9, 162.9, 162.3, 162.9, 163.5, 162.9, 162.9, 163.5, 162.9, 162.9, 162.9, 163.5, 163.5, 163.5, 163.5, 163.5, 163.5, 163.5, 162.9, 163.5, 162.9, 162.9, 162.9, 162.9, 162.9, 162.9, 162.9, 162.9, 163.5, 162.9, 162.9, 162.9, 163.5, 163.5, 163.5, 162.3, 162.3, 162.9, 162.3, 162.9, 162.3, 162.3, 162.9, 162.9, 162.3, 162.9, 162.3, 161.7, 161.7, 161.6, 161.0, 161.7, 161.7, 161.1, 161.1, 160.5, 161.0, 159.8, 161.0, 159.8, 159.8, 159.8, 160.5, 160.5, 160.4, 159.8, 159.8, 159.2, 159.8, 159.8, 159.2, 159.3, 158.6, 158.6, 158.6, 159.2, 159.2, 158.0, 158.6, 159.2, 158.6, 159.2, 159.2, 158.6, 159.2, 159.2, 158.6, 158.7, 158.6, 159.8, 159.1, 159.2, 160.4, 159.2, 159.2, 159.2, 158.6, 159.1, 159.8, 159.8, 158.6, 159.2, 159.2, 158.6, 159.8, 159.8, 158.6, 159.8, 159.2, 158.0, 158.0, 158.6, 158.7, 158.1, 158.0, 158.6, 158.6, 159.2, 158.7, 158.6, 158.7, 158.0, 158.1, 158.7, 158.0, 158.0, 158.0, 158.1, 158.7, 159.3, 158.7, 158.0, 158.7, 158.1, 157.4, 158.1, 158.7, 158.6, 159.2, 159.2, 159.8, 158.6, 159.2, 159.2, 159.8, 159.8, 159.2, 159.2, 158.6, 159.2, 159.8, 159.2, 159.2, 159.2, 158.6, 158.6, 158.6, 159.2, 158.6, 158.7, 158.6, 158.6, 159.8, 158.7, 158.6, 159.2]"
11,"[151.3, 153.2, 151.5, 153.9, 153.9, 153.8, 155.7, 155.7, 156.9, 157.5, 158.1, 158.1, 158.7, 158.1, 158.1, 158.1, 158.6, 158.1, 158.7, 158.7, 158.7, 158.0, 157.5, 158.1, 157.5, 158.6, 158.6, 157.5, 158.1, 158.1, 157.5, 158.1, 158.1, 158.1, 158.0, 157.5, 157.5, 158.1, 158.1, 158.0, 157.4, 158.0, 157.4, 158.0, 158.1, 158.0, 158.7, 158.7, 158.6, 158.0, 158.6, 158.0, 159.3, 158.1, 158.1, 158.1, 158.7, 158.0, 159.3, 158.0, 158.6, 158.6, 158.7, 158.6, 158.6, 158.7, 159.2, 157.5, 158.6, 159.1, 158.6, 159.2, 159.2, 158.7, 158.0, 158.6, 158.6, 158.7, 158.6, 158.7, 159.3, 159.3, 158.6, 159.3, 159.2, 158.6, 158.6, 158.6, 158.6, 158.6, 158.6, 158.0, 158.6, 158.6, 158.1, 158.1, 158.6, 158.6, 158.1, 159.2, 159.2, 158.6, 159.8, 158.6, 158.6, 158.0, 158.6, 158.6, 158.6, 158.6, 158.6, 157.4, 158.6, 157.9, 159.3, 157.9, 158.6, 158.6, 159.2, 158.7, 158.6, 159.2, 158.6, 157.5, 157.4, 157.0, 157.0, 158.1, 157.4, 156.9, 156.2, 156.1, 156.1, 155.6, 156.8, 156.7, 156.2, 155.6, 155.7, 155.5, 155.6, 155.5, 156.1, 156.3, 155.5, 155.5, 156.2, 156.7, 157.3, 156.8, 156.8, 156.8, 157.0, 157.0, 156.3, 156.4, 156.8, 156.4, 156.9, 156.9, 156.9, 156.9, 156.3, 156.9, 156.9, 156.9, 156.4, 157.5, 157.5, 157.5, 157.6, 156.9, 156.9, 157.5, 157.4, 157.5, 157.5, 156.9, 156.9, 156.9, 155.5, 156.9, 156.2, 155.7, 156.3, 156.2, 156.1, 156.9, 155.7, 155.2, 155.6, 155.1, 156.2, 156.2, 156.3, 156.2, 155.1, 155.6, 155.5, 156.2, 156.2, 156.3, 156.8, 155.0, 156.2, 156.2, 155.6, 156.2, 156.2, 155.1, 155.6, 154.9, 154.9, 155.5, 155.5, 155.6, 156.2, 156.2, 155.6, 155.1, 155.1, 155.0, 155.5, 154.6, 155.6, 155.5, 155.5, 156.2, 155.4, 154.5, 154.4, 154.9, 154.4, 155.0, 155.5, 155.5, 155.0, 155.7, 154.9, 155.6, 155.0, 155.0, 154.4, 155.0, 155.5, 155.0, 155.6, 155.0, 155.4, 155.5, 155.4, 154.9, 154.9, 156.1, 155.6, 156.1, 155.6, 154.4, 155.6, 155.6, 155.6, 154.4, 154.4, 154.3, 154.9, 154.3, 155.0, 155.0, 153.8, 155.6, 155.0, 154.3, 155.5, 154.9, 154.4, 155.0, 155.1, 155.6, 155.5, 154.9, 154.4, 154.4, 155.0, 154.9, 154.9, 154.8, 154.4, 154.4, 155.6, 155.0, 154.9, 154.9, 155.6, 155.7, 155.6, 155.6, 155.6, 155.6, 154.4, 154.9, 155.0, 155.6, 155.6, 154.9, 154.9, 155.5, 155.0, 155.4, 155.5, 154.8, 154.8, 155.0, 154.8, 154.3, 154.9, 155.5, 154.9, 155.1, 155.6, 155.1, 155.0, 154.9, 155.7, 155.5, 155.5, 155.6, 155.6, 155.6, 155.5, 155.1, 155.7, 155.7, 154.9, 155.6, 155.5, 155.5, 155.5, 154.9, 155.0, 155.6, 155.6, 155.6, 155.5, 155.6, 154.9, 155.6, 155.0, 155.1, 155.6, 156.2, 155.7, 155.6, 155.6, 155.1, 154.9, 155.0, 155.6, 155.0, 155.6, 155.6, 155.5, 155.0, 155.7, 155.6, 156.2, 156.8, 155.6, 156.2, 156.2, 156.7, 156.8, 156.9, 157.0, 157.4, 158.7, 159.2, 159.2, 158.6, 158.6, 158.6, 158.1, 158.0, 158.6, 158.6, 158.7, 159.9, 160.5, 159.8, 159.2, 159.8, 160.5, 159.2, 161.1, 160.5, 160.4, 160.5, 161.1, 161.1, 161.1, 160.5, 161.1, 160.5, 160.5, 160.5, 161.1, 160.5, 160.5, 160.5, 161.1, 159.8, 160.5, 159.8, 160.5, 161.1, 160.5, 161.1, 161.0, 161.1, 161.0, 161.1, 161.7, 161.7, 161.0, 161.0, 161.1, 160.5, 160.4, 160.4, 160.5, 160.5, 161.1, 161.1, 161.1, 161.0, 161.1, 161.1, 160.5, 161.0, 161.1, 160.4, 161.1, 161.1, 160.4, 161.1, 161.7, 161.1, 161.1, 161.7, 161.7, 161.7, 161.7, 161.7, 161.7, 161.0, 160.5, 159.8, 160.4, 160.5, 160.4, 161.7, 161.1, 161.0, 161.7, 161.1, 161.1, 162.3, 161.7, 162.3, 161.7, 161.7, 161.1, 161.7, 161.1, 162.3, 161.7, 162.3, 162.3, 161.7, 162.3, 162.3, 162.3, 161.7, 161.1, 162.3, 162.3, 162.3, 160.4, 161.0, 161.1, 159.8, 161.7, 159.8, 159.8, 160.4, 161.0, 160.4, 160.5, 160.4, 161.1, 159.8, 159.8, 160.5, 159.8, 159.8, 159.8, 159.8, 159.8, 160.4, 159.8, 159.8, 159.8, 159.2, 158.6, 158.7, 157.4, 158.0, 157.3, 158.0, 157.5, 158.0, 157.9, 158.7, 158.7, 157.4, 158.0, 158.0, 158.6, 158.1, 158.6, 158.0, 157.9, 159.3, 157.5, 159.2, 158.7, 158.0, 159.2, 158.6, 158.8, 158.6, 157.9, 158.0, 159.2, 159.3, 159.2, 159.8, 158.7, 157.9, 158.1, 158.0, 158.7, 158.2, 158.3, 158.7, 157.5, 158.1, 158.7, 158.1, 157.5, 158.1, 157.5, 158.1, 157.5, 157.0, 157.5, 158.1, 158.6, 158.1, 158.1, 158.1, 157.5, 158.1, 157.5, 157.5, 158.1, 158.1, 157.5, 157.5, 157.5, 158.1, 158.1, 158.1, 157.0, 158.1, 157.6, 158.1, 157.5, 157.5, 157.5, 157.6, 157.5, 157.5, 158.1, 157.6, 158.1, 158.1, 158.0, 157.4, 157.5, 157.5]"
11,"[149.8, 151.6, 149.8, 150.4, 151.3, 150.4, 151.0, 152.5, 151.6, 153.6, 153.8, 154.5, 154.3, 154.3, 155.0, 155.0, 155.1, 156.8, 156.3, 155.1, 156.8, 157.9, 156.7, 156.8, 156.8, 156.8, 156.9, 156.2, 157.4, 157.3, 157.4, 156.8, 157.4, 157.3, 157.4, 157.5, 157.5, 158.0, 157.9, 158.6, 158.6, 157.9, 156.8, 158.6, 157.3, 157.3, 158.0, 157.9, 157.3, 156.1, 157.3, 156.7, 157.4, 156.8, 157.4, 157.4, 158.0, 157.3, 157.4, 157.9, 158.1, 158.0, 157.5, 158.6, 159.8, 158.6, 158.6, 159.8, 158.1, 158.6, 157.3, 157.4, 158.6, 158.1, 157.4, 156.8, 158.0, 157.9, 158.6, 158.6, 158.6, 157.9, 158.0, 158.0, 157.3, 158.0, 157.4, 158.6, 158.5, 157.9, 158.0, 157.9, 158.0, 158.0, 157.4, 157.9, 158.6, 158.6, 158.6, 158.6, 158.6, 158.6, 159.2, 158.7, 158.6, 158.0, 158.0, 158.0, 158.7, 158.6, 158.7, 158.0, 158.6, 158.6, 157.9, 158.0, 159.2, 158.0, 157.9, 158.1, 158.1, 158.5, 158.1, 158.0, 157.9, 157.9, 156.8, 156.8, 156.9, 155.6, 154.9, 155.5, 154.9, 154.8, 154.9, 155.0, 154.9, 154.9, 154.3, 154.8, 155.4, 156.1, 155.6, 156.7, 156.8, 156.8, 155.5, 156.2, 154.9, 155.0, 156.0, 156.7, 156.1, 156.1, 156.6, 156.8, 156.7, 156.1, 157.4, 156.7, 156.7, 156.9, 156.8, 156.9, 156.2, 156.8, 155.7, 156.8, 155.6, 156.7, 156.7, 156.2, 155.6, 157.3, 156.1, 155.4, 156.2, 155.4, 154.9, 155.5, 155.0, 154.8, 154.9, 154.8, 154.9, 154.8, 154.3, 154.9, 154.8, 154.9, 155.4, 155.5, 155.5, 154.8, 154.8, 154.9, 153.7, 154.1, 153.6, 154.2, 153.6, 153.7, 154.3, 154.3, 153.7, 153.6, 153.6, 153.8, 153.6, 153.1, 153.5, 154.3, 152.8, 152.6, 154.4, 154.3, 153.6, 153.7, 153.7, 153.6, 153.6, 153.2, 153.7, 154.3, 153.8, 153.6, 153.6, 154.4, 153.7, 153.1, 153.6, 154.3, 154.3, 154.2, 153.0, 153.6, 153.2, 153.0, 153.2, 153.1, 153.7, 153.0, 153.7, 153.8, 154.2, 153.1, 154.1, 153.6, 153.1, 153.0, 153.7, 152.7, 153.7, 153.0, 153.0, 153.8, 152.8, 153.0, 153.0, 153.1, 153.0, 152.6, 153.1, 151.9, 153.5, 152.5, 153.7, 153.5, 153.5, 153.6, 152.6, 153.0, 153.0, 153.0, 153.7, 152.4, 153.1, 152.6, 153.7, 153.0, 153.6, 153.1, 153.6, 153.8, 154.3, 153.7, 153.7, 153.6, 153.6, 153.8, 153.7, 153.1, 152.5, 153.2, 153.7, 152.6, 153.6, 153.2, 153.1, 153.8, 153.0, 152.6, 153.6, 153.1, 153.1, 153.0, 153.7, 153.6, 154.4, 153.8, 154.3, 153.2, 153.7, 153.7, 152.5, 153.0, 154.4, 152.5, 153.7, 152.5, 151.9, 153.2, 151.9, 153.2, 153.7, 152.5, 153.1, 153.2, 153.7, 153.8, 153.2, 153.1, 152.0, 153.2, 153.1, 153.2, 153.0, 153.0, 153.2, 153.1, 153.0, 152.8, 153.1, 153.1, 153.2, 153.7, 153.7, 153.7, 154.2, 153.1, 153.1, 153.0, 153.7, 153.7, 152.8, 153.1, 152.4, 153.0, 153.0, 153.2, 153.2, 153.2, 153.7, 153.2, 151.8, 153.8, 153.8, 154.9, 154.5, 155.6, 156.2, 156.2, 157.5, 156.9, 158.0, 158.0, 158.0, 158.6, 158.6, 158.7, 159.8, 159.9, 160.5, 160.5, 159.8, 159.8, 159.9, 160.4, 161.0, 160.5, 162.3, 162.3, 162.3, 161.7, 161.7, 161.7, 161.7, 160.4, 161.1, 161.7, 162.3, 162.3, 162.9, 161.7, 160.5, 161.1, 161.1, 161.7, 161.7, 161.7, 161.1, 161.1, 161.7, 160.5, 161.1, 161.1, 161.7, 161.7, 161.7, 161.1, 160.5, 160.5, 160.5, 160.5, 160.5, 161.1, 161.7, 161.1, 161.7, 161.7, 161.7, 161.1, 161.7, 161.7, 161.7, 161.1, 162.3, 161.7, 161.1, 161.1, 161.0, 161.7, 161.1, 161.6, 161.7, 161.0, 162.9, 161.7, 162.3, 161.7, 162.3, 161.1, 161.1, 161.1, 161.7, 161.0, 161.1, 161.7, 161.7, 161.1, 161.7, 161.7, 161.7, 161.7, 161.7, 161.7, 162.3, 161.1, 161.7, 161.1, 161.1, 161.1, 160.5, 161.7, 161.7, 162.3, 161.7, 161.7, 162.9, 162.3, 162.3, 162.3, 162.9, 162.3, 162.3, 162.3, 161.7, 162.3, 162.3, 161.7, 162.3, 162.3, 162.3, 162.3, 161.7, 162.3, 162.3, 161.7, 162.3, 162.9, 161.1, 161.6, 160.4, 161.1, 160.5, 161.0, 160.4, 159.1, 158.6, 159.8, 158.6, 159.8, 159.2, 159.2, 160.5, 159.8, 159.2, 159.2, 159.2, 158.6, 159.2, 158.6, 159.2, 159.1, 158.6, 158.6, 158.6, 158.6, 158.6, 159.2, 159.2, 159.2, 159.8, 159.8, 159.9, 159.8, 159.2, 159.2, 158.6, 158.6, 158.6, 158.6, 159.2, 159.2, 158.6, 158.7, 158.0, 159.2, 159.2, 158.6, 158.0, 159.2, 158.6, 157.9, 158.6, 158.7, 159.2, 158.0, 157.9, 158.5, 158.6, 157.9, 158.6, 158.6, 158.6, 158.6, 159.2, 159.2, 159.8, 159.8, 160.5, 159.8, 159.2, 158.6, 158.6, 158.1, 158.6, 159.8, 157.9, 159.2, 158.6, 158.0, 158.7, 158.7, 158.6, 158.1, 159.2, 159.2, 159.3, 159.8, 158.6, 159.8, 158.7, 159.2, 158.7, 158.6, 157.9, 158.6, 159.2, 158.6]"
11,"[155.1, 155.0, 153.9, 155.7, 155.7, 155.1, 155.4, 156.2, 157.5, 157.5, 158.1, 158.7, 158.7, 158.7, 158.0, 158.6, 157.9, 158.7, 158.6, 159.2, 159.2, 158.7, 158.6, 158.1, 159.2, 157.9, 157.9, 159.2, 158.0, 159.2, 158.6, 158.0, 158.1, 158.0, 158.1, 158.6, 157.3, 159.2, 158.0, 158.6, 158.1, 158.0, 157.5, 158.7, 158.6, 157.9, 158.6, 158.0, 158.6, 158.6, 157.9, 157.9, 158.6, 158.1, 159.2, 159.2, 158.6, 158.6, 159.8, 159.2, 158.6, 159.2, 159.3, 158.6, 158.7, 158.6, 157.9, 157.9, 158.0, 158.6, 159.2, 158.7, 158.6, 158.6, 158.7, 159.3, 159.2, 159.2, 158.7, 158.7, 159.2, 158.7, 159.2, 159.3, 159.2, 158.6, 159.2, 159.8, 158.6, 158.7, 158.1, 158.6, 159.2, 158.0, 158.5, 158.6, 158.6, 158.6, 159.2, 158.6, 158.6, 157.3, 158.6, 159.2, 158.7, 158.6, 159.2, 158.6, 157.9, 158.6, 158.6, 158.7, 157.4, 157.9, 158.6, 159.2, 157.9, 158.0, 157.4, 158.1, 158.7, 158.7, 158.0, 158.0, 158.6, 157.4, 157.0, 158.1, 157.4, 156.8, 156.7, 156.1, 155.5, 155.6, 155.0, 156.6, 155.6, 156.1, 156.0, 155.4, 154.9, 156.2, 155.5, 155.5, 155.5, 155.5, 156.1, 155.5, 155.5, 155.5, 154.9, 156.0, 154.8, 154.9, 154.9, 156.1, 156.1, 154.8, 154.9, 154.9, 155.0, 154.9, 154.9, 155.4, 155.1, 155.4, 154.9, 155.5, 154.3, 155.5, 154.3, 155.4, 155.5, 155.5, 155.5, 155.0, 154.9, 154.5, 154.9, 155.0, 155.6, 155.0, 155.6, 155.4, 154.8, 155.0, 155.0, 154.2, 154.9, 154.9, 154.3, 154.9, 154.3, 154.1, 155.6, 154.3, 154.4, 154.2, 153.7, 153.8, 153.7, 154.1, 154.2, 153.8, 154.3, 153.7, 153.8, 154.4, 154.4, 155.0, 154.9, 155.0, 153.6, 153.2, 153.7, 154.8, 154.2, 153.7, 154.4, 154.4, 154.1, 154.8, 155.0, 154.3, 154.4, 154.9, 155.0, 154.4, 154.8, 153.7, 154.5, 153.7, 153.9, 154.4, 154.3, 153.7, 153.9, 154.3, 154.3, 153.7, 153.6, 153.6, 153.7, 154.9, 153.7, 153.7, 153.8, 153.7, 153.6, 153.8, 153.7, 153.1, 153.8, 153.7, 153.0, 153.8, 153.7, 154.4, 153.7, 153.8, 153.7, 153.7, 153.8, 153.7, 152.6, 152.8, 154.3, 154.4, 153.7, 153.8, 153.7, 153.7, 153.6, 154.2, 154.2, 153.1, 153.2, 154.3, 154.3, 154.4, 154.4, 154.3, 153.6, 153.7, 154.2, 154.3, 153.7, 154.2, 154.3, 154.4, 153.7, 154.3, 154.2, 154.3, 154.3, 153.7, 153.5, 153.7, 153.7, 153.8, 153.8, 153.2, 153.5, 153.8, 154.3, 153.7, 154.3, 154.4, 153.8, 153.7, 153.6, 154.1, 153.8, 153.7, 154.4, 154.3, 153.8, 154.4, 154.4, 154.3, 155.0, 155.5, 154.4, 154.3, 154.3, 154.3, 154.3, 155.0, 154.5, 154.4, 155.0, 153.7, 153.7, 153.8, 154.2, 154.1, 153.9, 153.7, 154.2, 154.3, 153.7, 154.3, 153.8, 153.8, 153.7, 153.7, 154.2, 154.4, 153.7, 154.3, 153.6, 153.7, 153.7, 154.3, 154.4, 154.3, 154.3, 153.6, 153.6, 153.7, 154.2, 153.8, 154.4, 154.3, 154.3, 154.3, 154.4, 155.5, 155.5, 156.2, 155.6, 156.2, 156.9, 157.5, 158.0, 156.8, 158.6, 158.1, 158.0, 159.2, 159.2, 159.8, 159.2, 158.0, 158.6, 158.7, 158.0, 158.7, 159.2, 159.3, 159.2, 159.3, 159.8, 160.5, 160.5, 160.5, 160.5, 160.4, 161.1, 161.7, 161.1, 161.6, 161.0, 161.1, 161.1, 161.0, 161.7, 161.7, 161.1, 161.1, 162.3, 161.7, 161.1, 161.0, 161.0, 161.1, 161.1, 161.1, 160.0, 159.9, 160.5, 161.1, 161.1, 161.1, 161.1, 161.7, 161.1, 161.7, 161.7, 161.7, 161.7, 161.1, 162.3, 161.1, 161.1, 161.0, 161.7, 161.7, 161.1, 161.1, 161.7, 161.7, 162.3, 161.1, 161.7, 161.7, 161.7, 161.7, 161.1, 160.5, 161.1, 161.0, 161.1, 160.5, 161.1, 160.5, 161.1, 161.1, 161.7, 161.7, 161.7, 161.1, 161.7, 161.7, 161.1, 161.1, 162.3, 162.3, 161.7, 162.3, 161.7, 161.7, 161.1, 161.1, 161.1, 161.7, 162.3, 161.7, 161.7, 161.7, 161.7, 161.7, 161.7, 161.1, 161.7, 161.1, 161.7, 161.7, 161.1, 162.3, 161.7, 161.6, 161.1, 161.0, 161.7, 161.7, 161.7, 161.7, 161.7, 161.7, 161.7, 162.3, 162.3, 162.3, 161.7, 161.1, 161.7, 161.1, 161.7, 161.1, 161.7, 160.5, 160.4, 161.1, 161.0, 161.1, 161.7, 161.7, 161.1, 161.7, 161.7, 161.7, 161.7, 160.4, 160.5, 159.8, 159.3, 159.8, 159.8, 159.2, 159.8, 158.6, 158.6, 159.2, 159.3, 158.6, 159.3, 159.2, 158.1, 158.6, 158.6, 158.0, 158.6, 159.2, 159.2, 158.6, 158.1, 158.0, 157.9, 157.9, 158.6, 158.0, 156.9, 157.0, 158.1, 158.6, 158.7, 158.6, 158.6, 158.6, 158.6, 157.9, 157.9, 158.1, 158.7, 158.6, 158.0, 157.4, 157.4, 158.0, 158.0, 157.5, 158.1, 157.5, 157.5, 158.7, 156.9, 156.8, 156.9, 156.9, 158.0, 156.9, 158.0, 157.4, 157.9, 157.4, 158.1, 158.6, 157.9, 158.6, 158.6, 158.6, 159.2, 159.2, 157.9, 159.2, 158.6, 159.8, 159.2, 159.2]"
11,"[158.6, 157.9, 158.1, 158.5, 159.8, 157.8, 159.1, 159.2, 159.2, 159.8, 159.2, 159.2, 159.3, 159.1, 160.5, 159.2, 159.3, 159.2, 159.3, 158.6, 159.3, 160.5, 160.4, 160.4, 159.8, 159.8, 160.4, 160.5, 159.9, 160.5, 159.8, 160.5, 159.8, 159.3, 159.2, 159.3, 159.2, 159.9, 159.2, 159.9, 159.2, 158.7, 159.2, 159.2, 158.6, 159.2, 159.2, 159.2, 159.3, 159.2, 159.2, 159.2, 158.6, 159.8, 159.3, 159.2, 159.2, 160.5, 160.4, 159.2, 159.3, 159.2, 159.2, 159.9, 159.2, 159.2, 159.2, 159.9, 159.2, 159.2, 159.2, 159.3, 159.9, 159.2, 158.6, 159.8, 159.8, 158.6, 159.2, 159.3, 159.3, 159.2, 159.1, 159.8, 159.8, 159.3, 159.8, 159.2, 158.6, 159.2, 159.2, 159.8, 159.2, 159.9, 159.3, 159.8, 159.3, 159.2, 159.3, 159.3, 158.0, 159.3, 158.6, 158.0, 159.2, 158.6, 158.7, 158.7, 158.6, 159.2, 159.9, 158.6, 159.2, 158.7, 159.2, 158.6, 159.2, 158.6, 158.7, 159.2, 159.2, 158.6, 159.2, 158.6, 159.2, 158.7, 158.7, 159.3, 159.2, 159.2, 159.2, 159.2, 158.6, 158.6, 157.5, 157.4, 156.9, 157.0, 157.4, 157.5, 157.5, 157.5, 156.9, 157.4, 156.9, 157.0, 156.8, 156.8, 157.3, 156.8, 156.3, 156.8, 156.8, 155.7, 156.9, 156.3, 156.8, 156.8, 156.7, 156.2, 156.9, 156.7, 156.7, 156.3, 157.3, 156.9, 156.9, 157.5, 156.9, 157.0, 157.0, 157.0, 156.8, 157.0, 156.3, 156.8, 156.9, 156.2, 156.3, 156.3, 156.3, 155.7, 156.4, 155.8, 156.2, 155.7, 155.8, 155.7, 156.2, 156.7, 156.2, 156.2, 155.4, 156.2, 156.7, 156.2, 155.6, 155.6, 155.5, 155.0, 155.6, 155.7, 156.7, 155.7, 155.6, 155.5, 155.6, 155.5, 155.6, 155.6, 154.9, 155.6, 155.4, 155.4, 155.0, 155.0, 155.4, 155.0, 154.8, 155.0, 155.0, 155.5, 154.9, 155.0, 154.9, 154.9, 155.0, 155.0, 155.6, 154.4, 154.2, 154.9, 155.0, 154.3, 154.4, 154.9, 154.4, 155.0, 155.0, 154.4, 155.5, 154.4, 154.3, 154.9, 155.0, 154.4, 154.9, 155.0, 154.9, 155.0, 154.5, 154.3, 154.9, 154.4, 154.4, 155.1, 154.9, 154.9, 154.5, 154.4, 154.5, 154.3, 154.4, 154.5, 153.7, 153.8, 154.4, 154.4, 155.0, 155.1, 154.5, 154.9, 154.9, 154.2, 155.0, 154.3, 153.9, 153.7, 155.0, 155.0, 154.9, 154.3, 155.0, 154.9, 154.9, 155.0, 154.4, 154.4, 155.0, 155.0, 154.9, 155.6, 154.9, 155.0, 154.3, 155.0, 155.0, 154.2, 154.1, 154.9, 155.0, 155.0, 154.9, 154.3, 154.9, 155.0, 154.5, 154.4, 154.3, 154.3, 154.4, 154.2, 155.0, 154.8, 155.0, 154.4, 154.3, 154.3, 154.2, 154.4, 154.4, 155.0, 154.3, 154.3, 155.0, 154.8, 155.5, 155.4, 154.4, 155.0, 155.5, 155.5, 154.9, 154.8, 154.8, 154.9, 154.3, 154.8, 154.9, 154.9, 155.0, 155.0, 154.9, 154.3, 154.9, 154.9, 154.9, 155.6, 155.4, 155.0, 155.6, 154.9, 155.0, 156.1, 155.4, 155.0, 156.1, 155.4, 155.0, 155.5, 155.1, 155.6, 155.1, 155.6, 155.5, 155.6, 155.7, 155.5, 155.6, 155.6, 155.6, 154.9, 155.0, 156.8, 156.9, 156.8, 156.9, 157.0, 157.5, 156.9, 157.3, 158.0, 158.0, 158.6, 157.9, 159.3, 158.6, 159.8, 159.9, 160.4, 159.8, 159.8, 160.4, 161.0, 160.5, 159.8, 161.7, 161.7, 161.7, 161.7, 161.1, 161.0, 161.7, 161.7, 161.7, 161.7, 161.7, 161.7, 161.7, 161.1, 162.3, 161.1, 161.1, 161.7, 161.7, 161.1, 160.5, 161.7, 161.1, 161.7, 162.3, 161.7, 161.7, 162.3, 162.3, 161.7, 162.3, 162.3, 162.3, 162.3, 162.3, 162.3, 161.1, 161.7, 161.1, 161.7, 161.7, 162.3, 161.7, 162.3, 161.7, 161.1, 162.3, 161.7, 161.7, 161.7, 160.5, 161.1, 161.7, 161.7, 161.7, 162.9, 162.3, 162.9, 162.3, 161.7, 161.7, 161.7, 161.7, 161.7, 162.3, 161.1, 161.7, 162.3, 161.1, 161.7, 161.7, 161.7, 162.3, 161.7, 161.1, 161.1, 161.7, 161.1, 161.7, 161.1, 162.3, 161.1, 161.1, 161.7, 161.0, 161.1, 161.7, 161.7, 161.1, 161.1, 161.1, 161.7, 162.3, 161.7, 161.7, 161.7, 162.3, 161.7, 161.7, 161.1, 161.7, 162.3, 161.7, 161.1, 161.7, 161.7, 161.7, 161.7, 161.7, 162.3, 161.0, 161.1, 161.6, 161.0, 160.4, 161.0, 160.4, 159.8, 159.2, 159.8, 159.2, 159.2, 158.6, 159.8, 159.2, 159.3, 159.8, 158.6, 159.8, 159.8, 158.6, 159.2, 159.8, 159.2, 159.2, 159.8, 159.2, 159.2, 159.2, 159.2, 158.6, 158.6, 158.6, 158.7, 158.6, 159.2, 159.2, 159.2, 159.2, 159.2, 159.2, 159.2, 159.2, 159.2, 159.1, 158.6, 159.2, 159.2, 158.6, 159.2, 159.8, 159.8, 159.2, 158.6, 159.3, 159.2, 159.2, 158.7, 159.2, 159.9, 160.5, 159.8, 158.6, 158.6, 159.3, 159.8, 159.2, 159.2, 158.0, 159.2, 159.8, 159.8, 158.6, 159.2, 159.2, 159.2, 159.8, 158.7, 159.8, 159.2, 158.6, 158.6, 159.2, 159.2, 158.6, 159.2, 159.2, 159.2, 158.6, 159.2, 158.6, 159.8, 159.2, 158.6]"
11,"[156.3, 155.7, 155.5, 155.5, 156.4, 156.8, 156.6, 157.4, 158.0, 158.7, 158.0, 158.0, 159.3, 158.6, 158.6, 159.2, 159.8, 158.6, 158.6, 158.7, 158.7, 158.6, 159.2, 158.7, 158.0, 158.6, 157.9, 158.1, 158.0, 159.2, 159.2, 158.6, 158.6, 158.6, 158.6, 159.2, 158.7, 159.3, 159.2, 157.9, 158.6, 158.0, 158.1, 157.5, 158.1, 158.7, 158.6, 158.6, 158.6, 158.6, 158.1, 157.5, 157.5, 158.6, 158.7, 158.6, 158.7, 158.0, 159.3, 159.2, 158.6, 158.6, 158.6, 158.6, 159.2, 158.6, 158.6, 159.3, 158.6, 158.6, 158.7, 158.7, 158.1, 159.3, 159.2, 158.1, 158.1, 156.8, 158.0, 158.1, 157.5, 158.0, 158.6, 159.2, 158.0, 158.6, 158.7, 158.7, 158.7, 158.0, 158.0, 157.5, 158.1, 158.1, 158.1, 157.5, 157.4, 158.1, 158.6, 158.1, 158.1, 158.6, 158.1, 158.1, 158.0, 158.0, 158.7, 158.1, 158.1, 158.1, 157.9, 157.9, 158.1, 158.0, 157.5, 157.4, 158.6, 157.4, 157.9, 158.7, 158.0, 158.0, 158.1, 158.7, 157.6, 157.0, 156.9, 154.9, 154.5, 154.3, 154.5, 154.9, 154.9, 154.3, 154.3, 154.9, 154.9, 154.8, 154.9, 154.9, 154.3, 154.3, 154.3, 154.9, 154.1, 154.3, 154.3, 154.3, 154.3, 154.2, 154.2, 154.9, 154.2, 154.3, 154.3, 154.9, 154.9, 154.9, 154.9, 154.9, 154.3, 154.8, 154.3, 153.7, 154.4, 154.8, 154.4, 153.7, 153.1, 154.4, 154.2, 153.6, 153.6, 153.0, 153.2, 154.2, 153.0, 152.8, 153.0, 153.6, 152.8, 153.1, 153.5, 153.8, 153.0, 152.8, 152.8, 153.7, 152.5, 153.1, 153.7, 152.5, 153.6, 153.7, 153.7, 152.8, 153.0, 153.7, 153.0, 152.5, 153.6, 153.5, 153.6, 153.1, 153.5, 153.7, 153.1, 152.5, 152.0, 152.8, 151.9, 152.5, 152.8, 152.5, 153.7, 153.1, 152.5, 153.7, 153.6, 153.6, 153.5, 154.3, 153.6, 154.2, 154.3, 153.0, 153.1, 152.8, 154.1, 153.7, 153.1, 152.5, 153.5, 153.5, 153.1, 152.5, 153.0, 152.8, 152.8, 153.7, 153.0, 152.4, 153.1, 152.4, 153.5, 153.0, 151.5, 153.8, 153.1, 154.2, 153.2, 152.7, 152.4, 152.4, 153.7, 153.1, 152.8, 153.7, 153.7, 152.6, 152.6, 153.2, 153.0, 153.2, 153.3, 153.2, 153.1, 153.6, 153.1, 153.6, 153.0, 153.1, 153.0, 153.6, 153.0, 154.3, 153.6, 152.5, 153.1, 152.4, 153.0, 152.2, 153.0, 153.1, 153.0, 153.0, 153.1, 153.1, 153.7, 153.1, 154.2, 153.1, 153.1, 153.1, 153.2, 153.2, 153.2, 153.0, 151.4, 154.4, 153.7, 153.2, 153.2, 152.5, 154.3, 153.1, 153.8, 153.8, 153.8, 153.7, 153.1, 153.0, 153.6, 153.7, 153.7, 152.5, 153.1, 153.1, 153.2, 153.2, 153.0, 153.6, 153.1, 153.1, 153.1, 153.2, 153.1, 153.0, 153.2, 153.1, 153.3, 152.4, 152.6, 153.0, 151.9, 153.8, 152.4, 151.9, 152.4, 152.0, 152.6, 153.2, 151.9, 151.9, 152.0, 153.7, 151.0, 151.6, 152.2, 152.5, 152.4, 151.2, 151.8, 152.5, 151.9, 151.9, 151.6, 152.0, 151.9, 151.8, 152.5, 151.9, 152.5, 153.7, 152.0, 151.8, 152.0, 153.0, 153.6, 154.8, 156.2, 156.9, 156.8, 156.4, 155.7, 156.7, 157.4, 156.9, 156.8, 158.0, 157.4, 157.3, 158.6, 158.6, 159.2, 158.1, 159.2, 159.3, 159.2, 158.6, 158.7, 159.8, 158.6, 159.2, 158.0, 157.3, 158.7, 158.0, 158.1, 158.6, 159.2, 159.8, 159.2, 159.9, 160.4, 160.4, 160.4, 161.0, 160.4, 159.8, 160.5, 159.8, 159.8, 159.8, 159.8, 160.4, 159.8, 160.5, 160.5, 160.4, 160.4, 160.4, 161.1, 160.4, 160.5, 159.8, 160.4, 160.4, 160.4, 160.4, 160.5, 159.8, 159.2, 159.2, 160.4, 159.2, 159.8, 159.2, 160.4, 159.1, 160.5, 160.4, 159.8, 160.4, 161.0, 161.0, 160.4, 160.5, 160.4, 160.5, 161.0, 161.0, 159.8, 160.5, 159.8, 160.4, 160.4, 159.8, 159.8, 159.8, 159.8, 159.8, 159.8, 159.2, 158.6, 158.6, 158.6, 158.6, 159.3, 159.8, 159.3, 158.6, 158.7, 158.6, 158.6, 158.6, 158.6, 159.2, 158.6, 158.6, 158.7, 157.3, 157.3, 157.9, 158.0, 158.7, 158.6, 157.9, 158.1, 158.1, 158.1, 157.5, 157.0, 157.5, 157.5, 157.0, 156.9, 157.5, 157.4, 158.1, 157.5, 156.9, 157.5, 157.5, 157.6, 157.4, 156.9, 157.0, 157.5, 156.9, 156.9, 157.5, 157.0, 157.0, 157.0, 156.8, 157.5, 157.5, 156.9, 158.1, 157.0, 157.0, 157.5, 157.0, 157.5, 157.0, 157.4, 157.5, 157.9, 156.9, 156.7, 156.1, 156.8, 156.7, 156.8, 157.4, 157.4, 156.7, 155.5, 156.3, 155.6, 154.9, 155.6, 156.2, 156.2, 155.6, 155.7, 155.6, 156.4, 156.9, 156.2, 157.3, 157.3, 157.5, 157.4, 157.0, 157.4, 157.5, 157.5, 157.0, 157.0, 157.5, 158.1, 157.0, 156.9, 156.4, 157.0, 156.9, 158.1, 157.5, 157.5, 157.5, 157.0, 156.9, 156.4, 156.4, 156.4, 156.7, 156.9, 156.9, 156.8, 157.5, 156.8, 157.4, 158.0, 157.3, 157.4, 157.5, 157.5, 157.9, 158.0, 157.3, 158.0, 157.5, 158.1, 158.0, 158.5, 157.4, 157.3, 157.4]"
11,"[158.6, 157.5, 156.7, 156.7, 156.9, 157.9, 158.0, 159.1, 157.9, 159.2, 159.8, 159.9, 159.9, 159.2, 159.8, 159.9, 159.8, 158.6, 158.6, 159.8, 159.2, 159.2, 159.8, 159.2, 159.2, 159.3, 159.2, 159.2, 159.2, 159.3, 159.8, 160.4, 159.2, 159.2, 159.8, 159.2, 158.6, 159.8, 159.2, 159.2, 159.8, 158.6, 159.2, 159.2, 159.2, 159.2, 159.8, 159.2, 158.6, 158.6, 159.2, 159.2, 159.8, 157.9, 159.8, 159.8, 159.8, 159.2, 159.2, 158.6, 159.2, 159.2, 159.3, 158.6, 159.8, 158.6, 159.8, 159.8, 159.2, 159.2, 159.2, 159.2, 158.6, 159.3, 159.2, 159.3, 159.3, 159.2, 159.3, 159.8, 159.8, 159.3, 159.3, 158.6, 159.8, 159.8, 159.2, 160.4, 160.5, 159.3, 159.3, 159.3, 159.8, 158.7, 159.8, 159.3, 159.3, 158.6, 159.2, 159.9, 159.3, 159.3, 159.8, 158.6, 159.8, 159.9, 159.2, 159.8, 159.3, 159.8, 159.9, 159.8, 159.3, 159.9, 159.8, 159.8, 159.2, 159.8, 159.2, 159.8, 159.3, 159.9, 159.9, 159.2, 159.2, 158.6, 157.5, 158.1, 157.4, 158.0, 157.3, 157.3, 157.3, 156.8, 156.3, 156.3, 156.8, 156.3, 156.9, 156.8, 156.7, 156.7, 156.3, 156.2, 156.2, 156.8, 156.0, 156.1, 156.2, 155.7, 156.8, 156.8, 156.8, 156.8, 156.9, 156.2, 156.8, 156.8, 157.3, 156.2, 156.8, 156.3, 156.2, 156.9, 156.8, 156.2, 155.5, 156.2, 155.5, 155.7, 155.6, 155.5, 154.9, 155.5, 156.9, 155.8, 155.6, 155.6, 155.7, 155.6, 155.6, 155.6, 155.7, 155.7, 155.7, 155.8, 155.5, 156.3, 155.7, 156.3, 155.6, 155.7, 156.2, 156.1, 155.6, 156.2, 155.7, 156.7, 156.3, 156.2, 156.2, 156.7, 156.1, 156.2, 156.1, 155.7, 156.9, 155.6, 156.2, 155.6, 156.2, 155.7, 156.3, 156.2, 155.0, 156.3, 156.2, 155.1, 155.6, 155.6, 155.1, 155.7, 155.7, 155.5, 156.3, 155.7, 155.6, 155.5, 155.7, 155.0, 155.1, 155.7, 156.3, 155.2, 155.6, 155.1, 155.6, 155.7, 155.7, 155.0, 155.6, 154.4, 154.5, 155.6, 155.6, 155.1, 155.6, 154.9, 155.0, 155.6, 155.6, 155.1, 155.0, 155.0, 155.0, 155.1, 154.9, 155.1, 155.7, 155.6, 155.1, 155.0, 155.6, 155.0, 155.0, 156.3, 156.1, 155.7, 155.5, 156.3, 155.6, 155.6, 155.5, 155.1, 155.6, 155.7, 155.1, 155.1, 155.1, 155.0, 155.7, 155.1, 155.5, 154.9, 155.1, 155.6, 155.2, 155.0, 155.2, 154.5, 154.6, 154.4, 154.6, 154.6, 155.2, 155.1, 154.4, 155.1, 155.2, 155.1, 154.9, 155.0, 155.7, 155.0, 154.5, 155.7, 155.7, 155.6, 155.6, 155.6, 155.1, 156.3, 155.6, 156.3, 156.3, 155.6, 155.8, 156.2, 156.8, 156.4, 155.7, 155.5, 155.7, 155.7, 156.2, 156.2, 155.6, 156.2, 155.8, 156.7, 156.8, 156.2, 156.8, 156.8, 156.2, 156.2, 156.2, 156.3, 155.1, 156.1, 156.2, 156.2, 156.2, 156.9, 155.6, 156.2, 156.3, 155.6, 155.6, 156.2, 155.6, 155.6, 155.6, 156.1, 156.8, 156.2, 155.5, 156.1, 156.3, 155.7, 155.6, 155.6, 155.6, 154.9, 155.6, 155.7, 156.3, 157.0, 158.1, 156.4, 157.5, 158.1, 158.6, 158.7, 159.3, 159.2, 159.8, 158.6, 158.6, 158.7, 159.2, 160.5, 159.8, 159.8, 159.8, 160.5, 159.8, 160.5, 160.4, 160.4, 160.4, 159.8, 160.4, 160.5, 160.4, 160.4, 161.0, 161.1, 161.1, 161.7, 162.3, 161.0, 161.7, 161.0, 161.0, 161.0, 161.0, 161.1, 161.7, 161.7, 161.0, 161.6, 162.3, 161.7, 162.3, 162.9, 162.9, 162.9, 162.3, 162.9, 162.9, 163.5, 162.3, 162.9, 162.3, 162.9, 162.9, 162.9, 162.9, 162.9, 162.9, 162.3, 162.3, 162.3, 162.9, 162.9, 163.5, 162.3, 162.3, 162.3, 162.3, 163.5, 162.9, 162.9, 163.5, 162.9, 162.9, 162.9, 162.3, 162.9, 162.3, 162.9, 162.9, 162.3, 162.9, 162.3, 162.3, 162.3, 162.9, 162.9, 161.7, 162.3, 162.3, 162.3, 162.3, 162.9, 162.3, 162.9, 162.9, 162.3, 162.9, 162.9, 162.9, 161.7, 162.3, 162.3, 161.7, 162.3, 162.3, 162.9, 161.7, 161.7, 162.3, 162.3, 162.9, 162.9, 162.9, 163.5, 162.3, 162.3, 162.3, 162.3, 162.3, 161.1, 162.3, 161.7, 161.7, 162.3, 161.6, 161.0, 161.7, 161.0, 161.1, 161.7, 160.4, 161.0, 161.0, 161.1, 159.8, 159.8, 158.6, 159.2, 158.6, 158.6, 158.6, 159.9, 159.2, 158.6, 159.2, 159.2, 159.2, 158.6, 159.2, 159.8, 159.3, 159.3, 159.8, 159.2, 159.8, 159.3, 159.2, 159.2, 159.2, 159.1, 158.6, 158.6, 158.6, 159.2, 159.2, 158.6, 159.8, 159.1, 159.3, 159.2, 158.6, 158.6, 159.2, 159.3, 159.2, 159.2, 159.8, 159.2, 158.6, 159.2, 159.2, 159.8, 159.2, 158.7, 158.6, 159.3, 159.2, 159.8, 158.6, 159.2, 159.8, 158.0, 159.8, 159.2, 158.6, 159.2, 158.6, 159.2, 159.2, 159.2, 158.6, 159.2, 158.6, 159.2, 158.6, 159.3, 158.6, 158.6, 157.4, 158.6, 159.2, 159.2, 158.6, 158.6, 158.0, 158.6, 159.2, 158.7, 159.1, 159.8, 159.2, 159.3, 159.2, 158.7, 159.2, 159.2]"
11,"[157.0, 156.3, 156.2, 156.3, 155.8, 156.2, 156.6, 156.7, 157.4, 158.0, 158.0, 158.0, 158.1, 158.1, 158.6, 158.0, 158.0, 157.5, 158.6, 157.9, 157.5, 158.1, 156.8, 158.0, 158.1, 157.9, 157.4, 157.6, 157.5, 157.4, 157.5, 158.0, 157.5, 158.7, 157.5, 157.4, 157.5, 158.1, 158.6, 157.5, 157.4, 157.3, 157.5, 158.1, 158.7, 158.6, 158.1, 158.1, 158.7, 157.5, 158.1, 158.1, 158.6, 157.9, 158.6, 158.6, 158.0, 158.0, 158.0, 157.4, 158.1, 158.0, 158.6, 157.5, 157.5, 157.5, 156.9, 158.1, 158.6, 159.3, 158.1, 158.7, 158.6, 158.7, 158.0, 158.1, 158.6, 158.7, 158.6, 158.6, 158.6, 158.0, 158.1, 158.6, 158.6, 158.1, 158.1, 157.4, 158.6, 158.1, 158.0, 158.7, 158.7, 156.8, 158.0, 158.0, 157.9, 158.1, 156.9, 158.1, 157.5, 157.4, 157.9, 158.7, 158.1, 157.5, 157.9, 158.0, 157.9, 158.0, 158.1, 158.0, 157.5, 158.1, 157.4, 158.0, 157.4, 158.6, 157.9, 157.4, 157.5, 157.4, 157.4, 157.5, 157.5, 157.0, 158.6, 157.0, 156.8, 156.7, 155.5, 155.5, 156.1, 155.5, 155.5, 154.8, 154.9, 155.5, 154.9, 154.9, 154.9, 155.5, 155.6, 155.6, 156.2, 156.1, 156.2, 156.7, 155.7, 156.7, 155.6, 155.5, 155.5, 156.8, 157.4, 156.2, 156.3, 157.3, 156.9, 156.8, 157.3, 157.4, 156.8, 157.4, 156.2, 156.7, 157.4, 156.8, 156.9, 156.7, 155.6, 155.5, 155.0, 155.5, 156.2, 156.3, 157.0, 156.8, 156.3, 156.3, 156.8, 156.4, 157.0, 157.4, 156.8, 157.5, 156.9, 156.7, 156.8, 156.9, 156.8, 156.9, 156.8, 156.9, 157.4, 156.9, 157.5, 157.5, 157.5, 156.9, 157.5, 157.0, 157.5, 157.5, 157.5, 157.6, 157.5, 156.9, 158.0, 157.5, 157.0, 156.9, 156.9, 157.4, 158.0, 156.9, 157.5, 156.9, 157.5, 157.5, 157.5, 157.5, 158.1, 157.5, 156.8, 157.0, 157.5, 157.5, 157.4, 157.5, 157.0, 156.9, 157.0, 157.9, 157.5, 156.8, 157.5, 157.4, 157.5, 157.5, 157.5, 156.9, 157.5, 156.8, 156.3, 156.1, 156.2, 156.9, 157.0, 157.0, 156.4, 157.4, 157.5, 157.5, 157.4, 156.8, 156.9, 156.9, 157.4, 156.8, 157.4, 157.5, 157.3, 156.9, 156.9, 157.5, 157.4, 157.4, 156.8, 156.2, 157.5, 156.8, 156.9, 157.4, 158.1, 157.5, 157.4, 157.3, 156.8, 157.4, 156.9, 156.3, 157.5, 157.5, 156.8, 157.4, 156.9, 157.5, 157.5, 156.8, 157.9, 157.5, 158.0, 156.9, 158.0, 156.3, 156.9, 156.9, 157.5, 157.5, 158.1, 157.5, 157.4, 157.0, 156.9, 156.2, 156.2, 155.7, 156.8, 157.0, 156.2, 157.5, 156.9, 157.6, 157.5, 156.9, 157.5, 157.0, 157.5, 157.5, 156.9, 157.5, 157.3, 157.5, 156.9, 156.2, 156.4, 156.2, 156.8, 156.8, 156.8, 157.5, 156.9, 156.4, 156.2, 156.4, 157.0, 156.3, 156.9, 157.0, 157.5, 156.9, 158.0, 157.3, 156.9, 157.5, 157.5, 157.0, 157.0, 156.9, 157.5, 156.8, 157.4, 156.9, 157.4, 156.8, 157.5, 156.9, 157.4, 156.9, 156.8, 157.4, 156.8, 157.4, 157.3, 156.8, 157.5, 156.8, 157.4, 156.8, 157.4, 157.4, 158.1, 158.7, 158.7, 158.7, 159.2, 158.6, 158.6, 158.6, 158.7, 158.6, 159.3, 159.2, 159.8, 159.8, 159.2, 159.8, 160.5, 159.8, 160.4, 161.0, 161.0, 160.4, 160.4, 161.1, 162.3, 160.5, 161.1, 161.7, 160.5, 162.3, 161.7, 161.7, 161.1, 160.4, 161.1, 161.1, 161.1, 161.0, 160.4, 161.1, 160.4, 162.3, 161.7, 161.7, 161.7, 161.1, 161.7, 161.7, 161.0, 161.7, 161.7, 161.1, 161.7, 161.7, 161.7, 161.1, 161.7, 161.7, 162.3, 161.1, 161.7, 161.0, 161.7, 161.1, 161.0, 161.7, 161.7, 161.7, 161.7, 161.7, 161.7, 161.7, 161.7, 161.7, 161.1, 161.7, 161.7, 161.0, 161.7, 161.7, 161.7, 162.3, 161.1, 161.7, 161.7, 162.3, 161.1, 162.3, 162.3, 161.0, 162.3, 161.1, 161.0, 161.1, 160.4, 161.7, 161.0, 160.5, 161.0, 161.7, 160.5, 161.1, 161.1, 161.0, 161.1, 161.7, 160.4, 160.4, 160.4, 160.5, 160.4, 159.8, 160.4, 160.4, 161.0, 161.0, 161.0, 160.5, 160.4, 160.4, 160.4, 161.0, 160.4, 160.4, 161.0, 160.4, 159.8, 159.8, 160.4, 159.8, 159.2, 159.2, 159.8, 158.5, 159.2, 159.8, 159.8, 160.4, 159.8, 160.4, 159.8, 159.8, 159.2, 159.8, 159.2, 159.2, 158.6, 159.2, 159.2, 159.2, 159.3, 159.8, 159.8, 159.8, 159.2, 159.2, 159.2, 158.7, 158.7, 159.2, 159.2, 158.6, 159.2, 159.2, 158.7, 158.5, 158.5, 157.3, 158.6, 158.6, 158.6, 158.6, 158.7, 158.6, 158.6, 157.9, 159.3, 158.6, 159.2, 159.2, 158.6, 158.7, 158.0, 158.6, 159.2, 159.2, 159.2, 159.2, 159.8, 159.2, 158.6, 158.6, 159.2, 159.8, 159.2, 158.6, 159.2, 159.2, 157.9, 158.6, 157.9, 158.6, 158.6, 157.9, 157.9, 158.1, 159.2, 159.2, 158.6, 158.6, 157.9, 158.6, 159.3, 158.6, 158.0, 159.2, 158.6, 158.6, 157.9, 159.2, 158.6, 158.0, 158.0, 158.6, 158.6, 159.2, 159.2, 159.2]"
11,"[156.9, 157.5, 156.2, 157.4, 157.4, 157.9, 157.8, 157.9, 158.6, 158.0, 159.2, 159.2, 159.8, 159.2, 158.6, 158.0, 158.6, 158.7, 158.0, 158.7, 158.0, 158.6, 157.5, 159.8, 158.7, 158.7, 158.1, 158.6, 158.7, 159.2, 158.0, 159.2, 158.7, 158.6, 158.1, 158.1, 157.5, 158.7, 159.2, 158.0, 159.3, 158.6, 158.7, 158.7, 158.6, 158.7, 158.7, 158.0, 158.7, 159.3, 158.6, 158.7, 158.6, 158.7, 159.2, 159.2, 159.2, 158.6, 159.9, 160.5, 158.7, 159.2, 159.9, 158.7, 158.0, 158.7, 159.2, 158.7, 159.2, 158.1, 159.2, 159.2, 158.1, 158.6, 159.3, 159.3, 158.1, 158.0, 158.6, 158.6, 158.0, 159.2, 158.6, 158.1, 158.6, 158.6, 158.6, 157.9, 158.6, 159.2, 159.3, 159.2, 159.3, 159.9, 159.8, 159.2, 158.6, 158.6, 158.6, 158.0, 158.6, 158.6, 157.9, 158.6, 158.6, 158.6, 159.8, 158.6, 158.0, 158.6, 158.7, 157.9, 158.0, 158.7, 158.0, 158.0, 158.6, 159.2, 158.6, 158.6, 158.0, 158.6, 159.2, 158.6, 158.6, 157.5, 156.8, 157.5, 157.3, 156.8, 156.3, 156.1, 157.3, 157.3, 156.9, 156.8, 156.3, 155.7, 156.1, 156.3, 156.2, 155.5, 156.2, 156.2, 156.8, 156.7, 156.2, 156.7, 156.8, 156.3, 155.6, 156.8, 156.2, 156.1, 157.3, 156.8, 156.8, 156.8, 157.4, 156.7, 156.9, 157.9, 156.2, 157.4, 156.6, 156.2, 156.2, 155.4, 156.3, 155.5, 155.5, 156.0, 154.9, 156.2, 155.5, 154.9, 155.5, 154.9, 155.6, 154.3, 155.4, 155.5, 154.3, 154.9, 155.0, 154.9, 155.4, 154.9, 154.9, 154.9, 154.3, 155.0, 154.9, 154.3, 154.9, 154.3, 155.0, 154.8, 154.3, 154.3, 154.3, 154.4, 155.6, 154.9, 154.9, 156.1, 155.5, 155.0, 155.5, 155.5, 156.0, 155.5, 156.1, 156.2, 156.7, 155.6, 156.1, 156.2, 156.1, 156.0, 156.2, 156.1, 156.2, 156.1, 155.6, 155.1, 154.9, 155.6, 155.6, 155.6, 155.6, 155.1, 155.6, 155.6, 155.5, 156.2, 156.1, 156.2, 156.8, 156.7, 156.1, 155.5, 155.8, 156.1, 155.6, 155.5, 156.1, 155.4, 156.6, 155.6, 155.6, 155.5, 155.6, 154.9, 154.9, 154.8, 155.5, 156.1, 155.5, 155.5, 155.6, 155.0, 154.8, 155.5, 155.4, 155.5, 155.5, 154.8, 154.9, 154.8, 155.0, 154.3, 154.9, 154.9, 155.0, 155.0, 155.0, 154.9, 155.5, 154.9, 155.5, 155.0, 154.3, 155.4, 154.8, 154.9, 154.9, 155.0, 155.6, 155.0, 154.8, 154.7, 154.9, 154.9, 154.3, 154.3, 154.4, 154.8, 153.8, 154.3, 154.9, 154.3, 154.8, 154.2, 154.3, 153.7, 154.4, 154.4, 154.2, 153.8, 153.8, 153.8, 153.9, 153.8, 154.3, 153.8, 153.8, 154.3, 154.3, 154.3, 153.8, 154.4, 154.4, 154.9, 154.9, 155.0, 155.0, 155.0, 155.0, 154.9, 154.9, 155.5, 155.1, 154.9, 154.9, 154.3, 155.0, 154.9, 154.3, 154.9, 155.0, 154.9, 154.9, 154.5, 154.9, 154.4, 154.8, 155.0, 153.9, 155.1, 154.4, 154.3, 154.3, 155.0, 154.9, 154.4, 154.9, 155.0, 155.0, 154.4, 155.0, 154.3, 153.7, 154.4, 155.6, 155.6, 156.9, 156.8, 155.7, 157.0, 157.0, 157.5, 157.4, 158.1, 158.0, 158.1, 158.1, 158.0, 158.1, 159.3, 158.6, 159.2, 159.8, 159.8, 160.4, 159.8, 159.8, 160.5, 160.4, 161.0, 160.5, 161.0, 161.0, 161.0, 160.4, 162.3, 161.1, 161.7, 162.3, 162.3, 162.3, 161.0, 161.7, 161.7, 161.7, 160.5, 161.1, 161.6, 161.1, 161.1, 161.7, 161.1, 161.1, 161.1, 161.0, 162.3, 161.7, 162.3, 161.7, 161.1, 161.7, 161.7, 161.1, 161.6, 162.3, 161.7, 161.7, 161.6, 161.7, 162.3, 161.0, 161.0, 161.0, 162.3, 161.7, 160.4, 161.0, 161.7, 161.1, 159.8, 161.7, 162.3, 161.1, 161.7, 161.0, 161.7, 162.3, 161.6, 161.0, 161.1, 161.1, 160.4, 161.7, 159.9, 160.4, 161.0, 160.5, 161.0, 160.4, 161.7, 160.4, 160.5, 161.0, 161.1, 161.0, 159.8, 160.4, 161.0, 161.0, 161.0, 160.4, 160.4, 160.4, 159.8, 160.4, 160.4, 160.4, 160.4, 160.4, 160.4, 160.4, 159.8, 160.4, 160.4, 160.4, 159.8, 160.4, 160.5, 158.6, 159.2, 158.6, 159.2, 157.9, 157.9, 158.0, 156.7, 155.7, 156.9, 156.9, 158.0, 157.5, 157.4, 157.5, 156.9, 156.3, 156.3, 156.4, 156.8, 157.5, 156.3, 157.5, 157.5, 157.0, 157.5, 157.5, 156.4, 156.9, 157.0, 158.1, 157.5, 157.5, 158.1, 158.1, 157.4, 157.9, 158.1, 158.7, 158.6, 159.3, 158.7, 157.9, 159.3, 157.5, 158.1, 158.1, 157.6, 157.0, 157.0, 157.0, 157.5, 156.3, 157.0, 157.0, 157.5, 156.9, 157.0, 156.9, 157.0, 157.5, 157.0, 157.5, 158.1, 156.9, 157.5, 157.5, 157.5, 157.4, 157.4, 156.9, 157.0, 157.5, 157.5, 157.6, 157.5, 157.5, 157.5, 157.0, 157.5, 157.5, 157.3, 157.5, 156.9, 156.9, 156.7, 156.4, 156.3, 156.7, 157.4, 157.3, 156.2, 156.8, 156.8, 156.8, 156.8, 156.8, 156.9, 156.9, 155.7, 157.3, 155.9, 156.9, 157.5, 156.9, 157.5, 158.1, 157.5, 157.4, 156.8, 157.5, 156.3]"
11,"[158.8, 157.5, 158.1, 157.3, 157.9, 157.9, 157.3, 157.9, 156.7, 156.8, 156.9, 157.0, 156.4, 157.0, 156.9, 156.3, 157.0, 157.5, 156.9, 158.0, 157.5, 157.5, 158.0, 157.0, 157.0, 157.5, 156.8, 157.0, 158.1, 156.9, 157.4, 157.9, 157.4, 157.5, 157.3, 156.8, 158.0, 157.9, 157.5, 156.9, 157.9, 156.8, 157.4, 158.0, 156.8, 157.5, 158.0, 157.9, 158.1, 157.4, 157.4, 158.1, 157.4, 158.0, 157.4, 158.1, 158.6, 159.2, 158.6, 158.7, 158.1, 158.1, 159.2, 158.1, 159.8, 160.5, 159.8, 159.2, 158.6, 158.6, 158.0, 158.6, 159.2, 159.2, 158.6, 158.0, 157.9, 159.2, 158.1, 158.7, 158.7, 158.7, 158.6, 158.6, 158.1, 157.9, 158.6, 158.0, 158.6, 158.6, 158.0, 157.9, 158.0, 158.1, 158.0, 158.0, 157.4, 157.4, 158.6, 157.9, 158.6, 158.0, 158.6, 158.6, 158.6, 158.6, 158.6, 158.7, 159.3, 158.0, 158.6, 158.7, 158.6, 157.9, 158.6, 158.0, 158.0, 159.2, 158.6, 158.6, 158.7, 158.6, 158.0, 158.6, 159.2, 158.5, 157.3, 157.3, 156.4, 157.4, 158.0, 157.4, 156.8, 157.5, 157.4, 156.8, 156.9, 157.9, 157.4, 156.8, 157.4, 158.0, 156.8, 156.2, 156.9, 156.8, 157.3, 157.3, 156.3, 156.7, 156.7, 157.3, 156.6, 156.8, 156.7, 156.8, 156.3, 157.3, 156.6, 156.7, 156.7, 156.8, 157.3, 157.3, 156.8, 157.3, 156.2, 156.1, 156.8, 156.9, 156.9, 156.3, 156.2, 156.6, 156.6, 157.3, 157.5, 157.4, 156.8, 156.8, 156.7, 157.3, 156.7, 156.2, 157.4, 157.3, 157.4, 156.8, 156.7, 156.8, 156.1, 156.1, 156.8, 156.7, 156.7, 156.9, 156.9, 156.2, 156.2, 156.7, 155.8, 155.7, 156.1, 156.2, 155.5, 156.7, 156.2, 156.7, 156.2, 155.0, 155.7, 156.6, 155.4, 155.0, 155.0, 155.7, 156.1, 155.5, 155.5, 155.5, 155.5, 156.1, 155.5, 155.5, 155.4, 155.5, 155.5, 156.1, 156.1, 155.5, 156.9, 156.1, 154.9, 155.4, 155.4, 154.8, 155.4, 154.9, 155.5, 154.9, 154.8, 154.9, 154.8, 155.5, 155.6, 155.5, 154.9, 154.8, 155.5, 154.8, 155.0, 154.2, 155.5, 155.0, 154.9, 155.6, 156.2, 156.9, 156.2, 156.9, 156.3, 156.8, 156.2, 156.7, 155.6, 156.2, 155.5, 156.2, 156.1, 155.5, 155.5, 155.6, 155.4, 156.1, 156.2, 155.5, 156.2, 156.7, 154.9, 156.2, 156.3, 156.8, 156.1, 156.3, 155.7, 155.6, 156.1, 156.2, 156.1, 156.7, 155.6, 156.2, 156.1, 156.7, 156.2, 156.2, 156.8, 156.1, 156.7, 156.7, 156.8, 156.8, 156.1, 156.7, 156.8, 156.7, 156.2, 156.2, 156.1, 156.7, 156.9, 156.6, 156.2, 156.7, 156.2, 156.3, 156.8, 157.4, 156.7, 157.4, 157.4, 156.8, 156.2, 156.7, 156.8, 157.4, 157.4, 157.4, 156.8, 156.9, 157.4, 157.4, 157.4, 156.9, 156.9, 156.1, 156.7, 156.7, 156.7, 157.4, 156.1, 156.2, 156.1, 156.2, 156.2, 156.7, 155.8, 156.2, 155.7, 156.7, 156.2, 156.8, 156.8, 156.7, 157.4, 156.1, 156.8, 156.8, 156.1, 157.3, 156.7, 156.1, 156.3, 156.2, 156.8, 157.9, 157.5, 158.1, 157.4, 157.5, 157.9, 158.1, 157.4, 157.9, 157.3, 158.6, 158.6, 159.2, 158.7, 158.6, 158.6, 159.9, 159.2, 159.8, 159.3, 159.2, 158.6, 159.2, 159.8, 159.8, 161.0, 159.8, 159.8, 159.8, 160.5, 159.2, 160.5, 159.8, 160.5, 159.8, 159.8, 159.7, 160.4, 161.7, 159.8, 161.0, 161.0, 160.4, 161.0, 159.8, 160.4, 159.8, 161.1, 161.7, 161.1, 161.7, 161.1, 162.3, 161.7, 161.0, 162.3, 161.7, 161.1, 161.7, 162.3, 161.7, 161.7, 161.7, 161.0, 161.7, 161.7, 161.7, 161.7, 162.3, 161.7, 161.1, 161.0, 161.0, 161.1, 161.0, 161.1, 161.7, 161.7, 161.7, 161.7, 162.3, 161.6, 161.0, 161.7, 161.7, 161.7, 161.7, 162.3, 161.7, 161.0, 161.0, 161.7, 161.1, 162.3, 161.0, 161.1, 161.1, 161.0, 161.1, 160.5, 161.0, 159.8, 160.5, 159.8, 159.8, 158.6, 159.2, 159.2, 160.5, 159.2, 158.6, 159.8, 158.6, 159.2, 158.0, 158.7, 158.1, 158.6, 158.6, 158.0, 158.6, 158.0, 157.9, 159.2, 159.2, 158.6, 158.6, 158.6, 158.6, 158.0, 157.9, 157.9, 158.0, 157.4, 158.0, 157.3, 157.9, 158.0, 157.4, 157.4, 157.5, 156.9, 156.2, 156.8, 157.4, 156.2, 156.9, 156.8, 156.9, 156.3, 156.2, 157.5, 156.3, 157.4, 157.4, 158.1, 157.5, 156.7, 157.5, 157.5, 156.9, 157.4, 157.5, 158.1, 157.5, 157.4, 157.0, 157.5, 157.4, 156.8, 157.5, 156.9, 157.5, 157.4, 157.3, 156.9, 157.5, 157.5, 157.5, 156.9, 158.0, 157.3, 157.4, 156.8, 157.3, 157.4, 157.4, 158.7, 157.3, 157.4, 158.0, 158.1, 157.4, 156.2, 157.5, 157.3, 156.8, 157.9, 157.3, 158.1, 157.9, 158.6, 157.4, 158.0, 158.0, 157.3, 157.9, 158.7, 157.3, 158.1, 158.6, 158.6, 158.1, 158.6, 158.1, 158.6, 158.6, 157.5, 157.3, 158.0, 158.6, 157.9, 158.0, 158.7, 159.2, 158.0, 158.6, 158.7, 157.4, 158.0, 157.9, 158.5, 158.6, 159.2, 157.9]"
11,"[156.2, 156.2, 155.4, 155.7, 155.6, 155.6, 157.3, 156.6, 157.9, 157.9, 157.4, 158.6, 158.0, 158.7, 157.9, 158.6, 158.7, 158.6, 158.0, 157.3, 157.3, 158.0, 157.5, 157.3, 156.7, 156.7, 158.0, 157.4, 157.9, 157.9, 157.9, 158.6, 158.6, 157.9, 158.6, 158.1, 158.1, 158.1, 158.7, 157.3, 157.9, 157.5, 157.6, 157.3, 157.3, 157.4, 156.8, 158.0, 158.1, 158.6, 157.3, 157.4, 157.9, 157.9, 158.0, 157.9, 158.0, 156.8, 156.8, 158.0, 158.6, 158.6, 158.0, 158.6, 158.6, 158.0, 158.0, 157.3, 158.6, 159.2, 158.1, 158.6, 159.2, 157.4, 157.5, 158.0, 158.0, 157.9, 157.4, 157.9, 158.6, 158.6, 157.9, 158.6, 158.7, 158.6, 158.5, 159.2, 158.6, 158.6, 157.9, 159.2, 158.6, 158.6, 158.6, 158.0, 157.9, 158.7, 159.2, 158.6, 158.0, 157.3, 157.9, 157.9, 158.6, 158.5, 158.0, 157.3, 157.9, 157.4, 156.8, 156.2, 156.9, 156.9, 156.8, 158.6, 158.0, 158.5, 159.2, 158.6, 158.6, 158.0, 158.6, 158.6, 157.9, 156.7, 157.4, 156.9, 156.9, 156.8, 155.6, 155.4, 155.4, 155.5, 155.5, 155.4, 155.5, 155.5, 154.9, 155.4, 154.9, 154.8, 154.9, 155.5, 155.4, 154.9, 154.9, 154.8, 154.9, 156.0, 154.3, 155.0, 155.5, 155.5, 154.3, 154.9, 154.9, 154.9, 155.5, 154.8, 155.4, 155.6, 154.8, 155.0, 154.2, 155.4, 154.9, 154.3, 155.0, 155.0, 153.7, 153.8, 154.3, 154.2, 154.3, 154.3, 154.4, 154.3, 154.8, 155.0, 155.5, 155.0, 154.2, 154.2, 154.4, 155.0, 155.5, 155.5, 154.8, 154.9, 154.4, 154.9, 155.0, 154.9, 155.0, 154.3, 153.8, 155.0, 154.3, 154.3, 155.0, 153.6, 154.3, 154.9, 154.2, 154.3, 155.0, 154.3, 154.3, 154.9, 154.9, 154.8, 155.6, 154.9, 155.5, 155.4, 155.4, 155.6, 156.1, 155.3, 155.4, 154.9, 155.6, 154.9, 154.8, 155.0, 154.8, 155.5, 155.0, 155.6, 155.5, 154.8, 155.6, 154.9, 155.0, 154.9, 155.0, 154.4, 154.4, 155.6, 155.5, 154.8, 155.5, 155.5, 155.5, 155.0, 155.5, 156.0, 155.3, 155.5, 155.5, 156.1, 155.5, 155.5, 156.0, 155.0, 154.9, 154.9, 154.9, 154.3, 153.8, 154.3, 155.0, 155.4, 155.5, 153.7, 154.3, 153.8, 154.3, 155.0, 154.3, 154.8, 154.9, 154.8, 155.5, 155.5, 155.4, 155.5, 155.6, 154.9, 155.5, 155.4, 155.4, 155.3, 155.0, 154.8, 155.3, 155.4, 155.4, 155.0, 155.4, 156.1, 155.6, 155.0, 154.9, 154.8, 155.0, 154.8, 155.4, 154.4, 154.4, 155.6, 155.5, 155.4, 155.0, 155.0, 155.5, 155.5, 156.1, 156.1, 154.9, 155.5, 155.5, 155.4, 155.5, 155.5, 154.9, 155.4, 155.4, 155.4, 154.9, 154.9, 154.3, 154.4, 155.0, 155.5, 155.6, 155.5, 154.9, 155.5, 155.0, 155.5, 154.8, 154.9, 154.4, 155.5, 155.0, 155.5, 154.8, 155.6, 155.4, 155.4, 154.9, 155.5, 155.5, 155.6, 156.0, 155.5, 156.2, 156.1, 154.9, 156.6, 156.6, 156.0, 156.1, 156.1, 155.5, 155.5, 155.5, 155.6, 155.5, 156.0, 155.5, 154.8, 154.9, 155.5, 156.1, 154.8, 156.8, 156.1, 156.1, 158.0, 156.8, 157.9, 158.6, 158.0, 158.0, 158.6, 157.9, 158.1, 158.1, 158.6, 158.6, 158.7, 158.6, 159.3, 159.2, 159.2, 159.2, 159.2, 159.9, 158.6, 159.8, 159.2, 159.8, 159.8, 159.9, 160.4, 160.4, 161.1, 160.4, 159.8, 160.4, 160.4, 160.4, 159.8, 160.4, 160.5, 160.4, 160.5, 160.4, 160.4, 160.4, 160.5, 161.1, 161.0, 160.4, 160.4, 161.1, 161.1, 160.4, 160.4, 161.0, 161.0, 160.4, 160.4, 161.0, 160.5, 159.8, 161.7, 161.0, 161.1, 160.5, 161.1, 161.0, 160.5, 160.4, 161.0, 161.0, 161.7, 162.3, 161.1, 161.7, 161.7, 160.4, 161.7, 159.8, 161.0, 160.5, 161.0, 161.0, 161.1, 161.7, 161.0, 162.3, 161.7, 161.0, 160.4, 161.1, 161.1, 160.4, 160.4, 160.5, 161.0, 162.3, 161.1, 161.1, 161.0, 160.4, 161.0, 161.1, 160.4, 160.4, 160.4, 159.8, 160.5, 160.5, 160.4, 159.8, 160.5, 160.5, 161.1, 160.5, 159.8, 160.4, 159.8, 160.5, 160.5, 161.1, 160.4, 160.5, 160.4, 160.5, 160.4, 161.1, 160.5, 160.5, 160.4, 160.5, 159.8, 159.8, 160.5, 159.2, 159.8, 159.8, 159.8, 159.8, 159.8, 159.2, 159.2, 159.8, 159.2, 159.2, 159.3, 159.8, 158.7, 159.8, 159.2, 158.7, 159.2, 159.2, 159.2, 158.6, 159.2, 158.7, 158.7, 158.0, 158.7, 158.7, 158.6, 158.0, 159.3, 158.6, 158.0, 159.2, 159.8, 158.0, 159.2, 158.0, 158.6, 158.6, 159.2, 158.6, 158.0, 159.2, 159.9, 159.2, 159.8, 158.7, 158.7, 159.2, 158.6, 158.6, 159.2, 159.2, 159.2, 159.8, 158.6, 159.2, 159.8, 159.9, 159.9, 158.0, 159.2, 159.2, 157.9, 157.9, 158.6, 158.0, 158.0, 158.6, 157.3, 158.0, 157.3, 158.0, 158.6, 158.6, 158.6, 158.0, 157.4, 157.9, 158.6, 157.4, 158.0, 157.3, 158.0, 157.9, 158.0, 157.9, 157.3, 158.6, 158.6, 159.3, 158.0, 158.0, 158.7, 158.6, 158.6, 158.6, 157.9]"
11,"[156.9, 156.2, 156.8, 155.5, 156.8, 156.6, 157.2, 157.3, 158.6, 157.9, 158.0, 158.6, 158.6, 159.1, 159.2, 158.6, 159.2, 158.6, 158.6, 159.2, 158.6, 159.2, 158.6, 158.7, 158.6, 158.6, 159.2, 158.6, 159.8, 159.2, 159.2, 159.2, 159.2, 159.2, 159.2, 159.3, 158.5, 158.6, 157.9, 158.6, 158.5, 157.3, 159.2, 158.6, 158.6, 158.6, 159.2, 159.2, 158.6, 157.9, 158.6, 158.6, 158.6, 159.2, 158.6, 159.2, 159.2, 158.0, 159.2, 159.2, 159.2, 159.2, 159.2, 159.2, 158.6, 158.6, 158.6, 158.6, 158.6, 158.7, 157.9, 158.5, 158.6, 157.3, 159.2, 157.3, 158.6, 157.4, 156.8, 157.0, 156.4, 156.3, 156.2, 157.3, 156.9, 157.5, 156.8, 156.8, 156.8, 157.3, 156.8, 157.4, 158.1, 157.4, 157.5, 157.4, 156.9, 157.5, 157.3, 157.4, 157.3, 156.2, 157.4, 157.4, 156.9, 157.9, 157.4, 157.4, 156.7, 156.8, 157.3, 157.3, 156.7, 156.8, 157.4, 156.2, 156.8, 156.2, 156.4, 156.2, 156.7, 156.8, 156.9, 156.8, 156.7, 154.3, 153.7, 152.4, 151.9, 153.1, 152.5, 152.2, 152.6, 153.5, 153.1, 152.5, 154.2, 154.2, 154.3, 154.9, 153.7, 154.2, 154.3, 154.3, 154.4, 154.2, 154.3, 155.5, 155.0, 155.0, 154.9, 154.9, 154.9, 154.9, 154.3, 154.9, 155.0, 156.1, 155.0, 155.6, 155.5, 154.4, 154.3, 154.4, 154.9, 154.3, 154.8, 154.8, 154.9, 154.9, 156.6, 155.5, 154.8, 155.0, 154.9, 154.3, 154.8, 154.3, 154.8, 154.9, 154.2, 154.8, 154.9, 153.7, 154.2, 154.3, 154.3, 154.9, 156.0, 155.5, 154.7, 155.4, 154.8, 155.5, 154.8, 154.3, 154.9, 154.2, 154.4, 155.5, 154.2, 154.8, 154.1, 154.8, 155.5, 156.1, 155.5, 154.9, 155.5, 154.9, 154.9, 156.1, 155.5, 154.9, 156.1, 155.5, 154.8, 154.9, 154.8, 154.8, 155.4, 156.6, 156.2, 156.6, 156.0, 155.5, 156.7, 156.7, 156.8, 156.7, 156.8, 156.8, 156.8, 156.7, 156.7, 156.2, 155.5, 155.0, 156.7, 156.7, 156.6, 155.5, 155.6, 155.5, 156.8, 156.6, 156.8, 156.1, 156.7, 155.5, 155.6, 155.5, 156.7, 155.6, 156.2, 156.7, 155.6, 156.1, 156.1, 156.2, 155.6, 156.8, 156.3, 155.7, 156.4, 156.3, 156.2, 154.4, 152.7, 151.4, 150.7, 150.8, 151.4, 151.6, 151.4, 151.6, 152.7, 151.4, 152.3, 152.1, 153.3, 153.9, 153.2, 152.3, 152.3, 152.1, 151.4, 151.7, 151.6, 152.3, 151.6, 151.6, 151.3, 151.4, 151.4, 151.4, 150.4, 152.0, 152.5, 152.0, 152.5, 151.9, 151.4, 152.5, 153.1, 152.4, 154.9, 156.2, 154.9, 155.6, 156.2, 155.6, 156.7, 156.7, 156.8, 156.7, 157.3, 157.4, 157.4, 157.3, 157.9, 157.4, 157.9, 157.4, 158.0, 157.5, 158.1, 157.9, 158.1, 158.0, 158.6, 158.6, 157.5, 158.1, 158.0, 157.5, 158.1, 158.1, 158.1, 158.1, 157.5, 156.3, 158.1, 158.1, 158.0, 156.9, 158.0, 158.1, 158.0, 157.4, 157.4, 157.4, 157.4, 156.9, 158.1, 157.9, 157.5, 157.9, 156.9, 157.4, 158.0, 158.1, 157.5, 158.1, 157.6, 157.5, 159.2, 158.0, 158.6, 158.6, 159.2, 158.6, 158.6, 159.2, 158.6, 158.6, 159.2, 159.2, 159.2, 159.8, 159.8, 160.4, 159.8, 159.8, 161.1, 160.4, 161.0, 161.7, 160.5, 161.7, 161.7, 161.0, 161.7, 162.3, 162.3, 162.3, 161.7, 161.7, 162.3, 162.3, 161.7, 161.7, 162.3, 161.7, 161.7, 162.3, 162.3, 161.7, 162.3, 161.7, 161.7, 161.7, 162.3, 162.9, 161.7, 162.3, 162.9, 162.3, 162.3, 162.3, 162.3, 162.3, 162.3, 162.3, 162.9, 162.3, 162.3, 162.3, 161.7, 162.3, 162.3, 161.7, 162.3, 162.9, 162.9, 162.3, 162.9, 162.3, 161.7, 162.3, 162.3, 162.3, 162.3, 162.3, 162.3, 162.3, 162.3, 162.3, 162.3, 162.3, 162.3, 162.3, 161.7, 162.3, 162.3, 162.3, 162.9, 161.7, 162.3, 161.7, 162.3, 162.3, 162.3, 162.3, 161.7, 162.3, 162.3, 162.3, 162.9, 162.3, 162.3, 162.3, 162.3, 162.3, 162.3, 162.3, 161.7, 162.3, 162.3, 162.3, 162.3, 162.3, 161.7, 161.7, 161.1, 161.0, 161.6, 161.0, 161.7, 161.1, 161.1, 162.3, 161.0, 161.0, 160.5, 160.5, 160.5, 160.4, 160.5, 159.8, 160.5, 159.2, 159.8, 158.6, 159.2, 159.8, 159.2, 158.6, 158.6, 158.6, 158.6, 158.6, 158.6, 158.7, 159.2, 159.2, 159.8, 159.2, 158.6, 159.2, 159.3, 159.2, 159.2, 158.6, 159.2, 159.3, 158.6, 158.6, 158.7, 158.6, 159.3, 158.0, 158.7, 158.6, 158.0, 158.6, 158.6, 159.2, 159.8, 159.8, 158.6, 157.9, 159.2, 159.2, 159.2, 159.2, 157.5, 158.6, 158.0, 158.6, 158.6, 158.6, 157.9, 158.1, 158.0, 158.1, 158.1, 158.6, 158.7, 158.6, 158.6, 159.3, 158.6, 158.6, 158.6, 157.4, 158.1, 157.4, 158.6, 158.0, 158.6, 157.4, 158.7, 158.7, 158.7, 158.0, 158.6, 158.6, 158.6, 158.0, 158.7, 158.0, 157.5, 157.3, 157.4, 157.5, 158.0, 158.0, 158.1, 157.5, 157.4, 157.4, 157.5, 157.4, 157.4, 156.8, 157.3, 157.5, 157.4, 157.4]"
12,"[148.5, 145.4, 146.4, 144.0, 142.7, 144.7, 146.2, 147.7, 148.9, 149.1, 148.5, 147.8, 147.3, 146.6, 147.1, 146.6, 146.6, 147.3, 147.3, 147.4, 146.6, 147.2, 147.2, 146.5, 146.7, 145.6, 145.0, 145.0, 146.9, 146.4, 146.6, 146.6, 146.7, 147.0, 146.4, 145.8, 147.0, 145.8, 146.5, 144.4, 144.3, 143.8, 145.6, 147.1, 147.7, 145.8, 147.2, 147.1, 146.6, 145.8, 145.9, 145.8, 145.6, 144.5, 144.4, 144.4, 143.2, 144.3, 143.5, 143.0, 143.0, 143.0, 143.6, 143.6, 143.2, 143.2, 143.2, 143.6, 143.6, 143.8, 143.8, 143.0, 144.4, 144.5, 143.9, 143.8, 143.8, 143.8, 143.8, 143.8, 143.8, 143.2, 142.7, 143.2, 142.6, 143.3, 143.3, 143.2, 142.7, 142.7, 142.7, 143.0, 142.4, 143.2, 142.6, 143.2, 143.2, 143.2, 142.7, 142.6, 143.2, 143.2, 142.0, 142.4, 142.4, 143.0, 143.0, 142.6, 142.6, 141.8, 141.2, 141.6, 141.0, 141.4, 143.0, 143.0, 144.4, 144.3, 143.0, 143.2, 143.8, 143.2, 143.2, 144.4, 143.8, 143.8, 143.6, 143.0, 143.6, 142.0, 141.4, 142.2, 141.6, 141.6, 141.6, 141.4, 141.6, 142.0, 142.0, 141.6, 141.2, 141.2, 140.8, 140.0, 140.6, 141.4, 140.6, 140.6, 140.8, 141.4, 141.4, 140.8, 141.4, 141.4, 141.4, 140.8, 141.0, 141.0, 140.8, 140.8, 140.8, 140.2, 140.2, 140.2, 139.6, 139.6, 139.0, 139.0, 139.8, 138.9, 138.5, 139.0, 138.5, 138.5, 139.0, 139.0, 139.6, 139.6, 139.0, 138.5, 139.0, 138.9, 139.4, 139.0, 139.8, 140.2, 140.2, 140.2, 139.0, 139.6, 139.0, 139.6, 139.8, 139.0, 138.9, 139.8, 139.2, 139.6, 139.0, 139.0, 139.8, 138.9, 139.4, 139.0, 139.0, 139.8, 139.0, 139.0, 138.5, 139.0, 139.0, 138.7, 138.5, 138.5, 138.5, 138.9, 139.8, 139.6, 138.7, 138.3, 138.3, 138.5, 138.5, 138.7, 138.5, 138.3, 139.2, 139.0, 139.0, 139.0, 139.6, 139.6, 139.8, 140.4, 139.0, 138.9, 139.0, 138.9, 139.6, 139.0, 138.5, 139.2, 139.0, 139.6, 139.2, 139.6, 138.5, 139.6, 138.5, 139.6, 139.0, 139.4, 139.6, 139.6, 139.0, 139.0, 138.5, 139.2, 139.0, 139.0, 138.9, 138.9, 139.0, 138.5, 139.0, 139.0, 139.0, 139.2, 138.5, 139.0, 139.0, 139.0, 139.2, 138.3, 140.0, 139.6, 139.6, 138.5, 139.6, 139.6, 139.6, 140.4, 140.2, 141.0, 140.4, 141.4, 141.4, 140.8, 140.8, 141.0, 140.8, 141.0, 140.6, 140.2, 139.4, 138.3, 139.0, 138.5, 139.0, 139.0, 139.4, 140.4, 140.2, 140.0, 140.4, 141.0, 140.4, 140.4, 139.6, 139.6, 140.2, 140.2, 140.0, 139.6, 138.3, 139.8, 139.6, 138.9, 139.4, 140.2, 139.4, 139.6, 139.6, 139.4, 140.0, 138.9, 138.9, 139.0, 138.3, 138.3, 137.7, 137.9, 138.5, 137.7, 138.3, 138.5, 138.7, 138.5, 138.9, 139.4, 138.9, 139.6, 139.8, 138.9, 138.3, 138.3, 138.1, 138.1, 137.5, 137.7, 137.3, 136.8, 137.7, 138.7, 137.7, 137.3, 137.1, 137.3, 138.3, 139.2, 139.0, 140.2, 140.2, 139.6, 138.9, 139.4, 139.0, 137.7, 139.6, 140.6, 141.4, 141.6, 142.6, 143.8, 146.6, 147.9, 147.8, 149.1, 150.5, 151.1, 150.0, 150.0, 151.7, 154.8, 154.8, 155.4, 155.9, 155.9, 157.7, 157.7, 157.1, 156.5, 157.7, 156.5, 157.1, 157.1, 157.1, 157.7, 157.7, 157.1, 157.1, 156.5, 156.5, 157.7, 157.7, 157.1, 156.5, 156.5, 156.5, 154.8, 154.8, 155.9, 155.4, 155.9, 155.3, 156.5, 154.2, 154.8, 155.3, 155.3, 154.8, 154.1, 154.1, 153.6, 153.6, 153.6, 153.5, 154.8, 153.7, 155.3, 157.1, 156.5, 155.9, 155.3, 154.8, 153.0, 153.0, 155.4, 156.5, 155.3, 155.4, 155.4, 154.2, 156.5, 156.5, 156.5, 157.7, 157.1, 157.7, 157.7, 156.5, 157.7, 157.1, 157.1, 157.1, 157.7, 157.1, 157.7, 157.1, 157.1, 156.5, 157.7, 156.5, 156.5, 157.7, 157.1, 157.1, 157.7, 157.1, 155.9, 157.1, 157.7, 156.5, 157.7, 157.1, 156.5, 155.9, 154.7, 155.9, 154.7, 154.7, 152.9, 154.2, 153.5, 153.6, 154.1, 154.2, 153.5, 151.7, 151.7, 151.6, 152.3, 151.7, 150.4, 150.5, 149.9, 149.8, 149.2, 149.2, 149.2, 149.1, 150.4, 150.4, 151.0, 151.1, 150.0, 150.4, 149.1, 149.8, 149.1, 149.1, 149.7, 149.1, 149.7, 149.7, 149.6, 149.0, 149.7, 149.1, 149.1, 149.1, 149.6, 149.2, 149.1, 149.6, 149.0, 148.4, 149.1, 149.0, 148.4, 149.1, 148.3, 149.0, 149.0, 149.7, 149.0, 149.0, 149.0, 149.7, 149.0, 148.4, 148.4, 148.4, 148.3, 147.8, 147.2, 147.9, 147.8, 147.2, 147.8, 147.8, 147.2, 147.8, 147.2, 147.2, 147.7, 147.0, 147.1, 148.2, 147.7, 147.0, 146.5, 147.1, 147.0, 147.1, 147.1, 147.1, 147.1, 147.0, 147.2, 147.1, 147.0, 147.7, 147.0, 147.0, 147.1, 145.8, 146.5, 146.4, 145.8, 145.8, 145.0, 145.8, 145.8, 145.1, 145.9, 144.5, 144.4, 144.3, 144.4, 145.0, 143.9, 144.4, 144.4, 144.5, 145.0, 143.8, 143.8, 144.5, 144.5]"
12,"[152.8, 153.4, 154.6, 152.1, 152.7, 152.3, 152.3, 151.7, 152.4, 152.4, 151.1, 151.8, 151.7, 151.2, 151.8, 151.1, 150.6, 152.4, 151.9, 151.9, 152.4, 152.4, 151.1, 151.9, 151.7, 152.4, 151.9, 152.5, 151.9, 151.9, 151.9, 151.8, 151.3, 151.8, 151.9, 151.9, 151.9, 151.7, 151.7, 151.2, 151.7, 151.7, 151.2, 150.6, 151.8, 152.4, 152.4, 152.3, 152.4, 151.9, 151.8, 151.9, 151.9, 151.9, 151.7, 151.2, 151.2, 151.8, 151.2, 151.1, 151.2, 149.3, 150.0, 149.9, 149.3, 149.9, 150.6, 149.9, 149.3, 149.4, 150.0, 150.6, 149.9, 149.4, 149.3, 150.6, 149.9, 150.6, 150.0, 150.0, 149.9, 150.6, 150.0, 150.6, 150.6, 149.9, 150.0, 149.9, 149.9, 149.9, 149.4, 150.6, 150.6, 149.9, 150.0, 150.6, 149.2, 150.0, 149.2, 149.2, 149.9, 149.8, 149.2, 150.0, 150.6, 150.0, 149.9, 150.0, 149.5, 150.5, 150.6, 149.9, 149.2, 149.2, 149.2, 149.7, 148.6, 148.6, 148.6, 149.2, 148.5, 147.9, 147.8, 148.4, 148.6, 148.0, 149.1, 148.5, 147.3, 147.8, 147.1, 147.2, 146.5, 145.1, 144.1, 143.9, 143.2, 143.5, 143.3, 142.6, 142.6, 142.6, 143.2, 143.8, 143.8, 143.3, 143.9, 143.3, 142.2, 142.9, 143.2, 142.9, 143.5, 142.9, 143.5, 142.2, 142.7, 143.3, 142.0, 142.6, 141.2, 142.0, 141.6, 141.4, 142.0, 142.0, 142.0, 142.0, 142.0, 141.8, 141.2, 141.4, 140.6, 140.6, 140.0, 139.4, 138.9, 139.8, 141.4, 141.4, 141.2, 141.2, 141.4, 141.4, 140.8, 141.4, 141.4, 141.2, 142.2, 141.4, 141.4, 141.6, 141.2, 141.4, 141.4, 141.6, 141.4, 141.7, 140.8, 141.6, 141.6, 141.2, 140.8, 140.8, 140.2, 140.6, 141.4, 141.4, 140.8, 141.4, 141.4, 141.4, 142.2, 140.8, 141.4, 142.2, 141.6, 141.6, 141.4, 141.4, 141.4, 140.8, 140.6, 141.4, 141.2, 140.8, 142.2, 141.4, 141.0, 140.8, 141.6, 141.0, 141.6, 141.6, 141.6, 141.7, 141.4, 141.6, 141.4, 141.4, 141.4, 141.4, 142.0, 140.8, 142.0, 142.0, 141.0, 141.4, 141.4, 142.0, 141.4, 142.0, 142.0, 142.7, 142.2, 141.4, 141.6, 141.4, 141.4, 141.4, 142.6, 142.0, 142.0, 141.4, 141.8, 140.0, 141.8, 141.6, 142.2, 142.2, 142.2, 142.2, 141.6, 141.6, 141.4, 141.0, 141.6, 141.4, 141.4, 141.7, 142.2, 141.6, 142.2, 141.7, 142.2, 142.2, 142.3, 142.2, 141.0, 141.6, 141.0, 141.4, 142.0, 141.8, 141.4, 141.6, 141.6, 141.4, 141.4, 141.6, 141.7, 142.2, 142.2, 142.7, 141.6, 141.6, 141.6, 142.2, 141.7, 142.2, 142.2, 142.0, 141.6, 141.6, 141.6, 141.6, 141.4, 141.6, 141.0, 141.0, 141.6, 142.2, 141.0, 141.0, 142.3, 141.6, 142.2, 141.7, 141.6, 141.7, 142.2, 142.3, 142.3, 141.6, 142.3, 141.6, 142.3, 142.2, 141.6, 141.7, 141.6, 141.7, 141.2, 142.3, 142.3, 142.3, 142.2, 142.2, 142.2, 142.2, 142.3, 142.2, 142.2, 142.2, 141.7, 141.6, 141.4, 142.2, 141.7, 142.3, 141.6, 141.6, 141.6, 141.6, 141.6, 141.6, 141.6, 141.6, 142.3, 142.3, 143.9, 145.8, 147.4, 149.4, 149.9, 151.8, 151.9, 152.4, 153.6, 153.6, 153.7, 154.2, 155.4, 156.0, 155.4, 156.0, 156.6, 156.0, 155.4, 155.4, 156.0, 156.0, 156.5, 157.1, 157.7, 157.1, 157.1, 157.1, 157.1, 157.7, 157.1, 156.6, 157.1, 157.1, 157.1, 156.5, 156.5, 157.1, 157.1, 156.0, 156.0, 156.0, 157.1, 156.5, 156.5, 156.5, 156.5, 156.0, 156.0, 156.0, 156.0, 156.0, 157.1, 156.0, 155.9, 155.9, 155.3, 155.4, 156.0, 156.0, 156.5, 156.0, 156.5, 156.5, 156.5, 156.5, 156.5, 157.1, 156.5, 157.1, 156.5, 156.5, 157.1, 156.5, 156.5, 157.1, 156.5, 156.5, 156.5, 157.1, 156.5, 157.7, 157.1, 157.1, 155.9, 157.1, 157.1, 155.9, 156.5, 157.1, 155.9, 155.9, 154.8, 155.9, 154.2, 151.7, 152.4, 153.0, 152.4, 151.9, 151.7, 151.3, 151.8, 151.3, 151.9, 151.9, 151.3, 151.9, 151.8, 151.9, 152.4, 150.5, 150.6, 149.9, 150.0, 150.0, 150.6, 150.5, 150.0, 150.0, 149.9, 149.9, 149.9, 149.8, 149.2, 149.8, 149.3, 149.2, 149.3, 149.2, 149.3, 149.1, 149.2, 149.2, 148.6, 148.7, 149.3, 148.6, 148.7, 149.2, 148.6, 148.0, 148.5, 148.6, 148.6, 148.5, 148.7, 148.1, 148.6, 148.0, 148.6, 148.7, 148.5, 148.0, 148.5, 148.0, 147.4, 147.9, 148.5, 148.1, 147.2, 147.3, 147.9, 147.8, 147.4, 147.3, 148.0, 148.0, 147.4, 147.9, 147.9, 148.0, 147.9, 147.3, 147.8, 147.2, 147.3, 146.6, 146.7, 147.2, 146.0, 146.6, 146.6, 146.1, 147.3, 147.4, 146.8, 147.4, 147.2, 146.7, 146.7, 146.7, 146.6, 146.7, 147.3, 147.2, 147.2, 146.6, 146.5, 146.6, 145.9, 145.9, 145.9, 146.0, 145.3, 145.3, 145.3, 145.3, 145.9, 146.0, 146.0, 145.9, 146.0, 146.6, 146.6, 146.7, 146.6, 146.6, 146.6, 146.0, 145.3, 145.4, 146.0, 145.3, 145.3, 144.7, 145.3, 146.1, 146.8, 147.3]"
12,"[153.5, 152.8, 154.1, 152.8, 153.5, 154.1, 153.0, 153.6, 153.6, 153.7, 154.2, 154.2, 154.2, 153.6, 153.6, 153.6, 154.8, 154.2, 154.8, 154.8, 154.8, 154.2, 154.8, 155.3, 154.8, 155.4, 155.3, 154.8, 154.2, 154.8, 154.8, 154.8, 154.8, 155.3, 155.4, 154.8, 154.2, 154.2, 154.2, 154.8, 154.8, 154.2, 154.8, 154.8, 154.8, 154.8, 154.2, 154.2, 153.6, 154.2, 154.2, 153.0, 153.0, 153.6, 153.0, 153.1, 153.0, 153.1, 152.4, 152.4, 152.4, 152.5, 152.5, 153.1, 153.6, 153.1, 153.1, 153.1, 153.0, 152.4, 153.0, 153.0, 152.4, 153.0, 152.4, 152.4, 153.0, 151.2, 152.4, 151.7, 150.6, 150.5, 150.6, 150.6, 150.6, 149.4, 150.4, 150.5, 150.5, 149.9, 149.9, 149.9, 149.8, 150.5, 150.4, 150.4, 151.0, 150.4, 150.6, 150.6, 150.6, 151.2, 151.1, 151.8, 151.1, 150.6, 150.6, 150.5, 150.6, 150.0, 150.5, 149.9, 151.1, 150.5, 150.6, 150.6, 150.6, 150.6, 151.2, 150.6, 150.6, 151.1, 150.6, 151.1, 151.1, 150.5, 151.1, 151.1, 151.1, 150.5, 150.6, 150.5, 148.6, 147.8, 147.2, 146.6, 145.9, 145.9, 145.3, 144.5, 144.1, 144.1, 143.5, 143.5, 142.9, 143.5, 142.9, 143.5, 142.9, 142.7, 142.2, 142.2, 141.6, 142.9, 142.9, 141.6, 142.3, 141.6, 141.7, 143.1, 142.3, 142.9, 142.3, 141.7, 141.9, 141.2, 141.2, 141.2, 141.2, 141.7, 141.7, 141.3, 141.3, 141.9, 141.2, 141.3, 141.2, 141.7, 141.0, 140.8, 141.0, 140.4, 140.2, 140.4, 140.2, 140.8, 141.0, 139.8, 140.6, 140.4, 140.4, 140.4, 140.6, 140.4, 140.4, 140.4, 141.0, 141.0, 141.0, 140.4, 137.9, 137.3, 136.6, 137.3, 137.1, 137.3, 137.9, 137.9, 138.9, 137.9, 138.1, 138.7, 138.1, 139.2, 140.0, 139.2, 139.4, 139.8, 140.6, 140.0, 140.0, 139.8, 139.8, 140.0, 139.4, 139.2, 137.9, 137.3, 137.3, 137.0, 136.8, 137.0, 137.9, 138.1, 138.1, 137.7, 137.3, 138.1, 138.1, 139.4, 140.6, 140.7, 140.6, 141.2, 141.0, 140.4, 140.6, 140.4, 141.0, 140.6, 140.4, 140.4, 140.4, 140.0, 140.6, 139.8, 140.0, 141.2, 140.6, 140.6, 138.9, 138.1, 138.1, 138.7, 138.7, 139.8, 139.4, 140.0, 140.0, 140.0, 140.0, 139.4, 140.0, 139.2, 140.6, 139.4, 140.0, 139.8, 139.8, 140.4, 140.6, 139.8, 140.4, 140.4, 140.4, 139.8, 138.9, 138.9, 139.2, 139.4, 139.4, 139.4, 139.8, 140.0, 139.8, 140.4, 140.0, 139.2, 140.0, 139.8, 139.4, 139.2, 140.6, 139.8, 139.8, 140.4, 140.0, 140.0, 139.8, 139.8, 140.0, 140.4, 139.8, 140.6, 140.0, 140.4, 140.0, 140.6, 141.0, 140.4, 140.4, 139.6, 139.2, 139.4, 139.2, 139.2, 139.4, 139.8, 140.4, 141.2, 141.3, 140.4, 141.0, 141.6, 141.2, 141.3, 141.2, 141.9, 141.2, 141.2, 141.2, 141.2, 141.2, 141.2, 141.2, 141.0, 141.6, 140.8, 140.2, 140.8, 141.0, 141.0, 141.6, 141.2, 141.2, 141.7, 141.2, 141.2, 141.7, 141.7, 141.2, 141.7, 142.3, 141.7, 141.6, 142.3, 141.7, 141.7, 142.3, 142.3, 142.2, 142.3, 142.7, 142.9, 144.8, 145.3, 146.1, 147.4, 148.2, 148.8, 150.0, 150.6, 151.7, 152.3, 152.3, 152.9, 152.9, 153.5, 154.7, 154.2, 154.2, 155.4, 155.9, 155.3, 155.3, 156.5, 156.5, 155.9, 156.5, 156.0, 156.5, 157.1, 156.5, 157.1, 157.1, 157.1, 157.7, 157.1, 157.7, 157.7, 156.5, 157.1, 157.7, 157.1, 156.5, 156.5, 156.5, 157.1, 155.9, 155.9, 156.0, 156.5, 156.5, 155.9, 156.5, 155.4, 155.9, 155.4, 156.5, 156.5, 155.4, 155.9, 156.0, 155.9, 155.9, 156.0, 156.0, 156.0, 155.4, 155.4, 156.0, 156.5, 155.9, 156.5, 155.9, 156.0, 156.0, 156.0, 155.9, 156.5, 155.9, 156.5, 157.1, 156.5, 156.5, 157.1, 155.4, 156.5, 157.1, 155.9, 157.1, 154.2, 152.4, 151.2, 151.9, 151.8, 151.7, 151.8, 151.9, 151.1, 149.3, 149.2, 148.7, 149.9, 150.0, 151.3, 151.2, 151.8, 151.8, 152.5, 151.9, 151.3, 151.3, 151.3, 153.1, 153.1, 154.8, 153.7, 154.2, 154.2, 154.2, 154.8, 155.4, 154.8, 154.2, 154.3, 154.2, 154.2, 154.2, 154.2, 154.2, 153.7, 154.2, 153.7, 154.8, 154.2, 154.2, 153.7, 152.5, 153.1, 152.5, 152.4, 151.9, 153.1, 153.0, 153.0, 152.4, 153.0, 152.4, 153.6, 153.6, 154.8, 153.1, 153.7, 154.2, 154.8, 153.6, 154.2, 154.2, 154.2, 153.6, 154.2, 153.6, 154.8, 154.2, 154.2, 153.6, 153.1, 153.7, 153.6, 152.5, 153.6, 153.6, 153.0, 153.1, 153.6, 153.6, 153.6, 153.1, 152.5, 153.0, 152.5, 153.0, 153.6, 153.1, 153.7, 153.5, 152.5, 153.0, 152.5, 153.1, 153.0, 153.6, 153.0, 153.5, 153.5, 153.1, 153.0, 153.1, 152.4, 153.0, 153.0, 152.4, 152.4, 152.4, 152.5, 152.5, 153.1, 153.0, 152.4, 153.0, 152.4, 152.4, 152.4, 152.4, 152.3, 152.4, 153.0, 152.5, 152.5, 152.5, 152.5, 152.4, 152.4, 153.0, 152.4, 152.4, 151.9, 151.8, 151.8]"
12,"[150.9, 149.7, 149.0, 148.9, 149.0, 149.0, 149.1, 149.9, 148.6, 149.9, 149.9, 149.2, 149.3, 149.9, 149.1, 149.1, 149.2, 149.2, 149.8, 149.2, 149.3, 149.2, 149.4, 150.0, 149.9, 149.2, 150.0, 149.9, 150.0, 149.8, 150.0, 150.0, 150.0, 150.0, 150.0, 149.4, 150.0, 150.6, 150.4, 150.6, 150.5, 150.0, 150.6, 150.0, 150.5, 149.9, 150.0, 150.0, 150.6, 150.6, 150.0, 149.4, 150.0, 151.1, 150.6, 151.1, 151.1, 151.1, 151.8, 151.8, 151.1, 151.7, 151.2, 151.8, 151.1, 150.5, 151.1, 150.6, 150.6, 151.1, 151.8, 151.9, 151.7, 151.7, 151.2, 151.8, 152.4, 151.8, 151.9, 151.8, 151.9, 151.2, 151.3, 151.8, 151.2, 151.7, 151.8, 152.4, 151.2, 151.7, 151.7, 151.8, 151.1, 151.7, 151.2, 151.7, 151.7, 151.1, 150.5, 151.7, 150.6, 151.1, 151.7, 151.1, 151.1, 151.1, 151.7, 151.7, 152.3, 152.3, 152.3, 152.3, 152.3, 152.3, 151.1, 152.3, 151.7, 152.4, 151.8, 151.7, 151.7, 151.8, 152.3, 151.7, 151.7, 151.7, 152.3, 151.2, 151.1, 149.2, 147.9, 147.9, 147.3, 146.7, 146.6, 145.4, 146.0, 145.3, 144.1, 144.7, 144.5, 143.9, 144.1, 144.1, 143.5, 143.5, 143.3, 143.5, 143.5, 143.3, 143.5, 143.5, 144.1, 144.1, 144.2, 144.7, 144.1, 143.9, 144.1, 143.5, 143.5, 142.9, 143.3, 143.9, 144.1, 143.5, 142.3, 142.3, 141.6, 142.2, 142.2, 141.6, 141.6, 142.2, 142.2, 141.6, 142.3, 141.7, 141.6, 141.6, 141.6, 141.0, 141.6, 141.7, 141.7, 141.7, 141.7, 141.6, 141.0, 142.2, 141.6, 140.6, 141.4, 141.6, 142.2, 141.6, 141.7, 141.6, 141.0, 141.7, 141.2, 142.2, 142.3, 142.5, 142.3, 141.4, 142.2, 141.0, 141.0, 141.6, 141.6, 141.2, 141.7, 141.7, 141.7, 141.7, 141.7, 141.7, 141.7, 141.7, 141.7, 141.6, 141.6, 141.6, 142.3, 142.3, 142.9, 142.2, 142.2, 142.0, 140.8, 139.8, 139.6, 140.4, 141.6, 141.6, 141.6, 141.7, 141.2, 141.2, 141.7, 141.7, 141.2, 141.7, 141.9, 141.9, 141.9, 142.3, 142.9, 143.5, 143.6, 143.6, 143.5, 143.5, 143.5, 142.3, 142.2, 141.4, 140.2, 139.8, 139.2, 140.8, 142.2, 141.6, 141.7, 141.2, 141.3, 141.7, 141.2, 141.7, 141.7, 141.6, 141.2, 141.0, 141.2, 141.6, 141.7, 141.7, 141.7, 141.7, 141.6, 141.0, 141.6, 141.7, 141.6, 141.7, 142.3, 141.9, 142.9, 142.7, 142.2, 141.6, 140.2, 139.2, 139.2, 140.6, 141.0, 141.7, 141.7, 141.7, 141.7, 141.2, 141.7, 141.7, 142.3, 141.7, 141.7, 142.3, 142.5, 142.3, 142.5, 141.7, 142.3, 142.9, 142.5, 143.1, 142.9, 143.5, 143.6, 143.5, 143.1, 143.8, 143.6, 143.1, 143.5, 142.7, 142.7, 142.2, 142.3, 141.2, 139.8, 141.0, 140.6, 140.6, 141.2, 140.7, 141.7, 141.0, 141.7, 141.3, 141.2, 141.7, 142.3, 141.7, 141.6, 142.3, 142.5, 142.9, 142.7, 142.9, 142.7, 142.2, 142.9, 142.6, 142.2, 142.3, 142.9, 142.9, 142.3, 142.3, 142.3, 142.3, 142.3, 142.3, 142.7, 142.9, 142.7, 142.9, 142.2, 142.7, 142.3, 143.6, 144.2, 144.7, 145.7, 147.2, 148.1, 148.9, 149.5, 149.9, 150.0, 150.6, 151.1, 151.7, 152.3, 151.8, 153.5, 152.4, 152.4, 152.5, 153.0, 154.7, 154.2, 153.6, 154.2, 154.8, 155.4, 155.4, 155.4, 156.0, 155.4, 155.9, 155.9, 156.0, 157.1, 157.1, 156.5, 156.0, 156.5, 157.1, 156.5, 156.5, 156.0, 157.1, 157.1, 157.7, 157.1, 157.1, 157.7, 157.1, 157.1, 157.1, 157.7, 156.5, 157.7, 156.5, 157.1, 157.7, 157.7, 157.1, 157.1, 157.7, 157.1, 157.1, 156.5, 157.1, 157.1, 157.7, 157.7, 157.7, 157.7, 157.7, 157.1, 157.1, 157.7, 157.7, 157.1, 157.7, 157.7, 157.1, 157.7, 157.7, 157.7, 157.7, 156.6, 156.6, 156.5, 157.7, 157.1, 156.5, 157.1, 156.5, 156.5, 156.6, 157.1, 156.5, 156.5, 156.6, 156.5, 156.5, 157.1, 157.1, 157.7, 156.5, 156.5, 156.5, 157.1, 156.6, 156.0, 156.0, 155.4, 156.0, 156.0, 156.0, 155.4, 155.4, 155.4, 156.5, 156.5, 156.0, 155.4, 154.8, 155.4, 155.4, 154.2, 154.8, 153.6, 153.6, 153.5, 153.6, 153.0, 153.0, 152.4, 152.4, 152.3, 152.4, 152.3, 151.8, 152.4, 152.4, 152.4, 152.4, 151.8, 151.8, 151.9, 151.1, 150.6, 151.1, 151.1, 150.6, 150.5, 150.6, 151.1, 151.1, 150.5, 150.5, 149.9, 149.9, 149.2, 150.0, 149.9, 148.7, 149.3, 149.8, 149.3, 150.5, 149.2, 149.8, 150.0, 149.3, 149.3, 149.8, 149.2, 149.4, 149.4, 149.4, 149.3, 149.3, 148.7, 149.3, 149.2, 149.3, 148.7, 148.7, 148.6, 148.6, 148.6, 149.3, 148.7, 148.7, 148.6, 148.5, 148.0, 148.5, 147.9, 148.0, 147.9, 148.5, 147.9, 148.0, 147.4, 147.9, 146.7, 147.4, 147.3, 147.3, 147.6, 148.1, 147.1, 146.8, 146.7, 146.7, 146.9, 147.1, 146.9, 147.5, 147.3, 147.3, 147.3, 148.0, 148.0, 146.6, 147.3, 148.0, 147.4, 147.3, 146.9, 147.3, 147.3, 147.4]"
12,"[150.8, 151.5, 150.2, 150.2, 149.6, 149.9, 150.5, 150.6, 150.6, 150.6, 151.2, 150.6, 151.2, 150.6, 150.6, 150.5, 150.6, 150.0, 150.6, 150.6, 151.1, 151.7, 150.6, 150.6, 150.6, 151.1, 151.1, 151.1, 151.2, 151.2, 151.1, 151.1, 151.8, 151.2, 151.1, 151.8, 152.4, 151.8, 151.8, 151.8, 151.9, 151.8, 151.1, 151.1, 151.1, 151.1, 151.9, 151.8, 152.4, 151.9, 151.2, 151.9, 151.2, 151.8, 151.2, 151.2, 151.8, 151.2, 151.7, 151.8, 151.8, 151.3, 151.2, 151.9, 152.4, 152.4, 153.0, 153.0, 153.0, 153.0, 152.4, 152.4, 152.4, 153.5, 152.4, 153.0, 153.0, 152.4, 151.8, 152.4, 152.4, 152.5, 151.2, 151.8, 151.9, 150.6, 151.1, 151.1, 151.1, 151.1, 150.6, 150.6, 150.5, 150.5, 150.5, 151.1, 150.6, 151.1, 151.1, 151.7, 151.1, 151.1, 151.1, 151.2, 151.1, 151.1, 151.7, 151.7, 151.7, 151.8, 151.8, 152.4, 152.4, 151.8, 151.8, 151.1, 151.7, 151.8, 151.2, 150.6, 151.1, 151.1, 151.8, 150.6, 151.1, 151.1, 151.8, 151.7, 149.2, 148.2, 148.0, 146.1, 146.1, 145.4, 144.8, 144.7, 144.1, 144.7, 144.8, 144.7, 144.2, 144.7, 144.4, 144.7, 143.6, 144.2, 143.6, 143.5, 143.5, 143.6, 143.5, 143.3, 144.2, 144.1, 143.6, 144.1, 143.6, 143.3, 143.6, 144.2, 142.9, 142.3, 141.4, 140.0, 141.2, 142.2, 142.2, 142.2, 141.7, 141.7, 142.5, 141.7, 141.9, 141.7, 142.3, 142.3, 142.3, 142.3, 142.6, 142.3, 142.3, 142.3, 142.2, 142.3, 141.7, 142.9, 142.3, 141.9, 141.3, 141.0, 141.7, 141.2, 141.7, 141.2, 141.3, 142.3, 141.9, 141.3, 141.9, 141.9, 141.9, 142.3, 142.3, 141.9, 141.9, 141.6, 141.3, 141.9, 141.9, 141.7, 141.7, 142.5, 141.9, 141.9, 141.7, 141.7, 141.6, 142.2, 141.7, 141.3, 141.2, 141.7, 141.7, 141.2, 141.7, 141.2, 141.2, 141.6, 141.7, 141.0, 141.2, 140.4, 140.6, 141.0, 141.6, 141.0, 141.2, 140.6, 141.3, 141.7, 141.7, 141.9, 141.6, 141.7, 141.3, 141.2, 141.7, 141.7, 141.7, 141.7, 141.2, 141.7, 141.2, 141.3, 141.9, 141.9, 141.9, 141.9, 141.7, 142.3, 142.3, 142.5, 142.5, 142.3, 142.5, 142.3, 142.5, 142.5, 141.9, 141.7, 142.1, 142.5, 142.3, 141.9, 142.5, 142.3, 142.3, 142.5, 141.9, 142.9, 142.5, 143.2, 142.2, 142.3, 141.9, 142.3, 141.7, 141.9, 141.9, 141.9, 142.5, 142.5, 141.3, 141.9, 142.3, 141.7, 141.9, 141.7, 141.7, 141.7, 141.9, 141.9, 142.5, 142.3, 142.3, 142.3, 142.3, 142.3, 142.3, 142.3, 142.3, 142.5, 142.3, 141.7, 142.5, 141.9, 142.5, 141.6, 141.7, 141.9, 142.5, 141.7, 141.7, 141.9, 142.5, 141.9, 141.7, 141.7, 142.5, 142.5, 141.7, 142.5, 142.5, 142.5, 142.5, 142.3, 142.5, 142.9, 143.1, 142.5, 141.7, 142.5, 142.5, 142.5, 142.9, 142.3, 142.9, 142.5, 142.3, 141.7, 141.7, 141.2, 141.6, 141.2, 141.7, 141.7, 141.7, 141.7, 141.7, 141.7, 142.3, 142.3, 141.9, 141.9, 141.2, 141.7, 141.7, 141.7, 142.5, 144.2, 144.7, 146.3, 147.5, 148.2, 150.1, 150.0, 150.2, 151.2, 151.8, 151.2, 152.4, 151.9, 152.4, 152.4, 153.0, 153.1, 153.6, 154.8, 155.4, 156.0, 154.8, 155.4, 154.8, 155.4, 156.5, 156.5, 156.0, 156.0, 155.9, 156.6, 156.5, 156.5, 157.1, 157.1, 157.1, 157.1, 157.1, 156.5, 157.1, 157.1, 157.7, 157.1, 157.7, 157.1, 156.5, 157.1, 157.7, 157.7, 156.5, 157.1, 157.7, 157.7, 157.7, 157.1, 157.7, 157.7, 156.5, 157.7, 157.7, 156.5, 157.1, 157.1, 157.7, 157.1, 157.7, 157.1, 157.1, 157.1, 157.7, 157.7, 157.1, 157.7, 156.5, 157.7, 156.5, 157.1, 157.1, 157.1, 157.7, 157.1, 157.7, 157.1, 156.5, 157.1, 157.1, 157.7, 157.7, 157.7, 157.7, 157.7, 157.7, 157.1, 157.1, 156.0, 156.0, 156.0, 156.5, 156.0, 156.5, 156.5, 156.5, 156.0, 155.4, 155.3, 155.9, 156.5, 155.4, 155.4, 155.4, 155.4, 154.8, 155.4, 154.8, 154.2, 154.8, 155.4, 154.8, 154.2, 154.2, 154.2, 154.2, 153.6, 153.1, 152.4, 152.5, 152.5, 153.1, 152.4, 153.0, 152.4, 152.5, 152.4, 152.4, 153.1, 152.4, 153.0, 151.3, 151.9, 151.9, 151.3, 152.4, 151.9, 152.4, 151.9, 152.5, 151.8, 152.4, 152.4, 152.4, 151.8, 152.4, 152.4, 151.3, 151.8, 151.3, 151.2, 151.2, 151.1, 151.2, 151.2, 151.8, 151.9, 151.8, 151.2, 151.2, 151.3, 151.2, 151.9, 151.8, 151.2, 151.2, 150.6, 151.1, 150.0, 150.0, 150.6, 150.7, 151.1, 150.6, 150.6, 150.6, 150.6, 151.2, 150.7, 150.6, 150.6, 151.1, 151.2, 150.0, 150.1, 150.5, 150.0, 149.9, 149.3, 148.7, 149.4, 149.4, 149.3, 149.3, 149.3, 149.2, 149.9, 149.3, 149.9, 150.0, 150.0, 149.3, 148.6, 149.3, 149.4, 149.9, 149.9, 150.0, 150.0, 149.3, 150.0, 149.4, 149.4, 150.0, 149.3, 149.3, 149.3, 149.4, 149.4, 149.2, 150.6, 150.0, 149.3, 150.0, 149.3]"
12,"[157.1, 156.5, 157.1, 157.1, 156.5, 156.5, 156.5, 156.5, 155.9, 155.4, 155.4, 156.0, 155.3, 155.4, 155.4, 154.8, 155.4, 155.4, 154.8, 156.0, 154.8, 155.4, 155.9, 154.2, 155.9, 155.4, 155.4, 154.7, 155.3, 155.9, 155.9, 156.5, 156.5, 156.5, 155.8, 156.5, 155.9, 156.4, 155.8, 155.8, 155.8, 155.2, 155.9, 155.9, 155.2, 155.3, 155.3, 155.3, 154.7, 154.1, 154.7, 154.7, 154.7, 154.8, 153.5, 154.1, 154.7, 154.7, 154.6, 155.9, 155.9, 155.9, 154.7, 155.2, 155.2, 154.6, 154.6, 154.0, 154.0, 153.4, 154.6, 154.1, 154.1, 154.1, 154.1, 154.2, 153.5, 153.6, 153.5, 153.5, 153.5, 154.1, 153.6, 154.2, 154.2, 154.2, 155.3, 155.3, 155.3, 155.3, 154.7, 155.3, 154.7, 155.3, 154.7, 155.3, 155.3, 155.3, 155.3, 154.7, 155.3, 154.7, 154.7, 154.8, 154.7, 154.8, 154.7, 154.1, 155.3, 154.7, 154.7, 154.8, 154.7, 155.3, 155.3, 155.3, 155.3, 154.7, 155.3, 155.3, 155.3, 155.9, 155.3, 155.3, 155.9, 157.1, 155.9, 155.3, 155.4, 154.2, 154.2, 153.1, 151.9, 151.9, 151.9, 151.3, 151.3, 151.3, 151.3, 150.7, 150.8, 150.6, 150.8, 150.0, 150.7, 149.5, 150.1, 150.0, 150.8, 150.7, 150.8, 151.4, 150.8, 151.4, 151.3, 151.3, 150.8, 150.8, 150.7, 150.1, 149.5, 149.5, 149.0, 148.9, 149.5, 148.2, 148.2, 146.9, 146.9, 147.1, 146.3, 146.3, 146.8, 148.2, 147.7, 146.5, 145.7, 146.3, 145.8, 145.9, 146.1, 146.8, 147.1, 147.2, 147.1, 147.2, 147.3, 147.1, 146.5, 146.5, 146.4, 145.8, 146.4, 145.2, 145.9, 145.8, 145.1, 144.4, 144.2, 143.6, 143.6, 144.2, 144.1, 144.2, 144.8, 144.2, 144.4, 143.6, 144.8, 144.2, 143.8, 143.6, 143.6, 144.1, 144.2, 144.4, 145.7, 145.7, 145.1, 145.7, 144.4, 144.8, 144.1, 143.6, 143.5, 144.2, 143.6, 143.5, 144.2, 144.2, 144.4, 144.2, 144.2, 144.7, 144.7, 144.1, 144.2, 144.2, 144.1, 144.7, 144.1, 144.8, 144.8, 144.2, 144.8, 145.7, 145.8, 145.0, 145.0, 144.4, 145.0, 145.0, 145.0, 145.0, 145.0, 144.8, 144.8, 144.7, 144.1, 143.9, 144.2, 144.1, 144.7, 144.2, 144.8, 145.0, 144.4, 144.8, 145.0, 144.2, 144.8, 144.8, 144.8, 144.8, 145.0, 144.2, 144.1, 144.7, 144.2, 144.7, 144.1, 144.1, 142.2, 142.2, 143.6, 143.9, 143.5, 143.5, 143.5, 143.5, 144.2, 144.1, 143.5, 144.2, 144.1, 144.1, 143.8, 144.4, 143.8, 144.2, 144.4, 145.0, 144.5, 144.4, 145.0, 144.4, 144.4, 144.4, 144.8, 144.4, 145.0, 144.8, 145.0, 144.2, 144.4, 144.8, 144.2, 144.8, 143.9, 142.7, 141.7, 141.6, 142.9, 143.6, 143.5, 144.1, 144.2, 143.8, 144.4, 144.5, 144.4, 145.1, 145.0, 145.8, 145.7, 145.1, 145.5, 145.1, 145.7, 145.7, 145.0, 145.5, 145.0, 144.8, 145.0, 144.2, 144.8, 144.8, 144.8, 145.1, 145.0, 144.2, 144.2, 144.2, 144.8, 144.2, 144.1, 143.6, 144.4, 144.2, 144.8, 144.8, 144.7, 144.1, 144.2, 144.4, 145.5, 145.9, 146.7, 147.7, 148.3, 148.9, 150.0, 150.6, 151.7, 151.2, 151.2, 151.7, 151.8, 151.8, 153.0, 153.5, 153.0, 153.0, 153.5, 153.0, 153.6, 154.2, 154.8, 153.6, 154.2, 154.8, 154.8, 153.6, 154.8, 155.4, 154.8, 155.4, 156.0, 155.4, 155.4, 155.4, 155.4, 156.0, 156.0, 155.9, 156.5, 156.5, 156.0, 156.5, 156.0, 156.5, 156.5, 156.0, 155.9, 156.5, 156.0, 156.5, 156.6, 156.5, 156.5, 156.5, 157.1, 156.0, 156.5, 156.5, 156.0, 156.5, 155.4, 156.0, 156.0, 156.0, 156.0, 156.5, 157.1, 157.1, 156.6, 156.0, 156.5, 156.5, 157.1, 156.0, 157.1, 156.6, 156.6, 156.6, 156.0, 156.0, 156.5, 156.5, 156.5, 156.5, 157.1, 156.5, 155.4, 155.5, 156.0, 155.4, 155.4, 155.4, 155.4, 154.8, 155.4, 155.3, 155.4, 155.5, 154.8, 154.8, 155.4, 156.0, 154.8, 155.4, 154.8, 154.8, 154.3, 154.2, 155.4, 154.8, 155.4, 155.4, 155.4, 155.4, 154.8, 154.8, 155.4, 154.2, 154.8, 154.8, 156.0, 154.8, 154.8, 154.3, 154.3, 154.2, 154.8, 154.8, 154.8, 154.8, 154.2, 154.2, 154.8, 154.2, 154.8, 153.7, 154.2, 154.2, 153.7, 153.6, 153.0, 154.2, 154.2, 153.6, 153.6, 152.4, 152.4, 151.9, 152.4, 151.3, 151.3, 150.7, 149.5, 150.7, 150.6, 150.6, 151.2, 151.1, 150.5, 150.6, 150.5, 150.5, 150.4, 150.5, 151.0, 150.5, 151.1, 151.0, 151.7, 151.6, 150.6, 151.1, 151.7, 151.0, 151.7, 151.7, 151.7, 151.0, 151.1, 150.5, 150.6, 151.1, 151.7, 151.7, 151.1, 151.2, 150.6, 150.6, 150.0, 150.0, 149.3, 148.6, 149.2, 148.5, 148.5, 149.1, 148.0, 147.9, 149.0, 148.6, 148.6, 148.6, 148.6, 149.2, 148.6, 148.6, 148.0, 148.5, 148.7, 148.6, 148.6, 148.6, 149.7, 148.6, 149.1, 148.5, 148.5, 149.1, 149.2, 149.2, 148.6, 149.1, 149.1, 149.1, 149.1, 148.5, 149.1, 148.5, 149.1, 149.1, 148.6, 148.5]"
13,"[166.4, 166.4, 167.6, 168.2, 167.6, 167.0, 168.2, 166.4, 166.4, 165.2, 166.4, 167.6, 167.6, 165.8, 165.8, 166.4, 167.0, 168.2, 167.6, 167.0, 167.0, 167.0, 166.4, 166.4, 166.4, 165.8, 166.4, 165.8, 166.4, 166.4, 166.4, 165.8, 167.0, 167.0, 166.4, 166.4, 166.4, 166.4, 166.4, 166.4, 167.0, 167.6, 166.4, 167.0, 166.4, 167.6, 167.6, 167.0, 167.6, 167.0, 167.0, 167.6, 167.6, 167.0, 168.2, 167.6, 167.6, 167.6, 167.0, 167.0, 166.4, 165.8, 165.8, 167.6, 168.2, 166.4, 166.4, 166.4, 167.6, 167.6, 167.0, 166.4, 165.8, 165.9, 165.9, 165.3, 164.7, 165.3, 165.3, 165.3, 166.4, 167.0, 167.6, 167.6, 167.6, 167.0, 168.2, 167.6, 167.6, 167.6, 167.6, 168.2, 168.2, 168.2, 168.2, 168.2, 167.6, 167.6, 167.6, 167.6, 167.0, 167.0, 167.6, 168.2, 167.6, 167.0, 166.4, 165.3, 164.7, 165.3, 165.3, 164.1, 164.7, 165.3, 164.1, 162.8, 161.6, 160.9, 161.1, 159.8, 161.5, 161.0, 160.4, 161.6, 160.9, 162.2, 161.7, 160.5, 161.0, 161.0, 161.6, 161.6, 162.3, 162.9, 162.3, 162.9, 163.5, 162.3, 163.5, 164.7, 165.2, 166.4, 167.6, 168.2, 167.0, 166.5, 165.9, 165.3, 164.7, 163.4, 164.1, 163.5, 163.5, 162.9, 164.1, 164.0, 164.1, 164.1, 163.4, 163.5, 163.4, 162.9, 162.9, 163.0, 163.4, 162.9, 163.5, 163.4, 163.4, 164.1, 165.8, 166.4, 166.4, 167.0, 165.8, 165.8, 164.1, 164.1, 163.5, 162.9, 162.2, 162.3, 160.5, 161.0, 159.8, 160.3, 159.7, 160.2, 159.6, 159.6, 159.7, 160.3, 159.6, 159.0, 158.9, 159.0, 159.0, 159.6, 158.9, 158.9, 158.3, 158.8, 159.6, 159.0, 159.7, 159.8, 159.7, 159.1, 158.4, 159.6, 159.0, 158.2, 159.0, 158.4, 158.4, 159.0, 158.3, 158.2, 158.1, 157.6, 157.6, 158.0, 157.6, 158.2, 158.2, 158.2, 158.1, 157.6, 158.9, 158.1, 158.1, 157.5, 157.5, 158.1, 158.1, 158.0, 157.5, 157.5, 158.1, 157.4, 157.5, 158.1, 158.1, 158.0, 158.1, 157.4, 157.5, 158.2, 157.5, 157.5, 157.5, 157.5, 157.5, 157.6, 156.9, 157.4, 156.2, 156.8, 156.8, 157.4, 156.9, 157.3, 156.8, 156.2, 156.9, 157.5, 156.8, 156.9, 156.8, 155.7, 156.0, 155.5, 156.2, 156.2, 156.2, 155.4, 156.2, 156.2, 156.2, 155.7, 155.4, 155.5, 156.2, 155.5, 156.2, 156.0, 156.0, 156.0, 156.2, 156.2, 156.2, 155.4, 156.0, 156.0, 156.0, 156.0, 155.4, 155.4, 156.0, 155.4, 155.4, 155.5, 155.4, 155.4, 155.4, 155.9, 155.4, 154.8, 156.8, 156.0, 156.6, 156.8, 156.2, 156.0, 155.4, 155.5, 155.4, 156.0, 155.4, 155.4, 156.0, 155.4, 156.0, 155.4, 155.4, 156.0, 154.9, 156.0, 156.2, 155.4, 155.4, 155.4, 155.4, 155.5, 156.0, 155.4, 155.4, 155.4, 154.8, 155.5, 155.5, 154.8, 155.4, 156.0, 155.4, 155.4, 155.5, 154.9, 155.4, 155.5, 156.0, 156.0, 155.9, 155.4, 156.2, 156.0, 155.5, 156.0, 155.5, 155.4, 155.9, 155.9, 154.8, 155.4, 156.0, 156.2, 155.4, 155.9, 156.0, 155.4, 155.5, 154.8, 155.4, 155.3, 154.8, 155.4, 156.0, 155.4, 156.0, 154.6, 156.0, 155.9, 156.6, 157.4, 157.4, 157.6, 157.5, 157.6, 158.2, 158.3, 159.7, 160.9, 162.3, 163.5, 164.1, 164.6, 165.8, 165.8, 165.3, 165.8, 167.0, 167.0, 167.6, 167.0, 167.0, 167.0, 167.0, 168.2, 168.2, 168.2, 167.0, 167.0, 166.4, 165.8, 165.8, 165.8, 165.8, 164.6, 164.7, 164.7, 164.6, 164.1, 164.0, 164.7, 164.7, 164.6, 164.6, 164.1, 164.1, 164.1, 164.1, 164.1, 164.1, 163.5, 163.5, 163.4, 163.5, 163.5, 164.7, 164.1, 163.5, 163.5, 164.1, 164.1, 164.1, 164.1, 164.1, 164.7, 165.2, 165.2, 165.8, 166.4, 167.0, 167.6, 168.2, 167.6, 167.6, 167.0, 166.4, 165.8, 165.2, 164.6, 164.1, 164.6, 164.0, 164.0, 162.8, 162.1, 160.9, 160.2, 160.2, 159.5, 158.7, 159.5, 159.5, 159.6, 159.6, 158.8, 158.3, 158.2, 158.1, 158.3, 158.2, 158.2, 157.6, 158.2, 157.5, 158.2, 157.6, 158.2, 158.2, 157.5, 157.4, 157.5, 157.5, 157.5, 157.5, 157.5, 157.4, 157.4, 157.5, 158.1, 157.3, 157.5, 157.4, 157.4, 156.9, 156.8, 157.3, 156.6, 157.4, 158.0, 156.8, 158.0, 156.8, 157.4, 156.6, 156.6, 156.9, 156.8, 156.9, 156.6, 156.2, 156.6, 156.0, 156.8, 156.9, 156.8, 157.3, 156.8, 156.0, 156.0, 156.0, 156.0, 156.6, 156.8, 156.6, 156.6, 156.0, 156.5, 156.0, 156.0, 156.0, 156.0, 156.6, 156.2, 156.2, 156.5, 156.6, 156.5, 156.8, 156.8, 156.6, 156.5, 156.2, 156.6, 156.6, 156.5, 156.2, 156.6, 156.8, 155.9, 156.0, 156.0, 155.9, 156.6, 156.0, 156.0, 156.6, 156.6, 155.4, 156.6, 156.0, 156.0, 155.9, 156.5, 156.6, 156.6, 156.0, 156.5, 156.6, 156.0, 155.9, 156.6, 156.5, 156.0, 156.0, 156.6, 156.6, 156.0, 156.0, 156.6, 156.2, 156.0, 156.6, 156.6, 156.6, 156.0, 156.2, 156.6]"
13,"[158.4, 158.4, 157.7, 158.7, 157.7, 157.6, 158.1, 157.7, 157.3, 156.7, 156.7, 156.4, 157.3, 156.1, 157.1, 157.3, 156.7, 156.7, 156.5, 156.5, 156.5, 157.1, 156.1, 155.8, 155.5, 156.7, 156.5, 156.8, 156.7, 157.3, 156.4, 156.7, 156.5, 156.5, 156.7, 156.5, 157.1, 156.7, 156.5, 156.4, 157.1, 156.5, 156.5, 156.7, 156.1, 156.1, 156.1, 156.7, 156.7, 156.7, 157.1, 156.8, 157.3, 156.7, 156.7, 156.8, 156.7, 156.7, 157.3, 156.7, 156.8, 156.7, 156.7, 157.1, 157.3, 157.1, 156.8, 157.4, 157.3, 156.7, 157.3, 157.8, 156.7, 157.1, 156.7, 156.1, 156.5, 156.7, 156.7, 156.7, 157.3, 156.7, 157.4, 158.1, 157.8, 157.5, 158.0, 158.4, 158.0, 159.1, 158.0, 159.2, 158.1, 158.7, 158.0, 158.5, 158.0, 157.8, 158.0, 158.6, 159.1, 159.8, 159.2, 159.2, 159.1, 159.2, 159.7, 159.7, 159.7, 158.0, 159.8, 159.8, 160.4, 161.1, 161.7, 162.9, 162.9, 164.6, 165.3, 165.8, 165.8, 166.4, 166.4, 166.4, 167.0, 167.0, 168.2, 167.6, 167.6, 166.4, 166.4, 165.8, 166.4, 165.8, 165.3, 164.7, 164.7, 165.8, 165.8, 164.7, 164.7, 164.7, 164.1, 164.1, 164.1, 164.1, 164.7, 163.5, 163.5, 163.5, 164.1, 163.5, 164.0, 163.5, 163.5, 164.0, 162.9, 163.0, 162.9, 162.9, 162.9, 162.3, 161.1, 161.0, 161.6, 161.0, 160.3, 160.3, 159.7, 159.0, 159.6, 158.9, 159.6, 158.9, 158.7, 158.7, 158.3, 158.2, 158.8, 158.2, 158.7, 158.8, 158.7, 158.3, 159.6, 158.2, 158.8, 158.2, 158.1, 158.2, 157.5, 158.1, 157.5, 157.4, 157.5, 157.5, 157.5, 157.5, 157.4, 157.4, 158.1, 158.1, 158.2, 158.0, 158.1, 158.1, 158.1, 158.2, 158.1, 158.8, 158.8, 159.6, 158.7, 158.6, 158.8, 158.6, 158.0, 158.0, 158.2, 158.8, 158.9, 158.8, 158.9, 158.9, 158.7, 158.7, 158.7, 158.2, 158.7, 158.1, 158.1, 157.6, 158.1, 158.2, 158.2, 158.2, 158.2, 158.8, 158.3, 158.2, 158.1, 157.6, 158.2, 157.6, 158.1, 158.2, 158.2, 158.2, 158.2, 158.2, 158.2, 157.6, 157.6, 157.6, 158.1, 158.2, 158.2, 156.8, 157.5, 158.8, 158.2, 158.2, 158.1, 157.6, 158.1, 158.1, 157.6, 157.6, 156.8, 156.9, 156.9, 157.0, 156.8, 157.6, 157.1, 157.6, 156.9, 157.6, 157.6, 156.9, 157.6, 157.6, 157.5, 156.9, 157.7, 157.6, 157.0, 156.9, 157.6, 156.8, 157.0, 157.4, 157.7, 157.5, 157.0, 156.8, 157.6, 157.6, 156.8, 157.6, 157.5, 158.0, 157.6, 156.8, 157.6, 157.5, 157.4, 157.4, 156.9, 157.4, 157.5, 157.6, 157.5, 156.8, 156.9, 156.8, 157.6, 157.6, 157.5, 157.6, 157.0, 157.5, 157.0, 157.6, 157.0, 158.2, 158.2, 158.2, 158.1, 157.6, 156.9, 157.6, 157.5, 157.1, 156.9, 157.5, 157.5, 158.2, 157.6, 157.4, 157.5, 157.6, 157.7, 157.7, 157.5, 157.5, 156.9, 157.5, 157.6, 157.0, 157.6, 157.0, 157.7, 157.7, 157.6, 158.2, 157.1, 157.6, 156.9, 157.6, 157.6, 158.2, 158.2, 157.7, 158.8, 158.7, 159.6, 159.6, 160.3, 160.2, 160.4, 162.2, 163.5, 164.1, 165.9, 167.0, 167.6, 168.2, 167.0, 166.4, 165.9, 165.8, 165.2, 165.8, 165.8, 165.8, 165.2, 165.2, 164.0, 164.6, 164.7, 163.4, 162.9, 162.9, 162.3, 162.9, 161.6, 161.1, 160.4, 160.4, 159.2, 159.1, 159.2, 159.1, 158.6, 158.4, 157.8, 157.8, 157.3, 157.4, 156.5, 157.4, 157.4, 157.1, 157.1, 157.3, 156.7, 155.9, 156.7, 156.5, 155.9, 157.3, 156.7, 157.3, 156.1, 156.7, 156.8, 156.7, 156.8, 157.4, 157.4, 157.8, 157.4, 159.1, 158.0, 157.4, 157.4, 158.0, 157.4, 157.5, 158.0, 159.2, 159.9, 159.9, 159.9, 161.1, 161.2, 161.2, 161.2, 161.7, 163.0, 163.5, 164.1, 164.7, 164.1, 164.1, 164.7, 164.7, 164.7, 164.7, 164.1, 164.7, 165.8, 165.3, 165.3, 165.8, 166.4, 165.8, 167.0, 167.0, 167.0, 167.0, 167.6, 167.6, 167.6, 167.6, 167.6, 167.6, 168.2, 168.2, 168.2, 167.6, 167.0, 167.0, 167.0, 165.8, 167.0, 167.0, 167.0, 167.0, 166.4, 166.4, 167.0, 166.4, 166.5, 165.8, 166.4, 166.4, 165.8, 165.8, 165.8, 165.3, 165.3, 165.3, 164.7, 164.7, 164.7, 164.0, 164.1, 164.7, 164.1, 164.0, 163.4, 163.4, 163.4, 163.5, 163.4, 163.4, 163.4, 163.4, 163.4, 162.8, 162.2, 162.2, 162.2, 161.6, 162.1, 161.6, 161.6, 161.0, 160.9, 160.9, 160.4, 160.9, 161.1, 161.0, 161.5, 161.0, 161.5, 160.9, 160.9, 160.2, 160.3, 161.5, 160.2, 161.0, 160.3, 161.0, 160.9, 161.1, 160.4, 160.4, 161.0, 160.3, 160.3, 160.9, 160.4, 160.9, 160.9, 160.9, 160.4, 161.1, 160.9, 161.0, 160.9, 160.9, 160.9, 160.9, 160.3, 160.2, 159.6, 159.6, 159.6, 160.7, 160.2, 161.3, 160.2, 160.2, 160.8, 160.7, 160.2, 160.3, 160.9, 161.0, 161.7, 161.5, 161.0, 161.0, 160.9, 160.9, 160.8, 160.7, 160.8, 160.8, 160.8, 160.2, 160.8, 159.6, 159.6, 159.6]"
13,"[164.6, 162.7, 163.9, 163.2, 162.7, 162.7, 162.7, 162.8, 163.4, 163.5, 164.1, 163.5, 164.1, 164.0, 164.1, 164.7, 164.7, 165.3, 165.8, 166.5, 167.0, 167.6, 167.6, 167.6, 168.2, 168.2, 167.6, 167.0, 167.0, 167.0, 167.0, 167.0, 167.6, 167.6, 167.6, 167.0, 167.0, 167.0, 167.6, 167.0, 167.0, 167.0, 166.4, 166.4, 166.4, 167.0, 167.0, 167.0, 167.6, 167.0, 167.0, 167.0, 167.0, 167.6, 168.2, 167.6, 167.6, 167.6, 167.6, 167.0, 166.4, 167.6, 167.0, 167.6, 167.6, 167.6, 167.6, 167.6, 167.0, 167.0, 166.4, 165.8, 165.3, 165.3, 165.9, 166.4, 165.8, 165.9, 165.8, 165.3, 165.2, 165.3, 165.2, 165.3, 165.3, 165.9, 165.2, 165.8, 165.8, 165.8, 166.5, 167.0, 167.0, 165.8, 166.4, 166.4, 166.5, 166.4, 167.0, 166.4, 165.8, 166.4, 165.9, 166.4, 166.5, 166.4, 167.6, 167.0, 167.0, 166.4, 165.9, 165.3, 165.3, 165.9, 167.6, 167.6, 168.2, 167.6, 167.0, 167.6, 167.0, 166.4, 167.0, 166.5, 166.5, 166.5, 165.8, 164.7, 164.7, 164.7, 164.1, 163.0, 162.9, 162.3, 162.3, 161.6, 162.2, 161.0, 161.0, 161.0, 161.5, 160.3, 160.2, 160.2, 160.3, 160.2, 159.7, 159.6, 159.6, 158.9, 159.6, 158.9, 158.3, 158.9, 157.8, 159.0, 159.0, 159.6, 159.0, 160.3, 160.3, 160.2, 159.7, 159.7, 159.7, 159.7, 159.1, 159.0, 159.6, 158.9, 158.4, 158.9, 158.9, 158.8, 158.8, 158.8, 158.8, 158.1, 157.9, 157.4, 158.0, 158.0, 157.4, 158.7, 158.1, 157.5, 158.1, 158.2, 157.5, 157.5, 158.7, 158.1, 158.2, 158.1, 158.2, 158.1, 158.8, 158.2, 158.8, 158.1, 158.1, 158.8, 158.2, 158.1, 158.1, 158.1, 157.6, 158.2, 158.2, 158.2, 158.7, 158.2, 158.1, 158.8, 158.1, 158.2, 157.5, 158.8, 158.2, 158.2, 157.4, 157.5, 157.4, 158.2, 157.5, 157.0, 157.6, 158.2, 157.6, 158.2, 157.7, 158.2, 157.6, 158.8, 158.2, 158.3, 158.2, 157.5, 157.5, 157.6, 157.5, 157.6, 157.6, 158.1, 156.8, 157.5, 158.0, 158.2, 157.5, 157.5, 157.5, 158.2, 157.5, 157.5, 157.5, 157.5, 157.6, 158.0, 158.2, 157.6, 158.2, 157.5, 157.6, 158.2, 158.2, 158.1, 157.5, 158.1, 157.5, 157.6, 157.6, 157.6, 158.2, 157.5, 158.2, 157.4, 158.1, 157.6, 157.5, 157.6, 157.4, 156.8, 157.4, 157.6, 157.6, 156.8, 157.0, 157.5, 157.0, 157.1, 157.6, 157.0, 157.5, 157.6, 156.9, 157.6, 157.5, 157.7, 158.8, 157.6, 157.6, 157.5, 157.7, 157.7, 158.8, 158.2, 157.6, 158.2, 157.5, 157.6, 157.6, 157.6, 157.0, 157.6, 157.0, 158.2, 156.9, 157.6, 158.2, 157.0, 157.6, 157.5, 157.7, 157.6, 158.2, 157.7, 157.6, 157.6, 157.6, 158.2, 157.6, 157.5, 158.2, 158.3, 157.7, 158.2, 157.7, 157.6, 157.6, 158.8, 158.2, 157.6, 158.3, 158.2, 158.2, 158.3, 158.2, 158.2, 158.2, 158.3, 157.5, 157.6, 158.3, 157.7, 157.7, 158.2, 158.2, 158.2, 158.2, 157.6, 158.3, 158.3, 158.2, 158.3, 158.2, 158.2, 158.2, 157.6, 157.6, 158.2, 157.6, 158.3, 158.8, 159.7, 161.5, 163.4, 165.3, 167.6, 168.2, 167.0, 167.0, 167.0, 165.8, 164.6, 164.0, 163.4, 163.5, 162.9, 162.3, 162.9, 162.3, 161.7, 162.9, 161.1, 162.2, 161.7, 161.0, 161.0, 160.3, 161.1, 160.5, 161.0, 160.5, 159.8, 160.4, 159.7, 159.7, 158.6, 159.1, 159.7, 159.1, 159.1, 158.5, 159.1, 159.2, 158.6, 159.1, 158.5, 158.5, 158.6, 159.2, 158.1, 159.2, 158.6, 158.5, 158.0, 157.4, 158.0, 157.4, 158.1, 157.8, 157.8, 158.0, 158.6, 159.2, 159.2, 159.2, 159.9, 160.5, 160.4, 161.1, 160.5, 161.1, 161.1, 161.1, 161.7, 161.2, 161.1, 161.7, 162.3, 162.9, 163.5, 163.5, 164.1, 164.7, 165.8, 167.0, 168.2, 167.6, 167.6, 167.0, 167.0, 165.3, 165.2, 165.8, 165.3, 164.7, 164.1, 162.9, 163.4, 163.4, 163.4, 163.5, 164.6, 164.7, 164.6, 164.7, 164.6, 164.6, 164.1, 164.0, 163.4, 162.9, 163.5, 163.5, 163.4, 162.9, 162.9, 162.2, 161.7, 162.2, 161.7, 161.0, 162.3, 162.2, 162.3, 162.2, 161.6, 162.9, 163.5, 165.3, 164.6, 164.6, 164.7, 164.1, 164.0, 164.0, 164.1, 164.1, 164.0, 163.4, 164.1, 163.4, 162.9, 162.9, 162.9, 162.2, 162.2, 160.9, 160.9, 160.9, 160.2, 160.9, 160.2, 160.8, 160.0, 159.6, 159.6, 159.6, 159.7, 159.6, 159.6, 160.2, 160.9, 161.5, 160.9, 160.9, 160.8, 160.8, 160.2, 160.9, 160.6, 160.1, 160.2, 160.2, 160.2, 160.8, 160.2, 160.2, 160.2, 160.2, 160.8, 160.2, 160.8, 160.7, 160.1, 160.8, 160.2, 160.3, 160.9, 160.9, 160.2, 160.3, 161.0, 160.9, 160.4, 160.3, 160.2, 160.3, 159.7, 160.2, 160.2, 160.2, 160.2, 160.2, 160.3, 160.3, 160.3, 161.0, 162.3, 162.2, 162.3, 161.7, 161.6, 161.1, 161.0, 160.4, 161.0, 160.9, 160.3, 160.3, 160.3, 160.2, 160.2, 160.9, 160.1, 160.2, 160.2, 160.9, 160.9]"
13,"[167.0, 163.9, 163.3, 161.4, 160.8, 160.8, 161.4, 161.6, 161.5, 161.6, 162.2, 162.3, 162.9, 163.5, 164.7, 164.6, 165.3, 166.5, 166.4, 167.0, 167.6, 168.2, 168.2, 168.2, 168.2, 167.6, 167.0, 167.0, 167.0, 167.0, 167.6, 167.6, 167.6, 168.2, 167.6, 167.6, 167.6, 167.6, 167.6, 167.0, 167.0, 167.0, 167.6, 167.0, 167.0, 167.0, 167.0, 166.4, 164.1, 161.5, 159.0, 158.8, 157.6, 157.4, 158.0, 158.7, 159.6, 160.9, 162.9, 163.5, 164.7, 164.7, 165.8, 167.0, 167.6, 167.0, 167.6, 168.2, 168.2, 168.2, 168.2, 168.2, 167.6, 168.2, 168.2, 167.6, 167.6, 168.2, 167.6, 167.6, 168.2, 168.2, 168.2, 168.2, 168.2, 168.2, 168.2, 168.2, 167.6, 167.6, 168.2, 168.2, 167.0, 166.4, 164.6, 162.3, 160.2, 160.9, 159.6, 160.1, 159.6, 160.2, 160.9, 160.2, 160.2, 160.9, 161.5, 161.6, 161.6, 160.9, 161.6, 161.6, 161.5, 161.7, 160.9, 161.0, 160.9, 162.1, 161.5, 162.2, 163.4, 164.0, 164.0, 164.0, 164.6, 164.7, 165.3, 165.9, 165.9, 167.0, 166.4, 166.4, 167.0, 167.0, 167.6, 167.0, 166.5, 167.0, 167.0, 165.3, 165.3, 163.5, 162.9, 162.2, 160.9, 160.9, 160.3, 160.3, 160.2, 159.6, 159.6, 159.6, 160.2, 159.6, 159.6, 159.6, 159.1, 160.2, 159.5, 159.6, 160.2, 159.6, 160.2, 160.2, 160.3, 160.2, 160.9, 161.6, 161.5, 162.2, 161.5, 162.2, 162.1, 161.6, 160.9, 160.9, 160.3, 160.2, 160.2, 160.2, 159.6, 159.6, 159.6, 159.6, 159.6, 160.1, 159.6, 158.8, 156.9, 155.7, 155.4, 154.9, 154.9, 155.5, 154.8, 155.4, 154.8, 154.6, 155.5, 155.7, 156.3, 157.6, 158.2, 158.2, 158.2, 158.9, 158.2, 157.5, 157.7, 158.2, 157.8, 158.3, 158.3, 158.9, 158.3, 158.3, 158.9, 158.8, 158.9, 157.6, 157.7, 157.7, 157.6, 158.8, 157.7, 157.8, 157.7, 158.2, 157.6, 157.1, 157.1, 157.7, 158.4, 158.3, 159.6, 158.3, 159.5, 158.8, 158.8, 158.3, 158.3, 158.3, 158.9, 157.6, 158.8, 158.4, 158.9, 158.3, 158.3, 158.3, 157.7, 158.3, 158.3, 158.3, 158.9, 157.8, 158.3, 158.2, 158.2, 158.4, 157.7, 157.8, 157.7, 157.1, 157.7, 157.7, 157.6, 157.6, 158.2, 157.6, 157.7, 158.3, 157.6, 158.3, 157.8, 157.7, 157.7, 157.7, 157.7, 157.6, 158.3, 157.7, 158.3, 157.1, 158.3, 158.3, 158.3, 158.3, 158.3, 158.3, 158.9, 158.3, 157.8, 158.2, 158.8, 158.9, 158.2, 158.3, 157.7, 158.9, 158.3, 157.7, 158.8, 158.3, 158.2, 159.0, 158.9, 158.8, 158.3, 157.6, 158.2, 158.2, 158.2, 157.7, 157.7, 158.3, 157.7, 157.7, 157.7, 158.2, 158.9, 158.3, 158.8, 158.9, 158.2, 158.3, 158.3, 158.8, 158.2, 158.3, 158.2, 158.9, 158.3, 158.3, 158.1, 157.7, 157.7, 158.3, 158.3, 158.3, 158.3, 158.9, 158.3, 158.2, 158.2, 158.3, 158.2, 157.7, 157.7, 158.1, 157.7, 157.7, 158.3, 157.7, 157.6, 157.6, 157.7, 157.7, 157.1, 157.7, 157.7, 157.7, 157.6, 157.7, 157.6, 157.6, 157.6, 157.5, 157.6, 157.7, 158.8, 158.3, 157.6, 157.7, 158.3, 157.7, 157.7, 157.6, 158.2, 158.2, 158.8, 160.2, 161.5, 163.3, 164.6, 167.6, 168.2, 167.6, 167.0, 166.4, 165.8, 165.8, 164.0, 163.5, 163.4, 162.9, 162.9, 162.2, 162.1, 160.9, 160.9, 160.3, 160.9, 160.4, 161.0, 160.9, 160.3, 161.5, 160.9, 160.9, 160.3, 160.4, 160.2, 159.7, 159.7, 159.1, 159.0, 158.4, 158.0, 158.5, 158.4, 159.1, 159.7, 160.3, 158.5, 159.1, 158.4, 158.0, 158.0, 158.0, 157.4, 158.6, 159.2, 158.5, 158.0, 157.3, 157.0, 157.3, 157.3, 157.4, 157.8, 157.3, 156.8, 156.8, 157.4, 157.3, 157.8, 157.8, 158.1, 156.2, 157.4, 157.4, 157.4, 158.0, 158.5, 159.7, 159.2, 159.1, 159.2, 159.8, 160.5, 159.7, 159.9, 160.4, 160.3, 160.4, 159.8, 160.9, 161.0, 161.0, 160.9, 161.0, 161.1, 161.6, 161.7, 162.9, 163.5, 163.5, 164.0, 164.7, 163.5, 164.1, 164.6, 164.0, 164.7, 164.6, 164.6, 164.0, 164.6, 165.2, 165.2, 165.8, 165.8, 166.4, 167.0, 166.4, 166.4, 167.0, 167.0, 167.0, 167.0, 167.0, 167.6, 167.6, 167.6, 168.2, 167.6, 168.2, 167.6, 167.6, 167.6, 167.6, 167.6, 167.6, 167.6, 166.4, 166.4, 166.4, 166.4, 166.4, 165.3, 165.3, 165.2, 164.6, 165.2, 164.0, 165.3, 164.7, 164.6, 164.6, 164.0, 164.0, 164.6, 164.6, 164.6, 164.6, 164.0, 164.0, 164.0, 164.1, 164.1, 164.1, 164.0, 163.4, 164.6, 164.0, 164.1, 164.6, 163.4, 164.0, 163.4, 164.0, 162.7, 162.8, 162.3, 162.8, 162.8, 162.8, 161.6, 161.5, 162.1, 161.5, 161.6, 161.5, 160.9, 160.9, 161.5, 161.0, 161.6, 161.6, 162.3, 161.6, 161.6, 162.2, 161.5, 160.9, 160.3, 159.6, 160.2, 160.2, 160.2, 159.6, 160.2, 159.6, 159.6, 160.2, 160.2, 159.6, 159.6, 159.0, 158.9, 158.9, 159.6, 159.6, 159.6, 159.6, 159.6, 158.7, 158.9, 158.9]"
13,"[162.6, 161.5, 161.4, 163.2, 162.1, 162.2, 160.8, 160.2, 160.3, 160.4, 159.1, 159.2, 159.7, 159.2, 160.2, 160.3, 160.9, 160.9, 160.9, 160.3, 159.8, 159.8, 159.7, 161.0, 161.1, 161.1, 160.5, 161.1, 161.6, 159.1, 159.0, 158.5, 159.2, 158.5, 159.7, 159.7, 159.6, 160.3, 161.7, 162.3, 164.1, 165.8, 164.0, 162.9, 162.9, 162.3, 161.0, 161.6, 161.7, 161.1, 161.0, 161.0, 160.4, 159.2, 158.0, 158.6, 157.1, 157.3, 156.8, 156.1, 157.3, 155.9, 157.3, 157.8, 156.5, 156.5, 155.3, 155.9, 156.5, 156.1, 155.9, 155.9, 155.5, 155.9, 155.3, 155.3, 155.5, 155.3, 155.3, 154.8, 154.9, 155.3, 155.2, 154.8, 154.8, 155.3, 155.3, 155.3, 155.3, 155.3, 155.3, 155.9, 156.1, 155.3, 155.8, 155.3, 155.3, 155.9, 155.5, 155.3, 156.1, 155.9, 155.3, 156.5, 155.6, 155.8, 156.5, 155.9, 155.8, 156.7, 156.7, 156.5, 156.5, 157.3, 157.3, 156.7, 157.3, 158.0, 157.3, 157.3, 157.4, 157.4, 158.0, 158.0, 158.0, 158.0, 157.7, 158.0, 159.0, 160.9, 161.7, 162.3, 162.9, 162.9, 164.1, 165.2, 165.8, 167.0, 167.0, 167.6, 167.6, 168.2, 168.2, 167.6, 167.6, 167.6, 168.2, 167.6, 167.6, 167.6, 167.6, 167.0, 166.4, 165.8, 165.2, 165.2, 164.1, 165.2, 165.8, 164.7, 164.6, 164.6, 164.0, 165.3, 165.8, 165.8, 165.9, 167.0, 166.4, 166.5, 168.2, 168.2, 167.6, 168.2, 167.6, 167.0, 167.0, 167.0, 167.0, 166.4, 165.8, 165.3, 165.8, 167.6, 165.8, 165.9, 165.8, 164.1, 165.3, 164.1, 164.6, 165.2, 164.6, 164.0, 164.6, 164.6, 164.6, 165.2, 164.6, 163.9, 164.6, 163.3, 162.7, 162.7, 162.2, 162.2, 161.5, 161.5, 162.1, 162.1, 161.5, 160.9, 161.5, 160.9, 160.9, 161.5, 161.4, 160.9, 161.4, 161.5, 161.5, 160.9, 162.1, 160.9, 160.9, 162.1, 162.0, 161.5, 161.5, 162.1, 161.5, 161.5, 161.6, 161.5, 161.5, 161.4, 161.5, 160.9, 162.1, 162.1, 161.5, 161.5, 161.0, 160.9, 160.3, 160.8, 160.9, 160.3, 160.2, 160.2, 160.2, 160.8, 160.8, 160.2, 160.9, 160.9, 160.9, 160.9, 160.9, 160.9, 160.8, 160.2, 160.2, 158.9, 157.8, 155.7, 155.9, 155.7, 154.6, 155.3, 155.3, 156.4, 157.6, 158.3, 158.3, 158.4, 159.0, 158.9, 159.0, 158.4, 158.9, 159.0, 159.6, 159.6, 160.2, 160.2, 159.6, 159.0, 159.5, 160.2, 160.9, 161.6, 160.9, 161.5, 160.9, 160.2, 161.5, 160.9, 160.9, 161.0, 160.9, 160.9, 160.9, 161.0, 160.4, 160.9, 160.9, 160.9, 160.3, 160.2, 160.9, 161.0, 160.9, 161.5, 160.2, 160.9, 160.2, 160.9, 160.2, 160.2, 160.2, 160.2, 160.9, 160.2, 160.9, 160.9, 160.9, 160.9, 161.4, 160.9, 160.9, 160.8, 160.2, 160.3, 159.5, 160.2, 159.6, 159.6, 159.0, 159.6, 159.6, 159.6, 160.2, 160.8, 160.2, 160.8, 160.8, 160.2, 160.2, 160.2, 160.9, 160.2, 160.8, 160.9, 160.2, 160.2, 160.9, 161.5, 160.2, 160.2, 160.3, 160.9, 161.4, 160.9, 160.9, 160.9, 161.5, 160.2, 160.9, 162.1, 162.1, 162.3, 163.3, 164.6, 166.4, 167.6, 167.6, 168.2, 166.9, 165.7, 165.0, 165.7, 165.0, 166.3, 166.3, 165.6, 165.6, 165.0, 165.6, 163.8, 163.8, 163.2, 163.2, 162.6, 162.6, 162.7, 162.7, 162.0, 161.3, 160.2, 160.7, 160.3, 159.6, 159.0, 159.5, 158.3, 158.3, 157.1, 157.3, 157.3, 156.4, 155.8, 155.8, 155.9, 156.4, 155.8, 155.8, 155.8, 155.2, 156.5, 154.6, 155.8, 155.2, 155.8, 155.2, 156.5, 156.5, 156.5, 155.9, 155.3, 155.9, 155.9, 155.2, 155.8, 155.2, 155.2, 155.2, 155.8, 155.2, 154.6, 155.9, 155.8, 155.2, 155.2, 155.2, 155.2, 155.2, 155.2, 155.3, 155.8, 155.2, 155.9, 155.9, 155.9, 156.1, 155.8, 156.1, 155.9, 156.7, 156.7, 156.7, 157.7, 157.4, 158.4, 159.7, 160.4, 160.5, 159.7, 160.5, 161.1, 160.5, 160.5, 160.4, 160.4, 161.7, 161.7, 161.7, 162.2, 162.3, 162.9, 162.3, 162.9, 161.7, 162.3, 162.9, 162.9, 162.3, 162.8, 164.0, 164.1, 166.4, 166.4, 165.8, 165.8, 165.3, 164.6, 165.8, 166.4, 167.0, 167.0, 167.6, 167.6, 167.6, 168.2, 168.2, 168.2, 168.2, 168.2, 168.2, 167.6, 167.6, 168.2, 167.6, 168.2, 168.2, 167.6, 168.2, 168.2, 167.6, 167.6, 167.6, 167.6, 167.6, 168.2, 167.6, 167.6, 167.6, 167.0, 166.4, 167.0, 167.0, 167.6, 167.6, 167.6, 167.6, 168.2, 167.6, 167.6, 168.2, 168.2, 168.2, 167.0, 166.5, 165.3, 165.3, 165.3, 164.7, 164.7, 165.8, 165.8, 166.4, 165.8, 165.8, 167.0, 165.8, 165.8, 165.3, 165.3, 164.1, 164.0, 164.1, 163.5, 164.1, 164.0, 164.7, 164.7, 164.1, 164.1, 164.1, 163.5, 164.1, 163.5, 163.5, 163.4, 162.2, 162.9, 162.7, 163.4, 162.2, 162.9, 162.9, 163.4, 162.7, 162.9, 162.8, 162.8, 162.8, 162.9, 163.4, 162.2, 162.3, 162.8, 162.2, 161.5, 160.2, 158.6, 158.0, 157.5, 157.4, 157.3]"
13,"[162.1, 160.2, 159.4, 159.0, 158.9, 158.9, 159.5, 159.6, 160.2, 160.9, 160.8, 160.8, 160.9, 160.9, 160.9, 160.9, 160.9, 160.9, 160.9, 160.9, 160.9, 160.9, 160.9, 160.8, 160.9, 160.9, 160.9, 160.9, 160.3, 160.8, 160.2, 160.9, 160.3, 160.8, 160.9, 160.9, 160.9, 160.9, 160.9, 160.9, 160.9, 160.9, 161.0, 161.5, 160.9, 160.9, 160.4, 160.9, 160.9, 160.9, 161.0, 161.5, 160.9, 161.0, 161.0, 160.9, 161.0, 160.9, 160.3, 160.9, 160.8, 160.9, 160.8, 160.9, 160.8, 160.2, 159.6, 159.5, 159.5, 158.7, 159.4, 159.5, 160.2, 158.9, 160.2, 160.2, 160.2, 160.9, 160.2, 160.2, 160.2, 159.6, 160.2, 159.6, 159.6, 160.1, 159.5, 160.2, 159.6, 160.2, 160.2, 159.5, 160.2, 160.2, 159.6, 159.6, 160.1, 158.9, 160.2, 159.6, 159.5, 158.7, 159.3, 159.5, 160.1, 159.5, 159.6, 159.6, 159.6, 158.7, 159.4, 159.5, 159.4, 158.8, 159.5, 160.0, 158.8, 159.5, 159.5, 159.6, 160.2, 160.2, 160.3, 159.6, 159.5, 158.8, 159.4, 159.5, 159.6, 159.5, 159.4, 158.9, 159.6, 159.6, 158.9, 158.8, 158.1, 158.1, 158.8, 158.2, 158.9, 158.9, 158.9, 158.9, 158.9, 158.9, 158.9, 158.9, 158.3, 158.9, 158.9, 158.9, 159.6, 158.9, 158.4, 158.3, 159.6, 158.8, 159.6, 159.6, 159.6, 159.6, 159.6, 159.5, 158.8, 159.6, 159.6, 159.6, 159.6, 159.5, 159.6, 160.2, 159.6, 159.6, 159.0, 158.9, 158.9, 158.9, 158.9, 158.5, 158.4, 159.0, 158.9, 158.4, 158.4, 159.0, 158.9, 158.9, 158.4, 158.4, 159.0, 159.0, 159.0, 159.6, 158.4, 158.4, 159.0, 158.3, 159.0, 158.3, 159.0, 158.3, 158.4, 157.8, 158.3, 158.4, 158.3, 158.4, 158.4, 158.4, 158.4, 158.3, 157.8, 157.7, 158.4, 158.3, 158.4, 158.4, 158.4, 158.4, 158.4, 158.3, 158.4, 158.4, 158.3, 158.3, 158.4, 158.4, 158.3, 158.4, 158.3, 158.4, 159.0, 158.9, 159.0, 159.0, 159.0, 159.0, 159.0, 159.0, 158.9, 159.0, 159.0, 159.6, 158.4, 159.0, 158.4, 159.0, 158.3, 159.0, 158.3, 158.4, 158.9, 158.4, 159.0, 159.1, 158.4, 159.0, 159.0, 159.0, 158.9, 159.0, 158.4, 159.0, 158.4, 159.0, 159.6, 158.4, 158.4, 159.0, 159.0, 158.4, 159.1, 159.0, 159.0, 158.4, 158.4, 158.4, 159.0, 158.4, 158.4, 158.9, 158.4, 159.0, 158.4, 159.1, 159.0, 159.0, 158.4, 158.4, 158.4, 158.3, 158.3, 159.0, 158.3, 158.3, 158.3, 158.4, 158.4, 159.0, 159.6, 159.1, 159.0, 159.6, 159.1, 159.0, 159.0, 159.0, 159.0, 159.0, 159.0, 159.6, 158.4, 158.4, 158.4, 159.1, 159.0, 158.9, 159.0, 158.4, 159.1, 159.0, 159.1, 159.0, 159.0, 158.4, 158.3, 159.0, 159.0, 159.0, 158.4, 159.0, 159.6, 159.0, 159.7, 159.6, 159.0, 159.0, 159.1, 159.6, 159.0, 159.6, 159.0, 159.0, 159.0, 159.7, 158.4, 159.0, 159.6, 159.6, 158.5, 159.7, 158.9, 159.6, 159.1, 159.7, 158.5, 159.1, 159.8, 159.1, 159.0, 159.6, 159.6, 159.0, 159.7, 159.0, 159.0, 159.6, 159.6, 159.1, 159.0, 160.2, 160.9, 162.1, 162.3, 164.0, 165.2, 167.0, 167.6, 167.6, 167.0, 167.0, 165.2, 166.4, 166.5, 166.4, 165.8, 165.2, 165.8, 165.8, 165.9, 164.7, 164.6, 163.4, 163.5, 162.9, 163.4, 162.3, 162.9, 161.7, 162.3, 162.4, 160.5, 161.1, 160.5, 160.4, 160.4, 160.5, 160.0, 159.8, 159.9, 159.8, 159.9, 159.7, 159.8, 159.8, 159.8, 159.9, 159.9, 159.2, 160.4, 159.3, 158.7, 159.3, 158.7, 158.1, 158.1, 158.1, 158.1, 157.7, 158.2, 157.4, 158.1, 157.8, 157.4, 157.4, 158.1, 158.0, 158.5, 159.1, 159.0, 158.7, 158.8, 158.4, 158.5, 159.2, 158.1, 158.5, 159.0, 159.6, 160.2, 160.2, 161.5, 161.6, 162.2, 162.7, 162.8, 163.4, 162.8, 163.4, 162.7, 163.4, 162.8, 163.4, 163.4, 162.9, 164.0, 163.4, 162.8, 163.3, 163.4, 164.0, 164.0, 164.6, 164.6, 165.2, 165.2, 165.2, 165.8, 166.4, 166.4, 166.4, 165.8, 166.4, 167.0, 167.0, 167.6, 168.2, 168.2, 168.2, 168.2, 167.6, 168.2, 168.2, 168.2, 167.0, 167.0, 166.5, 165.9, 165.8, 165.3, 165.3, 164.7, 164.7, 165.3, 165.3, 165.3, 165.3, 164.7, 164.7, 165.3, 165.3, 165.2, 165.3, 164.7, 164.7, 164.7, 165.3, 165.3, 164.7, 164.7, 164.7, 164.7, 164.7, 164.1, 164.7, 164.1, 164.1, 164.1, 164.1, 164.1, 164.1, 163.4, 163.4, 162.9, 163.5, 162.9, 163.0, 162.9, 162.9, 162.9, 162.8, 162.9, 162.9, 162.9, 162.9, 162.3, 162.3, 162.3, 162.3, 161.7, 162.3, 162.3, 162.3, 161.7, 162.3, 162.9, 162.9, 162.9, 162.9, 162.9, 162.8, 162.3, 162.3, 162.3, 161.7, 162.3, 161.6, 162.2, 162.3, 162.2, 162.2, 162.3, 162.2, 162.3, 162.3, 162.3, 162.2, 162.1, 161.6, 162.1, 162.3, 162.9, 162.8, 163.4, 162.9, 162.3, 162.2, 162.3, 162.8, 162.9, 162.3, 162.2, 162.2, 162.3, 162.2, 161.5, 161.6, 162.2, 161.5]"
13,"[158.6, 156.6, 157.4, 156.2, 155.4, 156.3, 155.5, 156.2, 155.9, 154.9, 154.3, 154.9, 155.8, 154.9, 156.3, 156.4, 156.3, 156.2, 156.2, 156.9, 156.9, 156.9, 156.9, 156.9, 156.8, 156.9, 156.9, 156.4, 157.0, 156.9, 156.9, 156.9, 156.2, 156.2, 154.8, 154.9, 154.8, 154.8, 155.4, 154.8, 156.2, 155.5, 156.3, 156.9, 157.0, 158.8, 159.7, 160.3, 160.3, 160.9, 160.2, 160.2, 159.7, 158.8, 159.6, 160.3, 160.3, 160.3, 159.7, 160.3, 160.2, 160.2, 158.8, 159.5, 157.6, 157.6, 157.6, 157.1, 157.0, 157.0, 157.6, 158.2, 159.6, 159.7, 159.6, 158.8, 158.8, 158.9, 158.9, 158.2, 157.6, 158.3, 159.7, 160.2, 160.2, 159.6, 160.3, 160.3, 160.2, 160.4, 160.9, 160.3, 160.9, 160.2, 160.4, 160.3, 160.3, 159.8, 160.3, 160.3, 160.3, 160.2, 160.9, 159.4, 159.6, 158.3, 157.3, 156.3, 154.9, 154.3, 153.7, 153.3, 153.1, 155.4, 154.9, 155.7, 157.6, 158.2, 157.6, 158.2, 158.3, 158.8, 158.2, 158.3, 158.8, 160.3, 160.2, 159.0, 158.3, 158.3, 157.7, 157.0, 157.0, 157.0, 156.4, 157.1, 156.4, 156.4, 157.0, 157.0, 155.7, 156.3, 156.4, 155.9, 156.5, 156.4, 156.5, 157.0, 157.6, 157.8, 157.7, 158.4, 157.3, 157.8, 158.4, 159.0, 159.6, 159.6, 159.6, 158.4, 157.1, 154.9, 153.6, 151.2, 151.9, 151.2, 152.3, 152.3, 153.7, 155.5, 156.4, 156.5, 156.3, 156.3, 156.1, 155.8, 155.9, 155.9, 155.2, 155.8, 155.8, 155.7, 155.9, 156.4, 155.8, 156.5, 157.1, 156.5, 156.3, 157.7, 157.1, 157.1, 157.7, 157.8, 157.8, 158.0, 157.8, 157.8, 158.0, 158.0, 157.8, 158.4, 157.4, 157.8, 158.4, 158.5, 158.9, 159.6, 160.2, 160.2, 160.2, 160.9, 160.3, 159.6, 159.6, 159.6, 159.0, 158.9, 159.0, 158.5, 158.4, 159.1, 159.1, 158.6, 158.5, 159.0, 158.4, 159.0, 158.4, 158.5, 158.4, 157.7, 158.0, 157.8, 157.7, 158.3, 158.3, 157.8, 158.3, 158.9, 158.4, 158.8, 158.8, 158.3, 157.7, 157.6, 158.3, 158.3, 157.7, 158.4, 157.8, 157.7, 159.0, 158.3, 158.4, 157.7, 157.7, 157.7, 158.4, 158.0, 158.0, 158.0, 157.7, 158.4, 159.1, 158.2, 158.3, 158.4, 158.5, 159.0, 158.3, 158.3, 158.4, 158.5, 158.9, 159.0, 159.1, 159.0, 158.3, 159.0, 158.4, 159.6, 160.3, 159.6, 159.0, 160.2, 159.6, 159.7, 159.0, 159.7, 159.0, 160.2, 159.0, 159.6, 159.1, 159.6, 159.6, 160.9, 160.9, 160.2, 160.2, 161.5, 160.9, 160.2, 161.5, 160.9, 160.9, 160.9, 161.5, 161.5, 160.9, 161.0, 160.8, 160.9, 160.2, 160.3, 160.4, 160.2, 160.2, 160.9, 160.9, 161.0, 160.9, 161.0, 161.5, 160.2, 160.9, 160.3, 160.9, 161.5, 161.5, 162.1, 161.5, 160.9, 161.5, 161.5, 161.5, 161.5, 161.5, 160.9, 160.9, 160.9, 160.9, 162.1, 161.5, 161.5, 162.1, 161.6, 160.9, 161.5, 161.5, 160.9, 160.9, 160.9, 160.4, 160.3, 160.3, 161.0, 161.0, 160.9, 160.9, 160.9, 161.0, 161.5, 162.1, 162.2, 162.9, 164.0, 165.2, 167.6, 167.6, 166.4, 166.4, 166.5, 167.0, 167.0, 165.8, 165.8, 166.4, 165.8, 165.8, 165.8, 166.4, 165.2, 164.7, 164.0, 163.4, 163.4, 162.8, 163.3, 162.7, 161.2, 161.7, 160.3, 160.4, 159.8, 160.9, 159.9, 160.4, 160.5, 159.8, 160.5, 160.5, 159.9, 159.3, 159.8, 160.5, 159.1, 159.8, 158.5, 158.6, 158.6, 158.5, 159.0, 157.7, 158.3, 158.4, 157.8, 158.6, 157.8, 157.8, 157.8, 157.3, 157.4, 157.4, 157.4, 157.1, 157.8, 158.0, 158.0, 158.0, 157.4, 158.0, 158.0, 157.4, 157.8, 157.3, 158.0, 157.4, 157.3, 156.8, 157.4, 157.4, 158.0, 157.4, 156.8, 157.8, 156.8, 157.4, 157.8, 157.4, 157.4, 158.6, 158.0, 157.3, 156.2, 158.0, 157.4, 157.3, 157.4, 157.4, 157.4, 158.0, 157.8, 158.1, 157.8, 158.1, 158.1, 158.6, 159.2, 159.1, 159.8, 159.1, 159.2, 159.8, 159.8, 159.9, 160.5, 161.7, 159.9, 160.6, 160.5, 161.2, 161.2, 161.0, 161.0, 160.6, 161.2, 161.0, 160.5, 161.6, 161.1, 161.7, 161.8, 162.3, 162.4, 162.3, 162.9, 162.3, 162.9, 162.9, 162.9, 162.3, 162.9, 163.4, 163.4, 162.9, 164.1, 164.7, 164.0, 164.1, 164.0, 164.7, 164.7, 164.6, 165.3, 165.8, 165.2, 166.5, 166.4, 166.4, 166.5, 165.8, 166.4, 165.8, 167.0, 166.5, 165.8, 166.4, 165.8, 166.4, 166.4, 166.4, 166.4, 166.4, 165.2, 166.4, 166.4, 166.4, 165.8, 165.8, 166.4, 165.3, 166.4, 167.0, 166.4, 166.4, 165.8, 166.4, 166.4, 166.4, 166.4, 165.8, 166.4, 165.8, 166.4, 167.0, 167.0, 166.4, 167.0, 167.0, 166.4, 166.4, 166.4, 167.0, 166.4, 166.4, 165.8, 166.4, 166.4, 166.4, 166.4, 166.4, 166.4, 167.0, 166.4, 166.4, 167.0, 166.4, 166.4, 167.0, 165.7, 165.7, 167.0, 165.8, 165.8, 165.7, 166.4, 166.4, 166.4, 166.4, 167.0, 167.0, 166.4, 166.4, 167.0, 165.8, 165.8, 165.8, 165.7]"
13,"[167.0, 166.4, 167.0, 166.3, 166.4, 167.0, 166.3, 166.4, 167.0, 166.4, 166.4, 165.8, 167.0, 167.0, 166.4, 165.8, 166.4, 166.4, 165.8, 165.8, 165.8, 165.2, 165.8, 165.2, 166.4, 165.8, 165.8, 165.8, 166.4, 166.4, 165.8, 167.0, 166.4, 166.4, 165.8, 165.8, 166.4, 165.2, 166.4, 166.4, 165.8, 165.8, 165.8, 165.2, 166.4, 165.2, 164.6, 164.6, 164.0, 163.5, 163.5, 163.4, 163.5, 163.5, 162.8, 163.4, 163.3, 164.0, 164.6, 164.6, 165.2, 164.6, 164.0, 164.6, 165.2, 164.6, 164.6, 165.2, 164.6, 165.2, 164.7, 165.2, 164.6, 164.1, 163.5, 163.5, 162.9, 164.0, 163.4, 163.4, 163.4, 162.9, 162.9, 164.0, 164.0, 162.9, 162.9, 163.4, 164.0, 164.0, 164.0, 164.0, 163.4, 164.0, 164.1, 164.6, 164.6, 164.6, 163.9, 164.0, 164.6, 163.4, 164.0, 164.6, 164.0, 164.1, 164.6, 164.0, 164.0, 165.2, 164.0, 164.6, 164.6, 164.6, 164.6, 164.0, 164.0, 164.6, 164.0, 164.6, 164.0, 164.6, 164.0, 164.0, 164.0, 165.2, 164.6, 164.6, 164.7, 164.0, 164.0, 164.0, 164.0, 163.3, 162.9, 162.1, 162.2, 161.0, 161.6, 160.4, 160.9, 160.9, 160.3, 161.5, 160.9, 161.5, 160.3, 162.1, 161.5, 161.0, 161.0, 161.5, 160.9, 161.5, 161.5, 161.5, 161.6, 160.9, 160.9, 161.0, 160.9, 161.0, 161.0, 160.9, 160.9, 160.9, 161.5, 160.9, 160.9, 160.9, 160.9, 160.9, 160.9, 160.9, 161.5, 161.6, 160.9, 161.0, 160.9, 161.5, 160.9, 161.5, 160.8, 161.4, 160.2, 160.8, 160.2, 159.6, 159.6, 159.7, 160.2, 160.9, 160.9, 160.2, 160.8, 160.2, 160.2, 160.2, 160.2, 160.9, 160.2, 160.2, 160.2, 159.6, 160.2, 160.2, 159.6, 159.7, 159.6, 160.3, 160.2, 160.9, 160.9, 160.9, 160.9, 160.9, 160.2, 160.9, 160.2, 160.2, 160.2, 160.2, 160.2, 160.2, 159.7, 159.6, 160.2, 160.3, 159.6, 160.3, 160.2, 160.2, 160.2, 160.2, 160.9, 160.2, 160.9, 160.3, 160.3, 159.6, 160.2, 159.7, 159.6, 159.7, 159.7, 159.7, 159.6, 160.2, 159.6, 159.6, 160.3, 159.1, 160.2, 159.6, 159.6, 160.2, 160.2, 159.1, 159.7, 159.7, 159.6, 159.1, 159.7, 159.7, 159.7, 159.6, 160.2, 159.6, 159.7, 160.3, 159.6, 159.6, 159.1, 159.7, 159.1, 159.7, 159.7, 158.9, 159.0, 158.9, 159.0, 158.4, 159.6, 159.6, 159.6, 159.6, 159.7, 159.7, 159.7, 159.6, 159.6, 159.6, 159.7, 160.3, 160.2, 159.6, 159.6, 160.1, 160.2, 160.3, 159.1, 159.6, 160.2, 160.9, 160.9, 160.9, 160.8, 160.3, 160.2, 160.2, 160.9, 160.2, 160.2, 160.4, 160.3, 159.7, 160.2, 160.3, 160.9, 160.2, 160.2, 159.7, 159.7, 159.6, 159.6, 159.6, 160.3, 159.7, 159.6, 159.6, 159.6, 159.7, 159.0, 159.0, 159.6, 160.3, 160.2, 160.9, 160.2, 160.9, 160.9, 161.5, 160.3, 160.3, 161.0, 161.5, 160.9, 161.5, 160.9, 161.0, 160.9, 161.0, 160.9, 161.6, 161.5, 161.6, 161.6, 162.1, 162.1, 162.1, 161.5, 162.1, 162.1, 162.8, 162.8, 162.9, 162.9, 162.2, 162.3, 162.7, 163.4, 162.2, 162.8, 162.9, 163.3, 164.0, 164.6, 165.7, 166.4, 167.6, 167.0, 167.0, 165.7, 165.1, 165.1, 164.6, 164.6, 164.5, 164.5, 163.9, 163.3, 163.9, 164.0, 162.7, 162.7, 163.4, 163.9, 163.9, 163.9, 163.4, 162.7, 163.4, 162.7, 163.4, 162.7, 162.1, 162.1, 162.1, 162.1, 162.7, 162.2, 162.2, 162.7, 161.5, 162.1, 161.5, 161.4, 162.1, 162.2, 161.5, 162.2, 162.2, 161.6, 161.5, 160.9, 161.6, 161.6, 160.4, 160.3, 160.3, 161.7, 160.9, 160.9, 161.5, 161.0, 161.1, 161.1, 161.1, 161.0, 160.4, 160.9, 161.7, 161.1, 161.7, 161.7, 161.1, 161.7, 161.7, 161.7, 161.7, 162.3, 162.9, 163.4, 163.4, 164.6, 164.6, 164.6, 165.2, 165.3, 165.2, 165.3, 165.2, 165.2, 165.2, 165.3, 165.8, 165.8, 166.5, 166.4, 165.9, 165.9, 167.0, 166.4, 166.4, 166.4, 165.9, 167.0, 167.0, 167.0, 167.0, 167.6, 168.2, 168.2, 167.0, 167.0, 166.4, 166.4, 166.4, 165.8, 165.2, 165.8, 164.6, 165.2, 164.6, 164.6, 164.6, 163.4, 163.3, 163.4, 163.4, 164.0, 162.8, 162.7, 162.7, 162.9, 163.4, 164.0, 162.9, 163.4, 163.4, 163.5, 163.4, 162.3, 163.5, 164.6, 165.2, 165.2, 165.8, 165.8, 165.8, 164.6, 165.2, 165.8, 165.2, 165.2, 165.8, 165.2, 164.7, 165.2, 165.3, 165.2, 164.7, 165.2, 164.6, 164.6, 164.1, 164.7, 164.7, 164.7, 165.2, 165.8, 164.7, 165.3, 165.9, 164.7, 165.3, 164.7, 164.7, 164.7, 164.7, 164.6, 165.2, 164.1, 164.0, 164.7, 163.5, 164.1, 164.1, 164.1, 164.1, 164.0, 164.0, 163.4, 164.1, 164.1, 164.0, 164.0, 164.1, 162.9, 163.4, 163.4, 164.0, 163.4, 163.5, 164.1, 164.0, 164.7, 164.1, 164.7, 164.7, 164.7, 164.0, 164.0, 164.0, 164.7, 164.6, 164.6, 164.6, 164.0, 164.0, 164.1, 164.1, 164.1, 164.1, 163.5, 164.6, 164.1, 164.0, 163.3, 164.1]"
13,"[166.3, 166.4, 167.0, 166.3, 166.4, 166.4, 167.0, 167.0, 166.4, 167.6, 167.6, 167.6, 167.0, 167.0, 167.6, 167.0, 167.0, 166.4, 167.0, 167.0, 167.0, 167.6, 166.4, 167.6, 167.6, 167.6, 165.8, 167.0, 167.0, 167.0, 167.0, 166.4, 165.8, 165.2, 166.4, 166.4, 167.6, 167.0, 167.6, 167.6, 168.2, 167.0, 167.6, 167.0, 167.6, 166.4, 167.0, 167.0, 167.0, 167.0, 167.6, 167.0, 167.6, 167.6, 167.0, 167.6, 166.4, 166.4, 166.4, 166.4, 166.4, 167.0, 167.0, 165.2, 165.8, 166.4, 166.4, 167.0, 167.0, 167.6, 167.0, 167.6, 166.4, 167.0, 165.2, 165.2, 167.0, 166.4, 165.8, 165.2, 164.6, 164.6, 164.6, 163.9, 163.9, 165.8, 166.4, 167.0, 167.0, 167.0, 166.4, 166.4, 165.8, 165.7, 167.0, 166.4, 166.4, 166.4, 166.4, 165.7, 166.4, 166.4, 166.4, 165.8, 165.2, 164.5, 165.1, 165.1, 165.7, 165.7, 164.6, 165.8, 164.6, 165.2, 166.4, 166.3, 166.4, 165.7, 166.4, 165.7, 165.8, 164.6, 165.2, 165.7, 164.5, 163.4, 162.8, 162.2, 161.0, 160.2, 159.6, 158.9, 158.4, 159.0, 158.4, 158.9, 160.2, 160.2, 160.2, 160.2, 160.2, 161.5, 161.0, 160.3, 160.9, 161.0, 160.9, 160.9, 160.9, 160.9, 160.9, 160.9, 160.9, 160.9, 160.9, 161.6, 161.5, 160.9, 161.5, 161.0, 161.0, 160.9, 160.9, 161.5, 160.7, 160.2, 161.4, 160.7, 160.0, 160.1, 159.6, 159.6, 160.2, 160.9, 160.9, 161.0, 161.5, 161.6, 161.0, 160.9, 160.2, 160.9, 161.5, 160.2, 160.8, 160.9, 160.2, 160.2, 159.6, 160.9, 160.2, 160.2, 160.3, 160.2, 161.5, 161.0, 161.5, 161.5, 160.9, 159.6, 160.2, 160.2, 160.2, 160.2, 160.2, 160.8, 160.2, 160.2, 160.2, 160.9, 159.6, 160.2, 160.2, 160.8, 160.2, 160.2, 160.2, 160.8, 160.9, 160.2, 160.9, 159.7, 160.9, 160.2, 160.2, 160.9, 160.9, 161.5, 160.9, 160.8, 160.9, 160.2, 160.2, 160.2, 160.2, 160.2, 160.7, 160.2, 159.6, 160.3, 160.2, 160.2, 160.2, 160.2, 160.9, 160.2, 160.2, 160.2, 159.6, 160.9, 160.9, 160.2, 160.2, 160.2, 160.9, 160.9, 160.2, 160.2, 160.2, 160.2, 160.9, 160.9, 159.6, 160.2, 160.2, 160.9, 160.2, 160.2, 160.2, 159.6, 159.6, 159.6, 160.2, 160.9, 160.8, 160.2, 160.2, 160.2, 160.2, 159.6, 160.2, 160.2, 160.2, 160.2, 159.6, 160.2, 160.9, 160.9, 160.2, 159.6, 160.2, 159.6, 159.6, 160.2, 159.6, 160.8, 160.3, 160.3, 161.0, 160.9, 160.9, 160.2, 160.9, 160.9, 160.9, 160.9, 161.5, 160.9, 160.9, 160.8, 160.9, 160.9, 160.2, 160.2, 160.2, 160.9, 160.9, 160.9, 160.2, 160.9, 160.2, 160.2, 160.8, 160.9, 160.2, 159.6, 160.9, 160.8, 160.2, 159.6, 159.6, 159.6, 160.2, 160.3, 160.2, 160.2, 160.2, 159.6, 160.2, 160.2, 160.9, 160.2, 160.2, 160.2, 160.3, 160.3, 160.2, 160.2, 159.6, 160.2, 160.9, 160.2, 160.2, 160.3, 160.8, 160.9, 160.9, 160.2, 160.9, 160.3, 160.2, 160.9, 160.2, 160.2, 160.8, 160.3, 161.0, 160.9, 162.3, 163.9, 165.8, 166.4, 167.0, 167.0, 167.6, 167.6, 167.6, 167.0, 167.0, 166.4, 165.8, 165.8, 165.2, 165.2, 165.2, 165.2, 164.6, 164.0, 163.4, 163.4, 163.9, 162.7, 162.7, 162.7, 162.7, 162.1, 162.7, 162.7, 162.7, 162.6, 162.1, 161.5, 162.1, 161.5, 161.0, 160.9, 160.9, 160.9, 160.9, 160.2, 159.8, 159.0, 160.3, 159.8, 159.7, 160.4, 159.7, 160.2, 159.7, 160.3, 159.1, 159.0, 159.8, 159.6, 159.1, 159.8, 159.1, 157.8, 158.4, 158.3, 159.0, 158.5, 159.0, 158.9, 158.0, 158.6, 159.0, 158.4, 158.5, 159.7, 160.9, 160.3, 159.8, 158.6, 160.4, 160.5, 159.7, 159.7, 160.3, 161.0, 160.4, 161.7, 161.5, 160.9, 161.5, 161.5, 161.1, 161.1, 161.7, 162.9, 162.3, 162.9, 162.3, 163.4, 162.9, 162.8, 162.9, 164.0, 163.5, 162.9, 164.0, 162.9, 163.5, 164.0, 163.4, 164.0, 163.4, 163.4, 163.4, 163.4, 164.6, 164.6, 164.0, 165.3, 165.8, 166.4, 166.4, 167.0, 167.0, 167.0, 167.0, 166.5, 166.4, 166.5, 167.0, 167.0, 167.0, 166.4, 167.0, 167.6, 166.4, 167.0, 166.5, 167.0, 166.4, 167.0, 168.2, 168.2, 167.6, 167.0, 168.2, 168.2, 166.5, 167.0, 167.0, 167.0, 167.0, 166.5, 166.4, 166.4, 166.5, 165.9, 165.8, 165.8, 164.7, 164.6, 164.6, 163.4, 162.8, 163.3, 162.8, 162.7, 162.2, 161.6, 162.1, 162.3, 162.8, 162.1, 162.1, 162.1, 162.2, 162.1, 160.9, 160.9, 159.8, 160.3, 160.3, 160.3, 161.6, 160.9, 160.3, 160.3, 160.3, 160.9, 160.9, 160.2, 160.9, 160.9, 160.3, 160.3, 159.6, 159.6, 160.2, 158.8, 159.0, 158.5, 158.2, 158.2, 157.6, 157.6, 158.2, 158.3, 158.8, 158.2, 158.3, 158.2, 157.6, 157.0, 157.6, 158.2, 159.6, 159.6, 157.7, 157.5, 156.9, 158.2, 157.0, 156.4, 156.9, 158.2, 158.2, 158.2, 159.6, 159.6, 160.2, 160.2, 160.3, 160.4, 160.2, 160.2]"
13,"[167.6, 167.0, 166.4, 168.2, 167.0, 167.6, 167.6, 166.4, 165.9, 166.4, 167.0, 166.5, 167.0, 166.5, 165.9, 165.8, 165.8, 165.9, 165.3, 165.8, 165.3, 165.3, 165.2, 165.2, 165.3, 165.2, 165.3, 165.8, 165.3, 164.7, 165.2, 164.6, 165.2, 165.3, 165.3, 165.3, 165.8, 165.8, 165.8, 165.3, 166.4, 164.6, 165.3, 165.8, 165.3, 165.3, 165.2, 164.6, 165.2, 164.6, 165.8, 165.2, 164.7, 165.3, 165.2, 164.7, 165.3, 165.2, 164.6, 165.2, 164.7, 165.2, 165.2, 165.3, 165.3, 165.3, 165.3, 165.8, 165.3, 165.8, 165.3, 165.2, 165.3, 165.3, 165.2, 164.7, 165.2, 164.6, 164.6, 164.6, 165.2, 165.2, 164.6, 165.2, 164.6, 164.7, 165.2, 164.7, 164.6, 164.6, 164.6, 165.8, 165.3, 165.3, 165.2, 166.5, 165.3, 166.4, 166.4, 166.4, 166.4, 166.4, 166.4, 166.4, 167.0, 167.0, 167.0, 167.6, 166.4, 167.6, 166.4, 167.6, 167.0, 167.0, 167.6, 167.0, 167.6, 167.6, 168.2, 168.2, 167.6, 167.0, 167.0, 167.0, 167.0, 167.6, 168.2, 167.6, 167.0, 165.8, 165.2, 163.9, 162.8, 163.3, 163.4, 163.4, 162.8, 162.3, 162.8, 162.8, 162.2, 162.1, 162.2, 161.7, 162.1, 162.2, 162.8, 162.1, 163.3, 162.8, 162.7, 162.2, 163.9, 162.7, 162.8, 162.7, 162.2, 162.2, 162.2, 162.2, 162.7, 163.3, 162.8, 162.7, 163.3, 162.1, 161.5, 161.5, 161.6, 162.1, 162.2, 161.7, 162.7, 162.2, 162.2, 162.1, 161.7, 161.6, 162.2, 162.1, 161.5, 161.5, 162.1, 162.1, 162.1, 162.2, 162.1, 161.5, 161.6, 161.5, 161.6, 161.6, 161.6, 161.6, 160.9, 161.5, 161.0, 161.6, 161.0, 161.6, 162.2, 161.7, 161.0, 161.6, 161.6, 161.1, 161.1, 161.5, 161.6, 161.5, 160.9, 162.2, 161.6, 161.5, 161.6, 161.6, 160.9, 160.5, 161.7, 161.0, 161.5, 161.0, 160.3, 161.5, 161.0, 160.9, 160.9, 160.2, 160.9, 160.9, 161.5, 161.4, 161.5, 160.8, 160.9, 160.9, 160.9, 161.0, 161.5, 161.7, 160.9, 161.5, 161.6, 162.1, 161.6, 161.6, 161.5, 161.0, 160.9, 161.2, 161.1, 161.1, 160.9, 161.0, 160.9, 161.5, 160.9, 160.9, 160.9, 160.9, 160.3, 161.0, 160.9, 160.8, 161.5, 160.9, 161.5, 161.5, 160.9, 161.4, 160.9, 161.5, 160.9, 161.5, 161.6, 161.4, 161.6, 162.1, 161.6, 160.9, 161.6, 161.5, 161.1, 161.1, 161.6, 161.1, 160.9, 161.5, 160.4, 160.9, 161.0, 160.9, 160.9, 160.3, 160.9, 160.9, 161.5, 160.9, 160.2, 160.3, 160.1, 161.4, 160.2, 160.2, 160.9, 161.6, 160.9, 160.9, 161.1, 160.4, 161.0, 160.9, 160.9, 160.3, 161.0, 161.0, 160.9, 160.9, 160.9, 160.9, 160.8, 160.2, 161.5, 160.2, 160.9, 160.3, 160.9, 160.9, 161.4, 160.2, 161.4, 161.0, 160.9, 160.9, 161.0, 161.0, 161.0, 160.9, 160.9, 160.9, 160.9, 160.9, 161.0, 160.9, 160.9, 161.5, 160.4, 161.5, 160.3, 160.9, 160.2, 160.9, 160.9, 160.2, 160.2, 160.2, 160.9, 160.3, 160.9, 160.2, 160.2, 160.8, 160.8, 160.9, 160.1, 160.2, 161.6, 161.6, 161.6, 162.9, 163.5, 164.7, 164.7, 165.3, 167.6, 168.2, 167.6, 167.6, 167.0, 166.4, 167.0, 167.0, 166.4, 166.4, 165.8, 165.8, 165.3, 165.2, 165.2, 165.2, 164.6, 165.2, 164.6, 164.6, 164.6, 164.0, 163.5, 163.5, 163.5, 163.4, 163.4, 162.3, 162.3, 162.9, 163.5, 162.3, 162.3, 161.7, 161.7, 161.7, 160.5, 162.3, 161.2, 161.2, 161.2, 161.1, 161.2, 161.2, 161.1, 161.1, 160.6, 160.5, 160.6, 160.6, 160.5, 161.2, 161.2, 160.5, 160.5, 161.1, 161.2, 161.1, 161.7, 161.6, 161.1, 161.2, 161.7, 161.1, 161.1, 161.1, 161.1, 161.7, 161.6, 162.3, 162.3, 161.7, 161.7, 162.3, 162.9, 162.9, 162.3, 162.9, 162.3, 162.2, 162.9, 163.4, 163.3, 163.4, 164.0, 164.0, 164.6, 163.9, 164.6, 165.2, 165.2, 165.2, 164.6, 165.2, 165.8, 165.2, 165.2, 165.8, 165.8, 166.4, 165.8, 165.2, 165.8, 166.4, 165.8, 165.8, 166.4, 167.0, 167.0, 167.0, 167.0, 168.2, 167.0, 167.6, 168.2, 168.2, 168.2, 167.6, 167.6, 167.0, 167.6, 168.2, 168.2, 167.6, 168.2, 168.2, 168.2, 168.2, 168.2, 168.2, 167.6, 167.6, 168.2, 167.0, 167.0, 166.4, 167.0, 167.0, 166.5, 166.4, 165.8, 165.3, 165.3, 165.3, 165.3, 165.3, 164.7, 164.7, 164.7, 164.7, 164.1, 164.1, 164.7, 164.1, 164.1, 164.1, 163.5, 164.0, 163.4, 163.4, 163.3, 163.4, 163.4, 162.8, 162.8, 163.5, 162.8, 162.8, 162.8, 163.4, 164.0, 164.0, 163.4, 163.4, 162.8, 163.4, 162.8, 162.2, 162.3, 162.2, 162.2, 162.2, 161.5, 160.9, 160.3, 159.6, 160.2, 158.9, 158.9, 159.6, 159.5, 158.2, 158.9, 159.6, 158.9, 158.9, 158.3, 158.8, 158.3, 158.9, 158.9, 159.1, 159.6, 160.3, 160.3, 160.2, 160.9, 160.9, 162.1, 162.3, 161.6, 161.6, 161.6, 162.2, 162.2, 162.2, 162.1, 162.3, 164.6, 165.8, 165.8, 165.3, 165.8, 165.3, 166.4, 165.8]"
13,"[160.9, 158.1, 157.5, 158.1, 157.0, 157.7, 156.9, 156.8, 155.1, 155.2, 155.8, 155.8, 155.3, 155.2, 155.8, 155.8, 155.2, 154.5, 154.5, 156.5, 158.2, 159.6, 158.9, 160.8, 159.0, 158.9, 156.5, 155.9, 155.7, 155.2, 155.3, 156.4, 156.4, 155.8, 155.8, 155.2, 155.7, 154.5, 155.8, 156.3, 155.7, 155.5, 155.2, 155.8, 154.9, 155.1, 154.3, 154.5, 155.1, 153.9, 154.3, 153.9, 154.5, 154.6, 154.5, 153.7, 153.9, 154.0, 153.7, 154.5, 154.3, 154.5, 153.9, 153.9, 154.6, 153.7, 153.9, 155.2, 154.5, 154.3, 153.9, 154.6, 153.3, 154.6, 154.0, 153.9, 153.7, 155.2, 154.5, 155.1, 155.1, 155.2, 155.1, 155.9, 155.8, 157.0, 155.8, 155.9, 156.4, 156.5, 156.4, 156.4, 157.0, 156.4, 157.1, 157.0, 156.7, 156.5, 157.0, 156.5, 156.4, 155.8, 155.9, 155.9, 155.8, 156.4, 157.0, 156.5, 155.9, 157.1, 157.0, 156.5, 156.4, 156.5, 157.0, 155.2, 156.5, 156.4, 157.1, 156.5, 156.4, 156.5, 157.1, 156.5, 156.5, 157.7, 159.0, 161.6, 163.4, 163.4, 164.6, 164.7, 165.3, 165.8, 165.8, 166.5, 165.8, 165.3, 166.4, 166.5, 166.4, 167.0, 166.5, 167.0, 166.5, 167.6, 167.0, 168.2, 168.2, 167.6, 167.0, 167.6, 167.0, 166.5, 167.0, 167.0, 167.0, 167.0, 167.0, 167.6, 167.6, 167.0, 167.0, 167.6, 167.0, 167.6, 165.9, 165.2, 164.6, 164.0, 164.6, 164.6, 163.4, 163.4, 164.0, 163.4, 164.6, 164.6, 164.0, 164.6, 164.6, 163.9, 164.0, 163.4, 164.6, 163.5, 164.0, 164.6, 164.6, 165.2, 165.2, 164.6, 164.0, 164.0, 164.0, 164.0, 164.6, 163.4, 163.9, 163.9, 163.9, 163.9, 162.7, 162.7, 162.7, 162.7, 163.4, 164.6, 164.0, 165.2, 164.6, 164.0, 164.6, 164.0, 165.2, 164.0, 164.0, 163.9, 163.3, 162.8, 162.8, 162.8, 162.7, 162.7, 162.7, 162.1, 162.1, 162.1, 162.1, 162.1, 162.7, 162.7, 162.7, 163.3, 162.7, 162.1, 162.1, 162.7, 162.7, 162.7, 163.4, 163.3, 162.7, 162.8, 162.7, 162.8, 162.7, 162.1, 162.7, 162.7, 162.2, 162.2, 162.1, 162.1, 162.7, 162.7, 162.7, 162.1, 162.2, 161.5, 162.1, 161.5, 162.1, 162.1, 162.1, 161.5, 162.1, 161.5, 162.1, 162.1, 162.7, 162.1, 162.1, 161.5, 163.3, 161.5, 162.8, 162.1, 162.1, 162.1, 162.1, 162.7, 162.1, 162.1, 161.5, 162.1, 162.1, 161.5, 162.1, 162.1, 162.1, 162.1, 162.1, 161.5, 162.1, 161.5, 161.6, 162.1, 162.1, 162.1, 161.5, 162.1, 161.5, 160.9, 162.1, 162.1, 162.1, 162.2, 161.5, 161.5, 161.5, 161.5, 161.5, 161.5, 162.1, 161.5, 161.5, 162.1, 162.1, 162.1, 162.1, 162.7, 162.1, 162.1, 162.1, 162.2, 162.1, 162.1, 162.1, 162.2, 162.1, 162.1, 162.1, 161.5, 162.7, 162.1, 162.1, 162.1, 162.7, 162.1, 162.1, 161.6, 161.5, 160.9, 160.9, 161.0, 160.2, 161.5, 161.5, 161.5, 160.9, 161.5, 160.9, 161.5, 162.1, 160.8, 160.9, 161.4, 160.9, 160.9, 160.2, 160.2, 160.8, 160.9, 161.5, 161.5, 161.5, 162.9, 163.4, 163.4, 163.4, 165.8, 167.6, 167.6, 167.0, 166.4, 167.0, 166.4, 166.4, 165.8, 165.3, 165.8, 165.8, 165.2, 164.6, 164.6, 164.6, 165.2, 164.0, 164.0, 164.0, 164.0, 163.4, 163.4, 162.7, 162.7, 162.7, 163.3, 162.8, 163.4, 162.2, 162.2, 162.8, 162.1, 162.2, 162.3, 162.3, 162.8, 162.1, 162.1, 162.1, 162.1, 162.1, 162.7, 161.5, 161.5, 160.9, 161.5, 160.8, 162.1, 161.5, 160.9, 161.0, 161.6, 161.5, 161.7, 162.1, 160.2, 160.4, 160.9, 161.5, 161.0, 159.7, 159.7, 160.3, 159.7, 159.7, 160.4, 160.9, 161.0, 160.4, 160.4, 160.4, 160.9, 161.0, 160.9, 160.9, 160.9, 160.9, 161.6, 161.0, 160.9, 160.4, 160.4, 160.4, 161.7, 161.6, 161.5, 162.3, 162.2, 161.7, 162.3, 162.3, 162.3, 162.3, 163.5, 162.9, 163.0, 163.0, 162.3, 163.5, 163.5, 163.5, 164.1, 164.1, 164.1, 164.1, 164.7, 164.7, 164.1, 164.7, 165.3, 165.3, 165.3, 165.8, 167.0, 167.6, 168.2, 167.6, 167.6, 167.6, 168.2, 168.2, 168.2, 167.0, 166.5, 167.1, 167.0, 167.0, 166.5, 168.2, 167.0, 166.5, 166.5, 167.0, 165.9, 166.5, 166.5, 167.6, 167.6, 166.5, 166.5, 166.5, 166.5, 166.5, 166.5, 167.0, 167.6, 166.5, 167.0, 167.6, 166.5, 166.5, 165.9, 167.0, 166.5, 166.5, 166.4, 165.9, 165.3, 166.5, 166.5, 166.4, 166.5, 165.3, 164.0, 162.8, 163.9, 164.0, 164.1, 164.6, 164.0, 164.0, 164.0, 163.4, 164.0, 163.4, 162.8, 163.4, 163.4, 162.8, 162.8, 163.4, 164.1, 164.6, 164.7, 164.7, 164.7, 164.1, 164.7, 164.0, 164.7, 164.7, 164.7, 164.6, 164.7, 164.0, 164.1, 164.7, 164.7, 164.7, 164.7, 164.7, 164.1, 164.1, 164.1, 164.7, 164.7, 164.7, 164.1, 164.0, 164.1, 164.1, 164.0, 164.0, 164.0, 164.7, 164.6, 164.6, 164.0, 164.1, 163.5, 163.5, 164.0, 163.4, 164.0, 163.4, 164.0, 164.0, 164.1]"
13,"[162.6, 158.9, 159.9, 159.4, 159.0, 158.3, 158.3, 158.3, 158.9, 160.2, 160.2, 160.9, 160.9, 160.9, 161.5, 161.5, 161.5, 162.1, 162.1, 162.9, 163.4, 164.0, 164.6, 164.0, 163.4, 163.4, 164.0, 162.8, 160.9, 160.9, 160.3, 160.2, 160.3, 161.0, 160.9, 161.6, 160.9, 161.0, 161.0, 161.0, 161.5, 162.8, 162.7, 162.1, 162.2, 162.1, 161.6, 162.2, 162.2, 163.4, 163.4, 163.4, 164.0, 164.0, 163.4, 164.0, 164.0, 164.7, 165.8, 165.3, 165.3, 165.8, 166.4, 166.4, 167.0, 167.0, 167.0, 167.6, 167.6, 168.2, 167.6, 167.6, 167.6, 167.6, 167.6, 167.0, 167.0, 166.4, 165.8, 165.8, 166.4, 166.4, 165.8, 167.0, 166.4, 166.4, 167.0, 167.0, 167.0, 166.4, 165.9, 166.5, 167.0, 166.4, 166.4, 165.8, 165.2, 165.3, 165.9, 164.6, 164.0, 164.6, 164.0, 164.1, 164.7, 163.5, 164.0, 164.6, 164.0, 162.8, 162.7, 162.1, 162.1, 161.5, 162.1, 162.9, 164.0, 163.4, 163.4, 163.4, 164.0, 164.0, 164.1, 164.6, 164.0, 164.6, 163.9, 164.0, 164.6, 163.4, 162.8, 162.1, 161.5, 161.5, 161.5, 160.2, 160.8, 161.5, 160.7, 160.8, 160.7, 160.8, 160.2, 160.8, 160.9, 160.8, 160.8, 160.8, 161.4, 160.9, 162.1, 161.5, 162.1, 162.7, 162.6, 162.7, 162.7, 162.7, 162.7, 162.7, 163.3, 163.3, 163.3, 163.3, 163.3, 162.7, 162.1, 162.1, 162.1, 162.0, 160.8, 162.1, 162.0, 162.1, 161.4, 161.9, 161.5, 162.1, 161.5, 161.5, 161.5, 162.1, 162.1, 162.1, 161.5, 162.1, 162.1, 162.2, 161.5, 162.1, 162.1, 161.5, 161.5, 161.5, 160.8, 161.5, 161.5, 161.5, 161.5, 161.5, 160.8, 160.8, 161.5, 161.5, 160.9, 161.5, 161.4, 160.9, 160.9, 161.5, 160.9, 161.5, 161.6, 161.6, 161.5, 161.5, 161.5, 160.8, 161.5, 161.5, 161.5, 161.5, 162.0, 160.9, 160.8, 160.9, 160.8, 161.5, 161.5, 161.5, 161.5, 161.5, 162.1, 160.9, 161.4, 161.4, 160.9, 160.8, 160.8, 161.5, 160.9, 161.4, 161.5, 161.5, 161.5, 160.9, 160.8, 160.9, 161.5, 161.5, 160.9, 160.9, 160.1, 160.9, 160.9, 160.9, 161.5, 160.0, 161.5, 160.9, 161.5, 161.6, 161.5, 160.2, 160.9, 160.8, 160.8, 160.8, 160.9, 160.7, 160.8, 160.1, 160.8, 160.9, 160.3, 160.9, 160.9, 160.2, 160.9, 160.8, 160.9, 161.5, 161.5, 161.5, 162.1, 160.2, 160.8, 161.5, 160.9, 161.5, 160.9, 161.5, 160.8, 160.8, 160.1, 160.9, 160.8, 160.2, 160.9, 160.9, 160.9, 160.8, 160.8, 160.9, 160.2, 159.6, 159.6, 159.5, 160.2, 160.2, 160.2, 160.2, 160.2, 160.9, 160.9, 160.2, 160.2, 160.9, 160.9, 160.9, 160.9, 160.9, 160.2, 160.9, 160.2, 160.9, 160.2, 160.3, 160.9, 160.8, 160.2, 160.2, 160.1, 160.1, 160.2, 160.8, 160.2, 160.2, 159.6, 159.6, 160.2, 160.2, 160.2, 161.5, 160.8, 160.9, 160.2, 160.2, 160.2, 160.2, 160.2, 159.6, 159.6, 159.6, 159.5, 159.6, 159.6, 160.2, 160.2, 159.6, 159.6, 158.4, 159.6, 158.4, 158.8, 159.6, 158.8, 158.8, 159.6, 159.6, 160.2, 160.9, 160.9, 160.8, 160.9, 161.5, 162.8, 162.8, 163.4, 163.4, 164.0, 164.1, 164.7, 164.1, 164.7, 164.1, 165.3, 165.3, 164.7, 165.3, 166.5, 166.5, 167.0, 167.0, 167.6, 168.2, 168.2, 167.0, 166.5, 166.4, 166.4, 165.9, 165.8, 165.3, 165.3, 165.9, 165.8, 165.3, 164.7, 165.3, 165.3, 165.9, 167.0, 165.8, 165.3, 165.8, 165.9, 165.9, 165.9, 165.8, 165.8, 166.4, 166.4, 165.9, 165.3, 165.8, 165.3, 165.3, 164.7, 165.3, 165.3, 165.9, 164.7, 165.9, 165.8, 165.8, 167.0, 166.5, 165.8, 166.5, 167.0, 167.6, 168.2, 167.6, 166.5, 165.3, 165.3, 165.2, 164.7, 165.8, 165.3, 165.3, 165.9, 166.5, 166.5, 165.9, 165.3, 165.3, 164.1, 164.7, 164.7, 164.7, 164.1, 164.6, 164.0, 164.0, 164.0, 164.0, 163.4, 163.4, 163.4, 163.4, 162.9, 163.4, 163.4, 162.8, 163.4, 162.9, 162.3, 162.8, 162.8, 162.2, 162.1, 161.6, 162.2, 162.2, 161.5, 161.6, 161.6, 161.7, 161.6, 161.5, 161.6, 162.7, 162.2, 162.1, 162.1, 160.9, 161.6, 161.5, 161.0, 161.6, 160.9, 160.9, 161.5, 161.6, 161.0, 161.5, 161.5, 162.2, 162.2, 162.1, 160.9, 162.1, 161.7, 162.1, 161.6, 161.6, 162.1, 161.0, 161.6, 160.9, 161.5, 161.6, 161.0, 160.9, 160.9, 160.9, 160.2, 160.2, 160.9, 160.8, 160.8, 160.2, 160.9, 161.0, 160.9, 160.7, 160.2, 161.5, 162.1, 161.5, 161.5, 160.3, 161.6, 162.1, 161.6, 160.9, 161.0, 161.5, 160.2, 161.5, 160.9, 161.0, 161.5, 160.9, 161.0, 161.5, 160.8, 160.7, 161.5, 160.9, 161.5, 162.1, 162.7, 162.1, 162.7, 162.1, 162.2, 162.1, 162.7, 162.7, 162.1, 162.1, 162.1, 162.8, 162.7, 162.1, 162.1, 161.5, 162.7, 162.8, 162.1, 162.7, 162.1, 162.7, 162.7, 162.1, 162.7, 162.7, 162.1, 161.5, 162.1, 162.2, 161.5, 162.1, 162.0, 162.1, 162.1, 162.1]"
13,"[165.2, 164.6, 165.2, 163.2, 164.5, 165.1, 163.3, 165.2, 164.6, 164.1, 164.6, 164.0, 164.1, 164.6, 164.6, 164.6, 164.6, 164.0, 164.6, 164.6, 164.6, 165.1, 164.0, 164.6, 164.6, 164.6, 165.3, 165.8, 165.8, 165.2, 165.3, 164.6, 164.6, 164.6, 164.1, 164.6, 164.6, 164.0, 164.0, 164.6, 164.0, 164.6, 164.6, 164.6, 163.9, 164.0, 164.0, 164.0, 163.9, 164.6, 164.0, 163.4, 163.4, 163.3, 163.4, 163.3, 163.4, 162.7, 162.6, 162.7, 162.7, 162.1, 162.0, 162.0, 162.0, 162.6, 162.6, 162.7, 163.3, 163.3, 163.3, 163.3, 163.9, 162.8, 163.4, 162.8, 162.7, 163.4, 164.0, 164.0, 164.0, 164.0, 164.6, 164.7, 164.0, 164.7, 165.2, 164.7, 165.3, 165.3, 165.2, 164.6, 164.7, 164.6, 164.6, 165.2, 164.6, 164.0, 164.6, 164.0, 163.4, 164.0, 163.9, 164.6, 164.0, 163.4, 164.0, 163.9, 163.4, 163.4, 163.3, 163.4, 163.3, 163.4, 163.9, 163.4, 162.2, 163.3, 162.8, 162.8, 163.4, 162.7, 162.7, 162.7, 162.1, 162.7, 162.0, 160.9, 162.0, 162.7, 162.7, 162.7, 162.7, 162.8, 163.3, 162.8, 162.8, 163.4, 164.7, 167.0, 167.6, 167.6, 167.0, 166.4, 165.3, 164.1, 163.4, 162.2, 161.5, 160.9, 160.9, 160.9, 160.9, 161.6, 162.1, 162.1, 163.4, 163.4, 164.0, 163.4, 164.1, 164.1, 163.5, 162.9, 164.1, 163.5, 164.7, 164.7, 164.7, 165.3, 165.3, 165.3, 165.9, 165.3, 165.8, 165.3, 165.8, 165.9, 167.0, 167.0, 167.0, 167.0, 167.0, 167.6, 167.6, 167.6, 167.0, 165.9, 166.4, 165.8, 165.2, 164.0, 165.3, 164.0, 164.6, 164.7, 164.6, 164.6, 163.5, 164.7, 164.1, 164.0, 164.0, 164.6, 163.4, 163.5, 164.0, 164.6, 164.0, 163.4, 163.4, 164.0, 162.8, 162.9, 162.9, 162.3, 162.8, 162.1, 161.6, 162.2, 161.5, 161.0, 160.9, 160.9, 161.6, 161.5, 161.5, 160.7, 161.5, 162.1, 162.1, 161.5, 162.1, 161.5, 161.5, 161.6, 161.5, 162.1, 162.1, 161.5, 160.9, 160.9, 160.9, 160.9, 162.1, 161.5, 161.5, 161.5, 161.5, 161.5, 162.1, 161.5, 162.1, 161.5, 162.1, 161.5, 162.1, 162.1, 162.7, 162.1, 162.1, 162.1, 161.4, 161.5, 161.4, 162.1, 161.5, 162.7, 162.6, 162.1, 161.5, 161.5, 161.6, 161.5, 162.7, 162.1, 162.1, 161.5, 161.5, 161.5, 162.1, 161.6, 162.1, 162.2, 161.6, 161.5, 162.2, 162.1, 162.1, 162.1, 162.2, 161.5, 161.5, 161.5, 161.5, 162.1, 162.1, 161.5, 161.5, 161.5, 162.7, 161.5, 161.5, 162.1, 161.6, 162.2, 162.1, 162.7, 162.1, 162.7, 162.7, 163.3, 162.1, 162.7, 162.7, 162.8, 162.1, 161.6, 161.5, 161.5, 160.9, 161.5, 162.2, 162.2, 162.1, 161.5, 162.1, 162.2, 162.1, 162.2, 161.5, 162.2, 162.1, 162.2, 162.2, 161.5, 161.5, 162.1, 161.6, 161.5, 162.1, 162.1, 161.5, 161.5, 162.2, 161.5, 161.5, 161.5, 161.5, 161.6, 161.7, 162.2, 161.6, 162.1, 162.2, 162.8, 162.1, 161.6, 162.7, 162.7, 162.1, 162.7, 162.7, 162.7, 162.6, 162.1, 162.7, 162.1, 162.2, 162.2, 162.2, 161.5, 162.1, 162.1, 161.5, 162.3, 161.5, 161.5, 161.5, 162.2, 160.9, 162.3, 161.5, 161.5, 162.2, 162.1, 162.1, 162.7, 162.7, 162.1, 162.7, 162.7, 162.8, 161.5, 161.5, 162.3, 162.7, 162.6, 162.7, 162.6, 162.7, 162.1, 162.1, 161.5, 161.6, 162.7, 162.1, 162.1, 162.7, 162.2, 162.2, 162.2, 161.5, 162.1, 161.5, 162.2, 162.2, 161.5, 161.5, 161.4, 160.9, 160.9, 160.9, 160.9, 160.9, 160.9, 159.6, 159.7, 160.2, 160.9, 160.2, 161.5, 161.0, 161.6, 161.0, 161.6, 161.5, 161.6, 161.6, 161.6, 162.2, 161.6, 161.5, 161.6, 161.5, 162.1, 161.6, 160.9, 160.9, 160.9, 160.9, 161.6, 162.1, 162.7, 163.3, 162.7, 162.8, 162.7, 163.3, 164.6, 164.6, 165.8, 167.0, 168.2, 167.6, 167.0, 167.0, 167.0, 166.4, 165.8, 165.2, 165.8, 166.4, 166.4, 166.4, 166.4, 166.4, 165.8, 165.8, 166.4, 166.4, 166.4, 165.8, 165.2, 165.8, 165.8, 165.2, 165.2, 165.2, 165.2, 164.6, 165.2, 165.2, 164.6, 164.6, 165.2, 165.2, 165.3, 164.6, 164.6, 164.7, 165.2, 164.6, 164.7, 164.0, 165.3, 164.7, 164.7, 164.6, 164.7, 165.8, 165.8, 165.8, 165.8, 165.8, 165.8, 165.8, 165.8, 165.8, 165.3, 165.9, 165.8, 165.8, 165.2, 165.2, 165.8, 165.9, 165.8, 166.4, 165.8, 166.5, 165.9, 165.3, 165.8, 165.8, 165.9, 165.8, 166.4, 167.0, 167.0, 167.0, 167.0, 165.9, 166.5, 165.8, 165.8, 165.8, 165.8, 165.3, 165.8, 165.8, 165.2, 166.5, 166.5, 167.0, 167.0, 166.5, 165.8, 166.5, 165.8, 166.4, 167.0, 166.4, 165.8, 165.9, 167.0, 167.0, 167.0, 166.4, 167.6, 166.5, 167.6, 167.0, 167.6, 167.6, 167.6, 167.0, 167.0, 166.4, 165.3, 165.8, 165.3, 165.2, 164.7, 164.1, 164.7, 164.7, 164.7, 164.1, 164.7, 164.6, 164.0, 164.1, 164.0, 164.0, 163.5, 164.0, 164.6, 164.0, 164.0]"
13,"[164.6, 163.3, 163.9, 162.5, 163.3, 163.3, 162.7, 163.3, 163.9, 164.0, 163.4, 164.0, 164.0, 163.4, 163.4, 163.4, 163.4, 163.4, 163.3, 163.4, 163.4, 163.9, 164.0, 163.9, 162.9, 163.9, 163.3, 163.3, 163.9, 163.4, 162.1, 162.8, 163.4, 162.8, 162.8, 162.1, 162.8, 162.8, 162.3, 162.1, 162.7, 162.8, 163.3, 163.4, 162.7, 162.2, 163.4, 162.8, 162.8, 162.8, 163.4, 163.4, 163.4, 162.8, 162.7, 162.7, 162.2, 161.6, 162.1, 162.1, 162.9, 162.3, 162.9, 163.3, 163.4, 163.4, 163.3, 163.4, 163.4, 162.8, 162.8, 163.3, 162.9, 163.4, 162.9, 162.7, 162.1, 161.6, 162.1, 161.6, 162.1, 162.2, 161.6, 161.5, 162.2, 162.7, 162.7, 162.2, 162.8, 162.8, 163.9, 163.4, 163.3, 163.4, 163.3, 163.9, 163.3, 163.4, 163.9, 164.0, 163.9, 163.4, 162.8, 163.4, 163.3, 162.8, 162.7, 163.3, 164.0, 164.6, 164.6, 163.9, 164.6, 164.5, 164.6, 163.9, 164.6, 164.0, 164.0, 164.6, 164.0, 164.0, 163.9, 163.9, 164.0, 164.5, 163.9, 164.0, 164.0, 164.6, 164.6, 164.6, 164.6, 164.6, 164.6, 164.0, 164.6, 164.0, 164.0, 164.6, 164.0, 164.0, 164.6, 164.6, 164.6, 164.6, 164.6, 164.6, 163.9, 164.6, 163.4, 164.0, 164.6, 164.0, 164.0, 163.9, 162.1, 162.1, 161.0, 162.1, 161.5, 161.5, 161.5, 161.5, 162.1, 161.5, 161.5, 162.1, 161.6, 161.6, 161.5, 162.1, 162.1, 162.1, 162.1, 161.5, 162.1, 161.5, 162.1, 162.1, 161.5, 162.7, 162.8, 162.7, 163.3, 163.3, 163.4, 163.9, 163.4, 162.9, 163.3, 163.4, 163.4, 163.4, 162.7, 163.3, 162.8, 163.3, 163.3, 161.5, 163.3, 162.1, 162.1, 161.5, 161.5, 162.1, 162.1, 162.1, 162.1, 162.1, 162.1, 162.2, 162.2, 161.6, 162.2, 162.1, 162.1, 162.2, 162.2, 162.1, 162.2, 161.5, 162.2, 161.6, 162.2, 162.7, 162.8, 163.3, 163.3, 162.7, 162.1, 162.1, 162.7, 162.7, 162.7, 162.1, 162.7, 162.1, 162.1, 162.8, 162.7, 162.7, 162.1, 162.1, 162.1, 162.2, 162.7, 162.7, 162.7, 162.7, 162.7, 161.5, 162.7, 161.5, 162.1, 162.3, 162.2, 162.3, 162.2, 162.1, 161.5, 162.7, 162.1, 162.7, 162.8, 162.7, 162.2, 162.1, 162.2, 162.2, 162.1, 162.2, 162.8, 162.2, 162.8, 162.1, 162.7, 162.2, 162.1, 162.8, 162.3, 162.8, 162.1, 162.2, 161.5, 162.2, 162.2, 161.6, 162.1, 162.1, 161.6, 161.6, 162.2, 162.7, 162.1, 162.1, 162.7, 162.2, 162.2, 162.2, 162.2, 162.8, 162.1, 162.1, 162.1, 162.2, 162.1, 162.2, 162.1, 162.2, 162.1, 162.1, 162.1, 161.5, 162.1, 162.1, 162.1, 162.1, 162.1, 163.3, 163.9, 163.3, 163.3, 163.3, 163.3, 163.9, 162.7, 163.3, 162.2, 162.2, 162.1, 162.7, 162.7, 161.6, 161.6, 162.1, 162.1, 162.1, 162.1, 162.1, 162.2, 161.5, 161.5, 161.5, 162.1, 162.1, 162.1, 161.5, 162.1, 161.5, 161.5, 161.5, 161.6, 162.1, 162.2, 161.5, 162.1, 162.3, 161.5, 161.6, 161.6, 161.5, 161.6, 161.5, 162.1, 162.1, 162.1, 161.0, 162.1, 162.2, 161.5, 161.6, 161.5, 161.5, 161.5, 161.5, 161.6, 161.5, 161.5, 161.4, 160.3, 160.9, 160.9, 160.2, 161.5, 160.4, 161.5, 161.0, 162.1, 161.5, 160.8, 161.5, 160.9, 160.9, 161.5, 162.1, 162.7, 163.3, 163.4, 162.9, 164.0, 164.6, 165.2, 165.8, 164.7, 165.2, 165.3, 165.8, 167.0, 167.0, 168.2, 167.0, 167.0, 168.2, 168.2, 168.2, 168.2, 168.2, 167.6, 168.2, 167.0, 167.0, 167.6, 167.6, 167.6, 167.6, 167.6, 167.0, 167.0, 167.0, 167.6, 167.6, 168.2, 167.6, 167.0, 167.0, 167.6, 167.6, 167.6, 168.2, 168.2, 168.2, 167.6, 167.6, 167.6, 168.2, 168.2, 167.6, 167.6, 167.0, 167.6, 166.5, 167.0, 167.0, 167.0, 167.0, 166.5, 166.5, 167.0, 167.0, 167.0, 167.0, 167.6, 167.6, 168.2, 167.6, 168.2, 167.6, 168.2, 167.6, 167.6, 167.6, 167.6, 167.0, 167.6, 168.2, 168.2, 167.6, 167.6, 166.5, 167.0, 167.6, 167.6, 168.2, 167.0, 166.5, 166.5, 166.5, 166.5, 164.7, 165.3, 165.3, 165.9, 165.3, 165.3, 165.3, 165.3, 164.7, 165.3, 165.3, 165.3, 164.1, 164.7, 164.6, 164.0, 163.4, 162.7, 162.1, 162.1, 162.1, 161.6, 160.9, 161.0, 160.9, 161.4, 160.8, 160.8, 160.2, 160.9, 160.9, 160.9, 160.9, 161.5, 160.9, 161.5, 160.9, 160.8, 160.9, 161.0, 160.9, 160.2, 160.2, 160.2, 160.2, 160.2, 160.9, 159.6, 159.6, 160.1, 158.8, 158.2, 158.8, 158.9, 158.8, 158.8, 159.6, 160.2, 160.1, 159.6, 160.2, 159.5, 159.6, 160.2, 160.2, 160.2, 160.2, 160.2, 159.6, 159.6, 159.6, 160.2, 160.2, 160.2, 160.3, 160.2, 159.6, 159.6, 160.9, 160.9, 160.9, 160.9, 160.9, 160.9, 161.5, 159.6, 160.9, 160.9, 160.3, 160.9, 160.3, 160.9, 160.4, 160.9, 160.3, 160.3, 160.2, 159.6, 160.9, 160.3, 160.9, 160.9, 161.0, 160.2, 160.9, 161.6, 160.9, 161.6, 161.6, 161.0, 161.6]"
13,"[164.6, 164.6, 164.7, 165.2, 164.6, 164.6, 164.6, 164.6, 164.0, 164.1, 164.7, 164.0, 164.7, 164.6, 164.0, 164.7, 164.0, 164.6, 164.6, 164.0, 164.1, 164.6, 165.2, 165.3, 165.2, 164.1, 164.6, 165.3, 165.2, 164.7, 164.6, 164.0, 164.1, 163.5, 163.5, 164.0, 162.8, 163.4, 163.4, 162.8, 162.8, 162.9, 162.9, 162.9, 162.9, 163.5, 162.9, 162.9, 163.5, 162.8, 164.0, 164.0, 164.0, 164.0, 164.1, 162.9, 163.4, 163.4, 163.3, 163.4, 163.4, 163.5, 162.9, 163.5, 162.9, 162.3, 162.3, 161.7, 162.2, 162.3, 161.5, 162.1, 161.5, 162.3, 162.1, 162.1, 162.2, 161.6, 161.0, 162.3, 161.5, 162.1, 162.1, 162.1, 160.3, 162.1, 162.2, 161.5, 162.1, 162.1, 161.6, 161.1, 161.5, 161.6, 160.3, 161.5, 161.6, 161.5, 161.7, 162.2, 160.9, 162.3, 160.4, 161.6, 161.5, 162.1, 161.5, 161.6, 162.2, 162.3, 161.7, 161.1, 161.6, 162.2, 162.9, 162.9, 164.0, 163.4, 164.0, 164.7, 164.7, 164.1, 164.6, 164.7, 164.7, 166.5, 168.2, 167.0, 166.4, 165.8, 165.8, 164.1, 164.1, 164.2, 164.0, 163.5, 164.1, 163.4, 163.4, 162.8, 163.3, 163.4, 162.8, 162.8, 162.7, 162.7, 163.3, 162.8, 163.4, 164.6, 164.7, 165.3, 165.3, 165.8, 165.3, 165.3, 164.7, 165.3, 165.2, 164.6, 164.7, 164.6, 164.6, 164.6, 164.6, 164.1, 164.1, 164.6, 164.0, 163.4, 162.8, 163.9, 162.7, 162.7, 162.1, 162.7, 161.5, 162.1, 162.7, 162.7, 162.7, 162.1, 162.1, 161.5, 162.0, 161.7, 162.1, 162.2, 162.0, 161.4, 161.5, 161.5, 160.9, 161.5, 162.7, 162.1, 162.6, 162.1, 162.1, 162.7, 162.1, 162.1, 162.1, 162.1, 162.1, 161.5, 162.1, 162.0, 161.5, 162.7, 162.1, 162.1, 162.6, 162.1, 162.1, 162.1, 162.1, 163.3, 162.1, 162.1, 162.7, 162.2, 161.5, 162.2, 162.1, 162.1, 162.1, 162.1, 162.1, 162.7, 162.1, 162.1, 161.5, 162.2, 162.1, 162.1, 162.8, 161.5, 162.1, 162.7, 161.5, 162.1, 162.2, 162.1, 162.2, 162.7, 161.6, 162.7, 162.1, 162.1, 162.1, 162.2, 162.2, 162.1, 162.1, 160.8, 162.1, 160.8, 161.5, 161.4, 161.5, 162.1, 162.1, 161.6, 162.1, 161.4, 162.1, 161.5, 160.9, 162.7, 161.4, 161.5, 161.5, 161.3, 161.4, 161.5, 160.9, 161.4, 161.5, 160.9, 160.9, 161.5, 161.5, 161.5, 160.2, 161.5, 161.5, 160.9, 160.9, 160.9, 161.5, 160.9, 161.6, 160.9, 160.8, 160.8, 160.9, 160.8, 160.9, 160.2, 160.8, 160.9, 160.2, 160.2, 160.9, 160.2, 160.2, 160.2, 160.2, 160.9, 160.9, 160.8, 160.8, 160.9, 160.8, 160.9, 160.2, 160.2, 159.6, 159.6, 159.7, 159.6, 160.2, 160.2, 159.6, 159.6, 160.2, 160.2, 160.2, 160.2, 160.3, 159.7, 159.6, 160.2, 160.1, 160.2, 160.2, 160.2, 160.2, 159.6, 160.2, 160.4, 160.2, 160.2, 160.2, 160.2, 160.2, 160.1, 160.2, 160.2, 160.2, 160.8, 160.2, 160.2, 160.2, 160.2, 159.6, 160.2, 159.6, 160.2, 160.2, 159.6, 160.3, 160.2, 160.2, 160.9, 161.5, 162.1, 161.5, 162.1, 161.6, 162.9, 162.9, 164.0, 164.7, 164.7, 166.5, 166.5, 167.6, 167.0, 167.0, 165.8, 164.7, 164.7, 164.1, 164.1, 163.5, 163.5, 163.5, 162.9, 163.5, 162.9, 163.5, 162.9, 162.3, 162.3, 162.3, 162.9, 163.5, 162.9, 162.9, 162.9, 162.2, 162.2, 162.3, 162.9, 162.2, 161.0, 161.0, 161.7, 161.6, 161.6, 161.0, 160.9, 161.1, 161.0, 161.6, 161.1, 161.5, 160.3, 160.9, 161.0, 160.4, 160.5, 161.5, 160.4, 161.6, 161.6, 161.1, 161.6, 161.0, 161.0, 160.3, 160.4, 161.0, 161.7, 161.6, 161.1, 161.6, 161.6, 161.0, 160.3, 161.6, 160.9, 161.0, 160.9, 160.9, 161.6, 160.9, 161.0, 161.7, 161.6, 162.3, 163.0, 163.5, 163.5, 164.1, 164.1, 164.7, 164.7, 165.3, 165.8, 165.8, 165.8, 165.9, 165.9, 165.9, 166.5, 167.6, 167.0, 167.0, 167.6, 167.6, 167.6, 167.0, 167.0, 165.9, 165.8, 165.9, 164.7, 165.3, 165.3, 164.7, 165.3, 164.7, 165.3, 165.3, 165.3, 164.7, 165.3, 164.7, 165.3, 164.7, 165.3, 164.7, 164.7, 164.7, 164.7, 164.7, 164.1, 164.1, 164.1, 163.5, 163.5, 162.9, 162.9, 162.3, 161.7, 161.6, 161.7, 161.7, 161.7, 161.6, 161.7, 162.1, 161.5, 161.7, 161.7, 162.3, 162.3, 162.2, 161.7, 162.3, 161.7, 161.0, 161.5, 161.0, 160.4, 160.9, 161.0, 160.9, 160.9, 161.6, 161.1, 161.0, 161.0, 161.5, 161.6, 160.4, 160.8, 160.9, 160.9, 160.3, 160.9, 161.5, 161.7, 161.0, 160.9, 160.3, 160.9, 161.0, 160.9, 161.0, 159.6, 160.2, 160.3, 160.2, 160.4, 160.2, 161.6, 161.0, 161.5, 160.2, 161.0, 160.3, 160.2, 160.2, 160.2, 160.3, 160.2, 159.6, 159.7, 161.0, 161.0, 160.9, 160.9, 160.2, 160.9, 160.2, 160.2, 160.3, 160.2, 160.9, 160.9, 159.6, 160.2, 160.4, 160.3, 160.9, 160.2, 160.2, 160.9, 160.3, 160.9, 160.9, 161.0, 160.9, 161.5, 161.5, 162.1]"
13,"[168.2, 167.0, 165.2, 166.4, 167.6, 167.6, 166.4, 167.6, 167.6, 166.4, 163.5, 161.5, 160.9, 161.0, 161.5, 161.5, 161.5, 162.7, 163.4, 164.0, 164.0, 164.6, 164.0, 164.0, 164.6, 165.2, 164.6, 164.6, 165.8, 165.8, 165.8, 165.8, 166.4, 166.4, 166.4, 166.4, 167.0, 168.2, 167.6, 168.2, 168.2, 167.6, 167.6, 167.6, 167.0, 167.6, 168.2, 168.2, 167.6, 167.0, 165.8, 165.8, 164.6, 164.6, 164.1, 164.1, 165.3, 166.4, 165.8, 166.4, 164.7, 165.8, 166.4, 166.4, 166.4, 167.0, 167.6, 168.2, 167.0, 166.4, 165.8, 166.4, 166.4, 166.4, 166.4, 166.4, 166.4, 166.4, 167.0, 165.8, 166.4, 166.4, 165.8, 166.4, 167.0, 166.4, 165.8, 166.4, 166.4, 165.8, 166.4, 166.4, 166.4, 165.8, 166.4, 166.4, 165.8, 165.3, 165.2, 165.8, 165.2, 165.2, 165.8, 165.8, 165.8, 165.8, 165.8, 165.2, 165.8, 165.8, 166.4, 167.0, 166.4, 167.0, 166.4, 167.0, 166.4, 167.0, 166.4, 167.0, 166.4, 166.4, 165.8, 166.4, 166.4, 165.8, 166.4, 167.0, 166.4, 167.0, 168.2, 166.4, 165.8, 164.6, 164.0, 163.3, 162.1, 162.7, 162.1, 162.0, 161.5, 162.1, 161.5, 161.5, 161.5, 161.5, 162.1, 162.0, 162.1, 162.1, 162.7, 162.1, 162.0, 162.0, 162.7, 162.7, 162.6, 162.6, 163.2, 163.3, 164.0, 164.0, 164.6, 164.6, 164.6, 163.3, 164.6, 163.9, 162.7, 163.3, 163.9, 162.7, 163.2, 161.4, 161.5, 162.1, 162.1, 162.7, 161.9, 162.7, 161.3, 161.3, 161.3, 161.4, 160.7, 161.5, 161.9, 161.9, 162.6, 162.6, 162.0, 162.7, 162.7, 162.7, 161.5, 162.7, 162.1, 162.1, 162.1, 162.1, 162.1, 162.7, 161.5, 162.7, 162.1, 162.1, 162.2, 162.1, 162.7, 162.1, 162.7, 162.7, 162.1, 161.5, 162.1, 162.1, 161.5, 162.1, 162.1, 161.5, 161.4, 162.7, 162.7, 162.7, 162.1, 161.3, 161.9, 161.4, 161.5, 161.5, 161.4, 162.2, 162.1, 162.2, 161.5, 161.5, 162.1, 161.5, 162.1, 161.5, 162.0, 161.4, 160.9, 160.8, 162.7, 161.5, 161.5, 161.4, 161.4, 161.5, 162.1, 161.4, 161.5, 160.9, 161.5, 162.1, 161.4, 160.9, 160.8, 161.4, 162.0, 161.4, 161.5, 162.2, 162.1, 162.1, 162.1, 161.5, 162.1, 162.1, 162.1, 161.6, 162.1, 162.1, 162.1, 161.5, 162.2, 161.6, 162.1, 162.7, 162.0, 162.0, 162.2, 162.1, 162.1, 162.1, 162.1, 162.1, 162.1, 162.1, 162.2, 162.1, 161.4, 161.5, 162.7, 161.5, 161.5, 161.4, 162.1, 162.1, 162.1, 161.5, 162.1, 161.5, 162.2, 162.1, 161.5, 161.5, 161.6, 161.4, 160.8, 162.1, 161.4, 160.7, 161.4, 160.7, 160.7, 161.5, 161.4, 161.5, 162.7, 162.2, 162.2, 161.5, 162.7, 161.5, 161.5, 161.5, 162.2, 160.8, 161.0, 161.4, 161.5, 162.2, 161.4, 161.5, 161.4, 160.9, 161.5, 162.1, 162.2, 161.5, 162.1, 162.1, 162.1, 161.5, 162.1, 161.5, 161.5, 161.6, 161.4, 161.4, 162.1, 160.9, 162.1, 161.4, 160.9, 160.9, 161.5, 161.5, 161.4, 161.4, 161.5, 161.5, 162.1, 160.9, 161.6, 161.6, 161.5, 161.5, 160.9, 162.1, 162.2, 162.1, 162.1, 162.7, 162.2, 162.8, 163.4, 164.0, 164.0, 164.0, 164.1, 164.1, 164.6, 165.2, 165.3, 165.9, 167.0, 167.0, 168.2, 168.2, 167.0, 167.0, 166.5, 165.9, 165.9, 166.5, 165.8, 166.5, 165.3, 165.3, 165.9, 165.8, 165.3, 164.7, 164.7, 164.7, 165.3, 164.7, 164.7, 164.1, 163.5, 163.4, 164.0, 164.1, 163.5, 163.5, 162.9, 163.5, 163.5, 163.0, 164.1, 162.9, 163.5, 162.9, 163.5, 164.1, 164.1, 163.5, 162.9, 164.1, 163.5, 164.1, 163.5, 164.1, 164.1, 164.1, 163.4, 163.5, 164.1, 163.5, 163.5, 164.7, 164.1, 164.1, 164.1, 164.1, 164.1, 164.0, 164.7, 164.7, 164.1, 164.1, 164.7, 164.1, 164.7, 164.1, 164.7, 164.1, 164.7, 165.3, 164.7, 165.3, 165.3, 165.3, 164.7, 164.1, 165.2, 165.3, 165.3, 165.9, 165.9, 166.5, 165.9, 167.0, 167.6, 167.6, 168.2, 167.6, 167.6, 167.6, 167.6, 167.6, 168.2, 167.6, 167.1, 166.5, 166.5, 166.5, 165.9, 166.5, 165.9, 166.5, 166.5, 166.5, 167.0, 167.6, 167.0, 167.0, 167.0, 167.0, 166.5, 167.0, 167.0, 167.0, 167.0, 167.0, 166.5, 165.9, 165.9, 165.9, 165.9, 165.3, 165.3, 165.9, 165.9, 165.9, 165.9, 165.9, 165.8, 165.3, 165.8, 165.9, 165.9, 165.8, 165.8, 165.8, 165.8, 165.8, 165.8, 165.3, 165.3, 164.7, 165.8, 165.3, 164.7, 164.7, 165.3, 165.3, 165.3, 164.1, 164.7, 164.1, 164.7, 164.7, 164.7, 164.7, 164.1, 164.6, 165.3, 164.7, 164.1, 162.9, 163.4, 163.4, 162.9, 163.4, 163.4, 162.9, 162.8, 162.2, 161.6, 161.1, 161.6, 161.1, 160.2, 162.2, 161.6, 162.8, 161.5, 162.3, 161.5, 161.5, 161.7, 161.6, 161.5, 161.5, 161.0, 160.2, 160.2, 160.2, 159.6, 160.2, 160.2, 159.6, 160.8, 160.3, 160.9, 160.8, 160.9, 160.9, 160.9, 160.9, 161.1, 161.7, 161.5, 163.4, 164.7, 164.7]"
13,"[165.2, 167.6, 167.6, 167.0, 167.6, 167.6, 167.0, 167.0, 165.8, 165.9, 166.5, 166.4, 167.0, 166.5, 167.6, 166.4, 167.0, 166.5, 165.8, 166.4, 167.6, 167.0, 165.8, 166.4, 165.8, 165.8, 166.4, 166.4, 166.4, 166.4, 166.4, 166.4, 166.4, 165.8, 166.4, 165.8, 166.4, 165.8, 165.8, 166.4, 167.0, 167.6, 167.6, 167.6, 167.6, 167.6, 167.6, 167.6, 166.4, 167.0, 166.4, 166.4, 165.8, 165.8, 166.4, 166.4, 166.4, 165.8, 166.4, 165.8, 166.4, 165.8, 166.4, 166.4, 167.0, 167.0, 165.8, 166.4, 165.8, 166.4, 167.0, 166.4, 166.5, 167.0, 166.4, 167.0, 166.4, 166.4, 166.4, 166.4, 166.4, 166.4, 166.4, 167.0, 165.8, 165.8, 165.8, 165.8, 166.4, 165.8, 166.4, 166.4, 165.8, 165.8, 165.8, 165.8, 165.8, 166.4, 166.4, 166.4, 167.0, 166.4, 165.8, 166.4, 166.4, 165.8, 166.4, 166.4, 167.0, 166.4, 165.8, 166.4, 165.8, 165.8, 166.4, 165.8, 166.4, 167.0, 166.5, 167.0, 167.0, 166.4, 167.0, 165.8, 166.5, 167.0, 166.4, 167.0, 166.5, 165.8, 164.7, 164.0, 164.6, 164.0, 164.6, 164.6, 163.9, 163.3, 164.0, 164.0, 164.0, 164.6, 165.2, 164.0, 164.6, 164.6, 163.4, 163.9, 164.6, 163.9, 164.6, 164.0, 164.0, 163.4, 164.6, 164.6, 164.0, 165.3, 166.4, 165.8, 165.2, 164.6, 164.6, 164.0, 164.6, 164.6, 164.6, 164.0, 164.6, 164.6, 164.0, 164.0, 164.6, 164.0, 163.4, 163.9, 164.6, 164.0, 164.6, 164.6, 164.6, 164.6, 164.6, 165.2, 164.6, 164.6, 164.6, 165.2, 164.6, 164.6, 163.2, 163.3, 163.3, 163.3, 163.9, 163.3, 163.3, 163.3, 163.3, 163.2, 163.3, 162.7, 163.3, 163.3, 163.4, 163.3, 163.3, 164.5, 163.3, 163.3, 162.7, 164.6, 163.3, 163.3, 163.3, 163.3, 163.3, 163.3, 163.3, 163.3, 163.4, 163.4, 163.4, 163.4, 163.4, 163.3, 163.3, 163.3, 163.4, 163.3, 163.9, 163.9, 163.3, 163.3, 162.8, 163.3, 164.0, 163.4, 163.9, 163.4, 163.9, 163.3, 164.0, 164.0, 163.3, 163.3, 164.6, 163.3, 164.0, 163.4, 163.3, 163.9, 163.9, 163.3, 163.3, 163.3, 163.3, 163.4, 163.4, 162.7, 162.8, 163.3, 163.3, 162.7, 162.7, 162.7, 162.7, 162.7, 162.7, 162.7, 162.7, 162.6, 163.3, 162.7, 163.2, 162.7, 162.7, 163.3, 163.2, 162.0, 162.1, 162.7, 162.7, 162.7, 162.7, 162.2, 162.7, 162.7, 162.7, 162.3, 162.7, 162.7, 162.8, 162.7, 162.9, 162.7, 162.2, 162.8, 162.8, 162.2, 162.9, 163.4, 164.0, 162.9, 164.0, 163.4, 164.0, 164.1, 163.4, 164.0, 163.4, 164.0, 164.0, 164.0, 164.6, 164.1, 164.0, 164.0, 164.0, 164.0, 164.7, 164.1, 164.6, 163.5, 163.9, 164.0, 163.4, 163.4, 163.4, 163.4, 162.8, 162.8, 162.8, 162.8, 162.1, 162.1, 162.7, 162.7, 162.7, 162.2, 162.8, 162.3, 162.9, 162.7, 162.9, 162.2, 162.2, 162.8, 163.5, 164.0, 163.4, 163.4, 164.0, 162.9, 163.4, 162.9, 162.8, 162.9, 162.1, 162.1, 162.2, 162.1, 162.7, 162.1, 162.7, 162.7, 162.1, 163.3, 162.9, 164.1, 164.0, 164.7, 164.7, 167.0, 167.6, 168.2, 166.5, 165.3, 165.8, 165.8, 165.8, 165.3, 164.7, 165.2, 164.6, 164.0, 164.0, 164.1, 163.5, 163.5, 163.5, 163.5, 164.1, 163.5, 163.5, 162.9, 163.5, 162.9, 163.4, 162.9, 162.9, 162.9, 162.3, 162.3, 162.9, 161.7, 162.3, 161.7, 162.3, 162.3, 162.3, 162.3, 162.3, 162.3, 162.3, 162.9, 162.3, 161.7, 162.3, 162.3, 162.3, 161.7, 162.3, 162.3, 162.3, 162.3, 162.3, 161.7, 162.3, 162.3, 161.7, 162.9, 163.0, 162.9, 162.9, 162.9, 162.9, 162.9, 162.3, 162.9, 162.9, 163.5, 162.9, 163.5, 162.9, 162.9, 162.9, 162.9, 163.5, 162.9, 162.9, 162.9, 163.4, 163.5, 164.1, 163.4, 163.4, 163.5, 163.5, 163.5, 164.0, 164.1, 164.7, 164.1, 165.8, 165.3, 165.3, 165.8, 165.3, 165.9, 165.8, 166.5, 166.4, 166.5, 166.5, 166.4, 165.9, 165.9, 166.5, 166.5, 166.5, 166.5, 167.0, 167.0, 166.5, 166.5, 166.5, 166.5, 167.0, 167.6, 167.0, 167.6, 167.6, 167.6, 167.6, 168.2, 167.6, 167.6, 167.6, 167.6, 167.6, 167.6, 167.0, 167.0, 167.0, 167.6, 167.6, 167.6, 168.2, 168.2, 168.2, 167.6, 168.2, 167.6, 168.2, 167.6, 167.0, 167.0, 166.5, 167.0, 166.5, 166.5, 165.9, 165.3, 165.3, 165.9, 164.7, 164.7, 164.7, 164.1, 162.9, 162.9, 164.7, 164.7, 165.3, 164.7, 164.7, 164.7, 164.7, 164.7, 164.7, 164.7, 165.3, 164.7, 164.7, 165.3, 164.7, 164.1, 164.1, 163.5, 164.1, 164.1, 164.1, 164.1, 163.4, 164.7, 164.0, 164.0, 163.4, 163.4, 164.1, 164.1, 164.0, 164.0, 163.4, 163.4, 163.4, 164.0, 164.0, 164.1, 164.0, 163.4, 163.4, 162.9, 163.4, 163.4, 163.4, 164.0, 163.3, 162.9, 162.8, 163.4, 163.4, 163.4, 164.7, 163.9, 164.6, 164.0, 162.7, 164.0, 165.2, 163.4, 164.0, 163.4, 164.0, 164.0, 163.3, 163.4, 163.4, 162.9]"
13,"[165.2, 165.7, 165.8, 167.6, 167.0, 164.6, 165.7, 165.8, 165.2, 165.2, 165.2, 165.2, 165.3, 165.2, 165.2, 165.3, 164.6, 164.0, 164.6, 165.3, 165.2, 164.6, 164.6, 164.6, 164.6, 164.6, 164.6, 164.6, 165.7, 165.3, 164.7, 165.2, 165.8, 165.8, 165.8, 165.2, 165.2, 165.2, 164.6, 164.6, 164.5, 164.6, 164.6, 164.6, 164.6, 165.2, 164.6, 165.2, 165.2, 163.9, 165.2, 165.2, 164.6, 164.6, 164.6, 165.2, 165.2, 165.2, 165.2, 165.2, 164.6, 165.2, 164.6, 163.9, 165.2, 165.2, 165.2, 164.0, 164.0, 165.1, 164.5, 164.6, 164.6, 164.6, 165.2, 165.2, 165.2, 164.6, 164.6, 165.2, 164.6, 165.3, 164.5, 165.2, 164.0, 165.1, 163.9, 164.6, 164.6, 164.6, 164.6, 164.6, 165.2, 164.6, 165.2, 164.1, 164.6, 165.3, 165.8, 165.2, 165.2, 164.6, 165.2, 164.7, 164.6, 164.6, 164.7, 164.6, 164.6, 164.6, 164.6, 164.6, 164.6, 164.5, 164.6, 164.6, 164.6, 164.6, 164.5, 164.7, 164.6, 165.2, 165.2, 164.6, 165.8, 165.3, 165.2, 164.7, 164.6, 164.6, 164.6, 163.9, 165.2, 165.2, 165.8, 168.2, 165.3, 164.6, 164.0, 163.3, 163.3, 162.1, 162.1, 162.7, 162.1, 161.5, 162.1, 162.7, 162.6, 162.6, 162.7, 162.7, 162.2, 162.1, 162.1, 162.7, 162.7, 162.7, 163.9, 162.7, 163.3, 163.3, 163.4, 163.3, 164.5, 163.9, 163.3, 163.9, 163.3, 163.9, 162.6, 162.6, 162.4, 161.8, 162.4, 163.1, 162.7, 163.9, 163.3, 163.2, 163.3, 162.7, 162.1, 163.3, 162.7, 163.3, 162.7, 162.7, 162.7, 163.3, 162.7, 163.3, 162.6, 162.6, 162.7, 162.1, 163.3, 162.7, 162.0, 162.1, 162.1, 162.6, 162.0, 162.7, 161.9, 161.3, 162.6, 162.0, 163.3, 162.7, 162.7, 162.8, 162.7, 160.9, 162.1, 162.1, 162.7, 162.1, 162.1, 162.2, 162.3, 161.5, 162.1, 161.6, 161.5, 161.5, 161.6, 160.9, 161.5, 161.4, 160.8, 160.9, 160.9, 161.4, 160.2, 160.9, 160.9, 160.7, 160.1, 160.1, 160.7, 161.3, 160.7, 160.2, 160.7, 160.1, 160.1, 160.9, 161.5, 160.9, 161.5, 162.1, 162.1, 162.1, 162.1, 161.5, 161.5, 161.5, 162.1, 162.1, 162.1, 162.1, 162.1, 160.9, 160.9, 161.4, 161.5, 162.2, 161.5, 161.5, 160.7, 160.1, 161.5, 161.5, 162.1, 161.5, 161.4, 160.8, 160.9, 160.9, 160.3, 160.7, 160.3, 160.2, 160.9, 160.2, 160.7, 160.1, 160.0, 160.1, 159.5, 160.0, 160.0, 159.5, 159.5, 159.5, 159.6, 159.7, 160.4, 159.7, 160.2, 160.9, 160.9, 160.9, 160.9, 160.2, 160.2, 160.2, 160.9, 160.9, 160.2, 160.2, 160.9, 160.9, 160.9, 160.3, 160.2, 160.3, 160.3, 160.9, 160.2, 160.9, 160.3, 159.8, 159.7, 160.3, 160.3, 159.7, 159.7, 160.3, 159.6, 160.2, 160.3, 160.3, 160.3, 159.7, 160.3, 160.4, 160.2, 159.7, 159.7, 160.3, 160.3, 160.3, 160.4, 160.3, 160.2, 159.7, 159.7, 159.7, 159.7, 159.7, 159.7, 159.8, 159.1, 159.7, 159.0, 158.3, 157.0, 156.3, 155.1, 153.7, 151.5, 151.3, 150.9, 151.3, 150.7, 150.4, 150.6, 151.3, 151.2, 150.2, 151.5, 153.1, 154.9, 156.9, 158.4, 159.0, 159.6, 159.6, 160.2, 161.1, 161.7, 162.9, 162.4, 163.0, 164.1, 164.1, 164.7, 165.3, 167.0, 168.2, 168.2, 167.6, 167.6, 166.4, 165.9, 166.5, 165.3, 165.3, 164.7, 164.1, 164.7, 164.1, 163.5, 164.1, 164.1, 164.0, 162.9, 164.1, 164.7, 164.1, 164.1, 164.0, 162.9, 162.8, 163.4, 163.4, 162.9, 164.1, 164.1, 164.0, 164.1, 164.7, 164.1, 164.1, 164.1, 164.1, 164.1, 164.1, 164.1, 163.5, 162.9, 163.0, 163.4, 162.9, 162.9, 163.5, 163.5, 163.5, 164.1, 163.5, 164.1, 164.7, 165.9, 166.5, 167.0, 166.4, 166.4, 166.5, 166.5, 165.9, 166.5, 166.5, 165.3, 165.9, 166.4, 167.0, 167.0, 167.0, 165.9, 165.9, 165.9, 165.3, 165.9, 165.3, 165.3, 164.7, 165.8, 164.7, 165.3, 165.3, 165.3, 165.3, 165.9, 166.5, 166.5, 167.6, 167.0, 166.5, 165.9, 165.9, 165.9, 166.5, 164.6, 165.3, 164.7, 165.3, 164.7, 164.7, 165.3, 164.7, 164.1, 165.3, 164.7, 165.3, 165.3, 165.9, 163.5, 165.3, 165.3, 164.1, 164.7, 164.1, 164.7, 164.1, 164.1, 164.1, 164.2, 164.7, 164.7, 165.3, 165.3, 164.1, 164.7, 164.1, 165.3, 164.7, 164.1, 165.3, 164.7, 164.7, 164.7, 164.7, 165.3, 164.7, 164.7, 164.7, 164.7, 165.3, 165.8, 165.9, 165.9, 165.3, 165.3, 165.3, 165.9, 165.9, 165.3, 165.3, 165.8, 166.5, 165.9, 165.9, 166.5, 165.9, 165.8, 165.9, 166.5, 166.5, 167.0, 167.0, 166.5, 165.9, 165.8, 165.3, 165.3, 167.6, 168.2, 167.6, 168.2, 168.2, 167.6, 167.6, 167.6, 167.6, 168.2, 168.2, 167.6, 167.6, 167.6, 167.0, 167.0, 166.4, 167.0, 167.6, 167.0, 167.0, 167.0, 167.0, 167.0, 167.0, 167.0, 167.0, 167.0, 166.4, 166.4, 167.0, 166.4, 165.8, 167.0, 166.4, 165.8, 165.8, 165.2, 165.2, 165.8, 165.8, 165.8, 165.2]"
13,"[165.2, 162.1, 162.1, 160.1, 160.8, 160.6, 160.0, 160.8, 161.5, 162.1, 161.5, 162.7, 162.3, 163.4, 163.4, 164.0, 164.0, 164.1, 164.1, 163.5, 164.7, 164.1, 164.1, 164.1, 164.1, 164.0, 164.1, 164.0, 164.6, 164.0, 164.0, 164.0, 163.4, 163.4, 162.9, 162.8, 162.9, 163.3, 162.8, 162.9, 162.8, 162.2, 162.2, 162.8, 163.4, 163.4, 163.4, 163.4, 164.0, 163.4, 164.0, 164.0, 164.0, 162.8, 162.8, 162.8, 162.9, 162.7, 163.4, 163.4, 162.7, 162.7, 162.1, 163.9, 163.4, 164.0, 164.0, 164.6, 163.9, 164.6, 164.1, 164.6, 164.0, 163.4, 163.4, 162.8, 163.4, 162.9, 163.4, 162.1, 162.1, 162.8, 162.8, 162.8, 162.9, 162.8, 162.9, 162.8, 162.9, 162.8, 162.9, 163.4, 164.0, 164.0, 164.0, 164.0, 164.0, 164.0, 164.6, 164.7, 164.0, 164.1, 164.6, 164.1, 164.0, 164.6, 164.0, 164.0, 164.0, 164.0, 163.4, 163.4, 163.9, 164.0, 163.4, 162.9, 162.9, 162.9, 163.4, 162.3, 162.7, 162.7, 161.5, 162.2, 162.1, 162.1, 162.1, 162.7, 162.9, 162.1, 162.7, 162.1, 161.5, 161.5, 161.5, 161.3, 160.9, 161.5, 160.9, 161.4, 161.5, 161.5, 160.9, 160.9, 160.3, 160.2, 160.3, 160.3, 161.5, 160.9, 160.9, 161.5, 161.5, 161.5, 160.2, 160.9, 161.5, 160.9, 160.9, 160.9, 160.8, 161.4, 160.9, 160.9, 160.9, 160.8, 161.5, 161.5, 161.0, 160.7, 162.1, 160.9, 161.5, 160.8, 160.9, 160.9, 160.8, 160.9, 159.6, 160.2, 160.9, 160.9, 160.9, 160.9, 160.9, 160.2, 159.6, 161.5, 160.3, 160.2, 160.2, 160.9, 160.9, 160.9, 160.2, 160.2, 160.8, 159.7, 161.0, 160.3, 160.3, 159.6, 160.3, 159.6, 160.3, 160.3, 160.2, 159.7, 159.7, 159.7, 159.8, 159.7, 159.8, 160.3, 159.6, 159.0, 159.1, 159.6, 159.1, 159.0, 159.6, 159.7, 159.7, 159.6, 159.6, 159.7, 159.7, 160.3, 159.6, 160.2, 160.3, 160.3, 160.9, 161.5, 161.5, 161.5, 161.4, 160.9, 160.9, 161.5, 161.5, 160.1, 160.1, 160.2, 160.1, 160.9, 160.9, 161.5, 160.9, 160.9, 160.7, 160.8, 160.2, 160.2, 160.1, 160.8, 160.8, 160.2, 160.1, 160.2, 160.1, 160.9, 160.2, 160.2, 160.2, 160.2, 160.1, 160.2, 160.2, 160.2, 160.2, 160.3, 160.3, 160.2, 160.2, 160.1, 160.2, 160.2, 160.2, 160.2, 160.2, 160.3, 160.2, 160.4, 160.3, 160.3, 160.3, 160.2, 160.2, 160.9, 160.2, 160.3, 160.3, 160.1, 160.7, 160.3, 159.6, 160.2, 160.2, 160.9, 160.2, 159.6, 160.7, 159.6, 159.6, 160.2, 160.2, 159.8, 160.9, 160.8, 160.9, 160.4, 160.9, 160.8, 159.6, 160.3, 160.2, 160.3, 159.7, 161.0, 160.9, 160.2, 160.2, 160.3, 160.2, 160.2, 160.3, 159.7, 160.9, 160.2, 159.6, 159.5, 159.6, 159.4, 159.6, 159.6, 158.8, 159.6, 159.6, 160.1, 159.5, 159.5, 158.3, 158.8, 160.2, 160.2, 160.9, 160.9, 160.9, 160.3, 160.3, 159.7, 158.8, 159.6, 158.8, 158.7, 159.5, 159.5, 158.9, 159.6, 159.6, 160.9, 160.9, 160.2, 160.8, 160.9, 161.5, 161.6, 160.9, 160.9, 160.9, 161.4, 160.9, 161.5, 160.9, 161.5, 161.4, 161.5, 162.1, 163.4, 164.1, 163.5, 164.7, 164.7, 165.3, 166.5, 168.2, 168.2, 167.6, 167.6, 167.1, 167.6, 166.5, 166.5, 166.5, 165.9, 165.3, 165.3, 164.6, 164.0, 163.5, 164.1, 162.9, 164.1, 163.5, 162.9, 162.9, 161.7, 161.7, 163.0, 162.3, 162.3, 161.7, 161.0, 160.9, 160.4, 159.6, 161.1, 160.3, 159.8, 160.2, 159.7, 159.7, 159.7, 160.9, 160.3, 160.2, 160.4, 159.8, 160.4, 159.8, 159.8, 159.0, 159.0, 160.3, 158.5, 159.0, 159.1, 159.2, 158.5, 158.6, 157.8, 159.2, 158.5, 159.2, 159.0, 159.0, 157.8, 158.0, 158.4, 158.0, 159.0, 158.5, 158.5, 158.5, 157.8, 158.4, 158.9, 158.6, 158.4, 158.4, 158.5, 157.3, 158.6, 158.5, 159.2, 159.1, 158.5, 159.1, 159.1, 158.6, 159.8, 159.2, 159.1, 158.7, 159.7, 159.7, 157.8, 159.0, 159.7, 160.9, 159.7, 160.9, 160.2, 160.3, 159.7, 159.1, 160.3, 159.6, 160.2, 160.2, 160.2, 160.3, 160.3, 160.3, 161.1, 161.1, 161.7, 160.9, 161.0, 161.5, 161.0, 161.0, 160.4, 160.4, 161.7, 161.1, 160.4, 161.7, 161.5, 161.1, 161.1, 162.3, 162.3, 162.3, 162.3, 162.3, 162.3, 162.3, 163.0, 162.3, 162.3, 162.9, 162.3, 162.9, 162.3, 162.3, 162.9, 163.4, 163.6, 162.9, 162.9, 163.5, 162.9, 163.5, 163.5, 162.9, 164.1, 163.5, 164.7, 163.5, 164.1, 164.1, 164.1, 164.1, 164.7, 164.1, 164.1, 164.1, 164.1, 164.1, 164.1, 164.1, 164.0, 163.5, 164.1, 164.1, 164.1, 164.7, 164.7, 165.3, 165.9, 165.3, 166.5, 166.4, 168.2, 168.2, 168.2, 167.0, 167.6, 167.6, 168.2, 167.6, 168.2, 168.2, 167.6, 167.0, 165.2, 164.7, 164.1, 164.1, 164.1, 164.0, 164.0, 163.5, 164.7, 165.3, 165.3, 165.2, 165.8, 163.5, 164.1, 164.0, 164.6, 164.0, 164.0, 163.4, 164.1, 164.6, 164.0]"
14,"[160.8, 160.3, 160.2, 158.7, 158.9, 160.7, 161.3, 162.1, 162.6, 162.7, 162.1, 161.5, 160.9, 160.9, 160.3, 160.2, 159.6, 159.6, 159.7, 159.6, 160.2, 160.2, 159.5, 160.2, 160.2, 160.2, 159.6, 158.9, 159.7, 159.0, 157.7, 156.6, 157.7, 158.3, 158.3, 159.5, 160.2, 159.6, 159.0, 159.0, 160.3, 159.6, 159.0, 159.5, 160.3, 160.2, 158.9, 158.9, 159.0, 160.2, 160.1, 160.2, 159.6, 159.0, 159.7, 160.2, 159.7, 160.8, 160.8, 160.8, 160.8, 160.9, 161.4, 161.6, 161.6, 161.5, 162.1, 162.1, 161.5, 162.1, 162.1, 162.1, 162.1, 162.7, 162.7, 162.7, 162.7, 162.7, 163.4, 163.3, 163.3, 164.0, 163.4, 163.4, 163.4, 163.4, 164.1, 162.7, 163.3, 162.7, 163.3, 162.7, 162.1, 162.1, 162.7, 162.1, 162.7, 162.1, 162.7, 163.3, 163.4, 162.1, 163.3, 163.3, 162.1, 162.7, 162.7, 162.7, 162.7, 162.7, 163.2, 163.3, 162.7, 162.7, 162.7, 162.7, 163.3, 162.7, 162.6, 162.7, 163.3, 163.3, 163.9, 163.3, 163.3, 163.3, 163.3, 163.3, 163.3, 163.2, 162.7, 161.4, 160.9, 160.3, 160.3, 160.2, 159.6, 159.6, 159.6, 159.0, 159.0, 159.7, 159.7, 159.6, 159.6, 159.6, 159.7, 159.7, 159.6, 160.1, 159.6, 160.8, 160.8, 161.4, 161.4, 162.7, 163.4, 162.7, 163.4, 164.1, 164.0, 164.1, 164.0, 164.1, 164.1, 164.1, 164.1, 163.5, 163.4, 162.7, 162.7, 162.1, 162.1, 161.4, 160.8, 160.8, 159.6, 160.3, 159.7, 158.4, 157.9, 157.2, 157.1, 157.3, 157.3, 157.3, 156.5, 156.6, 156.6, 156.6, 156.6, 156.6, 156.0, 155.3, 156.6, 155.9, 155.9, 155.9, 155.9, 155.9, 155.9, 155.3, 155.1, 154.5, 153.8, 154.1, 154.5, 153.9, 154.7, 154.1, 154.7, 154.7, 154.5, 154.4, 154.1, 154.1, 153.8, 154.1, 153.5, 153.9, 153.9, 153.9, 154.7, 153.9, 154.1, 153.9, 153.9, 153.9, 154.1, 153.3, 154.7, 154.1, 154.5, 154.4, 153.9, 154.5, 153.2, 153.2, 153.6, 153.8, 153.6, 153.8, 153.2, 153.2, 153.9, 153.8, 153.8, 154.5, 153.2, 153.2, 153.8, 153.9, 152.7, 153.2, 153.8, 153.8, 153.2, 153.2, 153.8, 153.8, 153.9, 153.3, 153.2, 153.8, 153.2, 153.8, 153.2, 154.5, 153.8, 153.9, 153.9, 153.2, 153.3, 153.9, 153.2, 153.5, 153.8, 153.3, 153.3, 153.3, 153.3, 153.2, 154.1, 153.9, 153.3, 153.2, 153.2, 153.2, 153.5, 153.5, 153.3, 153.3, 153.2, 153.2, 153.3, 153.9, 153.9, 153.9, 153.2, 153.9, 153.0, 153.3, 153.2, 153.3, 153.5, 153.3, 153.2, 152.6, 153.2, 152.6, 152.6, 153.2, 152.7, 153.5, 153.2, 152.6, 152.6, 152.6, 152.4, 153.2, 152.6, 152.7, 152.7, 153.2, 152.4, 153.2, 152.6, 152.6, 152.6, 152.6, 152.6, 153.2, 153.2, 152.6, 153.2, 152.6, 152.6, 153.2, 152.6, 153.3, 152.6, 152.4, 152.4, 152.7, 151.6, 152.4, 153.6, 152.4, 152.8, 154.1, 152.8, 152.1, 152.7, 151.6, 152.8, 151.2, 151.4, 151.4, 152.7, 151.8, 152.8, 151.6, 152.4, 151.6, 151.6, 151.6, 153.0, 151.8, 152.4, 151.6, 152.2, 152.4, 152.4, 153.2, 153.6, 154.7, 156.6, 158.4, 160.3, 160.9, 161.5, 160.9, 161.5, 161.5, 162.1, 162.2, 162.8, 163.5, 163.5, 163.5, 164.7, 164.7, 163.5, 164.1, 165.3, 165.3, 165.2, 165.3, 164.0, 165.3, 164.7, 164.7, 164.7, 164.7, 164.7, 165.2, 165.2, 165.8, 165.8, 165.9, 166.5, 166.5, 165.8, 166.4, 166.4, 166.5, 167.1, 167.7, 167.7, 167.7, 167.1, 167.0, 167.0, 167.7, 167.7, 168.3, 167.7, 167.7, 167.7, 167.7, 167.7, 167.7, 167.1, 167.7, 168.3, 168.3, 168.3, 167.7, 167.7, 168.3, 168.3, 167.7, 167.7, 168.3, 167.7, 168.3, 168.3, 168.3, 167.7, 167.7, 167.7, 167.1, 167.1, 167.1, 167.1, 166.5, 167.1, 166.5, 166.5, 166.5, 166.5, 165.9, 165.8, 165.8, 166.4, 166.4, 165.9, 165.9, 164.7, 164.7, 164.1, 164.1, 163.3, 163.4, 163.4, 163.4, 162.1, 161.4, 162.1, 161.4, 161.4, 160.2, 160.9, 161.4, 161.5, 161.4, 161.5, 161.4, 161.4, 160.9, 160.9, 160.3, 160.3, 159.7, 160.3, 160.9, 160.3, 159.6, 160.9, 160.8, 160.2, 159.7, 160.9, 161.4, 160.8, 160.9, 160.9, 161.5, 161.5, 161.5, 160.9, 160.3, 160.2, 160.2, 159.5, 159.0, 159.0, 158.4, 158.4, 158.5, 157.7, 157.7, 157.1, 157.1, 157.0, 157.1, 157.2, 157.2, 157.1, 157.8, 157.8, 157.2, 157.1, 156.5, 157.2, 155.7, 155.7, 157.0, 156.3, 157.0, 157.1, 157.1, 156.5, 156.5, 156.5, 156.5, 157.0, 156.6, 156.5, 158.3, 157.8, 157.7, 157.2, 157.2, 157.1, 157.7, 157.7, 157.1, 156.5, 156.5, 156.6, 157.1, 157.1, 157.7, 157.3, 157.2, 157.7, 159.5, 159.5, 159.7, 159.7, 159.6, 159.6, 159.6, 159.7, 159.7, 159.0, 159.7, 160.4, 159.6, 159.7, 160.3, 159.7, 159.8, 159.8, 159.8, 159.7, 159.7, 160.3, 159.7, 159.6, 159.0, 159.1, 158.9, 158.9, 158.5, 158.3, 158.3, 158.4, 158.4]"
14,"[167.7, 166.5, 165.9, 165.2, 165.2, 166.4, 167.0, 167.0, 167.0, 167.0, 168.3, 167.7, 168.3, 168.3, 167.7, 167.7, 167.1, 167.7, 167.7, 167.7, 167.7, 167.7, 168.3, 167.7, 168.3, 168.3, 168.3, 168.3, 167.7, 167.7, 167.1, 167.0, 167.0, 165.8, 165.8, 165.8, 165.8, 166.4, 166.4, 165.9, 165.2, 165.8, 165.2, 165.8, 165.2, 166.4, 165.8, 165.2, 166.4, 166.4, 166.5, 165.8, 166.4, 165.9, 165.8, 165.9, 167.0, 165.9, 166.4, 165.9, 165.8, 166.5, 167.1, 167.1, 166.5, 165.9, 165.9, 166.5, 165.8, 165.8, 166.4, 167.0, 165.8, 166.4, 165.9, 165.8, 165.8, 165.8, 166.4, 166.4, 166.4, 166.4, 166.4, 167.0, 167.7, 167.1, 167.7, 167.1, 167.0, 167.1, 167.0, 167.7, 167.1, 166.4, 167.1, 167.0, 167.1, 167.7, 167.0, 167.1, 167.1, 167.0, 167.0, 167.1, 167.1, 167.1, 167.7, 167.7, 168.3, 167.7, 168.3, 168.3, 167.7, 168.3, 167.7, 167.7, 168.3, 168.3, 168.3, 167.7, 168.3, 168.3, 168.3, 167.7, 165.9, 164.6, 163.4, 163.2, 162.1, 161.5, 160.8, 160.8, 160.8, 160.2, 159.6, 160.3, 159.6, 160.2, 159.7, 160.1, 159.7, 159.6, 159.6, 159.6, 159.6, 160.2, 160.2, 159.6, 160.2, 159.6, 160.2, 160.3, 160.8, 160.9, 160.8, 160.9, 160.9, 160.8, 160.8, 160.2, 159.5, 159.5, 160.2, 160.2, 160.2, 160.2, 160.1, 159.5, 155.0, 153.0, 152.4, 152.4, 152.8, 153.0, 152.4, 151.8, 152.4, 152.0, 152.4, 152.6, 152.4, 153.0, 152.4, 152.4, 152.2, 152.4, 153.2, 152.2, 153.2, 152.6, 152.6, 153.0, 153.0, 152.2, 153.2, 153.0, 152.0, 152.4, 152.4, 152.2, 151.8, 151.6, 152.2, 152.2, 152.4, 152.4, 152.4, 151.8, 152.4, 151.2, 152.6, 152.4, 152.0, 152.4, 152.6, 152.6, 151.8, 152.6, 151.8, 152.6, 152.6, 153.2, 152.0, 152.4, 152.6, 152.0, 152.6, 152.6, 153.2, 153.8, 152.6, 152.0, 152.0, 152.7, 152.2, 152.0, 151.6, 152.1, 152.1, 151.9, 150.2, 150.8, 150.8, 150.8, 150.8, 151.0, 152.1, 151.0, 152.2, 151.6, 151.8, 152.4, 151.6, 153.3, 153.0, 152.4, 153.5, 152.6, 152.4, 152.4, 153.0, 151.8, 152.2, 152.2, 152.4, 152.4, 152.4, 152.4, 153.5, 152.8, 152.0, 153.0, 151.2, 152.4, 153.0, 153.0, 152.4, 153.2, 152.4, 153.3, 152.4, 153.3, 153.5, 153.2, 153.2, 153.8, 153.0, 152.6, 153.5, 152.2, 152.8, 153.6, 153.0, 151.8, 152.2, 152.4, 151.8, 152.4, 152.4, 151.8, 152.4, 152.4, 151.8, 152.4, 152.4, 152.4, 151.6, 152.8, 151.8, 152.7, 151.8, 151.6, 151.3, 150.8, 150.0, 150.6, 150.6, 151.9, 150.8, 151.9, 151.9, 150.8, 151.9, 151.9, 151.4, 151.6, 151.6, 151.6, 151.6, 151.6, 152.1, 152.7, 152.1, 150.4, 149.6, 151.3, 149.6, 150.0, 149.8, 150.6, 151.3, 151.4, 151.3, 151.4, 151.3, 150.6, 151.4, 151.4, 150.8, 151.0, 152.1, 152.1, 151.4, 151.4, 152.2, 151.6, 151.6, 151.6, 150.8, 151.4, 151.4, 151.0, 150.6, 150.8, 151.6, 151.8, 153.3, 154.7, 156.6, 157.9, 159.7, 160.2, 160.8, 161.5, 160.9, 162.2, 162.7, 162.9, 163.5, 164.1, 164.7, 165.3, 165.3, 165.9, 165.3, 165.8, 166.5, 166.5, 166.5, 166.5, 166.5, 166.5, 166.5, 166.5, 166.5, 166.5, 167.1, 167.1, 166.5, 167.1, 167.7, 167.1, 167.1, 166.5, 167.7, 167.7, 167.1, 167.7, 167.7, 168.3, 167.1, 167.7, 167.7, 167.7, 167.7, 167.1, 167.1, 167.7, 167.7, 168.3, 167.7, 168.3, 166.4, 166.4, 166.5, 167.0, 166.5, 165.8, 164.6, 164.6, 164.0, 164.6, 164.6, 165.2, 164.6, 164.6, 163.4, 162.7, 163.4, 164.0, 163.4, 163.4, 163.4, 164.0, 164.0, 164.6, 164.0, 164.6, 164.7, 165.2, 164.6, 164.6, 164.7, 164.6, 164.7, 164.6, 165.2, 164.0, 164.0, 164.6, 164.0, 164.5, 164.0, 164.0, 164.6, 163.4, 164.5, 163.5, 163.4, 164.0, 164.0, 163.5, 164.0, 162.1, 161.5, 162.1, 162.1, 162.7, 162.8, 163.4, 162.8, 162.7, 162.7, 162.7, 161.5, 161.6, 160.9, 160.9, 160.9, 160.9, 161.6, 160.8, 161.4, 161.6, 161.6, 160.9, 161.4, 161.0, 160.3, 160.9, 160.8, 160.9, 160.9, 161.5, 160.3, 161.4, 160.3, 160.3, 159.0, 160.3, 160.1, 159.6, 159.7, 159.6, 159.7, 159.7, 160.3, 160.2, 159.6, 159.0, 159.6, 159.5, 159.5, 158.9, 159.5, 158.9, 158.9, 158.9, 158.3, 158.3, 157.7, 157.7, 158.3, 158.3, 159.6, 160.1, 160.2, 160.2, 160.1, 160.1, 160.1, 160.2, 160.2, 160.2, 160.2, 159.6, 159.5, 159.5, 159.6, 160.2, 159.6, 159.6, 158.9, 158.9, 158.9, 160.1, 159.5, 160.1, 159.6, 160.1, 158.9, 159.5, 159.5, 160.1, 160.1, 159.5, 159.5, 160.2, 160.1, 159.5, 158.9, 159.6, 158.9, 158.2, 158.9, 158.3, 158.3, 158.3, 158.3, 158.3, 158.9, 158.9, 158.9, 158.9, 158.9, 159.0, 159.5, 158.9, 160.1, 160.0, 160.0, 158.9, 159.5, 158.9, 159.5, 160.1, 159.5, 159.6, 159.5, 160.1]"
14,"[167.0, 164.6, 165.9, 165.2, 165.8, 165.8, 166.4, 166.4, 166.4, 166.4, 167.1, 167.1, 167.7, 168.3, 167.7, 167.7, 167.7, 167.1, 167.1, 167.1, 167.1, 167.7, 167.7, 167.7, 167.7, 167.1, 167.7, 167.7, 167.1, 167.7, 167.1, 167.7, 167.1, 167.1, 167.1, 167.7, 167.7, 166.5, 166.4, 167.0, 166.4, 167.0, 166.4, 167.0, 167.7, 167.7, 167.7, 167.7, 167.7, 167.1, 167.1, 167.7, 167.7, 167.7, 168.3, 167.1, 167.7, 167.7, 167.7, 167.7, 167.7, 167.7, 167.7, 167.7, 168.3, 167.7, 168.3, 168.3, 168.3, 168.3, 168.3, 168.3, 168.3, 168.3, 168.3, 167.7, 167.7, 167.7, 167.7, 168.3, 167.7, 167.7, 167.7, 167.7, 167.7, 167.7, 167.7, 168.3, 168.3, 167.7, 167.7, 167.7, 168.3, 168.3, 168.3, 167.7, 167.7, 167.7, 167.7, 167.7, 167.1, 167.1, 167.1, 167.1, 167.1, 166.5, 167.1, 167.1, 167.1, 167.1, 167.1, 167.7, 167.7, 167.7, 167.7, 166.5, 166.5, 165.3, 164.6, 165.9, 165.2, 165.2, 165.3, 164.0, 164.7, 164.7, 165.3, 164.7, 164.6, 164.6, 164.7, 165.2, 165.2, 164.6, 164.0, 164.6, 163.4, 162.7, 162.1, 160.8, 161.4, 160.8, 160.8, 160.1, 159.4, 159.5, 159.5, 158.9, 159.0, 159.0, 158.4, 157.7, 158.4, 157.8, 157.8, 157.2, 157.2, 157.1, 157.2, 157.9, 158.5, 158.3, 159.5, 158.4, 159.6, 159.6, 160.2, 160.9, 160.9, 160.8, 160.8, 160.8, 160.8, 160.9, 160.2, 160.3, 160.2, 160.2, 159.6, 159.0, 158.6, 158.5, 156.7, 156.7, 156.6, 157.3, 157.3, 157.3, 156.7, 155.9, 156.5, 155.3, 155.9, 155.4, 154.7, 154.7, 154.2, 154.7, 154.1, 154.7, 154.7, 154.1, 154.7, 154.2, 154.7, 154.7, 155.3, 153.9, 154.1, 154.7, 154.1, 154.7, 154.7, 154.7, 154.7, 154.7, 155.3, 154.7, 154.7, 154.7, 154.1, 154.1, 154.1, 153.9, 154.1, 154.1, 154.7, 154.5, 154.1, 153.9, 153.9, 153.9, 153.9, 153.9, 153.9, 154.5, 153.9, 153.9, 154.1, 153.9, 153.9, 153.9, 153.3, 153.2, 153.9, 153.8, 153.9, 153.9, 153.9, 153.3, 153.3, 153.2, 153.3, 153.3, 153.9, 153.3, 153.9, 154.5, 153.3, 153.9, 154.5, 153.3, 153.3, 153.3, 153.9, 153.3, 153.2, 153.3, 154.1, 154.4, 153.9, 153.9, 153.8, 153.9, 153.9, 153.3, 153.8, 153.3, 153.9, 153.9, 153.9, 153.9, 153.3, 153.3, 153.9, 153.3, 153.9, 154.4, 153.9, 153.3, 153.9, 153.3, 153.9, 153.2, 153.8, 153.9, 153.9, 153.9, 153.9, 153.8, 153.3, 153.8, 153.2, 153.3, 153.2, 153.8, 153.9, 153.2, 153.9, 153.9, 153.8, 153.9, 154.5, 153.9, 153.2, 153.2, 153.3, 153.9, 153.3, 153.9, 153.3, 153.3, 153.9, 153.9, 154.5, 153.3, 153.3, 153.9, 153.8, 153.9, 153.6, 154.4, 153.2, 153.9, 153.8, 153.3, 153.8, 153.9, 153.2, 153.2, 153.2, 153.2, 152.6, 153.2, 153.8, 153.2, 153.2, 153.8, 153.2, 153.2, 153.2, 153.0, 153.6, 152.4, 153.2, 152.4, 153.8, 153.8, 153.2, 153.2, 153.2, 153.2, 153.8, 153.8, 153.2, 153.2, 153.6, 153.0, 153.8, 153.0, 153.2, 153.8, 153.2, 152.8, 153.2, 153.2, 153.8, 153.8, 153.2, 152.6, 153.2, 153.9, 154.1, 154.1, 154.7, 154.5, 156.0, 156.6, 156.0, 156.7, 158.5, 159.6, 160.8, 161.4, 160.8, 161.5, 160.8, 160.8, 161.5, 161.5, 161.4, 161.6, 161.5, 161.5, 162.2, 162.8, 162.8, 162.1, 163.5, 163.5, 163.5, 164.7, 164.1, 164.7, 164.7, 164.1, 164.7, 164.7, 164.1, 164.1, 164.1, 164.1, 164.1, 163.4, 162.8, 162.8, 162.8, 164.1, 164.7, 164.1, 164.1, 164.1, 164.7, 164.7, 165.3, 165.9, 165.9, 165.3, 165.3, 165.3, 165.2, 165.9, 165.3, 164.6, 164.7, 164.6, 164.0, 164.1, 163.3, 163.9, 163.3, 162.6, 161.5, 162.1, 162.1, 162.0, 162.0, 160.8, 161.3, 160.1, 160.1, 160.8, 160.8, 160.8, 160.8, 160.8, 160.1, 159.6, 159.0, 157.8, 157.8, 157.8, 158.4, 157.6, 158.4, 159.0, 159.0, 159.0, 159.6, 159.0, 159.0, 159.0, 159.0, 159.0, 158.4, 157.8, 157.1, 157.7, 156.5, 156.5, 156.5, 156.5, 155.7, 155.6, 156.5, 155.1, 154.5, 155.6, 155.7, 155.1, 155.1, 155.1, 154.4, 155.1, 154.4, 154.5, 155.1, 155.3, 155.1, 154.4, 154.1, 154.4, 153.9, 153.8, 155.7, 154.5, 155.1, 155.7, 156.5, 156.5, 156.0, 155.9, 156.5, 155.7, 155.7, 155.1, 155.1, 154.7, 154.5, 155.1, 154.5, 155.1, 154.4, 154.5, 155.3, 154.5, 155.3, 155.1, 154.5, 153.2, 154.1, 154.5, 153.9, 153.9, 153.9, 154.4, 153.8, 153.2, 153.2, 154.1, 153.9, 154.4, 154.5, 153.9, 153.8, 153.8, 153.8, 153.8, 153.8, 153.2, 153.6, 153.8, 153.8, 153.8, 154.5, 154.5, 154.5, 155.7, 155.1, 155.1, 155.1, 155.1, 155.3, 154.5, 154.4, 154.5, 154.5, 154.7, 154.5, 153.9, 153.9, 154.5, 155.0, 155.1, 155.3, 155.3, 155.0, 155.1, 154.5, 154.5, 154.5, 154.1, 154.4, 153.9, 154.5, 154.5, 154.7, 153.8, 153.9, 153.9]"
14,"[157.6, 157.6, 156.1, 155.6, 155.1, 154.7, 155.3, 156.7, 156.7, 157.4, 157.4, 156.8, 156.3, 156.8, 156.7, 156.8, 157.4, 156.8, 156.8, 156.7, 156.8, 156.8, 156.8, 156.7, 157.5, 157.5, 159.9, 160.5, 160.6, 161.1, 161.1, 161.1, 161.1, 160.6, 161.7, 161.7, 161.1, 161.1, 161.1, 161.7, 162.3, 162.3, 163.0, 161.7, 161.7, 162.3, 162.3, 161.7, 160.5, 158.6, 157.4, 157.3, 156.8, 156.7, 156.7, 156.7, 156.1, 155.9, 156.0, 155.3, 156.7, 158.0, 160.4, 160.6, 161.1, 161.1, 160.5, 161.1, 161.1, 159.8, 159.2, 159.2, 158.7, 158.6, 160.5, 159.8, 159.2, 159.2, 159.9, 160.5, 160.6, 161.0, 161.1, 161.7, 162.3, 161.7, 162.3, 161.7, 161.7, 161.7, 161.7, 161.6, 161.7, 162.3, 162.3, 162.9, 162.9, 162.3, 162.8, 162.3, 162.3, 162.3, 161.1, 158.0, 158.0, 157.3, 157.4, 156.8, 155.3, 155.1, 155.9, 154.7, 155.6, 156.6, 158.1, 159.3, 159.9, 159.2, 159.2, 159.8, 158.7, 158.7, 158.1, 157.4, 156.8, 156.1, 156.3, 156.7, 157.4, 158.7, 159.2, 159.1, 158.1, 156.7, 156.1, 156.3, 156.7, 155.5, 156.1, 155.0, 155.5, 155.4, 154.8, 154.8, 156.1, 155.5, 155.5, 155.5, 155.5, 155.4, 155.4, 155.5, 155.5, 156.1, 156.0, 156.1, 155.5, 155.5, 156.1, 155.5, 155.5, 156.3, 156.3, 155.9, 154.5, 153.0, 152.2, 152.8, 152.4, 151.8, 152.6, 151.6, 152.4, 152.6, 152.2, 152.2, 153.0, 153.3, 154.4, 153.9, 154.4, 152.4, 152.4, 151.4, 152.6, 153.2, 153.8, 155.0, 154.7, 154.7, 154.8, 154.8, 154.1, 154.5, 154.8, 154.5, 154.8, 154.2, 155.4, 154.8, 154.7, 153.9, 153.0, 151.2, 150.2, 149.6, 150.0, 149.6, 151.0, 152.4, 151.8, 152.8, 153.3, 153.3, 154.7, 154.7, 154.7, 153.9, 154.1, 153.9, 153.2, 154.5, 154.4, 153.8, 153.2, 152.6, 151.0, 150.4, 149.6, 149.8, 149.8, 150.0, 150.6, 151.4, 153.0, 153.0, 153.5, 154.4, 154.5, 153.9, 153.2, 154.5, 153.9, 153.2, 153.2, 153.8, 153.5, 153.9, 153.3, 153.9, 153.8, 153.3, 152.2, 151.4, 150.0, 149.4, 148.8, 150.0, 150.2, 149.8, 150.0, 149.2, 149.8, 150.6, 152.0, 153.9, 153.2, 153.8, 154.7, 154.1, 154.4, 153.8, 153.8, 153.9, 153.9, 154.5, 154.4, 153.8, 153.8, 153.3, 153.9, 153.8, 154.4, 153.9, 153.8, 153.3, 152.6, 152.7, 153.3, 153.2, 153.8, 152.7, 153.3, 153.3, 153.8, 153.9, 153.9, 153.9, 153.3, 153.8, 153.9, 153.9, 152.6, 153.3, 154.4, 153.2, 153.8, 153.9, 153.8, 153.8, 153.9, 153.9, 153.8, 153.2, 153.9, 154.4, 153.2, 153.9, 154.1, 152.6, 153.5, 152.7, 152.7, 153.3, 152.7, 153.3, 153.3, 153.9, 153.2, 152.6, 152.7, 154.2, 153.8, 153.6, 153.2, 153.3, 154.4, 153.8, 153.9, 154.2, 154.4, 154.5, 154.2, 154.8, 154.4, 155.3, 154.4, 155.0, 154.5, 153.8, 155.1, 154.7, 154.4, 153.8, 154.8, 153.9, 154.2, 154.2, 153.2, 153.8, 154.4, 154.5, 154.4, 154.4, 155.0, 154.4, 153.2, 154.5, 154.2, 153.8, 153.2, 153.9, 155.3, 156.6, 156.0, 156.1, 156.1, 156.1, 156.7, 158.1, 159.9, 160.5, 161.1, 161.1, 162.3, 162.2, 162.9, 163.5, 163.6, 163.5, 164.1, 164.7, 165.3, 164.8, 165.3, 165.3, 165.9, 165.3, 165.8, 166.5, 166.5, 167.7, 167.1, 167.1, 167.7, 167.7, 167.7, 167.7, 167.7, 167.7, 167.7, 167.7, 167.7, 167.7, 168.3, 167.7, 168.3, 167.7, 168.3, 167.7, 167.7, 168.3, 168.3, 167.1, 167.7, 167.0, 167.6, 167.0, 167.0, 167.0, 167.6, 167.0, 167.0, 167.0, 167.1, 167.0, 167.0, 166.4, 167.7, 167.7, 167.7, 167.7, 167.7, 167.7, 167.7, 167.7, 167.7, 167.7, 167.7, 166.5, 167.0, 167.1, 167.7, 167.7, 167.1, 167.7, 167.7, 167.7, 167.0, 167.0, 166.5, 167.1, 167.0, 167.1, 167.7, 167.7, 168.3, 167.7, 167.0, 166.4, 167.7, 167.1, 167.7, 167.1, 167.7, 167.1, 167.0, 167.0, 167.7, 167.1, 167.1, 167.1, 167.1, 167.1, 167.1, 167.1, 167.1, 167.1, 167.7, 168.3, 167.7, 167.7, 167.0, 167.1, 167.1, 167.0, 167.7, 167.0, 167.7, 167.7, 167.7, 167.0, 167.7, 167.7, 167.1, 167.7, 167.7, 167.7, 168.3, 167.7, 168.3, 168.3, 168.3, 167.7, 167.7, 168.3, 167.7, 168.3, 167.1, 166.5, 166.5, 166.5, 165.9, 166.5, 166.5, 165.3, 165.9, 165.9, 165.9, 166.5, 165.9, 166.5, 165.3, 165.3, 164.7, 165.3, 164.2, 164.8, 164.2, 163.6, 164.2, 164.2, 164.7, 164.2, 164.2, 163.6, 163.6, 163.5, 162.9, 162.3, 162.9, 162.9, 162.9, 162.9, 162.9, 162.9, 163.0, 163.0, 163.0, 163.5, 163.6, 162.9, 163.6, 163.0, 162.3, 163.0, 162.2, 162.3, 161.7, 161.1, 160.5, 158.7, 156.8, 157.4, 157.5, 159.2, 159.3, 158.7, 157.5, 157.4, 158.0, 157.4, 157.5, 158.7, 158.2, 158.7, 158.0, 158.1, 158.2, 158.7, 160.0, 160.0, 159.9, 159.3, 158.7, 158.7, 158.7, 158.7, 158.7, 159.3]"
14,"[165.2, 165.3, 165.2, 164.0, 163.4, 165.8, 164.5, 165.3, 165.8, 166.5, 167.1, 166.5, 167.1, 167.7, 167.1, 166.5, 167.1, 166.5, 166.5, 167.1, 166.5, 167.1, 166.5, 167.1, 167.1, 167.7, 166.5, 167.1, 167.1, 167.7, 167.7, 167.1, 166.5, 166.5, 166.5, 167.7, 167.1, 167.1, 167.1, 167.7, 167.7, 167.1, 167.1, 167.7, 166.5, 166.5, 167.1, 166.5, 166.5, 165.9, 166.5, 166.5, 167.1, 167.1, 167.1, 167.1, 167.1, 167.1, 167.1, 167.1, 167.1, 167.1, 166.5, 166.5, 166.5, 166.5, 167.1, 166.4, 167.1, 166.5, 166.5, 167.1, 166.5, 167.1, 166.5, 166.5, 166.5, 166.5, 166.5, 165.9, 165.9, 166.5, 166.5, 165.9, 166.5, 167.1, 167.7, 166.5, 166.5, 167.1, 165.9, 165.9, 165.9, 166.5, 166.5, 165.9, 166.5, 166.5, 166.5, 165.3, 166.5, 165.9, 166.5, 166.5, 166.5, 165.3, 165.9, 165.3, 165.4, 165.9, 165.3, 165.9, 165.9, 165.9, 165.9, 165.9, 165.9, 165.9, 165.9, 166.5, 165.9, 165.9, 166.5, 166.5, 165.9, 165.9, 165.9, 166.5, 165.9, 165.3, 166.5, 165.9, 166.5, 165.9, 166.5, 165.9, 165.3, 165.9, 165.3, 165.9, 165.3, 165.3, 165.3, 164.7, 164.7, 165.3, 165.3, 165.3, 165.3, 165.3, 165.3, 165.9, 164.7, 165.3, 165.9, 164.7, 163.5, 163.5, 161.7, 161.1, 161.2, 160.0, 159.3, 159.9, 159.9, 159.3, 159.5, 159.3, 159.4, 159.4, 158.8, 158.8, 158.2, 158.2, 158.8, 159.4, 159.4, 160.0, 160.0, 159.4, 158.8, 159.9, 159.9, 160.6, 160.7, 160.6, 161.3, 161.2, 161.8, 160.6, 160.6, 160.6, 161.2, 161.1, 160.6, 160.6, 159.4, 160.1, 161.1, 161.2, 160.0, 161.1, 161.2, 160.6, 160.1, 159.3, 158.7, 159.3, 159.5, 158.8, 158.0, 158.7, 158.7, 158.6, 158.8, 158.2, 159.4, 159.6, 158.8, 158.9, 158.7, 158.8, 159.4, 159.4, 158.7, 158.8, 158.2, 158.8, 158.2, 158.2, 158.2, 158.2, 157.5, 157.6, 157.6, 157.6, 156.8, 157.1, 157.5, 157.0, 157.0, 157.0, 157.1, 157.0, 157.5, 157.6, 157.1, 157.0, 157.5, 156.8, 157.5, 157.0, 156.4, 157.4, 157.0, 156.8, 156.8, 157.0, 157.0, 156.3, 156.8, 156.3, 156.4, 156.4, 156.4, 156.3, 156.3, 156.4, 156.8, 156.4, 156.3, 156.8, 156.8, 156.8, 156.7, 156.8, 156.8, 156.8, 156.8, 156.8, 156.8, 156.8, 156.8, 156.8, 156.8, 157.0, 156.8, 156.8, 156.7, 156.8, 156.8, 156.3, 156.4, 156.3, 157.0, 156.3, 156.3, 156.3, 156.1, 156.4, 156.7, 156.3, 156.1, 156.3, 156.1, 156.8, 156.8, 156.7, 156.3, 156.7, 156.3, 156.3, 156.1, 156.8, 156.3, 156.1, 156.1, 156.1, 156.8, 156.3, 156.1, 156.3, 156.3, 156.7, 156.7, 156.7, 156.8, 156.8, 156.7, 156.7, 156.7, 156.7, 156.3, 156.7, 156.3, 156.8, 156.8, 156.3, 156.3, 156.3, 156.8, 156.1, 156.3, 156.3, 156.3, 156.3, 156.3, 156.1, 156.1, 156.3, 156.7, 156.1, 156.8, 156.3, 156.7, 156.7, 156.7, 156.7, 156.1, 156.7, 156.1, 156.7, 156.7, 156.7, 156.8, 156.8, 156.7, 156.1, 156.7, 155.7, 156.1, 156.7, 156.7, 156.1, 156.1, 156.1, 156.1, 155.5, 156.1, 156.0, 156.1, 156.1, 155.5, 156.1, 156.3, 156.1, 156.1, 155.5, 155.5, 156.0, 156.1, 155.5, 155.5, 156.7, 156.1, 156.3, 156.0, 155.5, 156.3, 156.3, 156.3, 155.7, 156.3, 157.4, 158.1, 158.2, 160.6, 159.3, 160.7, 161.1, 162.4, 161.1, 161.7, 161.7, 161.7, 161.7, 162.3, 162.3, 162.3, 163.0, 163.0, 162.3, 162.9, 163.0, 162.9, 163.5, 164.2, 163.5, 164.1, 163.6, 164.1, 164.1, 164.1, 164.1, 164.7, 164.7, 164.7, 164.7, 164.7, 164.7, 164.1, 164.7, 165.3, 164.7, 164.1, 164.7, 164.7, 164.7, 164.7, 164.7, 164.7, 164.7, 164.6, 165.3, 165.3, 165.3, 165.9, 164.6, 164.0, 164.0, 164.7, 165.3, 164.0, 164.6, 164.6, 164.0, 164.6, 165.3, 164.0, 165.3, 165.2, 165.3, 165.9, 165.3, 164.0, 164.0, 164.6, 165.3, 165.3, 164.1, 164.7, 164.7, 164.1, 165.3, 165.3, 164.6, 164.6, 165.9, 165.2, 165.3, 165.2, 165.9, 165.9, 165.3, 164.6, 165.3, 164.8, 164.1, 164.8, 164.1, 164.1, 163.5, 163.5, 163.4, 163.5, 164.1, 163.5, 163.5, 163.5, 163.5, 163.5, 163.5, 162.8, 163.5, 162.8, 164.1, 163.5, 162.9, 162.9, 163.5, 162.8, 162.9, 163.5, 163.5, 164.1, 164.1, 164.7, 164.2, 164.8, 164.2, 164.1, 164.1, 163.5, 164.7, 164.1, 163.5, 163.5, 164.1, 163.5, 164.1, 163.5, 163.5, 163.5, 164.1, 163.4, 163.6, 163.5, 163.5, 162.9, 164.1, 163.5, 163.5, 163.5, 163.5, 164.1, 163.5, 163.6, 164.1, 163.5, 163.5, 163.5, 163.0, 162.9, 161.7, 161.7, 161.7, 161.1, 161.1, 160.4, 160.4, 161.1, 161.7, 161.7, 161.6, 161.7, 162.2, 162.3, 163.6, 162.9, 162.3, 162.9, 162.4, 162.3, 162.3, 162.3, 162.3, 163.0, 161.7, 162.3, 160.5, 160.0, 159.2, 157.3, 156.7, 156.1, 156.7, 156.7, 155.9, 156.8, 156.7]"
14,"[162.2, 161.7, 161.0, 160.2, 159.6, 160.8, 160.8, 162.2, 161.5, 162.3, 162.3, 162.3, 162.3, 162.9, 162.9, 162.9, 162.3, 162.3, 162.3, 162.9, 162.3, 162.3, 162.9, 161.5, 162.3, 162.3, 162.3, 162.3, 162.3, 162.3, 163.0, 162.9, 163.5, 162.9, 162.9, 162.9, 162.3, 162.9, 162.3, 162.3, 162.9, 162.9, 162.3, 162.9, 162.9, 162.3, 162.9, 162.9, 162.9, 162.9, 162.9, 162.9, 162.9, 162.9, 162.9, 162.9, 162.9, 162.9, 162.9, 162.9, 162.9, 162.9, 162.9, 162.9, 162.9, 162.9, 162.9, 162.9, 162.9, 162.9, 162.9, 162.9, 162.9, 162.9, 162.9, 162.9, 163.5, 162.9, 162.3, 162.9, 162.3, 163.5, 162.9, 162.9, 163.5, 163.5, 162.9, 162.9, 162.9, 163.5, 162.9, 162.3, 162.3, 163.5, 163.5, 162.3, 162.9, 163.5, 163.5, 162.9, 162.9, 163.5, 163.5, 163.5, 163.5, 162.9, 162.9, 162.9, 162.3, 163.0, 163.5, 163.5, 162.9, 162.2, 162.8, 162.2, 162.9, 161.5, 162.9, 162.9, 162.9, 163.5, 163.5, 162.9, 162.9, 160.6, 158.6, 158.8, 158.1, 157.4, 156.8, 157.4, 157.5, 156.8, 157.0, 156.8, 156.8, 156.3, 156.3, 156.3, 156.4, 156.8, 156.7, 156.3, 156.3, 156.3, 156.3, 156.3, 156.8, 156.3, 156.8, 156.3, 156.8, 156.8, 156.8, 156.8, 156.8, 156.8, 157.5, 156.3, 156.8, 156.8, 156.8, 156.8, 156.8, 156.8, 156.3, 155.7, 157.0, 156.8, 157.0, 156.8, 156.7, 156.3, 156.1, 156.1, 156.1, 155.5, 156.3, 156.7, 156.1, 157.3, 157.4, 156.8, 156.8, 156.7, 156.8, 156.8, 156.6, 156.7, 157.4, 156.8, 158.1, 158.7, 158.6, 158.1, 159.2, 159.2, 159.2, 159.3, 158.7, 159.3, 159.2, 158.7, 158.7, 158.8, 158.7, 158.6, 158.6, 158.6, 158.0, 158.1, 158.7, 158.1, 158.1, 158.7, 158.7, 158.7, 158.1, 158.7, 158.6, 158.6, 158.0, 157.4, 156.8, 157.4, 157.4, 158.0, 158.1, 157.5, 158.1, 157.5, 157.5, 157.4, 156.8, 157.5, 157.5, 157.5, 157.5, 157.5, 157.0, 156.8, 157.5, 157.0, 157.0, 157.0, 156.8, 157.1, 157.5, 157.0, 156.8, 157.4, 156.7, 156.3, 157.2, 156.7, 156.8, 156.7, 156.7, 156.1, 157.5, 157.4, 156.8, 157.0, 157.4, 156.8, 156.8, 156.8, 157.0, 156.8, 157.4, 156.3, 156.8, 156.8, 156.7, 156.8, 157.0, 157.0, 156.8, 157.0, 156.7, 156.8, 156.8, 156.7, 156.7, 156.8, 156.3, 157.3, 156.3, 156.8, 157.3, 156.7, 157.3, 157.2, 157.2, 157.3, 157.3, 157.2, 156.7, 156.8, 156.0, 157.3, 157.2, 156.8, 157.4, 156.3, 156.3, 157.4, 156.3, 156.8, 157.5, 156.8, 156.1, 156.8, 156.8, 156.8, 156.3, 156.1, 156.0, 156.1, 156.3, 156.8, 156.3, 156.3, 156.1, 156.8, 156.8, 156.3, 156.7, 156.1, 157.0, 157.0, 156.7, 156.8, 156.1, 157.3, 156.8, 156.7, 156.7, 156.0, 156.3, 156.8, 156.0, 156.3, 156.8, 156.8, 156.8, 156.8, 156.7, 156.1, 156.7, 156.7, 156.1, 156.1, 156.0, 157.2, 156.7, 156.0, 155.9, 156.6, 156.0, 156.6, 156.0, 156.0, 156.8, 157.4, 158.1, 158.0, 158.2, 159.3, 159.9, 160.5, 161.1, 161.8, 162.4, 161.7, 162.3, 162.3, 162.9, 163.6, 164.1, 163.6, 163.6, 164.2, 164.1, 164.2, 164.8, 164.7, 165.3, 165.3, 165.3, 165.3, 164.7, 165.3, 165.3, 165.3, 165.9, 165.3, 165.3, 165.9, 165.3, 165.9, 164.7, 165.9, 165.3, 165.9, 165.9, 165.9, 165.9, 166.5, 166.5, 165.3, 165.9, 165.3, 165.9, 164.6, 165.9, 165.9, 166.5, 165.9, 166.5, 165.9, 165.2, 165.2, 165.9, 165.9, 165.9, 165.9, 165.3, 165.9, 165.3, 165.9, 165.3, 166.5, 165.3, 165.9, 165.9, 165.9, 165.9, 166.5, 165.3, 165.9, 165.9, 165.3, 165.9, 165.9, 165.3, 166.5, 165.3, 165.3, 165.3, 165.3, 164.8, 164.7, 165.4, 164.7, 164.7, 164.7, 165.3, 164.7, 164.1, 164.1, 163.5, 164.8, 164.7, 164.7, 164.7, 164.1, 164.7, 164.1, 164.1, 164.1, 164.1, 164.8, 164.1, 164.1, 164.1, 163.5, 163.4, 163.5, 163.5, 162.9, 162.9, 163.5, 163.5, 163.5, 163.5, 162.9, 163.0, 163.5, 163.6, 162.9, 163.5, 162.9, 162.9, 163.5, 162.9, 162.9, 162.8, 162.3, 162.3, 162.3, 161.7, 161.7, 161.7, 162.3, 161.7, 161.7, 161.1, 161.1, 161.1, 163.0, 162.4, 162.9, 163.0, 162.3, 162.4, 161.7, 161.7, 161.1, 161.7, 161.7, 161.1, 160.6, 160.4, 160.6, 160.5, 161.7, 161.7, 161.1, 161.1, 161.2, 161.7, 160.6, 160.5, 160.6, 161.1, 160.6, 160.6, 160.6, 160.0, 160.6, 160.6, 160.5, 160.6, 160.6, 159.9, 159.4, 158.7, 160.0, 159.4, 159.9, 159.4, 160.6, 160.0, 159.3, 159.3, 159.3, 159.3, 158.6, 159.3, 158.2, 158.7, 158.1, 158.8, 159.3, 158.8, 159.5, 159.4, 159.3, 158.7, 158.7, 158.8, 157.5, 157.0, 157.0, 156.8, 156.1, 156.3, 156.8, 156.8, 158.1, 158.7, 159.3, 159.4, 158.8, 158.7, 156.8, 156.7, 156.8, 156.3, 156.1, 156.8, 158.7, 159.3, 159.3, 159.9, 159.9, 160.0, 160.6]"
14,"[162.1, 164.8, 164.7, 161.6, 161.7, 162.3, 162.1, 163.5, 162.9, 163.6, 163.6, 163.0, 164.2, 163.6, 163.6, 163.6, 163.6, 163.6, 163.6, 163.6, 163.6, 164.1, 163.6, 163.0, 164.2, 163.6, 164.2, 164.2, 163.5, 163.6, 164.1, 164.2, 164.2, 164.2, 164.2, 164.1, 164.2, 164.2, 163.6, 164.7, 163.6, 164.1, 163.6, 163.0, 163.6, 164.2, 163.6, 163.6, 163.0, 164.1, 163.6, 163.6, 163.6, 163.6, 163.6, 163.6, 163.6, 164.2, 164.1, 163.6, 163.6, 164.2, 164.2, 164.2, 164.1, 164.2, 164.1, 164.2, 164.1, 164.2, 164.1, 164.2, 164.2, 164.2, 163.6, 163.6, 163.6, 164.2, 163.6, 163.6, 163.6, 163.6, 163.6, 163.5, 164.2, 163.6, 163.6, 163.6, 164.2, 163.6, 164.1, 164.2, 163.6, 164.1, 164.8, 164.8, 164.1, 164.1, 164.1, 164.1, 163.6, 164.1, 164.1, 164.2, 164.2, 163.6, 163.6, 163.6, 164.1, 163.6, 163.6, 164.2, 163.6, 164.1, 163.6, 164.2, 164.2, 164.2, 164.8, 164.2, 164.2, 164.2, 164.2, 163.6, 164.2, 163.6, 164.2, 164.2, 164.8, 163.6, 163.6, 163.0, 161.1, 160.6, 159.3, 159.3, 158.8, 158.7, 158.8, 158.8, 158.1, 159.4, 158.7, 158.1, 158.8, 158.2, 158.1, 158.2, 159.5, 158.7, 158.7, 158.8, 159.4, 158.7, 158.7, 159.3, 159.3, 158.8, 159.3, 160.6, 160.0, 160.6, 160.6, 160.7, 161.1, 160.7, 160.6, 160.1, 160.6, 160.1, 159.3, 160.0, 159.4, 159.3, 159.4, 159.3, 158.7, 160.0, 158.7, 158.8, 158.7, 158.8, 158.1, 157.0, 157.6, 157.6, 157.6, 159.0, 157.1, 158.2, 158.2, 158.2, 158.1, 158.3, 157.6, 158.2, 157.6, 157.5, 157.5, 157.6, 157.1, 157.6, 157.0, 156.8, 156.8, 156.8, 156.8, 156.3, 156.4, 156.4, 156.3, 156.4, 156.4, 156.4, 156.4, 156.3, 156.8, 156.4, 156.4, 155.7, 156.4, 156.3, 156.3, 155.8, 156.3, 156.8, 156.5, 156.4, 156.8, 156.5, 156.4, 156.3, 156.8, 157.0, 156.4, 155.7, 156.3, 156.4, 156.8, 156.3, 155.3, 155.3, 154.5, 153.9, 155.5, 156.1, 155.5, 155.7, 156.3, 156.4, 156.4, 156.4, 155.8, 155.7, 156.3, 155.8, 156.3, 155.7, 156.3, 156.3, 155.7, 156.3, 156.3, 156.3, 155.7, 156.3, 156.3, 156.3, 156.3, 156.3, 156.3, 155.7, 156.3, 156.3, 156.8, 156.3, 156.3, 156.3, 156.3, 156.3, 156.3, 156.3, 156.4, 156.3, 156.3, 156.3, 155.7, 156.3, 156.3, 156.3, 156.3, 156.8, 156.3, 156.8, 156.3, 156.0, 156.1, 156.0, 155.5, 156.3, 156.3, 156.3, 156.3, 155.7, 156.3, 156.4, 156.3, 156.3, 155.7, 156.4, 156.4, 156.4, 155.7, 156.3, 155.7, 156.3, 156.3, 156.3, 156.3, 156.3, 156.4, 156.3, 156.3, 156.3, 156.3, 156.3, 156.3, 156.3, 156.3, 156.3, 156.4, 156.4, 156.4, 156.4, 157.0, 157.0, 156.4, 156.4, 156.3, 156.4, 156.4, 155.8, 156.4, 157.0, 156.4, 157.0, 156.4, 157.0, 156.8, 157.0, 157.0, 157.0, 157.0, 157.0, 157.0, 157.0, 156.8, 157.0, 157.1, 157.0, 157.0, 156.8, 157.0, 157.0, 156.8, 157.0, 157.0, 156.8, 157.0, 157.0, 157.0, 157.0, 157.6, 158.3, 159.4, 159.4, 160.1, 160.0, 159.8, 160.4, 162.3, 162.9, 164.2, 164.7, 164.1, 163.6, 163.5, 164.1, 164.1, 164.7, 164.7, 164.7, 164.7, 165.3, 164.1, 164.7, 164.7, 165.3, 165.9, 165.3, 165.9, 165.9, 165.3, 167.1, 166.4, 165.8, 165.8, 165.8, 165.8, 165.8, 166.4, 166.4, 166.5, 166.4, 166.4, 166.4, 167.0, 166.4, 166.4, 166.4, 166.4, 166.4, 167.0, 166.5, 165.8, 166.5, 167.0, 167.0, 167.1, 166.5, 166.5, 167.1, 166.5, 166.5, 166.5, 166.5, 167.1, 166.5, 166.5, 167.1, 166.5, 166.5, 166.5, 166.4, 166.5, 166.5, 167.1, 165.9, 165.9, 167.1, 166.5, 165.8, 165.8, 166.4, 165.8, 166.4, 166.5, 165.8, 166.5, 166.5, 165.9, 167.1, 166.5, 167.0, 166.5, 166.5, 166.5, 165.9, 165.9, 165.3, 165.9, 165.9, 166.5, 165.3, 165.3, 166.5, 166.5, 165.9, 165.8, 165.8, 166.5, 165.9, 166.5, 166.5, 166.5, 165.9, 165.3, 165.9, 165.9, 165.9, 165.9, 165.9, 165.9, 165.3, 165.9, 165.3, 165.3, 165.3, 165.3, 165.3, 165.3, 165.3, 165.9, 164.7, 165.3, 164.7, 164.8, 165.3, 164.8, 164.2, 164.2, 164.1, 165.3, 165.3, 164.7, 164.7, 164.7, 164.7, 164.7, 164.7, 164.8, 164.7, 164.7, 164.8, 164.2, 164.8, 164.8, 164.1, 164.7, 164.8, 164.1, 164.2, 163.6, 163.6, 164.1, 164.1, 164.1, 163.6, 164.1, 164.2, 164.2, 164.2, 163.6, 163.6, 163.0, 163.6, 163.6, 164.8, 164.1, 163.6, 163.6, 163.6, 164.2, 163.6, 163.0, 163.6, 163.6, 163.6, 163.6, 163.6, 163.0, 163.6, 163.0, 163.6, 163.0, 163.0, 162.3, 162.9, 163.0, 163.0, 163.6, 161.1, 161.1, 161.1, 161.1, 160.6, 161.8, 161.7, 161.1, 161.7, 162.4, 163.0, 162.4, 162.4, 161.7, 161.6, 160.5, 160.0, 159.4, 158.1, 158.1, 158.1, 158.0, 156.3, 156.8, 156.8, 157.0, 156.4, 157.5, 156.8]"
14,"[164.1, 161.7, 162.2, 161.4, 161.6, 162.2, 162.1, 162.9, 163.5, 162.9, 163.6, 163.6, 162.9, 163.6, 162.9, 164.1, 163.6, 163.6, 163.6, 163.6, 163.5, 163.6, 163.5, 163.6, 163.6, 162.9, 163.6, 163.5, 164.1, 164.1, 163.5, 163.6, 164.1, 163.6, 162.9, 163.0, 163.5, 163.6, 163.6, 163.6, 163.6, 163.6, 164.1, 164.1, 163.6, 163.6, 163.6, 163.6, 164.1, 164.1, 162.9, 163.6, 163.5, 163.6, 163.6, 163.0, 162.9, 164.1, 164.1, 163.6, 162.9, 164.1, 164.1, 163.6, 162.9, 163.6, 163.6, 163.6, 163.5, 163.6, 162.3, 163.5, 163.6, 163.5, 162.9, 163.6, 163.0, 163.5, 163.0, 163.0, 162.9, 163.0, 162.3, 162.9, 162.9, 162.9, 163.6, 162.3, 162.3, 162.3, 162.4, 162.3, 163.0, 161.7, 162.3, 162.4, 162.9, 163.0, 163.0, 161.7, 163.0, 163.0, 162.4, 162.3, 164.1, 163.6, 164.1, 162.9, 163.6, 164.1, 163.6, 163.6, 163.5, 163.0, 162.9, 163.6, 163.6, 163.6, 163.6, 163.6, 162.9, 162.9, 162.9, 162.9, 162.9, 162.9, 163.6, 162.9, 163.6, 162.9, 162.9, 163.0, 163.6, 163.6, 163.6, 163.6, 163.5, 162.9, 162.3, 160.6, 159.3, 158.8, 157.5, 156.8, 156.3, 156.7, 156.3, 156.8, 157.0, 157.0, 157.0, 156.8, 156.8, 157.4, 157.6, 156.8, 156.7, 156.8, 157.0, 157.0, 156.7, 157.5, 157.0, 157.5, 157.6, 157.6, 157.5, 158.2, 159.3, 159.4, 159.3, 159.2, 159.9, 160.6, 159.3, 159.3, 160.6, 159.3, 160.0, 160.1, 160.1, 158.2, 156.1, 156.0, 154.7, 155.3, 156.0, 155.5, 156.1, 156.1, 156.1, 156.1, 155.7, 156.1, 156.1, 155.4, 155.5, 155.7, 156.1, 156.1, 155.7, 155.7, 155.5, 155.5, 155.8, 155.5, 155.5, 155.5, 155.5, 155.8, 155.1, 155.5, 155.7, 155.7, 155.8, 156.3, 155.7, 156.3, 155.7, 156.1, 156.3, 156.3, 156.3, 155.7, 156.3, 155.5, 155.7, 155.1, 155.1, 155.7, 156.3, 155.7, 155.7, 156.1, 156.3, 156.4, 156.4, 155.8, 156.3, 155.8, 156.4, 156.3, 155.8, 156.8, 156.3, 156.4, 156.8, 156.4, 156.8, 157.0, 156.8, 156.4, 157.0, 156.8, 156.4, 156.3, 156.4, 157.0, 157.5, 157.0, 156.5, 157.0, 157.0, 157.5, 156.4, 156.8, 156.3, 156.8, 157.0, 156.4, 156.4, 157.0, 157.5, 157.0, 156.5, 156.8, 156.4, 156.3, 156.3, 156.3, 155.7, 156.3, 156.4, 156.3, 157.0, 156.3, 156.8, 155.7, 156.3, 155.8, 156.8, 157.0, 156.4, 157.0, 156.4, 157.0, 157.0, 156.8, 156.4, 156.4, 156.3, 156.4, 156.4, 157.0, 156.4, 156.4, 156.8, 156.3, 156.4, 156.3, 156.8, 157.0, 156.4, 156.4, 156.4, 156.3, 156.3, 156.3, 156.3, 156.4, 156.3, 157.0, 157.4, 157.5, 156.8, 156.3, 157.0, 157.4, 156.4, 156.3, 156.8, 157.0, 156.3, 156.4, 157.0, 155.7, 156.8, 157.0, 156.4, 156.8, 156.4, 157.5, 156.8, 156.8, 157.6, 157.5, 157.5, 158.1, 158.2, 158.8, 158.8, 158.1, 158.8, 157.5, 158.1, 158.2, 158.2, 157.6, 157.6, 157.4, 157.6, 158.1, 158.1, 158.1, 157.6, 157.6, 158.1, 157.5, 158.1, 157.6, 157.5, 157.6, 157.6, 157.5, 157.4, 156.8, 157.0, 157.0, 157.5, 158.8, 159.5, 159.2, 161.1, 160.6, 160.5, 161.1, 161.2, 161.6, 162.2, 162.9, 163.5, 164.0, 163.5, 164.1, 164.1, 164.1, 164.1, 164.0, 164.7, 164.7, 164.7, 164.7, 164.0, 165.3, 164.1, 164.7, 165.3, 165.2, 165.2, 164.6, 164.6, 165.3, 165.3, 165.2, 163.9, 165.2, 165.2, 165.2, 165.2, 165.2, 164.6, 165.2, 164.5, 165.2, 165.8, 165.2, 165.2, 166.4, 165.2, 165.2, 165.2, 165.2, 164.5, 164.6, 163.9, 165.8, 165.2, 165.2, 165.8, 165.2, 164.5, 165.2, 165.2, 164.5, 165.2, 165.2, 165.9, 164.5, 165.2, 164.6, 164.5, 165.8, 165.8, 165.3, 165.2, 166.5, 165.9, 165.3, 165.9, 165.3, 164.6, 165.3, 165.2, 165.8, 165.9, 165.9, 165.3, 164.7, 164.7, 165.3, 165.3, 164.1, 164.8, 164.2, 165.3, 164.8, 165.3, 164.7, 164.2, 164.8, 164.8, 164.2, 164.2, 164.2, 164.2, 163.0, 164.2, 163.6, 163.6, 164.1, 164.1, 164.8, 164.8, 164.1, 164.1, 163.6, 164.1, 163.6, 164.7, 163.6, 164.1, 164.8, 164.1, 164.1, 164.2, 164.8, 165.3, 164.8, 163.5, 164.8, 163.6, 164.1, 164.7, 164.7, 164.1, 164.1, 164.1, 163.5, 164.1, 164.1, 164.1, 164.1, 164.1, 163.6, 163.6, 163.6, 163.0, 162.9, 162.9, 162.9, 163.0, 163.0, 162.3, 162.9, 162.3, 162.3, 162.9, 162.3, 163.6, 163.0, 161.7, 161.1, 161.1, 160.0, 158.8, 158.7, 159.9, 158.1, 158.8, 158.8, 159.3, 159.3, 159.4, 159.3, 159.3, 159.5, 159.3, 158.7, 158.8, 159.5, 159.4, 159.3, 158.1, 158.1, 157.5, 157.5, 157.6, 157.5, 156.8, 157.1, 157.1, 158.2, 159.3, 159.4, 159.9, 158.8, 160.0, 160.1, 160.1, 159.5, 159.4, 160.0, 160.1, 160.1, 159.4, 159.5, 158.7, 159.5, 159.5, 159.5, 159.4, 159.4, 160.6, 159.9, 159.5, 157.5, 156.1, 156.3, 156.1, 156.3]"
14,"[163.4, 163.5, 162.9, 162.1, 162.2, 162.9, 162.9, 162.9, 162.9, 162.9, 163.5, 164.1, 163.5, 163.5, 164.1, 163.5, 163.6, 164.1, 163.5, 163.6, 164.1, 164.7, 164.1, 164.1, 164.7, 164.7, 164.7, 164.7, 164.7, 164.7, 165.3, 165.3, 165.3, 165.9, 164.7, 164.1, 163.5, 163.5, 164.7, 164.1, 164.1, 164.7, 164.1, 164.1, 164.7, 165.3, 164.1, 164.1, 163.6, 164.7, 164.7, 164.1, 164.1, 164.1, 164.1, 164.1, 165.3, 164.7, 165.3, 165.3, 165.3, 165.9, 165.9, 166.5, 165.9, 165.9, 165.9, 165.9, 165.3, 165.3, 165.3, 165.9, 165.3, 165.9, 165.9, 165.9, 165.3, 164.7, 164.7, 165.3, 165.9, 164.8, 164.7, 164.7, 164.7, 164.8, 165.3, 165.3, 165.9, 166.5, 165.9, 165.9, 166.5, 166.5, 165.9, 165.9, 165.9, 165.3, 165.9, 165.3, 165.9, 165.9, 165.9, 165.9, 165.9, 165.9, 165.9, 165.9, 165.9, 166.5, 166.5, 166.5, 165.9, 165.3, 165.9, 165.3, 165.3, 167.1, 167.1, 167.1, 167.1, 167.7, 167.1, 167.7, 167.7, 167.1, 167.1, 165.3, 164.7, 163.5, 162.3, 161.1, 160.6, 159.4, 157.5, 157.4, 156.7, 156.1, 156.7, 155.9, 156.0, 156.6, 156.7, 156.7, 156.8, 156.1, 156.7, 156.6, 155.9, 156.1, 156.0, 156.7, 155.5, 156.8, 156.6, 156.8, 156.5, 156.1, 156.6, 156.1, 156.1, 156.6, 156.1, 156.0, 156.1, 156.1, 156.1, 156.7, 156.7, 155.3, 155.0, 155.0, 154.5, 153.9, 154.5, 155.3, 155.1, 155.3, 153.9, 153.6, 152.2, 152.4, 151.8, 153.0, 153.5, 153.6, 153.6, 153.9, 153.9, 154.1, 154.7, 154.7, 154.7, 155.4, 154.5, 154.5, 153.8, 153.5, 153.3, 153.3, 153.9, 153.3, 152.6, 153.3, 153.3, 151.4, 151.4, 151.2, 151.4, 151.2, 152.0, 152.0, 153.2, 152.6, 152.4, 153.3, 153.2, 152.7, 152.7, 153.3, 153.3, 152.6, 153.8, 153.2, 153.9, 153.3, 153.3, 153.3, 153.9, 153.3, 153.9, 153.9, 153.9, 153.3, 153.5, 151.8, 152.0, 150.8, 150.2, 150.8, 150.0, 150.6, 151.4, 151.6, 152.2, 152.6, 152.6, 153.2, 153.2, 153.2, 153.3, 152.2, 152.6, 152.6, 153.3, 152.6, 153.3, 153.8, 153.2, 153.2, 153.2, 152.6, 152.6, 152.0, 151.4, 152.2, 152.6, 152.6, 152.7, 152.7, 152.7, 152.6, 152.7, 152.7, 152.6, 152.6, 153.2, 153.2, 152.7, 153.2, 153.2, 152.7, 153.3, 153.9, 154.1, 153.3, 153.3, 152.6, 153.9, 152.7, 153.9, 153.9, 153.8, 153.9, 153.2, 153.3, 153.3, 153.3, 152.6, 152.6, 152.6, 152.7, 153.3, 153.2, 153.9, 153.2, 153.9, 154.1, 153.8, 153.9, 152.9, 153.8, 152.7, 153.2, 152.6, 152.6, 152.7, 152.7, 153.2, 153.2, 153.2, 152.7, 152.6, 152.7, 152.6, 153.2, 152.2, 152.0, 153.2, 153.8, 153.2, 152.2, 151.4, 151.2, 150.2, 150.6, 151.2, 150.6, 150.0, 150.4, 150.6, 150.8, 150.8, 151.4, 152.0, 152.0, 152.4, 152.7, 153.2, 153.8, 153.9, 153.8, 153.3, 153.3, 153.3, 154.5, 154.1, 154.1, 154.7, 153.9, 153.9, 153.9, 153.3, 153.9, 153.9, 153.9, 153.3, 153.8, 153.3, 154.7, 154.7, 155.4, 155.9, 156.8, 157.0, 158.2, 160.0, 161.2, 162.3, 162.9, 162.9, 164.1, 164.6, 164.7, 164.1, 164.6, 165.2, 167.1, 165.2, 165.2, 165.8, 165.8, 165.2, 165.2, 166.4, 166.4, 167.0, 167.7, 167.7, 167.7, 168.3, 167.7, 168.3, 168.3, 167.7, 168.3, 168.3, 167.7, 167.7, 168.3, 168.3, 167.7, 167.0, 167.0, 167.0, 167.1, 167.0, 167.7, 167.0, 167.0, 167.1, 167.0, 166.4, 166.4, 166.4, 165.8, 165.8, 165.8, 165.8, 166.4, 165.8, 166.4, 165.8, 165.8, 165.8, 165.8, 166.4, 166.4, 166.4, 165.8, 166.4, 166.4, 165.8, 165.8, 165.8, 165.8, 166.4, 166.4, 166.4, 166.4, 167.0, 166.4, 166.4, 166.4, 167.0, 167.7, 167.0, 167.0, 167.7, 167.7, 168.3, 167.7, 168.3, 167.7, 168.3, 167.1, 167.0, 167.1, 167.7, 167.7, 167.1, 166.5, 166.5, 166.5, 165.3, 165.9, 165.3, 165.3, 164.1, 162.9, 162.3, 161.1, 160.6, 159.4, 158.6, 159.3, 159.3, 159.3, 159.3, 159.4, 160.0, 160.6, 161.1, 160.6, 159.9, 158.7, 158.0, 158.1, 158.0, 158.2, 158.2, 158.1, 157.6, 157.5, 158.7, 158.8, 159.4, 160.6, 160.6, 161.1, 160.6, 160.6, 160.6, 160.6, 160.0, 160.1, 160.6, 160.0, 160.0, 160.1, 159.4, 160.0, 159.4, 160.0, 160.6, 160.0, 160.6, 160.0, 160.0, 160.1, 160.1, 160.6, 160.0, 160.6, 161.2, 160.1, 160.6, 160.1, 160.1, 160.1, 160.6, 160.5, 160.0, 160.5, 160.1, 160.1, 160.1, 160.0, 160.1, 160.1, 160.0, 160.0, 160.0, 160.1, 160.0, 160.1, 160.1, 158.8, 160.1, 159.4, 159.5, 160.1, 160.1, 160.6, 160.0, 160.1, 160.1, 160.6, 160.0, 160.6, 160.1, 160.1, 160.0, 160.1, 159.4, 160.0, 160.0, 159.5, 158.9, 160.1, 159.5, 159.4, 159.4, 158.8, 158.8, 158.2, 159.4, 157.6, 158.8, 158.2, 158.8, 158.8, 158.8, 158.2, 158.8, 158.8, 158.2, 158.7, 158.2, 159.4]"
14,"[167.7, 167.7, 166.4, 167.6, 167.7, 167.0, 167.0, 167.0, 167.0, 166.4, 166.4, 165.2, 165.2, 165.8, 165.2, 165.8, 165.8, 165.2, 164.6, 165.2, 164.5, 165.2, 165.2, 164.6, 165.2, 164.6, 165.8, 164.6, 165.2, 165.2, 165.8, 165.8, 165.2, 165.2, 165.8, 166.4, 167.7, 167.7, 167.0, 168.3, 168.3, 168.3, 167.0, 166.4, 165.8, 166.4, 165.2, 165.8, 165.2, 165.8, 165.8, 165.8, 165.2, 165.2, 165.1, 165.1, 165.8, 165.1, 164.6, 164.5, 164.6, 165.2, 165.2, 164.6, 164.6, 165.2, 164.0, 164.0, 164.0, 163.3, 164.5, 164.5, 164.6, 163.9, 163.3, 163.9, 163.9, 163.9, 163.9, 164.6, 164.0, 163.3, 164.0, 164.0, 164.5, 163.3, 163.3, 163.9, 164.0, 163.9, 163.9, 163.4, 162.7, 163.3, 163.3, 163.3, 163.2, 162.7, 163.4, 163.4, 162.7, 162.7, 162.1, 163.3, 162.7, 163.3, 163.3, 163.3, 162.7, 162.7, 163.4, 163.4, 163.4, 162.7, 163.3, 163.3, 162.7, 163.3, 162.7, 162.1, 162.7, 162.1, 162.7, 162.8, 162.8, 163.4, 162.7, 162.7, 162.7, 163.5, 162.7, 162.8, 162.7, 162.7, 162.7, 164.0, 164.6, 165.2, 166.4, 167.7, 167.7, 167.7, 167.7, 167.7, 167.1, 167.7, 167.7, 168.3, 167.7, 168.3, 167.7, 168.3, 168.3, 168.3, 167.7, 167.7, 168.3, 167.7, 167.7, 167.7, 167.1, 167.1, 167.7, 167.7, 167.7, 167.1, 167.7, 166.4, 167.1, 168.3, 167.1, 167.1, 167.1, 168.3, 167.7, 167.1, 167.7, 167.1, 167.1, 167.7, 168.3, 167.7, 167.7, 168.3, 168.3, 167.1, 167.1, 167.1, 166.5, 165.9, 165.9, 165.3, 164.7, 164.1, 164.1, 162.9, 162.9, 162.9, 162.9, 163.5, 164.1, 164.1, 164.7, 164.1, 164.1, 164.7, 164.7, 164.1, 164.1, 164.1, 164.1, 163.5, 164.1, 164.7, 164.1, 163.5, 163.5, 164.1, 164.1, 162.9, 162.9, 162.9, 162.9, 163.5, 162.9, 163.5, 162.3, 163.5, 163.6, 162.9, 163.0, 162.3, 162.3, 161.7, 162.3, 161.7, 161.7, 161.7, 161.7, 161.7, 161.7, 161.7, 161.1, 161.1, 161.1, 161.2, 161.1, 161.1, 161.7, 162.3, 161.1, 161.7, 161.8, 161.1, 161.7, 161.7, 161.7, 162.4, 162.3, 162.3, 162.3, 161.1, 161.7, 162.3, 162.3, 161.2, 157.4, 155.7, 155.6, 155.7, 156.0, 156.1, 156.7, 158.1, 158.2, 159.5, 159.4, 158.8, 158.9, 159.4, 160.0, 160.0, 160.4, 161.2, 161.7, 161.7, 161.1, 159.5, 157.4, 155.9, 155.5, 155.9, 155.4, 157.0, 159.4, 160.0, 161.1, 161.1, 161.7, 161.7, 161.7, 161.7, 162.3, 162.3, 162.3, 161.7, 162.3, 161.7, 161.7, 161.6, 161.7, 160.5, 161.7, 162.3, 161.7, 161.1, 161.1, 162.3, 162.9, 162.3, 162.3, 161.7, 161.7, 161.1, 158.8, 156.7, 156.0, 156.6, 156.1, 157.0, 157.5, 158.1, 158.2, 159.5, 159.5, 159.9, 159.9, 160.0, 160.6, 161.1, 161.1, 161.1, 161.7, 161.7, 161.7, 161.7, 162.3, 162.3, 161.7, 161.1, 162.3, 162.3, 162.3, 162.3, 161.7, 162.3, 162.3, 162.3, 162.8, 163.5, 163.4, 164.0, 164.0, 164.6, 164.6, 164.6, 165.2, 165.1, 165.2, 165.2, 165.8, 165.8, 165.8, 165.8, 165.7, 166.4, 166.4, 166.4, 167.6, 167.0, 167.7, 168.3, 167.6, 167.7, 168.3, 167.7, 167.7, 167.0, 167.7, 167.0, 167.0, 167.0, 166.4, 166.4, 166.4, 165.8, 165.8, 165.1, 165.2, 165.2, 165.1, 165.8, 165.1, 164.5, 164.5, 163.8, 164.5, 164.5, 163.8, 163.9, 163.2, 163.2, 163.8, 163.2, 163.2, 163.2, 163.2, 163.2, 163.2, 163.2, 162.6, 162.6, 163.2, 163.2, 162.6, 163.2, 163.2, 162.6, 162.6, 163.2, 162.7, 163.9, 164.6, 165.2, 165.1, 165.2, 165.8, 165.8, 167.7, 168.3, 167.0, 167.0, 166.4, 165.8, 165.8, 165.2, 165.8, 165.2, 165.2, 165.2, 165.8, 165.8, 165.8, 165.2, 165.2, 165.2, 165.2, 163.9, 165.2, 165.2, 165.2, 163.9, 165.1, 165.2, 165.8, 165.2, 165.8, 167.0, 167.0, 166.4, 166.5, 167.1, 165.9, 166.5, 166.4, 166.5, 166.4, 166.4, 167.0, 167.7, 167.6, 167.7, 167.7, 167.7, 167.7, 167.7, 168.3, 167.7, 167.7, 167.7, 168.3, 167.7, 167.7, 168.3, 167.7, 167.7, 167.7, 167.7, 168.3, 167.7, 167.0, 167.7, 167.7, 167.7, 167.7, 167.7, 167.7, 167.7, 168.3, 167.7, 167.6, 167.7, 167.7, 167.7, 167.7, 167.0, 167.0, 167.0, 167.0, 167.7, 167.0, 167.0, 167.0, 167.7, 167.7, 167.1, 167.0, 167.0, 167.0, 167.7, 167.7, 167.7, 168.3, 167.7, 167.7, 167.7, 167.7, 167.7, 167.0, 167.7, 167.7, 167.7, 167.7, 168.3, 167.6, 167.7, 167.7, 167.7, 167.7, 167.7, 167.7, 167.7, 167.7, 167.7, 167.7, 167.7, 167.0, 167.0, 166.4, 166.4, 167.1, 166.5, 166.5, 166.5, 167.1, 166.5, 166.5, 165.9, 165.9, 167.1, 165.9, 165.9, 166.5, 166.5, 166.5, 167.7, 166.5, 167.1, 167.1, 167.7, 167.1, 167.1, 167.7, 167.0, 167.1, 167.1, 167.1, 167.7, 167.7, 167.7, 167.7, 167.7, 167.7, 168.3, 167.7, 168.3, 167.1, 167.7, 167.7, 168.3]"
14,"[167.0, 165.8, 164.6, 163.3, 163.4, 164.0, 164.0, 164.7, 164.7, 165.3, 165.9, 165.9, 165.9, 165.9, 165.9, 165.3, 165.9, 165.9, 165.9, 165.9, 165.3, 165.9, 165.3, 165.9, 165.9, 165.9, 165.9, 165.9, 165.9, 165.2, 165.3, 165.9, 165.3, 164.7, 164.7, 164.7, 164.7, 165.9, 164.7, 164.7, 165.3, 165.3, 165.3, 165.3, 164.7, 165.3, 165.3, 165.3, 165.3, 164.6, 165.3, 165.3, 165.3, 164.7, 165.3, 164.7, 165.3, 165.3, 165.3, 165.3, 164.7, 165.3, 164.7, 165.3, 165.3, 164.7, 165.3, 165.8, 165.3, 165.2, 165.3, 165.3, 165.3, 165.9, 164.6, 165.9, 165.3, 165.2, 164.7, 164.6, 165.3, 164.6, 165.3, 164.7, 164.6, 164.7, 164.7, 164.7, 164.7, 164.7, 164.7, 164.7, 164.7, 165.3, 165.2, 165.3, 164.7, 164.7, 164.7, 165.3, 165.3, 164.6, 164.6, 165.3, 164.7, 164.7, 164.8, 164.7, 164.7, 164.1, 164.7, 164.7, 164.7, 164.7, 164.7, 164.6, 164.7, 164.7, 164.7, 164.7, 164.7, 164.1, 164.1, 164.1, 163.5, 163.5, 163.5, 163.5, 164.1, 163.5, 161.8, 160.6, 160.6, 159.4, 158.2, 157.6, 158.2, 158.1, 158.1, 157.5, 158.2, 158.2, 158.8, 158.2, 158.8, 158.2, 158.2, 158.2, 158.2, 158.1, 158.3, 158.2, 158.2, 158.2, 158.8, 158.8, 158.8, 158.8, 160.6, 161.1, 161.1, 161.7, 161.1, 162.3, 161.1, 161.1, 161.7, 161.2, 161.7, 161.2, 161.1, 161.2, 161.1, 161.2, 160.6, 161.1, 161.1, 161.2, 161.1, 161.2, 160.6, 160.6, 160.0, 160.6, 158.8, 159.3, 159.4, 160.0, 159.5, 158.9, 159.5, 159.4, 158.8, 159.4, 160.0, 158.7, 159.4, 158.9, 160.0, 159.4, 158.8, 158.2, 158.9, 158.9, 158.9, 158.2, 158.2, 157.6, 157.6, 157.6, 157.8, 157.1, 157.6, 157.6, 157.6, 157.6, 157.6, 157.6, 157.6, 157.8, 157.5, 157.0, 157.8, 157.0, 157.2, 157.5, 158.1, 157.0, 157.8, 157.5, 157.6, 157.6, 157.6, 157.6, 157.1, 157.1, 157.5, 156.4, 154.4, 153.8, 153.6, 153.0, 153.6, 153.8, 153.8, 154.5, 154.1, 153.8, 155.0, 154.1, 153.8, 153.9, 153.6, 153.3, 153.8, 154.7, 154.1, 155.4, 154.7, 153.9, 153.8, 153.2, 153.9, 154.7, 153.8, 154.2, 153.6, 153.2, 153.8, 154.1, 155.3, 155.5, 156.0, 155.4, 155.5, 156.3, 156.1, 156.3, 156.1, 156.4, 154.7, 153.9, 153.0, 153.0, 154.4, 153.8, 154.8, 155.5, 156.1, 156.3, 156.3, 157.0, 157.5, 156.4, 157.0, 157.0, 156.8, 156.4, 155.7, 156.1, 156.4, 156.4, 156.3, 155.5, 154.7, 153.2, 153.2, 151.8, 151.8, 152.4, 153.9, 154.7, 155.5, 155.3, 156.1, 156.1, 157.0, 156.4, 156.4, 156.4, 157.0, 156.4, 157.0, 157.0, 157.5, 157.5, 157.0, 157.0, 157.1, 157.6, 157.6, 157.4, 157.6, 157.6, 158.2, 157.5, 157.6, 157.5, 158.1, 157.6, 157.5, 157.5, 157.5, 157.6, 157.6, 157.5, 157.5, 157.5, 157.4, 156.3, 155.1, 153.0, 152.6, 151.8, 152.4, 153.9, 153.8, 153.9, 153.9, 154.5, 154.7, 154.5, 153.9, 154.1, 154.7, 153.9, 153.8, 153.2, 153.8, 154.7, 156.1, 157.0, 158.7, 159.3, 160.0, 160.6, 161.1, 161.7, 162.2, 164.0, 163.4, 164.6, 164.7, 164.0, 164.6, 164.5, 164.6, 164.6, 165.8, 165.2, 165.8, 165.8, 165.8, 164.6, 164.6, 165.2, 165.2, 165.1, 165.8, 165.8, 167.0, 167.0, 166.4, 167.0, 167.0, 168.3, 167.7, 168.3, 168.3, 168.3, 168.3, 168.3, 167.7, 167.7, 168.3, 167.7, 167.6, 167.7, 168.3, 167.7, 167.7, 167.0, 167.7, 167.0, 167.0, 167.0, 167.0, 167.6, 166.4, 167.0, 167.0, 167.0, 167.0, 167.0, 166.4, 166.4, 166.4, 166.4, 167.0, 167.0, 166.4, 166.4, 166.4, 167.0, 167.0, 166.4, 166.4, 166.4, 167.0, 167.7, 166.4, 167.7, 167.7, 167.7, 167.7, 167.7, 168.3, 167.7, 168.3, 167.7, 168.3, 167.0, 168.3, 167.7, 167.0, 165.9, 166.4, 166.5, 166.5, 167.1, 166.5, 167.1, 167.1, 167.1, 167.7, 167.1, 167.1, 167.1, 167.1, 167.1, 167.1, 165.9, 167.1, 167.1, 166.5, 166.5, 166.5, 165.9, 165.3, 165.3, 164.7, 165.3, 164.7, 164.7, 164.7, 165.9, 166.5, 165.3, 165.3, 164.7, 164.7, 164.7, 164.7, 164.7, 165.3, 164.7, 165.3, 165.3, 164.1, 164.7, 164.1, 164.1, 164.7, 165.3, 164.7, 165.3, 165.3, 165.3, 165.9, 165.3, 165.3, 165.3, 165.9, 165.9, 165.9, 167.1, 166.5, 165.9, 166.5, 166.5, 167.1, 166.5, 165.9, 165.3, 165.3, 165.3, 164.7, 165.3, 164.7, 165.3, 165.3, 165.3, 165.3, 165.3, 165.3, 165.9, 165.9, 165.9, 166.5, 165.9, 165.9, 166.5, 165.9, 165.9, 166.5, 166.5, 165.9, 166.5, 165.9, 166.5, 165.9, 165.3, 165.9, 165.9, 165.3, 165.9, 166.5, 165.3, 165.3, 165.9, 165.9, 165.9, 165.9, 166.5, 166.5, 166.5, 165.9, 166.5, 167.1, 166.5, 166.5, 167.1, 167.1, 166.5, 165.9, 166.5, 167.1, 167.1, 166.5, 166.5, 167.1, 166.5, 166.5, 166.5, 166.5, 166.5, 166.5, 166.5, 166.5, 165.9]"
14,"[167.1, 165.9, 165.8, 164.6, 166.5, 165.3, 164.6, 165.8, 167.1, 167.1, 167.1, 167.1, 167.1, 167.1, 167.1, 167.1, 165.8, 166.5, 167.1, 167.1, 167.7, 167.1, 166.4, 165.8, 165.8, 167.7, 167.1, 167.1, 167.1, 167.1, 165.8, 166.4, 165.8, 166.5, 165.8, 167.1, 167.1, 167.1, 166.4, 167.7, 166.4, 167.7, 166.4, 167.1, 167.1, 167.1, 166.4, 167.1, 167.7, 167.7, 167.7, 167.7, 167.7, 166.4, 167.1, 167.7, 167.1, 167.1, 166.5, 167.1, 166.5, 166.5, 167.1, 167.7, 167.1, 167.7, 167.7, 167.7, 167.7, 167.7, 167.1, 167.7, 167.1, 167.1, 167.7, 167.7, 167.1, 167.1, 166.4, 167.1, 167.1, 167.1, 167.7, 167.1, 167.1, 167.1, 166.4, 167.7, 167.0, 165.8, 167.7, 166.4, 166.5, 167.1, 166.4, 167.7, 167.7, 167.7, 166.4, 167.7, 167.0, 168.3, 167.1, 165.8, 167.7, 167.1, 167.7, 167.0, 167.0, 167.7, 165.8, 166.4, 167.0, 166.4, 167.7, 167.7, 167.7, 167.0, 166.4, 166.4, 167.1, 167.7, 166.4, 167.1, 165.8, 166.4, 167.1, 166.4, 167.1, 167.1, 165.9, 164.2, 163.5, 161.7, 161.7, 161.1, 160.6, 161.1, 161.2, 160.7, 160.5, 160.6, 160.6, 161.1, 161.1, 161.7, 161.8, 161.1, 161.1, 161.8, 161.1, 160.6, 161.1, 161.1, 161.1, 161.2, 160.6, 161.1, 160.6, 161.7, 161.7, 162.3, 162.9, 162.9, 163.4, 162.9, 163.6, 163.4, 163.4, 163.5, 162.9, 162.9, 162.9, 163.5, 163.6, 162.9, 162.8, 162.4, 163.0, 161.7, 161.7, 160.6, 160.6, 161.1, 161.1, 160.0, 159.3, 160.5, 159.9, 160.6, 159.9, 160.0, 159.4, 160.0, 159.4, 160.0, 159.4, 158.8, 160.0, 159.5, 159.5, 160.1, 159.4, 160.0, 159.5, 160.1, 159.5, 159.9, 159.9, 161.1, 159.9, 161.1, 161.1, 160.5, 160.0, 159.9, 160.0, 159.4, 159.4, 158.7, 158.9, 158.8, 158.8, 159.4, 159.6, 158.7, 160.1, 159.9, 159.4, 160.1, 159.4, 160.0, 160.0, 158.9, 159.4, 159.5, 158.8, 158.8, 159.4, 158.8, 159.3, 158.8, 159.4, 159.4, 158.9, 159.5, 158.8, 158.8, 158.8, 158.9, 158.9, 158.3, 158.8, 157.6, 158.2, 158.8, 158.7, 158.3, 158.7, 158.8, 158.1, 157.8, 158.3, 158.9, 158.8, 158.2, 158.1, 158.1, 158.1, 157.6, 158.1, 158.1, 157.6, 158.2, 157.5, 157.6, 157.5, 158.2, 158.2, 157.6, 157.1, 157.6, 157.1, 157.6, 157.6, 157.5, 158.2, 158.8, 158.8, 158.8, 158.8, 159.4, 159.4, 159.3, 159.4, 159.5, 160.0, 159.4, 159.4, 159.4, 160.6, 159.4, 159.9, 159.9, 159.9, 159.4, 158.8, 159.4, 159.4, 159.9, 159.5, 159.3, 158.7, 159.9, 159.4, 159.9, 159.4, 159.9, 159.9, 160.0, 159.4, 159.4, 159.4, 158.8, 159.3, 158.8, 159.4, 158.7, 158.8, 158.1, 159.3, 158.8, 159.5, 160.0, 160.0, 160.1, 160.6, 160.0, 159.4, 158.9, 158.2, 158.3, 158.3, 159.5, 158.8, 158.3, 158.3, 158.9, 157.6, 158.9, 158.2, 157.6, 157.6, 157.6, 157.8, 158.1, 157.6, 158.2, 158.2, 158.8, 158.2, 158.1, 157.6, 158.2, 157.0, 157.2, 158.2, 157.5, 157.6, 157.0, 157.5, 158.2, 158.2, 160.0, 161.1, 162.3, 162.3, 163.5, 164.1, 164.7, 164.7, 164.7, 164.1, 164.7, 164.0, 165.2, 165.2, 165.2, 165.9, 165.8, 165.2, 164.6, 165.9, 165.2, 165.8, 165.2, 164.6, 165.2, 165.2, 165.2, 165.8, 165.8, 165.8, 166.4, 166.4, 166.4, 166.4, 166.4, 166.4, 166.4, 166.4, 166.4, 167.0, 166.4, 166.4, 166.4, 167.0, 166.4, 165.8, 166.4, 165.8, 166.4, 167.0, 167.0, 166.4, 166.4, 167.0, 166.4, 166.4, 166.4, 166.4, 166.4, 166.4, 166.4, 167.0, 167.6, 166.4, 167.7, 167.0, 167.0, 167.0, 166.4, 167.0, 167.0, 167.7, 167.0, 167.0, 167.7, 167.0, 167.0, 167.7, 167.0, 167.0, 167.7, 167.7, 167.0, 167.7, 167.7, 167.1, 165.8, 166.4, 165.9, 165.9, 165.3, 165.3, 165.9, 167.1, 165.3, 166.5, 165.9, 165.9, 165.9, 165.9, 165.9, 165.9, 165.9, 164.8, 165.9, 165.9, 165.9, 165.3, 166.5, 165.9, 165.9, 165.9, 165.9, 165.9, 165.3, 165.9, 165.3, 165.9, 165.9, 165.9, 165.3, 165.3, 165.3, 165.3, 165.9, 165.3, 164.1, 164.7, 163.5, 162.9, 162.9, 162.9, 163.5, 162.8, 163.5, 163.5, 164.1, 163.5, 163.6, 163.5, 163.5, 162.9, 163.5, 162.9, 162.9, 162.9, 163.5, 162.9, 162.9, 164.1, 162.9, 162.9, 162.3, 162.9, 162.3, 162.9, 161.7, 162.3, 161.7, 162.3, 161.7, 161.7, 161.8, 161.7, 162.3, 162.3, 162.3, 162.9, 162.3, 162.9, 162.9, 162.3, 162.9, 162.9, 162.4, 162.3, 162.4, 162.3, 162.3, 162.9, 162.9, 162.3, 162.9, 162.9, 163.0, 163.0, 163.0, 162.9, 162.3, 162.4, 162.3, 162.3, 162.9, 163.0, 162.9, 162.9, 163.5, 163.0, 162.3, 162.3, 162.3, 162.4, 161.8, 161.7, 161.1, 160.6, 160.6, 160.0, 160.0, 160.6, 161.1, 161.7, 161.7, 161.8, 161.1, 161.1, 160.6, 161.1, 160.6, 160.1, 160.1, 160.6, 160.0, 160.0, 159.9, 159.3, 160.0]"
14,"[165.8, 165.8, 166.4, 165.1, 165.8, 165.8, 164.5, 165.8, 167.0, 165.8, 165.8, 167.1, 166.4, 167.1, 167.7, 167.0, 166.4, 167.7, 167.0, 167.0, 167.0, 167.0, 166.4, 166.4, 167.0, 167.7, 167.7, 168.3, 167.0, 167.7, 166.4, 167.0, 167.7, 167.0, 167.0, 167.1, 167.0, 167.7, 167.0, 167.0, 167.7, 167.1, 166.4, 167.0, 166.4, 165.8, 165.8, 166.4, 167.1, 165.8, 166.4, 167.7, 167.1, 167.0, 167.7, 166.4, 165.8, 167.0, 167.0, 167.0, 167.0, 167.0, 167.7, 167.0, 166.4, 166.4, 167.0, 166.4, 168.3, 167.7, 167.1, 166.4, 166.4, 167.7, 167.7, 167.7, 166.4, 167.0, 167.6, 167.7, 167.0, 167.0, 167.0, 167.0, 167.0, 167.7, 167.7, 167.0, 167.0, 167.7, 167.0, 167.7, 167.7, 167.0, 167.7, 167.7, 167.1, 167.7, 167.0, 167.0, 167.7, 167.7, 167.0, 167.0, 167.7, 167.7, 167.0, 167.7, 167.0, 167.7, 167.0, 166.4, 167.1, 167.1, 167.7, 166.4, 166.4, 166.4, 167.1, 167.7, 167.1, 167.1, 167.1, 167.0, 167.0, 167.7, 167.1, 167.1, 167.1, 167.7, 167.7, 167.7, 167.7, 167.7, 167.7, 167.7, 167.0, 167.1, 167.1, 167.0, 167.7, 167.0, 166.4, 166.5, 164.7, 163.5, 161.7, 161.1, 160.6, 159.4, 160.1, 160.0, 159.4, 159.5, 160.0, 160.6, 159.5, 159.4, 160.1, 160.1, 160.0, 160.6, 159.9, 160.6, 160.6, 160.0, 160.1, 160.6, 161.1, 161.2, 161.1, 161.7, 162.3, 162.9, 162.3, 162.3, 162.9, 162.3, 163.5, 162.9, 163.5, 162.3, 163.5, 162.9, 163.0, 162.9, 162.9, 162.3, 162.4, 161.7, 162.3, 162.9, 162.9, 163.5, 162.4, 162.3, 162.4, 162.3, 162.3, 162.3, 162.3, 161.7, 161.7, 161.7, 161.1, 162.3, 161.7, 161.7, 161.2, 161.1, 161.7, 161.8, 161.1, 161.1, 161.1, 161.7, 161.1, 161.1, 160.6, 160.6, 161.1, 161.1, 159.4, 160.0, 160.0, 160.0, 160.0, 159.4, 160.5, 160.1, 161.1, 160.0, 159.4, 160.0, 159.4, 160.0, 159.9, 160.0, 159.4, 160.1, 160.1, 160.1, 161.1, 160.0, 160.6, 160.6, 160.6, 159.5, 159.4, 159.3, 159.4, 159.4, 159.4, 159.4, 158.9, 159.4, 159.4, 158.8, 158.9, 159.4, 160.0, 159.9, 161.1, 160.6, 160.0, 159.4, 160.6, 160.0, 159.4, 160.0, 160.5, 159.9, 160.0, 159.4, 160.5, 159.4, 160.5, 160.5, 159.9, 159.9, 159.9, 160.5, 160.5, 160.0, 160.6, 160.5, 160.0, 159.9, 160.5, 160.5, 160.5, 159.5, 159.9, 160.0, 160.0, 160.0, 159.9, 159.9, 160.6, 160.6, 161.1, 160.5, 159.9, 159.9, 158.7, 160.0, 159.9, 160.0, 160.0, 160.6, 159.3, 160.5, 160.6, 160.6, 160.0, 159.9, 160.5, 159.9, 160.6, 160.1, 159.3, 160.0, 159.9, 160.0, 159.9, 159.4, 160.6, 159.9, 160.5, 160.6, 159.9, 161.1, 160.5, 160.6, 161.1, 160.6, 160.0, 159.9, 160.6, 160.5, 160.0, 160.6, 160.6, 160.5, 160.6, 160.6, 160.6, 159.5, 160.0, 160.6, 160.5, 160.1, 160.5, 159.9, 159.4, 159.3, 160.6, 159.4, 160.5, 160.6, 160.6, 160.6, 159.4, 160.6, 160.4, 159.9, 159.3, 160.5, 160.6, 159.9, 159.9, 161.1, 161.1, 160.6, 159.9, 160.5, 160.5, 161.1, 160.0, 159.9, 159.9, 159.9, 160.6, 161.1, 161.1, 161.7, 162.2, 162.2, 162.9, 162.3, 163.5, 163.5, 164.0, 165.2, 164.1, 164.6, 164.0, 164.6, 164.6, 165.3, 165.8, 165.2, 165.8, 165.8, 165.2, 165.2, 165.8, 165.8, 165.2, 165.2, 165.2, 166.4, 166.4, 165.8, 165.8, 165.1, 166.4, 165.2, 165.8, 165.8, 165.2, 165.8, 165.8, 165.8, 165.8, 165.2, 165.8, 167.0, 166.4, 166.4, 166.4, 166.4, 166.4, 166.4, 167.0, 166.4, 166.4, 167.0, 166.4, 165.8, 166.4, 166.4, 166.4, 166.4, 166.4, 167.0, 165.8, 167.0, 166.4, 165.8, 165.8, 166.4, 165.8, 165.8, 167.0, 166.4, 165.8, 165.2, 165.8, 166.4, 166.4, 165.8, 165.8, 165.8, 165.8, 166.4, 165.2, 165.8, 165.8, 165.8, 166.4, 165.8, 165.9, 165.8, 165.9, 165.8, 165.8, 166.4, 165.8, 165.8, 165.2, 166.5, 166.4, 165.8, 166.4, 166.5, 165.8, 165.9, 165.9, 165.8, 166.4, 166.4, 166.4, 166.5, 165.9, 166.4, 165.9, 166.5, 166.5, 165.8, 167.1, 165.3, 165.3, 165.3, 164.1, 164.1, 164.1, 163.5, 162.3, 161.8, 161.1, 161.1, 160.6, 160.1, 160.6, 161.8, 162.4, 161.8, 162.3, 161.7, 162.3, 162.9, 161.7, 162.9, 163.0, 161.7, 162.3, 161.7, 161.7, 162.9, 163.0, 163.6, 162.3, 162.4, 162.9, 162.4, 163.0, 163.0, 161.8, 162.9, 162.4, 162.4, 162.9, 162.4, 163.0, 162.4, 162.9, 161.8, 161.7, 162.4, 162.3, 162.4, 161.7, 161.8, 161.7, 161.7, 162.4, 161.8, 162.4, 161.8, 162.4, 162.3, 161.8, 162.3, 162.3, 163.0, 162.4, 162.4, 162.3, 163.0, 162.3, 162.3, 162.3, 162.4, 162.3, 162.4, 161.8, 162.4, 162.3, 162.4, 162.4, 161.8, 161.8, 161.7, 162.3, 163.0, 162.3, 162.3, 162.4, 163.0, 162.4, 162.4, 162.3, 162.3, 163.0, 162.9, 162.9, 162.9, 162.3, 161.8]"
14,"[165.9, 165.8, 165.9, 164.6, 165.9, 166.0, 165.3, 165.9, 167.1, 166.5, 167.1, 167.7, 167.1, 167.1, 167.7, 167.1, 167.7, 167.1, 167.1, 167.1, 166.5, 167.1, 167.1, 167.1, 167.7, 167.1, 167.1, 167.1, 166.5, 167.1, 167.1, 167.1, 167.1, 165.9, 166.5, 167.1, 167.1, 167.1, 167.1, 167.1, 167.1, 167.7, 167.1, 167.1, 167.1, 167.1, 167.1, 167.1, 167.1, 167.1, 167.7, 166.5, 167.1, 167.7, 167.7, 167.7, 167.7, 167.1, 167.1, 167.1, 167.7, 167.1, 167.1, 167.1, 167.1, 167.1, 166.5, 167.7, 167.1, 166.5, 167.1, 167.1, 167.1, 167.1, 167.1, 166.5, 166.5, 166.5, 166.5, 167.1, 167.1, 167.1, 167.7, 167.0, 167.1, 167.1, 167.1, 167.1, 167.1, 166.5, 166.5, 167.1, 167.1, 167.1, 167.1, 166.5, 167.1, 167.1, 167.1, 166.5, 166.5, 166.5, 167.1, 167.7, 167.1, 167.1, 167.1, 167.1, 167.1, 167.1, 167.1, 167.1, 166.5, 166.5, 166.5, 167.1, 167.1, 165.9, 167.1, 167.1, 166.5, 166.5, 167.1, 166.5, 166.5, 166.5, 166.5, 166.5, 166.5, 166.5, 167.1, 167.1, 167.1, 166.5, 166.5, 165.9, 167.1, 166.5, 166.5, 164.8, 164.1, 161.8, 161.1, 160.6, 159.4, 158.8, 158.3, 158.2, 158.8, 159.4, 158.2, 157.5, 158.2, 158.1, 157.5, 158.2, 158.7, 158.9, 159.5, 158.8, 159.5, 158.8, 159.4, 158.7, 158.8, 158.8, 160.1, 160.6, 161.7, 161.1, 161.1, 161.7, 161.7, 161.7, 161.7, 161.2, 161.8, 161.7, 161.1, 161.7, 161.1, 161.3, 160.6, 160.5, 160.6, 160.1, 160.6, 160.0, 160.0, 159.4, 160.0, 159.4, 160.1, 159.4, 160.0, 160.1, 160.0, 159.3, 159.4, 159.4, 160.0, 160.0, 160.1, 160.1, 159.4, 159.4, 159.9, 160.6, 160.0, 159.5, 159.4, 159.5, 159.4, 159.4, 160.1, 159.4, 159.4, 158.8, 158.8, 158.2, 158.9, 158.8, 158.8, 158.8, 158.8, 158.3, 158.2, 158.2, 158.9, 158.8, 158.3, 158.9, 158.9, 158.8, 158.8, 158.8, 158.8, 158.9, 158.2, 158.9, 158.9, 158.9, 158.8, 158.9, 158.9, 158.2, 158.3, 158.2, 158.1, 158.3, 158.3, 158.3, 157.6, 157.6, 157.8, 157.6, 158.3, 158.9, 158.3, 158.2, 157.6, 158.3, 158.1, 158.2, 157.6, 157.6, 157.6, 157.6, 157.6, 157.6, 157.6, 157.6, 157.6, 157.5, 157.0, 157.6, 157.6, 157.1, 157.1, 157.6, 157.6, 157.6, 158.2, 158.1, 157.6, 157.5, 157.5, 157.6, 157.0, 157.5, 157.6, 157.5, 157.6, 157.6, 157.1, 157.5, 157.5, 157.0, 157.6, 157.6, 157.0, 157.1, 157.8, 157.6, 157.0, 157.8, 156.4, 156.5, 156.5, 157.1, 157.0, 156.4, 157.0, 157.0, 157.0, 157.8, 157.5, 157.2, 157.6, 156.4, 157.6, 157.0, 157.5, 157.0, 157.0, 157.1, 157.5, 157.6, 157.6, 157.8, 157.5, 157.6, 157.6, 157.1, 157.0, 157.0, 157.1, 157.0, 157.5, 157.5, 157.6, 157.6, 157.8, 158.2, 157.6, 157.1, 157.6, 157.0, 157.0, 157.5, 157.5, 157.5, 157.5, 157.1, 157.5, 156.4, 157.5, 157.5, 157.6, 157.5, 157.0, 156.5, 157.0, 157.1, 157.5, 157.0, 157.1, 156.5, 157.0, 157.0, 157.1, 157.0, 157.0, 157.1, 157.6, 157.0, 157.5, 157.1, 157.6, 157.6, 158.3, 159.3, 159.9, 159.9, 161.1, 161.7, 162.3, 162.3, 162.3, 163.5, 164.1, 164.0, 164.6, 165.2, 164.0, 165.9, 166.5, 165.3, 165.9, 165.2, 165.8, 166.4, 165.8, 166.5, 165.8, 165.2, 165.9, 166.4, 166.4, 165.8, 166.4, 165.8, 165.8, 165.8, 166.4, 167.0, 167.0, 167.6, 167.0, 167.6, 167.7, 167.0, 167.7, 168.3, 167.0, 167.6, 167.0, 167.0, 167.0, 167.6, 167.6, 167.0, 167.0, 167.6, 167.0, 167.6, 167.0, 167.0, 167.0, 167.0, 167.0, 167.0, 167.0, 167.7, 167.7, 168.3, 167.0, 167.7, 167.0, 167.7, 168.3, 167.7, 167.7, 167.7, 167.7, 167.7, 167.7, 167.7, 167.0, 167.0, 167.0, 167.0, 167.7, 167.7, 167.7, 167.7, 167.7, 167.7, 168.3, 167.0, 167.7, 168.3, 167.1, 167.7, 167.1, 167.7, 167.7, 167.7, 167.7, 167.7, 168.3, 168.3, 168.3, 167.7, 167.7, 167.7, 168.3, 168.3, 167.7, 167.7, 167.1, 168.3, 167.1, 167.7, 167.7, 167.0, 167.1, 167.1, 167.1, 166.5, 166.5, 165.9, 165.3, 165.9, 165.3, 165.9, 165.3, 166.5, 166.5, 167.1, 165.9, 167.1, 166.5, 165.9, 166.5, 165.9, 166.5, 165.9, 165.9, 166.5, 166.5, 165.9, 166.5, 166.5, 165.9, 165.9, 165.9, 165.9, 165.9, 165.9, 166.5, 165.3, 165.9, 165.9, 164.8, 165.3, 165.9, 164.8, 164.7, 164.7, 164.7, 164.1, 164.1, 164.1, 163.5, 163.5, 163.5, 164.1, 164.1, 164.7, 164.1, 164.1, 164.7, 164.7, 164.2, 164.1, 164.7, 164.1, 163.6, 164.1, 164.2, 164.1, 164.1, 164.1, 164.2, 164.1, 164.1, 164.1, 164.1, 164.1, 164.7, 164.7, 164.1, 164.7, 164.1, 164.7, 164.7, 164.7, 164.7, 164.7, 165.3, 164.7, 165.3, 164.7, 164.8, 164.7, 165.3, 164.7, 164.7, 165.3, 165.3, 165.9, 165.3, 165.3, 165.3, 165.3, 165.3, 165.3, 165.9, 165.9]"
14,"[166.5, 165.3, 165.8, 163.9, 165.2, 165.8, 165.1, 166.4, 166.5, 167.0, 167.7, 166.4, 166.5, 167.1, 166.4, 167.7, 166.4, 165.9, 165.9, 167.1, 166.5, 166.5, 167.0, 165.9, 166.5, 167.1, 166.5, 167.1, 167.1, 167.1, 166.5, 166.5, 166.5, 166.5, 166.5, 167.1, 167.1, 166.5, 167.1, 167.1, 166.5, 166.5, 167.0, 166.5, 166.5, 166.5, 166.5, 166.5, 166.5, 166.5, 166.5, 165.9, 166.5, 165.9, 167.1, 166.5, 166.5, 166.5, 167.1, 167.1, 166.5, 167.1, 166.5, 166.5, 167.1, 166.5, 166.4, 166.4, 166.5, 167.1, 167.1, 166.5, 166.4, 166.5, 166.5, 166.4, 166.4, 167.0, 167.1, 166.5, 167.1, 166.4, 166.5, 167.1, 166.5, 166.4, 167.1, 167.1, 165.8, 165.8, 167.1, 166.5, 167.1, 166.5, 167.1, 165.2, 166.5, 165.8, 166.4, 166.4, 166.5, 166.5, 165.9, 165.8, 167.1, 166.5, 166.5, 166.4, 165.9, 166.4, 167.1, 166.4, 167.0, 166.5, 167.1, 166.4, 166.5, 166.5, 167.1, 166.5, 167.1, 167.1, 165.8, 166.4, 166.4, 165.8, 165.8, 167.1, 167.1, 167.1, 165.8, 166.4, 166.4, 165.8, 166.5, 165.9, 164.7, 164.1, 162.9, 162.3, 161.1, 160.6, 161.1, 160.0, 160.6, 160.6, 160.6, 160.6, 160.1, 160.1, 160.6, 161.2, 160.6, 161.2, 161.1, 161.1, 161.2, 160.6, 161.7, 161.2, 161.1, 161.1, 161.1, 161.7, 161.7, 162.3, 162.9, 163.5, 162.9, 163.5, 162.9, 162.9, 162.9, 162.9, 162.9, 161.7, 162.3, 162.3, 162.3, 162.3, 161.7, 162.3, 161.7, 161.1, 162.3, 161.1, 161.1, 161.7, 161.2, 161.1, 160.5, 161.1, 161.7, 161.1, 161.7, 161.7, 162.3, 161.7, 161.6, 161.9, 162.3, 161.1, 160.6, 161.7, 161.1, 160.6, 161.1, 161.7, 161.7, 161.7, 161.1, 161.1, 161.7, 160.5, 161.1, 160.5, 161.1, 161.1, 161.1, 161.1, 161.1, 161.1, 161.1, 160.5, 161.1, 161.1, 161.1, 161.1, 161.1, 160.6, 161.7, 161.7, 161.7, 161.7, 161.7, 161.7, 161.1, 161.1, 161.7, 162.3, 162.9, 161.0, 162.3, 161.7, 161.7, 162.3, 161.7, 162.4, 162.3, 161.1, 162.4, 161.7, 162.3, 161.7, 161.7, 162.4, 161.7, 162.3, 162.3, 161.7, 162.3, 162.3, 161.7, 162.3, 162.9, 162.3, 162.3, 162.9, 161.7, 162.9, 162.3, 162.3, 161.1, 161.7, 161.7, 162.3, 161.7, 162.3, 161.7, 161.7, 161.7, 162.3, 161.7, 161.7, 161.7, 161.7, 162.3, 162.3, 162.3, 162.3, 161.7, 161.8, 162.9, 162.3, 162.3, 162.3, 162.9, 162.3, 162.9, 162.3, 161.7, 163.0, 162.3, 162.3, 162.3, 162.3, 161.8, 161.7, 162.3, 161.1, 161.7, 161.1, 161.7, 162.3, 161.7, 161.7, 161.7, 162.3, 162.3, 161.1, 162.4, 162.3, 161.7, 161.7, 162.3, 162.3, 162.3, 162.3, 161.7, 162.3, 161.7, 162.3, 162.3, 161.7, 161.7, 162.3, 161.7, 161.7, 161.7, 162.3, 161.7, 161.7, 161.7, 161.7, 162.3, 161.7, 161.7, 161.7, 162.3, 161.7, 162.3, 161.7, 161.7, 161.7, 161.7, 161.7, 161.7, 161.1, 161.1, 161.7, 161.7, 161.7, 162.3, 161.7, 161.7, 161.7, 161.7, 161.7, 161.7, 161.7, 161.7, 161.7, 161.1, 161.1, 161.1, 162.3, 161.7, 163.5, 164.1, 163.5, 164.1, 163.5, 164.7, 164.7, 165.3, 164.7, 165.2, 165.9, 164.6, 165.2, 165.9, 166.5, 165.8, 165.8, 165.8, 166.4, 165.8, 166.4, 167.0, 166.4, 167.0, 166.4, 167.0, 167.7, 166.4, 167.0, 166.4, 166.4, 166.4, 167.0, 167.0, 167.0, 167.0, 167.0, 167.0, 166.4, 165.8, 166.4, 167.0, 167.0, 166.4, 166.4, 166.4, 165.8, 165.2, 165.8, 165.2, 165.8, 166.4, 165.8, 165.2, 165.8, 165.8, 166.4, 166.4, 165.8, 165.8, 166.4, 165.8, 166.4, 165.8, 166.5, 165.2, 165.8, 165.9, 165.2, 165.2, 164.6, 165.2, 164.6, 165.9, 165.8, 164.7, 163.5, 162.9, 163.5, 164.7, 164.1, 163.5, 161.6, 162.3, 162.9, 162.3, 160.4, 160.4, 158.6, 157.9, 157.9, 158.5, 157.9, 158.0, 158.6, 160.0, 160.0, 160.6, 159.9, 160.1, 160.1, 161.1, 161.7, 162.3, 162.3, 162.3, 162.3, 162.3, 162.3, 163.0, 162.9, 163.5, 163.5, 163.6, 162.9, 163.5, 163.5, 164.1, 163.5, 163.5, 164.1, 163.5, 163.5, 163.6, 163.5, 163.6, 163.5, 164.7, 164.1, 164.7, 164.1, 164.1, 164.1, 164.7, 164.1, 164.1, 164.1, 163.5, 164.1, 163.5, 163.5, 164.1, 164.1, 164.1, 164.1, 164.7, 164.1, 164.1, 163.5, 163.5, 163.5, 163.6, 164.1, 163.5, 164.7, 164.1, 164.1, 163.5, 164.1, 164.1, 164.1, 164.1, 164.7, 164.7, 164.7, 164.7, 164.1, 164.7, 164.7, 164.1, 164.1, 164.1, 164.7, 164.1, 164.7, 163.5, 163.5, 163.5, 162.9, 162.9, 162.9, 162.9, 162.9, 162.9, 162.3, 162.3, 161.7, 162.3, 162.9, 162.9, 163.0, 163.5, 162.9, 164.1, 163.5, 162.9, 162.9, 162.9, 162.3, 162.3, 162.3, 162.9, 163.0, 162.9, 162.3, 162.3, 162.3, 162.9, 162.9, 162.9, 162.3, 162.9, 162.3, 162.9, 162.9, 162.9, 162.9, 162.9, 162.9, 162.4, 162.9, 162.9, 162.3]"
14,"[165.9, 164.7, 165.9, 163.8, 164.5, 164.5, 165.1, 165.8, 166.5, 167.1, 166.4, 166.5, 166.5, 166.4, 166.5, 166.5, 166.5, 165.2, 165.2, 166.5, 167.1, 167.1, 166.4, 165.8, 165.8, 165.8, 166.5, 165.8, 167.0, 167.1, 167.1, 166.5, 167.1, 166.4, 166.5, 167.1, 167.1, 166.5, 166.5, 167.1, 167.1, 166.5, 166.5, 166.5, 165.9, 165.9, 166.5, 167.1, 167.1, 166.5, 166.5, 167.1, 165.9, 167.1, 167.1, 167.1, 166.5, 166.4, 167.7, 167.7, 167.1, 167.1, 167.1, 166.5, 167.1, 167.1, 166.5, 167.1, 166.5, 166.5, 166.5, 166.5, 166.5, 166.4, 166.4, 167.1, 167.1, 166.5, 166.5, 165.9, 166.4, 166.5, 167.1, 165.8, 166.5, 166.5, 166.4, 166.4, 167.1, 166.4, 167.1, 167.1, 167.1, 167.1, 166.5, 167.0, 166.5, 167.0, 167.1, 166.5, 166.5, 166.5, 167.1, 166.5, 167.1, 167.1, 167.0, 167.1, 166.5, 166.5, 166.5, 167.1, 166.5, 166.5, 166.5, 166.5, 166.5, 167.1, 166.5, 166.5, 166.5, 166.5, 166.5, 165.9, 166.5, 165.9, 166.5, 165.9, 165.9, 166.5, 166.5, 166.5, 165.9, 166.5, 165.9, 166.5, 166.5, 165.9, 165.9, 164.7, 162.9, 161.7, 160.0, 158.8, 158.9, 158.3, 158.3, 157.8, 158.2, 158.3, 158.2, 157.6, 157.6, 157.6, 158.3, 158.9, 159.5, 159.4, 160.1, 160.0, 161.1, 160.1, 160.0, 160.0, 159.4, 159.4, 159.4, 158.8, 160.0, 160.0, 160.6, 160.1, 159.4, 160.6, 159.9, 160.0, 160.0, 158.8, 159.4, 159.4, 158.8, 159.4, 158.3, 158.3, 158.2, 157.6, 158.3, 157.6, 157.8, 158.1, 157.6, 158.2, 157.6, 157.6, 157.6, 157.5, 157.5, 157.5, 157.1, 157.6, 157.6, 157.6, 157.6, 158.1, 157.1, 158.2, 157.1, 157.1, 157.6, 157.5, 157.8, 158.2, 157.6, 157.6, 157.5, 157.6, 157.6, 157.8, 157.6, 157.1, 157.6, 157.1, 157.1, 157.1, 157.1, 157.6, 157.6, 157.6, 157.5, 158.3, 158.2, 157.5, 158.3, 158.2, 158.2, 157.6, 158.2, 157.5, 157.6, 157.8, 156.4, 157.6, 157.6, 157.6, 157.6, 157.6, 157.1, 157.1, 157.1, 157.1, 157.6, 157.1, 157.6, 157.6, 157.1, 158.1, 158.3, 157.6, 157.0, 157.1, 157.5, 157.1, 158.1, 157.6, 157.6, 157.0, 157.1, 157.1, 157.1, 157.1, 157.6, 157.1, 157.1, 157.6, 157.1, 157.1, 157.1, 158.2, 158.3, 157.6, 157.5, 157.6, 158.2, 157.8, 158.1, 157.6, 158.2, 158.2, 158.2, 158.2, 158.2, 157.8, 158.8, 158.2, 159.0, 158.3, 158.2, 158.2, 158.3, 157.8, 158.3, 158.3, 158.2, 158.3, 158.3, 158.3, 158.3, 158.2, 158.2, 158.2, 157.6, 158.2, 158.2, 158.2, 158.3, 158.2, 158.3, 158.2, 158.8, 158.2, 158.3, 158.3, 158.2, 158.1, 157.8, 157.6, 158.8, 158.9, 158.8, 159.9, 159.4, 158.8, 158.1, 158.8, 158.8, 158.8, 158.9, 159.4, 159.5, 158.9, 159.9, 159.8, 159.4, 159.9, 159.3, 159.4, 158.8, 158.2, 158.2, 158.2, 158.9, 158.8, 158.8, 158.8, 158.3, 158.1, 158.4, 158.2, 158.3, 158.2, 157.6, 157.6, 157.6, 158.2, 158.2, 158.2, 158.2, 158.2, 158.3, 158.2, 157.8, 157.8, 158.2, 157.8, 158.1, 157.5, 157.0, 157.5, 158.1, 158.3, 159.4, 158.8, 159.9, 160.6, 161.1, 161.1, 161.6, 162.2, 162.9, 162.9, 163.4, 164.1, 164.6, 164.1, 164.1, 164.1, 164.6, 165.2, 164.6, 165.9, 165.2, 166.5, 165.9, 166.4, 165.8, 166.4, 166.4, 166.4, 166.4, 166.4, 165.2, 165.8, 165.8, 165.2, 165.1, 166.4, 165.8, 165.8, 166.4, 166.4, 165.8, 165.8, 166.4, 165.8, 166.4, 166.4, 167.0, 166.4, 166.4, 165.8, 166.4, 166.4, 165.8, 166.4, 165.8, 165.8, 165.8, 166.4, 165.8, 166.4, 166.4, 166.4, 165.8, 167.0, 166.4, 166.4, 165.8, 166.4, 165.8, 165.1, 165.8, 165.8, 166.4, 165.8, 165.8, 165.8, 165.8, 165.8, 165.8, 165.8, 165.8, 166.4, 165.8, 165.8, 165.8, 165.8, 165.8, 165.8, 165.8, 165.8, 165.8, 165.8, 165.8, 165.8, 165.8, 165.2, 165.2, 165.8, 165.8, 165.8, 165.8, 165.8, 165.8, 165.2, 165.8, 165.8, 165.8, 165.2, 165.8, 165.8, 165.8, 166.4, 165.2, 165.2, 166.4, 165.8, 167.0, 165.8, 165.9, 165.8, 165.2, 165.8, 165.2, 165.8, 165.8, 165.8, 165.8, 165.9, 166.4, 165.2, 164.6, 164.6, 165.2, 165.9, 164.6, 165.9, 165.8, 165.9, 165.8, 165.9, 165.8, 165.8, 164.6, 166.5, 165.2, 165.9, 165.9, 165.3, 165.2, 165.9, 165.3, 165.3, 164.7, 165.3, 164.7, 165.9, 165.3, 164.7, 164.7, 164.7, 164.7, 165.3, 164.7, 165.3, 165.3, 165.9, 165.3, 164.7, 165.3, 164.7, 164.7, 164.1, 164.1, 163.6, 163.5, 162.9, 162.9, 162.3, 161.7, 161.1, 161.7, 160.6, 162.3, 162.3, 162.9, 162.4, 163.0, 163.0, 162.3, 162.3, 161.7, 161.7, 162.3, 162.3, 162.3, 162.3, 162.3, 161.7, 161.7, 161.7, 161.7, 161.7, 161.8, 161.2, 161.2, 161.7, 162.3, 161.7, 160.6, 161.7, 161.7, 161.1, 160.6, 161.1, 161.1, 161.1, 160.6, 161.1, 160.6, 160.6]"
14,"[166.5, 164.6, 164.0, 163.3, 164.0, 164.6, 165.1, 165.9, 165.3, 166.5, 165.9, 166.5, 165.9, 165.9, 165.2, 166.5, 165.9, 165.9, 165.3, 165.9, 165.9, 165.9, 165.3, 165.3, 165.3, 165.9, 165.9, 165.9, 165.9, 165.3, 165.9, 165.9, 165.2, 166.5, 165.9, 165.3, 165.3, 164.7, 165.9, 164.7, 164.7, 164.7, 165.3, 165.9, 165.3, 164.7, 164.7, 164.7, 164.7, 164.7, 165.3, 165.3, 165.3, 165.9, 164.7, 164.7, 164.7, 165.2, 164.6, 164.7, 164.6, 165.3, 165.3, 165.3, 165.3, 165.2, 165.9, 165.3, 165.2, 165.3, 164.7, 165.3, 165.3, 165.2, 165.9, 165.2, 165.3, 165.3, 165.9, 165.9, 165.9, 164.6, 165.3, 165.3, 165.2, 165.9, 165.9, 165.2, 165.9, 165.9, 165.3, 165.9, 165.8, 166.5, 166.5, 166.5, 166.5, 166.5, 165.9, 166.5, 165.9, 164.6, 166.5, 165.3, 165.3, 165.9, 166.5, 165.3, 165.9, 166.4, 165.2, 166.5, 164.6, 165.9, 165.9, 165.9, 165.2, 165.2, 165.9, 165.9, 165.3, 165.3, 165.8, 165.9, 165.3, 166.5, 165.3, 165.9, 166.5, 165.3, 165.9, 165.9, 165.9, 165.9, 165.9, 165.9, 165.3, 165.3, 166.5, 165.9, 165.3, 165.9, 165.3, 165.9, 165.9, 165.9, 164.6, 165.2, 164.6, 164.1, 161.7, 161.1, 160.6, 160.0, 158.8, 158.2, 157.6, 157.6, 157.6, 158.3, 158.3, 158.2, 157.8, 158.3, 158.3, 158.3, 158.3, 158.2, 158.2, 158.3, 158.2, 158.8, 158.3, 158.3, 159.4, 159.9, 159.5, 159.9, 160.6, 160.0, 160.6, 160.5, 160.6, 160.0, 160.6, 160.5, 161.1, 161.1, 161.1, 161.1, 160.6, 160.6, 161.1, 160.1, 160.6, 159.9, 159.9, 160.6, 160.6, 160.6, 160.5, 161.1, 159.9, 161.1, 160.6, 160.5, 160.6, 160.6, 161.1, 160.6, 160.6, 160.6, 161.1, 160.5, 161.1, 161.1, 160.5, 161.1, 160.5, 160.6, 159.9, 161.1, 161.1, 161.1, 161.1, 161.1, 161.7, 161.1, 161.7, 161.9, 161.7, 161.1, 161.7, 162.3, 161.2, 162.3, 161.9, 161.7, 160.6, 161.7, 161.8, 161.7, 161.7, 161.1, 161.7, 161.7, 162.3, 161.8, 161.7, 162.3, 161.7, 162.3, 161.7, 162.3, 162.3, 161.8, 162.3, 161.7, 161.7, 161.1, 161.7, 162.2, 161.7, 161.7, 162.3, 162.3, 161.3, 161.7, 162.4, 161.1, 161.7, 161.9, 161.8, 162.3, 162.4, 161.7, 162.4, 161.7, 162.4, 162.4, 161.1, 161.7, 161.7, 161.7, 161.9, 161.7, 161.2, 161.7, 161.7, 161.7, 161.1, 161.1, 161.1, 161.1, 161.1, 160.6, 161.2, 161.1, 161.1, 161.8, 161.3, 161.2, 161.1, 161.7, 161.7, 161.1, 161.8, 161.7, 161.7, 161.7, 161.7, 161.1, 161.1, 160.6, 161.2, 161.8, 161.2, 161.2, 160.0, 160.6, 161.2, 160.6, 160.0, 161.2, 161.1, 160.0, 160.0, 158.8, 159.4, 159.4, 159.5, 159.5, 159.9, 160.0, 160.6, 160.6, 161.1, 160.1, 161.1, 160.6, 160.6, 159.4, 160.6, 160.1, 160.1, 160.6, 160.6, 161.1, 160.6, 160.7, 160.6, 160.1, 160.6, 159.9, 159.3, 159.2, 158.0, 158.8, 158.7, 158.8, 159.3, 159.4, 158.7, 160.0, 159.5, 160.1, 159.5, 160.0, 160.1, 160.0, 160.1, 159.5, 160.1, 159.5, 160.1, 159.5, 160.1, 160.1, 160.1, 159.5, 159.5, 159.9, 159.4, 159.5, 159.4, 159.4, 160.1, 159.4, 161.1, 159.9, 161.1, 161.1, 161.7, 161.8, 162.3, 162.9, 164.1, 164.1, 164.7, 164.7, 164.7, 165.3, 165.2, 165.9, 165.9, 164.6, 165.8, 165.2, 165.2, 165.2, 165.2, 166.4, 167.0, 165.8, 165.8, 166.4, 166.5, 167.0, 166.4, 167.0, 165.8, 165.8, 165.8, 167.0, 166.4, 167.0, 166.4, 166.4, 166.4, 166.4, 167.0, 166.4, 166.4, 167.0, 166.4, 166.4, 167.0, 167.0, 167.0, 167.0, 166.4, 167.0, 167.0, 167.0, 167.6, 167.7, 167.0, 167.0, 167.7, 167.7, 167.0, 167.0, 167.7, 168.3, 168.3, 168.3, 168.3, 168.3, 168.3, 168.3, 168.3, 168.3, 167.7, 168.3, 168.3, 167.7, 168.3, 167.7, 168.3, 167.7, 168.3, 168.3, 167.7, 167.6, 167.0, 167.7, 168.3, 167.7, 167.0, 167.7, 167.7, 167.6, 167.0, 167.0, 168.3, 168.3, 167.0, 166.4, 166.4, 167.0, 167.0, 167.0, 167.0, 167.0, 167.6, 166.4, 167.0, 167.0, 167.0, 166.4, 167.6, 167.0, 167.0, 167.0, 167.0, 167.0, 166.4, 167.0, 167.7, 167.0, 167.7, 167.0, 167.7, 167.6, 167.0, 166.4, 166.4, 167.0, 167.0, 167.7, 167.0, 167.7, 167.7, 167.7, 167.7, 167.0, 167.0, 167.6, 167.7, 167.0, 166.4, 167.0, 167.6, 166.4, 166.4, 166.4, 166.4, 166.4, 166.4, 167.0, 167.0, 167.0, 166.4, 167.0, 165.8, 167.0, 167.0, 167.0, 166.4, 166.4, 167.7, 167.7, 166.4, 167.0, 166.4, 167.1, 165.8, 166.4, 165.8, 167.7, 166.4, 167.7, 166.4, 167.0, 167.0, 167.0, 166.4, 166.4, 167.0, 167.0, 167.0, 167.0, 167.7, 167.7, 167.0, 167.0, 166.4, 165.2, 166.4, 166.4, 165.2, 165.8, 166.4, 166.5, 166.4, 166.5, 166.4, 166.5, 167.0, 167.0, 167.0, 166.5, 166.4, 166.5, 166.4, 166.4, 165.9, 166.5, 165.8, 165.9]"
14,"[165.2, 166.4, 165.8, 164.5, 165.8, 165.8, 166.4, 167.0, 166.4, 167.0, 167.1, 167.7, 166.4, 167.1, 166.4, 167.7, 166.4, 166.4, 166.4, 167.0, 166.4, 167.7, 167.0, 167.1, 167.0, 166.5, 166.5, 166.5, 166.5, 166.4, 166.4, 166.4, 166.4, 165.8, 166.5, 166.5, 166.5, 167.7, 167.0, 167.7, 167.0, 166.4, 167.0, 167.7, 167.0, 166.4, 167.0, 166.4, 167.7, 167.0, 167.0, 167.7, 167.7, 167.0, 167.7, 167.1, 167.0, 167.7, 167.0, 166.4, 166.4, 167.7, 167.0, 167.0, 167.0, 167.0, 167.7, 167.0, 167.7, 167.7, 167.7, 167.0, 167.0, 167.1, 167.7, 167.0, 166.4, 166.4, 166.4, 167.0, 166.5, 167.0, 167.0, 167.7, 167.1, 166.4, 167.1, 167.0, 167.0, 167.0, 167.7, 166.4, 166.4, 167.0, 165.9, 166.5, 167.0, 166.4, 166.4, 166.4, 166.4, 166.4, 165.8, 166.4, 165.8, 167.0, 167.0, 167.0, 166.4, 167.0, 167.0, 167.1, 166.4, 167.0, 167.0, 167.0, 165.8, 167.0, 167.7, 167.0, 167.0, 167.0, 166.4, 167.0, 166.4, 167.0, 167.0, 166.4, 167.7, 167.0, 167.7, 167.0, 166.4, 166.4, 167.0, 167.0, 167.0, 167.7, 167.7, 167.0, 167.0, 166.4, 166.4, 166.4, 166.4, 166.4, 166.4, 167.1, 167.7, 166.5, 167.0, 166.4, 165.2, 163.5, 163.5, 161.1, 159.9, 159.5, 158.8, 158.9, 158.2, 157.8, 158.3, 158.3, 158.9, 158.2, 158.2, 158.3, 158.3, 158.3, 158.2, 158.3, 158.2, 158.2, 158.3, 158.2, 158.1, 157.6, 158.2, 158.3, 158.3, 158.8, 158.9, 158.9, 158.9, 158.2, 158.3, 158.2, 158.3, 158.2, 158.2, 158.3, 158.3, 157.8, 158.2, 158.2, 157.1, 157.8, 157.6, 157.1, 157.1, 157.1, 157.1, 157.5, 157.0, 157.0, 156.4, 156.8, 156.8, 157.6, 157.6, 158.2, 157.6, 157.6, 157.6, 157.6, 157.6, 157.0, 157.5, 157.4, 156.3, 157.5, 157.5, 158.2, 157.5, 157.5, 157.6, 157.6, 157.6, 157.5, 157.1, 157.0, 156.3, 157.0, 157.4, 156.8, 157.0, 156.7, 156.8, 156.5, 157.0, 157.0, 157.0, 156.4, 157.5, 156.8, 157.5, 157.0, 157.6, 157.2, 157.2, 157.1, 157.6, 157.5, 157.0, 157.1, 157.1, 157.0, 157.4, 157.0, 157.0, 157.6, 157.6, 156.5, 157.0, 157.0, 156.4, 157.5, 157.0, 156.3, 156.7, 156.7, 156.7, 156.0, 156.8, 157.4, 157.4, 156.7, 157.0, 157.0, 157.5, 157.6, 156.8, 157.4, 156.8, 157.3, 156.8, 157.4, 157.3, 156.8, 156.8, 157.1, 157.6, 157.5, 156.8, 157.1, 157.0, 157.1, 157.0, 157.5, 157.5, 157.8, 158.1, 157.5, 157.5, 156.8, 156.8, 156.7, 157.0, 157.0, 156.8, 157.4, 156.8, 156.8, 157.4, 157.5, 157.4, 157.5, 158.1, 157.4, 157.5, 157.4, 157.3, 157.0, 157.4, 156.8, 157.1, 157.5, 157.5, 157.0, 157.5, 157.6, 157.6, 157.6, 158.2, 157.5, 157.0, 158.1, 158.1, 157.6, 158.2, 158.3, 158.2, 158.2, 158.2, 158.8, 158.2, 158.3, 157.1, 158.3, 158.2, 158.9, 158.2, 157.6, 157.5, 157.4, 157.4, 157.4, 157.4, 157.5, 157.5, 157.4, 157.5, 157.5, 157.5, 158.2, 157.5, 157.8, 158.2, 157.5, 157.6, 158.1, 157.0, 157.6, 158.2, 158.8, 158.2, 158.8, 158.9, 160.0, 160.0, 158.8, 158.9, 159.0, 158.8, 158.3, 158.3, 158.2, 158.9, 158.9, 159.4, 158.9, 159.4, 159.4, 160.0, 160.6, 161.1, 161.7, 161.7, 161.8, 163.0, 163.6, 164.7, 164.7, 164.7, 164.7, 164.7, 164.7, 164.7, 164.7, 164.7, 164.7, 164.7, 164.1, 164.6, 164.6, 165.9, 165.8, 165.2, 165.8, 166.5, 165.8, 165.2, 165.8, 165.8, 165.8, 166.4, 166.4, 165.2, 165.8, 165.8, 165.8, 165.8, 165.2, 165.8, 166.4, 165.8, 165.8, 167.0, 165.8, 165.8, 166.4, 166.4, 166.4, 166.4, 166.4, 165.8, 165.8, 166.4, 166.4, 167.0, 166.4, 167.0, 166.4, 166.4, 165.8, 165.8, 165.8, 166.4, 167.0, 167.0, 166.4, 166.4, 166.4, 166.4, 166.4, 166.4, 167.0, 167.0, 167.0, 166.4, 167.0, 166.4, 167.0, 167.0, 166.4, 166.4, 167.7, 167.0, 167.0, 167.0, 167.0, 167.0, 167.0, 167.1, 167.7, 167.1, 166.4, 166.5, 166.5, 166.5, 165.9, 166.5, 167.1, 166.5, 167.1, 167.1, 166.5, 167.1, 167.1, 167.1, 166.5, 167.7, 167.1, 167.1, 167.7, 167.1, 167.1, 167.1, 167.1, 166.5, 166.5, 167.1, 167.1, 167.1, 167.1, 167.1, 167.7, 167.7, 167.1, 167.1, 166.5, 167.1, 167.1, 167.1, 166.5, 166.5, 166.5, 166.5, 165.9, 165.9, 165.9, 165.9, 165.3, 165.9, 164.7, 164.8, 164.1, 164.2, 163.5, 163.6, 162.9, 163.6, 162.9, 163.5, 164.2, 164.2, 163.5, 164.2, 163.6, 164.1, 164.1, 163.6, 162.9, 163.5, 163.6, 163.6, 164.1, 164.7, 164.8, 164.1, 164.1, 164.7, 164.7, 165.3, 164.7, 164.7, 165.3, 164.7, 164.1, 164.7, 165.3, 165.3, 164.7, 164.7, 164.7, 164.1, 164.7, 164.1, 164.7, 164.7, 164.1, 164.7, 164.2, 164.1, 164.1, 164.7, 164.7, 164.1, 164.7, 164.7, 164.7, 164.7, 164.7, 164.7, 164.7, 164.7, 164.1, 164.7, 164.7]"
