date,expNumber,condition,puff_x,puff_trace,aa_x,aa_trace,vm_x,vm_norm_trace,vm_raw_x,vm_raw_trace
2024_09_27,1,antennae free – quiescence,"[1, 2, 3, 4, 5, 6, 7, 8, 9, 10, 11, 12, 13, 14, 15, 16, 17, 18, 19, 20, 21, 22, 23, 24, 25, 26, 27, 28, 29, 30, 31, 32, 33, 34, 35, 36, 37, 38, 39, 40, 41, 42, 43, 44, 45, 46, 47, 48, 49, 50, 51, 52, 53, 54, 55, 56, 57]","[-0.3019415527232805, -0.2705725733361892, -0.2245312770752196, -0.19657084167515002, -0.1521213608776636, -0.07498792837446187, -0.00268182916377018, 0.13417896889036626, 0.3117865751221624, 0.6760681549305406, 0.7815426606440847, 0.9222964465846676, 1.1759646998404993, 1.376047892874963, 1.4653447953837968, 1.3761690082102676, 1.2712308747462082, 0.9722306985360559, 0.9609496643113068, 0.8458550912657253, 0.8971389677985594, 0.8025994758364543, 0.5785007259024452, 0.6880931873701893, 0.5863559661375363, 0.4153059209806991, 0.3375842353934175, 0.22143421143366732, 0.21179685864075495, 0.151533116350147, 0.13722415603488589, 0.08644205620811969, -0.002110850053685989, -0.08327569920397808, -0.11945470053013557, -0.15746774168757816, -0.2875633605779474, -0.23233457335971985, -0.3133437148573304, -0.2666103304820365, -0.312565109916858, -0.28837656153550134, -0.2983945618973831, -0.09149423864658461, -0.12184238587747853, -0.10691054164599331, 0.0695031925390376, 0.12473196872110252, 0.14210342500003312, 0.1673127994373973, 0.1812238067175545, 0.16082445719146002, 0.13622066371143274, 0.1416535720351249, 0.13199891792507276, 0.1423456637184918, 0.16945828614750968]","[1, 2, 3, 4, 5, 6, 7, 8, 9, 10, 11, 12, 13, 14, 15, 16, 17, 18, 19, 20, 21, 22, 23, 24, 25, 26, 27, 28, 29, 30, 31, 32, 33, 34, 35, 36, 37, 38, 39, 40, 41, 42, 43, 44, 45, 46, 47, 48, 49, 50, 51, 52, 53, 54, 55, 56, 57]","[-0.9289473684210525, -0.9447368421052631, -1.0342105263157892, -1.163157894736842, -1.2263157894736845, -1.1921052631578948, -1.260526315789474, -1.3289473684210529, -1.360526315789474, -1.4368421052631575, -1.452631578947368, -1.3736842105263158, -1.381578947368421, -1.5157894736842106, -2.3526315789473684, -8.105263157894735, -6.928947368421053, -5.231578947368422, -3.8421052631578947, -4.794736842105263, -2.9, -1.0368421052631576, 0.9473684210526315, 2.7578947368421054, 4.2552631578947375, 5.463157894736843, 5.9789473684210535, 6.102631578947369, 6.1421052631578945, 5.802631578947368, 5.476315789473684, 5.242105263157894, 4.715789473684209, 4.221052631578947, 3.789473684210526, 3.4210526315789473, 3.0526315789473686, 2.565789473684211, 2.3552631578947367, 2.0447368421052636, 1.6394736842105262, 1.45, 1.231578947368421, 0.9684210526315788, 0.6894736842105263, 0.3578947368421051, -1.655263157894736, 0.8526315789473685, -1.1763157894736842, -4.473684210526316, -1.9263157894736846, -1.9078947368421053, -2.9315789473684206, -1.857894736842105, -1.2842105263157897, -0.7842105263157892, -0.2842105263157894]","[1, 2, 3, 4, 5, 6, 7, 8, 9, 10, 11, 12, 13, 14, 15, 16, 17, 18, 19, 20, 21, 22, 23, 24, 25, 26, 27, 28, 29, 30, 31, 32, 33, 34, 35, 36, 37, 38, 39, 40, 41, 42, 43, 44, 45, 46, 47, 48, 49, 50, 51, 52, 53, 54, 55, 56, 57]","[0.40141249253967043, 0.6695975578909404, 0.6211512318188347, 0.8651131215622918, 0.9793080556569514, 1.171363155273506, 1.43608775919916, 1.2492233403797297, 1.3893716580401279, 1.3720694012889012, 1.396292564362707, 1.4516598037644537, 0.9447035438678075, 0.5640537846238721, -0.17302255609902922, -1.1471398862607014, -2.29601006569276, -3.453531382220332, -4.007203771327616, -4.605862035849565, -5.0885951518597965, -5.355049990148177, -5.931215322688397, -6.052331163502878, -6.339548716649379, -6.535064283958542, -6.616384916660951, -6.939937221516978, -6.8914908883708375, -7.00914627005373, -6.995304461679008, -6.922634958714339, -7.159675956209095, -6.984923106103128, -6.891490888331302, -6.690784646376542, -6.39318573327565, -6.3516603046761295, -5.991773249072065, -5.690713884294775, -5.2616177793048475, -4.746010365503827, -4.630085205419611, -4.199258878208434, -3.9258831349524788, -3.5659960847027374, -3.048658451623669, -2.97598894787, -2.6507064253357853, -2.5399719460078822, -2.4482699598976754, -2.3340750330783906, -2.5105581047869694, -2.456921099420295, -2.43788861173738, -2.4223165871958243, -2.2285312559018537]",[],[]
2024_10_03,1,antennae free – quiescence,"[1, 2, 3, 4, 5, 6, 7, 8, 9, 10, 11, 12, 13, 14, 15, 16, 17, 18, 19, 20, 21, 22, 23, 24, 25, 26, 27, 28, 29, 30, 31, 32, 33, 34, 35, 36, 37, 38, 39, 40, 41, 42, 43, 44, 45, 46, 47, 48, 49, 50, 51, 52, 53, 54, 55, 56, 57]","[0.24831035009264105, 0.284143306885396, 0.33137267766465633, 0.38583438915528984, 0.44993922096345473, 0.5304811890080349, 0.6183650788244147, 0.7047148361816041, 0.810350831505724, 0.8993305268308358, 1.0245815019587219, 1.174488177148324, 1.3515709137204535, 1.5259141303655495, 1.5801566787355146, 1.436496112762607, 0.659457828082138, 1.196952261436598, 0.024874715751995218, 0.9633257796412819, 0.20754616858930616, 0.6284465233982491, 0.46604759596000994, 0.4783206589993833, 0.5162356575254256, 0.4805122738928585, 0.5073596006693135, 0.49125120310440334, 0.49059371893526266, 0.46385597635385106, 0.42528349859697423, 0.36194573696056365, 0.3074840292157031, 0.24316004009475103, 0.18552048521375217, 0.13675698257312366, 0.09522581719359895, 0.06750184579669387, 0.04876350900991625, 0.033422180678975476, 0.022902412391600735, 0.014245519755835137, 0.0027395228589158402, -0.006026951112300449, -0.01336887311639253, -0.017752110160008328, -0.02038205241018805, -0.022902413735581845, -0.023888642085379923, -0.026518584361291214, -0.027614393629432077, -0.027833555481592238, -0.029148526610277375, -0.030463497750050122, -0.03112098332366316, -0.03068265960554306, -0.032435954453853354]","[1, 2, 3, 4, 5, 6, 7, 8, 9, 10, 11, 12, 13, 14, 15, 16, 17, 18, 19, 20, 21, 22, 23, 24, 25, 26, 27, 28, 29, 30, 31, 32, 33, 34, 35, 36, 37, 38, 39, 40, 41, 42, 43, 44, 45, 46, 47, 48, 49, 50, 51, 52, 53, 54, 55, 56, 57]","[-0.08333333333333275, -0.16666666666666666, -0.18333333333333357, -0.10000000000000024, -0.18333333333333357, -0.049999999999999524, -0.16666666666666607, -0.25, -0.16666666666666666, -0.20000000000000048, -0.2666666666666669, -0.31666666666666704, -0.3500000000000008, -0.5999999999999996, -1.0499999999999996, -4.0, -6.3500000000000005, -6.099999999999999, -4.199999999999999, -3.6500000000000004, -3.1333333333333315, -2.899999999999999, -2.766666666666666, -2.633333333333333, -2.5333333333333337, -2.350000000000001, -2.016666666666666, -1.5499999999999996, -1.3999999999999992, -1.1999999999999993, -1.0166666666666664, -0.6999999999999987, -0.6999999999999998, -0.8500000000000009, -0.816666666666667, -0.6833333333333323, -0.6166666666666659, -0.6499999999999998, -0.5166666666666669, -0.6666666666666666, -0.6333333333333329, -0.6000000000000002, -0.6000000000000002, -0.5166666666666663, -0.5999999999999996, -0.7166666666666662, -0.6499999999999998, -0.6333333333333329, -0.5666666666666664, -0.6333333333333329, -0.5, -0.4666666666666662, -0.4499999999999993, -0.4499999999999999, -0.4666666666666662, -0.3999999999999992, -0.39999999999999974]","[1, 2, 3, 4, 5, 6, 7, 8, 9, 10, 11, 12, 13, 14, 15, 16, 17, 18, 19, 20, 21, 22, 23, 24, 25, 26, 27, 28, 29, 30, 31, 32, 33, 34, 35, 36, 37, 38, 39, 40, 41, 42, 43, 44, 45, 46, 47, 48, 49, 50, 51, 52, 53, 54, 55, 56, 57]","[0.5150306727878112, 0.4383239768791493, 0.536946871146578, 0.5698211696829176, 0.3725753820527989, 0.4273658786109256, 0.42736587860809766, 0.27395248735302147, 0.1534133947502904, -0.14245528834765983, -0.25203628256398974, -0.449282072684755, -0.5807792666227437, -0.6355697645421424, -0.7561088579681794, -0.8876060509055037, -1.6327568172557154, -1.9067093062467368, -2.027248401567128, -2.0382065016445714, -1.6875473166677775, -1.4683853274726388, -1.501259626683634, -1.6437149204311627, -1.70946352035966, -1.6217987253522448, -1.6437149221064449, -1.545092025700858, -1.4355110292020612, -1.5122177247565223, -1.4245529289851244, -1.2382652383329689, -1.2163490406659534, -1.3040138381972024, -1.3916786375693444, -1.41359483988474, -1.2053909469846527, -1.3807205393605504, -1.3807205363299555, -0.9862289527009717, -0.7670669661622611, -0.7451507669019577, -0.5150306767091806, -0.5588630759888696, -0.44928208099198247, -0.21916199083327115, -0.60269547091265, -0.5150306743890999, -0.2958686834342572, -0.3177848831976533, -0.4054496810366359, -0.46024017697040165, -0.5479049727660245, -0.4054496793607143, -0.39449157920629574, -0.5588630704015642, -0.6355697700182196]",[],[]
2024_10_17,1,antennae free – quiescence,"[1, 2, 3, 4, 5, 6, 7, 8, 9, 10, 11, 12, 13, 14, 15, 16, 17, 18, 19, 20, 21, 22, 23, 24, 25, 26, 27, 28, 29, 30, 31, 32, 33, 34, 35, 36, 37, 38, 39, 40, 41, 42, 43, 44, 45, 46, 47, 48, 49, 50, 51, 52, 53, 54, 55, 56, 57]","[0.13346959118194485, 0.3508918309281639, 0.19449245831522355, 0.20965571403577843, 0.34596070143060825, 0.38409486116485253, 0.4129831276929329, 0.6124478097224033, 0.7552043403409677, 0.9053986692413911, 1.0779064056954668, 1.2851375903996387, 1.4978341202330372, 1.7009149268343098, 1.8228373805834495, 1.7610748428351122, 1.6520966336768406, 1.5492412594114735, 1.523188400075588, 1.525530691961267, 1.5171066602391003, 1.50761421469729, 1.5037514881391858, 1.2753163599766362, 1.438372782915357, 1.3809249829385184, 1.4001564333181231, 1.4013892226173659, 1.279672228762859, 1.1690092220711255, 0.9986794030365852, 0.8816059039680496, 0.7736550075895177, 0.6834151252127582, 0.3783418449764865, 0.5105786332020376, 0.3504809087538091, 0.38947802515659774, 0.36605510500183225, 0.2690760035174131, 0.2739660534972758, 0.18134277480060354, 0.28444472708990565, 0.17739786086028692, 0.2620902208737179, 0.19757445182288896, 0.23681812195061164, 0.21043651395762156, 0.22112065449971555, 0.2142170560340917, 0.21524437723969359, 0.2154087486332717, 0.2154498414825719, 0.21462798451577209, 0.2147512630570197, 0.21380612754820094, 0.21384722038855505]","[1, 2, 3, 4, 5, 6, 7, 8, 9, 10, 11, 12, 13, 14, 15, 16, 17, 18, 19, 20, 21, 22, 23, 24, 25, 26, 27, 28, 29, 30, 31, 32, 33, 34, 35, 36, 37, 38, 39, 40, 41, 42, 43, 44, 45, 46, 47, 48, 49, 50, 51, 52, 53, 54, 55, 56, 57]","[0.0250000000000008, -0.056250000000000355, -0.018749999999999822, 0.03125, 0.012500000000000178, -0.012500000000000622, -0.012499999999999734, -0.037499999999999645, -0.006249999999999645, -0.03125, -0.006249999999999645, 0.03125, 0.018749999999999822, -0.08750000000000036, -0.4875000000000007, -2.081250000000001, -5.125, -6.606250000000001, -6.668750000000001, -5.9750000000000005, -6.3062499999999995, -6.4375, -5.981249999999999, -5.56875, -5.081250000000001, -4.36875, -4.143750000000001, -3.2812500000000004, -2.8437500000000004, -2.243750000000001, -1.6750000000000007, -1.6, -1.7750000000000004, -1.2375000000000012, -1.0375000000000005, -0.9875000000000007, -0.8750000000000009, -0.9500000000000006, -1.0187500000000003, -0.8812500000000001, -0.5312500000000009, -0.47500000000000053, -0.45625000000000027, -0.4375000000000009, -0.4500000000000006, -0.4562500000000007, -0.46250000000000036, -0.37500000000000044, -0.4125000000000001, -0.37500000000000044, -0.30000000000000027, -0.31874999999999964, -0.28125, -0.28750000000000053, -0.30625000000000036, -0.2562500000000001, -0.2937500000000006]","[1, 2, 3, 4, 5, 6, 7, 8, 9, 10, 11, 12, 13, 14, 15, 16, 17, 18, 19, 20, 21, 22, 23, 24, 25, 26, 27, 28, 29, 30, 31, 32, 33, 34, 35, 36, 37, 38, 39, 40, 41, 42, 43, 44, 45, 46, 47, 48, 49, 50, 51, 52, 53, 54, 55, 56, 57]","[0.13560648213470383, 0.21779222878179016, 0.27943153704681567, 0.33696156041062864, 0.3164151240244397, 0.30408726148439325, 0.353398707554323, 0.3821637178160655, 0.2383386626751527, 0.3164151199579113, 0.16026220054439655, 0.04931144350075645, -0.1684807858767794, -0.3616172903088035, -0.7273438622266779, -1.3642833993169576, -2.272435906065488, -2.9463590388175342, -3.312085616993656, -3.336741344836324, -3.3449599189046255, -3.353178491467566, -3.1436048327741206, -3.2052441437969312, -3.180588421544, -3.275102030951339, -3.357287778409071, -3.258664881943923, -3.0819655215995594, -3.0490912245768484, -2.9751240533838983, -2.658708924580589, -2.5683046031822707, -2.572413891077698, -2.781987549106468, -2.9422497535627183, -2.9710147650037806, -2.794315407711113, -2.613506766175937, -2.6258346309225367, -2.757331826207772, -2.740894676446066, -2.473790998132767, -2.3546216610560906, -2.1861408804872724, -1.914927915466147, -1.9231464895013426, -1.7834307219800314, -1.7300099857277607, -1.7957585814355381, -1.5409827647599466, -1.450578445114938, -1.3848298450349388, -1.573857061369199, -1.6437149477365463, -1.594403498427364, -1.4423598651148852]",[],[]
2024_10_22,1,antennae free – quiescence,"[1, 2, 3, 4, 5, 6, 7, 8, 9, 10, 11, 12, 13, 14, 15, 16, 17, 18, 19, 20, 21, 22, 23, 24, 25, 26, 27, 28, 29, 30, 31, 32, 33, 34, 35, 36, 37, 38, 39, 40, 41, 42, 43, 44, 45, 46, 47, 48, 49, 50, 51, 52, 53, 54, 55, 56, 57]","[0.28314869809080706, 0.30487100638964326, 0.349225996948191, 0.44248779057317184, 0.5488992947238225, 0.6379885781257107, 0.7116522361751154, 0.9184567349087918, 1.0388271461814198, 1.1525721437588723, 1.3424337080184432, 1.4577212457549584, 1.6627049682286439, 1.8848591744323029, 1.9768565586628948, 1.887413252448564, 1.7840363144520697, 1.581025024093024, 1.6481644251523346, 1.4900138776053056, 1.5032141773689243, 1.347592410697041, 1.4780021358541282, 1.3472636686867572, 1.2845243850600985, 1.3194975674474576, 1.317373386549286, 1.2975476686660237, 1.307940999442884, 1.2752184495301873, 1.3068789032117798, 1.2424200396125757, 1.2027433240431276, 1.0945110994653817, 1.0226428890185348, 0.8279513283883888, 0.5579523853806821, 0.5935071794493689, 0.3295520372185915, 0.4658538533481741, 0.31511265384144127, 0.3665482619395163, 0.3430810876471323, 0.3368349747500205, 0.3471271530471245, 0.3365568079388192, 0.3456857422379034, 0.3355452915672646, 0.344977681038215, 0.3492766252056482, 0.34839154880488715, 0.3450788329150885, 0.3533732665067956, 0.3540813279428167, 0.3608584870096828, 0.35982168278292825, 0.3645505214034662]","[1, 2, 3, 4, 5, 6, 7, 8, 9, 10, 11, 12, 13, 14, 15, 16, 17, 18, 19, 20, 21, 22, 23, 24, 25, 26, 27, 28, 29, 30, 31, 32, 33, 34, 35, 36, 37, 38, 39, 40, 41, 42, 43, 44, 45, 46, 47, 48, 49, 50, 51, 52, 53, 54, 55, 56, 57]","[0.1999999999999997, 0.16538461538461527, 0.188461538461538, 0.1384615384615381, 0.17692307692307713, 0.2115384615384614, 0.18461538461538465, 0.13461538461538475, 0.15384615384615358, 0.16538461538461569, 0.14615384615384605, 0.16153846153846152, 0.22307692307692364, 0.038461538461538596, -0.3269230769230773, -2.296153846153846, -3.3346153846153848, -3.715384615384617, -4.553846153846153, -5.0076923076923086, -5.380769230769231, -5.2846153846153845, -5.223076923076923, -4.75, -4.723076923076923, -4.7423076923076914, -4.746153846153846, -4.719230769230768, -4.688461538461539, -4.453846153846154, -4.392307692307693, -4.0807692307692305, -3.830769230769232, -3.6153846153846154, -3.719230769230769, -3.746153846153846, -3.4576923076923074, -3.3807692307692303, -3.2423076923076914, -3.219230769230769, -3.253846153846154, -3.25, -3.173076923076923, -3.1038461538461535, -3.0730769230769237, -3.130769230769231, -3.030769230769231, -2.911538461538462, -2.7846153846153854, -2.642307692307693, -2.4384615384615382, -2.369230769230769, -2.123076923076922, -2.026923076923077, -1.7999999999999992, -1.7884615384615385, -1.7115384615384621]","[1, 2, 3, 4, 5, 6, 7, 8, 9, 10, 11, 12, 13, 14, 15, 16, 17, 18, 19, 20, 21, 22, 23, 24, 25, 26, 27, 28, 29, 30, 31, 32, 33, 34, 35, 36, 37, 38, 39, 40, 41, 42, 43, 44, 45, 46, 47, 48, 49, 50, 51, 52, 53, 54, 55, 56, 57]","[-0.08597893220621863, -0.2604655852471232, 0.025287916791604366, -0.23012008017048138, -0.020230339767399057, -0.03793188310603531, -0.13402598102306704, -0.037931883672357274, -0.1795442388166431, -0.15425632069496586, -0.3312717668445742, -0.3843764019871622, -0.38943398885510877, -0.8673756928678693, -1.1455428264536351, -2.0179761024107004, -3.133173427453038, -3.651575817820012, -4.109287195351262, -4.0688265216077095, -4.126988739106091, -4.195266127590123, -4.051124976171246, -4.3419360743741, -4.169978208291292, -4.175035790049322, -4.253428346250217, -3.9095126142565038, -4.104229609292856, -3.861465562439115, -4.041009804384653, -4.197794918871505, -4.056182560877837, -4.1092871947597445, -3.745141126131335, -3.679392531261066, -3.793188178505063, -3.4593876159385277, -3.5226074199094595, -3.02443537045145, -2.875236635782634, -2.78672890871361, -2.4503995559905216, -2.3543054552244964, -1.9294683817368268, -1.8510758225736206, -1.9800442172648143, -1.8106151475775434, -1.8485470274790416, -1.6057829866328877, -1.6538300356158924, -1.6083117781829293, -1.38072048894292, -1.4894585474326822, -1.1708307437420444, -1.1253124844945757, -1.2441657134127113]",[],[]
2024_10_22,3,antennae free – quiescence,"[1, 2, 3, 4, 5, 6, 7, 8, 9, 10, 11, 12, 13, 14, 15, 16, 17, 18, 19, 20, 21, 22, 23, 24, 25, 26, 27, 28, 29, 30, 31, 32, 33, 34, 35, 36, 37, 38, 39, 40, 41, 42, 43, 44, 45, 46, 47, 48, 49, 50, 51, 52, 53, 54, 55, 56, 57]","[-0.07975303192129783, 0.03359745490197481, 0.18442461054155684, 0.30277198822008633, 0.30632240874023037, 0.30073378248122995, 0.37101897452043775, 0.36398387932937226, 0.38127574542501946, 0.35885549200362543, 0.3207214464836276, 0.15549525584298443, 0.4404495522704215, 1.0467168625975296, 1.4133307309162684, 1.1545444682004, 0.9958932388563895, 0.9137075632467834, 0.8295494314072547, 0.7827364704538035, 0.7708359846965722, 0.8392144667997823, 0.5153370872679156, 0.8263277528548173, 0.2541838590397849, 0.3873246774635729, 0.279760036525024, 0.27851080870816636, 0.3573433213623096, 0.37884307704714343, 0.482331298272421, 0.10638106980452026, 0.5274348074877695, 0.13886085395889552, 0.37568716905859056, 0.2748946381862353, 0.3003393313237196, 0.2988928634530764, 0.16108391628755875, -0.5751026277579159, -0.1265659529396537, -0.17587734129784408, -0.015385125100484131, -0.12479070445983831, 0.09158774444225144, 0.14135939763497063, 0.04628699798823954, 0.009336320646828922, -0.020316274002943578, -0.039580596433474204, -0.05088934704999335, -0.045629465005446554, 0.0032216999004271107, -0.3581323483969781, -0.009139026456308952, -0.3445881418138463, -0.12327848736195175]","[1, 2, 3, 4, 5, 6, 7, 8, 9, 10, 11, 12, 13, 14, 15, 16, 17, 18, 19, 20, 21, 22, 23, 24, 25, 26, 27, 28, 29, 30, 31, 32, 33, 34, 35, 36, 37, 38, 39, 40, 41, 42, 43, 44, 45, 46, 47, 48, 49, 50, 51, 52, 53, 54, 55, 56, 57]","[2.6699999999999995, 3.05, 3.09, 3.069999999999999, 2.3699999999999997, 0.5399999999999988, 1.7799999999999998, 2.039999999999999, 2.4899999999999984, 2.79, 2.84, 2.8599999999999994, 3.129999999999999, 3.189999999999999, 1.4699999999999993, 0.01999999999999815, -3.46, -4.270000000000001, -4.59, -4.750000000000001, -5.51, -5.420000000000001, -4.819999999999999, -3.910000000000001, -4.16, -3.1300000000000012, -2.6199999999999997, -2.2800000000000002, -2.160000000000001, -1.7300000000000004, -1.930000000000001, -1.0300000000000005, -1.4210854715202005e-15, 0.35999999999999943, 0.6699999999999982, 0.7699999999999989, 0.6999999999999986, 1.3499999999999985, 1.6699999999999988, 2.199999999999999, 2.6099999999999994, 3.099999999999999, 3.1099999999999994, 2.7999999999999985, 2.49, 2.1499999999999986, 1.599999999999999, 1.1099999999999988, 1.0099999999999987, 0.5399999999999995, 0.6899999999999992, 0.35, 0.43000000000000044, 0.8699999999999981, 1.0799999999999996, 1.269999999999999, 1.459999999999999]","[1, 2, 3, 4, 5, 6, 7, 8, 9, 10, 11, 12, 13, 14, 15, 16, 17, 18, 19, 20, 21, 22, 23, 24, 25, 26, 27, 28, 29, 30, 31, 32, 33, 34, 35, 36, 37, 38, 39, 40, 41, 42, 43, 44, 45, 46, 47, 48, 49, 50, 51, 52, 53, 54, 55, 56, 57]","[2.912662594046344, 2.610219083538923, 2.1565538182758823, 1.840960592850886, 1.0717020974623375, 0.11177268038846862, -0.8021327439706056, -1.4333192214935386, -2.031631417300372, -2.5510453021868797, -3.024435163790064, -3.3071541071381567, -3.326878674000697, -3.2874295134649385, -3.491250146740069, -4.069837759389373, -5.174414128846332, -5.969972112631666, -6.60115861846369, -7.081123359532586, -7.192895969761682, -7.383566896926172, -7.330968020229183, -7.436165771363905, -7.140297093377012, -6.818128980290124, -6.522260313655016, -6.213241926247309, -5.9962715722813105, -5.7990257927389095, -5.73327719454595, -6.002846430350294, -6.140918473876969, -5.8713492332746435, -5.207288431131428, -4.628700805753436, -4.35913157973738, -4.181610379628323, -3.9843646033691753, -3.8725919923561785, -3.793693680037601, -3.754244520329604, -3.3334535135002517, -2.965261389962746, -2.8008899076045344, -2.748291033726442, -2.7417161729304915, -2.8403390630751106, -2.5181709638494802, -2.518170968816778, -2.4589972426648288, -2.3012006234426488, -1.86725991526041, -1.7949364645451737, -1.7291878743032982, -1.32154660451041, -1.0980013857667594]",[],[]
2024_10_23,1,antennae free – quiescence,"[1, 2, 3, 4, 5, 6, 7, 8, 9, 10, 11, 12, 13, 14, 15, 16, 17, 18, 19, 20, 21, 22, 23, 24, 25, 26, 27, 28, 29, 30, 31, 32, 33, 34, 35, 36, 37, 38, 39, 40, 41, 42, 43, 44, 45, 46, 47, 48, 49, 50, 51, 52, 53, 54, 55, 56, 57]","[0.13452156470612198, 0.11865972611900746, 0.14693982429464003, 0.17691294700610566, 0.1978620794464711, 0.24265328383390372, 0.32489651010479, 0.5365739943995462, 0.7711484076846665, 0.8547476894600482, 0.9450368791250703, 1.163026182029693, 1.41877157321576, 1.740372343416487, 1.979680599718653, 1.8541501943470629, 1.7209107746124501, 1.6074205746032146, 1.5045816385212334, 1.3340134757391897, 1.3352462686437172, 1.2735576949603484, 1.2929946154896002, 1.2874799501007756, 1.261575018215287, 1.2089843912925484, 1.1858326758185274, 1.0061500983637746, 0.9995752592883399, 0.8421650146971775, 0.8025515293830361, 0.6818947346058264, 0.49414974720036453, 0.5206546379403139, 0.4459067527677692, 0.4420111549261592, 0.38211422839165143, 0.39841987612491164, 0.38633036285867045, 0.32705804258662685, 0.3710191700233264, 0.32405004591884967, 0.3684467588915388, 0.3006024703071887, 0.3479907416019413, 0.30843476920203416, 0.3262444099709154, 0.3239185552122026, 0.325044499460009, 0.3294825270566738, 0.32869354451263544, 0.3461744448711654, 0.35543677246504374, 0.3606062523655583, 0.3637293088631087, 0.369383683093251, 0.3815964754696533]","[1, 2, 3, 4, 5, 6, 7, 8, 9, 10, 11, 12, 13, 14, 15, 16, 17, 18, 19, 20, 21, 22, 23, 24, 25, 26, 27, 28, 29, 30, 31, 32, 33, 34, 35, 36, 37, 38, 39, 40, 41, 42, 43, 44, 45, 46, 47, 48, 49, 50, 51, 52, 53, 54, 55, 56, 57]","[0.13124999999999995, 0.1662499999999998, 0.1549999999999999, 0.17624999999999985, 0.19124999999999975, 0.17999999999999983, 0.15499999999999992, 0.1599999999999999, 0.18500000000000003, 0.18875000000000006, 0.2125, 0.22125000000000003, 0.16875, 0.15999999999999986, 0.009999999999999875, -1.6512500000000003, -3.46, -5.35, -5.885, -5.49375, -7.43, -6.90625, -6.828749999999999, -7.746250000000001, -7.2425000000000015, -5.9575000000000005, -4.696249999999999, -3.3525000000000005, -2.16125, -1.1412499999999999, -0.38125, 0.27375000000000005, 0.6475000000000001, 0.89625, 1.0025, 0.8999999999999998, 0.7512499999999999, 0.585, 0.2899999999999999, 0.025000000000000043, -0.2325000000000001, -0.4825000000000001, -0.59375, -0.6587500000000002, -0.73375, -0.7975000000000004, -0.7725000000000001, -0.8037500000000002, -0.7512500000000004, -0.70625, -0.7175000000000002, -0.7075000000000002, -0.7137500000000002, -0.6375000000000001, -0.6175, -0.5762500000000002, -0.5187500000000002]","[1, 2, 3, 4, 5, 6, 7, 8, 9, 10, 11, 12, 13, 14, 15, 16, 17, 18, 19, 20, 21, 22, 23, 24, 25, 26, 27, 28, 29, 30, 31, 32, 33, 34, 35, 36, 37, 38, 39, 40, 41, 42, 43, 44, 45, 46, 47, 48, 49, 50, 51, 52, 53, 54, 55, 56, 57]","[-0.33778340578054644, -0.33285226093986253, -0.3147713972136418, -0.3509331232946372, -0.2736785249421166, -0.32463368595126385, -0.35997355465777403, -0.4249002915092851, -0.5309198990041034, -0.5522881926599912, -0.5522881943076372, -0.5646160571701702, -0.639405083685484, -0.8399382941927863, -1.1571752615759636, -1.9930042644920953, -3.4435826332589285, -4.457754716920069, -4.949225470791698, -5.2557783006724375, -5.528634976113592, -5.6387638745823105, -5.701225041524305, -5.7571113489068635, -5.814641371449886, -5.8869648279169935, -6.024215023165141, -6.195161374110545, -6.338986429548841, -6.417062888520276, -6.47870219830498, -6.507467209363273, -6.444184183621911, -6.3200837063207675, -6.103935194891548, -5.96093199792063, -5.727524481072505, -5.53685355257376, -5.290296317403731, -5.033054935675861, -4.765129406899931, -4.447892432160332, -4.183254334370953, -3.9046446601826568, -3.6564437117767197, -3.3786558966014604, -3.146892098063869, -2.93320916363852, -2.7877403961608076, -2.6315874825490986, -2.4516007041165, -2.2675046369051066, -2.0201255491489745, -1.8426043436428832, -1.706997867558679, -1.6396055585067217, -1.5171488016121273]",[],[]
2024_10_24,2,antennae free – quiescence,"[1, 2, 3, 4, 5, 6, 7, 8, 9, 10, 11, 12, 13, 14, 15, 16, 17, 18, 19, 20, 21, 22, 23, 24, 25, 26, 27, 28, 29, 30, 31, 32, 33, 34, 35, 36, 37, 38, 39, 40, 41, 42, 43, 44, 45, 46, 47, 48, 49, 50, 51, 52, 53, 54, 55, 56, 57]","[0.15964036557778238, 0.18204251915802386, 0.22044348892674615, 0.27945520504190957, 0.3350889705749201, 0.41920900970139363, 0.5296141787527354, 0.6815028720473223, 0.7984685982091813, 0.8991686926676254, 1.067689845305686, 1.2520192198835374, 1.4907435972906284, 1.7741865102479062, 2.009485297858761, 1.8409069875518742, 1.684111009558252, 1.5811240199971248, 1.4827584859362717, 1.3958322450954708, 1.3274728153491469, 1.2863085117296214, 1.3167720071498628, 1.2877235289374125, 1.2609714812002133, 1.3358914754424118, 1.0377980176896566, 1.157346041563982, 0.9551406716374351, 0.8034187617168911, 0.7408385392591798, 0.6433972818444852, 0.5745518909277074, 0.5037340386508136, 0.4452559437528714, 0.4317107918005652, 0.39598264842212993, 0.39319071989269494, 0.3367803693570398, 0.3710220254247961, 0.34589464459497243, 0.37234176413985065, 0.3664863317742583, 0.3574339976841073, 0.37897855955967663, 0.35143086698260295, 0.370559884889563, 0.3561619041108749, 0.36917821262489603, 0.362031630445778, 0.3385003195615642, 0.3557616993522448, 0.35520426660562715, 0.35271725610607757, 0.35946839407207065, 0.35131176159862004, 0.35539960651609354]","[1, 2, 3, 4, 5, 6, 7, 8, 9, 10, 11, 12, 13, 14, 15, 16, 17, 18, 19, 20, 21, 22, 23, 24, 25, 26, 27, 28, 29, 30, 31, 32, 33, 34, 35, 36, 37, 38, 39, 40, 41, 42, 43, 44, 45, 46, 47, 48, 49, 50, 51, 52, 53, 54, 55, 56, 57]","[0.14057971014492737, 0.13405797101449252, 0.11739130434782585, 0.11666666666666645, 0.08840579710144932, 0.0782608695652173, 0.09420289855072443, 0.13768115942028952, 0.10942028985507232, 0.11521739130434772, 0.11304347826086927, 0.057246376811593835, 0.010869565217391228, -0.023913043478261002, -0.20362318840579738, -2.6449275362318843, -5.272463768115942, -6.020289855072464, -6.720289855072463, -7.472463768115943, -8.06376811594203, -8.334782608695651, -8.443478260869563, -7.869565217391305, -6.622463768115944, -5.349275362318841, -3.80072463768116, -2.340579710144928, -1.421739130434783, -0.7507246376811598, -0.4557971014492758, -0.406521739130435, -0.7456521739130437, -1.013768115942029, -1.2514492753623188, -1.5717391304347825, -1.7471014492753627, -1.9862318840579716, -2.1507246376811593, -2.278260869565217, -2.3043478260869565, -2.2739130434782604, -2.266666666666667, -2.1884057971014492, -2.1130434782608702, -1.952173913043479, -1.9210144927536235, -1.8413043478260875, -1.786231884057971, -1.6630434782608698, -1.5644927536231887, -1.5057971014492753, -1.4449275362318847, -1.3956521739130439, -1.3550724637681164, -1.2840579710144933, -1.2500000000000004]","[1, 2, 3, 4, 5, 6, 7, 8, 9, 10, 11, 12, 13, 14, 15, 16, 17, 18, 19, 20, 21, 22, 23, 24, 25, 26, 27, 28, 29, 30, 31, 32, 33, 34, 35, 36, 37, 38, 39, 40, 41, 42, 43, 44, 45, 46, 47, 48, 49, 50, 51, 52, 53, 54, 55, 56, 57]","[0.05431405087913713, 0.10148152025369023, 0.16818299292326566, 0.19819865548513532, 0.15388982290345957, 0.1343558223627672, 0.05860200901702954, 0.01334029582540746, -0.003811511202177921, -0.06479571432586394, -0.08194752303364336, -0.1615128518701261, -0.24107818172109727, -0.40163815967149247, -0.7094178135049513, -1.4712439164724371, -2.718085019632189, -3.569958124220065, -3.9401513036797624, -4.144067240167755, -4.26174770063434, -4.271276484324461, -4.256983311271557, -4.232208477389816, -4.1655070031178845, -4.1507373910920995, -4.2279205270056135, -4.330831375342493, -4.487103402882153, -4.676726167694605, -4.796788821657403, -4.921139426210389, -4.9506786525294215, -4.95258441012714, -5.033102616379007, -4.954966602680215, -4.855390829418567, -4.785830719571726, -4.633846646845661, -4.4423181278245245, -4.313679570287329, -4.047826552026399, -3.866303253322297, -3.6857328347252833, -3.578057595331277, -3.3488903881049823, -3.1678435316813336, -2.962021841289188, -2.7519122026153275, -2.5722946641490996, -2.339792387603323, -2.158745530342054, -2.005332140547435, -1.8433428494673627, -1.7699712267468144, -1.6556258428695239, -1.4864899635685938]",[],[]
2024_10_25,1,antennae free – quiescence,"[1, 2, 3, 4, 5, 6, 7, 8, 9, 10, 11, 12, 13, 14, 15, 16, 17, 18, 19, 20, 21, 22, 23, 24, 25, 26, 27, 28, 29, 30, 31, 32, 33, 34, 35, 36, 37, 38, 39, 40, 41, 42, 43, 44, 45, 46, 47, 48, 49, 50, 51, 52, 53, 54, 55, 56, 57]","[0.337142195767289, 0.36789608993442435, 0.4454958234564944, 0.5565615700603878, 0.6505162595325058, 0.7497637004665185, 0.8616019886659106, 0.9663722972766744, 1.052831632987493, 1.1166899048514476, 1.265314496224841, 1.434600557480406, 1.6304818972136395, 1.8523010377967932, 2.0835057866275335, 1.9025822341141887, 1.797565376135757, 1.7316031526993156, 1.6356431577874797, 1.5558737405367213, 1.5138768604007315, 1.4676720734537416, 1.4369675049615986, 1.41676626599742, 1.402696078344821, 1.3835632528503257, 1.1647685145498479, 1.3773500143729023, 0.9867542983189344, 1.0670990502160853, 0.6384020543346717, 0.8768063076349465, 0.5766641714843965, 0.716051129931407, 0.5801160024732009, 0.5444145436184884, 0.5657170755796532, 0.4921280078786202, 0.4192293050778394, 0.4612426369188486, 0.42353584229574787, 0.42915734385461357, 0.4343679167917058, 0.4235522795689303, 0.4383128305604803, 0.42955183553728205, 0.4327735147886174, 0.4298148297735773, 0.43070243536863, 0.42734925894959347, 0.4338748032897725, 0.43494321732650165, 0.4347788459585925, 0.4336775575981419, 0.43870732228427906, 0.44010447914746126, 0.44092633610391846]","[1, 2, 3, 4, 5, 6, 7, 8, 9, 10, 11, 12, 13, 14, 15, 16, 17, 18, 19, 20, 21, 22, 23, 24, 25, 26, 27, 28, 29, 30, 31, 32, 33, 34, 35, 36, 37, 38, 39, 40, 41, 42, 43, 44, 45, 46, 47, 48, 49, 50, 51, 52, 53, 54, 55, 56, 57]","[0.1025000000000004, 0.05250000000000066, 0.09000000000000039, 0.06500000000000065, 0.08250000000000099, 0.11000000000000103, 0.09250000000000033, 0.047499999999999966, 0.0975000000000004, 0.12000000000000037, 0.05000000000000053, 0.08499999999999988, 0.1500000000000002, 0.19250000000000042, 0.1325000000000008, -1.9699999999999989, -4.772499999999999, -5.3175, -5.6525, -5.7524999999999995, -5.664999999999999, -5.914999999999999, -5.887499999999998, -5.984999999999999, -5.672499999999999, -5.497499999999999, -4.394999999999999, -2.6174999999999997, -1.4399999999999993, 0.37000000000000066, 2.4650000000000007, 3.4475000000000007, 3.7975000000000003, 3.9825000000000004, 3.8775000000000004, 3.7600000000000002, 3.3575000000000004, 2.8825000000000003, 2.5025000000000004, 2.0675000000000003, 1.635000000000001, 1.2375000000000007, 0.8000000000000002, 0.4275000000000008, 0.09500000000000028, -0.12249999999999961, -0.2474999999999997, -0.3374999999999998, -0.48249999999999904, -0.6049999999999994, -0.6674999999999994, -0.6649999999999991, -0.6549999999999995, -0.7, -0.6799999999999994, -0.7224999999999994, -0.7774999999999996]","[1, 2, 3, 4, 5, 6, 7, 8, 9, 10, 11, 12, 13, 14, 15, 16, 17, 18, 19, 20, 21, 22, 23, 24, 25, 26, 27, 28, 29, 30, 31, 32, 33, 34, 35, 36, 37, 38, 39, 40, 41, 42, 43, 44, 45, 46, 47, 48, 49, 50, 51, 52, 53, 54, 55, 56, 57]","[0.008218575634602132, 0.07232345384179588, 0.018080864475247083, -0.026299435642826552, -0.0509551580123226, -0.11834746441017145, -0.13478461364357058, -0.22518892871761179, -0.34682382681553214, -0.36161726080146595, -0.49804559204427273, -0.5095515973253774, -0.6887165132699813, -0.83500713476567, -0.981297755593466, -1.3462024490199835, -1.982320094077385, -2.4770782637030693, -2.5280334226053998, -2.4803656926597637, -2.5674825795164407, -2.5444705715157747, -2.389961374928231, -2.3784553706420226, -2.362018221018586, -2.3718805100826836, -2.1877844464382203, -2.125323281967377, -2.095736413961661, -2.0234129610724954, -2.057930973110837, -1.9247900706066239, -1.7143945692294769, -1.7357628613776086, -1.7571311541290533, -1.816304888924042, -1.7423377222243417, -1.7522000125944115, -1.886984630050278, -1.7653497315160336, -1.693026278974012, -1.6585082667548328, -1.5056427865516384, -1.4382504765304405, -1.291959854843952, -1.4070198937829619, -1.2574418434676018, -1.1588189532948445, -1.0766332117709494, -1.0897829291882037, -1.0536212034629489, -1.0717020664551464, -1.0552649186237608, -0.973079176931587, -0.8235011269746977, -0.8695251429113414, -0.8152825540945731]",[],[]
2025_02_06,1,antennae free – quiescence,"[1, 2, 3, 4, 5, 6, 7, 8, 9, 10, 11, 12, 13, 14, 15, 16, 17, 18, 19, 20, 21, 22, 23, 24, 25, 26, 27, 28, 29, 30, 31, 32, 33, 34, 35, 36, 37, 38, 39, 40, 41, 42, 43, 44, 45, 46, 47, 48, 49, 50, 51, 52, 53, 54, 55, 56, 57]","[0.03936693957065453, 0.05465347522779786, 0.0751588018601762, 0.0731452534669746, 0.05765325367957687, 0.049229222180199414, 0.05979008207819071, 0.06570745128369185, 0.09759549903968634, 0.18421921083481346, 0.29221120354859187, 0.46623939250118573, 0.7462460044579462, 1.1207250411198235, 1.5485836765502523, 1.2584682346068092, 0.9934605221373563, 0.9540524912890256, 0.8901531267557851, 0.7948999274960034, 0.7310416566989616, 0.7592313440506129, 0.6241180541425017, 0.8864958613416598, 0.49167584339852405, 0.7449721250622039, 0.5383984178118248, 0.35894597118549976, 0.307374468956482, 0.1729597741426464, 0.1808906967575953, -0.02358729366473565, 0.08103508744938764, -0.05748889248673929, -0.009780099832821867, -0.08617170119084318, -0.058228564327738305, -0.11345735434853024, -0.09669147011960626, -0.10856730325180582, -0.10396490400086156, -0.08756885738776488, -0.0755697460250693, -0.08452798641776277, -0.09545868406518641, -0.10314304693351098, -0.09780097668972328, -0.07840515249831126, -0.08736339311175181, -0.08555530747292843, -0.09003442798976202, -0.09188360618138591, -0.08654153575059757, -0.08206241522088421, -0.07088516048990146, -0.07598067362167477, -0.0735561955778556]","[1, 2, 3, 4, 5, 6, 7, 8, 9, 10, 11, 12, 13, 14, 15, 16, 17, 18, 19, 20, 21, 22, 23, 24, 25, 26, 27, 28, 29, 30, 31, 32, 33, 34, 35, 36, 37, 38, 39, 40, 41, 42, 43, 44, 45, 46, 47, 48, 49, 50, 51, 52, 53, 54, 55, 56, 57]","[-0.09375000000000044, -0.13124999999999987, -0.15625, -0.050000000000000044, -0.13750000000000018, -0.1625000000000003, -0.18750000000000022, -0.18750000000000044, -0.15624999999999978, -0.10625000000000084, -0.08750000000000058, -0.11875000000000058, -0.16875000000000084, -0.3500000000000003, -0.825, -4.4125000000000005, -6.71875, -7.2875, -8.18125, -9.53125, -8.8375, -9.56875, -8.76875, -6.75, -4.2875, -2.0312500000000004, -0.30625000000000036, 1.6624999999999996, 2.5999999999999996, 3.8750000000000004, 4.4375, 4.50625, 4.206249999999999, 4.112499999999999, 3.90625, 3.3812499999999988, 2.943749999999999, 2.575, 2.362499999999999, 2.0312499999999996, 1.8937499999999998, 1.5625000000000002, 1.4562499999999994, 1.1687499999999997, 1.0249999999999992, 0.8937499999999994, 0.7187499999999998, 0.6124999999999994, 0.5562499999999995, 0.4749999999999994, 0.5187499999999998, 0.37499999999999956, 0.4375, 0.53125, 0.46875000000000044, 0.6499999999999995, 0.58125]","[1, 2, 3, 4, 5, 6, 7, 8, 9, 10, 11, 12, 13, 14, 15, 16, 17, 18, 19, 20, 21, 22, 23, 24, 25, 26, 27, 28, 29, 30, 31, 32, 33, 34, 35, 36, 37, 38, 39, 40, 41, 42, 43, 44, 45, 46, 47, 48, 49, 50, 51, 52, 53, 54, 55, 56, 57]","[-0.9533546395122996, -1.0930704067605568, -1.1259447096157698, -1.0355403917041066, -0.9821196586989589, -1.0273218143748424, -0.9492453573070541, -1.0971796932874902, -1.1423818486227093, -1.0971796856224043, -1.039649657031096, -1.0766332363920683, -1.2779883044353566, -1.4218133629344467, -1.738228483067763, -2.724457404808742, -5.02976751455887, -7.281656940699138, -8.641831050873833, -9.422595652507255, -9.940365865904571, -10.088300215035188, -10.11706522849855, -10.063644489397074, -9.837633681235697, -9.804759383432941, -9.771885085611803, -9.878726559294478, -9.88694513107756, -10.010223750475163, -9.714355054777869, -9.525327835926447, -9.611622874602238, -9.56231142561527, -9.55409285096125, -9.406158506950483, -9.155491975388472, -8.921262596844915, -8.592519608499021, -8.243230184455898, -7.922705770984357, -7.7090228250371515, -7.437809859626743, -7.1583783184352345, -6.780323887736571, -6.685810274389738, -6.443362321995722, -6.344739427342869, -6.065307890535157, -5.913264260813089, -5.765329920430663, -5.6215048668365055, -5.674925604374705, -5.531100550032367, -5.24345044431302, -5.210576143047449, -4.9475817597378935]",[],[]
2025_02_18,2,antennae free – quiescence,"[1, 2, 3, 4, 5, 6, 7, 8, 9, 10, 11, 12, 13, 14, 15, 16, 17, 18, 19, 20, 21, 22, 23, 24, 25, 26, 27, 28, 29, 30, 31, 32, 33, 34, 35, 36, 37, 38, 39, 40, 41, 42, 43, 44, 45, 46, 47, 48, 49, 50, 51, 52, 53, 54, 55, 56, 57]","[0.3054020991238233, 0.3404132053713671, 0.345015604299214, 0.34205691931951016, 0.26973350605630325, 0.24984456627899948, 0.38397162267919954, 0.4263794387147675, 0.4009018749396389, 0.42243452580387075, 0.5116881826872539, 0.577601104019241, 0.841581519957233, 1.498080712745666, 1.8333982731211569, 1.4267435462181957, 1.4842735187659843, 1.4001153872037886, 1.0646334514374842, 0.9934606564838158, 1.013349594781915, 0.8598267458055813, 0.690031123044903, 0.7051532911087044, 1.0023367067265987, 0.3941626489840229, 0.6933184039407003, 1.0296223218431568, 1.1913637708648475, 0.10569080053303365, 0.2320924090010536, 0.7035095712760375, 0.40632613139817836, 0.1627277107412614, 0.3913683355561023, 0.4319680663738514, 0.25510445153451217, 0.26085745075219163, 0.32841409381947173, 0.3132919259395064, 0.28354070386573216, 0.2850200464245895, 0.2909374166045249, 0.2868281317638112, 0.270555363568615, 0.29718352954521116, 0.28633501749965035, 0.2902799309571392, 0.28896495976492126, 0.29290987329694534, 0.2953754442143058, 0.3006353287789743, 0.301950299912825, 0.30737455587954016, 0.3136206687622278, 0.3124700690062201, 0.33203026398626817]","[1, 2, 3, 4, 5, 6, 7, 8, 9, 10, 11, 12, 13, 14, 15, 16, 17, 18, 19, 20, 21, 22, 23, 24, 25, 26, 27, 28, 29, 30, 31, 32, 33, 34, 35, 36, 37, 38, 39, 40, 41, 42, 43, 44, 45, 46, 47, 48, 49, 50, 51, 52, 53, 54, 55, 56, 57]","[0.32499999999999973, 0.19999999999999973, 0.20000000000000018, 0.20000000000000062, 0.4000000000000008, 0.3250000000000006, 0.07500000000000018, 0.024999999999999467, 0.09999999999999964, 0.07500000000000062, 0.25, 0.1499999999999999, 0.25, -4.440892098500626e-16, 0.20000000000000018, 0.125, -0.25000000000000044, -2.699999999999999, -6.075000000000001, -6.199999999999999, -6.075000000000001, -5.574999999999999, -5.149999999999999, -5.675, -6.250000000000001, -3.1749999999999994, 0.07500000000000062, 2.5, 3.9999999999999996, 5.074999999999999, 5.550000000000001, 5.425000000000001, 5.5, 4.700000000000001, 4.5, 3.7499999999999996, 3.0, 2.525, 1.8000000000000003, 1.3000000000000003, 1.2000000000000006, 1.3250000000000002, 0.9499999999999997, 0.8500000000000001, 0.8500000000000001, 0.6499999999999999, 0.7250000000000001, 0.625, 0.5999999999999996, 0.6249999999999996, 0.8500000000000001, 0.7249999999999996, 0.625, 0.5249999999999999, 0.5499999999999994, 0.5749999999999997, 0.30000000000000027]","[1, 2, 3, 4, 5, 6, 7, 8, 9, 10, 11, 12, 13, 14, 15, 16, 17, 18, 19, 20, 21, 22, 23, 24, 25, 26, 27, 28, 29, 30, 31, 32, 33, 34, 35, 36, 37, 38, 39, 40, 41, 42, 43, 44, 45, 46, 47, 48, 49, 50, 51, 52, 53, 54, 55, 56, 57]","[-0.06574858347438983, -0.21368291677939588, -0.46024013378234585, -0.5095515747650339, -0.920480272518942, -1.167037492657677, -0.8547316843329469, -0.6903602078384949, -0.85473168657062, -0.8218573915419398, -0.37805439527763873, -0.37805439956247433, -0.0986228828402762, -0.1643714692471594, -0.5917373138372568, -1.1506003463243566, -2.613506523041792, -4.602401463753905, -5.999559087660492, -6.426924954443878, -6.689919335270085, -6.755667933674248, -6.854290825281312, -6.952913717005247, -7.0844109067286976, -7.051536609194864, -6.969350866691125, -7.626836813391398, -7.807645449167309, -7.889831193616937, -7.462465324214795, -7.82408260016121, -8.62950289559974, -9.007557322718847, -9.089743069156432, -8.941808733454666, -8.958245888054341, -8.399382824462768, -7.8733940619713625, -7.46246533764719, -6.936476581635263, -6.131056305372416, -5.374947474889819, -5.013330210025824, -4.585964345375713, -4.240784234797861, -4.059975603135497, -3.484675409918834, -3.4682382573472115, -3.2545553245120793, -3.0244352535400036, -2.7450037330620987, -2.564195097367845, -2.64638083657038, -2.5806322439246685, -2.3340750227702376, -1.7423376950466896]",[],[]
2025_02_19,3,antennae free – quiescence,"[1, 2, 3, 4, 5, 6, 7, 8, 9, 10, 11, 12, 13, 14, 15, 16, 17, 18, 19, 20, 21, 22, 23, 24, 25, 26, 27, 28, 29, 30, 31, 32, 33, 34, 35, 36, 37, 38, 39, 40, 41, 42, 43, 44, 45, 46, 47, 48, 49, 50, 51, 52, 53, 54, 55, 56, 57]","[0.0029586850733935854, 0.004438027594830585, 0.00624611288686952, 0.004520213279626983, -0.000821856940582677, 0.0027943136793935897, 0.007972012477017787, 0.00493114174691292, 0.011095068918629908, 0.02186139497341258, 0.03270990664434367, 0.07659706707572764, 0.2514882147131728, 0.7771478308896576, 1.5313657851017375, 1.2411681603701892, 1.0806595354581767, 0.8847288831937982, 0.7415614343689999, 0.6463082339275612, 0.6782784625843801, 0.7436160752314515, 0.9146444683467516, 0.3360572665193986, 1.1224098575849881, -0.08169259831832898, 0.7237271395160139, 0.16938470743526082, 0.3342491993393209, 0.14053753174674344, 0.09541759037495573, 0.022436692643961142, -0.09837628370861462, -0.025559754648927208, -0.12188139157798125, -0.10141715290681047, -0.12286761977477456, -0.0936916961403621, -0.1693025442885573, -0.015286541465414749, -0.12122390599373337, -0.08029542830088832, -0.05703687424496076, -0.046599290364108564, -0.11267659687644904, 0.008218568494565759, -0.03657263503515509, -0.007396712667846389, -0.011752554507475005, -0.009862283497295843, -0.019642381397401737, -0.061146160835412494, -0.03427143594619825, -0.046188362671756356, -0.04668147697287128, -0.036161707098991774, -0.011012883259435974]","[1, 2, 3, 4, 5, 6, 7, 8, 9, 10, 11, 12, 13, 14, 15, 16, 17, 18, 19, 20, 21, 22, 23, 24, 25, 26, 27, 28, 29, 30, 31, 32, 33, 34, 35, 36, 37, 38, 39, 40, 41, 42, 43, 44, 45, 46, 47, 48, 49, 50, 51, 52, 53, 54, 55, 56, 57]","[0.07500000000000018, 0.02499999999999969, 0.08749999999999991, 0.03749999999999987, 0.050000000000000155, -2.220446049250313e-16, -0.03750000000000009, -0.025000000000000133, 0.06249999999999989, 0.08750000000000036, 0.0625, -0.02499999999999991, 0.050000000000000155, -0.050000000000000044, -0.26250000000000007, -5.0375, -8.1375, -14.674999999999999, -20.95, -12.224999999999998, -27.7, -7.774999999999999, -9.212499999999999, -10.687499999999998, -1.6375000000000002, 1.725, 3.8875, 5.2125, 6.125, 6.6625, 6.7749999999999995, 6.4375, 6.5, 6.4624999999999995, 6.2125, 5.5375, 4.7625, 3.8124999999999996, 3.1375, 2.7625, 2.1750000000000003, 1.9125, 1.5499999999999998, 1.4, 1.3, 1.0875, 0.9125000000000001, 0.7875000000000001, 0.7625000000000002, 0.9, 0.7999999999999997, 0.6875000000000003, 0.7375000000000005, 0.8375000000000001, 0.8000000000000002, 0.7875000000000002, 0.6874999999999999]","[1, 2, 3, 4, 5, 6, 7, 8, 9, 10, 11, 12, 13, 14, 15, 16, 17, 18, 19, 20, 21, 22, 23, 24, 25, 26, 27, 28, 29, 30, 31, 32, 33, 34, 35, 36, 37, 38, 39, 40, 41, 42, 43, 44, 45, 46, 47, 48, 49, 50, 51, 52, 53, 54, 55, 56, 57]","[0.21368292767850594, 0.2136829314292008, 0.25477580333247296, 0.3451801196699096, 0.25477580330073835, 0.39449156629560633, 0.5259887526884572, 0.4191472854247946, 0.4684587303001786, 0.4191472852964164, 0.41914728665235934, 0.5342073254001471, 0.44380300634905634, 0.29586866961943237, 0.08218573845262434, -0.7067974003112418, -2.0464250299104076, -3.0244353907220614, -3.5750798868648435, -3.772325676997559, -3.7558885315481962, -3.5339870216947045, -3.5586427389604527, -3.377834099653187, -3.591517035520738, -3.681921350725146, -3.887385714183578, -4.109287227719092, -4.3065330197563, -4.281877296682678, -4.446248788591568, -4.536653108161413, -4.659931726157243, -4.585964556424878, -4.2572215746032604, -3.7969813965175074, -3.229899752461783, -2.6135066617797253, -2.1697036410715036, -1.5779662796181135, -1.1588189834041263, -0.8382945837622398, -0.5917373491830347, -0.28765009852543066, -0.08218574485385766, 0.2547758021778339, 0.30408725030543415, 0.41914729280984275, 0.5835187787844198, 0.3287429776455646, 0.28765010451527395, 0.3944915716579054, 0.4355844441042436, 0.6081745039869677, 0.7643274149952255, 0.7807645638019025, 0.9615731986617053]",[],[]
2025_02_20,1,antennae free – quiescence,"[1, 2, 3, 4, 5, 6, 7, 8, 9, 10, 11, 12, 13, 14, 15, 16, 17, 18, 19, 20, 21, 22, 23, 24, 25, 26, 27, 28, 29, 30, 31, 32, 33, 34, 35, 36, 37, 38, 39, 40, 41, 42, 43, 44, 45, 46, 47, 48, 49, 50, 51, 52, 53, 54, 55, 56, 57]","[0.05758056790381417, 0.0947875100294338, 0.0919805539433187, 0.08016267026892744, 0.1428092492520223, 0.18335419604484254, 0.19875453343812144, 0.22301406994803172, 0.3290041160427015, 0.3921227372054882, 0.5640805085716908, 0.7432621726216941, 0.8705951919411492, 1.3339791286576272, 2.010843508929737, 1.6639272271161925, 1.4875946986650372, 1.345805441693041, 1.2507229359848206, 1.1357894191778308, 1.149394317780201, 1.1609255921894264, 1.1526564446393996, 1.0875906388777123, 1.032892913818438, 0.7623376364575578, 0.8499771008073412, 0.6591798715819261, 0.5689610594934383, 0.46667149541182323, 0.4075062233194681, 0.3129716024545092, 0.32658492431851843, 0.27437383131971915, 0.2831403055986361, 0.24738320567755473, 0.23344113630904945, 0.2051776848315072, 0.20978008318066835, 0.21158395538334146, 0.21926304979701036, 0.21156709746769833, 0.21556258714784088, 0.21424761602864828, 0.23446951365351532, 0.24294096258872813, 0.2505526235739541, 0.2623536480179661, 0.27230022485680694, 0.27010860650762364, 0.2751746177676196, 0.27799843476683517, 0.27259525182077643, 0.28565224168239745, 0.28638559135695346, 0.3019207952214858, 0.2891756906468761]","[1, 2, 3, 4, 5, 6, 7, 8, 9, 10, 11, 12, 13, 14, 15, 16, 17, 18, 19, 20, 21, 22, 23, 24, 25, 26, 27, 28, 29, 30, 31, 32, 33, 34, 35, 36, 37, 38, 39, 40, 41, 42, 43, 44, 45, 46, 47, 48, 49, 50, 51, 52, 53, 54, 55, 56, 57]","[0.067948717948718, 0.016666666666666642, 0.016666666666666743, 0.043589743589743615, 0.04871794871794878, 0.06282051282051289, 0.05384615384615394, 0.03589743589743593, 0.06410256410256411, -0.005128205128205167, 0.03846153846153845, 0.01282051282051281, -0.07435897435897444, -0.2615384615384615, -0.7282051282051281, -7.816666666666665, -11.985897435897439, -12.306410256410256, -13.23846153846154, -13.219230769230768, -13.51538461538461, -12.961538461538462, -11.328205128205129, -8.521794871794873, -5.357692307692307, -2.3897435897435897, -0.49743589743589733, 0.8564102564102566, 1.9858974358974353, 2.703846153846154, 3.0641025641025643, 3.2564102564102564, 3.3448717948717945, 3.0166666666666666, 2.5487179487179485, 1.975641025641026, 1.4474358974358974, 0.992307692307692, 0.4500000000000001, -0.08205128205128204, -0.47948717948717956, -0.8961538461538462, -1.0846153846153845, -1.2115384615384615, -1.1884615384615387, -1.1833333333333331, -1.1153846153846154, -1.0192307692307692, -0.9423076923076925, -0.9243589743589743, -0.8102564102564105, -0.767948717948718, -0.7064102564102562, -0.6115384615384616, -0.5743589743589746, -0.5192307692307693, -0.45384615384615384]","[1, 2, 3, 4, 5, 6, 7, 8, 9, 10, 11, 12, 13, 14, 15, 16, 17, 18, 19, 20, 21, 22, 23, 24, 25, 26, 27, 28, 29, 30, 31, 32, 33, 34, 35, 36, 37, 38, 39, 40, 41, 42, 43, 44, 45, 46, 47, 48, 49, 50, 51, 52, 53, 54, 55, 56, 57]","[-0.37004658411974206, -0.48215637078698703, -0.5479049661971569, -0.5765646098688998, -0.6633864739022638, -0.6288263143866257, -0.6246116602630339, -0.6507425124351466, -0.6035383939626411, -0.6321980408703493, -0.696260778065296, -0.6861456136002086, -0.7695957592912742, -0.9718991366532145, -1.4894586046664096, -3.4779322018314347, -5.984808242388611, -8.066847229196048, -9.465269388581762, -10.459084786050473, -11.182319407544705, -11.62401514585249, -12.00839159131092, -12.186249991216588, -12.07245433372731, -11.461329506280096, -10.514718226040172, -9.35990305202993, -8.208459610326349, -7.409361237874298, -6.89264467405449, -6.401216033752269, -5.937604110492302, -5.270845880756945, -4.72125502813884, -4.370595836023228, -3.9811618310144437, -3.7046805479007183, -3.4922620025351185, -3.398696691392802, -3.3354768862181343, -3.2081943449900447, -3.1567755692937984, -3.0101056208108, -2.897152903528607, -2.6653469516104074, -2.453771337423734, -2.3332322429211048, -2.1123843897033225, -1.9429553132357045, -1.8552905170016014, -1.6782750644318458, -1.5821809612196935, -1.5383485639082448, -1.4835580667582922, -1.422024123278561, -1.367233625714284]",[],[]
2025_01_13,1,antennae glued – quiescence,"[1, 2, 3, 4, 5, 6, 7, 8, 9, 10, 11, 12, 13, 14, 15, 16, 17, 18, 19, 20, 21, 22, 23, 24, 25, 26, 27, 28, 29, 30, 31, 32, 33, 34, 35, 36, 37, 38, 39, 40, 41, 42, 43, 44, 45, 46, 47, 48, 49, 50, 51, 52, 53, 54, 55, 56, 57]","[0.1581493508943569, 0.21032323804194986, 0.28636705524247935, 0.27130101595554856, 0.326882609211733, 0.4474430103595922, 0.5595683502208099, 0.7005188288837341, 0.8278064223771641, 0.9770636504098076, 1.1046879918334884, 1.2418057777660176, 1.480505056778047, 1.8391874020928631, 2.061000533639184, 1.8945925752453825, 1.7516536425319065, 1.6436175647103415, 1.5555225385595297, 1.4320195092665502, 1.4099777203626562, 1.316799200860534, 1.3236306429599483, 1.2722986603939266, 1.1961105200684394, 1.3394824476599774, 0.9982715063835048, 0.9052212762677246, 0.9326592768608738, 0.6285401663086164, 0.5931401959856084, 0.5420968798790509, 0.4856653993434562, 0.4600234707962553, 0.44244776651830575, 0.4212799405963125, 0.4093650204823032, 0.39815569342670526, 0.3935693307856106, 0.38781232296782264, 0.39168507317417434, 0.3911238050128036, 0.3890631488254768, 0.38002673014718014, 0.37347592779907973, 0.3879967387823493, 0.40043283899826787, 0.4050753285915689, 0.40220484221546055, 0.40291043649688085, 0.39907777617514395, 0.3981797463153887, 0.39198174038525174, 0.3865053654511403, 0.38687419856217864, 0.384572998524596, 0.3805078118497557]","[1, 2, 3, 4, 5, 6, 7, 8, 9, 10, 11, 12, 13, 14, 15, 16, 17, 18, 19, 20, 21, 22, 23, 24, 25, 26, 27, 28, 29, 30, 31, 32, 33, 34, 35, 36, 37, 38, 39, 40, 41, 42, 43, 44, 45, 46, 47, 48, 49, 50, 51, 52, 53, 54, 55, 56, 57]","[0.036585365853658666, 0.026829268292683093, 0.0475609756097563, 0.05609756097560999, 0.05975609756097546, 0.05121951219512198, 0.030487804878048738, 0.059756097560975635, 0.05487804878048789, 0.025609756097561123, 0.006097560975609886, 0.030487804878048953, 0.057317073170731744, 0.054878048780487715, 0.06097560975609756, -1.464634146341463, -3.2890243902439025, -4.291463414634147, -5.097560975609756, -6.0926829268292675, -6.874390243902438, -7.62560975609756, -8.089024390243903, -7.936585365853657, -7.885365853658535, -7.085365853658536, -5.907317073170731, -4.770731707317073, -3.818292682926829, -2.9475609756097563, -2.102439024390244, -1.6939024390243904, -1.5439024390243903, -1.436585365853659, -1.3426829268292682, -1.3195121951219515, -1.1573170731707318, -1.052439024390244, -0.9865853658536583, -0.9792682926829266, -0.8743902439024389, -0.8036585365853658, -0.7536585365853655, -0.7, -0.670731707317073, -0.6609756097560976, -0.6792682926829267, -0.6268292682926826, -0.6097560975609755, -0.5658536585365853, -0.573170731707317, -0.5573170731707314, -0.5487804878048781, -0.5634146341463413, -0.5243902439024388, -0.5158536585365853, -0.5097560975609754]","[1, 2, 3, 4, 5, 6, 7, 8, 9, 10, 11, 12, 13, 14, 15, 16, 17, 18, 19, 20, 21, 22, 23, 24, 25, 26, 27, 28, 29, 30, 31, 32, 33, 34, 35, 36, 37, 38, 39, 40, 41, 42, 43, 44, 45, 46, 47, 48, 49, 50, 51, 52, 53, 54, 55, 56, 57]","[0.020847116486145012, 0.030468862121432114, 0.024054364259090803, -0.029667050063361993, 0.01603624295641061, 0.0240543647856177, 0.0048108731532211, -0.022450740443567853, -0.06254134797815684, -0.09461383347942946, -0.08499208753070064, -0.08819933623811393, -0.1090464522416689, -0.10583920382342345, -0.05051416491314407, -0.03447792173676884, -0.03287429724887957, -0.07537034140249722, -0.17319142352154468, -0.17158779905017865, -0.19403853914619423, -0.07857758940900482, 0.019243492331981034, 0.1852186060069667, 0.4642492325920806, 0.739270798096847, 0.9437328943177414, 1.0640047149154053, 1.2195562703843517, 1.342233528726243, 1.431234676654318, 1.5194340120235534, 1.5579209943263277, 1.5811735466357948, 1.6252732149919287, 1.6405076461343588, 1.6092369728725564, 1.5659391174813555, 1.5763626753828082, 1.6060297253174178, 1.5964079796945556, 1.620462343909759, 1.5547137482612807, 1.4897669645176077, 1.514623141286714, 1.49618146264427, 1.456892667715432, 1.3887386356149554, 1.3646842709899916, 1.3454407799013182, 1.3334135977402517, 1.276484935157121, 1.1890874110846508, 1.1433841185104596, 1.160222173258305, 1.112113445028935, 1.0824463956624466]",[],[]
2025_01_13,2,antennae glued – quiescence,"[1, 2, 3, 4, 5, 6, 7, 8, 9, 10, 11, 12, 13, 14, 15, 16, 17, 18, 19, 20, 21, 22, 23, 24, 25, 26, 27, 28, 29, 30, 31, 32, 33, 34, 35, 36, 37, 38, 39, 40, 41, 42, 43, 44, 45, 46, 47, 48, 49, 50, 51, 52, 53, 54, 55, 56, 57]","[0.17658358036962643, 0.18503348829154487, 0.17675404599253433, 0.1888931827895996, 0.2418451170560426, 0.3125126375333147, 0.3890975230859336, 0.4576099448231738, 0.54162197730133, 0.643459168034351, 0.7700129405320896, 1.0689861960243103, 1.3013464098023269, 1.5502776908526048, 1.7805071697217558, 1.5876204270425869, 1.4047786045236368, 1.262810459452136, 1.1537409359425193, 1.0810644469261979, 1.024557228541652, 0.9916099040796403, 1.0001450389199154, 1.0135625990141923, 0.9280164163478994, 0.6254147837049007, 0.6099638828290481, 0.5685666557415616, 0.366243783765481, 0.4419763996128043, 0.2895493378744691, 0.22685688007507895, 0.21257483943153357, 0.20131235840090791, 0.14949276069515935, 0.14067758478165746, 0.12887937266085828, 0.10945919720200219, 0.1130997188439278, 0.09839152339270629, 0.10558733762328457, 0.10289651747260346, 0.11154123521331226, 0.10601348607579297, 0.10681707954793042, 0.10848514484329559, 0.11026279101909749, 0.10995839955550422, 0.1147677847655023, 0.11458514992941453, 0.11782387519146392, 0.11739772717001615, 0.1248857572887481, 0.12996300663656637, 0.11915102195359487, 0.12058774976947334, 0.12285242234527377]","[1, 2, 3, 4, 5, 6, 7, 8, 9, 10, 11, 12, 13, 14, 15, 16, 17, 18, 19, 20, 21, 22, 23, 24, 25, 26, 27, 28, 29, 30, 31, 32, 33, 34, 35, 36, 37, 38, 39, 40, 41, 42, 43, 44, 45, 46, 47, 48, 49, 50, 51, 52, 53, 54, 55, 56, 57]","[-0.051851851851852586, -0.03888888888888931, -0.0685185185185191, -0.05000000000000058, -0.044444444444444946, -0.01851851851851878, -0.033333333333333805, -0.029629629629630314, -0.038888888888889445, -0.04444444444444508, -0.05000000000000071, -0.04629629629629669, -0.09074074074074137, -0.06666666666666682, -0.09629629629629674, -1.3314814814814815, -2.8981481481481484, -4.2407407407407405, -5.818518518518518, -6.975925925925925, -7.583333333333333, -8.216666666666667, -8.246296296296297, -7.387037037037037, -5.84074074074074, -3.942592592592593, -2.6000000000000005, -1.5907407407407406, -0.8981481481481483, -0.42407407407407394, -0.04074074074074119, 0.31111111111111095, 0.4462962962962963, 0.5407407407407406, 0.49444444444444424, 0.4185185185185183, 0.3648148148148146, 0.24074074074074042, 0.2240740740740739, 0.1555555555555554, 0.06481481481481476, -0.011111111111111795, -0.03148148148148173, -0.15740740740740808, -0.1833333333333337, -0.20555555555555577, -0.2462962962962965, -0.24259259259259303, -0.23518518518518564, -0.23703703703703763, -0.18333333333333396, -0.1888888888888888, -0.1703703703703707, -0.1777777777777778, -0.17222222222222255, -0.1351851851851854, -0.12407407407407439]","[1, 2, 3, 4, 5, 6, 7, 8, 9, 10, 11, 12, 13, 14, 15, 16, 17, 18, 19, 20, 21, 22, 23, 24, 25, 26, 27, 28, 29, 30, 31, 32, 33, 34, 35, 36, 37, 38, 39, 40, 41, 42, 43, 44, 45, 46, 47, 48, 49, 50, 51, 52, 53, 54, 55, 56, 57]","[0.03043916551797039, -0.0012175663044476227, -0.034091865199726804, -0.0779242638880633, -0.07305399776405687, -0.015828367150961208, 0.006087831703450722, -0.014610800529200989, -0.010958100780752244, -0.04748509848471398, 0.008522965451332288, -0.02678646665686952, -0.07305399769869904, -0.05844319886771598, -0.07061886443686213, -0.11201612891992543, -0.09984046234447604, -0.05600806408887348, 0.17167689306548742, 0.5150306779842532, 0.7183643015915783, 0.6221765397172236, 0.4918969121995921, 0.5089428438606839, 0.4663280125050193, 0.44684694622250204, 0.48459150979658583, 0.4578050440810628, 0.4395415450024813, 0.4590226105160648, 0.38596861493623996, 0.4310185791407214, 0.4565874778805326, 0.416407779984334, 0.33117811702827205, 0.3896213145928471, 0.40910238017734407, 0.45658747804052313, 0.4687631441852131, 0.4456293787506677, 0.43467127866361016, 0.4298010128484877, 0.43832397970274084, 0.47606854449400066, 0.44928207938620646, 0.46024017884959584, 0.515030675069289, 0.46998071014023557, 0.4578050438914882, 0.39570914732128626, 0.41762534589750966, 0.4042321132830817, 0.44075911131930134, 0.42736587961161876, 0.3567470160431149, 0.28612815193022256, 0.27882275179943755]",[],[]
2025_01_13,3,antennae glued – quiescence,"[1, 2, 3, 4, 5, 6, 7, 8, 9, 10, 11, 12, 13, 14, 15, 16, 17, 18, 19, 20, 21, 22, 23, 24, 25, 26, 27, 28, 29, 30, 31, 32, 33, 34, 35, 36, 37, 38, 39, 40, 41, 42, 43, 44, 45, 46, 47, 48, 49, 50, 51, 52, 53, 54, 55, 56, 57]","[0.36720573377416066, 0.39796145436608016, 0.4227267427480036, 0.45753694522248023, 0.5080537475759033, 0.6011975432411517, 0.7088425392683282, 0.8247791495084048, 0.9724576977178871, 1.0607799108161624, 1.1614117109308977, 1.3314447495282182, 1.5457119420537029, 1.813089341509804, 2.101579333437831, 1.9209169486094868, 1.7634491919481234, 1.7093527540819282, 1.58037603305899, 1.5085640162426657, 1.4501573961675815, 1.4028549739691474, 1.3803908892500063, 1.3606297997720505, 1.3881346056693433, 1.2265757925729774, 1.4212280297564497, 1.253203950930374, 1.085216392210583, 1.0693271683994645, 0.8704743299106499, 0.6005400159008991, 0.7881791191705869, 0.43134711738636955, 0.6307113602779871, 0.39997045959956623, 0.49866635306761203, 0.40574172606565395, 0.43912738310781196, 0.420352517141125, 0.41651718458676906, 0.4172111972324585, 0.41710161627014347, 0.4246627004498122, 0.4443872676672632, 0.43507288889390716, 0.4468345753575187, 0.43543815855182166, 0.441976487392482, 0.44321840461207784, 0.4495375715221503, 0.4514735013307019, 0.4518387711016789, 0.4541034436406755, 0.4508890696968611, 0.44285313474623356, 0.4356573200803851]","[1, 2, 3, 4, 5, 6, 7, 8, 9, 10, 11, 12, 13, 14, 15, 16, 17, 18, 19, 20, 21, 22, 23, 24, 25, 26, 27, 28, 29, 30, 31, 32, 33, 34, 35, 36, 37, 38, 39, 40, 41, 42, 43, 44, 45, 46, 47, 48, 49, 50, 51, 52, 53, 54, 55, 56, 57]","[-0.09444444444444461, -0.07222222222222247, -0.01666666666666651, -0.03333333333333302, -0.049999999999999524, -0.0777777777777777, -0.03888888888888905, 0.016666666666666902, 0.0, 0.03888888888888905, 0.038888888888888654, 0.05555555555555555, 0.016666666666667298, 0.038888888888889445, 0.022222222222222143, -0.7388888888888895, -1.9166666666666667, -2.616666666666667, -3.527777777777778, -4.277777777777778, -5.583333333333332, -6.488888888888888, -7.311111111111113, -7.577777777777777, -7.311111111111111, -6.688888888888889, -5.194444444444445, -3.9500000000000006, -3.1222222222222222, -1.7166666666666666, -1.2888888888888888, -1.0666666666666669, -0.7055555555555557, -0.438888888888889, -0.3444444444444444, -0.32222222222222224, -0.377777777777778, -0.2500000000000002, -0.38333333333333286, -0.4388888888888896, -0.4499999999999999, -0.47777777777777763, -0.5555555555555551, -0.5222222222222217, -0.5777777777777781, -0.7222222222222222, -0.6666666666666666, -0.6666666666666666, -0.6444444444444442, -0.6500000000000001, -0.655555555555555, -0.6055555555555555, -0.627777777777778, -0.6222222222222216, -0.6111111111111107, -0.6055555555555558, -0.6055555555555551]","[1, 2, 3, 4, 5, 6, 7, 8, 9, 10, 11, 12, 13, 14, 15, 16, 17, 18, 19, 20, 21, 22, 23, 24, 25, 26, 27, 28, 29, 30, 31, 32, 33, 34, 35, 36, 37, 38, 39, 40, 41, 42, 43, 44, 45, 46, 47, 48, 49, 50, 51, 52, 53, 54, 55, 56, 57]","[0.1607187863113882, 0.171676885511476, -0.06940129890627765, 0.10592828899609764, 0.14245528747374042, 0.040179695239199335, 0.14245528851151412, 0.10958099025251361, -0.05113779801558849, 0.06209589582619183, 0.13149719032765952, 0.06574859357562543, -0.003652701619601986, 0.010958100463864659, -0.07670669298881529, -0.08035939319600043, 0.12419179263886014, 0.2228146853854377, 0.26664708240724383, 0.47119826857240654, 0.3908388737410028, 0.44928206878942156, 0.46024016671576834, 0.43467126711014004, 0.4127550712124888, 0.2739524821036249, 0.18994038770852248, 0.07670669339766552, 0.23742547945213724, 0.37622806820941435, 0.3397010698952114, 0.48215635941115664, 0.3141321718425011, 0.14610798752348508, 0.13880258825984035, -0.05479050107812908, -0.07305399912357854, -0.18994039348193562, -0.0767066999351616, -0.08766479744058842, -0.014610802506341416, 0.25568897859946405, 0.27029977546789513, 0.20820388061624742, 0.314132173909822, 0.2666470771012336, 0.21185658067026716, 0.16071878422382785, 0.27395247621981395, 0.06940129252877922, -0.08766479645075265, -0.03652699894018162, -0.11688639376418625, -0.003652700816541849, -0.007305400032590133, -0.10592829353294696, -0.20089848815227562]",[],[]
2025_01_13,4,antennae glued – quiescence,"[1, 2, 3, 4, 5, 6, 7, 8, 9, 10, 11, 12, 13, 14, 15, 16, 17, 18, 19, 20, 21, 22, 23, 24, 25, 26, 27, 28, 29, 30, 31, 32, 33, 34, 35, 36, 37, 38, 39, 40, 41, 42, 43, 44, 45, 46, 47, 48, 49, 50, 51, 52, 53, 54, 55, 56, 57]","[0.10574084297632869, 0.12350724674206548, 0.16538622224543637, 0.21798506906692397, 0.25316054453488246, 0.30685996188051734, 0.3948486728703807, 0.4849956518705, 0.6438498704843046, 0.7828508900710477, 0.9529681074555482, 1.1055904888599952, 1.2883571396436324, 1.6205302050746635, 1.8900706413764257, 1.618014607854154, 1.4326323090307431, 1.3052945376537122, 1.1917782528096093, 1.1130372283150443, 1.0604955678759664, 1.0560361017817386, 1.1232568383130874, 1.0796197947058113, 0.756579993143158, 0.7733458809754034, 0.6795970418005367, 0.6018279692451111, 0.574899646797114, 0.34149229617101967, 0.4119290140487007, 0.3259985132890301, 0.3121770235668503, 0.14406083003835987, 0.2507735917044736, 0.11677517939462354, 0.20763682788329496, 0.12337862745338798, 0.17317601403290359, 0.12522244814467526, 0.13778613966967548, 0.14916349926504688, 0.12985343277216127, 0.13672844238664625, 0.1174040829985791, 0.12638018936278686, 0.11128660484529726, 0.1143310488572349, 0.10804205576155368, 0.13564215945008282, 0.2003901934331817, 0.19797464953974347, 0.21418309545571781, 0.25221719806987347, 0.2796171882747131, 0.29842698917873345, 0.29128040831265045]","[1, 2, 3, 4, 5, 6, 7, 8, 9, 10, 11, 12, 13, 14, 15, 16, 17, 18, 19, 20, 21, 22, 23, 24, 25, 26, 27, 28, 29, 30, 31, 32, 33, 34, 35, 36, 37, 38, 39, 40, 41, 42, 43, 44, 45, 46, 47, 48, 49, 50, 51, 52, 53, 54, 55, 56, 57]","[0.0043478260869567, 0.006521739130434721, -0.06304347826086942, 0.054347826086956715, 0.2108695652173914, 0.24782608695652175, 0.29347826086956524, 0.21086956521739147, 0.19130434782608732, 0.13695652173913064, -0.0065217391304346825, -0.10434782608695646, -0.11739130434782598, -0.06739130434782592, -0.14999999999999983, -2.895652173913043, -5.984782608695652, -10.180434782608698, -13.745652173913046, -15.747826086956522, -16.745652173913047, -17.48478260869565, -15.691304347826087, -12.645652173913044, -9.06304347826087, -4.543478260869565, -1.9826086956521736, -0.3999999999999999, 0.6956521739130435, 1.493478260869565, 2.1456521739130436, 2.5195652173913037, 2.7369565217391307, 3.169565217391303, 3.35, 3.321739130434783, 3.332608695652174, 3.3239130434782616, 3.3195652173913053, 3.354347826086958, 3.215217391304348, 2.991304347826087, 2.773913043478261, 2.589130434782608, 2.38695652173913, 2.406521739130435, 2.239130434782608, 2.1108695652173917, 1.9608695652173918, 1.8543478260869568, 1.7999999999999996, 1.710869565217391, 1.7173913043478262, 1.6347826086956523, 1.6956521739130435, 1.6586956521739133, 1.6891304347826088]","[1, 2, 3, 4, 5, 6, 7, 8, 9, 10, 11, 12, 13, 14, 15, 16, 17, 18, 19, 20, 21, 22, 23, 24, 25, 26, 27, 28, 29, 30, 31, 32, 33, 34, 35, 36, 37, 38, 39, 40, 41, 42, 43, 44, 45, 46, 47, 48, 49, 50, 51, 52, 53, 54, 55, 56, 57]","[0.14007310107142554, 0.10434016700998035, 0.1129160714809891, 0.035732933568291166, 0.008575904062958582, 0.002858634524912109, -0.057172695080285135, -0.034303617409284344, -0.11291607284612488, -0.041450204126715316, -0.045738156775375426, -0.10148153480787692, -0.10148153439232589, -0.18724057689248869, -0.10005221692283112, -0.011434539948246156, -0.05717269560940531, 0.007146585991489535, 0.04002088554770435, 0.22583214338522317, 0.39306227411621975, 0.3930622723626098, 0.34017752828818315, 0.1457903663605383, -0.040020891192388074, -0.17723535802992066, -0.330172315948985, -0.3644759328327501, -0.4388004361977099, -0.3873450105471555, -0.38019842392266257, -0.3887743282685899, -0.32874299870434676, -0.3330309504946487, -0.2058217037593433, -0.170088769401565, -0.2015337516079868, -0.14436105652648323, -0.1615128646238477, -0.13006788208014272, -0.12720924753470056, -0.1457903736175581, -0.12006266124139255, -0.13864378703882754, -0.03287430158753293, 0.0643192787806151, 0.0743245001883509, 0.09147630900776642, 0.08432972216414152, 0.1286385604817638, 0.11863333881722149, 0.17151808067846483, 0.19438715837713755, 0.21153896678409104, 0.33017230862618907, 0.3659052428537029, 0.3358895779218292]",[],[]
2025_01_28,1,antennae glued – quiescence,"[1, 2, 3, 4, 5, 6, 7, 8, 9, 10, 11, 12, 13, 14, 15, 16, 17, 18, 19, 20, 21, 22, 23, 24, 25, 26, 27, 28, 29, 30, 31, 32, 33, 34, 35, 36, 37, 38, 39, 40, 41, 42, 43, 44, 45, 46, 47, 48, 49, 50, 51, 52, 53, 54, 55, 56, 57]","[0.0616392679765547, 0.06109136343618496, 0.07867910079775439, 0.1156078683172304, 0.16645341146905004, 0.18847917678969442, 0.2529675404828607, 0.40369607228013393, 0.38167031211285346, 0.43909076816177395, 0.8316096573457887, 1.0447445211119664, 1.1401894869169606, 1.5704588962316086, 1.936459113875254, 1.657082599476718, 1.507121135993991, 1.3081770098013321, 1.1882407133103696, 1.1068221028570393, 1.0681400438784285, 1.128902655615193, 1.2783162142751898, 1.1004116021016215, 1.1919116663254492, 1.0166370040264765, 0.6850999296226394, 0.9575728823207466, 0.4042988278688438, 0.7867910361822118, 0.4604042679435783, 0.5627528580816411, 0.5342070320301423, 0.5132222891744259, 0.22655860311159168, 0.4364608709199662, 0.2781712355917416, 0.3220036092688867, 0.3341123016482434, 0.2995943095457608, 0.32605810364831117, 0.2906634641197176, 0.29181406388137393, 0.2781164477866846, 0.27252782048414975, 0.2682541639318516, 0.26759667853735797, 0.26787063077232204, 0.2732400964120673, 0.2750481816722223, 0.279979323655612, 0.2767466860486176, 0.2832119610608105, 0.28206136117220054, 0.28781436002527977, 0.2854035795253056, 0.30025179554438736]","[1, 2, 3, 4, 5, 6, 7, 8, 9, 10, 11, 12, 13, 14, 15, 16, 17, 18, 19, 20, 21, 22, 23, 24, 25, 26, 27, 28, 29, 30, 31, 32, 33, 34, 35, 36, 37, 38, 39, 40, 41, 42, 43, 44, 45, 46, 47, 48, 49, 50, 51, 52, 53, 54, 55, 56, 57]","[-0.20000000000000018, -0.2833333333333335, -0.31666666666666704, -0.30833333333333296, -0.3499999999999999, -0.3166666666666676, -0.4000000000000001, -0.3916666666666672, -0.44166666666666643, -0.5250000000000004, -0.5583333333333336, -0.6500000000000004, -0.5500000000000004, -0.5500000000000007, -0.5500000000000002, -6.0, -10.091666666666667, -13.841666666666667, -16.458333333333336, -18.408333333333335, -18.96666666666667, -18.791666666666668, -14.233333333333334, -10.858333333333334, -8.05, -4.875000000000001, -2.500000000000001, -0.30833333333333446, 2.358333333333333, 3.2833333333333328, 3.7166666666666655, 4.0249999999999995, 3.8416666666666663, 4.358333333333332, 4.716666666666666, 4.675, 4.75, 4.8166666666666655, 4.758333333333334, 4.474999999999999, 4.183333333333333, 3.883333333333333, 3.6083333333333325, 3.4999999999999987, 3.2833333333333328, 3.5083333333333333, 3.508333333333333, 3.3833333333333324, 2.683333333333333, 2.466666666666666, 2.383333333333333, 2.4833333333333325, 2.5166666666666666, 2.316666666666666, 2.3249999999999993, 2.158333333333333, 1.8749999999999998]","[1, 2, 3, 4, 5, 6, 7, 8, 9, 10, 11, 12, 13, 14, 15, 16, 17, 18, 19, 20, 21, 22, 23, 24, 25, 26, 27, 28, 29, 30, 31, 32, 33, 34, 35, 36, 37, 38, 39, 40, 41, 42, 43, 44, 45, 46, 47, 48, 49, 50, 51, 52, 53, 54, 55, 56, 57]","[0.3506591855604834, 0.3835334835401755, 0.24655723943461774, 0.19724579166564737, 0.18628769226427977, 0.2794315380826144, 0.22464103965273807, 0.20272484065492571, 0.27395248893954616, 0.3123058376331471, 0.38353348530233333, 0.31230583742768303, 0.3342220368431678, 0.39997063418884693, 0.3670963358835249, 0.22464104118580983, 0.16985054326730756, 0.23559914040453123, 0.4876354302450068, 0.6903602714164082, 1.0574566045872846, 1.167037597758868, 1.0081451534780033, 0.8108993641393205, 0.4711982784252366, 0.23559913882616948, 0.060269545886947405, -0.09314384881990397, -0.17532959621491764, -0.1369762477609567, -0.016437151773255703, -0.005479051727187804, 0.10410194316294981, 0.0986228937678663, 0.060269544783564534, 0.12053909305736472, 0.06574859506462853, 0.03835334605010132, -0.038353350345043204, -0.021916200711138128, 0.17532959163270215, 0.18628769095697942, 0.10410194303940538, 0.08218574300511605, 0.15889243979143922, 0.005479047236132573, -2.7270819676535516e-09, 0.04383239532164277, 0.120539093125083, -0.10410194800794297, -0.07670669971192723, -0.09314384860763407, -0.08766479818540181, 0.016437147883433312, 0.0821857460647486, 0.07122764569834317, 0.027395247198519712]",[],[]
2025_01_29,1,antennae glued – quiescence,"[1, 2, 3, 4, 5, 6, 7, 8, 9, 10, 11, 12, 13, 14, 15, 16, 17, 18, 19, 20, 21, 22, 23, 24, 25, 26, 27, 28, 29, 30, 31, 32, 33, 34, 35, 36, 37, 38, 39, 40, 41, 42, 43, 44, 45, 46, 47, 48, 49, 50, 51, 52, 53, 54, 55, 56, 57]","[0.07291515371806617, 0.07723812086881622, 0.09707774988584084, 0.13388050474021598, 0.1675930750824032, 0.2062696592450291, 0.2473296264687274, 0.2981039420960848, 0.3694904315080958, 0.5171616919789607, 0.7631763456790147, 0.9100750318898878, 1.1125805422651993, 1.5041131040507656, 1.8451343543620111, 1.6085382243947077, 1.4585658025104045, 1.311141137077327, 1.2326209421818608, 1.1683353062599555, 1.0914095132418633, 1.0599159618410159, 1.1423646325073533, 0.7145552362113549, 1.1541993526436918, 0.7408546594263318, 0.8784499513938755, 0.6862505032196888, 0.7334744129069486, 0.33127408940968855, 0.6338489284109337, 0.06592936426620197, 0.4154979945724218, 0.10544426333962416, 0.23768105105007237, 0.12753578806858398, 0.17042028546269683, 0.13529411924017232, 0.13752957296309826, 0.11888985567458596, 0.13460376199568475, 0.12193072747380498, 0.14242784009833928, 0.10439229800373415, 0.1406690652479968, 0.12079656331721009, 0.12566195679079803, 0.12850558222931419, 0.13845005205680325, 0.1376281953760568, 0.14709598795752585, 0.1529311723760744, 0.15355578335915873, 0.15059709791067166, 0.1487232636097589, 0.14576457808789425, 0.14632343970882408]","[1, 2, 3, 4, 5, 6, 7, 8, 9, 10, 11, 12, 13, 14, 15, 16, 17, 18, 19, 20, 21, 22, 23, 24, 25, 26, 27, 28, 29, 30, 31, 32, 33, 34, 35, 36, 37, 38, 39, 40, 41, 42, 43, 44, 45, 46, 47, 48, 49, 50, 51, 52, 53, 54, 55, 56, 57]","[-0.022499999999999853, 0.030000000000000117, 0.022500000000000055, 0.04250000000000009, 0.04500000000000006, 0.05500000000000012, 0.1325, 0.13250000000000012, 0.09000000000000011, 0.10750000000000018, 0.12750000000000014, 0.08000000000000007, -0.004999999999999938, 0.0025000000000001688, -0.06749999999999992, -4.1899999999999995, -7.142500000000001, -8.895, -10.3525, -9.937500000000002, -9.8625, -6.470000000000001, -9.995000000000001, -9.715, -6.592499999999999, -7.739999999999999, -6.222499999999999, -4.702499999999999, -4.397499999999999, -2.3824999999999994, -1.8, -0.8924999999999997, -0.014999999999999925, 0.19000000000000014, 0.26500000000000024, 0.3450000000000001, 0.44250000000000006, 0.53, 0.6400000000000002, 0.5775, 0.5925, 0.5950000000000002, 0.5350000000000001, 0.64, 0.6174999999999999, 0.6000000000000001, 0.575, 0.5775, 0.5725000000000001, 0.5075000000000001, 0.55, 0.6075000000000002, 0.5925000000000001, 0.6600000000000003, 0.6800000000000003, 0.6725, 0.7325000000000004]","[1, 2, 3, 4, 5, 6, 7, 8, 9, 10, 11, 12, 13, 14, 15, 16, 17, 18, 19, 20, 21, 22, 23, 24, 25, 26, 27, 28, 29, 30, 31, 32, 33, 34, 35, 36, 37, 38, 39, 40, 41, 42, 43, 44, 45, 46, 47, 48, 49, 50, 51, 52, 53, 54, 55, 56, 57]","[-0.06574859352802279, 1.5157333166371245e-10, -0.014793433626368823, -0.05753001946455587, -0.018080863052286667, 0.04438030080710505, -0.06410487890186119, 0.02629943738873024, 0.1101288937106835, 0.04766773000650382, 0.06410487916836445, 0.11012889415668833, 0.004931144618474903, 0.07889831264283842, 0.07889831155020524, -0.008218574801835387, 0.09533546016589814, 0.0295868674983371, -0.05424258903519217, -0.37147955465287996, -0.6213242125977034, -0.8152825674511932, -1.0519775056818885, -1.2311424247516558, -1.3231904561983012, -1.3856516203809401, -1.3725019008606607, -1.467837362642136, -1.4119510573843779, -1.5401608177474437, -1.6437148541170736, -1.6683705771909991, -1.8409606377955599, -1.8031551952198377, -1.8475354970478102, -1.7374066010865412, -1.6979574438577771, -1.6223465591325534, -1.39222647815045, -1.4283882050473589, -1.2442921400901918, -1.1867621206852388, -1.1423818197572315, -1.0207469208571676, -1.048690073970194, -0.9484234672752281, -0.8810311576246909, -0.9171928846188084, -0.8678814381421469, -0.910618025024918, -0.846513145788028, -0.894180876326225, -1.0240343506215566, -0.943492322215287, -0.9500671818125486, -0.7873394111054053, -0.7741896923305299]",[],[]
2025_01_31,1,antennae glued – quiescence,"[1, 2, 3, 4, 5, 6, 7, 8, 9, 10, 11, 12, 13, 14, 15, 16, 17, 18, 19, 20, 21, 22, 23, 24, 25, 26, 27, 28, 29, 30, 31, 32, 33, 34, 35, 36, 37, 38, 39, 40, 41, 42, 43, 44, 45, 46, 47, 48, 49, 50, 51, 52, 53, 54, 55, 56, 57]","[0.3124409920390164, 0.3369419895672954, 0.3775513868650958, 0.3936211074578587, 0.3936597828187106, 0.4322967208520249, 0.5271873412206295, 0.5926071429041632, 0.6616044389550548, 0.7422817712155897, 0.8022676507664401, 0.8834477654887456, 0.9476879601201555, 1.122521069543468, 1.6410643521565054, 1.3726555975119006, 1.2258816487974964, 1.1126007809354166, 0.984178410218315, 0.8990920626535646, 0.8126907435846165, 0.8176218847142794, 0.7521053888772147, 0.8791160887871119, 0.4503195361775784, 0.7578293625373912, 0.39435592174505885, 0.49429372935947324, 0.30822532946550374, 0.31801028501896816, 0.2257495987590205, 0.14286775561429835, 0.11867615312239227, 0.02513916627773277, 0.05213475164602059, -0.005085829311203585, 0.01589569571108715, -0.026570137477556877, 0.008818056947250822, -0.020343362493821914, -0.03420857266058482, -0.015238180501033982, -0.029122728045112983, -0.030901807002326424, -0.022180454019967717, -0.013536452319291374, 0.008779381607682442, -0.007541730615459021, -0.0054339092294897655, -0.016843218086820686, -0.008624648096782617, -0.006188083879450951, -0.0052598689396705645, 0.00595606165063721, 0.007503086492088803, 0.012240850234157455, 0.010036339795273866]","[1, 2, 3, 4, 5, 6, 7, 8, 9, 10, 11, 12, 13, 14, 15, 16, 17, 18, 19, 20, 21, 22, 23, 24, 25, 26, 27, 28, 29, 30, 31, 32, 33, 34, 35, 36, 37, 38, 39, 40, 41, 42, 43, 44, 45, 46, 47, 48, 49, 50, 51, 52, 53, 54, 55, 56, 57]","[-0.2558823529411765, -0.21764705882352942, -0.22352941176470603, -0.22647058823529417, -0.161764705882353, -0.17941176470588233, -0.285294117647059, -0.31176470588235305, -0.3323529411764706, -0.29117647058823537, -0.3088235294117647, -0.46764705882352947, -0.4529411764705882, -0.40588235294117647, -0.5411764705882355, -5.882352941176471, -8.826470588235296, -11.920588235294119, -14.579411764705881, -17.19117647058824, -18.91470588235294, -19.33823529411765, -17.63235294117647, -12.835294117647058, -8.388235294117647, -4.7294117647058815, -2.0794117647058825, -0.3617647058823528, 0.7558823529411763, 2.0588235294117645, 2.814705882352942, 3.3705882352941177, 3.626470588235294, 3.923529411764706, 4.008823529411764, 4.005882352941177, 4.014705882352942, 3.738235294117647, 3.6823529411764704, 3.423529411764706, 3.476470588235294, 3.3647058823529417, 3.129411764705882, 3.0029411764705882, 2.8, 2.6411764705882352, 2.5588235294117645, 2.355882352941176, 2.3058823529411763, 2.2794117647058827, 2.2441176470588236, 2.0911764705882354, 2.05, 2.0264705882352945, 1.9823529411764704, 1.961764705882353, 2.0205882352941176]","[1, 2, 3, 4, 5, 6, 7, 8, 9, 10, 11, 12, 13, 14, 15, 16, 17, 18, 19, 20, 21, 22, 23, 24, 25, 26, 27, 28, 29, 30, 31, 32, 33, 34, 35, 36, 37, 38, 39, 40, 41, 42, 43, 44, 45, 46, 47, 48, 49, 50, 51, 52, 53, 54, 55, 56, 57]","[-0.23785521769345846, -0.3152065085030395, -0.27072951613557034, -0.2668619519821488, -0.24945791065528766, -0.28039842748545935, -0.36161728274038796, -0.19724579171195908, -0.1334309766862786, -0.19337822717965653, -0.2707295175831335, -0.3500145896197671, -0.4099618402134068, -0.3248754216575123, -0.29780246972064695, -0.2784646467408565, -0.22818630903702755, -0.19917957464374242, -0.04254321091428516, 0.10055667666831755, 0.224318740294004, 0.3674186275529846, 0.5201874259395614, 0.7193669976474607, 1.0616464538049726, 1.1931436470462695, 1.2144152518546851, 1.266627371917159, 1.2840314114193139, 1.4619393761043602, 1.4484028998371352, 1.2492233303837486, 1.2221503794474136, 1.274362499691827, 1.4155286020303401, 1.3053030138189194, 1.0191032416757693, 0.9320830398179998, 0.8818047020543593, 0.9088776540813032, 0.8508641868474501, 0.7290359055342309, 0.5549955031680298, 0.40802805358861227, 0.3828888839589523, 0.37128618941714736, 0.45830639081617663, 0.5491941570834848, 0.5453265921227266, 0.38869023009946346, 0.3055375916477517, 0.1798417447985886, 0.1276296251569311, -0.13729854325362573, -0.08315263934076753, 0.0947553288839821, 0.1198944983617999]",[],[]
2025_01_31,2,antennae glued – quiescence,"[1, 2, 3, 4, 5, 6, 7, 8, 9, 10, 11, 12, 13, 14, 15, 16, 17, 18, 19, 20, 21, 22, 23, 24, 25, 26, 27, 28, 29, 30, 31, 32, 33, 34, 35, 36, 37, 38, 39, 40, 41, 42, 43, 44, 45, 46, 47, 48, 49, 50, 51, 52, 53, 54, 55, 56, 57]","[-0.11262725339293964, -0.12301552046416575, 0.004668190159190932, 0.087182623653967, 0.15385165379213558, 0.2300542198758868, 0.37082184945484487, 0.5493948900091599, 0.5919999469428803, 0.6100808019652232, 0.690491276232685, 0.7979244010874986, 0.9263970561058665, 1.1245631580489177, 1.582436003822414, 1.3799962404317136, 1.2312072914980114, 1.0865605026689018, 0.9840585277404603, 0.8377022756572347, 0.7613024710330604, 0.7221820888776213, 0.7318471241440972, 0.7587382773794485, 0.9734730115988068, 0.5634650677652757, 0.8644619266311444, 0.5610981321511505, 0.5653060500926752, 0.30047086865974487, 0.4997547345496347, -0.1721954708469591, 0.32907151469879115, -0.18514791316666712, 0.1270919892528511, -0.13248329992800106, -0.02242021253039872, -0.10230470664089183, -0.10033225042497274, -0.11413944751883198, -0.12564544517308082, -0.09724206789779317, -0.13748018612909696, -0.121700531499489, -0.07902971836716706, -0.12452771938930643, -0.13300928350619529, -0.16680404412611963, -0.14083336203491784, -0.13991288243179262, -0.14799995586997156, -0.158059486553083, -0.08751128116467036, -0.04753615876240012, -0.1315628163889377, -0.0836321160219394, -0.11861035001394256]","[1, 2, 3, 4, 5, 6, 7, 8, 9, 10, 11, 12, 13, 14, 15, 16, 17, 18, 19, 20, 21, 22, 23, 24, 25, 26, 27, 28, 29, 30, 31, 32, 33, 34, 35, 36, 37, 38, 39, 40, 41, 42, 43, 44, 45, 46, 47, 48, 49, 50, 51, 52, 53, 54, 55, 56, 57]","[-0.010000000000000142, -0.13000000000000006, -0.07999999999999999, -0.050000000000000176, -0.10999999999999996, -0.10999999999999996, -0.06999999999999992, -0.14000000000000012, -0.1299999999999999, -0.09000000000000004, -0.13000000000000017, -0.10999999999999996, -0.1499999999999999, -0.08000000000000025, -0.13000000000000006, -3.2399999999999998, -7.81, -10.059999999999999, -13.41, -16.85, -18.42, -19.48, -18.43, -17.400000000000002, -10.570000000000002, -6.710000000000001, -3.1800000000000006, -1.7600000000000002, -0.4900000000000003, 2.1799999999999997, 2.8, 3.8600000000000003, 4.2, 4.18, 4.369999999999999, 4.37, 4.39, 4.39, 4.119999999999999, 3.9599999999999995, 3.95, 3.47, 3.1, 2.849999999999999, 2.25, 2.0199999999999996, 1.98, 1.8699999999999999, 1.8399999999999999, 2.1500000000000004, 2.1, 2.31, 2.55, 2.9200000000000004, 2.8099999999999996, 2.7299999999999995, 2.9099999999999997]","[1, 2, 3, 4, 5, 6, 7, 8, 9, 10, 11, 12, 13, 14, 15, 16, 17, 18, 19, 20, 21, 22, 23, 24, 25, 26, 27, 28, 29, 30, 31, 32, 33, 34, 35, 36, 37, 38, 39, 40, 41, 42, 43, 44, 45, 46, 47, 48, 49, 50, 51, 52, 53, 54, 55, 56, 57]","[0.3221681141048293, 0.45366530283662454, 0.5194138971384532, 0.28929381716487795, 0.28271895738201636, 0.2958686754238201, 0.3024435349407796, 0.37476698975276007, 0.22354522417469128, 0.36161727324283816, 0.45366530630481633, 0.5588630575692932, 0.3879167124149646, 0.1446469128666507, 0.15779663190291443, 0.25641952384410727, 0.25641952329906276, 0.328742977058387, 0.3418926957497533, 0.36161727470563393, 0.21039550714447158, -0.0591737316353715, -0.20382064154502047, -0.44709044334281456, -0.6311865090110829, -0.8876060280873034, -1.1243009696688744, -1.2294987221130456, -1.5976908565050565, -1.7423377663526367, -1.9395835530095866, -1.9658829915694382, -2.0250567273592877, -2.215727655402394, -2.1894282170796147, -2.261751671740501, -2.2486019527790235, -2.189428217035919, -2.3472248471977295, -2.222302515983421, -2.3209254097226264, -2.149979060926411, -2.123679623513047, -2.1499790609955496, -2.0053321500147234, -1.9067092567866708, -1.8541103811555757, -1.7949366455965432, -1.9132841179581406, -1.8146612236597945, -1.8475355199204457, -1.7489126254916372, -1.6765891702064224, -1.7883617829445484, -1.5779662781954287, -1.5056428236395818, -1.3675707726787039]",[],[]
2025_01_31,3,antennae glued – quiescence,"[1, 2, 3, 4, 5, 6, 7, 8, 9, 10, 11, 12, 13, 14, 15, 16, 17, 18, 19, 20, 21, 22, 23, 24, 25, 26, 27, 28, 29, 30, 31, 32, 33, 34, 35, 36, 37, 38, 39, 40, 41, 42, 43, 44, 45, 46, 47, 48, 49, 50, 51, 52, 53, 54, 55, 56, 57]","[0.02833762762739861, 0.03527410014195709, 0.04234206972123914, 0.055393157413688686, 0.09306708350322247, 0.1594402544893237, 0.29468502028888477, 0.390414903806941, 0.4422905084786942, 0.4761181395119024, 0.5948928841145508, 0.7413806394618007, 0.9495734008832573, 1.217893197162569, 1.7110401424402375, 1.463957119221707, 1.0921819607168473, 0.9402042089378957, 0.971467673310842, 0.8860603186529552, 0.712812879756499, 0.7525578908006082, 0.7076845068947473, 0.6603784097904025, 0.8513121944251129, 0.38863965400142086, 0.4128351359708364, 0.4030057364788312, 0.18929009141648062, 0.25743847077337373, 0.11354776648937999, 0.13560640624046402, 0.06104754532233677, 0.07590671919960268, 0.04273657229914503, 0.028699255038570747, 0.03958064090944659, 0.04161884504588711, -0.0038462818509864215, -0.0013149620746596424, -0.01729186217491313, -0.00036160784934982095, 0.02952111076682439, 0.024294101205878337, 0.05296047296622739, 0.02028343952980528, 0.03192093421263662, 0.018968468477320276, 0.0185411028200576, 0.01863972569208099, 0.020151942508217325, 0.02863350655453123, 0.03093470612907533, 0.03520836230375257, 0.03941627011373949, 0.03428788257758195, 0.03747668759828413]","[1, 2, 3, 4, 5, 6, 7, 8, 9, 10, 11, 12, 13, 14, 15, 16, 17, 18, 19, 20, 21, 22, 23, 24, 25, 26, 27, 28, 29, 30, 31, 32, 33, 34, 35, 36, 37, 38, 39, 40, 41, 42, 43, 44, 45, 46, 47, 48, 49, 50, 51, 52, 53, 54, 55, 56, 57]","[0.04500000000000011, 0.07500000000000022, 0.07500000000000026, 0.03500000000000023, -0.039999999999999813, -0.029999999999999805, -0.07499999999999987, -0.07999999999999993, -0.14999999999999997, -0.10999999999999979, -0.1549999999999998, -0.06999999999999988, -0.13999999999999999, -0.08499999999999983, -0.1049999999999998, -4.79, -8.16, -10.775000000000002, -13.51, -14.55, -15.220000000000002, -14.580000000000002, -12.895000000000001, -11.215, -4.845000000000001, -1.6849999999999998, -0.1099999999999997, 1.0500000000000003, 1.9050000000000005, 2.515, 2.8999999999999995, 3.2649999999999997, 3.5400000000000005, 3.8050000000000006, 3.9599999999999995, 4.02, 4.13, 4.125000000000001, 4.210000000000001, 4.26, 4.395, 4.505, 4.465000000000001, 4.6850000000000005, 4.654999999999999, 4.675, 4.880000000000001, 4.835, 5.1, 5.235, 5.49, 5.615, 5.755, 5.834999999999999, 5.9799999999999995, 5.98, 6.065]","[1, 2, 3, 4, 5, 6, 7, 8, 9, 10, 11, 12, 13, 14, 15, 16, 17, 18, 19, 20, 21, 22, 23, 24, 25, 26, 27, 28, 29, 30, 31, 32, 33, 34, 35, 36, 37, 38, 39, 40, 41, 42, 43, 44, 45, 46, 47, 48, 49, 50, 51, 52, 53, 54, 55, 56, 57]","[-0.37147956025130496, -0.27285666794017943, -0.14793433692453845, -0.14793433710547887, -0.04273658457004288, -0.039449154739134684, 0.05917373629574172, 0.2629943792854469, 0.3517549824606526, 0.1873834940726063, 0.05588630388614533, 0.15122176614911212, 0.039449154142720745, -0.19395835739187106, -0.3846292821573428, -0.40435385955164377, -0.2662818100168735, -0.338605264868864, -0.34189269455035215, -0.43065329732121993, -0.22683265081990953, -0.12820975907218254, 0.0821857448445833, 0.3616172759731313, 0.1840960685449801, -0.12492232847546489, -0.18080863581448625, -0.22025779517384336, -0.1512217716281185, -0.5983122184480152, -0.5161264745264994, -0.687072822810839, -0.7429591291950978, -0.7035099728242244, -0.7889831468919525, -0.7298094101703441, -0.6410488070317463, -0.41421615163386816, -0.348467555419559, -0.5095516140125398, -0.6870728209027768, -0.5753002087984782, -0.48325217547236365, -0.35504241485410903, -0.2103955032672303, -0.4240784393708097, -0.27285667052731527, 0.05259887618423491, 0.07889831470973974, 0.0854731735169338, -0.04931144551774622, -0.11506004182335375, 0.08876060209429042, 0.15450919678570543, -0.09204803508611974, -0.17423377924428465, -0.23012008552190152]",[],[]
2025_01_31,4,antennae glued – quiescence,"[1, 2, 3, 4, 5, 6, 7, 8, 9, 10, 11, 12, 13, 14, 15, 16, 17, 18, 19, 20, 21, 22, 23, 24, 25, 26, 27, 28, 29, 30, 31, 32, 33, 34, 35, 36, 37, 38, 39, 40, 41, 42, 43, 44, 45, 46, 47, 48, 49, 50, 51, 52, 53, 54, 55, 56, 57]","[0.030295897405845772, 0.057278595029921255, 0.07406381303071717, 0.07501780829527331, 0.11145669043847684, 0.10898145758930604, 0.1092650786995967, 0.15589498036477253, 0.29442459952893224, 0.406184246104822, 0.5332981012615569, 0.7019238022129756, 0.922110515116733, 1.3096595042023653, 1.7056977798873623, 1.3961768501025553, 1.1398606659730661, 1.0255162270892522, 0.9147041520715066, 0.823307231008188, 0.8258920519151769, 0.837958824566111, 0.8073341755241886, 0.7036963862603205, 0.6058342019949232, 0.5478659162850029, 0.5297077313499567, 0.3403648125463599, 0.34277558550683834, 0.1616641109911926, 0.20822955231941004, 0.0736384007381748, 0.11661990650710334, 0.03540755078900168, 0.04695866953072708, 0.027962493644445835, 0.016346915283573137, 0.016217996797599377, 0.008888966444279394, 0.008863181867503117, 0.005395268285520296, 0.01117082834255944, 0.023192501109339476, 0.02263815040577693, 0.03239085288323649, 0.02832991195976382, 0.029889828720493065, 0.05003982959003981, 0.0933887535373267, 0.12655309633313824, 0.14686424336289633, 0.15535353904907842, 0.18091168253706222, 0.18611355405217778, 0.20975724693585945, 0.2166930743328811, 0.19914079073057933]","[1, 2, 3, 4, 5, 6, 7, 8, 9, 10, 11, 12, 13, 14, 15, 16, 17, 18, 19, 20, 21, 22, 23, 24, 25, 26, 27, 28, 29, 30, 31, 32, 33, 34, 35, 36, 37, 38, 39, 40, 41, 42, 43, 44, 45, 46, 47, 48, 49, 50, 51, 52, 53, 54, 55, 56, 57]","[0.2647058823529411, 0.30392156862745084, 0.31764705882352934, 0.33529411764705885, 0.32647058823529396, 0.32156862745098025, 0.318627450980392, 0.3333333333333333, 0.31176470588235283, 0.20784313725490175, 0.2578431372549019, 0.2617647058823527, 0.26274509803921553, 0.26078431372549005, 0.15686274509803916, -4.719607843137255, -7.71078431372549, -9.388235294117646, -10.258823529411764, -11.174509803921568, -10.081372549019607, -10.413725490196079, -7.507843137254902, -4.960784313725492, -3.122549019607843, -1.6852941176470588, -0.9764705882352941, -0.5764705882352944, -0.41470588235294115, -0.11862745098039242, -0.036274509803921634, 0.06274509803921585, 0.1764705882352939, 0.24901960784313731, 0.28921568627450955, 0.4166666666666664, 0.4784313725490196, 0.5294117647058824, 0.48039215686274495, 0.4705882352941177, 0.4647058823529411, 0.5098039215686274, 0.4549019607843138, 0.5156862745098039, 0.5166666666666666, 0.5039215686274509, 0.5196078431372552, 0.5323529411764705, 0.580392156862745, 0.6235294117647058, 0.6156862745098041, 0.48921568627450956, 0.32941176470588246, 0.24215686274509818, 0.15686274509803924, 0.035294117647058976, -0.21568627450980407]","[1, 2, 3, 4, 5, 6, 7, 8, 9, 10, 11, 12, 13, 14, 15, 16, 17, 18, 19, 20, 21, 22, 23, 24, 25, 26, 27, 28, 29, 30, 31, 32, 33, 34, 35, 36, 37, 38, 39, 40, 41, 42, 43, 44, 45, 46, 47, 48, 49, 50, 51, 52, 53, 54, 55, 56, 57]","[0.6839143675446775, 0.7013184102611302, 0.7367710872330395, 0.7341927107650194, 0.702607599457066, 0.5375915055290761, 0.44928211228538645, 0.2765308884372733, 0.26234981815223496, 0.3480808362889081, 0.3841781071135139, 0.360972717164645, 0.3448578645793135, 0.3977145824009971, 0.46668615274763203, 0.4512158935923738, -0.2765308683988885, -1.5657191196581344, -2.78851418954416, -4.040316010890011, -5.281804341883362, -6.331203623221032, -7.104072017774138, -7.521124438412265, -7.688718919980481, -7.755112118704061, -7.521769031608517, -7.14725982430344, -6.5645467062942, -6.035334906139617, -5.511924453984988, -4.943392414143589, -4.4038671140067365, -3.8759445097353757, -3.4511569708708634, -3.0585991401346044, -2.7111629008196654, -2.399179339100711, -1.9963080053942155, -1.6520947387925626, -1.4193962572533851, -1.1299734935692842, -0.8798709736774012, -0.6265454839772202, -0.4125402362572301, -0.28233222371172884, -0.05930265466506085, 0.09411074617866934, 0.24816873981667587, 0.3338997570998073, 0.4022267347694889, 0.59367118893771, 0.6845589600536419, 0.7876940182950102, 0.8476412723903146, 0.773512949735572, 0.7567535022946682]",[],[]
2025_02_04,1,antennae glued – quiescence,"[1, 2, 3, 4, 5, 6, 7, 8, 9, 10, 11, 12, 13, 14, 15, 16, 17, 18, 19, 20, 21, 22, 23, 24, 25, 26, 27, 28, 29, 30, 31, 32, 33, 34, 35, 36, 37, 38, 39, 40, 41, 42, 43, 44, 45, 46, 47, 48, 49, 50, 51, 52, 53, 54, 55, 56, 57]","[0.05392442509006454, 0.05624683494889352, 0.06297015496855801, 0.0775833011252335, 0.11270575811111055, 0.15702240575351353, 0.19434001457497074, 0.23396942570203652, 0.2879362579246313, 0.36577405322190365, 0.44815062064625194, 0.5715776107642313, 0.7909020321708037, 1.2186811351937616, 1.6608294724062904, 1.422554635167393, 1.307282597144679, 1.145063979598932, 0.9747434445622554, 0.868845874387879, 0.7870207538345956, 0.7757056415844026, 0.7828319295663841, 0.7573596518959229, 0.6981965559622991, 0.7426616655029367, 0.4819792927137054, 0.5649285187547578, 0.42141641432575794, 0.28847708927788046, 0.2801630858440859, 0.15841161649983887, 0.15905849807709632, 0.09411589460959972, 0.07802870721687502, 0.042503277485813125, 0.03676618521383049, 0.015111579289515531, 0.00020150327472417783, 0.009830485334500089, 0.026479716032454387, -0.01339360341043026, -0.0095865483436082, -0.016840099500105246, 0.0008059651920084556, 0.008812443335606403, 0.006235524293743389, 0.026564554482876215, 0.01879137789816228, 0.026840274332216876, 0.025058700641251958, 0.04202607034062972, 0.043966713301244534, 0.04737079200625691, 0.048961482906645294, 0.05399867079815048, 0.05060519687156477]","[1, 2, 3, 4, 5, 6, 7, 8, 9, 10, 11, 12, 13, 14, 15, 16, 17, 18, 19, 20, 21, 22, 23, 24, 25, 26, 27, 28, 29, 30, 31, 32, 33, 34, 35, 36, 37, 38, 39, 40, 41, 42, 43, 44, 45, 46, 47, 48, 49, 50, 51, 52, 53, 54, 55, 56, 57]","[-0.13709677419354843, -0.16129032258064516, -0.15322580645161296, -0.1758064516129032, -0.19354838709677452, -0.15322580645161296, -0.19193548387096776, -0.12258064516129029, -0.1612903225806451, -0.15645161290322576, -0.10161290322580654, -0.07419354838709699, -0.03387096774193516, 0.019354838709677292, 0.003225806451612978, -3.016129032258065, -5.083870967741936, -7.737096774193548, -11.520967741935483, -12.83870967741935, -13.806451612903224, -13.77258064516129, -12.324193548387095, -9.283870967741935, -6.443548387096775, -4.209677419354839, -2.7387096774193544, -1.5951612903225807, -1.270967741935484, -1.2548387096774192, -1.1903225806451614, -1.0983870967741933, -0.9983870967741933, -0.9225806451612903, -0.8241935483870967, -0.7822580645161289, -0.7274193548387097, -0.724193548387097, -0.7241935483870968, -0.8290322580645162, -0.8661290322580645, -0.7645161290322581, -0.7580645161290326, -0.7580645161290325, -0.7145161290322578, -0.6887096774193548, -0.6887096774193546, -0.6774193548387099, -0.6499999999999997, -0.5693548387096776, -0.5241935483870971, -0.5048387096774194, -0.4870967741935482, -0.4403225806451611, -0.39354838709677414, -0.3451612903225805, -0.27096774193548384]","[1, 2, 3, 4, 5, 6, 7, 8, 9, 10, 11, 12, 13, 14, 15, 16, 17, 18, 19, 20, 21, 22, 23, 24, 25, 26, 27, 28, 29, 30, 31, 32, 33, 34, 35, 36, 37, 38, 39, 40, 41, 42, 43, 44, 45, 46, 47, 48, 49, 50, 51, 52, 53, 54, 55, 56, 57]","[0.23118054564508278, 0.17603656234961068, 0.22481777870817246, 0.2057294760725795, 0.18345979221449113, 0.16012964529032672, 0.07953459191347453, 0.053023062273174146, 0.0477207563831446, 0.02651153242013634, 0.001060462597520759, 0.010604612673877373, -0.061506749524065596, -0.025451067559984608, -0.004241843572300568, -0.040297525030389636, -0.03817660269285876, 0.11983211727746353, 0.30435236693899886, 0.5482584464794783, 0.8388248193228222, 0.9480523237396856, 1.0212241461922587, 1.01698230075186, 0.867457269479883, 0.7762576076036897, 0.6786951764500841, 0.7030857851885985, 0.5790118231772591, 0.5747699792023143, 0.6733928722752537, 0.6606673380599448, 0.7868622224266362, 0.8176155975802101, 0.7995877570827397, 0.7783785322205464, 0.8430666661041951, 0.8070109856553859, 0.8907874208283098, 0.832462054684578, 0.8165551352154764, 0.7911040658653806, 0.7508065403065592, 0.7221740879541844, 0.7306577785107404, 0.6786951798514683, 0.6553650326422429, 0.6129465839278951, 0.5440166043411814, 0.5355329155851195, 0.5493189123755484, 0.5832536718916365, 0.6299139645993193, 0.5397747612195941, 0.512202770515749, 0.5069004649617812, 0.51220276988731]",[],[]
2025_02_04,2,antennae glued – quiescence,"[1, 2, 3, 4, 5, 6, 7, 8, 9, 10, 11, 12, 13, 14, 15, 16, 17, 18, 19, 20, 21, 22, 23, 24, 25, 26, 27, 28, 29, 30, 31, 32, 33, 34, 35, 36, 37, 38, 39, 40, 41, 42, 43, 44, 45, 46, 47, 48, 49, 50, 51, 52, 53, 54, 55, 56, 57]","[0.017354164283559226, 0.04124857887077773, 0.07813698472880533, 0.1007337254650573, 0.19421779238434692, 0.2701746897379682, 0.23169447524715478, 0.2891033555182043, 0.40762377994192395, 0.4278674121240435, 0.5338956160638618, 0.7571984509169218, 0.9784250042561373, 1.464168311143221, 1.9261037223824709, 1.661777279855403, 1.47532826050973, 1.3424123949275328, 1.166067887328709, 1.0538801127986546, 0.9568145013712545, 0.932279913219307, 1.0744524832583604, 0.9419691304628586, 1.1366367338472632, 0.7456751254803033, 0.9026930343765086, 0.6146279040961918, 0.6549248553112325, 0.48563964794253134, 0.44082682003046286, 0.3741785500440385, 0.3260090828639533, 0.28889575187063976, 0.2558484513645567, 0.23809634063696974, 0.23313059444649747, 0.24375417784507106, 0.23266343417757235, 0.2299296782065448, 0.24347734161870846, 0.22811294180730646, 0.2358470486250217, 0.23264613152794675, 0.22617508948215628, 0.22807833727485996, 0.24018991397484799, 0.26270014401635494, 0.25667896057340445, 0.2612467550497107, 0.2651051574311933, 0.2718876402552454, 0.27766659254376597, 0.28315140645365194, 0.2889995676652802, 0.29254652928758157, 0.28844589555480893]","[1, 2, 3, 4, 5, 6, 7, 8, 9, 10, 11, 12, 13, 14, 15, 16, 17, 18, 19, 20, 21, 22, 23, 24, 25, 26, 27, 28, 29, 30, 31, 32, 33, 34, 35, 36, 37, 38, 39, 40, 41, 42, 43, 44, 45, 46, 47, 48, 49, 50, 51, 52, 53, 54, 55, 56, 57]","[0.036842105263157954, 0.047368421052631594, 0.07894736842105272, 0.09473684210526329, 0.06052631578947352, 0.050000000000000336, 0.1473684210526317, 0.12631578947368433, 0.047368421052631504, 0.09210526315789465, 0.1157894736842103, 0.13157894736842116, 0.1000000000000004, 0.10789473684210511, 0.06578947368421072, -3.5289473684210524, -5.592105263157895, -8.821052631578947, -11.226315789473684, -12.278947368421052, -12.85, -12.978947368421053, -11.002631578947367, -7.071052631578947, -4.081578947368421, -2.039473684210526, -0.8421052631578945, -0.2631578947368421, -0.18157894736842148, -0.2236842105263156, -0.4052631578947369, -0.6131578947368421, -0.6921052631578949, -0.8763157894736843, -0.8894736842105266, -1.007894736842105, -1.1236842105263163, -1.2026315789473687, -1.1921052631578946, -1.155263157894737, -1.055263157894737, -1.1052631578947367, -0.9947368421052635, -1.0026315789473685, -0.9763157894736845, -0.9184210526315795, -0.8736842105263158, -0.7736842105263154, -0.7605263157894739, -0.7210526315789474, -0.6421052631578947, -0.6026315789473687, -0.5131578947368418, -0.5315789473684209, -0.563157894736842, -0.5078947368421053, -0.4763157894736841]","[1, 2, 3, 4, 5, 6, 7, 8, 9, 10, 11, 12, 13, 14, 15, 16, 17, 18, 19, 20, 21, 22, 23, 24, 25, 26, 27, 28, 29, 30, 31, 32, 33, 34, 35, 36, 37, 38, 39, 40, 41, 42, 43, 44, 45, 46, 47, 48, 49, 50, 51, 52, 53, 54, 55, 56, 57]","[-0.10554378492880227, -0.03633473901500825, -0.04844632397421889, -0.04671609912278603, -0.04671609912455846, -0.048446323047016904, -0.16091102214828742, -0.14014831108987044, -0.04152542493728399, -0.051906781813532483, -0.07786017306899776, -0.08651130337950787, -0.122846051062136, -0.10035311209473195, -0.09343220590951705, -0.10035311009394944, -0.08651130195065729, 0.14360876916561394, 0.652295244032507, 1.2474930263677897, 1.8115467386290907, 2.2821682406610138, 2.6005298413245317, 2.846221946161773, 2.752789742885985, 2.2319916961159154, 1.5831569144432482, 1.1090749633854693, 0.7370763506480048, 0.4083333877938063, 0.2024364800620982, 0.08824155512419178, -0.05363698819781043, -0.03287427434646367, -0.03287427500678637, -0.008651109672341417, 1.9636120378819263e-08, -0.07439970504272346, -0.06574857354522946, -0.08478106117946937, -0.04152540928888801, -0.08478106367275318, -0.053636997554590574, 9.196746849451492e-09, -0.05190677217666723, -0.08651129296322717, -0.05363699913995689, -0.07612993958844035, -0.11592514009965695, -0.13149717579551523, -0.10035310554424633, -0.09516243076432666, -0.1124646926095434, -0.10208333537469316, -0.12457627054679939, -0.162641242437595, -0.1903248578459023]",[],[]
2025_02_13,1,antennae glued – quiescence,"[1, 2, 3, 4, 5, 6, 7, 8, 9, 10, 11, 12, 13, 14, 15, 16, 17, 18, 19, 20, 21, 22, 23, 24, 25, 26, 27, 28, 29, 30, 31, 32, 33, 34, 35, 36, 37, 38, 39, 40, 41, 42, 43, 44, 45, 46, 47, 48, 49, 50, 51, 52, 53, 54, 55, 56, 57]","[-0.021282293817420105, 0.0020837280830009347, 0.013594785828843598, 0.00315594254693897, -0.008375337709114706, 0.00023772379608074935, 0.04985259797601667, 0.07982888245103735, 0.15789770694010397, 0.2952565558527117, 0.43262046178442964, 0.6292389786607056, 0.8379956711309026, 1.2551297110567279, 1.7788471904833154, 1.492709535112589, 1.278632284280545, 1.1002767237670052, 0.9813173841648647, 0.8652560344170248, 0.8066032762028893, 0.8706271838350674, 0.9076233657459832, 0.8360838718466935, 0.7846583908709074, 0.8171129018993034, 0.6080881692675357, 0.5314152572944799, 0.4278764663281693, 0.2853892428843095, 0.24725507973669214, 0.1697982263026975, 0.14836925469536486, 0.1078984894482089, 0.11291561212187749, 0.08697527708023446, 0.08599410630826769, 0.07398235039734616, 0.07722425989644494, 0.07219196629354455, 0.07033583409916147, 0.073926716925226, 0.07646056497235888, 0.10364506481454222, 0.12847778926442185, 0.1141901214111463, 0.11211145323264408, 0.13997366835208547, 0.16353693845178424, 0.18015614853317913, 0.16850348369961804, 0.1715582643984746, 0.19595097646567078, 0.18766665956181522, 0.18647812919734572, 0.1868422753884695, 0.19925863452878906]","[1, 2, 3, 4, 5, 6, 7, 8, 9, 10, 11, 12, 13, 14, 15, 16, 17, 18, 19, 20, 21, 22, 23, 24, 25, 26, 27, 28, 29, 30, 31, 32, 33, 34, 35, 36, 37, 38, 39, 40, 41, 42, 43, 44, 45, 46, 47, 48, 49, 50, 51, 52, 53, 54, 55, 56, 57]","[0.02846153846153856, 0.013846153846153845, 0.019999999999999997, 0.02692307692307689, 0.026923076923077004, 0.03615384615384615, 0.05000000000000002, 0.03923076923076928, 0.059230769230769226, 0.03846153846153842, 0.06692307692307697, 0.056153846153846186, 0.01076923076923069, -0.021538461538461517, -0.1130769230769231, -5.118461538461538, -10.553846153846154, -13.760769230769231, -14.129999999999999, -15.083076923076923, -14.171538461538463, -14.711538461538462, -11.91076923076923, -7.40923076923077, -3.676153846153846, -1.0692307692307692, 0.44230769230769224, 1.4246153846153846, 1.9276923076923074, 2.2361538461538455, 2.256153846153846, 2.2161538461538464, 2.088461538461538, 1.9115384615384614, 1.6546153846153846, 1.4646153846153844, 1.2700000000000005, 1.0638461538461539, 0.9038461538461537, 0.7184615384615383, 0.5776923076923076, 0.5146153846153846, 0.47, 0.4384615384615385, 0.3776923076923077, 0.333076923076923, 0.30615384615384617, 0.3553846153846153, 0.3792307692307692, 0.2207692307692307, 0.04461538461538465, -0.13615384615384624, -0.1161538461538462, -0.13692307692307695, -0.2746153846153847, -0.018461538461538463, -0.22307692307692303]","[1, 2, 3, 4, 5, 6, 7, 8, 9, 10, 11, 12, 13, 14, 15, 16, 17, 18, 19, 20, 21, 22, 23, 24, 25, 26, 27, 28, 29, 30, 31, 32, 33, 34, 35, 36, 37, 38, 39, 40, 41, 42, 43, 44, 45, 46, 47, 48, 49, 50, 51, 52, 53, 54, 55, 56, 57]","[-0.0622082850736009, -0.12138202029636373, -0.17094634611041615, -0.22759129035442774, -0.1658887639207448, -0.16335997282960582, -0.16942907458506642, -0.15021025363719584, -0.18308455057585987, -0.17398089836055347, -0.12795688275219294, -0.15273904500085908, -0.08901348506301501, -0.09963441211830314, -0.16437148995732806, -0.14818721991005301, -0.18763637672798192, -0.31458174007755435, -0.3231796339923666, -0.20280913007877316, 0.044506738802825435, 0.321156596203809, 0.6316922662996114, 0.9128939471615375, 1.152623437113092, 1.3068797538828414, 1.335707982962638, 1.3266043298600454, 1.3119373339423974, 1.278051518752871, 1.183474694446371, 1.0489429559004766, 1.0231492763083005, 0.9225033530229293, 0.7854428224489183, 0.6797393132184659, 0.6372556062264638, 0.61399071902422, 0.566449427453056, 0.48856263084840895, 0.46782653668976315, 0.49968931729160315, 0.5184023789480967, 0.45973440155857725, 0.41927372816553765, 0.3869051901554742, 0.38538791628935265, 0.419779488169017, 0.3939858080123522, 0.3418926909548362, 0.33683510498126484, 0.4051124924722386, 0.38134184651058295, 0.37931881240187987, 0.3590884747035274, 0.36111150812597875, 0.37931881145753665]",[],[]
2025_02_13,2,antennae glued – quiescence,"[1, 2, 3, 4, 5, 6, 7, 8, 9, 10, 11, 12, 13, 14, 15, 16, 17, 18, 19, 20, 21, 22, 23, 24, 25, 26, 27, 28, 29, 30, 31, 32, 33, 34, 35, 36, 37, 38, 39, 40, 41, 42, 43, 44, 45, 46, 47, 48, 49, 50, 51, 52, 53, 54, 55, 56, 57]","[0.01797127457460029, 0.03601103109423883, 0.05725603675663014, 0.07333704120409956, 0.09208907794008402, 0.11299163904217581, 0.1243606599113015, 0.1402635953024198, 0.17069969918369646, 0.2532141392692637, 0.36256219706596476, 0.5437268484405732, 0.792708371790697, 1.2536467484973852, 1.7779776711448978, 1.4067312682568547, 1.2003767341445155, 0.9938030366849947, 0.8644838736013094, 0.7817091981434618, 0.7910783652368454, 0.8923037147384085, 0.8982621678049375, 0.8937967343478497, 0.8248703549443811, 0.666580726135955, 0.6247619316552823, 0.4424329960242243, 0.41673627463557517, 0.27402082876640876, 0.2447764196885874, 0.16957651155638673, 0.1681382614647541, 0.12337445175744911, 0.08682921243370323, 0.07435068339250674, 0.06339258987504626, 0.0536124908366844, 0.014382516680727186, 0.04444878662357121, 0.024559847094577078, 0.05376316595209272, 0.057434126177474176, 0.06873465755258673, 0.061885849116529244, 0.06946063123558051, 0.09078782189826388, 0.10318416521304162, 0.12097737009025279, 0.11811456840558442, 0.13945545467408835, 0.13753778840522507, 0.14572896291787438, 0.14063344967729452, 0.14818083619797387, 0.1483041147460172, 0.14922185502177235]","[1, 2, 3, 4, 5, 6, 7, 8, 9, 10, 11, 12, 13, 14, 15, 16, 17, 18, 19, 20, 21, 22, 23, 24, 25, 26, 27, 28, 29, 30, 31, 32, 33, 34, 35, 36, 37, 38, 39, 40, 41, 42, 43, 44, 45, 46, 47, 48, 49, 50, 51, 52, 53, 54, 55, 56, 57]","[-0.14166666666666686, -0.07916666666666662, -0.0937499999999999, -0.03333333333333338, -0.09166666666666694, -0.12500000000000003, -0.05208333333333337, -0.018750000000000322, 0.09999999999999991, 0.04374999999999988, 0.03749999999999979, 0.08958333333333314, 0.039583333333333214, 0.07083333333333312, 0.0062499999999999405, -6.0062500000000005, -13.045833333333334, -16.529166666666665, -18.222916666666666, -19.229166666666668, -18.485416666666666, -15.877083333333333, -9.664583333333333, -4.404166666666668, -0.5937500000000001, 2.6979166666666665, 4.485416666666667, 5.824999999999999, 6.685416666666666, 7.3999999999999995, 8.104166666666666, 8.6625, 9.11875, 9.5375, 9.760416666666666, 9.879166666666665, 10.043750000000001, 10.081249999999999, 10.10625, 10.222916666666666, 10.181249999999999, 10.091666666666667, 10.004166666666665, 9.941666666666668, 9.829166666666667, 9.68125, 9.654166666666667, 9.525, 9.404166666666667, 9.358333333333333, 9.322916666666666, 9.137500000000001, 9.070833333333333, 8.9, 8.764583333333333, 8.56875, 8.38125]","[1, 2, 3, 4, 5, 6, 7, 8, 9, 10, 11, 12, 13, 14, 15, 16, 17, 18, 19, 20, 21, 22, 23, 24, 25, 26, 27, 28, 29, 30, 31, 32, 33, 34, 35, 36, 37, 38, 39, 40, 41, 42, 43, 44, 45, 46, 47, 48, 49, 50, 51, 52, 53, 54, 55, 56, 57]","[-0.1684807898435278, -0.1821784135176309, -0.19724580048511905, -0.21642247506759946, -0.26025487605251235, -0.16848079137582003, -0.032874305398795066, 0.06026954205953997, 0.06711835499445051, 0.02054643156473131, -0.035613829787570474, -0.0424626412736074, -0.06026955430629588, -0.23148986560455262, -0.22327129224600917, -0.32326395563676363, -0.4698285429556887, -0.862950381046295, -1.6122104708116758, -2.5600861288489978, -3.4572805811054583, -4.185994248916889, -4.748966654620194, -5.266736897271742, -5.806423344614566, -6.28310071677727, -6.670743524084142, -6.8885357730679715, -7.0679746699217105, -7.143311611413563, -7.165227813416901, -7.088521111014647, -7.107697787871666, -7.089890874258934, -6.999486544679019, -6.885796251556859, -6.743340946526061, -6.544725374056416, -6.418707217068935, -6.262554283488183, -6.087224674554132, -5.920113643617166, -5.780397863414049, -5.665337809773174, -5.53521036895246, -5.294132160882861, -5.094146829834752, -4.835261710501573, -4.640755430223808, -4.347626246384323, -4.0832620765249885, -3.7613678822783885, -3.5750801770345557, -3.549054685664695, -3.476457269296907, -3.269623126050469, -3.0326542078669085]",[],[]
2025_02_13,3,antennae glued – quiescence,"[1, 2, 3, 4, 5, 6, 7, 8, 9, 10, 11, 12, 13, 14, 15, 16, 17, 18, 19, 20, 21, 22, 23, 24, 25, 26, 27, 28, 29, 30, 31, 32, 33, 34, 35, 36, 37, 38, 39, 40, 41, 42, 43, 44, 45, 46, 47, 48, 49, 50, 51, 52, 53, 54, 55, 56, 57]","[0.021949538961528757, 0.03403202867323271, 0.03703835693674845, 0.04703880746603772, 0.06093652890004331, 0.06517207004637962, 0.0826811961635644, 0.11598903251784703, 0.15088817482562888, 0.18712610974343447, 0.26194129101864727, 0.4106902374756119, 0.6458413399035451, 1.1538012369111343, 1.6313024033674937, 1.3411369367649328, 1.1626820567096245, 1.0200601311991502, 0.9156724110097455, 0.7474657132179694, 0.7424059375768055, 0.7020992076568925, 0.7074829562651452, 0.6833989652072405, 0.6348355638692645, 0.5491575987832228, 0.4712122179264065, 0.36907329745892675, 0.30459684567488843, 0.20919474896419538, 0.18977987205708266, 0.1036921481963655, 0.1164797655076022, 0.06905504779874845, 0.04020667864209584, 0.04233159623478924, 0.02864827349405249, 0.018280965175513697, 0.02515121293752982, 0.027676339160798476, 0.0035256551815203304, 0.006927429008155022, 0.007799312420691453, 0.0005907932915069789, 0.011039097429112372, 0.016446678100580533, 0.022183001546234114, 0.024846294525289053, 0.03408444276644877, 0.017147045174834705, 0.0297774381345375, 0.030825603618845766, 0.02991084146059427, 0.03333643619341433, 0.02969644406512974, 0.03143068125088397, 0.031859476282204036]","[1, 2, 3, 4, 5, 6, 7, 8, 9, 10, 11, 12, 13, 14, 15, 16, 17, 18, 19, 20, 21, 22, 23, 24, 25, 26, 27, 28, 29, 30, 31, 32, 33, 34, 35, 36, 37, 38, 39, 40, 41, 42, 43, 44, 45, 46, 47, 48, 49, 50, 51, 52, 53, 54, 55, 56, 57]","[-0.02753623188405797, 0.007971014492753493, -0.004347826086956538, 0.01304347826086952, -0.02753623188405794, -0.007971014492753723, 0.006521739130434728, 0.01956521739130429, 0.05362318840579704, 0.06521739130434791, 0.04275362318840563, 0.11521739130434787, 0.0992753623188406, 0.10072463768115925, 0.06739130434782598, -3.378260869565217, -7.121739130434783, -10.315942028985509, -11.855797101449276, -12.064492753623188, -13.029710144927538, -11.544927536231885, -9.032608695652176, -5.78768115942029, -2.819565217391304, -0.9210144927536235, 0.6594202898550722, 1.7195652173913043, 2.2956521739130435, 2.5507246376811596, 2.5746376811594205, 2.635507246376812, 2.540579710144928, 2.38695652173913, 2.168115942028985, 1.9528985507246372, 1.7202898550724637, 1.5239130434782608, 1.331159420289855, 1.2115942028985507, 1.076086956521739, 0.998550724637681, 0.9079710144927534, 0.7826086956521738, 0.7224637681159417, 0.7797101449275359, 0.7797101449275362, 0.8413043478260868, 0.888405797101449, 0.9514492753623189, 0.9753623188405794, 1.0362318840579707, 1.0028985507246375, 0.9891304347826085, 1.050724637681159, 1.0492753623188402, 1.0333333333333332]","[1, 2, 3, 4, 5, 6, 7, 8, 9, 10, 11, 12, 13, 14, 15, 16, 17, 18, 19, 20, 21, 22, 23, 24, 25, 26, 27, 28, 29, 30, 31, 32, 33, 34, 35, 36, 37, 38, 39, 40, 41, 42, 43, 44, 45, 46, 47, 48, 49, 50, 51, 52, 53, 54, 55, 56, 57]","[-0.020486883547083078, -0.01572249260420004, -1.297132732947764e-09, -0.02048688296199912, -0.03954444737187638, -0.03335073862134593, -0.028109907907013273, -0.033827177134078054, -0.05764913291792504, -0.05383761935656024, -0.032397858895175276, -0.040973763087215065, 0.003335075204062978, -0.036209371514557505, -0.06479571862222135, -0.06717791434740014, -0.06431927957242034, 0.10148153303596252, 0.4064025667886914, 0.6565331004607451, 0.9152395372837895, 1.2377888152150072, 1.4674324676149486, 1.4960188143771729, 1.4316995341679843, 1.3645216196810144, 1.2882913627357073, 1.1934799801656462, 1.0691293726069162, 1.0272027316509296, 0.9585954998011774, 0.8947526586216206, 0.7894596154781279, 0.6979833060303103, 0.6074598740480599, 0.534088250433478, 0.48406214274413495, 0.4211721792525334, 0.34113040837149533, 0.30730323121178077, 0.2953922535570628, 0.2992037664048436, 0.2868163495798505, 0.22773789928866003, 0.21677979940648387, 0.17628247441485118, 0.15770134850879633, 0.13816734454777477, 0.1348322705995238, 0.10529304485564249, 0.06288996365448904, 0.06622503765004044, 0.07337162454447409, 0.027157030762862754, 0.0242983961820817, 0.004764392225082429, 0.012863857206586057]",[],[]
2025_02_14,1,antennae glued – quiescence,"[1, 2, 3, 4, 5, 6, 7, 8, 9, 10, 11, 12, 13, 14, 15, 16, 17, 18, 19, 20, 21, 22, 23, 24, 25, 26, 27, 28, 29, 30, 31, 32, 33, 34, 35, 36, 37, 38, 39, 40, 41, 42, 43, 44, 45, 46, 47, 48, 49, 50, 51, 52, 53, 54, 55, 56, 57]","[-0.012163482936642378, -0.009204797891793515, -0.008218569544399368, -0.008876055109279357, -0.003944913377480708, -0.0016437139064258144, -0.0019724566878579486, 0.005917370053017623, 0.02169702345088831, 0.10618391584714959, 0.3126343649040292, 0.69134598377799, 1.2479073811627113, 1.5059704068241442, 1.5559392995890602, 1.4813147033274716, 1.2617145747052523, 1.3116834657544687, 0.9007550880079719, 0.760381952799068, 0.6325010381526125, 0.5966680821259204, 0.5634650675954712, 0.5772722617846143, 1.1315324646036724, -0.6407197918837233, 1.1653929628618287, 0.1495779605989943, 0.5690536938197718, 0.2685828372394805, 0.19231451910677133, 0.1683162978765621, 0.05325632991689899, 0.05654375764889896, -0.012163482936642378, -0.01808085303837581, -0.06673478560510493, -0.09270546628942433, -0.11834740450568149, -0.13412705895641308, -0.12820968852261794, -0.11210129132026547, -0.1623989401655157, -0.15089294194929115, -0.08810306715683824, -0.09369169467633232, -0.09829409382157361, -0.11308751971666331, -0.09073300951704288, -0.05884495862633954, -0.06541981443990419, -0.013149711285815546, -0.030244336075993528, -0.021697023664032034, -0.02564193708072826, -0.024326965941029233, -0.023340737586780347]","[1, 2, 3, 4, 5, 6, 7, 8, 9, 10, 11, 12, 13, 14, 15, 16, 17, 18, 19, 20, 21, 22, 23, 24, 25, 26, 27, 28, 29, 30, 31, 32, 33, 34, 35, 36, 37, 38, 39, 40, 41, 42, 43, 44, 45, 46, 47, 48, 49, 50, 51, 52, 53, 54, 55, 56, 57]","[0.0, 0.1499999999999999, 0.1499999999999999, 0.2999999999999998, 0.34999999999999964, 0.2999999999999998, 0.19999999999999973, 0.34999999999999964, 0.1499999999999999, 0.1499999999999999, 0.19999999999999973, 0.10000000000000009, 0.1499999999999999, 0.2999999999999998, 0.19999999999999973, 0.2999999999999998, 0.10000000000000009, -5.25, -13.350000000000001, -15.3, -17.05, -17.2, -16.900000000000002, -17.45, -8.2, -2.8500000000000005, -0.10000000000000053, 1.85, 4.1, 5.049999999999999, 6.6, 8.2, 8.849999999999998, 9.75, 10.649999999999999, 11.149999999999999, 11.7, 12.4, 12.45, 12.549999999999999, 12.1, 11.9, 12.05, 11.95, 12.2, 12.1, 11.399999999999999, 11.399999999999999, 11.249999999999998, 10.749999999999998, 10.95, 10.85, 9.95, 9.149999999999999, 8.999999999999998, 7.65, 7.65]","[1, 2, 3, 4, 5, 6, 7, 8, 9, 10, 11, 12, 13, 14, 15, 16, 17, 18, 19, 20, 21, 22, 23, 24, 25, 26, 27, 28, 29, 30, 31, 32, 33, 34, 35, 36, 37, 38, 39, 40, 41, 42, 43, 44, 45, 46, 47, 48, 49, 50, 51, 52, 53, 54, 55, 56, 57]","[1.1834747313365597, 1.314971922976163, 1.9724578789880027, 2.5313209387396824, 2.925812508751939, 3.353178374795675, 3.9120414280906317, 4.240784399401768, 3.6819213476374983, 3.3860526721204423, 3.1888068880364386, 3.2216811854063465, 3.1888068880364386, 2.9586868061941374, 3.024435401051413, 2.6956924264032196, 2.36694945084961, 2.36694945084961, 1.5779663058178528, 0.26299438576681666, -0.4931144748964016, -1.4464691322364374, -2.0382065096652155, -2.7285667871286847, -2.8271896842436917, -3.1888069743822456, -3.3860527694785745, -3.451801367918648, -3.616172864182211, -4.142161653795895, -3.9777901567843514, -4.175035953226292, -3.9777901567843514, -3.9449158574101233, -4.109287354374857, -3.550424265648765, -2.3340751995053353, -2.268326601698135, -2.0053322108404643, -2.1039551073425358, -2.2354523028084614, -2.4984466941858017, -2.4984466941858017, -2.1039551073425358, -1.9067093144217964, -1.7752121193265964, -1.840960716855676, -1.5779663269615156, -1.2820976390380565, -1.6437149243795375, -1.8080864180865035, -1.7423378205759548, -1.873835015634107, -1.7423378205759548, -1.6108406256658867, -1.7094635218345502, -1.5122177295804775]",[],[]
2025_02_14,3,antennae glued – quiescence,"[1, 2, 3, 4, 5, 6, 7, 8, 9, 10, 11, 12, 13, 14, 15, 16, 17, 18, 19, 20, 21, 22, 23, 24, 25, 26, 27, 28, 29, 30, 31, 32, 33, 34, 35, 36, 37, 38, 39, 40, 41, 42, 43, 44, 45, 46, 47, 48, 49, 50, 51, 52, 53, 54, 55, 56, 57]","[0.08591144275453673, 0.12393603245262196, 0.29389607659408945, 0.3270990985142187, 0.3874781833118603, 0.47360878057999106, 0.42889976469547264, 0.38221829987732675, 0.4440219379692296, 0.5807789131356565, 0.7679431181535888, 1.1307655620280372, 1.3228608913238904, 1.5793897840487892, 1.9732235473750734, 1.6760401387234, 1.5181340603087143, 1.382801647232176, 1.2380452759841007, 1.1248482034022287, 1.1592566079432494, 1.200787767357398, 1.1186020904616958, 1.1802961383878805, 0.8618539288590615, 1.0427720881576295, 0.7715593113438003, 0.8807019315498752, 0.6582526870880875, 0.6349119507155954, 0.5185370176604592, 0.5058256304281356, 0.44413157074344317, 0.4207908331207036, 0.39460099158629564, 0.4091752540988896, 0.37761594718998603, 0.3634800073925002, 0.382327926827892, 0.32194883403382407, 0.33082488968312346, 0.3174560163200722, 0.34430334464176743, 0.3510973622376014, 0.3691782158616091, 0.37410935787022254, 0.386601583882839, 0.3734518719925719, 0.38046505173765155, 0.38966984982663266, 0.38594409821341574, 0.38506745072455195, 0.337071001938649, 0.39361476333275086, 0.3986554860963684, 0.4078602841149106, 0.3927381158711046]","[1, 2, 3, 4, 5, 6, 7, 8, 9, 10, 11, 12, 13, 14, 15, 16, 17, 18, 19, 20, 21, 22, 23, 24, 25, 26, 27, 28, 29, 30, 31, 32, 33, 34, 35, 36, 37, 38, 39, 40, 41, 42, 43, 44, 45, 46, 47, 48, 49, 50, 51, 52, 53, 54, 55, 56, 57]","[-0.36666666666666625, -0.36666666666666653, -0.29999999999999954, -0.38333333333333314, -0.49999999999999983, -0.3499999999999998, -0.3, -0.3333333333333332, -0.3499999999999998, -0.5499999999999998, -0.5666666666666664, -0.44999999999999957, -0.49999999999999956, -0.5499999999999998, -0.583333333333333, -4.183333333333333, -8.316666666666666, -11.299999999999999, -15.149999999999999, -15.816666666666668, -15.9, -14.183333333333335, -13.066666666666665, -11.533333333333333, -3.4, -0.5166666666666665, 1.5166666666666668, 3.1999999999999997, 4.583333333333333, 5.3500000000000005, 6.016666666666667, 6.6499999999999995, 7.2, 7.349999999999999, 7.716666666666668, 7.649999999999999, 7.633333333333334, 7.533333333333334, 7.466666666666668, 7.45, 7.566666666666667, 7.833333333333333, 8.049999999999999, 7.983333333333333, 7.849999999999999, 7.7, 7.833333333333333, 7.566666666666667, 7.533333333333334, 7.383333333333333, 7.6000000000000005, 7.633333333333333, 7.866666666666667, 8.083333333333334, 8.266666666666666, 8.016666666666667, 8.033333333333333]","[1, 2, 3, 4, 5, 6, 7, 8, 9, 10, 11, 12, 13, 14, 15, 16, 17, 18, 19, 20, 21, 22, 23, 24, 25, 26, 27, 28, 29, 30, 31, 32, 33, 34, 35, 36, 37, 38, 39, 40, 41, 42, 43, 44, 45, 46, 47, 48, 49, 50, 51, 52, 53, 54, 55, 56, 57]","[0.6574859397675658, 0.6794021398095822, 0.14245529061117898, -0.38353346496576773, -0.5040725537655651, -0.47119825558310424, -0.5150306538717686, -0.30682677130825436, -0.5150306543033523, -0.9423965200841119, -1.2711394966080813, -1.2053908987374768, -1.1177261047351195, -1.2163489970751442, -1.3588042875936164, -1.4793433814149424, -1.8300025520309144, -1.8190444518220634, -2.114913134031776, -2.706650493402963, -3.11210016860538, -3.6928794364512947, -4.153119612239361, -4.558569292908305, -4.843479879593365, -4.920186575890251, -4.9201865753610505, -5.237971462884166, -5.6543792470870855, -5.533840151130112, -5.424259154353426, -5.2489295614264835, -4.931144674677175, -4.931144675302032, -4.777731281621719, -4.613359788847838, -4.646234087167824, -4.470904495179532, -4.4161139987210545, -4.405155898830785, -4.372281600777309, -4.2736587052975965, -4.1859939094968555, -3.780544232074687, -3.5065917481032494, -3.4846755512398886, -3.5065917518863166, -3.397010757786999, -3.4737174507826296, -3.4846755510250347, -3.1559325702012635, -2.980602983385746, -2.816231494005637, -2.7504828963748884, -2.750482897726066, -2.7285666985910666, -2.531320910656485]",[],[]
2024_09_27,1,antennae free – flight,"[1, 2, 3, 4, 5, 6, 7, 8, 9, 10, 11, 12, 13, 14, 15, 16, 17, 18, 19, 20, 21, 22, 23, 24, 25, 26, 27, 28, 29, 30, 31, 32, 33, 34, 35, 36, 37, 38, 39, 40, 41, 42, 43, 44, 45, 46, 47, 48, 49, 50, 51, 52, 53, 54, 55, 56, 57]","[-0.1274112685484093, -0.05104900860619225, 0.01225746326767289, 0.04978110520652779, 0.06612431962267606, 0.13985662474647817, 0.1992651327612336, 0.3649515023634737, 0.47132325580633117, 0.8824395852672309, 0.9944469245965158, 1.0825029976499077, 1.4015243241883766, 1.7115286952542654, 1.883320244367606, 1.7185731814654623, 1.5569256961763926, 1.4828646614795364, 1.4386722495623026, 1.410118597684056, 1.4040603393170767, 1.407676509005995, 1.076820407965078, 1.2574410776910006, 1.1743630656729995, 1.093774119834409, 0.6550434217522402, 0.9221704018760593, 0.6516620636090236, 0.7706200008460754, 0.5374005083032329, 0.5064047823148771, 0.4357250938167886, 0.35598149507520954, 0.3249857494306944, 0.2941308961984523, 0.2842686168782848, 0.2579691965111532, 0.23683573451493037, 0.22147875319085353, 0.22842931397355473, 0.2082351199075567, -0.019442727917242553, 0.2581100888788094, -0.016437079577745237, 0.1553545129700118, 0.05546367778083402, 0.11675073170241801, 0.2210561267065665, 0.21650069151393536, 0.23401798349432903, 0.29492932296607943, 0.3941157032535102, 0.4594415817760682, 0.4758317603279611, 0.4657816313229005, 0.45934766945403627]","[1, 2, 3, 4, 5, 6, 7, 8, 9, 10, 11, 12, 13, 14, 15, 16, 17, 18, 19, 20, 21, 22, 23, 24, 25, 26, 27, 28, 29, 30, 31, 32, 33, 34, 35, 36, 37, 38, 39, 40, 41, 42, 43, 44, 45, 46, 47, 48, 49, 50, 51, 52, 53, 54, 55, 56, 57]","[0.26428571428571423, 0.1642857142857146, 0.021428571428571224, -0.15714285714285658, -0.2071428571428573, -0.30714285714285666, -0.2642857142857145, -0.36428571428571416, -0.3857142857142861, -0.3785714285714284, -0.43571428571428583, -0.3285714285714284, -0.3571428571428574, -0.3571428571428574, -0.8857142857142859, -3.9142857142857146, -10.857142857142858, -8.285714285714286, -6.92857142857143, -5.142857142857143, -3.2999999999999994, -0.8071428571428564, 1.5642857142857145, 4.214285714285714, 6.578571428571428, 8.485714285714286, 10.142857142857142, 11.228571428571428, 10.950000000000001, 10.378571428571428, 10.292857142857143, 7.9071428571428575, 5.821428571428571, 6.328571428571428, 6.385714285714286, 5.935714285714285, 5.514285714285715, 5.007142857142857, 4.385714285714286, 4.228571428571428, 3.9714285714285706, 3.7071428571428564, 3.3214285714285716, 3.385714285714286, 3.442857142857144, 3.4642857142857144, 3.228571428571428, 3.2499999999999996, 3.0642857142857136, 2.914285714285714, 3.0785714285714287, 1.614285714285714, 0.9428571428571433, 0.9642857142857151, 0.5999999999999996, -0.2857142857142855, 2.7999999999999994]","[1, 2, 3, 4, 5, 6, 7, 8, 9, 10, 11, 12, 13, 14, 15, 16, 17, 18, 19, 20, 21, 22, 23, 24, 25, 26, 27, 28, 29, 30, 31, 32, 33, 34, 35, 36, 37, 38, 39, 40, 41, 42, 43, 44, 45, 46, 47, 48, 49, 50, 51, 52, 53, 54, 55, 56, 57]","[1.0660665161649676, 0.9486583100177423, 1.188171050016577, 1.3525425435074077, 1.1177261347438783, 1.5310030202319578, 1.3478462215885298, 1.6108405998829127, 1.6390185740446728, 1.3290609133401081, 1.7188561562743365, 1.469950762719529, 1.681285524069399, 1.5403956846741624, 0.9016950499436531, 0.41797325272756375, -0.9439619259499307, -1.5216102985999176, -2.0663843723992876, -2.963383078270798, -3.160628864010832, -3.8932560857940315, -4.081109219631736, -4.4145485325830345, -5.048552865698682, -5.0015895802252635, -5.504096721097724, -5.607415945084122, -5.7248241563491655, -6.1850643447349745, -5.931462608057651, -6.236723960099506, -6.091137777651738, -6.034781839620322, -6.307168891489206, -5.884499334248003, -5.964336921136507, -5.644986586746859, -5.320939930119484, -5.297458293313866, -4.607098020641055, -4.531956771758668, -4.184428474868761, -3.9167377596312405, -3.8885597950384043, -3.174717886629693, -3.0760949936935815, -2.6628181071505317, -2.352860443558871, -2.423305374364351, -1.8597459780336705, -1.9114055915283406, -1.5967515947016888, -1.2633122919569588, -1.4511654248023633, -1.1083334543268195, -1.347846197410448]",[],[]
2024_10_03,1,antennae free – flight,"[1, 2, 3, 4, 5, 6, 7, 8, 9, 10, 11, 12, 13, 14, 15, 16, 17, 18, 19, 20, 21, 22, 23, 24, 25, 26, 27, 28, 29, 30, 31, 32, 33, 34, 35, 36, 37, 38, 39, 40, 41, 42, 43, 44, 45, 46, 47, 48, 49, 50, 51, 52, 53, 54, 55, 56, 57]","[0.3725348208183381, 0.4208946119091442, 0.5734485627539202, 0.6389721841803597, 0.6532984406942135, 0.7679258478015991, 0.9026065613109562, 0.9820238789002032, 1.0840379303818881, 1.2569566043235014, 1.4321591650938215, 1.6037974614189003, 1.7636529277750916, 1.8800797541268712, 1.9174180056883925, 1.8521712278740114, 1.76623096239575, 1.7119538111365973, 1.666483504179739, 1.620667152509107, 1.5749373120841714, 1.537253016874236, 1.5130298703033735, 1.5097251409578487, 1.5083755657290097, 1.4924055909211933, 1.4931149833023445, 1.3594896959690856, 1.5197950487278509, 1.3888343096590123, 1.471348754086318, 1.3876577715854395, 1.2063821100064538, 1.1237292694683274, 1.0180990426276746, 0.737127813207113, 0.8090532889881591, 0.5878613228743189, 0.5347953409563219, 0.36364147835099064, 0.4625065418420459, 0.3327396603814606, 0.3890238892360052, 0.32517858363395913, 0.3435016692097596, 0.3231888262175665, 0.32395012550154834, 0.3211990675982446, 0.31765210602509353, 0.3143473759471127, 0.3147453277755813, 0.3157661606705822, 0.3170638295718032, 0.3184307074844071, 0.3182922894730144, 0.31780782642306715, 0.32014363042244076]","[1, 2, 3, 4, 5, 6, 7, 8, 9, 10, 11, 12, 13, 14, 15, 16, 17, 18, 19, 20, 21, 22, 23, 24, 25, 26, 27, 28, 29, 30, 31, 32, 33, 34, 35, 36, 37, 38, 39, 40, 41, 42, 43, 44, 45, 46, 47, 48, 49, 50, 51, 52, 53, 54, 55, 56, 57]","[0.06052631578947361, 0.04473684210526276, 0.026315789473684025, 0.031578947368420845, 0.026315789473684025, 0.03157894736842094, 0.055263157894736695, 0.018421052631579022, 0.055263157894736785, 0.0815789473684208, 0.07631578947368389, 0.018421052631578835, -0.05526315789473688, -0.29473684210526324, -1.2078947368421056, -3.0289473684210524, -4.128947368421054, -4.897368421052631, -5.234210526315789, -5.663157894736843, -6.076315789473685, -6.278947368421052, -6.505263157894738, -6.421052631578948, -6.465789473684211, -6.644736842105263, -6.460526315789473, -6.286842105263159, -5.91578947368421, -5.5368421052631565, -5.171052631578947, -4.860526315789474, -4.563157894736842, -4.281578947368422, -4.010526315789473, -3.5184210526315787, -3.3421052631578947, -2.9157894736842107, -2.6394736842105266, -2.363157894736842, -2.1447368421052633, -2.0921052631578956, -1.9657894736842114, -1.7973684210526315, -1.6973684210526319, -1.6026315789473689, -1.5210526315789477, -1.4368421052631581, -1.3052631578947373, -1.2078947368421058, -1.171052631578948, -1.0526315789473688, -1.0315789473684216, -1.0078947368421058, -0.9710526315789473, -0.9078947368421053, -0.9052631578947373]","[1, 2, 3, 4, 5, 6, 7, 8, 9, 10, 11, 12, 13, 14, 15, 16, 17, 18, 19, 20, 21, 22, 23, 24, 25, 26, 27, 28, 29, 30, 31, 32, 33, 34, 35, 36, 37, 38, 39, 40, 41, 42, 43, 44, 45, 46, 47, 48, 49, 50, 51, 52, 53, 54, 55, 56, 57]","[0.18686443046816423, 0.0899717626094843, 0.11419492957543671, 0.0917019893674604, 0.13149719229334597, 0.141878549416931, 0.08651131001451032, 0.09170198851501367, 0.02422316659963286, 0.10208334630790417, 0.162641263473869, 0.126306512594163, -0.10554380042380274, -0.42217519820033883, -0.7422670499316684, -1.2423024321799818, -1.7371471377301115, -2.138559626911616, -2.271787047674969, -2.257945237679715, -2.2319918438880095, -2.2804381789794865, -2.4067446952797673, -2.4309678625104567, -2.441349220021359, -2.366949491325824, -2.342726324330712, -2.3859819806151776, -2.337535645339788, -2.340996097963509, -2.299470668672723, -2.3531076826579436, -2.321963610020563, -2.3098520259578392, -2.26486614373632, -2.19738731934931, -2.0001415263840547, -1.8842163680183182, -1.7804027938398574, -1.674858992970932, -1.5277897629708093, -1.4395482238961606, -1.3789903048867251, -1.3149719336715582, -1.1973165503267986, -1.1004238810948535, -0.8962571856818325, -0.8010947429931943, -0.6557557397725353, -0.5969280475923707, -0.505226057168119, -0.48273311567081273, -0.5311794499840213, -0.5225283184205248, -0.47927266309148375, -0.43082632945408017, -0.3893008994897247]",[],[]
2024_10_17,1,antennae free – flight,"[1, 2, 3, 4, 5, 6, 7, 8, 9, 10, 11, 12, 13, 14, 15, 16, 17, 18, 19, 20, 21, 22, 23, 24, 25, 26, 27, 28, 29, 30, 31, 32, 33, 34, 35, 36, 37, 38, 39, 40, 41, 42, 43, 44, 45, 46, 47, 48, 49, 50, 51, 52, 53, 54, 55, 56, 57]","[0.1938925113693385, 0.2058587476715112, 0.3338054559376913, 0.36056511647860245, 0.3107934474829963, 0.36753445577732824, 0.9169951638289027, 0.9947756923021396, 0.8799786961614208, 1.0778161010507339, 1.2391630317853668, 1.4546867520106996, 1.7354987688153887, 2.010590666012917, 2.108227252564641, 2.0209131871414443, 1.9128883322571177, 1.8188021696681775, 1.7367479908552066, 1.673432146369428, 1.6240549925141283, 1.5938106639194178, 1.5773735288400383, 1.5734943649402129, 1.5769132890726312, 1.5799377219540485, 1.6009115064478041, 1.6392429056952236, 1.7088048618946048, 1.7489114714919882, 1.3962362307461078, 1.776460110294859, 1.3654659141729306, 1.4949906049455683, 0.9050288899925277, 1.0517139275177507, 0.6918063468667945, 0.8032501709169416, 0.5642541834092739, 0.6200747146568681, 0.5136278073357394, 0.5289472221034198, 0.49666468149835347, 0.49837414407596536, 0.489498088930074, 0.48417245582432694, 0.4901555745075047, 0.4877228779061594, 0.48673664953187695, 0.48660515240856894, 0.4872626379824531, 0.48489568992625454, 0.49002407738940396, 0.4925882711358843, 0.49357449948337173, 0.4931142595898062, 0.49258827113126147]","[1, 2, 3, 4, 5, 6, 7, 8, 9, 10, 11, 12, 13, 14, 15, 16, 17, 18, 19, 20, 21, 22, 23, 24, 25, 26, 27, 28, 29, 30, 31, 32, 33, 34, 35, 36, 37, 38, 39, 40, 41, 42, 43, 44, 45, 46, 47, 48, 49, 50, 51, 52, 53, 54, 55, 56, 57]","[0.07000000000000028, 0.05000000000000071, 0.08000000000000043, 0.020000000000000285, 0.05, -0.029999999999999007, 0.05999999999999943, 0.020000000000000285, 0.05, -0.029999999999999714, 0.060000000000000143, -0.019999999999999574, -0.03999999999999915, -0.020000000000000285, -0.21999999999999886, -1.7999999999999994, -3.95, -4.659999999999999, -5.589999999999999, -5.709999999999999, -6.619999999999999, -7.109999999999999, -7.040000000000001, -7.68, -8.15, -8.209999999999999, -8.089999999999998, -8.069999999999999, -7.219999999999999, -6.380000000000001, -5.47, -4.259999999999999, -3.1799999999999997, -2.6700000000000004, -2.2099999999999995, -1.5299999999999998, -1.3799999999999997, -1.2199999999999989, -1.079999999999999, -0.9899999999999991, -0.9899999999999999, -0.9700000000000003, -0.8399999999999999, -0.7699999999999996, -0.7399999999999999, -0.7299999999999998, -0.75, -0.65, -0.6799999999999997, -0.6899999999999998, -0.5999999999999993, -0.5899999999999992, -0.6099999999999994, -0.5899999999999999, -0.5299999999999997, -0.5899999999999999, -0.5099999999999995]","[1, 2, 3, 4, 5, 6, 7, 8, 9, 10, 11, 12, 13, 14, 15, 16, 17, 18, 19, 20, 21, 22, 23, 24, 25, 26, 27, 28, 29, 30, 31, 32, 33, 34, 35, 36, 37, 38, 39, 40, 41, 42, 43, 44, 45, 46, 47, 48, 49, 50, 51, 52, 53, 54, 55, 56, 57]","[-0.0394491576766768, -0.07889831624818981, 0.07232345778347593, 0.013149720672312525, 0.19067093677722796, -0.11177261558005255, 0.03287430094609931, 0.23669495562246964, 0.18409607810426679, 0.17094635752536788, -0.01314971757150687, 0.006574864182373119, -0.07232345381799092, -0.15122176860626269, -0.335317841898366, -0.7955580323248725, -1.4464691597000225, -1.6963138361860715, -1.6634395366683818, -1.558241777576555, -1.6634395363327528, -1.5976909368571994, -1.518792617929914, -1.7817870158592881, -1.755487575384207, -1.5713914974636396, -1.6765892561390487, -1.584541218748774, -1.610840658336376, -1.4070200015562206, -1.2820976629885095, -1.6371401001697108, -1.604265802990021, -1.4859183226725392, -1.4267445827371616, -1.433319442120363, -1.4333194427078255, -1.2031993478319607, -0.9007557940149027, -0.8350071970477131, -1.1834747718562042, -1.3346965488555853, -1.0519775726169356, -1.0848518694606668, -1.0651272870690291, -0.8941809300984062, -0.8415820525064277, -0.6377613971228371, -0.49311447958434795, -0.16437148607863178, -0.3090184030670713, -0.42079102189662054, -0.24326980676429316, -0.09862288783930921, -0.18409606717443694, -0.26956924548138234, -0.24984466778301878]",[],[]
2024_10_22,1,antennae free – flight,"[1, 2, 3, 4, 5, 6, 7, 8, 9, 10, 11, 12, 13, 14, 15, 16, 17, 18, 19, 20, 21, 22, 23, 24, 25, 26, 27, 28, 29, 30, 31, 32, 33, 34, 35, 36, 37, 38, 39, 40, 41, 42, 43, 44, 45, 46, 47, 48, 49, 50, 51, 52, 53, 54, 55, 56, 57]","[0.15384224092383197, 0.22371417024755524, 0.22567723727164624, 0.23470357875411751, 0.3925470762976985, 0.47662069700916426, 0.5286935474130396, 0.6856071661529383, 0.8644244359406457, 1.0086297808302185, 1.1899360887005463, 1.3658416152385757, 1.5004007004811324, 1.6519510703221556, 1.9464200233999918, 1.767274030010262, 1.6425678317787866, 1.557226225728589, 1.495911015262863, 1.4454818846655415, 1.4125982217556685, 1.3939632068143308, 1.3901967547331533, 1.395541171832358, 1.4119501289986451, 1.3546455659062475, 1.4111987071929126, 1.3214237609324364, 1.2390971833578739, 1.2683834678958328, 1.0392215909150213, 1.0862224242440561, 0.8870043137814951, 0.8200441304113617, 0.6690666865344372, 0.7198151878574546, 0.5842416787455691, 0.41931613314890437, 0.595137153255429, 0.3583860105737582, 0.4693695837913602, 0.35951314719464605, 0.2795910887180402, 0.33817305580029544, 0.29359553774607966, 0.3024152372616896, 0.3072430596806611, 0.29529560780413583, 0.30894312973972177, 0.29918416544579185, 0.3016826106774344, 0.30073395287752036, 0.299362625740564, 0.2992029505157951, 0.2980852248482151, 0.2947790112175339, 0.2910501279548674]","[1, 2, 3, 4, 5, 6, 7, 8, 9, 10, 11, 12, 13, 14, 15, 16, 17, 18, 19, 20, 21, 22, 23, 24, 25, 26, 27, 28, 29, 30, 31, 32, 33, 34, 35, 36, 37, 38, 39, 40, 41, 42, 43, 44, 45, 46, 47, 48, 49, 50, 51, 52, 53, 54, 55, 56, 57]","[-0.04999999999999959, -0.011428571428571439, -0.03142857142857152, -0.012857142857142533, -0.03857142857142846, -0.01999999999999988, -0.007142857142856838, -0.024285714285714022, -0.0028571428571427457, 0.007142857142857295, -0.0485714285714284, -0.09428571428571415, -0.04571428571428585, -0.057142857142857245, -0.327142857142857, -2.38, -3.7214285714285724, -4.154285714285716, -4.7071428571428555, -5.154285714285715, -5.571428571428569, -5.344285714285714, -5.274285714285715, -4.827142857142856, -4.4, -3.4957142857142864, -2.710000000000001, -1.9442857142857133, -1.1271428571428563, -0.7028571428571425, 0.09285714285714301, 0.65, 1.1942857142857146, 1.57, 1.612857142857143, 1.4214285714285715, 0.9885714285714288, 1.202857142857143, 1.0442857142857143, 0.8100000000000003, 0.5971428571428574, 0.5328571428571435, 0.43857142857142917, 0.33571428571428596, 0.2871428571428572, 0.29714285714285715, 0.22142857142857159, 0.3242857142857144, 0.3100000000000003, 0.2500000000000002, 0.3085714285714289, 0.38428571428571456, 0.4271428571428572, 0.4628571428571429, 0.49571428571428566, 0.712857142857143, 0.8557142857142858]","[1, 2, 3, 4, 5, 6, 7, 8, 9, 10, 11, 12, 13, 14, 15, 16, 17, 18, 19, 20, 21, 22, 23, 24, 25, 26, 27, 28, 29, 30, 31, 32, 33, 34, 35, 36, 37, 38, 39, 40, 41, 42, 43, 44, 45, 46, 47, 48, 49, 50, 51, 52, 53, 54, 55, 56, 57]","[0.0046963285505292164, 0.008453391247398048, 0.14276837457495312, 0.12961865546113568, 0.10989407834308744, 0.10801554613731089, 0.042266953659605276, 0.11177260944811412, 0.07326271933138336, 0.11177261046395108, 0.0037570624527868443, -0.09674435818742129, -0.15591809497568698, -0.42454806556620417, -0.6894209703627412, -1.3825990057709672, -2.372584982258388, -3.044159914775603, -3.399202329071883, -3.489371829771131, -3.5983266444937576, -3.719491912682584, -3.710099257648506, -3.833143058331255, -3.817175540976054, -3.914859169011365, -4.000332341813868, -3.907345042904773, -3.9683973101858605, -3.9768507006791958, -4.028510312806587, -4.024753249508221, -3.9035879815404892, -3.9655795135937084, -3.8678958863174775, -3.804965088874692, -3.6800427579201034, -3.545727771058111, -3.516610536323408, -3.3747814234808344, -3.309972095131629, -3.1963209507875017, -3.002832227457947, -2.9408406949601615, -2.7990115815573064, -2.6750285176820774, -2.6074013904538353, -2.3951273567791636, -2.3688279195637847, -2.1941245098183932, -2.117104729616614, -1.9217374763011053, -1.7630015839491586, -1.682224739421178, -1.5526060804612347, -1.5882981757853905, -1.550727549396661]",[],[]
2024_10_22,3,antennae free – flight,"[1, 2, 3, 4, 5, 6, 7, 8, 9, 10, 11, 12, 13, 14, 15, 16, 17, 18, 19, 20, 21, 22, 23, 24, 25, 26, 27, 28, 29, 30, 31, 32, 33, 34, 35, 36, 37, 38, 39, 40, 41, 42, 43, 44, 45, 46, 47, 48, 49, 50, 51, 52, 53, 54, 55, 56, 57]","[0.11419330082921003, 0.11371512492663652, 0.14787449255080462, 0.19158233762945598, 0.22590607481067002, 0.2956742598918507, 0.42288276959145993, 0.5382565324775068, 0.6582476425587549, 0.7921057027911336, 1.004368901466509, 1.199627128177256, 1.4280883654712482, 1.675093680159229, 1.8283326131135682, 1.7110013498412153, 1.5660108724359894, 1.4382345603727424, 1.3233987534417666, 1.3195136162005148, 1.2645836991846335, 1.2283323447173056, 1.2206816055166572, 1.2158998935132974, 1.2400475393974213, 1.1954132302946432, 1.3235930143774182, 1.0736887453178865, 1.2813944039704683, 0.9384559399838995, 1.0129012445819574, 0.5456830785031545, 0.7848882900047855, 0.5041419741972338, 0.4601651692705555, 0.48340131196354735, 0.3721667197682434, 0.2911465805436898, 0.2866338378665553, 0.18816044369418672, 0.2752324554979713, 0.19150765115001747, 0.24642263889882116, 0.2032676789570269, 0.21584956175051537, 0.2008768224819713, 0.20420907886208006, 0.21540127602575143, 0.19368930943736531, 0.20715282117778894, 0.1978434231406353, 0.20157913672589753, 0.2091850490840508, 0.20036876553798913, 0.21937607504879797, 0.20144465095387412, 0.21168050592905183]","[1, 2, 3, 4, 5, 6, 7, 8, 9, 10, 11, 12, 13, 14, 15, 16, 17, 18, 19, 20, 21, 22, 23, 24, 25, 26, 27, 28, 29, 30, 31, 32, 33, 34, 35, 36, 37, 38, 39, 40, 41, 42, 43, 44, 45, 46, 47, 48, 49, 50, 51, 52, 53, 54, 55, 56, 57]","[0.08181818181818193, 0.0931818181818183, 0.04545454545454553, 0.07499999999999986, 0.0477272727272726, 0.08409090909090908, 0.11590909090909127, 0.054545454545454515, 0.10227272727272735, 0.07727272727272724, 0.03636363636363631, 0.0363636363636364, 0.07045454545454556, 0.002272727272727386, -0.5249999999999998, -3.113636363636364, -7.259090909090909, -8.22272727272727, -8.063636363636363, -8.036363636363635, -8.147727272727272, -7.904545454545455, -7.722727272727272, -7.277272727272728, -6.645454545454546, -5.979545454545454, -5.040909090909091, -4.04090909090909, -2.9818181818181815, -1.5090909090909093, 0.029545454545455044, 1.225, 1.718181818181818, 2.2704545454545455, 2.772727272727273, 3.2068181818181825, 2.9840909090909093, 2.870454545454546, 3.0181818181818185, 3.059090909090908, 3.3545454545454545, 3.1227272727272735, 3.2159090909090917, 3.061363636363636, 3.0954545454545452, 3.063636363636363, 2.6068181818181815, 2.456818181818182, 2.2159090909090904, 1.5068181818181825, 0.9659090909090909, 0.7318181818181819, 0.22272727272727283, 0.40227272727272756, 0.17954545454545467, 0.17272727272727292, -0.30909090909090886]","[1, 2, 3, 4, 5, 6, 7, 8, 9, 10, 11, 12, 13, 14, 15, 16, 17, 18, 19, 20, 21, 22, 23, 24, 25, 26, 27, 28, 29, 30, 31, 32, 33, 34, 35, 36, 37, 38, 39, 40, 41, 42, 43, 44, 45, 46, 47, 48, 49, 50, 51, 52, 53, 54, 55, 56, 57]","[-0.4094343886021008, -0.4931144110829735, -0.5215058482771574, -0.5424258541893919, -0.48116012325973334, -0.4378258269402506, -0.3900086710764775, -0.29138578641501023, -0.23609719864183357, -0.2510400600230453, -0.2839143546238052, -0.4497801147260251, -0.7381773376189116, -1.3956632407001979, -2.6105178809261904, -4.509755597296905, -6.718310585219538, -8.650422655673756, -9.978843115924724, -10.933692028186833, -11.546349392939641, -12.02302671229142, -12.324872538747401, -12.426484004834528, -12.493726887274137, -12.584878350531698, -12.659592664154264, -12.671546954718663, -12.673041241281755, -12.481772599115144, -12.22923822266091, -11.972220986373289, -11.63451229250176, -11.181743557247362, -10.657249082983954, -10.247814650466777, -9.911600245542514, -9.66803158728726, -9.573891554064227, -9.412508637789427, -9.254114294072814, -8.94180847072997, -8.710194104858518, -8.499499745208318, -8.211102502181221, -8.021328152252414, -7.816610940011649, -7.577525146112532, -7.523730842720883, -7.242805035523994, -7.129239284678183, -7.129239283571905, -7.033604966158865, -6.973833519503345, -6.791530602772081, -6.550950523181729, -6.386579040645388]",[],[]
2024_10_23,1,antennae free – flight,"[1, 2, 3, 4, 5, 6, 7, 8, 9, 10, 11, 12, 13, 14, 15, 16, 17, 18, 19, 20, 21, 22, 23, 24, 25, 26, 27, 28, 29, 30, 31, 32, 33, 34, 35, 36, 37, 38, 39, 40, 41, 42, 43, 44, 45, 46, 47, 48, 49, 50, 51, 52, 53, 54, 55, 56, 57]","[0.3926010678048482, 0.5358918356772016, 0.6757308001299644, 0.40538097014361807, 0.4043125583897681, 0.5497401586807358, 0.5706564185487063, 0.5222079470436739, 0.596462717308978, 0.724795694659919, 0.9318214590345899, 1.354296986335462, 1.5663360354692404, 1.9127486614702736, 2.226081556884746, 2.0989814043033084, 1.8499588035083452, 1.631550358161332, 1.534530166996853, 1.4629053571302313, 1.3656386013078103, 1.347722129535279, 1.3283673989654803, 1.3751310509401824, 1.4483995800469587, 1.48719121929554, 1.1971168313126923, 0.8619635889396411, 0.732562239322222, 0.7817092604826713, 0.263158650205213, 0.5890249255873488, 0.2744180952697344, 0.5024423128983304, 0.3501933173311931, 0.4656642313812479, 0.44158382659081513, 0.49664824657616913, 0.4846491354910825, 0.5005109750181034, 0.4980043108261415, 0.4968126188538862, 0.5066749026675016, 0.5041271464834471, 0.511852602032798, 0.5040449609189522, 0.5033874753963521, 0.4913061776959625, 0.476512751143231, 0.4823479342666455, 0.4521857781915155, 0.44733681786110424, 0.4421591190722858, 0.4479121177955376, 0.4508297111413414, 0.6061195862743203, 0.5985174107488966]","[1, 2, 3, 4, 5, 6, 7, 8, 9, 10, 11, 12, 13, 14, 15, 16, 17, 18, 19, 20, 21, 22, 23, 24, 25, 26, 27, 28, 29, 30, 31, 32, 33, 34, 35, 36, 37, 38, 39, 40, 41, 42, 43, 44, 45, 46, 47, 48, 49, 50, 51, 52, 53, 54, 55, 56, 57]","[0.14375000000000038, -0.16249999999999976, -0.8312499999999996, -0.9187499999999997, -0.9562499999999997, -1.0437499999999997, -1.3249999999999995, -1.1374999999999997, -1.15625, -1.05625, -0.84375, -0.7499999999999998, -0.7125, -0.7562500000000001, -0.7874999999999998, -2.01875, -5.025, -7.331249999999999, -8.70625, -8.806249999999999, -9.318750000000001, -9.975000000000001, -10.53125, -9.268749999999999, -7.69375, -6.125, -3.6999999999999997, -1.2125000000000001, 0.5687500000000002, 2.10625, 3.3187499999999996, 4.456250000000001, 4.95, 5.3, 5.606250000000001, 5.643750000000001, 5.112500000000001, 4.4125000000000005, 3.9625000000000004, 3.28125, 3.3374999999999995, 2.51875, 1.7, 0.9687500000000001, 0.2437499999999999, -0.16249999999999987, -0.43749999999999967, -0.5437500000000002, -0.9687500000000001, -1.025, -1.0937499999999998, -0.8875, -0.54375, -0.4249999999999996, -0.11250000000000027, 0.06874999999999976, -0.08125000000000004]","[1, 2, 3, 4, 5, 6, 7, 8, 9, 10, 11, 12, 13, 14, 15, 16, 17, 18, 19, 20, 21, 22, 23, 24, 25, 26, 27, 28, 29, 30, 31, 32, 33, 34, 35, 36, 37, 38, 39, 40, 41, 42, 43, 44, 45, 46, 47, 48, 49, 50, 51, 52, 53, 54, 55, 56, 57]","[-0.2671036650317853, -0.28354081199594416, -0.39860085127173184, -0.5917373456314139, -0.645158078535709, -0.5876280575173904, -0.5218794653336865, -0.5588630507883257, -0.5753002003625363, -0.5794094892717632, -0.5383166189041777, -0.5013330359917729, -0.587628063832601, -0.7766552702345089, -1.0232124998366583, -1.5697476924358718, -2.876501012577078, -3.9777899883609895, -4.425702298621243, -4.72568026964599, -4.877723899809519, -4.832521741376427, -4.783210295634868, -4.668150251057616, -4.507888047678591, -4.425702301612265, -4.479123038208668, -4.853068180434818, -5.074969695902242, -5.173592592982443, -5.210576182367793, -5.124281150698964, -4.90648892586629, -4.668150262708439, -4.487341624074743, -4.290095837463035, -4.055866464735287, -3.8873856860414393, -3.661374886896367, -3.369615493187647, -3.1764789944745995, -3.0655282400258153, -2.9627960582105, -2.868282452116977, -2.675145956217121, -2.4326980128758136, -2.379277281545552, -2.4326980124702904, -2.3217472602042477, -2.2683265240699915, -2.054643590686151, -1.8080863605266733, -1.8080863577523196, -1.8943813907406928, -1.890272104484933, -1.8121956481691566, -1.7012448935948248]",[],[]
2024_10_24,2,antennae free – flight,"[1, 2, 3, 4, 5, 6, 7, 8, 9, 10, 11, 12, 13, 14, 15, 16, 17, 18, 19, 20, 21, 22, 23, 24, 25, 26, 27, 28, 29, 30, 31, 32, 33, 34, 35, 36, 37, 38, 39, 40, 41, 42, 43, 44, 45, 46, 47, 48, 49, 50, 51, 52, 53, 54, 55, 56, 57]","[0.14596182232680172, 0.16548092511515433, 0.1826577389235772, 0.246392752335646, 0.34998782107682735, 0.4574456071724091, 0.5787105863804278, 0.7644502378675935, 0.9464504323593338, 0.9999533151925879, 1.156804688141016, 1.3263537400510372, 1.362679808259862, 1.2261693163859166, 1.9202274403150286, 1.7286937183798676, 1.6319200833200553, 1.5364614197983637, 1.4444956486014444, 1.3627619942120168, 1.2800421116795615, 1.2306485204454063, 1.2058284462826747, 1.200322006009566, 1.2513593107553422, 1.1658451060766946, 1.0776187817805052, 1.1436549778892409, 0.9148500070333866, 0.907371106862153, 0.2996490024035031, 0.6769224415034186, 0.28128055532720475, 0.41417485268322307, 0.373657314737205, 0.29410156418952144, 0.33864621092145675, 0.272651097825849, 0.320688637944272, 0.2857186239283371, 0.29307424434073, 0.2820613611380637, 0.2857597175472509, 0.265788592742491, 0.26488455017130025, 0.26755558536992907, 0.2748701125974369, 0.2750755768502091, 0.27750005494947894, 0.2941015656267961, 0.2777466120949459, 0.284362560701255, 0.28304758956197335, 0.2986628718251367, 0.2854720676116821, 0.2839516322539485, 0.283129775277365]","[1, 2, 3, 4, 5, 6, 7, 8, 9, 10, 11, 12, 13, 14, 15, 16, 17, 18, 19, 20, 21, 22, 23, 24, 25, 26, 27, 28, 29, 30, 31, 32, 33, 34, 35, 36, 37, 38, 39, 40, 41, 42, 43, 44, 45, 46, 47, 48, 49, 50, 51, 52, 53, 54, 55, 56, 57]","[0.125, 0.15000000000000013, 0.050000000000000266, 0.18125000000000013, 0.18749999999999978, 0.10625000000000018, 0.15625000000000022, 0.09999999999999942, 0.16875000000000018, -0.018749999999999822, -0.49375000000000013, -0.1937500000000003, 0.28749999999999987, 0.7624999999999997, 0.8999999999999999, -1.4250000000000003, -3.7500000000000004, -4.2250000000000005, -4.65, -6.00625, -7.025, -7.50625, -7.887500000000001, -8.50625, -8.293750000000001, -6.5375000000000005, -5.3625, -4.53125, -3.3812500000000005, -1.10625, 1.6312499999999999, 2.8750000000000004, 3.7312499999999997, 4.36875, 4.40625, 4.49375, 4.5125, 4.29375, 4.14375, 3.825, 3.73125, 3.6312499999999996, 3.5375000000000005, 3.34375, 2.937499999999999, 2.7375000000000003, 2.38125, 2.2625, 1.70625, 1.7187499999999996, 1.8, 1.8687500000000001, 2.0, 1.9375000000000004, 2.0375, 2.1812500000000004, 2.1062499999999997]","[1, 2, 3, 4, 5, 6, 7, 8, 9, 10, 11, 12, 13, 14, 15, 16, 17, 18, 19, 20, 21, 22, 23, 24, 25, 26, 27, 28, 29, 30, 31, 32, 33, 34, 35, 36, 37, 38, 39, 40, 41, 42, 43, 44, 45, 46, 47, 48, 49, 50, 51, 52, 53, 54, 55, 56, 57]","[-0.15615291046058477, -0.09040431859273301, 0.22190150012237675, 0.008218574043618254, -0.09040431653976055, -0.23833865159707868, -0.2999779583183244, -0.19313649583686665, -0.19313649315650627, -0.5424258966859381, -0.8834967315964488, -1.0848518011544983, -0.8793874449684052, -0.9369174651160397, -0.9533546136145334, -1.5820755398004112, -2.7819873881595902, -3.3326318758173703, -3.9449156716554272, -4.059975715485093, -4.068194289506392, -4.129833601409528, -3.792872051832065, -3.690139873712239, -3.5956262668312267, -3.68192129801161, -3.7805441912258195, -3.735342032769491, -3.661374863360539, -3.6572655778499645, -3.677812011192802, -3.9161506710842056, -3.792872054966891, -4.002445700753409, -4.068194299753232, -4.05997572597037, -4.1298336150530535, -3.8750578074504927, -4.0887407380923015, -3.912041387079642, -3.9449156819407425, -3.7928720574777453, -3.6572655835352452, -3.6531562925022882, -3.5586426812741303, -3.2340089919778157, -3.061418929999081, -2.728566669853797, -2.7121295226751143, -2.424479418327397, -1.9313649551151157, -1.7875399031143635, -1.4587969336018074, -1.4423597875167977, -1.1341632557431427, -0.9286989001348842, -0.8999338897347835]",[],[]
2024_10_25,1,antennae free – flight,"[1, 2, 3, 4, 5, 6, 7, 8, 9, 10, 11, 12, 13, 14, 15, 16, 17, 18, 19, 20, 21, 22, 23, 24, 25, 26, 27, 28, 29, 30, 31, 32, 33, 34, 35, 36, 37, 38, 39, 40, 41, 42, 43, 44, 45, 46, 47, 48, 49, 50, 51, 52, 53, 54, 55, 56, 57]","[0.11384960684762287, 0.14442269166427502, 0.17081177186322982, 0.2364706718795013, 0.2905040300865926, 0.43184848627565453, 0.48216107756080545, 0.597908418262332, 0.7537773161327371, 0.8519518482218481, 0.9578368893164658, 1.191229274764002, 1.4710939158203884, 1.713765804146894, 1.909860832216732, 1.6916055569907584, 1.5660706718314708, 1.4856482523326149, 1.4139972858891579, 1.35086374405389, 1.3095617062847063, 1.2874164023642463, 1.266869983433669, 1.2821116907216579, 1.2074273100650463, 1.2353704398562333, 1.0175036581310113, 1.1815911173354794, 0.6541831288734151, 1.128783082776585, 0.5372403920230684, 0.6214433893754202, 0.6276297360510653, 0.38573484075353554, 0.5574132854776394, 0.32285532672045103, 0.2909822221211607, 0.34842254378144394, 0.24536169724242926, 0.29943988688415585, 0.2654598443036221, 0.26783575881113014, 0.2655046745822748, 0.26028961894033853, 0.26309887545972066, 0.257988419476968, 0.26030456178723027, 0.2688070458344249, 0.2610367617001241, 0.26377130398640597, 0.26475753242543704, 0.2703312170126289, 0.2663564177547362, 0.2685530173732786, 0.26480236087788905, 0.26501156094923195, 0.2684633602275085]","[1, 2, 3, 4, 5, 6, 7, 8, 9, 10, 11, 12, 13, 14, 15, 16, 17, 18, 19, 20, 21, 22, 23, 24, 25, 26, 27, 28, 29, 30, 31, 32, 33, 34, 35, 36, 37, 38, 39, 40, 41, 42, 43, 44, 45, 46, 47, 48, 49, 50, 51, 52, 53, 54, 55, 56, 57]","[0.047727272727273166, -0.04090909090909109, 0.0022727272727271434, -0.029545454545454722, -0.025000000000000033, -0.029545454545454805, -0.018181818181818035, -0.059090909090909444, -0.047727272727273166, -0.0863636363636367, -0.1886363636363639, -0.14318181818181805, -0.06363636363636373, 0.03409090909090917, -0.01363636363636375, -3.0113636363636362, -6.293181818181818, -6.843181818181818, -6.588636363636363, -6.1, -5.906818181818182, -5.895454545454546, -6.7318181818181815, -4.513636363636365, -3.3, -2.1500000000000004, -0.14545454545454542, 1.2886363636363638, 2.7045454545454546, 4.431818181818181, 5.199999999999999, 5.836363636363637, 6.156818181818182, 6.388636363636365, 6.395454545454544, 6.35909090909091, 6.779545454545456, 6.6022727272727275, 6.327272727272727, 6.113636363636363, 5.9818181818181815, 5.797727272727273, 5.511363636363637, 5.1022727272727275, 4.852272727272726, 4.613636363636363, 4.454545454545454, 4.479545454545455, 4.288636363636363, 4.35, 4.4386363636363635, 4.259090909090909, 4.154545454545455, 3.847727272727272, 3.7545454545454544, 3.8431818181818183, 3.872727272727273]","[1, 2, 3, 4, 5, 6, 7, 8, 9, 10, 11, 12, 13, 14, 15, 16, 17, 18, 19, 20, 21, 22, 23, 24, 25, 26, 27, 28, 29, 30, 31, 32, 33, 34, 35, 36, 37, 38, 39, 40, 41, 42, 43, 44, 45, 46, 47, 48, 49, 50, 51, 52, 53, 54, 55, 56, 57]","[-0.06126573504729245, -0.1300029006507473, -0.17931434479239397, -0.044828585302991476, -0.1046000333728919, -0.0029885722995732777, -0.1105771790819403, -0.1120714648752902, -0.17782005837511247, -0.18080863080782433, -0.2749486613160318, -0.32724867860322976, -0.28092580581602145, -0.31678867565320473, -0.48265444582178785, -0.9309403118189356, -1.8887777830062198, -2.3669493771221806, -2.458100838149715, -2.447640834369183, -2.362466518576897, -2.3579836595707278, -2.274303629591307, -2.219015038772404, -2.171197878849491, -2.1278635789566893, -2.10246071329455, -1.9605035210984838, -2.005332108697468, -1.91268636259691, -1.7692348857848117, -1.7094634371712758, -1.5944033978492873, -1.5077347971218606, -1.564517672685508, -1.7453263046406753, -1.8245234747179353, -1.73187772869778, -1.6930262867955932, -1.6616462756137125, -1.651186272158858, -1.6422205545948856, -1.59440339453704, -1.5181947972518481, -1.434514767276315, -1.4285376227369626, -1.4793433548216042, -1.433020481299302, -1.4001461841552338, -1.3896861804414737, -1.3493404526470798, -1.3373861627281383, -1.2566947064590275, -1.2327861272688567, -1.1670375334343286, -1.132668949973197, -1.1565775297563636]",[],[]
2025_02_06,1,antennae free – flight,"[1, 2, 3, 4, 5, 6, 7, 8, 9, 10, 11, 12, 13, 14, 15, 16, 17, 18, 19, 20, 21, 22, 23, 24, 25, 26, 27, 28, 29, 30, 31, 32, 33, 34, 35, 36, 37, 38, 39, 40, 41, 42, 43, 44, 45, 46, 47, 48, 49, 50, 51, 52, 53, 54, 55, 56, 57]","[0.023525657185136876, 0.04067164571199641, 0.048715569294121415, 0.05899905710775845, 0.08991115109324899, 0.12003220681365796, 0.13903764875535302, 0.15924505573806103, 0.19669091118320173, 0.2583712792356503, 0.3851221627302222, 0.5758134948081577, 0.826880476381559, 1.2460479773862634, 1.6959118267739997, 1.3897085392429167, 1.2034244317507423, 1.059630317999311, 0.974753060547209, 0.8528408822722331, 0.7815756271178084, 0.8120048744084998, 0.8613059961937503, 0.6508284182368408, 0.6350693309001092, 0.7144401694448141, 0.38902597032241615, 0.6279603042780594, 0.28551311483511543, 0.362007440303612, 0.20880304823753076, 0.1828837349185377, 0.14728705821827567, 0.11761802265484746, 0.09784208986615696, 0.08580188533558496, 0.06258442598263822, 0.0504003960289834, 0.043774174001451185, 0.04971209072356174, 0.03556587755657392, 0.03510358306973113, 0.04325024041905258, 0.03831909869560441, 0.040435380561416726, 0.04150379453861121, 0.045150784975171235, 0.05552672921396079, 0.04861285746940536, 0.0579306609625824, 0.052783781759283846, 0.06216322460292804, 0.05911208058612155, 0.05955382867031958, 0.06310836005707236, 0.06248169398891264, 0.06356038121185326]","[1, 2, 3, 4, 5, 6, 7, 8, 9, 10, 11, 12, 13, 14, 15, 16, 17, 18, 19, 20, 21, 22, 23, 24, 25, 26, 27, 28, 29, 30, 31, 32, 33, 34, 35, 36, 37, 38, 39, 40, 41, 42, 43, 44, 45, 46, 47, 48, 49, 50, 51, 52, 53, 54, 55, 56, 57]","[0.0828124999999999, 0.12343749999999981, 0.08593749999999983, 0.09999999999999987, 0.0687499999999997, 0.051562499999999734, 0.05468749999999978, 0.04687500000000011, -0.009375000000000078, 0.0031249999999997113, 0.014062500000000033, 0.08281250000000007, 0.06874999999999998, -0.0812500000000001, -0.4578125000000001, -4.4078125, -7.8125, -8.7140625, -9.3296875, -10.009375, -9.70625, -10.490625000000001, -9.2984375, -6.040625, -3.0875, -1.2609374999999998, 1.6296875, 3.640625, 5.0359375, 5.5734375, 5.6703125, 5.5062500000000005, 5.0375, 4.387499999999999, 3.6625, 2.9703125, 2.2640624999999996, 1.65, 1.0984375, 0.6703125000000001, 0.40156250000000004, 0.20000000000000007, 0.0437499999999999, -0.06562500000000032, -0.11406250000000023, -0.059374999999999956, -0.05937500000000007, 0.03437499999999988, 0.05781249999999988, 0.09374999999999967, 0.1343749999999998, 0.2156249999999999, 0.24062499999999998, 0.3406250000000001, 0.3296875, 0.37499999999999983, 0.41874999999999996]","[1, 2, 3, 4, 5, 6, 7, 8, 9, 10, 11, 12, 13, 14, 15, 16, 17, 18, 19, 20, 21, 22, 23, 24, 25, 26, 27, 28, 29, 30, 31, 32, 33, 34, 35, 36, 37, 38, 39, 40, 41, 42, 43, 44, 45, 46, 47, 48, 49, 50, 51, 52, 53, 54, 55, 56, 57]","[0.12122396709847838, 0.22292882368567002, 0.2085463167508227, 0.1479343305591051, 0.14896165382216542, 0.06163930340904633, -0.03595626507119287, -0.05855734693709713, -0.1140327248971551, -0.14896166700875058, -0.21881955147079812, -0.4232565902423151, -0.5547537816036047, -0.7109066953217228, -0.9759557165457585, -2.05978019968126, -4.3722815633810574, -6.360149276965078, -7.686421764049846, -8.387055260111467, -8.871951172012885, -9.0188581964143, -9.130836279078256, -9.168847187790627, -9.181175050113355, -9.162683256186924, -9.007557656224552, -8.866814562145494, -8.741481295802974, -8.625393924981504, -8.6572409001178, -8.672650727270213, -8.674705372090012, -8.682923947622395, -8.436366704751524, -8.32952523297838, -7.9863997378264475, -7.620673162351235, -7.246728013576348, -6.81833480807098, -6.613897760898493, -6.389941601000819, -6.183449913193286, -5.974903583606334, -5.87422604509698, -5.741701527799537, -5.5598655649081135, -5.321526902729883, -5.117089859428841, -4.934226574564514, -4.755472578427934, -4.514051952457854, -4.340434567328805, -4.22537452660801, -4.05586642698515, -3.958270855360997, -3.82471901890929]",[],[]
2025_02_18,2,antennae free – flight,"[1, 2, 3, 4, 5, 6, 7, 8, 9, 10, 11, 12, 13, 14, 15, 16, 17, 18, 19, 20, 21, 22, 23, 24, 25, 26, 27, 28, 29, 30, 31, 32, 33, 34, 35, 36, 37, 38, 39, 40, 41, 42, 43, 44, 45, 46, 47, 48, 49, 50, 51, 52, 53, 54, 55, 56, 57]","[0.05559738156020924, 0.07932663452414257, 0.08180714917964438, 0.09384112783829045, 0.10998937157685662, 0.12113674002553931, 0.14617100348594103, 0.1895451270135829, 0.2726373512203935, 0.3831248084784439, 0.5443083861319132, 0.7248678544077035, 0.8744756835102122, 1.2523504940385763, 1.8409394088309146, 1.5159423739150777, 1.3514813651523674, 1.198795322030097, 1.0669993819827746, 0.9502160247640599, 0.9073400061307777, 1.020806050152311, 0.8938017561304933, 1.0847913202073698, 0.9135661775329159, 0.8554584008215596, 0.8139272513670582, 0.6339455929298747, 0.5894657051879275, 0.43249602916251656, 0.4049812548724675, 0.31627052012073037, 0.3020150381481659, 0.2630440768442921, 0.2360473211115093, 0.20392018399452347, 0.1726398082329637, 0.15621262931142488, 0.15482792402748213, 0.1722214078401998, 0.15587392395171837, 0.17729201585009374, 0.18110742489425136, 0.19146780380634135, 0.180360281745912, 0.17931428162416885, 0.179921956239783, 0.17172331020574733, 0.1753892903543563, 0.1757678427438899, 0.18266147942567135, 0.1837971364052286, 0.1816453653841683, 0.19352991527082947, 0.18684547866240978, 0.19435675322927148, 0.19515370554754885]","[1, 2, 3, 4, 5, 6, 7, 8, 9, 10, 11, 12, 13, 14, 15, 16, 17, 18, 19, 20, 21, 22, 23, 24, 25, 26, 27, 28, 29, 30, 31, 32, 33, 34, 35, 36, 37, 38, 39, 40, 41, 42, 43, 44, 45, 46, 47, 48, 49, 50, 51, 52, 53, 54, 55, 56, 57]","[1.345724878333523e-16, 0.0075757575757576835, -0.022727272727272648, -0.021212121212121165, -0.01363636363636375, 0.0015151515151516982, -0.013636363636363533, -0.03181818181818195, -0.04090909090909076, -0.009090909090908952, -0.04393939393939389, -0.031818181818181676, -0.12272727272727256, -0.3939393939393939, -0.9590909090909091, -6.886363636363637, -10.940909090909091, -11.177272727272728, -11.434848484848485, -11.943939393939393, -12.459090909090909, -12.548484848484847, -9.916666666666668, -6.46969696969697, -3.1545454545454548, 0.259090909090909, 3.5424242424242425, 6.027272727272728, 7.798484848484847, 8.945454545454547, 9.545454545454547, 9.816666666666666, 9.974242424242423, 9.786363636363635, 9.418181818181818, 8.992424242424242, 8.351515151515152, 7.692424242424242, 7.253030303030303, 6.8969696969696965, 6.553030303030303, 6.278787878787879, 6.095454545454545, 5.946969696969697, 5.737878787878787, 5.704545454545454, 5.633333333333333, 5.5181818181818185, 5.43939393939394, 5.418181818181818, 5.38030303030303, 5.431818181818182, 5.41060606060606, 5.457575757575758, 5.366666666666667, 5.401515151515151, 5.431818181818182]","[1, 2, 3, 4, 5, 6, 7, 8, 9, 10, 11, 12, 13, 14, 15, 16, 17, 18, 19, 20, 21, 22, 23, 24, 25, 26, 27, 28, 29, 30, 31, 32, 33, 34, 35, 36, 37, 38, 39, 40, 41, 42, 43, 44, 45, 46, 47, 48, 49, 50, 51, 52, 53, 54, 55, 56, 57]","[0.08069145573086585, 0.08368002700443086, 0.13348956640599874, 0.18429529635148212, 0.12352765930552409, 0.1285086141072583, 0.10460003558687325, 0.16337529196682038, 0.10659241739832384, 0.0856724121631052, 0.07272193171005852, 0.15540576620391708, 0.04881335369471453, -0.22812768445718404, -0.6923525943148822, -1.4564309318484956, -2.8371513769121, -3.845296473049025, -4.526690990881324, -4.968003523472973, -5.252914098284757, -5.325636028234054, -5.269849341023784, -5.5149122830610375, -5.8655714553022165, -6.149485843530247, -6.368647829305596, -6.564897424060418, -6.649573644119648, -6.760150825397697, -6.789040358720209, -6.716318426809615, -6.591794573760644, -6.436388804247576, -6.245120163468136, -5.978141021245596, -5.566714211097196, -5.166245499976465, -4.815586329293385, -4.569527196504325, -4.1381765733815, -3.7675935900876234, -3.4368582405556913, -3.19279149383316, -2.9746257078241056, -2.6618217962884905, -2.2792845282773038, -2.0800463689429614, -1.9156748871473392, -1.8150596169834312, -1.7323757814116387, -1.6556690887658274, -1.5540576273647524, -1.4873128447830943, -1.371754714046357, -1.148607977192552, -0.950366010348198]",[],[]
2025_02_19,3,antennae free – flight,"[1, 2, 3, 4, 5, 6, 7, 8, 9, 10, 11, 12, 13, 14, 15, 16, 17, 18, 19, 20, 21, 22, 23, 24, 25, 26, 27, 28, 29, 30, 31, 32, 33, 34, 35, 36, 37, 38, 39, 40, 41, 42, 43, 44, 45, 46, 47, 48, 49, 50, 51, 52, 53, 54, 55, 56, 57]","[-0.07676525540924727, -0.07642122228397914, -0.07326376246346747, -0.059609465178010926, -0.044586682569090104, -0.017163412497748214, 0.026207703032567555, 0.055626362374429944, 0.09320243253642242, 0.1546161790058157, 0.2124596204685118, 0.3423130172659556, 0.5723564924012067, 1.010914573022983, 1.7840562617431912, 1.5273693663304035, 1.3518054722371684, 1.1510736480093084, 0.9533005069220496, 0.8797768174589411, 0.8485844849912053, 0.8396625535789887, 0.910487484255314, 0.9840799622333795, 0.6640756711305783, 0.9529641049224806, 0.5719818726162819, 0.6022262088632802, 0.40478943557847746, 0.32561594405676386, 0.2293019599480361, 0.1854033312391759, 0.12096209883662294, 0.07434178205479519, 0.0687072841834099, 0.033363611661528084, 0.02544320246091806, 0.0103363242302058, 0.02048148012984087, 0.04669680467098956, 0.041880339365445635, 0.05099339320066976, 0.060794516325123796, 0.08401293114635479, 0.08577896765075162, 0.11748353266342682, 0.1271546845651038, 0.13729219467784431, 0.13934110538845398, 0.13129073020525472, 0.13067911617834052, 0.13910410689522815, 0.13466225752085045, 0.13301089870682248, 0.131091958495346, 0.13477693601852722, 0.14319427796011436]","[1, 2, 3, 4, 5, 6, 7, 8, 9, 10, 11, 12, 13, 14, 15, 16, 17, 18, 19, 20, 21, 22, 23, 24, 25, 26, 27, 28, 29, 30, 31, 32, 33, 34, 35, 36, 37, 38, 39, 40, 41, 42, 43, 44, 45, 46, 47, 48, 49, 50, 51, 52, 53, 54, 55, 56, 57]","[0.397674418604651, 0.36046511627906974, 0.36395348837209307, 0.3488372093023257, 0.3511627906976745, 0.31976744186046513, 0.27209302325581414, 0.30000000000000016, 0.2872093023255814, 0.25465116279069755, 0.21744186046511632, 0.2011627906976745, 0.16744186046511636, 0.14883720930232563, -0.025581395348837264, -3.8244186046511617, -8.19186046511628, -10.59651162790698, -19.525581395348837, -19.46395348837209, -21.126744186046515, -19.29186046511628, -12.493023255813952, -9.206976744186045, -4.361627906976744, -0.5976744186046511, 2.2302325581395346, 4.369767441860465, 5.841860465116279, 6.81860465116279, 7.474418604651162, 7.822093023255815, 7.961627906976744, 7.915116279069767, 7.7662790697674415, 7.338372093023256, 6.7627906976744185, 6.153488372093023, 5.533720930232558, 4.937209302325582, 4.427906976744185, 4.086046511627907, 3.6430232558139535, 3.124418604651163, 2.830232558139535, 2.5941860465116275, 2.3930232558139535, 2.1616279069767446, 1.8465116279069769, 1.6302325581395352, 1.5, 1.36046511627907, 1.2651162790697676, 0.6418604651162791, 0.23139534883720933, 1.8244186046511628, 1.0395348837209302]","[1, 2, 3, 4, 5, 6, 7, 8, 9, 10, 11, 12, 13, 14, 15, 16, 17, 18, 19, 20, 21, 22, 23, 24, 25, 26, 27, 28, 29, 30, 31, 32, 33, 34, 35, 36, 37, 38, 39, 40, 41, 42, 43, 44, 45, 46, 47, 48, 49, 50, 51, 52, 53, 54, 55, 56, 57]","[0.17354571627089044, 0.20259742111942947, 0.24388142062032134, 0.3226268290566372, 0.3883754232787436, 0.38913994360484955, 0.34173979178632374, 0.38302379268756104, 0.3906689783919459, 0.415133572405887, 0.38837542474546316, 0.35167853432426016, 0.34250431224468697, 0.333330090249841, 0.287458976901416, -0.3784366748859616, -1.9999805181189325, -3.1329970229886914, -3.722440836023255, -3.8287089156665837, -3.7652538725568685, -3.67656971813655, -3.5863565266690434, -3.615408230297191, -3.69721171603842, -3.7560796462549586, -3.831002465128103, -3.8073023897283678, -3.765253868385265, -3.797363647779399, -3.876873577750859, -3.8462928352506904, -3.8332960200371486, -3.6704535667673537, -3.4739722955421652, -3.2407941345576194, -2.926577006799904, -2.5787210621280217, -2.2897330474388653, -1.9227641396954747, -1.5993727932530633, -1.3600784849131018, -1.253810403505596, -1.1246067674279818, -1.025983873025187, -0.9472384637947139, -0.827973569755765, -0.7056506016385926, -0.6421955634749064, -0.6903602324735012, -0.6437246006616758, -0.6475471930132074, -0.5955599312475414, -0.46941437115202406, -0.3876108864585773, -0.3432688122436853, -0.2515265879923339]",[],[]
2025_02_20,1,antennae free – flight,"[1, 2, 3, 4, 5, 6, 7, 8, 9, 10, 11, 12, 13, 14, 15, 16, 17, 18, 19, 20, 21, 22, 23, 24, 25, 26, 27, 28, 29, 30, 31, 32, 33, 34, 35, 36, 37, 38, 39, 40, 41, 42, 43, 44, 45, 46, 47, 48, 49, 50, 51, 52, 53, 54, 55, 56, 57]","[0.0001408895920319425, 0.0001878529508562551, -0.0003287430241527179, 0.0008923019441226195, 0.0027708321261347485, 0.01300882119791705, 0.018503524821600604, 0.35701467851869634, 0.18588059855907527, 0.2797601407210874, 0.526786870428684, 0.5998617162241053, 0.900520433395979, 1.4165525743990057, 2.0767618585059044, 1.7992560467798173, 1.5611524029208728, 1.4180554000058272, 1.2761794401907083, 1.1420993791217116, 1.0958405837733718, 1.187231055491989, 1.04441581593189, 1.2071434246987403, 0.7635755561145215, 1.1970463529104298, 0.7337539101943061, 0.8371670135266581, 0.5892010499355506, 0.49006162189448865, 0.34339535872427096, 0.2646849469965267, 0.281779572794744, 0.26299427156407323, 0.25604371015495964, 0.2335013470981815, 0.22218320255189497, 0.2248601079324584, 0.2121330658106611, 0.20297522995686554, 0.1964003739135752, 0.20194203850148734, 0.2033509363858747, 0.20950312300742238, 0.21030149859739716, 0.1980910512337269, 0.2451951978014588, 0.23880819523067784, 0.31160125529716665, 0.5451964873912264, 0.5052777174606142, 0.47245040654623827, 0.7621666755176228, 0.8341143608746103, 0.7789794997740476, 0.7033686656617614, 0.6416120001847894]","[1, 2, 3, 4, 5, 6, 7, 8, 9, 10, 11, 12, 13, 14, 15, 16, 17, 18, 19, 20, 21, 22, 23, 24, 25, 26, 27, 28, 29, 30, 31, 32, 33, 34, 35, 36, 37, 38, 39, 40, 41, 42, 43, 44, 45, 46, 47, 48, 49, 50, 51, 52, 53, 54, 55, 56, 57]","[-1.8285714285714287, -1.8071428571428574, -1.792857142857143, -1.9857142857142858, -1.8642857142857143, -1.9357142857142857, -2.0, -1.9142857142857146, -1.957142857142857, -1.9214285714285713, -1.9142857142857141, -1.9571428571428573, -2.0357142857142856, -2.0571428571428574, -2.2785714285714285, -8.65, -14.778571428571428, -14.914285714285713, -15.221428571428572, -16.292857142857144, -16.42142857142857, -15.57142857142857, -14.35, -11.178571428571429, -6.614285714285715, -2.6714285714285717, -0.27857142857142875, 2.0071428571428576, 3.485714285714285, 4.271428571428572, 4.821428571428571, 5.0928571428571425, 5.192857142857144, 5.221428571428572, 5.078571428571428, 4.828571428571428, 4.292857142857143, 3.4428571428571426, 2.578571428571429, 1.6285714285714283, 0.7571428571428571, 0.47142857142857153, 0.12142857142857125, -0.04999999999999982, 2.5376526277146434e-16, -0.2928571428571432, -0.5142857142857141, -0.6785714285714285, -0.7642857142857145, -0.9214285714285716, -1.0071428571428571, -1.1071428571428572, -1.1785714285714286, -1.2, -2.692857142857143, -4.1499999999999995, -5.092857142857143]","[1, 2, 3, 4, 5, 6, 7, 8, 9, 10, 11, 12, 13, 14, 15, 16, 17, 18, 19, 20, 21, 22, 23, 24, 25, 26, 27, 28, 29, 30, 31, 32, 33, 34, 35, 36, 37, 38, 39, 40, 41, 42, 43, 44, 45, 46, 47, 48, 49, 50, 51, 52, 53, 54, 55, 56, 57]","[0.06105228820824899, -0.04226693674314878, -0.2019421005996104, -0.04696326408750297, 0.02817798994338107, -0.15028249070830263, -0.13619350669583138, -0.23481640062710746, -0.023481625661069927, 0.13619353691551847, 0.07514126818401527, 0.14088986501629513, 0.38979526773016865, 0.488418164705623, 0.14558619825203728, -2.2683265785722244, -4.7010247199528035, -6.795587253119708, -8.162218883153132, -8.979380072761531, -9.679133049340255, -10.092409976801862, -10.439938303576513, -10.576131837858467, -10.303744771719693, -9.674436726152607, -8.486265573783996, -7.1055449561245485, -5.936159135442152, -5.151872261713332, -4.762076992061226, -4.607098149820821, -4.137465303981237, -3.2545555571667424, -2.658121846692961, -2.3199861947974774, -2.26363025085548, -2.193185326447898, -2.343467836161462, -2.1603110286017855, -1.948976247324817, -1.4511654383047943, -1.4323801285963194, -1.310275592995204, -1.3807205209985471, -1.488736071583979, -1.2914902756651259, -1.2116526914197567, -1.1975637040613978, -1.0660665098637583, -1.0331922114015069, -0.840642748681077, -0.9016950183603326, -0.9909252559336709, -1.3431498821802117, -2.000635866765999, -2.1086514395104152]",[],[]
2025_01_13,1,antennae glued – flight,"[1, 2, 3, 4, 5, 6, 7, 8, 9, 10, 11, 12, 13, 14, 15, 16, 17, 18, 19, 20, 21, 22, 23, 24, 25, 26, 27, 28, 29, 30, 31, 32, 33, 34, 35, 36, 37, 38, 39, 40, 41, 42, 43, 44, 45, 46, 47, 48, 49, 50, 51, 52, 53, 54, 55, 56, 57]","[0.03540148684231249, 0.0643719420050962, 0.06981673838707214, 0.10776598239764149, 0.15251608988740062, 0.19007494742766587, 0.21816190133181074, 0.2992997201388386, 0.39722396133019483, 0.49894928840487063, 0.6771484044454998, 1.0251431509406723, 1.2134716310551723, 1.37963052246714, 1.7207010843896444, 1.4647132434253116, 1.3192240500514572, 1.200938316404608, 1.1059727677856328, 1.0410460836680233, 1.0021517124202295, 0.9861665983484088, 0.9891252826318148, 1.039566741568007, 0.9025631769647854, 0.8163709276013004, 0.6755046593920413, 0.4989081853419701, 0.4634450666391093, 0.31992831608394917, 0.38678639191431285, 0.19288980397055042, 0.24953630283774092, 0.13786649307572424, -0.0009245905389245052, 0.10567026300681513, -0.007519980989842634, 0.046804765582342, 0.028744459928282257, 0.025559763916866082, 0.01577966689977755, 0.010211586380728735, 0.019313652572851142, 0.01871780641244717, 0.017053546077025937, 0.029484132615276562, 0.0573245433030854, 0.12666871366323856, 0.0907124789252923, 0.13416815649791997, 0.15917314824549797, 0.15492003927075837, 0.14711240094428113, 0.13924312372211864, 0.13790760805236235, 0.13622280338056744, 0.12568248877312935]","[1, 2, 3, 4, 5, 6, 7, 8, 9, 10, 11, 12, 13, 14, 15, 16, 17, 18, 19, 20, 21, 22, 23, 24, 25, 26, 27, 28, 29, 30, 31, 32, 33, 34, 35, 36, 37, 38, 39, 40, 41, 42, 43, 44, 45, 46, 47, 48, 49, 50, 51, 52, 53, 54, 55, 56, 57]","[0.2937500000000002, 0.3031250000000001, 0.2718750000000002, 0.3374999999999999, 0.31874999999999987, 0.34062499999999996, 0.33750000000000013, 0.2781250000000003, 0.33125000000000004, 0.296875, 0.37187500000000007, 0.3437499999999999, 0.3562500000000002, 0.32500000000000007, 0.29062500000000013, -2.14375, -3.734375, -5.028124999999999, -6.178125, -7.38125, -7.715625, -8.171875, -7.990625, -7.059375, -5.574999999999999, -4.374999999999999, -3.253125, -1.8, -0.996875, -0.42500000000000004, -0.009374999999999967, 0.3937500000000005, 0.5062500000000004, 0.4406250000000004, 0.5124999999999998, 0.5218750000000002, 0.5281249999999998, 0.4937499999999999, 0.4593750000000001, 0.3906250000000002, 0.3187500000000003, 0.29062500000000013, 0.3218749999999999, 0.35625000000000007, 0.3500000000000002, 0.3250000000000003, 0.3718750000000005, 0.35937500000000033, 0.4343750000000002, 0.4687500000000002, 0.4218750000000002, 0.5062500000000003, 0.21250000000000036, 0.20312500000000056, 0.3000000000000006, 0.10937500000000011, 0.11250000000000038]","[1, 2, 3, 4, 5, 6, 7, 8, 9, 10, 11, 12, 13, 14, 15, 16, 17, 18, 19, 20, 21, 22, 23, 24, 25, 26, 27, 28, 29, 30, 31, 32, 33, 34, 35, 36, 37, 38, 39, 40, 41, 42, 43, 44, 45, 46, 47, 48, 49, 50, 51, 52, 53, 54, 55, 56, 57]","[0.38216371590540676, 0.41503801418127395, 0.39243693518758116, 0.4355844512244893, 0.4479123127454674, 0.49105982919960445, 0.5732455743593183, 0.5568084253984793, 0.5403712765901689, 0.43558445152886094, 0.43969373848697435, 0.38832764766312655, 0.35134406255494843, 0.24655723735088841, 0.2239561573922626, 0.16848077900719316, 0.15409827313977376, 0.14998898630548352, 0.11711468839356165, 0.141770411552264, 0.228065443618092, 0.4520215982876601, 0.7314531314832293, 0.9903382263308851, 1.2225129545288356, 1.3231904905434715, 1.4464691045103644, 1.4855073318505312, 1.452633034119979, 1.4649608957504245, 1.4731794699302, 1.4875619760131755, 1.4875619765990318, 1.516326986418116, 1.5718023640983034, 1.639605601790325, 1.711518127592, 1.7587749325359208, 1.7587749352187894, 1.7176820631700114, 1.7341192116601523, 1.7978131642291388, 1.8019224524293778, 1.7464470747130543, 1.7176820637001895, 1.781376013863159, 1.8080863798521745, 1.7957585187909246, 1.7115181302857025, 1.7238459930958032, 1.6580973971001058, 1.6128952383263537, 1.6375509633209435, 1.6375509632687364, 1.6539881127070046, 1.6889170531434523, 1.7669935100386205]",[],[]
2025_01_13,2,antennae glued – flight,"[1, 2, 3, 4, 5, 6, 7, 8, 9, 10, 11, 12, 13, 14, 15, 16, 17, 18, 19, 20, 21, 22, 23, 24, 25, 26, 27, 28, 29, 30, 31, 32, 33, 34, 35, 36, 37, 38, 39, 40, 41, 42, 43, 44, 45, 46, 47, 48, 49, 50, 51, 52, 53, 54, 55, 56, 57]","[-0.42889975311465744, -0.38221826755851074, -0.3222044380355568, -0.25999899872032917, -0.18862528942205842, -0.14493903003316694, -0.13715878538191661, -0.05358507787101363, 0.03583294257360434, 0.14329528356748764, 0.3679726984414948, 0.43996735189497155, 0.8844640897051677, 1.056652213946083, 1.4913596557380586, 1.2832655177732721, 1.141613938728734, 1.0435755597810872, 0.9803839069781692, 0.9007185910204077, 0.8336185525018264, 0.8048718296486821, 0.8492886225308394, 0.5273033552038106, 0.8325592707228271, 0.488803907558856, 0.5910063861526751, -0.03309351142109702, 0.4536284376956233, -0.03846294285426874, 0.07436891045745528, -0.01417247817246841, -0.20542771357562215, -0.05018806539045701, -0.38539610824250237, -0.21390196267607575, -0.36088649525313954, -0.32143736982970095, -0.38835478907661525, -0.3922631761565325, -0.3871128694350947, 0.0027760582480693932, 0.03762279156094339, 0.05712819770689513, 0.1279174621279349, 0.12083123627729231, 0.0864228379413332, 0.0503341942012541, 0.04785036469235336, 0.03696533043233638, 0.040544975669584406, 0.06220546740850928, -0.10245813561933208, 0.07780248486996189, -0.1072431712712315, -0.09080603501477463, -0.06841500428528709]","[1, 2, 3, 4, 5, 6, 7, 8, 9, 10, 11, 12, 13, 14, 15, 16, 17, 18, 19, 20, 21, 22, 23, 24, 25, 26, 27, 28, 29, 30, 31, 32, 33, 34, 35, 36, 37, 38, 39, 40, 41, 42, 43, 44, 45, 46, 47, 48, 49, 50, 51, 52, 53, 54, 55, 56, 57]","[2.6777777777777785, 2.850000000000001, 2.8444444444444446, 2.872222222222223, 2.8944444444444457, 2.8611111111111125, 2.9555555555555566, 3.011111111111111, 3.044444444444445, 3.0166666666666675, 3.0111111111111115, 3.094444444444446, 3.1222222222222222, 3.08888888888889, 3.077777777777778, 2.105555555555556, 1.055555555555556, 0.027777777777778567, -1.438888888888888, -2.4944444444444445, -3.2333333333333334, -3.7888888888888883, -3.633333333333333, -3.2666666666666657, -2.8722222222222222, -2.3111111111111104, -1.811111111111111, -0.43333333333333357, 0.755555555555556, 1.7333333333333343, 2.116666666666667, 2.416666666666668, 3.3833333333333346, 4.055555555555555, 4.277777777777778, 4.2666666666666675, 4.15, 3.9499999999999997, 3.7888888888888896, 3.683333333333334, 3.616666666666667, 3.5277777777777786, 3.3499999999999996, 3.2666666666666675, 3.105555555555555, 2.6555555555555554, 2.144444444444445, 1.5555555555555562, 1.3000000000000003, 1.1833333333333336, 1.1555555555555554, 1.0555555555555556, 1.2944444444444447, 1.444444444444444, 1.6722222222222227, 1.9277777777777783, 2.088888888888889]","[1, 2, 3, 4, 5, 6, 7, 8, 9, 10, 11, 12, 13, 14, 15, 16, 17, 18, 19, 20, 21, 22, 23, 24, 25, 26, 27, 28, 29, 30, 31, 32, 33, 34, 35, 36, 37, 38, 39, 40, 41, 42, 43, 44, 45, 46, 47, 48, 49, 50, 51, 52, 53, 54, 55, 56, 57]","[-0.20455119128744392, -0.3433537857262152, -0.2556889896831049, -0.18263499273418266, -0.12419179543344289, -0.23742549022016687, -0.22646739114651065, -0.22281469108523547, -0.27760518862098454, -0.2995213875124239, -0.36161728493468576, -0.3397010859908794, -0.3762280848398952, -0.41275508329488986, -0.336048386301237, -0.365269984997656, -0.38353348399032444, -0.4310185818045029, -0.20089849112871308, 0.01826349934147547, 0.007305399171906559, 0.05479049635545863, 0.16802419044953687, 0.2556889852815082, 0.33604838222075195, 0.32874298133564395, 0.2849105839116011, 0.20089848959167333, 0.18994039030747542, 0.24473088809121812, 0.390838880030806, 0.4237131780416029, 0.4638928763012839, 0.46024017626290953, 0.5150306721872574, 0.29952138316235655, 0.2045511877261769, 0.22646738769527985, 0.36526998193850346, 0.38718618095925295, 0.2885632852744027, 0.34700648209640644, 0.3835334811019193, 0.48580907664667056, 0.49311447616388904, 0.48215637566852365, 0.44562937695198535, 0.4127550788372329, 0.547904972476918, 0.5405995731746742, 0.347006482184629, 0.2082038892161838, 0.16071879224919408, 0.21185658987832706, 0.3470064832767379, 0.38353348141087434, 0.4127550804398936]",[],[]
2025_01_13,3,antennae glued – flight,"[1, 2, 3, 4, 5, 6, 7, 8, 9, 10, 11, 12, 13, 14, 15, 16, 17, 18, 19, 20, 21, 22, 23, 24, 25, 26, 27, 28, 29, 30, 31, 32, 33, 34, 35, 36, 37, 38, 39, 40, 41, 42, 43, 44, 45, 46, 47, 48, 49, 50, 51, 52, 53, 54, 55, 56, 57]","[0.13659979037850384, 0.18150891880919923, 0.24757192942128844, 0.2909373962889163, 0.35824391113690046, 0.39453425745032944, 0.4122291929144757, 0.482380045117394, 0.6152778823761677, 0.7098986147127928, 0.9827836961018717, 1.1761415872323817, 1.3752453244843605, 1.7460956822599674, 2.006459908741226, 1.7703511761200723, 1.6206589004097374, 1.5159900828971384, 1.3995294065264325, 1.320288121616656, 1.2625580438645643, 1.2508948247308367, 1.28569867188606, 1.2861417543897047, 0.9924887169542203, 1.1292313922855777, 0.9619870807809192, 0.7323245496988097, 0.8509578268332537, 0.5506727695160244, 0.546742146089578, 0.5018330296845065, 0.4389288288149559, 0.42976691633582276, 0.4300670778479649, 0.40432509040628933, 0.40586875364759, 0.33184446370015214, 0.3327306401072686, 0.3463091458829315, 0.33283069158295925, 0.33814774900503825, 0.32897153782913624, 0.34545155660086463, 0.3347030967866184, 0.33488890778470704, 0.3255268837157069, 0.3714651157307871, 0.4077983324198142, 0.38770214853800744, 0.43062451207247643, 0.42762294728582206, 0.4211052657838376, 0.40788408980316043, 0.3867159136522033, 0.3678060555759644, 0.33937694958589004]","[1, 2, 3, 4, 5, 6, 7, 8, 9, 10, 11, 12, 13, 14, 15, 16, 17, 18, 19, 20, 21, 22, 23, 24, 25, 26, 27, 28, 29, 30, 31, 32, 33, 34, 35, 36, 37, 38, 39, 40, 41, 42, 43, 44, 45, 46, 47, 48, 49, 50, 51, 52, 53, 54, 55, 56, 57]","[0.2152173913043481, 0.2782608695652181, 0.26739130434782665, 0.30434782608695665, 0.30000000000000027, 0.310869565217392, 0.34782608695652223, 0.37173913043478296, 0.38913043478260895, 0.3717391304347831, 0.4239130434782613, 0.39565217391304414, 0.38695652173913037, 0.40217391304347827, 0.38478260869565284, -0.830434782608695, -1.6978260869565216, -2.9586956521739123, -4.495652173913042, -5.510869565217391, -6.260869565217392, -6.630434782608697, -6.217391304347825, -5.8826086956521735, -4.743478260869564, -3.534782608695653, -2.343478260869565, -1.7586956521739123, -1.5043478260869554, -0.8130434782608694, -0.49565217391304334, -0.3478260869565217, -0.30869565217391226, -0.2782608695652168, -0.2891304347826082, -0.26956521739130346, -0.28913043478260825, -0.21739130434782564, -0.2760869565217391, -0.258695652173913, -0.2695652173913037, -0.27826086956521734, -0.3217391304347825, -0.29347826086956524, -0.29130434782608633, -0.2999999999999995, -0.2956521739130434, -0.271739130434782, -0.2586956521739124, -0.3086956521739123, -0.2891304347826088, -0.2999999999999995, -0.3195652173913041, -0.31739130434782564, -0.2913043478260866, -0.3934782608695645, -0.45652173913043476]","[1, 2, 3, 4, 5, 6, 7, 8, 9, 10, 11, 12, 13, 14, 15, 16, 17, 18, 19, 20, 21, 22, 23, 24, 25, 26, 27, 28, 29, 30, 31, 32, 33, 34, 35, 36, 37, 38, 39, 40, 41, 42, 43, 44, 45, 46, 47, 48, 49, 50, 51, 52, 53, 54, 55, 56, 57]","[-0.10291084488111857, -0.1143453830928264, -0.06431927762566403, -0.09433494242340763, -0.08290040320071954, 0.0686072304759808, 0.07146586559552759, 0.12149197069180426, 0.11720401926177591, 0.05431405846552844, 0.115774703101728, 0.11005743346389475, 0.09147630900128843, 0.09290562532782672, 0.06574859696385901, 0.01715180884998307, 0.004287952822264854, 0.0571726926903385, 0.2729996041379903, 0.4759626599686766, 0.6046012164981128, 0.4931144674739492, 0.3787690837697891, 0.1943871519064896, 0.038591566847573665, 0.05574337464714782, 0.10291084555174548, 0.06146064498556878, -0.03287429614463841, -0.12006265153153937, -0.045738152356411294, -0.10719879706313469, -0.1172040179606455, -0.06003132609929474, -0.0500261050628827, -0.010005220858070134, -0.018581124178168644, 0.014293173950276971, -0.024298392810960502, -0.045738151782632276, -0.11577469942278022, -0.15150763255654268, 0.04573815282412574, 0.11434538254550614, 0.1915285174418337, 0.271570286326127, 0.26156506536906654, 0.3687638621803002, 0.3987795271748895, 0.42307792182472226, 0.38019840166772173, 0.33446024698130394, 0.32874297632630933, 0.26728233342942753, 0.2229734974575271, 0.2186855454859759, 0.20868032380462956]",[],[]
2025_01_13,4,antennae glued – flight,"[1, 2, 3, 4, 5, 6, 7, 8, 9, 10, 11, 12, 13, 14, 15, 16, 17, 18, 19, 20, 21, 22, 23, 24, 25, 26, 27, 28, 29, 30, 31, 32, 33, 34, 35, 36, 37, 38, 39, 40, 41, 42, 43, 44, 45, 46, 47, 48, 49, 50, 51, 52, 53, 54, 55, 56, 57]","[0.13022083019236072, 0.15365825791381424, 0.19627234926532988, 0.2227651485277127, 0.2791026378059257, 0.30703932544404816, 0.339030509150315, 0.3910040996042258, 0.4716105401192907, 0.6271961101751102, 0.7895692371970547, 0.9848488640042257, 1.2390249930269877, 1.5638227849083526, 1.8764313188209552, 1.5923073729372466, 1.4116149116515762, 1.2689276872789532, 1.1898489525750517, 1.0901496694384882, 1.0352818668149293, 0.9953106151268816, 1.0233053145572315, 1.0561537896872686, 0.8889913124076703, 0.8749005007883869, 0.6310442836398292, 0.7573330868077676, 0.43377286968586437, 0.5004174353847061, 0.39358893043060067, 0.3507943626336777, 0.3295743380363868, 0.24676339661162744, 0.27292745359380427, 0.2209538680512879, 0.23821608747117948, 0.21287710901924517, 0.20259583989075589, 0.2009198960536845, 0.2012550841044307, 0.19156039504702085, 0.19665913123889292, 0.18884665555127378, 0.19383581087980303, 0.19283024462105097, 0.19091580119417612, 0.1949316201437763, 0.19500897105970472, 0.1964915362614765, 0.19421611966964578, 0.19564067146785522, 0.1991730449554062, 0.20295681009930577, 0.20318241787672725, 0.20588326547730704, 0.2080297624993544]","[1, 2, 3, 4, 5, 6, 7, 8, 9, 10, 11, 12, 13, 14, 15, 16, 17, 18, 19, 20, 21, 22, 23, 24, 25, 26, 27, 28, 29, 30, 31, 32, 33, 34, 35, 36, 37, 38, 39, 40, 41, 42, 43, 44, 45, 46, 47, 48, 49, 50, 51, 52, 53, 54, 55, 56, 57]","[-0.47549019607843135, -0.5852941176470587, -0.5372549019607842, -0.4960784313725488, -0.4794117647058824, -0.5166666666666666, -0.5372549019607844, -0.5529411764705884, -0.6117647058823529, -0.6107843137254901, -0.6186274509803921, -0.6088235294117648, -0.657843137254902, -0.6568627450980392, -0.7166666666666669, -3.2166666666666663, -5.671568627450981, -9.579411764705883, -13.870588235294116, -16.990196078431374, -18.531372549019608, -18.801960784313724, -18.276470588235295, -15.119607843137253, -10.761764705882353, -6.765686274509804, -3.548039215686275, -0.9235294117647059, 1.200980392156863, 3.134313725490196, 4.611764705882353, 5.7745098039215685, 6.769607843137255, 7.65392156862745, 8.434313725490195, 9.01764705882353, 9.390196078431373, 9.79607843137255, 9.960784313725492, 10.267647058823531, 10.38823529411765, 10.479411764705883, 10.46470588235294, 10.600980392156861, 10.686274509803921, 10.681372549019608, 10.667647058823528, 10.696078431372548, 10.651960784313726, 10.593137254901961, 10.711764705882354, 10.713725490196078, 10.754901960784311, 10.759803921568627, 10.73333333333333, 10.752941176470587, 10.730392156862743]","[1, 2, 3, 4, 5, 6, 7, 8, 9, 10, 11, 12, 13, 14, 15, 16, 17, 18, 19, 20, 21, 22, 23, 24, 25, 26, 27, 28, 29, 30, 31, 32, 33, 34, 35, 36, 37, 38, 39, 40, 41, 42, 43, 44, 45, 46, 47, 48, 49, 50, 51, 52, 53, 54, 55, 56, 57]","[-0.03932023968802969, -0.03932023953423425, -0.038675645578458935, -0.09668911517567626, -0.09797830361728425, -0.11731612688213465, -0.09668911529493222, -0.09282155073223347, -0.08766479758062636, -0.045766180507838115, -0.03222970418914619, -0.033518892369173714, -0.047699962888732086, -0.0567242802246713, -0.05736887425996331, -0.050922933440033256, -0.05930265684491276, -0.010313504703904167, 0.12053909927677497, 0.3003808546022681, 0.3970699703174181, 0.4499266868875875, 0.36161729329896053, 0.11860531364532965, -0.13343098431137157, -0.4428361574235465, -0.6342806087726082, -0.7709345606809785, -0.8785817772425221, -0.8624669239274115, -0.9262817406624845, -0.9095222934769078, -0.9275709280875939, -0.9282155220042123, -0.8779371810908797, -0.848285851254484, -0.8154115514937414, -0.7741575282589651, -0.769000775248768, -0.7329035048956039, -0.7167886517873632, -0.68004678730515, -0.5975387405885771, -0.5807792938391916, -0.5137415060581063, -0.526633388000477, -0.508584752408054, -0.4228537352319294, -0.4041605061219911, -0.3474362241928411, -0.335188936056624, -0.3210078656793053, -0.27459709002637356, -0.3210078662349405, -0.2855551904739434, -0.25590386132535825, -0.20820389681829152]",[],[]
2025_01_28,1,antennae glued – flight,"[1, 2, 3, 4, 5, 6, 7, 8, 9, 10, 11, 12, 13, 14, 15, 16, 17, 18, 19, 20, 21, 22, 23, 24, 25, 26, 27, 28, 29, 30, 31, 32, 33, 34, 35, 36, 37, 38, 39, 40, 41, 42, 43, 44, 45, 46, 47, 48, 49, 50, 51, 52, 53, 54, 55, 56, 57]","[0.007154646037538908, 0.01317362678837587, 0.03461961312535194, 0.0729510251794564, 0.11792303817879199, 0.18884780472576573, 0.27853481138229286, 0.37043335745118705, 0.481871177987304, 0.6153168335649797, 0.7930530919826496, 0.9947756100435443, 1.2297907898874487, 1.5548695084720099, 1.8679819971701872, 1.608986534699895, 1.443575160314527, 1.3173857797295243, 1.175888942467996, 1.0819163458075718, 1.0150381246748683, 0.9867961374618865, 1.046794665811384, 0.9602994420745717, 0.7050097521542213, 0.8629138871624248, 0.5677029021556406, 0.5345835751009052, 0.48288728401569225, 0.33366199045061956, 0.3545162384608564, 0.22884685462143114, 0.26485315562065254, 0.19019866386367748, 0.1900313035146694, 0.1841019802130811, 0.16634389263446767, 0.17703699878578325, 0.17010949169028505, 0.16922487494314922, 0.16144263665254197, 0.23072368177946398, 0.2518349462737715, 0.26173906848427003, 0.2625160950075594, 0.2908238335234955, 0.2816608769098545, 0.27321517865831396, 0.26246828045054005, 0.2599220196927455, 0.25262393121959914, 0.2650802965026382, 0.3073506375634219, 0.2970340934878353, 0.3166211812131136, 0.30742235548522, 0.266592505121749]","[1, 2, 3, 4, 5, 6, 7, 8, 9, 10, 11, 12, 13, 14, 15, 16, 17, 18, 19, 20, 21, 22, 23, 24, 25, 26, 27, 28, 29, 30, 31, 32, 33, 34, 35, 36, 37, 38, 39, 40, 41, 42, 43, 44, 45, 46, 47, 48, 49, 50, 51, 52, 53, 54, 55, 56, 57]","[0.5672727272727273, 0.5636363636363635, 0.570909090909091, 0.5836363636363634, 0.5854545454545453, 0.591818181818182, 0.6127272727272726, 0.6454545454545455, 0.5963636363636363, 0.6081818181818182, 0.6063636363636362, 0.5927272727272727, 0.5990909090909095, 0.5954545454545455, 0.5909090909090909, -3.301818181818182, -7.599090909090909, -10.586363636363636, -14.051818181818184, -15.095454545454547, -15.877272727272729, -16.40818181818182, -15.02090909090909, -11.181818181818183, -6.261818181818183, -2.5318181818181817, -0.3963636363636362, 2.071818181818182, 3.933636363636364, 5.386363636363637, 6.284545454545454, 6.914545454545455, 7.341818181818183, 7.546363636363636, 7.626363636363637, 7.71909090909091, 7.667272727272728, 7.626363636363638, 7.540000000000001, 7.453636363636364, 7.364545454545455, 7.208181818181819, 7.120000000000003, 6.9781818181818185, 6.949090909090909, 6.800909090909093, 6.541818181818181, 6.245454545454548, 5.996363636363637, 5.73909090909091, 5.47, 5.509090909090907, 5.178181818181818, 5.232727272727273, 5.203636363636362, 5.240909090909091, 5.174545454545454]","[1, 2, 3, 4, 5, 6, 7, 8, 9, 10, 11, 12, 13, 14, 15, 16, 17, 18, 19, 20, 21, 22, 23, 24, 25, 26, 27, 28, 29, 30, 31, 32, 33, 34, 35, 36, 37, 38, 39, 40, 41, 42, 43, 44, 45, 46, 47, 48, 49, 50, 51, 52, 53, 54, 55, 56, 57]","[-0.011954290253544286, -0.0490125907199735, -0.06156459581595186, -0.02092000863205951, 0.008965716383649567, 0.02151772162468394, -0.006574860045609589, -0.030483441345724317, -0.008368003686071808, -0.03227658479858103, -0.001793143492711832, 0.060966881787216855, 0.07889831744636382, 0.09862289583235896, 0.06993259837644646, 0.09264575050857567, 0.061564596153812996, 0.1751303551429407, 0.4626310397769231, 0.7489362938259663, 0.9892175301769949, 1.0968061437210337, 0.9635158058641441, 0.7465454363676923, 0.4996893395825505, 0.25881038858505095, 0.0908526087119641, -0.049610303672882466, -0.14942862818198302, -0.26956924690229944, -0.3197772666233479, -0.33950184592653404, -0.3347201306629445, -0.3574332830756234, -0.32575441316161635, -0.32694984157399476, -0.28869611158477515, -0.3114092637860324, -0.31081154968672153, -0.327547556351031, -0.3197772677604963, -0.2558218138105414, -0.20142979284421794, -0.15600348975723066, -0.18648693160553917, -0.14584234365066415, -0.14823320174836904, -0.13089948055871628, -0.15301491829334293, -0.1942572208906951, -0.17991207167167264, -0.18588921638420572, -0.2020275085557521, -0.11655433159027356, -0.09503660938952174, -0.10161146823263865, -0.11177261486702603]",[],[]
2025_01_29,1,antennae glued – flight,"[1, 2, 3, 4, 5, 6, 7, 8, 9, 10, 11, 12, 13, 14, 15, 16, 17, 18, 19, 20, 21, 22, 23, 24, 25, 26, 27, 28, 29, 30, 31, 32, 33, 34, 35, 36, 37, 38, 39, 40, 41, 42, 43, 44, 45, 46, 47, 48, 49, 50, 51, 52, 53, 54, 55, 56, 57]","[0.1327734262778185, 0.17667026361990312, 0.17962895106386476, 0.21014401932707252, 0.28128782897831045, 0.3293229523882519, 0.42964751670631224, 0.43198739162156574, 0.46683411784285783, 0.607845423372119, 0.7947646853761117, 0.9590006806973764, 1.2056350632710515, 1.5550498830624289, 1.8974257459062003, 1.750226361667489, 1.5150786379048187, 1.4336084609187822, 1.3222807111779797, 1.078353611794902, 1.002549406003851, 1.100882168590738, 1.1131036617429844, 1.1592436659871934, 1.0613749877508116, 1.0212296935235343, 0.8849948428946656, 0.779719828733057, 0.7052499430454461, 0.5938835065987998, 0.5442240134033163, 0.4510931289205293, 0.5121619310266201, 0.2905506406081959, 0.3532437984162858, 0.26046100344151596, 0.286102937815428, 0.23114489451101172, 0.244391296039733, 0.21871068489478948, 0.20956390026316274, 0.21698962069978592, 0.22973323825565428, 0.22012234638793593, 0.22706462061649857, 0.22108923703210112, 0.21900075349899842, 0.22236553261104314, 0.22163069574648372, 0.2378937948145758, 0.23236318084748644, 0.23311735552131174, 0.22644581072902384, 0.23311735548531817, 0.23748770219293683, 0.24659581414743575, 0.2602096343144781]","[1, 2, 3, 4, 5, 6, 7, 8, 9, 10, 11, 12, 13, 14, 15, 16, 17, 18, 19, 20, 21, 22, 23, 24, 25, 26, 27, 28, 29, 30, 31, 32, 33, 34, 35, 36, 37, 38, 39, 40, 41, 42, 43, 44, 45, 46, 47, 48, 49, 50, 51, 52, 53, 54, 55, 56, 57]","[0.020588235294117886, -0.020588235294117546, -0.026470588235294076, -0.011764705882352925, 0.020588235294117758, -0.09411764705882349, -0.03823529411764703, -0.005882352941176372, -0.026470588235294024, -0.06470588235294103, -0.02647058823529418, -0.011764705882352951, -0.0323529411764705, -0.05882352941176473, 0.029411764705882405, -1.2499999999999998, -6.064705882352942, -8.520588235294117, -9.926470588235293, -10.42941176470588, -8.508823529411767, -10.65, -6.708823529411765, -8.094117647058823, -9.355882352941176, -6.667647058823529, -5.394117647058823, -4.614705882352942, -3.6058823529411765, -3.094117647058823, 2.076470588235294, 2.479411764705883, -1.6352941176470588, -0.9235294117647057, 0.3352941176470589, 0.6117647058823531, 0.7676470588235297, 0.8117647058823532, 0.95, 0.9176470588235297, 0.9882352941176469, 0.8911764705882353, 0.8911764705882355, 0.897058823529412, 0.8294117647058824, 0.8264705882352942, 0.9058823529411766, 0.8235294117647058, 0.7941176470588237, 0.8500000000000003, 0.9, 0.9676470588235295, 0.9764705882352942, 1.0735294117647058, 1.058823529411765, 1.1147058823529414, 1.0794117647058825]","[1, 2, 3, 4, 5, 6, 7, 8, 9, 10, 11, 12, 13, 14, 15, 16, 17, 18, 19, 20, 21, 22, 23, 24, 25, 26, 27, 28, 29, 30, 31, 32, 33, 34, 35, 36, 37, 38, 39, 40, 41, 42, 43, 44, 45, 46, 47, 48, 49, 50, 51, 52, 53, 54, 55, 56, 57]","[0.03867564422099267, -0.011602692280781505, 0.061881028455932144, -0.04641077235077392, -0.03674186063381266, -0.07541750478455815, -0.07154994058022017, -0.10055667247350666, -0.1779079593919538, -0.07541750357650677, -0.0019337811434133013, 0.05994724766001019, 0.032874297362417294, 0.05607968371607065, 0.09668910825865433, 0.23592142472831348, 0.20498090991075077, 0.03480807840519935, -0.05221211927946691, -0.048344556416172385, -0.1334309718471344, -0.32680918993790464, -0.43703477545707575, -0.5530617062792085, -0.6420156857550874, -0.6574859422338186, -0.6845588924329516, -0.8721357631667227, -1.1486666139305135, -1.382654258090345, -1.4155285549663148, -1.543158179344904, -1.4193961201567702, -1.4696744580708319, -1.3613826558096516, -1.2472895061814837, -1.2047462966043696, -1.268561108916538, -1.3768529109134349, -1.434866378021049, -1.2588921984205366, -1.1544679592970848, -1.0732491086239395, -1.2279516828962065, -1.2762962381602516, -1.2028125145126556, -1.0094342961509042, -1.0036329495864327, -1.1622030884238332, -1.0829180191002319, -0.9243478788453818, -0.8585992850778138, -0.7947844741812353, -1.0016991672381035, -0.9533546123871207, -0.9050100575902038, -0.887606018539578]",[],[]
2025_01_31,1,antennae glued – flight,"[1, 2, 3, 4, 5, 6, 7, 8, 9, 10, 11, 12, 13, 14, 15, 16, 17, 18, 19, 20, 21, 22, 23, 24, 25, 26, 27, 28, 29, 30, 31, 32, 33, 34, 35, 36, 37, 38, 39, 40, 41, 42, 43, 44, 45, 46, 47, 48, 49, 50, 51, 52, 53, 54, 55, 56, 57]","[0.10163632157796548, 0.1543447512154425, 0.19335555982539818, 0.21844959015770296, 0.25146084249463, 0.3087168707272323, 0.37835554031841623, 0.43251590351229724, 0.47601952341619636, 0.6250221700887335, 0.7795860392156252, 0.9157403145273665, 1.103014078655901, 1.375213037595911, 1.6743141126463488, 1.4559193715409116, 1.2878222691393935, 1.1665710018201916, 1.0443882970059846, 0.9122337292141443, 0.8291166144841614, 0.7907359037242611, 0.8439100361155454, 0.687675033567145, 0.6429934076637737, 0.6858943171552302, 0.6542528551232534, 0.46689689943386364, 0.4083259098280246, 0.407887598645752, 0.2244217495001836, 0.24598179732822845, 0.12357990857524052, 0.13352437729543695, 0.07640531982194064, 0.09966387062261613, 0.04720200110425765, 0.03136755769132726, 0.0365726515641688, 0.04821562399672328, 0.022518897165986845, 0.04640753923423655, 0.036326094142621175, 0.046626701444123814, 0.014026374763962707, 0.007177566821387232, 0.005588643150753303, 0.01588925092018582, 0.029449890954004066, 0.031805881296133966, 0.034709775946029475, 0.035641213877160856, 0.04742116372108864, 0.07467941977815636, 0.056324614487588597, 0.07256998727659732, 0.06733749796284207]","[1, 2, 3, 4, 5, 6, 7, 8, 9, 10, 11, 12, 13, 14, 15, 16, 17, 18, 19, 20, 21, 22, 23, 24, 25, 26, 27, 28, 29, 30, 31, 32, 33, 34, 35, 36, 37, 38, 39, 40, 41, 42, 43, 44, 45, 46, 47, 48, 49, 50, 51, 52, 53, 54, 55, 56, 57]","[-0.04583333333333347, -0.0958333333333334, -0.00833333333333334, 0.02083333333333337, 0.004166666666666652, 0.05833333333333331, 0.004166666666666578, -0.02083333333333337, 0.004166666666666615, -0.11666666666666665, 0.04583333333333343, 0.020833333333333297, 0.02499999999999995, -0.037500000000000165, -0.054166666666666696, -5.758333333333333, -8.262499999999998, -11.833333333333334, -14.950000000000003, -17.51666666666667, -18.541666666666668, -19.775000000000002, -18.041666666666668, -12.254166666666665, -8.070833333333335, -4.829166666666667, 0.016666666666666646, 2.5250000000000004, 4.05, 5.120833333333333, 6.033333333333334, 6.604166666666667, 7.016666666666667, 7.5249999999999995, 7.962500000000001, 8.187499999999998, 8.2625, 8.316666666666668, 8.4125, 8.637500000000001, 8.870833333333332, 8.9375, 8.9, 9.0875, 9.158333333333333, 9.145833333333332, 9.254166666666668, 9.250000000000002, 9.308333333333334, 9.450000000000001, 9.279166666666667, 9.504166666666668, 9.545833333333334, 9.375, 9.316666666666666, 8.9125, 8.720833333333333]","[1, 2, 3, 4, 5, 6, 7, 8, 9, 10, 11, 12, 13, 14, 15, 16, 17, 18, 19, 20, 21, 22, 23, 24, 25, 26, 27, 28, 29, 30, 31, 32, 33, 34, 35, 36, 37, 38, 39, 40, 41, 42, 43, 44, 45, 46, 47, 48, 49, 50, 51, 52, 53, 54, 55, 56, 57]","[0.39449157374166494, 0.2986082057304363, 0.276692008113504, 0.2410781853276275, 0.18628768731602938, 0.1041019424586646, 0.2602548594640262, 0.18080863867338337, 0.29038963083895436, 0.3890125246892217, 0.4575006459966738, 0.5753002158598454, 0.3670963252526433, 0.36435680111847546, 0.46571921829118484, 0.5259887633860126, 0.5506444885849066, 0.512291142937034, 0.47393779404631253, 0.43558444519074274, 0.5862583148825463, 0.7615879068104707, 0.994447518361488, 1.2957952521688256, 1.610840610063238, 1.8272630740921638, 2.043685534988008, 2.1916198750159768, 2.019029811946672, 2.109434131597, 2.14778747837027, 2.128610803167899, 1.9751974126208764, 1.8875326157731838, 1.8327421193588542, 1.6491939568204916, 1.613580129979353, 1.5231758091377294, 1.5670082034822268, 1.3642833652422304, 1.230046650405436, 1.1478609058783278, 1.0711542103632279, 1.0821123112810789, 1.0793727883363313, 1.1642980586032448, 1.090330887129231, 0.91500129794098, 0.9862289421214783, 0.9067827223083663, 0.9177408204162839, 1.1834747306045081, 1.1670375816944805, 0.9971870440470644, 0.9615732194785807, 0.7780250552502785, 0.7835041045900587]",[],[]
2025_01_31,2,antennae glued – flight,"[1, 2, 3, 4, 5, 6, 7, 8, 9, 10, 11, 12, 13, 14, 15, 16, 17, 18, 19, 20, 21, 22, 23, 24, 25, 26, 27, 28, 29, 30, 31, 32, 33, 34, 35, 36, 37, 38, 39, 40, 41, 42, 43, 44, 45, 46, 47, 48, 49, 50, 51, 52, 53, 54, 55, 56, 57]","[0.10550589395449139, 0.09202743922980969, 0.058166931411531016, 0.09268492878629994, 0.1546323989160334, 0.17949356952250817, 0.2731030759570945, 0.3164765726506889, 0.3001010762823113, 0.373821636286393, 0.4998122926788736, 0.7733057057190509, 1.0274443664026152, 1.4152374899836764, 1.772210979179286, 1.4990874259719853, 1.1927403188526584, 0.9610588921955452, 1.0278963988103498, 0.9095901163289748, 0.8733051400298382, 0.91197350140404, 0.848382305130033, 0.7574643888441293, 0.6698749680781221, 0.6252687133035157, 0.6347611664671268, 0.5342686387107468, 0.368972681699297, 0.3611650405737242, 0.2187988845975774, 0.2150594329793618, 0.13550368505234525, 0.12697691956135232, 0.08660319588973164, 0.12557976205657914, 0.07752167764679929, 0.08923313926166114, 0.04865395046427748, 0.04937307470474581, 0.016663166425477174, 0.08011052595197116, 0.028991021221824974, 0.0610434450234533, 0.09100013101284637, 0.07102900695105341, 0.10347181063960269, 0.07478900271113477, 0.07645326321501392, 0.08288429436096689, 0.10036930123940194, 0.086521011372832, 0.10626612542192901, 0.09671203811797577, 0.10982065681516191, 0.10953300685762873, 0.20527934047436744]","[1, 2, 3, 4, 5, 6, 7, 8, 9, 10, 11, 12, 13, 14, 15, 16, 17, 18, 19, 20, 21, 22, 23, 24, 25, 26, 27, 28, 29, 30, 31, 32, 33, 34, 35, 36, 37, 38, 39, 40, 41, 42, 43, 44, 45, 46, 47, 48, 49, 50, 51, 52, 53, 54, 55, 56, 57]","[-0.050000000000000155, -0.06875000000000028, -0.13437500000000013, -0.037500000000000144, -0.046875, -0.0875, 0.021874999999999978, -0.06250000000000008, -0.06562500000000013, -0.05937500000000001, -0.10937500000000017, -0.17500000000000004, -0.17812500000000014, -0.22500000000000017, -0.14375000000000004, -5.5125, -11.481250000000001, -16.299999999999997, -18.384375, -20.9125, -20.9875, -19.421875, -15.64375, -10.878125, -5.5, -2.375, 0.35937499999999967, 1.6625000000000005, 2.3999999999999995, 3.009375, 3.503125, 3.8625, 4.09375, 4.203125, 4.25625, 4.409375, 4.403125, 4.446875, 4.378125, 4.36875, 4.2125, 3.996875, 3.81875, 3.734375, 3.5656250000000003, 3.6406250000000004, 3.6656250000000004, 3.6687499999999997, 3.796875, 3.8125, 3.71875, 3.7625, 3.6937499999999996, 3.70625, 3.6343750000000004, 3.4749999999999996, 3.5437499999999997]","[1, 2, 3, 4, 5, 6, 7, 8, 9, 10, 11, 12, 13, 14, 15, 16, 17, 18, 19, 20, 21, 22, 23, 24, 25, 26, 27, 28, 29, 30, 31, 32, 33, 34, 35, 36, 37, 38, 39, 40, 41, 42, 43, 44, 45, 46, 47, 48, 49, 50, 51, 52, 53, 54, 55, 56, 57]","[0.043147517332139174, 0.13766112198046, 0.07191252745389143, 0.049311448891791176, -0.09245895988110142, -0.23422936878723544, -0.15204362546580885, -0.055475375626972134, -0.034928939814676596, -0.15820755554807997, -0.17875399226572464, -0.15409826934545023, -0.07807645516396233, -0.045202157475289884, -0.09862289038745553, -0.14998898104686642, -0.1068414654337344, 0.13149719405353677, 0.37805442703560477, 0.42531122970755364, 0.2794315346375753, 0.16026220632631905, -0.04931144037111279, -0.28765009911829953, -0.5588630578133795, -0.850622452517249, -1.0951250446565561, -1.2533326038714612, -1.4218133809770968, -1.5492012863161264, -1.6211138146087127, -1.647824182234698, -1.6313870321541875, -1.6745345493567205, -1.725900640450233, -1.693026343619953, -1.6663159775731335, -1.7361738611618995, -1.7115181379338082, -1.6765891955815682, -1.6067313136855073, -1.5389280747386422, -1.5183816387793487, -1.3499008601968563, -1.3848298037480444, -1.3499008642501225, -1.2471686855549802, -1.175256158054375, -1.0807425500707573, -1.062250756480681, -1.0355403910081744, -0.9944475187094408, -0.9574639321344507, -0.8999339105210415, -0.9122617716289048, -0.8444585315326605, -0.8403492449372827]",[],[]
2025_01_31,3,antennae glued – flight,"[1, 2, 3, 4, 5, 6, 7, 8, 9, 10, 11, 12, 13, 14, 15, 16, 17, 18, 19, 20, 21, 22, 23, 24, 25, 26, 27, 28, 29, 30, 31, 32, 33, 34, 35, 36, 37, 38, 39, 40, 41, 42, 43, 44, 45, 46, 47, 48, 49, 50, 51, 52, 53, 54, 55, 56, 57]","[0.051868309808779274, 0.054257173856975184, 0.05805597880989808, 0.08218569826268111, 0.10776919093090125, 0.12724537189123147, 0.16433486364231784, 0.22373502909737242, 0.27942405180265606, 0.38126855713198315, 0.4928073159479423, 0.6495299341005826, 0.9003241011914417, 1.3024860126648665, 1.678129348415362, 1.4019124173986863, 1.190603913098416, 0.9680743131415118, 0.8542124593040231, 0.778258284338199, 0.7242275933602369, 0.7757525331419567, 0.7917075043083694, 0.8875104279200929, 0.6384256885059483, 0.6628622446742669, 0.5463266134926277, 0.478021193317839, 0.35683931897707644, 0.3002736556715751, 0.208503290101101, 0.17694398406050962, 0.11438058130670226, 0.07888366356446024, 0.05154687221395051, 0.0633158634545821, 0.0003141392675015182, 0.04816447155229641, -0.0404499654924575, 0.009665047522246839, 0.01583810762658283, -0.00975999706830383, 0.007225047772576243, 0.0027614508072999404, 0.019658831205971367, 0.017145774857885366, 0.0327574050570908, 0.036074054838363234, 0.04148004758174304, 0.04821562216852121, 0.04751430414694081, 0.04970592273946591, 0.05762497131254444, 0.05841395377819456, 0.054637064674940894, 0.0593563500753046, 0.06183287906944031]","[1, 2, 3, 4, 5, 6, 7, 8, 9, 10, 11, 12, 13, 14, 15, 16, 17, 18, 19, 20, 21, 22, 23, 24, 25, 26, 27, 28, 29, 30, 31, 32, 33, 34, 35, 36, 37, 38, 39, 40, 41, 42, 43, 44, 45, 46, 47, 48, 49, 50, 51, 52, 53, 54, 55, 56, 57]","[-0.3111111111111111, -0.34222222222222215, -0.35, -0.36000000000000015, -0.35555555555555546, -0.29999999999999993, -0.28444444444444444, -0.2588888888888889, -0.29111111111111104, -0.2599999999999999, -0.29999999999999993, -0.2711111111111111, -0.28555555555555545, -0.26, -0.2533333333333333, -5.242222222222222, -9.552222222222223, -13.361111111111114, -15.69777777777778, -17.32666666666666, -18.16, -17.24111111111111, -14.235555555555557, -9.426666666666668, -4.315555555555554, -1.24, 1.0244444444444445, 2.5711111111111107, 3.5622222222222226, 4.4255555555555555, 5.192222222222222, 5.774444444444445, 6.32111111111111, 6.7444444444444445, 7.350000000000001, 7.697777777777778, 7.995555555555556, 8.257777777777775, 8.463333333333335, 8.634444444444446, 8.792222222222222, 8.884444444444444, 8.918888888888889, 9.021111111111113, 9.041111111111112, 9.076666666666668, 9.136666666666667, 9.213333333333335, 9.265555555555554, 9.334444444444443, 9.482222222222221, 9.540000000000001, 9.495555555555555, 9.58, 9.685555555555556, 9.794444444444444, 9.787777777777778]","[1, 2, 3, 4, 5, 6, 7, 8, 9, 10, 11, 12, 13, 14, 15, 16, 17, 18, 19, 20, 21, 22, 23, 24, 25, 26, 27, 28, 29, 30, 31, 32, 33, 34, 35, 36, 37, 38, 39, 40, 41, 42, 43, 44, 45, 46, 47, 48, 49, 50, 51, 52, 53, 54, 55, 56, 57]","[0.179712829218097, 0.1570660905535866, 0.11615585266581327, 0.09935343415543198, 0.12419179192505143, 0.07232345530642495, -0.022646739185471967, 0.04237131628793236, -0.005844320494445141, 0.007305398878926105, -0.06647913607486153, -0.006574859342222636, 0.01826349852650332, 0.10227559307115541, 0.05844319592114036, 0.1176169315764006, 0.11542531191378566, 0.2513057431541932, 0.20820388638074278, 0.3294735193319555, 0.36088673783108616, 0.4931144687177185, 0.5267193056643625, 0.5135695868618749, 0.40544967274449845, 0.08839533239253052, -0.17313797109974477, -0.4536653152019895, -0.6604081244295391, -0.8371987947223456, -0.962851669876027, -1.084121304871092, -1.1820136592113397, -1.3668402696484325, -1.4815350434909207, -1.6656311138941184, -1.6247208761273284, -1.6342178957909472, -1.6312957364840996, -1.587463339178004, -1.647367616078841, -1.6532119351016783, -1.6722059742723923, -1.6685532751144263, -1.6057268387928028, -1.646637076764544, -1.5969603586056558, -1.5450920212248225, -1.5319423027001597, -1.4983374640299214, -1.4917626043677732, -1.5092955639428738, -1.4946847643560264, -1.4669242448190576, -1.3631875707040415, -1.3609959515344174, -1.2696784579704365]",[],[]
2025_01_31,4,antennae glued – flight,"[1, 2, 3, 4, 5, 6, 7, 8, 9, 10, 11, 12, 13, 14, 15, 16, 17, 18, 19, 20, 21, 22, 23, 24, 25, 26, 27, 28, 29, 30, 31, 32, 33, 34, 35, 36, 37, 38, 39, 40, 41, 42, 43, 44, 45, 46, 47, 48, 49, 50, 51, 52, 53, 54, 55, 56, 57]","[0.09369170856217963, 0.08087073959975162, 0.09106176578032195, 0.10632482382308314, 0.1165628132372983, 0.13793109331289197, 0.17226123108414412, 0.2788208666436261, 0.4011601390804879, 0.5254718548766337, 0.697592147246459, 0.8590987481627105, 1.0430068152858698, 1.3522597841958937, 1.7886422485916411, 1.4601813176916296, 1.1838965548226492, 0.9756615214029354, 1.0543719305814074, 0.9778688061938777, 0.9125898956536853, 0.9670202962575425, 0.9929909650972031, 0.6751436776708528, 1.1084735709826408, 0.5983118276484044, 0.7386849970789128, 0.5307317367536708, 0.6004251943435325, 0.30587170308981787, 0.4617896770370585, 0.2574056244129424, 0.2737488305419621, 0.2005331249865143, 0.1816069339963843, 0.15864190373995848, 0.1359586522230132, 0.13004128211539132, 0.11506000381868216, 0.1248753240862418, 0.11125598001440107, 0.1507520762302013, 0.07636228009593748, 0.102755630610513, 0.08495655607582132, 0.1194745497032246, 0.08725775599444423, 0.09007555121467745, 0.07457767679078878, 0.08744560906106605, 0.10430541835424363, 0.12492228777223968, 0.13802503595385465, 0.1408897947229151, 0.151738306583574, 0.14596182628277848, 0.15493180795702527]","[1, 2, 3, 4, 5, 6, 7, 8, 9, 10, 11, 12, 13, 14, 15, 16, 17, 18, 19, 20, 21, 22, 23, 24, 25, 26, 27, 28, 29, 30, 31, 32, 33, 34, 35, 36, 37, 38, 39, 40, 41, 42, 43, 44, 45, 46, 47, 48, 49, 50, 51, 52, 53, 54, 55, 56, 57]","[-0.12142857142857112, -0.17857142857142844, -0.20000000000000018, -0.27142857142857163, -0.2285714285714285, -0.1428571428571426, -0.12142857142857137, -0.007142857142856863, -0.13571428571428573, -0.06428571428571393, -0.22142857142857153, -0.1428571428571425, -0.4571428571428573, -0.48571428571428577, -0.43571428571428567, -5.5, -7.7, -9.364285714285714, -10.385714285714286, -11.971428571428573, -4.05, -14.357142857142858, -10.585714285714287, -6.278571428571428, -4.214285714285715, -2.5357142857142856, -0.6214285714285713, 0.2571428571428575, 2.021428571428571, 3.2428571428571424, 4.307142857142858, 5.371428571428569, 6.085714285714286, 6.699999999999998, 7.171428571428571, 7.785714285714286, 8.028571428571428, 8.35, 8.585714285714285, 8.935714285714287, 9.035714285714286, 9.5, 9.714285714285714, 9.742857142857144, 9.814285714285715, 9.857142857142858, 9.957142857142857, 10.092857142857143, 9.971428571428572, 9.992857142857142, 9.999999999999998, 10.157142857142857, 10.285714285714286, 10.292857142857143, 10.221428571428572, 10.150000000000002, 9.942857142857145]","[1, 2, 3, 4, 5, 6, 7, 8, 9, 10, 11, 12, 13, 14, 15, 16, 17, 18, 19, 20, 21, 22, 23, 24, 25, 26, 27, 28, 29, 30, 31, 32, 33, 34, 35, 36, 37, 38, 39, 40, 41, 42, 43, 44, 45, 46, 47, 48, 49, 50, 51, 52, 53, 54, 55, 56, 57]","[0.07983758170957803, -0.05165962073612462, -0.13149721213906165, -0.30056504734026185, -0.4602402219387664, -0.5259888229530745, -0.19254948647547313, 0.09862289149932682, 0.14088985280133265, 0.23951275659568694, 0.2582980728554247, 0.34752831782736443, 0.6340043664061719, 0.5447741233028641, 0.6340043678626961, 0.4884181801942355, -0.40388426309150866, -1.6108407355227214, -2.841278867795371, -4.048235375698348, -5.21762126593701, -6.278991605852753, -7.1290271515505665, -7.988455347458803, -8.641245065499088, -9.223589851168743, -9.519458570986984, -9.669741091625099, -9.744882351304593, -9.542940200981706, -9.373872356011251, -9.129663247380199, -8.810312874115322, -8.500355160021245, -8.171612132774696, -7.918010369362238, -7.701979240074905, -7.288702294028547, -6.82846206109475, -6.311865881417704, -5.936159572650878, -5.593327564221442, -5.189443282983926, -4.74329204807202, -4.175036264156953, -3.9590051403569575, -3.8556859075378904, -3.6819217466117604, -3.5363355593857215, -3.3250007632962757, -2.95399078869088, -2.6816037184526658, -2.5454101737561317, -2.3105937315614082, -1.9489764172776864, -1.7000709924705169, -1.6155370761720806]",[],[]
2025_02_04,1,antennae glued – flight,"[1, 2, 3, 4, 5, 6, 7, 8, 9, 10, 11, 12, 13, 14, 15, 16, 17, 18, 19, 20, 21, 22, 23, 24, 25, 26, 27, 28, 29, 30, 31, 32, 33, 34, 35, 36, 37, 38, 39, 40, 41, 42, 43, 44, 45, 46, 47, 48, 49, 50, 51, 52, 53, 54, 55, 56, 57]","[0.03274278013838927, 0.039712126464543876, 0.04188182823798672, 0.04405153031053839, 0.05391381366432679, 0.05917369792205114, 0.06574855331686855, 0.07863527001920453, 0.09678187117871469, 0.14063615633037085, 0.23531406967597515, 0.42282892882687706, 0.8553228445009683, 1.3260823954259213, 1.5146492137362515, 1.2817021311406902, 0.937574268926382, 0.7508484124424561, 0.6247427086296311, 0.5545890130706664, 0.6305943276609284, 0.6484121840185872, 1.0673618879675804, 0.1520763540641387, 1.004177540433731, 0.1616756793950223, 0.5365739078676885, 0.16857929007310793, 0.2265037628148027, 0.09250821625391334, 0.05371656901570623, 0.009139048983842013, -0.03326877016313967, -0.05246734898289127, -0.07791204099567584, -0.014267439595909703, -0.1268289699827918, -0.12170058129857006, -0.11545446782897222, -0.10835362329780449, -0.10407996684109189, -0.029258110186098096, -0.11223278882630192, -0.05509729089065234, -0.0899440268388872, -0.07521634933406589, -0.07252065833662794, -0.08027898832181465, -0.07856952586428209, -0.05029764583638367, -0.05634651302632132, -0.057201244369782175, -0.04707596641741365, -0.04733896068030672, -0.04779920056169684, -0.04405153276434506, -0.04444602410558825]","[1, 2, 3, 4, 5, 6, 7, 8, 9, 10, 11, 12, 13, 14, 15, 16, 17, 18, 19, 20, 21, 22, 23, 24, 25, 26, 27, 28, 29, 30, 31, 32, 33, 34, 35, 36, 37, 38, 39, 40, 41, 42, 43, 44, 45, 46, 47, 48, 49, 50, 51, 52, 53, 54, 55, 56, 57]","[-0.10999999999999979, -0.10999999999999979, -0.15999999999999978, -0.21999999999999958, -0.16999999999999957, -0.15, -0.1399999999999995, -0.16999999999999993, -0.1, -0.12999999999999973, -0.12999999999999973, -0.21999999999999992, -0.10999999999999979, -0.7100000000000002, -0.43999999999999984, -6.87, -11.08, -17.4, -17.169999999999998, -16.55, -16.8, -15.279999999999998, -9.790000000000001, -3.990000000000001, -0.8199999999999996, 1.4900000000000004, 3.21, 4.82, 6.35, 7.3100000000000005, 7.779999999999999, 8.260000000000002, 8.48, 8.57, 8.620000000000001, 8.56, 8.340000000000002, 8.430000000000001, 8.28, 8.15, 8.059999999999999, 7.929999999999998, 7.950000000000001, 8.120000000000001, 7.93, 7.459999999999999, 7.390000000000001, 7.57, 7.289999999999999, 6.860000000000001, 6.040000000000001, 5.77, 6.0200000000000005, 6.089999999999999, 5.890000000000001, 5.510000000000001, 5.43]","[1, 2, 3, 4, 5, 6, 7, 8, 9, 10, 11, 12, 13, 14, 15, 16, 17, 18, 19, 20, 21, 22, 23, 24, 25, 26, 27, 28, 29, 30, 31, 32, 33, 34, 35, 36, 37, 38, 39, 40, 41, 42, 43, 44, 45, 46, 47, 48, 49, 50, 51, 52, 53, 54, 55, 56, 57]","[0.06574859899116917, 0.085473177762087, 0.006574863760815219, -0.006574854694461863, 0.14464691609740185, 0.14464691531896393, 0.08547317915857917, 0.032874301750455005, 0.23669494241055275, 0.28929381709417895, 0.14464691129963542, 0.10519775556367392, 0.03287430013033941, 0.3944915747366281, 0.6574859550906424, 0.7429591320806679, 0.5457133467368707, 0.8087077281208905, 1.1966244382212097, 1.4398942394975776, 1.499067975916354, 1.6239903091910464, 1.354421070577287, 0.9533546408181607, 0.9073306218677388, 0.821857446886824, 0.585162505382921, 0.49968932872896377, 0.558863064617087, 0.6246116600426006, 1.0191032282899521, 1.1045764033142178, 1.1900495784431881, 1.3083970537677445, 1.5187925556005424, 1.577966291161158, 1.222923880024203, 1.413594803947784, 1.4004450823395245, 1.2294987374176416, 1.0914266886220318, 1.045402672333148, 0.9336300579764284, 1.0782769678377946, 1.005953513406169, 0.9730792166681752, 0.8547317419292128, 0.63776137980403, 0.35504241692503913, 0.6180367985613913, 0.4865396079664876, 0.5194139043317818, 0.6903602554847239, 0.7166596921536339, 0.6180367969234126, 0.43394073253257515, 0.46681502670889186]",[],[]
2025_02_04,2,antennae glued – flight,"[1, 2, 3, 4, 5, 6, 7, 8, 9, 10, 11, 12, 13, 14, 15, 16, 17, 18, 19, 20, 21, 22, 23, 24, 25, 26, 27, 28, 29, 30, 31, 32, 33, 34, 35, 36, 37, 38, 39, 40, 41, 42, 43, 44, 45, 46, 47, 48, 49, 50, 51, 52, 53, 54, 55, 56, 57]","[0.6221458195027064, 0.7495336492712122, 0.7799423554086992, 0.7569303615923482, 0.7625189885530164, 0.7710663007508372, 0.760382160914953, 0.7990094349011441, 0.9078232859869503, 0.9960907089698163, 1.0135140605808899, 1.1673656630250642, 1.3388049979740704, 1.4533718344579738, 2.061052722350968, 1.7610750046863042, 1.6277698390324264, 1.4744113681045579, 1.3128343268685057, 1.2207863666601177, 1.141230628188481, 1.3218747512885218, 1.844082536760526, 0.8001600175521473, 1.5778009475001546, 1.1221635487584818, 1.0371835524940811, 0.9997068828469058, 0.7782986410602191, 0.7921058375398858, 0.6689916706298488, 0.6724434698533049, 0.6065305421908616, 0.5810529760594922, 0.5563972666901977, 0.5522879818097353, 0.5465349829338606, 0.5606709231275544, 0.5642870938269362, 0.5621502656343764, 0.5536029530299489, 0.5494936680983904, 0.5688894929344505, 0.5567260095740534, 0.5514661247288022, 0.5759574629631963, 0.5942026877904869, 0.5963395159164481, 0.5751356058918304, 0.6203377391931806, 0.6173790542255007, 0.6182009111585627, 0.628556308885301, 0.6099823415371476, 0.614749111945573, 0.6017637718949395, 0.5922302310582257]","[1, 2, 3, 4, 5, 6, 7, 8, 9, 10, 11, 12, 13, 14, 15, 16, 17, 18, 19, 20, 21, 22, 23, 24, 25, 26, 27, 28, 29, 30, 31, 32, 33, 34, 35, 36, 37, 38, 39, 40, 41, 42, 43, 44, 45, 46, 47, 48, 49, 50, 51, 52, 53, 54, 55, 56, 57]","[-0.024999999999999467, -0.10000000000000053, -0.17499999999999982, 0.024999999999999467, -0.1750000000000007, 0.024999999999999467, -0.125, 0.024999999999999467, -0.10000000000000053, -0.15000000000000124, 0.024999999999999467, -8.881784197001252e-16, -0.025000000000001243, -0.1250000000000009, -0.15000000000000036, -5.45, -7.624999999999999, -13.875, -11.95, -13.075000000000003, -13.225000000000001, -13.450000000000003, -6.575, -2.825, -0.6000000000000005, 0.47499999999999876, 1.6999999999999993, 2.2249999999999996, 2.1999999999999984, 1.4249999999999998, 1.1999999999999993, 1.0999999999999996, 0.9999999999999991, 0.4249999999999998, 0.125, -0.07500000000000018, -0.40000000000000036, -0.39999999999999947, -0.47500000000000053, -0.5750000000000002, -0.7500000000000009, -0.9250000000000007, -0.9750000000000005, -1.1750000000000007, -1.075000000000002, -1.0500000000000007, -0.9750000000000005, -0.9750000000000005, -1.0750000000000002, -0.8500000000000005, -0.6000000000000005, -0.5500000000000007, -0.7250000000000005, -0.7999999999999998, -0.4500000000000002, -0.17499999999999982, -0.20000000000000018]","[1, 2, 3, 4, 5, 6, 7, 8, 9, 10, 11, 12, 13, 14, 15, 16, 17, 18, 19, 20, 21, 22, 23, 24, 25, 26, 27, 28, 29, 30, 31, 32, 33, 34, 35, 36, 37, 38, 39, 40, 41, 42, 43, 44, 45, 46, 47, 48, 49, 50, 51, 52, 53, 54, 55, 56, 57]","[0.5588630279519311, 0.4602401423837499, 0.6081744726772733, 0.7561088024647127, 0.6410487680397416, 0.6081744720056168, 0.26299436727506276, 0.26299436727506276, 0.3451801068887601, 0.4931144361270636, 0.3123058117798081, 0.42736584609596484, 0.37805440367467824, 0.6739230637510634, 0.6410487677432197, 0.41092869707225077, 0.09862288917021189, 0.41092869836455925, 1.2327860859189066, 2.05464346626084, 2.679255071033845, 2.860063691598482, 2.8107522487041408, 2.514883594015007, 2.136829203245952, 1.216348937300591, 0.41092869925520326, 0.016437151502593395, 0.1808086297809126, 0.2794315159195797, 0.5095515836142326, 0.5259887323929817, 0.706797358355093, 0.8547316881475453, 0.6739230609171187, 0.6903602092067782, 0.5917373231706566, 0.4109286976223565, 0.3780544031070132, 0.21368292314999948, 0.24655721936887254, 0.1479343307029275, -0.1972457766911404, -1.085060929995052e-09, 0.06574858806984807, 0.2301200686265279, 0.0821857404942552, 0.06574859187938564, 0.29586866234038567, 0.3287429585240389, 0.5259887316948575, 0.41092869823358136, 0.7067973586951091, 0.5259887334532589, 0.39449155006991354, 0.5259887306258548, 0.4273658438957426]",[],[]
2025_02_13,1,antennae glued – flight,"[1, 2, 3, 4, 5, 6, 7, 8, 9, 10, 11, 12, 13, 14, 15, 16, 17, 18, 19, 20, 21, 22, 23, 24, 25, 26, 27, 28, 29, 30, 31, 32, 33, 34, 35, 36, 37, 38, 39, 40, 41, 42, 43, 44, 45, 46, 47, 48, 49, 50, 51, 52, 53, 54, 55, 56, 57]","[0.0032874276882359846, 0.20004003042251034, 0.27203470529674995, 0.23998228166417224, 0.32841409360595036, 0.4209551842623912, 0.3920258204708299, 0.3795335953288608, 0.41191475831022817, 0.4303243532565155, 0.4682941423723989, 0.5731630804256063, 0.7686006368569385, 1.2428120011399906, 2.0058238277692997, 1.5569256536747977, 1.3483384094834023, 1.1731185490031972, 1.033567269632977, 0.9083162949474457, 0.8239937865892103, 0.9502309916924465, 1.371021655753414, 0.9507241059164737, 1.5117235323259086, 0.6191870529104984, 0.9730786095147275, 0.5593558820054032, 0.613105323381703, 0.4554731743914278, 0.41175038635400574, 0.3548778872593233, 0.3162506103808635, 0.30655269847944555, 0.28847184529036757, 0.2776233333135055, 0.2641448791910265, 0.24968019643960332, 0.23850294144462864, 0.22502448676901227, 0.22601071516397575, 0.2406397695277812, 0.24672151120263008, 0.2514882817197823, 0.2529676243389712, 0.24984456782905629, 0.25839188040922734, 0.2674323071343931, 0.26644607865854336, 0.2482008536285939, 0.23653048371297125, 0.22732568560381772, 0.2478721106335134, 0.26266553651167573, 0.2786095618081415, 0.27745896199959913, 0.28091076134579007]","[1, 2, 3, 4, 5, 6, 7, 8, 9, 10, 11, 12, 13, 14, 15, 16, 17, 18, 19, 20, 21, 22, 23, 24, 25, 26, 27, 28, 29, 30, 31, 32, 33, 34, 35, 36, 37, 38, 39, 40, 41, 42, 43, 44, 45, 46, 47, 48, 49, 50, 51, 52, 53, 54, 55, 56, 57]","[-0.27500000000000036, -0.32499999999999973, -0.2749999999999999, -0.375, -0.34999999999999964, -0.3500000000000001, -0.5749999999999997, -0.5250000000000004, -0.37499999999999956, -0.37499999999999956, -0.37499999999999956, -0.4249999999999998, -0.4249999999999998, -0.4750000000000001, -0.4249999999999998, -8.25, -11.475000000000001, -18.025, -15.799999999999997, -16.425, -16.675, -17.575, -13.400000000000002, -5.15, -1.0500000000000007, 1.6499999999999997, 4.025, 5.574999999999999, 7.125, 8.4, 9.275, 9.9, 10.425, 10.875, 11.2, 10.375, 10.625, 10.25, 10.35, 10.325, 10.325, 10.075, 10.125, 10.5, 10.225, 10.200000000000001, 9.875, 9.799999999999999, 10.125, 10.350000000000001, 10.700000000000001, 10.875, 11.125, 11.350000000000001, 11.275, 11.125, 10.875]","[1, 2, 3, 4, 5, 6, 7, 8, 9, 10, 11, 12, 13, 14, 15, 16, 17, 18, 19, 20, 21, 22, 23, 24, 25, 26, 27, 28, 29, 30, 31, 32, 33, 34, 35, 36, 37, 38, 39, 40, 41, 42, 43, 44, 45, 46, 47, 48, 49, 50, 51, 52, 53, 54, 55, 56, 57]","[-0.295868680469372, -0.39449157520182965, -0.23012008424756303, -0.11506003723831881, 0.2465572435440997, 0.13149720071772109, 0.18080864823988918, 0.016437157364400434, -0.18080863249388202, 0.13149720152122413, 0.14793435144203926, 8.747836233169437e-09, 0.03287430696869009, 0.049311456182479674, 0.1972457984635092, -0.29586867770865766, -0.4602401704603096, -0.7889831543280401, -0.65748595927138, -0.5424259144109556, -0.24655722857648144, 0.49311448268139557, 1.2163490399540642, 1.2656604865155572, 1.7094635099045767, 1.9395835944360762, 1.5615291677712122, 0.9697918033319901, 0.5095516307630099, 0.4766773327344218, 0.47667733363281073, 0.1150600533956947, -0.11506003491220085, -0.49311446759864097, -0.5917373647985826, -0.7067974104258674, -0.6081745175332962, -0.5753002187039051, -0.5095516250527155, -0.361617283060891, -0.2794315367900033, -0.1643714921959365, 0.04931144412957522, 0.049311438847244204, 0.2136829320129685, 0.032874293224320894, -0.03287430344238018, -0.19724579328326897, 0.08218574244427401, 0.1643714919563557, -0.21368293551629236, -0.21368293303266483, -0.0164371409667865, 0.16437149935658368, 0.6739231221979836, 0.5424259303770533, 0.6410488241785366]",[],[]
2025_02_13,2,antennae glued – flight,"[1, 2, 3, 4, 5, 6, 7, 8, 9, 10, 11, 12, 13, 14, 15, 16, 17, 18, 19, 20, 21, 22, 23, 24, 25, 26, 27, 28, 29, 30, 31, 32, 33, 34, 35, 36, 37, 38, 39, 40, 41, 42, 43, 44, 45, 46, 47, 48, 49, 50, 51, 52, 53, 54, 55, 56, 57]","[0.04411728398747063, 0.04812794612101706, 0.052828967565129295, 0.060077745249447166, 0.07939138687757392, 0.09351089115233638, 0.09755442729203373, 0.12589205534148912, 0.15421324468255387, 0.18343847655741707, 0.2664953345383907, 0.5456472394194994, 0.7906920730625945, 1.1347541962683931, 1.7090677070855158, 1.3278083504241818, 1.1060056483807243, 0.9282215931821893, 0.840792468828855, 0.7401971983123833, 0.7936014527461359, 0.9841571633582765, 0.8350065481072626, 0.751045680087804, 0.8045814472240098, 0.6118724689992912, 0.5544575556419373, 0.39721989167429184, 0.3314056044766666, 0.24839805950640131, 0.18878056037115482, 0.15074502240562018, 0.09130832788070666, 0.07362196520056734, 0.034731693132760644, 0.025247464356555744, 0.012722363351009559, 0.012788112203722567, 0.017653505333584712, 0.029143065426674948, 0.036145285868011, 0.045695266260624035, 0.049262124982398306, 0.05984764374500116, 0.05874635524983918, 0.06962774181352951, 0.08507865315588636, 0.07873391738545288, 0.09194937754860413, 0.09004266925390436, 0.10508265202907197, 0.10698936018535662, 0.09589429070206221, 0.1183474232533743, 0.10547714331573813, 0.1133176587909986, 0.11287385608002139]","[1, 2, 3, 4, 5, 6, 7, 8, 9, 10, 11, 12, 13, 14, 15, 16, 17, 18, 19, 20, 21, 22, 23, 24, 25, 26, 27, 28, 29, 30, 31, 32, 33, 34, 35, 36, 37, 38, 39, 40, 41, 42, 43, 44, 45, 46, 47, 48, 49, 50, 51, 52, 53, 54, 55, 56, 57]","[-0.19249999999999973, -0.20999999999999988, -0.2200000000000001, -0.19499999999999987, -0.20500000000000013, -0.2249999999999998, -0.26499999999999985, -0.30999999999999994, -0.23499999999999996, -0.2974999999999999, -0.31750000000000006, -0.3624999999999998, -0.3374999999999999, -0.475, -0.35, -7.525000000000001, -14.275, -17.072499999999998, -17.075, -17.017500000000002, -18.000000000000007, -14.747499999999999, -7.154999999999999, -3.062499999999999, -0.5325000000000003, 0.8700000000000004, 2.8825, 4.2675, 5.025, 5.495, 5.955, 6.420000000000002, 6.7375, 7.039999999999999, 6.952499999999999, 6.897500000000001, 6.8075, 6.654999999999999, 6.5200000000000005, 6.4875, 6.315, 6.32, 6.2675, 6.055, 5.9975000000000005, 5.835, 5.81, 5.835, 5.86, 5.81, 5.680000000000001, 5.6375, 5.589999999999999, 5.3325000000000005, 5.2325, 4.992500000000001, 4.7525]","[1, 2, 3, 4, 5, 6, 7, 8, 9, 10, 11, 12, 13, 14, 15, 16, 17, 18, 19, 20, 21, 22, 23, 24, 25, 26, 27, 28, 29, 30, 31, 32, 33, 34, 35, 36, 37, 38, 39, 40, 41, 42, 43, 44, 45, 46, 47, 48, 49, 50, 51, 52, 53, 54, 55, 56, 57]","[0.04602401683574229, 0.12985348127487342, 0.17916493372647863, 0.154509210217093, 0.21203923529355356, 0.30737470675475365, 0.4059976056366999, 0.4158598965174519, 0.45695277297207537, 0.3944916053860531, 0.5046205117938711, 0.5128390882519767, 0.5539319626700706, 0.4701024989825836, 0.3944916104824362, 0.38791675106790036, 0.197245812730948, -0.30573097665437954, -1.0881393208575194, -2.0069760185673844, -2.79267180593919, -3.5274124324231138, -4.145449296174162, -4.631988957851116, -5.054423731620263, -5.383166747643547, -5.580412557306543, -5.649448589384297, -5.697116325710233, -5.751358922154628, -5.751358921815912, -5.723415765619261, -5.572193977455487, -5.532744815681026, -5.486720794069123, -5.342073868471894, -5.258244402363144, -5.005112281512482, -4.929501388161304, -4.904845663022748, -4.661575834725943, -4.521860055754656, -4.350913689832092, -4.211197911025124, -4.109287577227244, -3.8709488955748776, -3.7180833979655135, -3.512619016928255, -3.2578431870932234, -3.1345645589935662, -3.0063547844897878, -2.8814324421845385, -2.7877406848013537, -2.8222586980876527, -2.7367855125593037, -2.63816260808658, -2.5313211294929925]",[],[]
2025_02_13,3,antennae glued – flight,"[1, 2, 3, 4, 5, 6, 7, 8, 9, 10, 11, 12, 13, 14, 15, 16, 17, 18, 19, 20, 21, 22, 23, 24, 25, 26, 27, 28, 29, 30, 31, 32, 33, 34, 35, 36, 37, 38, 39, 40, 41, 42, 43, 44, 45, 46, 47, 48, 49, 50, 51, 52, 53, 54, 55, 56, 57]","[0.058617374886381565, 0.060766846796406954, 0.06142433486724389, 0.06471176390680262, 0.07902472135161834, 0.10178383938563004, 0.14591124351052046, 0.14879406478937704, 0.17099684699243428, 0.21856339941415073, 0.31480917259756025, 0.5528442214037, 0.7484714337270764, 1.2696550784652527, 1.8389362964044003, 1.4880160973047265, 1.3286011745157111, 1.1132241272093117, 0.9436434658846337, 0.8282294855560454, 0.786200993375191, 1.0017044842395362, 0.8844444572992768, 1.2405739799809288, 0.6587246549470881, 1.0650253836791361, 0.5303379905790861, 0.6571821121160942, 0.40680658355366267, 0.38687971233948887, 0.31139531679500554, 0.2524239200296044, 0.2214968107220003, 0.16505419747939326, 0.12173601218469601, 0.09902747155632433, 0.07429589739663517, 0.09283193228571948, 0.11245534991518708, 0.12585794061518182, 0.10944608928742583, 0.10537473622164928, 0.11460482213439782, 0.11283466913910288, 0.12477056150216702, 0.134076511466698, 0.13832487945650632, 0.13721221183067484, 0.129777566986674, 0.12254522415783854, 0.14988145319017482, 0.13774325781762967, 0.14608826728543073, 0.14613884281448186, 0.14017089597999524, 0.11738648836556538, 0.10537472805706102]","[1, 2, 3, 4, 5, 6, 7, 8, 9, 10, 11, 12, 13, 14, 15, 16, 17, 18, 19, 20, 21, 22, 23, 24, 25, 26, 27, 28, 29, 30, 31, 32, 33, 34, 35, 36, 37, 38, 39, 40, 41, 42, 43, 44, 45, 46, 47, 48, 49, 50, 51, 52, 53, 54, 55, 56, 57]","[0.057692307692307966, 0.10769230769230792, 0.09230769230769259, 0.07307692307692316, 0.06923076923076933, 0.11923076923076928, 0.0692307692307694, 0.0884615384615385, 0.0576923076923079, 0.011538461538461702, 0.07307692307692343, 0.05000000000000016, -0.042307692307692366, -0.07307692307692329, -0.2269230769230768, -4.773076923076923, -9.276923076923076, -12.657692307692306, -9.130769230769232, -12.196153846153846, -12.884615384615385, -13.446153846153846, -8.396153846153846, -4.376923076923077, -0.43846153846153857, 1.9846153846153847, 3.930769230769231, 5.31923076923077, 5.957692307692308, 6.396153846153846, 6.334615384615385, 6.25, 6.199999999999999, 6.069230769230769, 6.06153846153846, 5.742307692307694, 5.661538461538461, 5.419230769230769, 5.184615384615385, 4.946153846153846, 4.519230769230768, 4.3961538461538465, 4.253846153846154, 4.05, 3.8615384615384616, 3.6384615384615384, 3.484615384615385, 3.380769230769231, 3.1692307692307695, 3.226923076923077, 3.16923076923077, 2.715384615384615, 2.4846153846153842, 2.103846153846154, 1.9576923076923074, 2.1000000000000005, 2.4000000000000004]","[1, 2, 3, 4, 5, 6, 7, 8, 9, 10, 11, 12, 13, 14, 15, 16, 17, 18, 19, 20, 21, 22, 23, 24, 25, 26, 27, 28, 29, 30, 31, 32, 33, 34, 35, 36, 37, 38, 39, 40, 41, 42, 43, 44, 45, 46, 47, 48, 49, 50, 51, 52, 53, 54, 55, 56, 57]","[0.22000492256001153, 0.1972457924782675, 0.2301200918004413, 0.28322472774228546, 0.3009262730540314, 0.36414607882732497, 0.3388581563116408, 0.3464445327513089, 0.2402352609870261, 0.30598385815465545, 0.3388581584789475, 0.36414608134758836, 0.3464445382777649, 0.268051979547715, 0.2882823175589571, 0.18713062849787576, 0.23012009606915795, 0.3944915898386867, 0.7813967981353772, 1.2871552397160204, 1.9117669148564251, 2.4251117317661803, 2.9030534608753333, 2.8625927888737, 2.62235753237095, 2.404881403747354, 2.141887015384565, 1.9370548473552112, 1.8030288614692433, 1.6614164983032664, 1.5071601739738436, 1.2972704198733582, 1.072207912282151, 0.9027788329059311, 0.8016271435577189, 0.6473708182617349, 0.4754129461934281, 0.39196280279653123, 0.33632937399326196, 0.34138695853759227, 0.2882823208625075, 0.33885816520066814, 0.3287429957771009, 0.2731095665864066, 0.1643715001235457, 0.13655478535106133, 0.09103652485109684, 0.03793188811462373, 0.04804705678442481, -0.032874294738077264, -0.08345013951079877, -0.19724579080052143, -0.24023525953306163, -0.15931390894031622, -0.09103651789316941, -0.18460183056754212, -0.17448666154697834]",[],[]
2025_02_14,1,antennae glued – flight,"[1, 2, 3, 4, 5, 6, 7, 8, 9, 10, 11, 12, 13, 14, 15, 16, 17, 18, 19, 20, 21, 22, 23, 24, 25, 26, 27, 28, 29, 30, 31, 32, 33, 34, 35, 36, 37, 38, 39, 40, 41, 42, 43, 44, 45, 46, 47, 48, 49, 50, 51, 52, 53, 54, 55, 56, 57]","[0.010094337022227983, 0.010249039504449095, 0.011119240981667635, 0.012008780326853055, 0.013710507641477028, 0.017655420964412343, 0.022953980999265686, 0.03273891292492845, 0.050316982178141845, 0.08123813993895534, 0.16431337576175117, 0.3257840797350986, 0.6052153994931099, 1.0482638885241302, 1.653285835622177, 1.3262835267958524, 1.059885910742476, 0.8778591419780967, 0.7544645998522469, 0.6709059374405255, 0.6283821001857728, 0.648164676324135, 0.928485516981575, 0.39613496192705294, 0.7017689904709097, 0.4001765835850536, 0.529778602997961, 0.33746411517606467, 0.33241695222764917, 0.19212114997083166, 0.1536389087417577, 0.08839313820322203, 0.050104273418710224, 0.021252260049086143, 0.011776731949435612, -0.035716931636837014, -0.041054167334696565, -0.048131806584381376, -0.030070291004457187, -0.05257950337340851, -0.05505474343781016, -0.03206208591239692, -0.051341883617665895, -0.040802775863917666, -0.04202105810352634, -0.03270023290804919, -0.03774740208715251, -0.014677392917195184, -0.015895674923594588, 0.004892472151274118, 0.007464401073477463, 0.012530907562189638, 0.013942567767918945, 0.017423373754274222, 0.02036272102621531, 0.022238488681961033, 0.021600340927931644]","[1, 2, 3, 4, 5, 6, 7, 8, 9, 10, 11, 12, 13, 14, 15, 16, 17, 18, 19, 20, 21, 22, 23, 24, 25, 26, 27, 28, 29, 30, 31, 32, 33, 34, 35, 36, 37, 38, 39, 40, 41, 42, 43, 44, 45, 46, 47, 48, 49, 50, 51, 52, 53, 54, 55, 56, 57]","[-0.17058823529411765, -0.20588235294117632, -0.23823529411764705, -0.23529411764705868, -0.25, -0.31470588235294117, -0.3382352941176471, -0.3470588235294118, -0.30294117647058827, -0.31470588235294106, -0.27941176470588225, -0.3794117647058824, -0.3500000000000001, -0.38529411764705873, -0.4529411764705883, -4.070588235294117, -11.61470588235294, -15.585294117647058, -15.494117647058825, -16.594117647058823, -19.16764705882353, -19.488235294117644, -15.258823529411764, -7.197058823529411, -3.038235294117647, -0.6970588235294118, 1.1558823529411764, 2.8323529411764703, 4.452941176470588, 5.91764705882353, 7.226470588235294, 8.408823529411764, 9.358823529411765, 10.173529411764704, 10.820588235294117, 11.347058823529412, 11.855882352941178, 12.258823529411766, 12.617647058823527, 12.84705882352941, 12.988235294117647, 13.33235294117647, 13.452941176470588, 13.511764705882353, 13.567647058823532, 13.558823529411766, 13.58235294117647, 13.538235294117648, 13.564705882352941, 13.402941176470586, 13.382352941176473, 13.31764705882353, 13.28529411764706, 13.282352941176471, 13.226470588235292, 13.161764705882353, 12.982352941176472]","[1, 2, 3, 4, 5, 6, 7, 8, 9, 10, 11, 12, 13, 14, 15, 16, 17, 18, 19, 20, 21, 22, 23, 24, 25, 26, 27, 28, 29, 30, 31, 32, 33, 34, 35, 36, 37, 38, 39, 40, 41, 42, 43, 44, 45, 46, 47, 48, 49, 50, 51, 52, 53, 54, 55, 56, 57]","[-0.5375914447929411, -0.5163198403938094, -0.46024015738985574, -0.42929964582902386, -0.41769695331360274, -0.26299438085196913, -0.33647810086534674, -0.39255778637732586, -0.31714027747883666, -0.22238495002981568, -0.27653085223635043, -0.23012008201289108, -0.20498091493615014, -0.19724578725290762, -0.1991795692594345, -0.21658360640858104, -0.8083209564831784, -1.6263108320521296, -2.653149197334259, -3.5446228119867205, -4.322003280445503, -5.008495987579576, -5.623438751966934, -5.722061652326276, -5.753002170099929, -5.439729442447341, -5.319834938871846, -5.134191843444817, -5.043304075367049, -5.09938375242793, -5.263755242768532, -5.335305184856015, -5.3817159585140155, -5.3720470464784125, -5.439729423880688, -5.435861859551306, -5.428126731930717, -5.391384870549806, -5.259887677238201, -5.174801257356839, -5.09551618168541, -4.946614945873986, -4.7938461463664845, -4.66815029809702, -4.643011126266272, -4.656547601067778, -4.637209776606951, -4.658481382697236, -4.648812471363832, -4.604335479235343, -4.557924704304014, -4.513447711999404, -4.47477206774537, -4.333605960797271, -4.180837162492553, -4.0725453556695745, -3.942981944265883]",[],[]
2025_02_14,3,antennae glued – flight,"[1, 2, 3, 4, 5, 6, 7, 8, 9, 10, 11, 12, 13, 14, 15, 16, 17, 18, 19, 20, 21, 22, 23, 24, 25, 26, 27, 28, 29, 30, 31, 32, 33, 34, 35, 36, 37, 38, 39, 40, 41, 42, 43, 44, 45, 46, 47, 48, 49, 50, 51, 52, 53, 54, 55, 56, 57]","[-0.015030849740287911, -0.01525001162986045, -0.014720370482330665, -0.013204500752765655, 0.02823536122352062, 0.020729067071837245, 0.03908387456831661, 0.16453577950727738, 0.20886126344562722, 0.2677792684071734, 0.4097413413707003, 0.5365995144072991, 0.748675103517995, 1.1831633900052165, 1.7245295760775488, 1.3891572218987154, 1.228931680306467, 1.0593734991797243, 0.9148180261782028, 0.7931284334124507, 0.7386667237445681, 0.8001233463396902, 0.8197383118848134, 0.8411978880553188, 0.9208084264489309, 0.6051240753822255, 0.7555786995496943, 0.3987284574889751, 0.47574558987604465, 0.27375143817431524, 0.25000890411807264, 0.16574117500394325, 0.12570760921426496, 0.1158818540046351, 0.0764509840579117, 0.04032580187876179, 0.032454239984632725, 0.03281950938148806, 0.031723700391862425, 0.026135072645671165, 0.0457500596863616, 0.052945873969436126, 0.0631551645016243, 0.08182044929992732, 0.06744708373303727, 0.08434081124701646, 0.0859479983585515, 0.09356387295267392, 0.09451357434989197, 0.0996090875711167, 0.09862285915662714, 0.10088753172453074, 0.1046680738287518, 0.10525250546039941, 0.10894173010168606, 0.11210131356649583, 0.1125761642642589]","[1, 2, 3, 4, 5, 6, 7, 8, 9, 10, 11, 12, 13, 14, 15, 16, 17, 18, 19, 20, 21, 22, 23, 24, 25, 26, 27, 28, 29, 30, 31, 32, 33, 34, 35, 36, 37, 38, 39, 40, 41, 42, 43, 44, 45, 46, 47, 48, 49, 50, 51, 52, 53, 54, 55, 56, 57]","[-0.23055555555555549, -0.186111111111111, -0.15833333333333316, -0.23888888888888873, -0.21388888888888868, -0.15555555555555545, -0.19999999999999984, -0.07499999999999968, -0.052777777777777736, -0.08055555555555534, -0.0749999999999998, -0.0749999999999999, -0.0999999999999999, -0.0972222222222221, -0.1638888888888888, -4.291666666666666, -8.919444444444444, -12.919444444444444, -15.92222222222222, -17.602777777777774, -17.98888888888889, -17.650000000000002, -15.29722222222222, -9.98611111111111, -5.091666666666667, -1.7666666666666666, 1.061111111111111, 3.002777777777778, 4.6, 6.116666666666667, 7.236111111111111, 8.083333333333334, 8.666666666666668, 9.097222222222221, 9.338888888888889, 9.697222222222221, 9.969444444444445, 10.247222222222225, 10.47777777777778, 10.891666666666667, 11.408333333333331, 11.805555555555557, 12.122222222222222, 12.552777777777775, 12.938888888888888, 13.06388888888889, 13.263888888888891, 13.452777777777778, 13.619444444444445, 13.786111111111111, 13.777777777777779, 13.72777777777778, 13.797222222222222, 13.730555555555556, 13.747222222222222, 13.752777777777776, 13.769444444444444]","[1, 2, 3, 4, 5, 6, 7, 8, 9, 10, 11, 12, 13, 14, 15, 16, 17, 18, 19, 20, 21, 22, 23, 24, 25, 26, 27, 28, 29, 30, 31, 32, 33, 34, 35, 36, 37, 38, 39, 40, 41, 42, 43, 44, 45, 46, 47, 48, 49, 50, 51, 52, 53, 54, 55, 56, 57]","[0.2520362798313979, 0.22464103053550805, 0.1314971881033126, 0.10410194162621719, 0.11688639173858324, 0.16985053779560152, 0.22464103252805698, 0.37257536966349314, 0.43284491439646466, 0.41823411614208006, 0.28856327706272467, 0.2940423268255227, 0.33239567254301366, 0.250209929649052, 0.11688639072024326, 0.062095895541712624, -0.1461079893739594, -0.31413217768607105, -0.4054496753693869, -0.5734738646075558, -1.030061332205564, -1.5341338974915462, -1.9267991238698958, -2.2080570082700275, -2.5678479354168164, -2.8308423197690384, -3.0700941583938737, -3.364136494400709, -3.5906038826635673, -3.833508420328496, -4.050844059888437, -4.169556805346861, -4.370455298758324, -4.4635991457404725, -4.505605194192733, -4.439856597369738, -4.286443204313195, -4.136682511482409, -4.008838016097832, -3.860903672397972, -3.8188976235982057, -3.7367118769116274, -3.6271308820310586, -3.616172781326272, -3.5759930829669404, -3.6289572292686407, -3.667310577682716, -3.775065221156939, -3.79880776901236, -3.791502368480656, -3.908388763461351, -3.979616410828124, -3.954047512676281, -3.8882989156613146, -3.9394367139401365, -3.9248259151028577, -3.895604317194704]",[],[]
