fly,aa
0,"[101.6, 102.1, 102.6, 102.1, 101.1, 101.2, 101.6, 102.1, 102.1, 101.6, 101.7, 102.2, 102.2, 102.2, 101.6, 100.7, 101.2, 102.6, 101.7, 101.7, 101.7, 102.2, 102.1, 102.6, 102.2, 102.6, 102.1, 103.2, 102.2, 103.1, 102.6, 102.1, 102.2, 102.1, 101.7, 102.1, 102.6, 101.6, 102.1, 102.1, 102.6, 101.7, 102.6, 102.6, 102.6, 102.2, 102.1, 101.7, 101.7, 101.7, 101.7, 101.6, 101.7, 101.7, 101.2, 101.7, 102.1, 102.1, 101.7, 101.2, 102.2, 101.7, 101.7, 101.2, 101.7, 102.2, 102.7, 102.6, 103.2, 102.1, 103.2, 102.2, 102.2, 102.1, 102.1, 102.1, 103.6, 103.2, 103.1, 103.1, 102.7, 103.2, 104.1, 104.0, 104.6, 104.6, 104.6, 105.5, 104.6, 104.6, 104.6, 104.6, 105.1, 104.6, 105.5, 106.0, 105.5, 105.5, 106.0, 105.0, 106.0, 106.5, 106.0, 106.0, 106.0, 106.0, 106.0, 106.4, 106.0, 106.0, 106.0, 106.0, 106.4, 106.4, 106.0, 107.0, 106.0, 106.5, 106.5, 106.0, 106.9, 106.4, 106.9, 106.9, 106.5, 106.0, 105.4, 106.4, 105.5, 104.6, 104.6, 103.7, 102.6, 102.6, 102.6, 102.2, 103.6, 103.6, 104.0, 104.0, 103.6, 104.6, 103.6, 103.6, 103.5, 103.6, 103.1, 102.1, 102.6, 103.6, 102.6, 103.2, 103.1, 102.1, 103.6, 104.1, 105.5, 105.1, 105.5, 105.0, 105.5, 105.5, 104.6, 104.1, 104.6, 103.2, 104.1, 105.0, 105.1, 104.6, 104.5, 104.6, 105.0, 105.5, 105.5, 106.0, 106.0, 106.0, 106.0, 106.0, 106.0, 106.4, 106.9, 106.4, 106.9, 106.4, 106.4, 106.4, 106.4, 106.4, 106.4, 106.4, 106.0, 106.9, 106.4, 106.4, 106.4, 106.4, 107.3, 107.3, 107.8, 108.4, 107.3, 106.9, 106.9, 107.8, 107.4, 108.2, 107.8, 107.8, 107.8, 107.8, 108.4, 108.4, 107.8, 108.4, 107.8, 107.8, 108.4, 108.4, 108.8, 108.8, 108.8, 109.3, 109.3, 109.3, 109.3, 108.4, 108.9, 108.9, 108.9, 109.9, 109.9, 109.5, 109.9, 109.3, 109.3, 109.3, 109.3, 109.3, 109.9, 109.3, 109.9, 109.9, 110.3, 109.9, 110.3, 109.5, 109.9, 109.9, 110.3, 110.5, 110.5, 110.8, 110.5, 110.5, 109.9, 110.5, 110.5, 110.5, 110.5, 110.5, 111.0, 110.5, 111.0, 111.0, 110.8, 111.0, 111.4, 111.0, 111.4, 111.4, 111.4, 110.8, 111.4, 111.4, 111.4, 112.0, 112.0, 112.0, 112.0, 111.6, 111.4, 112.6, 112.6, 112.6, 111.4, 111.4, 112.0, 112.0, 112.0, 112.0, 114.1, 113.2, 113.2, 112.0, 113.2, 113.2, 113.2, 113.2, 113.2, 113.8, 113.2, 113.8, 113.2, 113.5, 113.5, 113.8, 113.5, 113.2, 113.5, 113.2, 113.2, 113.2, 114.1, 113.5, 114.1, 114.1, 114.1, 114.1, 114.1, 114.1, 114.1, 114.1, 114.1, 114.1, 114.4, 114.7, 114.1, 114.7, 114.7, 113.5, 115.0, 114.4, 114.7, 114.7, 114.1, 114.4, 115.7, 114.4, 115.0, 115.7, 115.0, 115.7, 115.0, 115.0, 114.4, 114.4, 114.8, 115.4, 114.4, 115.4, 115.0, 114.4, 115.0, 114.4, 114.8, 114.8, 114.4, 114.8, 114.8, 115.4, 115.4, 115.7, 115.4, 116.0, 116.3, 116.3, 116.3, 116.3, 116.3, 116.3, 116.3, 116.3, 116.3, 116.3, 116.3, 116.0, 116.3, 116.9, 116.3, 116.9, 116.0, 116.3, 116.0, 117.2, 116.9, 116.3, 116.6, 116.6, 116.6, 116.6, 116.6, 116.0, 116.0, 116.3, 116.9, 116.6, 116.3, 116.9, 116.6, 116.9, 116.9, 116.6, 116.0, 116.6, 116.0, 116.9, 116.3, 116.0, 116.6, 116.0, 117.2, 116.6, 116.9, 116.0, 116.9, 115.7, 115.7, 116.6, 116.6, 116.0, 116.6, 116.6, 116.9, 116.9, 116.0, 116.6, 116.6, 116.0, 116.9, 116.6, 116.6, 116.6, 116.6, 116.3, 116.0, 116.6, 116.6, 116.3, 116.6, 116.6, 116.3, 116.0, 116.9, 116.0, 116.3, 115.4, 116.3, 116.0, 116.3, 116.6, 116.3, 116.6, 116.9, 116.6, 116.6, 116.3, 115.7, 116.6, 116.3, 116.9, 116.0, 116.0, 116.0, 116.3, 116.0, 116.9, 116.9, 116.3, 115.7, 116.9, 116.9, 116.6, 116.9, 116.3, 116.0, 116.3, 116.6, 117.8, 116.6, 117.2, 117.2, 116.9, 116.9, 116.9, 115.7, 116.3, 116.3, 117.2, 117.2, 117.5, 117.2, 117.8, 117.5, 117.2, 117.2, 117.2, 117.2, 116.9, 116.6, 116.0, 117.5, 116.9, 117.2, 116.9, 116.9, 117.2, 117.5, 117.5, 117.5, 118.1, 118.1, 117.2, 118.1, 117.8, 117.5, 117.8, 117.5, 117.5, 117.5, 117.8, 118.1, 118.1, 118.1, 118.1, 118.1, 118.1, 118.4, 117.5, 117.5, 118.4, 117.5, 117.5, 118.1, 118.4, 118.4, 118.1, 118.1, 118.1, 118.1, 118.1, 118.1, 118.1, 117.5, 116.9, 118.4, 118.1, 118.1, 118.1, 118.1, 118.1, 118.4, 118.1, 118.1, 117.8, 117.8, 118.4, 118.4, 118.1, 117.5, 117.5, 117.5, 118.1, 117.5, 117.8, 117.5, 118.1, 118.4, 118.4, 119.0, 119.0, 118.1, 118.4, 119.0, 118.1, 118.1, 118.4, 118.1, 117.5, 117.8, 117.8, 117.5, 119.0, 117.5, 118.1, 117.8, 117.8, 118.4, 118.1, 117.8, 118.1, 118.4, 117.5, 118.4, 117.8, 118.1, 117.5, 118.4, 118.8]"
0,"[110.5, 112.7, 112.9, 112.0, 110.5, 110.5, 110.3, 110.5, 110.5, 110.5, 110.5, 110.5, 110.8, 111.4, 110.5, 111.0, 110.5, 110.5, 110.8, 110.5, 110.5, 111.0, 110.8, 111.4, 111.4, 111.4, 111.0, 111.4, 111.6, 111.4, 111.4, 112.0, 112.0, 112.0, 112.0, 112.0, 112.0, 112.6, 112.0, 112.3, 112.6, 112.3, 112.9, 112.3, 112.9, 112.9, 112.0, 112.7, 112.0, 112.9, 112.7, 113.3, 112.3, 112.3, 112.9, 112.3, 112.3, 112.3, 112.3, 113.5, 112.3, 112.9, 113.5, 112.3, 113.5, 113.5, 112.3, 112.9, 113.5, 113.5, 113.5, 113.5, 113.5, 113.5, 112.3, 112.3, 113.5, 112.3, 112.3, 113.5, 114.1, 113.5, 113.5, 113.5, 113.5, 114.1, 113.5, 114.1, 113.5, 112.9, 113.9, 113.3, 113.9, 113.9, 113.5, 114.7, 114.1, 113.5, 114.1, 112.9, 114.1, 112.9, 112.9, 114.4, 112.6, 113.3, 113.3, 113.3, 112.6, 113.5, 113.9, 113.3, 113.5, 113.5, 113.5, 114.4, 113.9, 113.5, 113.3, 113.5, 114.1, 113.9, 113.9, 113.5, 114.1, 115.0, 114.4, 114.4, 113.9, 114.1, 114.1, 114.1, 114.4, 115.0, 114.4, 115.7, 115.0, 115.0, 115.7, 116.0, 115.7, 115.0, 115.7, 115.7, 115.4, 115.4, 115.7, 115.4, 116.0, 114.4, 115.0, 116.0, 114.4, 114.4, 115.7, 115.0, 115.7, 115.3, 115.4, 115.0, 115.0, 115.7, 115.0, 115.7, 116.0, 115.7, 115.4, 116.0, 115.3, 115.0, 115.7, 115.7, 115.0, 115.0, 112.9, 115.0, 113.9, 115.7, 115.7, 115.0, 115.3, 115.0, 115.0, 115.0, 114.1, 112.3, 111.0, 111.0, 111.0, 111.0, 112.0, 111.6, 111.4, 111.4, 111.0, 110.1, 109.9, 110.5, 110.8, 110.5, 110.5, 111.0, 110.5, 110.5, 110.1, 109.5, 109.5, 110.5, 110.5, 110.5, 110.5, 110.5, 110.1, 110.5, 110.1, 110.5, 110.5, 110.5, 111.4, 111.0, 111.4, 111.4, 111.0, 111.0, 111.0, 111.0, 111.4, 111.0, 110.5, 111.4, 111.4, 111.0, 111.4, 110.7, 111.4, 111.6, 111.0, 111.0, 111.4, 111.4, 111.4, 111.0, 111.0, 111.4, 111.0, 111.0, 110.5, 111.0, 110.5, 111.4, 110.1, 111.4, 111.4, 110.7, 111.4, 111.0, 111.0, 111.0, 111.0, 111.0, 111.0, 111.4, 111.4, 111.0, 111.4, 111.4, 111.6, 111.4, 112.0, 112.3, 112.6, 112.9, 112.6, 112.0, 112.0, 110.5, 111.0, 111.4, 111.6, 112.0, 111.6, 111.8, 112.3, 112.3, 112.0, 112.0, 112.0, 112.6, 112.7, 112.9, 112.9, 112.7, 112.9, 112.6, 112.9, 112.3, 112.9, 112.9, 112.7, 112.7, 112.6, 112.3, 112.9, 113.5, 113.5, 113.5, 113.5, 112.9, 112.9, 112.9, 112.6, 112.6, 112.0, 111.4, 112.0, 112.0, 114.1, 112.9, 114.1, 113.5, 113.5, 114.4, 113.9, 114.1, 113.5, 113.9, 113.5, 113.9, 114.1, 113.5, 113.5, 114.1, 112.9, 114.1, 114.1, 114.1, 113.9, 114.1, 112.9, 112.9, 112.9, 114.1, 114.1, 112.9, 112.6, 112.9, 112.9, 114.7, 113.5, 112.9, 112.9, 112.9, 113.5, 113.5, 113.3, 112.9, 113.5, 114.1, 113.5, 113.5, 113.5, 114.7, 114.7, 113.5, 113.9, 113.5, 114.1, 113.5, 113.9, 113.5, 112.9, 113.5, 114.1, 113.5, 113.5, 113.5, 113.5, 113.5, 113.9, 113.5, 113.5, 113.9, 113.5, 113.5, 113.5, 113.5, 114.7, 114.1, 113.5, 113.9, 113.5, 113.9, 113.5, 114.4, 113.9, 113.5, 113.9, 113.5, 113.5, 113.9, 113.5, 113.5, 113.5, 113.9, 114.4, 114.1, 114.8, 114.4, 114.1, 114.4, 114.4, 113.5, 113.9, 114.1, 113.5, 113.9, 114.4, 113.9, 114.1, 113.9, 113.9, 115.0, 113.9, 114.4, 115.0, 113.9, 114.4, 114.4, 114.4, 115.0, 114.4, 115.0, 114.4, 115.0, 115.0, 114.4, 115.0, 115.0, 114.4, 114.4, 114.4, 114.4, 115.0, 115.0, 115.0, 114.4, 114.4, 115.7, 115.0, 115.4, 115.0, 114.4, 115.0, 114.8, 114.1, 114.4, 114.4, 115.0, 115.0, 115.0, 115.7, 114.4, 115.0, 115.0, 116.0, 115.0, 115.7, 115.0, 116.0, 115.3, 115.7, 115.0, 115.0, 115.0, 115.0, 114.4, 114.8, 115.4, 115.4, 115.4, 116.0, 115.4, 115.0, 115.4, 115.0, 115.4, 115.4, 116.3, 116.0, 114.8, 115.4, 116.3, 115.0, 116.0, 115.7, 115.4, 114.8, 114.8, 115.0, 114.8, 114.8, 116.0, 116.0, 115.4, 114.8, 114.8, 116.0, 116.0, 116.0, 115.4, 114.8, 114.8, 114.8, 115.4, 115.4, 115.4, 115.4, 114.8, 115.4, 114.8, 114.4, 115.4, 115.4, 114.8, 115.4, 115.4, 115.4, 114.8, 115.4, 114.2, 115.4, 115.4, 114.8, 115.4, 115.4, 115.4, 115.4, 115.4, 115.4, 115.4, 115.4, 115.1, 114.8, 115.4, 115.4, 115.4, 115.4, 115.4, 115.7, 116.0, 115.1, 116.0, 115.4, 115.4, 116.0, 115.4, 115.4, 115.4, 116.0, 116.0, 115.4, 116.0, 116.0, 114.8, 116.0, 116.3, 114.8, 116.0, 115.4, 116.0, 116.0, 116.0, 116.3, 115.4, 116.0, 115.4, 115.0, 115.4, 115.7, 116.3, 116.3, 116.3, 116.0, 115.4, 115.7, 116.0, 115.4, 116.0, 116.0, 115.7, 116.3, 115.4, 116.6, 116.0, 116.3, 116.0, 116.0, 116.3, 115.4, 116.3]"
0,"[115.4, 114.2, 114.8, 114.2, 113.6, 113.9, 113.9, 113.9, 113.9, 114.4, 114.4, 113.9, 114.4, 113.9, 113.9, 113.5, 114.4, 113.9, 114.4, 113.9, 113.9, 113.9, 113.9, 114.2, 113.9, 113.9, 114.4, 113.9, 114.4, 113.9, 114.8, 113.9, 114.4, 114.4, 113.9, 113.9, 113.9, 113.9, 113.9, 113.9, 113.5, 113.3, 113.9, 113.9, 113.3, 114.2, 113.3, 113.9, 113.9, 113.9, 113.9, 113.9, 113.9, 113.9, 113.9, 113.9, 113.9, 113.6, 113.9, 113.9, 114.8, 113.9, 113.9, 113.9, 113.9, 114.4, 114.4, 114.4, 114.4, 114.4, 114.4, 114.4, 114.4, 114.4, 114.4, 114.4, 114.4, 113.9, 113.9, 114.4, 113.9, 114.4, 113.9, 114.8, 114.4, 114.4, 114.4, 114.4, 114.4, 113.9, 114.4, 114.4, 113.9, 113.9, 114.2, 113.9, 113.9, 113.9, 113.9, 114.4, 114.2, 113.9, 113.9, 114.8, 113.9, 113.9, 114.4, 114.2, 113.9, 114.4, 113.9, 113.9, 114.8, 113.9, 113.9, 113.9, 113.9, 114.2, 114.8, 114.2, 114.2, 114.4, 114.2, 114.2, 113.9, 114.2, 113.3, 111.4, 110.8, 109.7, 109.3, 109.3, 109.3, 109.7, 109.3, 109.3, 109.9, 109.7, 110.3, 109.3, 109.3, 109.3, 109.9, 108.8, 108.8, 110.3, 108.8, 109.3, 109.3, 109.3, 108.8, 108.8, 108.8, 108.4, 108.2, 108.2, 108.4, 107.8, 107.3, 106.9, 106.9, 106.9, 107.3, 106.9, 106.9, 105.4, 106.0, 106.4, 106.4, 107.3, 106.0, 106.4, 106.4, 106.9, 105.8, 106.4, 105.8, 105.5, 105.0, 106.4, 106.0, 105.4, 106.0, 105.4, 105.0, 105.0, 105.0, 105.5, 105.0, 104.5, 104.6, 103.7, 104.6, 104.6, 104.6, 104.6, 105.0, 105.1, 103.6, 104.1, 103.5, 103.6, 103.6, 102.6, 103.0, 102.1, 102.1, 103.5, 103.0, 102.6, 103.0, 102.1, 102.1, 102.6, 102.5, 101.6, 101.6, 101.1, 101.6, 101.1, 102.0, 101.1, 101.1, 101.1, 101.1, 101.1, 101.6, 101.6, 101.1, 102.1, 101.1, 101.1, 101.1, 101.6, 101.1, 101.1, 101.6, 100.6, 100.6, 101.6, 101.6, 101.1, 102.0, 101.6, 101.1, 100.6, 101.6, 101.5, 102.0, 102.0, 102.0, 100.6, 101.1, 100.6, 101.6, 101.1, 101.6, 100.6, 100.6, 100.1, 101.1, 101.1, 100.6, 100.2, 101.1, 100.6, 101.1, 101.1, 100.6, 101.6, 100.6, 100.6, 100.6, 100.2, 100.6, 100.7, 100.6, 100.6, 100.2, 100.6, 100.2, 100.6, 100.2, 100.7, 100.6, 101.1, 99.7, 100.6, 100.2, 100.2, 100.6, 99.7, 99.7, 100.2, 100.6, 100.2, 101.1, 100.2, 100.2, 101.1, 100.2, 100.2, 99.7, 100.2, 100.2, 100.2, 100.2, 100.6, 99.7, 99.7, 99.7, 99.7, 100.2, 100.6, 100.2, 99.7, 99.2, 100.2, 100.2, 99.7, 99.7, 100.2, 99.7, 100.2, 99.7, 99.7, 99.7, 99.7, 100.2, 99.7, 100.2, 99.2, 99.7, 99.2, 99.7, 99.7, 99.2, 99.2, 100.2, 99.7, 99.7, 100.2, 100.2, 100.2, 99.7, 100.2, 100.2, 99.7, 99.7, 99.2, 100.2, 100.2, 99.7, 99.2, 99.7, 99.7, 99.7, 99.7, 99.2, 99.7, 99.2, 99.7, 99.2, 100.1, 99.2, 99.7, 100.2, 99.2, 100.2, 99.7, 100.2, 100.7, 99.7, 99.7, 99.7, 99.7, 99.7, 99.7, 98.8, 99.2, 100.6, 100.2, 101.1, 100.6, 100.7, 99.7, 99.7, 100.2, 99.7, 99.7, 99.7, 99.7, 99.7, 99.2, 100.6, 99.2, 100.2, 99.7, 100.2, 100.7, 99.7, 100.2, 100.2, 100.2, 100.2, 99.7, 99.7, 99.2, 100.6, 100.7, 100.2, 100.2, 100.6, 100.2, 100.2, 99.7, 100.6, 99.7, 99.7, 100.2, 100.2, 99.7, 99.7, 100.2, 99.2, 100.2, 99.7, 99.2, 100.6, 100.2, 100.2, 100.2, 99.7, 100.2, 100.6, 100.2, 100.2, 100.2, 100.2, 100.2, 100.6, 100.6, 100.2, 99.7, 100.2, 100.2, 100.2, 99.7, 100.2, 100.2, 100.2, 100.2, 100.2, 99.7, 100.2, 100.6, 100.2, 100.6, 99.7, 101.1, 101.6, 100.2, 100.6, 100.2, 99.7, 100.6, 100.2, 100.6, 99.7, 100.6, 100.2, 100.6, 100.2, 100.2, 100.2, 100.2, 100.2, 100.2, 100.6, 100.2, 100.6, 100.2, 100.2, 99.7, 100.6, 100.6, 100.2, 101.1, 100.6, 100.2, 99.7, 100.2, 99.7, 100.2, 100.2, 100.6, 99.2, 99.7, 100.6, 100.2, 99.7, 99.2, 100.2, 100.7, 98.8, 100.2, 100.2, 99.7, 100.2, 99.7, 99.7, 99.7, 99.7, 99.2, 99.7, 100.2, 100.2, 99.7, 99.7, 99.2, 99.7, 99.2, 99.7, 99.7, 99.2, 100.2, 99.7, 99.7, 99.2, 99.2, 99.2, 99.7, 99.7, 99.2, 99.7, 99.7, 98.8, 98.8, 98.8, 99.7, 98.3, 98.3, 98.8, 98.3, 98.3, 98.8, 99.2, 98.3, 98.8, 98.3, 98.8, 99.2, 98.3, 99.2, 98.8, 98.3, 98.8, 98.8, 98.3, 98.8, 98.8, 99.2, 99.2, 98.3, 99.2, 98.3, 98.8, 99.2, 98.8, 98.3, 99.2, 98.8, 98.3, 98.8, 99.2, 98.8, 99.2, 98.8, 98.3, 99.2, 99.7, 98.3, 99.2, 98.3, 98.8, 98.3, 98.3, 98.3, 98.3, 98.8, 98.3, 98.8, 98.3, 98.3, 99.2, 97.8, 98.8, 98.8, 98.8, 98.8]"
0,"[103.0, 103.5, 103.5, 103.0, 102.1, 101.1, 102.5, 101.6, 102.6, 102.1, 101.6, 103.5, 103.5, 102.6, 102.6, 102.1, 102.6, 102.1, 101.6, 102.1, 102.5, 102.6, 102.1, 101.1, 101.6, 100.6, 100.6, 101.6, 102.1, 102.6, 101.6, 101.6, 101.6, 101.1, 101.6, 101.6, 101.6, 101.1, 101.6, 101.6, 101.1, 101.6, 101.6, 100.6, 101.6, 101.1, 101.6, 101.1, 100.7, 101.6, 100.7, 102.1, 101.6, 101.6, 101.2, 101.6, 101.6, 101.6, 101.6, 100.6, 101.6, 101.6, 102.1, 101.6, 101.6, 101.6, 100.6, 101.6, 101.1, 101.6, 101.6, 100.6, 101.6, 101.6, 101.6, 101.6, 101.6, 100.2, 101.6, 101.1, 101.6, 101.1, 100.6, 101.1, 101.1, 101.6, 102.1, 101.6, 101.1, 101.6, 100.6, 101.6, 101.1, 101.6, 101.1, 101.6, 101.6, 101.6, 101.1, 101.1, 100.6, 102.1, 102.0, 101.1, 101.1, 102.1, 101.6, 100.7, 101.2, 101.6, 100.7, 100.2, 101.1, 101.6, 101.1, 102.1, 100.2, 101.1, 101.1, 101.6, 102.1, 102.1, 101.1, 102.0, 102.5, 102.0, 102.0, 102.0, 101.5, 101.6, 101.1, 101.6, 102.1, 101.1, 102.0, 101.6, 101.6, 101.6, 102.5, 102.0, 102.0, 101.6, 102.0, 101.1, 102.5, 102.0, 102.0, 102.0, 102.5, 102.5, 102.5, 102.5, 101.1, 101.1, 101.6, 102.0, 103.0, 103.0, 103.0, 103.5, 103.0, 102.5, 103.0, 102.1, 103.5, 103.5, 103.6, 104.0, 103.5, 103.5, 102.6, 103.1, 104.0, 103.0, 103.0, 103.0, 103.0, 103.5, 104.0, 104.0, 104.0, 103.5, 104.5, 104.5, 104.5, 105.4, 104.9, 104.5, 105.4, 105.0, 105.4, 105.0, 106.4, 105.0, 104.9, 104.5, 105.4, 105.4, 105.0, 105.0, 105.0, 106.0, 106.8, 105.0, 105.0, 105.4, 105.8, 106.0, 106.0, 105.4, 105.5, 105.4, 106.4, 106.0, 106.0, 106.0, 106.4, 106.0, 105.5, 106.0, 106.4, 106.4, 106.4, 106.4, 106.0, 106.0, 106.0, 106.0, 106.0, 106.0, 106.4, 106.4, 106.5, 106.1, 106.5, 106.0, 105.5, 106.9, 106.5, 106.9, 106.9, 106.5, 106.5, 106.4, 106.9, 107.3, 106.9, 106.9, 106.9, 106.4, 106.9, 107.4, 106.9, 106.9, 106.4, 106.9, 106.4, 106.4, 106.4, 106.8, 106.9, 106.5, 107.4, 107.8, 106.9, 106.5, 106.9, 106.8, 107.3, 106.5, 107.3, 106.8, 107.4, 107.8, 107.3, 107.4, 106.8, 107.3, 107.3, 107.8, 107.4, 107.8, 107.3, 108.2, 108.2, 108.2, 108.2, 108.8, 108.2, 108.2, 108.8, 108.2, 108.8, 108.2, 108.2, 108.2, 108.2, 108.8, 108.2, 108.8, 108.8, 108.8, 108.8, 109.2, 108.8, 109.2, 108.2, 108.8, 109.2, 108.8, 108.6, 109.2, 108.6, 108.4, 108.6, 109.2, 109.2, 108.8, 108.4, 109.2, 108.8, 109.7, 108.8, 108.8, 108.8, 109.3, 108.8, 109.2, 109.2, 109.3, 109.7, 109.3, 109.7, 109.9, 109.7, 110.3, 110.3, 110.8, 110.3, 110.3, 110.3, 110.3, 110.8, 110.3, 110.3, 110.3, 110.3, 109.7, 109.7, 109.7, 110.3, 110.3, 109.7, 109.3, 109.7, 107.8, 106.9, 106.9, 106.9, 106.9, 106.5, 106.9, 106.1, 106.9, 106.5, 105.5, 106.5, 105.8, 105.0, 105.0, 105.5, 106.5, 107.0, 106.5, 106.4, 106.9, 106.9, 106.5, 107.4, 106.9, 107.4, 106.9, 107.4, 107.8, 107.3, 106.9, 106.9, 107.7, 107.7, 108.0, 108.2, 107.8, 107.8, 107.8, 108.4, 107.4, 107.4, 107.4, 107.8, 106.9, 106.5, 106.0, 106.5, 106.5, 106.4, 106.0, 106.0, 106.9, 106.5, 107.4, 107.4, 107.4, 106.9, 106.5, 107.0, 107.8, 107.8, 107.8, 107.8, 107.0, 107.0, 107.0, 106.5, 106.5, 106.9, 106.4, 106.4, 106.0, 106.5, 106.5, 106.5, 106.5, 106.5, 105.5, 106.5, 106.5, 106.0, 106.0, 106.5, 106.5, 106.0, 105.5, 106.5, 106.5, 106.5, 106.5, 105.0, 106.5, 106.5, 105.5, 106.5, 106.0, 106.6, 106.0, 105.5, 105.6, 105.1, 105.1, 106.1, 106.0, 105.5, 105.5, 105.6, 105.6, 105.5, 105.1, 105.6, 104.6, 106.1, 106.1, 106.5, 106.5, 105.5, 105.2, 105.1, 104.0, 104.6, 105.0, 104.6, 104.1, 103.0, 103.0, 102.5, 102.1, 101.6, 102.1, 101.6, 101.1, 100.6, 102.0, 101.6, 101.1, 101.6, 101.6, 102.1, 101.1, 101.6, 101.1, 101.1, 102.1, 102.1, 101.5, 102.1, 101.6, 101.6, 101.6, 101.1, 101.1, 102.1, 102.5, 102.0, 102.5, 101.2, 101.6, 102.1, 100.7, 101.6, 101.1, 100.6, 100.6, 102.5, 101.6, 101.1, 101.6, 101.6, 102.0, 101.6, 101.6, 101.6, 102.5, 102.5, 103.0, 103.0, 103.0, 103.0, 103.0, 103.5, 103.5, 104.0, 104.0, 104.0, 104.0, 103.0, 102.5, 104.0, 103.0, 103.0, 104.0, 104.0, 104.0, 105.0, 105.0, 104.5, 104.5, 104.0, 104.6, 103.1, 104.5, 103.6, 104.0, 105.0, 104.6, 104.0, 103.5, 104.6, 104.0, 103.5, 103.5, 104.0, 103.1, 104.0, 104.0, 103.0, 103.5, 103.0, 103.5, 103.0, 103.1, 103.5, 102.6, 103.5, 104.5, 104.0, 105.0, 105.0, 105.0, 104.6, 104.0, 104.0, 104.0, 104.0, 104.6, 105.0, 105.0, 105.0, 105.5, 105.5, 105.0, 105.5, 105.0]"
0,"[101.6, 103.5, 103.0, 102.5, 101.1, 101.1, 102.0, 101.6, 102.5, 101.6, 102.1, 102.0, 101.5, 101.6, 101.6, 101.6, 102.1, 102.1, 101.6, 102.0, 102.5, 102.1, 101.6, 101.6, 101.6, 101.1, 101.6, 102.1, 101.6, 101.6, 101.6, 102.0, 102.1, 102.1, 102.1, 102.1, 102.1, 101.6, 102.1, 101.6, 101.6, 102.1, 102.1, 101.6, 102.1, 102.1, 102.1, 102.1, 102.1, 102.1, 102.1, 101.1, 103.0, 102.5, 101.6, 102.1, 103.0, 102.6, 102.6, 102.5, 103.0, 102.6, 102.1, 102.5, 102.1, 103.0, 102.5, 102.1, 102.1, 102.5, 103.0, 103.0, 103.1, 103.1, 103.5, 102.6, 103.1, 103.6, 103.6, 103.6, 103.5, 103.5, 103.5, 103.0, 103.5, 103.5, 103.5, 103.5, 104.0, 103.5, 103.5, 102.6, 103.0, 103.1, 102.6, 103.5, 104.0, 104.5, 104.0, 104.6, 104.6, 104.6, 106.1, 105.0, 105.5, 105.6, 105.0, 105.0, 105.0, 105.5, 105.5, 105.5, 106.4, 106.0, 105.0, 106.0, 105.4, 106.0, 106.5, 106.0, 106.5, 106.0, 106.4, 105.0, 106.0, 105.4, 104.5, 104.5, 103.0, 102.5, 102.1, 102.0, 103.0, 102.0, 102.5, 102.0, 101.6, 102.5, 102.0, 102.5, 102.5, 102.5, 102.5, 101.6, 101.6, 101.5, 102.0, 102.1, 101.6, 100.6, 102.0, 101.1, 102.0, 102.5, 102.5, 101.6, 101.6, 103.0, 102.0, 102.0, 101.6, 101.6, 102.0, 102.5, 102.0, 101.6, 101.6, 101.6, 101.6, 102.1, 102.0, 101.6, 101.1, 101.1, 102.0, 101.6, 101.6, 102.5, 101.1, 101.6, 101.6, 101.6, 102.6, 102.6, 102.5, 102.5, 103.0, 103.0, 103.1, 104.0, 104.5, 104.0, 104.0, 104.0, 104.0, 104.0, 104.5, 104.0, 104.0, 105.0, 104.5, 105.0, 105.0, 105.4, 105.5, 104.5, 105.0, 105.0, 104.6, 104.0, 104.5, 104.0, 104.9, 105.0, 105.0, 105.5, 104.9, 105.0, 105.5, 105.0, 105.0, 105.0, 103.5, 105.5, 105.0, 105.5, 106.1, 105.0, 105.0, 105.0, 105.0, 105.0, 105.0, 105.0, 104.6, 105.0, 105.0, 105.1, 105.0, 104.5, 104.0, 105.5, 105.5, 105.0, 105.0, 105.0, 105.0, 105.5, 105.5, 105.5, 105.5, 105.0, 105.5, 105.5, 105.5, 105.5, 106.1, 105.5, 105.5, 104.6, 105.5, 105.5, 105.4, 105.0, 106.0, 106.1, 105.5, 105.4, 105.4, 105.4, 105.5, 105.4, 104.9, 105.0, 106.1, 105.5, 105.5, 106.0, 105.5, 105.0, 105.1, 105.0, 105.6, 105.5, 105.0, 105.4, 105.5, 105.0, 105.5, 104.6, 104.5, 103.5, 103.0, 103.5, 103.5, 103.5, 103.5, 103.5, 104.6, 105.0, 105.0, 104.0, 105.4, 105.0, 105.0, 105.0, 105.0, 104.9, 105.4, 105.4, 106.0, 105.5, 106.4, 105.5, 105.4, 105.0, 106.4, 105.0, 105.0, 103.5, 103.5, 103.0, 103.0, 102.5, 102.5, 102.1, 102.6, 101.6, 101.1, 102.0, 101.6, 102.6, 103.0, 103.5, 103.5, 103.0, 103.0, 103.0, 102.1, 101.6, 101.6, 102.0, 101.6, 101.5, 101.6, 102.0, 102.0, 101.1, 101.1, 101.1, 101.1, 101.6, 101.6, 101.1, 101.1, 101.1, 101.6, 101.6, 102.0, 101.1, 101.6, 101.6, 101.1, 101.1, 101.1, 100.2, 101.6, 100.2, 100.2, 101.1, 101.1, 100.2, 101.1, 100.2, 100.2, 100.2, 101.1, 100.2, 100.2, 101.1, 102.0, 100.6, 101.6, 102.0, 102.0, 101.6, 101.6, 102.0, 101.1, 101.5, 101.5, 101.6, 100.6, 101.6, 101.1, 101.6, 101.1, 102.5, 101.1, 100.6, 101.1, 101.5, 101.5, 100.6, 100.6, 100.2, 100.6, 101.1, 101.1, 102.0, 100.2, 101.6, 101.5, 101.5, 102.0, 102.0, 102.0, 101.1, 102.0, 101.1, 101.6, 101.6, 101.6, 100.6, 101.5, 101.5, 100.6, 101.6, 101.1, 101.1, 102.0, 100.6, 100.6, 101.1, 100.6, 101.1, 101.5, 100.6, 101.1, 100.2, 100.6, 101.6, 99.7, 100.2, 101.1, 100.6, 101.1, 100.6, 101.6, 101.6, 100.2, 100.6, 101.6, 101.1, 100.6, 101.1, 100.6, 102.0, 101.1, 100.2, 100.7, 100.7, 101.1, 101.6, 100.6, 101.1, 101.1, 101.1, 100.6, 100.6, 101.1, 101.1, 101.6, 100.6, 101.5, 102.0, 101.6, 101.1, 100.6, 101.1, 100.7, 100.6, 100.6, 101.1, 100.6, 101.1, 101.1, 101.6, 101.1, 100.7, 101.6, 101.1, 100.6, 101.1, 100.6, 101.1, 101.1, 101.1, 101.6, 100.7, 101.1, 101.1, 100.2, 101.1, 101.1, 101.6, 100.6, 101.1, 101.1, 101.1, 101.6, 101.1, 101.6, 101.5, 102.1, 101.1, 101.6, 101.1, 101.1, 101.1, 101.6, 102.5, 102.1, 101.6, 101.6, 101.6, 102.1, 102.0, 102.1, 101.6, 101.1, 101.1, 102.5, 102.1, 101.6, 101.6, 102.1, 102.5, 103.0, 102.0, 102.1, 102.6, 101.6, 102.1, 101.6, 101.6, 101.1, 102.1, 102.5, 102.5, 102.1, 102.1, 102.5, 101.6, 101.1, 101.6, 102.1, 101.6, 102.1, 101.6, 101.6, 101.6, 101.6, 101.6, 101.6, 102.1, 102.1, 101.6, 101.6, 101.6, 102.1, 102.1, 102.1, 102.1, 102.5, 102.1, 101.6, 101.1, 102.6, 102.1, 101.1, 101.6, 102.1, 103.0, 102.6, 102.6, 101.6, 102.6, 102.1, 102.1, 103.0, 102.5, 102.6, 103.0, 102.6, 102.6, 102.6, 102.6, 102.6, 103.5]"
0,"[119.0, 117.8, 118.1, 116.3, 116.0, 116.3, 117.2, 117.8, 118.4, 118.4, 118.7, 119.0, 118.7, 118.4, 119.3, 118.7, 118.4, 118.8, 119.3, 119.0, 119.3, 119.0, 118.4, 119.3, 119.3, 119.0, 118.4, 118.7, 117.8, 119.3, 119.0, 118.4, 118.1, 118.4, 118.4, 118.7, 118.4, 119.0, 118.7, 119.0, 118.7, 118.4, 119.3, 118.7, 118.7, 119.3, 119.3, 119.3, 119.3, 119.0, 119.0, 118.4, 117.8, 118.7, 118.1, 118.7, 117.8, 118.7, 118.4, 117.8, 118.4, 118.7, 118.4, 119.3, 118.1, 118.4, 118.4, 118.1, 118.4, 118.4, 118.4, 118.4, 119.3, 118.1, 118.4, 118.4, 119.3, 118.4, 118.4, 118.1, 117.8, 117.8, 118.4, 118.1, 119.0, 118.4, 118.4, 117.8, 118.4, 118.7, 117.2, 117.5, 117.8, 118.1, 118.1, 118.4, 118.7, 118.7, 118.1, 118.7, 118.4, 118.4, 118.7, 118.7, 118.4, 117.8, 117.8, 117.5, 117.2, 118.1, 118.4, 118.4, 118.1, 118.4, 118.4, 117.8, 118.4, 118.7, 118.4, 118.7, 118.1, 118.4, 118.1, 117.8, 119.3, 118.1, 117.5, 116.6, 116.0, 116.6, 116.6, 117.2, 116.6, 117.2, 116.9, 116.6, 116.3, 116.6, 116.9, 116.6, 116.6, 116.6, 116.3, 116.6, 116.0, 117.5, 117.2, 117.2, 117.2, 117.5, 116.6, 116.9, 117.2, 116.6, 117.2, 118.1, 118.1, 117.2, 117.5, 118.1, 116.6, 117.5, 117.2, 117.8, 117.8, 118.1, 117.2, 117.2, 117.2, 117.2, 117.2, 117.5, 117.2, 117.2, 118.1, 117.2, 117.2, 117.2, 117.2, 118.1, 119.0, 117.2, 117.2, 117.5, 117.2, 117.2, 118.1, 118.1, 118.7, 117.8, 118.1, 116.6, 118.7, 117.2, 117.2, 117.8, 118.1, 118.7, 117.8, 117.8, 118.7, 118.1, 119.3, 120.7, 122.4, 122.3, 124.5, 126.7, 129.3, 130.0, 130.9, 132.5, 132.3, 132.8, 134.0, 135.1, 134.6, 135.4, 135.8, 135.4, 135.9, 135.8, 136.0, 136.6, 137.2, 137.9, 136.6, 137.3, 137.2, 136.6, 136.0, 134.9, 136.1, 136.6, 136.6, 136.6, 136.6, 135.4, 134.8, 136.1, 136.7, 137.3, 136.6, 137.3, 136.1, 136.0, 136.1, 135.4, 136.1, 136.6, 136.7, 136.7, 136.6, 136.7, 135.5, 136.1, 135.5, 136.1, 135.5, 136.7, 136.7, 137.3, 136.2, 136.2, 135.5, 136.0, 136.2, 136.0, 137.3, 137.3, 137.4, 137.3, 137.3, 136.6, 136.8, 136.1, 135.5, 136.2, 135.5, 136.6, 136.6, 136.7, 136.8, 136.7, 136.1, 137.4, 138.0, 137.4, 137.9, 137.3, 137.3, 137.4, 136.7, 136.1, 137.3, 136.6, 137.9, 137.9, 137.9, 137.9, 137.9, 136.7, 137.3, 136.7, 137.4, 137.3, 137.2, 137.2, 137.2, 138.1, 136.8, 134.9, 132.0, 131.0, 129.0, 127.6, 127.6, 127.6, 127.6, 127.4, 127.4, 127.4, 126.9, 126.8, 126.1, 126.1, 126.1, 125.9, 126.1, 125.9, 125.9, 126.6, 125.9, 126.6, 125.9, 125.7, 125.9, 125.7, 125.7, 125.1, 125.1, 125.1, 125.1, 125.1, 125.1, 124.9, 125.1, 124.3, 124.5, 124.3, 124.9, 124.3, 124.9, 124.3, 124.3, 124.1, 124.1, 124.1, 123.2, 123.4, 124.1, 123.4, 124.1, 124.1, 124.1, 124.1, 123.4, 123.4, 123.4, 123.4, 124.1, 123.4, 123.7, 123.4, 124.1, 123.8, 124.1, 123.2, 123.8, 124.1, 124.1, 124.1, 124.5, 124.1, 125.7, 127.4, 129.0, 130.3, 132.0, 132.5, 134.2, 134.8, 134.8, 135.4, 136.1, 136.0, 136.6, 137.2, 137.2, 137.2, 137.9, 137.9, 137.9, 137.9, 138.5, 138.5, 138.5, 139.1, 138.5, 138.5, 139.2, 139.1, 138.5, 137.8, 138.5, 138.5, 138.5, 138.5, 138.5, 139.1, 138.5, 138.4, 138.5, 138.5, 138.4, 138.4, 139.7, 138.5, 138.4, 138.4, 137.9, 138.5, 137.3, 137.9, 137.8, 137.8, 138.5, 138.5, 137.9, 137.9, 137.3, 138.1, 137.4, 138.0, 137.9, 138.6, 138.5, 137.9, 137.8, 138.0, 137.2, 137.2, 138.5, 137.8, 137.9, 138.5, 138.5, 138.5, 138.5, 138.5, 137.9, 138.5, 138.5, 139.2, 137.8, 139.1, 137.9, 138.5, 137.9, 137.5, 134.4, 131.8, 130.8, 129.6, 128.8, 128.0, 127.4, 128.5, 127.8, 128.3, 127.2, 127.6, 127.0, 127.6, 127.0, 126.8, 127.6, 126.4, 126.8, 126.8, 127.0, 126.4, 126.8, 126.4, 126.4, 125.7, 126.2, 126.2, 126.2, 125.5, 126.2, 126.2, 126.2, 126.2, 125.7, 126.6, 127.2, 127.4, 127.1, 127.7, 128.7, 129.7, 129.6, 129.6, 129.1, 128.5, 128.0, 128.5, 128.6, 127.8, 128.0, 128.5, 128.6, 128.6, 128.6, 127.8, 128.5, 127.6, 128.5, 128.0, 128.0, 129.7, 117.2, 121.2, 122.6, 122.2, 123.1, 123.1, 123.7, 123.4, 124.3, 124.3, 124.3, 123.7, 124.1, 124.5, 124.3, 124.9, 124.3, 123.7, 124.9, 124.7, 124.3, 124.9, 124.5, 125.3, 125.5, 125.1, 125.3, 125.3, 125.3, 125.3, 125.5, 125.5, 115.3, 119.9, 121.1, 122.8, 123.4, 123.1, 122.8, 123.4, 114.0, 115.0, 118.4, 119.6, 119.6, 120.5, 121.5, 121.7, 122.2, 122.8, 122.8, 122.8, 122.8, 123.7, 122.8, 122.8, 123.4, 123.4, 123.9, 123.1, 122.4, 122.4, 122.2, 121.6, 122.2, 122.2, 122.2, 122.2]"
0,"[108.8, 108.2, 108.4, 108.0, 107.3, 107.3, 107.3, 107.4, 108.0, 106.1, 106.9, 107.0, 106.5, 106.9, 106.5, 106.1, 105.0, 106.1, 105.5, 104.7, 105.1, 104.7, 105.1, 105.1, 105.1, 105.1, 104.7, 104.7, 105.1, 105.1, 104.7, 104.7, 104.7, 104.7, 104.1, 104.7, 105.1, 105.2, 104.1, 105.1, 104.7, 104.7, 104.7, 104.1, 104.7, 104.1, 105.6, 106.2, 105.2, 105.6, 104.6, 104.7, 104.7, 105.1, 104.1, 102.6, 103.6, 103.2, 102.1, 102.6, 103.5, 102.6, 102.1, 103.1, 101.6, 102.6, 102.6, 103.2, 102.6, 102.1, 102.1, 102.1, 102.1, 102.1, 101.6, 101.7, 101.6, 101.7, 101.7, 102.1, 102.6, 102.1, 102.1, 101.7, 102.1, 102.1, 102.1, 102.1, 101.7, 102.1, 102.2, 101.6, 101.2, 101.7, 101.6, 102.1, 102.6, 102.6, 102.6, 101.7, 101.2, 102.1, 101.2, 101.2, 102.1, 101.6, 101.6, 101.7, 101.2, 101.7, 101.6, 101.2, 101.2, 101.2, 101.2, 101.2, 102.1, 101.2, 101.2, 102.6, 100.7, 100.7, 101.2, 102.2, 101.2, 101.2, 101.7, 101.7, 100.7, 100.7, 101.2, 101.2, 100.2, 101.2, 101.7, 101.2, 101.2, 100.7, 102.1, 101.7, 100.7, 100.7, 100.7, 100.7, 100.7, 101.2, 100.7, 101.2, 101.2, 100.7, 101.2, 100.7, 101.2, 101.6, 101.2, 100.7, 101.2, 101.2, 101.2, 101.2, 101.2, 101.2, 101.6, 101.6, 101.6, 101.2, 101.2, 101.6, 101.6, 101.6, 101.2, 101.2, 102.1, 101.6, 101.6, 101.6, 100.7, 100.7, 100.7, 100.7, 101.1, 100.7, 101.2, 100.7, 100.7, 100.7, 100.7, 100.2, 101.2, 100.7, 100.7, 100.7, 100.7, 100.2, 101.2, 101.2, 100.2, 99.7, 100.7, 100.7, 101.2, 101.1, 100.7, 100.7, 100.7, 100.7, 101.2, 101.1, 100.7, 101.2, 101.2, 100.7, 100.7, 100.7, 101.1, 100.2, 100.2, 100.2, 101.2, 99.7, 100.2, 101.2, 100.2, 100.7, 100.7, 101.2, 100.2, 100.7, 101.7, 100.7, 100.7, 100.7, 101.2, 101.2, 100.7, 100.7, 99.7, 100.7, 100.2, 100.2, 101.6, 100.7, 100.2, 100.2, 100.7, 100.2, 101.6, 100.2, 100.2, 100.7, 99.8, 101.6, 100.2, 100.2, 100.7, 99.7, 100.7, 100.7, 101.2, 100.2, 99.7, 100.7, 100.7, 100.2, 100.2, 100.2, 100.2, 100.7, 101.6, 100.2, 100.2, 100.7, 100.7, 100.2, 100.7, 100.2, 100.2, 100.7, 101.2, 100.7, 100.7, 100.2, 100.2, 101.1, 99.7, 100.2, 100.2, 100.7, 101.7, 101.1, 101.6, 100.2, 100.2, 100.2, 100.7, 100.2, 101.1, 101.2, 100.7, 102.1, 101.2, 102.1, 102.1, 102.1, 101.6, 102.1, 101.6, 102.1, 101.2, 101.6, 101.2, 100.7, 100.7, 101.1, 100.7, 99.7, 99.7, 99.2, 99.7, 99.7, 99.7, 99.7, 99.7, 99.7, 100.2, 99.2, 99.7, 99.7, 99.2, 98.8, 98.8, 98.8, 99.2, 99.2, 99.2, 98.8, 99.2, 98.3, 98.8, 97.8, 98.8, 98.8, 98.8, 98.8, 98.8, 97.8, 98.8, 97.8, 97.8, 98.3, 97.3, 97.8, 97.8, 97.8, 98.3, 97.8, 97.3, 97.8, 98.8, 97.8, 98.3, 97.8, 98.3, 97.8, 97.8, 97.8, 98.3, 98.3, 97.3, 97.8, 97.3, 97.8, 97.3, 98.3, 97.3, 97.8, 97.8, 97.3, 97.8, 98.3, 97.3, 97.3, 97.3, 97.8, 98.3, 97.3, 97.8, 97.8, 97.8, 97.8, 97.8, 97.8, 96.8, 97.8, 97.3, 96.9, 98.3, 97.3, 97.8, 96.9, 97.3, 97.3, 97.8, 98.3, 98.3, 97.3, 97.8, 97.3, 98.3, 97.8, 97.3, 97.8, 97.3, 97.3, 97.8, 97.8, 98.8, 97.3, 98.8, 99.7, 99.2, 98.3, 98.3, 98.8, 98.8, 98.8, 98.8, 99.2, 98.8, 98.8, 98.3, 97.8, 98.3, 98.8, 99.2, 99.2, 98.8, 98.8, 98.8, 99.2, 98.8, 98.8, 99.2, 99.2, 98.3, 98.3, 98.8, 98.8, 97.8, 98.8, 98.8, 98.8, 98.8, 98.8, 99.2, 99.7, 98.8, 98.8, 99.2, 99.2, 98.8, 99.7, 99.2, 99.2, 99.7, 99.7, 99.7, 100.2, 99.7, 99.2, 99.7, 99.7, 100.2, 100.7, 99.7, 100.7, 100.7, 100.7, 100.7, 100.7, 101.2, 101.2, 100.7, 100.7, 100.7, 100.7, 100.2, 101.2, 100.7, 100.7, 100.7, 100.7, 101.2, 101.1, 101.1, 100.2, 101.1, 100.7, 100.7, 100.7, 100.7, 100.2, 100.7, 100.7, 100.7, 100.2, 100.2, 100.7, 99.7, 100.2, 101.6, 100.7, 101.2, 100.7, 101.2, 101.6, 100.7, 100.2, 101.2, 100.7, 100.7, 101.6, 101.1, 100.7, 101.1, 100.2, 101.1, 101.1, 100.7, 100.7, 100.7, 100.7, 100.7, 100.7, 100.2, 100.2, 100.7, 101.1, 100.2, 100.7, 100.7, 100.7, 100.2, 101.2, 100.7, 101.2, 101.1, 100.2, 100.2, 100.7, 100.2, 101.6, 101.1, 102.1, 101.1, 101.6, 101.6, 101.1, 101.6, 101.1, 100.6, 100.7, 101.1, 100.6, 100.7, 101.1, 101.1, 101.6, 101.1, 101.6, 101.1, 101.1, 101.1, 100.7, 101.6, 101.1, 101.1, 101.1, 102.0, 101.1, 101.1, 100.7, 100.7, 101.1, 101.1, 102.0, 101.1, 101.6, 101.1, 100.7, 100.7, 100.7, 100.7, 101.1, 101.1, 101.1, 101.6, 101.6, 101.1, 101.6]"
0,"[101.1, 102.1, 102.6, 102.5, 100.7, 100.7, 101.6, 101.6, 101.6, 101.1, 101.1, 101.1, 101.1, 101.1, 101.1, 102.1, 100.7, 100.7, 101.1, 100.2, 101.1, 100.7, 100.7, 100.7, 100.2, 99.7, 99.7, 100.2, 99.7, 99.7, 99.7, 99.2, 99.7, 100.2, 99.7, 100.2, 100.7, 99.7, 99.7, 100.7, 100.2, 100.2, 100.2, 101.1, 100.7, 100.2, 99.7, 100.7, 100.2, 99.7, 100.2, 100.2, 100.7, 100.7, 100.7, 99.2, 100.2, 100.2, 100.7, 99.7, 99.7, 99.7, 99.2, 100.7, 99.7, 100.7, 100.2, 100.2, 100.7, 100.2, 100.2, 99.7, 100.2, 100.7, 99.7, 100.7, 99.7, 100.2, 100.2, 100.2, 100.7, 99.7, 100.2, 101.2, 101.1, 100.2, 100.7, 100.7, 100.2, 99.7, 100.7, 99.7, 99.7, 100.2, 99.7, 99.7, 99.2, 99.7, 99.7, 100.2, 100.2, 99.7, 100.2, 100.2, 99.7, 100.7, 99.7, 99.7, 100.7, 100.2, 100.7, 100.2, 99.7, 100.2, 101.2, 100.2, 100.2, 100.2, 100.2, 100.7, 100.2, 100.7, 100.2, 101.1, 101.1, 100.2, 99.7, 100.7, 100.2, 100.2, 100.2, 99.7, 99.7, 100.2, 99.7, 100.2, 99.7, 100.2, 100.2, 99.2, 101.2, 100.2, 100.7, 101.2, 100.2, 99.7, 99.7, 100.2, 100.2, 100.7, 99.7, 99.7, 100.2, 100.7, 100.7, 100.2, 100.2, 100.2, 100.7, 100.2, 100.7, 100.7, 101.2, 100.7, 100.7, 99.7, 100.7, 100.7, 100.2, 100.7, 100.2, 99.7, 99.7, 100.2, 101.2, 100.7, 99.7, 100.2, 100.2, 100.2, 100.2, 100.2, 100.7, 101.2, 101.6, 101.6, 102.1, 101.6, 102.1, 101.2, 101.1, 101.6, 101.6, 101.6, 101.6, 102.1, 101.1, 101.2, 100.7, 101.1, 101.2, 101.6, 100.7, 101.2, 100.7, 101.6, 101.6, 100.7, 101.2, 101.1, 100.7, 101.6, 100.2, 99.7, 100.2, 99.7, 99.7, 100.2, 100.2, 99.7, 100.2, 100.2, 100.2, 99.7, 99.7, 100.6, 100.2, 100.7, 99.7, 100.2, 99.7, 99.7, 101.1, 100.7, 100.7, 101.1, 101.1, 102.1, 101.6, 101.6, 102.0, 102.1, 102.1, 102.6, 104.6, 105.0, 104.0, 105.0, 104.5, 104.1, 104.6, 104.6, 104.6, 104.6, 104.6, 105.1, 104.6, 105.0, 105.0, 104.6, 103.6, 103.6, 103.6, 103.6, 103.6, 103.1, 103.1, 102.6, 102.6, 102.6, 102.6, 102.6, 102.6, 102.1, 102.1, 102.1, 102.1, 102.1, 101.1, 101.6, 101.1, 101.6, 101.1, 101.6, 101.6, 101.1, 101.1, 101.1, 101.6, 100.7, 101.1, 101.1, 101.6, 102.1, 102.1, 102.1, 101.6, 102.1, 102.1, 101.6, 101.6, 102.6, 102.1, 102.1, 102.6, 102.6, 102.6, 102.6, 102.1, 102.1, 102.6, 102.1, 101.2, 102.1, 102.1, 101.7, 102.1, 102.1, 102.1, 102.1, 102.1, 102.1, 101.6, 102.1, 102.1, 102.1, 101.6, 101.6, 101.6, 101.6, 102.1, 102.1, 102.1, 102.1, 102.6, 103.6, 103.5, 103.1, 103.1, 103.5, 103.6, 104.7, 105.1, 104.6, 104.1, 103.5, 103.5, 104.1, 104.1, 104.6, 103.6, 104.0, 103.1, 103.1, 103.6, 105.1, 105.1, 104.6, 104.6, 104.0, 104.6, 104.6, 105.0, 104.1, 104.7, 104.1, 103.1, 103.1, 102.1, 102.1, 101.6, 101.6, 102.1, 101.6, 101.1, 100.6, 101.6, 101.6, 101.1, 101.6, 101.6, 101.1, 101.6, 101.1, 101.6, 101.6, 101.6, 101.1, 101.6, 102.1, 101.6, 101.6, 102.1, 101.6, 102.6, 101.6, 102.1, 102.1, 101.6, 101.6, 102.1, 102.1, 101.1, 101.6, 101.1, 101.1, 101.1, 102.1, 101.6, 101.1, 102.1, 101.1, 101.6, 102.1, 101.6, 102.6, 102.1, 102.1, 101.7, 102.1, 102.6, 102.1, 101.1, 102.1, 101.6, 101.6, 102.6, 102.1, 100.7, 101.6, 101.1, 101.6, 101.6, 101.6, 102.1, 101.6, 101.6, 102.6, 101.1, 102.1, 101.6, 102.1, 102.1, 101.6, 101.6, 102.1, 101.1, 101.1, 101.6, 101.6, 101.1, 101.1, 101.6, 101.1, 101.6, 101.1, 101.1, 101.6, 100.7, 101.1, 101.1, 101.1, 100.6, 101.1, 100.6, 100.7, 100.6, 102.1, 100.7, 100.7, 100.2, 100.7, 101.1, 101.1, 100.6, 101.1, 100.6, 101.1, 100.6, 100.6, 100.7, 101.1, 101.1, 100.6, 100.2, 101.6, 101.6, 102.1, 101.6, 102.1, 101.1, 101.1, 101.6, 101.6, 101.1, 100.7, 100.2, 100.2, 101.6, 100.7, 101.6, 101.6, 101.1, 101.1, 101.1, 100.7, 100.7, 101.1, 100.7, 101.6, 101.1, 101.6, 100.7, 101.1, 101.1, 101.1, 100.7, 101.7, 100.2, 101.1, 101.1, 101.1, 101.1, 100.6, 100.2, 100.7, 100.2, 101.1, 99.7, 99.7, 100.7, 100.7, 100.2, 100.2, 99.7, 100.7, 100.6, 101.1, 101.1, 100.7, 100.6, 101.1, 100.7, 101.1, 100.7, 101.6, 101.6, 101.1, 100.7, 101.1, 101.1, 101.6, 101.6, 101.1, 101.1, 101.6, 101.1, 102.1, 101.6, 101.6, 101.1, 101.6, 101.6, 102.1, 101.2, 101.1, 100.7, 101.1, 102.1, 101.6, 100.7, 100.7, 101.6, 102.6, 101.1, 101.6, 101.1, 101.6, 101.6, 101.1, 101.2, 102.6, 101.6, 101.6, 101.6, 101.6, 100.7, 101.6, 100.7, 101.6, 101.2, 102.1, 101.6, 101.1, 101.6, 101.6, 101.6, 101.6, 101.6, 101.6]"
0,"[107.7, 108.4, 109.2, 108.8, 107.8, 107.4, 106.9, 107.4, 107.4, 107.4, 107.4, 107.3, 107.4, 107.4, 107.4, 107.4, 107.4, 107.8, 107.4, 107.3, 107.4, 107.4, 107.4, 107.4, 107.4, 107.4, 107.4, 107.4, 107.4, 107.4, 107.4, 107.4, 108.0, 106.9, 108.4, 108.4, 107.8, 107.4, 108.4, 107.8, 108.4, 108.9, 108.4, 108.9, 107.8, 108.4, 108.4, 107.8, 108.9, 107.8, 108.4, 107.8, 108.4, 108.9, 108.4, 108.8, 108.4, 108.4, 108.4, 107.4, 107.8, 107.8, 108.0, 108.4, 108.8, 108.8, 108.9, 107.8, 108.2, 107.8, 108.4, 108.4, 107.4, 107.4, 107.8, 107.8, 108.4, 107.8, 108.8, 108.8, 107.8, 109.3, 108.8, 108.8, 108.8, 108.8, 108.4, 108.8, 107.8, 108.4, 108.4, 108.4, 108.8, 108.8, 108.8, 108.4, 108.4, 108.8, 108.4, 108.4, 108.8, 107.8, 108.4, 108.4, 108.4, 107.8, 107.8, 108.4, 108.4, 108.8, 108.8, 108.4, 108.4, 108.8, 108.8, 108.4, 108.4, 108.4, 107.4, 107.4, 107.4, 107.4, 107.4, 108.0, 106.5, 106.5, 106.0, 106.1, 105.6, 105.1, 105.5, 104.6, 105.1, 105.6, 105.1, 105.1, 105.1, 105.6, 104.1, 104.7, 105.2, 104.7, 104.8, 104.7, 104.7, 105.1, 104.2, 104.2, 104.2, 104.1, 104.7, 104.7, 105.1, 105.6, 105.6, 106.1, 106.1, 106.5, 106.1, 105.5, 106.1, 105.6, 106.1, 106.1, 107.0, 106.5, 106.5, 106.5, 106.5, 105.5, 105.5, 106.1, 106.0, 106.5, 106.1, 106.1, 106.1, 105.1, 105.1, 105.1, 105.0, 105.1, 104.7, 104.2, 104.7, 104.2, 104.2, 105.1, 104.2, 104.7, 104.2, 104.7, 104.6, 104.1, 104.6, 103.2, 103.2, 104.1, 104.7, 104.2, 104.6, 105.1, 104.2, 105.2, 104.1, 104.1, 104.1, 103.2, 103.2, 103.7, 103.6, 105.1, 104.1, 104.7, 105.2, 104.2, 104.8, 104.2, 104.7, 104.2, 105.1, 105.1, 104.7, 104.7, 104.1, 105.1, 103.7, 104.1, 106.1, 104.6, 105.1, 105.6, 105.1, 104.6, 105.1, 106.1, 105.5, 106.1, 106.5, 105.5, 106.1, 105.5, 105.1, 106.1, 105.1, 104.7, 105.2, 104.1, 104.2, 104.7, 104.7, 104.2, 105.1, 104.1, 104.6, 105.1, 105.1, 105.1, 104.2, 104.7, 104.2, 104.7, 105.2, 104.7, 104.7, 104.7, 105.2, 104.7, 104.7, 105.1, 105.1, 105.1, 104.1, 103.6, 103.6, 103.6, 104.1, 105.1, 104.6, 104.6, 104.0, 105.1, 104.6, 104.6, 103.6, 103.6, 102.1, 102.6, 101.6, 101.6, 102.1, 102.1, 101.6, 102.1, 101.7, 102.1, 100.7, 101.6, 101.6, 101.2, 100.7, 100.2, 101.2, 100.7, 100.7, 100.6, 101.2, 100.7, 100.2, 101.6, 101.2, 101.6, 102.1, 101.6, 102.1, 102.6, 102.1, 103.0, 102.1, 102.1, 102.6, 102.6, 102.6, 102.6, 103.1, 103.1, 103.6, 103.1, 103.1, 102.1, 101.6, 102.6, 102.6, 102.6, 102.6, 103.1, 103.1, 102.6, 103.1, 103.1, 103.1, 103.1, 103.1, 102.6, 103.1, 104.0, 103.1, 103.1, 102.6, 102.6, 101.6, 101.6, 102.1, 102.6, 102.6, 102.6, 103.1, 104.1, 104.1, 104.7, 104.0, 103.6, 103.6, 102.6, 103.6, 104.0, 103.6, 102.6, 102.1, 102.1, 102.6, 101.6, 102.6, 102.6, 102.1, 102.1, 102.5, 101.6, 102.6, 102.6, 102.1, 102.6, 102.6, 102.1, 101.6, 101.6, 104.0, 102.1, 102.1, 102.6, 102.6, 104.0, 103.6, 104.0, 105.1, 104.1, 104.1, 104.6, 104.1, 104.1, 104.7, 105.6, 105.1, 104.7, 104.6, 105.1, 105.2, 105.6, 105.1, 104.7, 104.6, 105.1, 105.1, 105.1, 104.7, 104.6, 105.5, 104.6, 104.6, 105.5, 105.5, 104.6, 105.1, 104.6, 105.4, 104.7, 104.6, 105.1, 105.1, 104.1, 105.1, 104.1, 103.1, 103.6, 104.0, 104.6, 103.6, 104.6, 104.1, 103.6, 104.1, 103.6, 104.0, 104.6, 104.6, 104.6, 104.1, 103.6, 103.6, 103.6, 103.6, 104.0, 103.1, 102.1, 101.7, 101.6, 101.2, 101.6, 101.6, 102.1, 100.2, 100.2, 99.7, 101.1, 99.7, 100.2, 100.7, 100.7, 100.7, 100.7, 99.7, 100.7, 100.2, 100.7, 100.7, 101.2, 100.7, 99.7, 101.1, 100.2, 100.7, 100.2, 100.2, 100.7, 100.2, 100.7, 100.7, 100.2, 99.7, 100.2, 100.2, 101.2, 101.1, 100.2, 100.2, 100.2, 100.2, 100.7, 100.7, 100.2, 100.2, 99.7, 100.2, 100.2, 100.7, 100.2, 100.6, 99.7, 100.2, 100.2, 100.2, 100.2, 100.2, 100.7, 100.7, 100.7, 101.2, 100.7, 100.7, 101.6, 101.1, 101.1, 100.7, 101.1, 100.2, 101.2, 100.7, 100.7, 100.2, 100.2, 100.7, 100.7, 100.2, 100.6, 99.7, 100.7, 100.7, 100.6, 100.2, 100.2, 99.7, 99.7, 100.7, 100.2, 99.7, 99.7, 99.2, 99.7, 100.7, 100.2, 100.7, 100.2, 100.2, 100.2, 100.6, 100.7, 99.2, 100.7, 100.7, 100.2, 100.7, 100.7, 99.2, 100.7, 99.2, 100.7, 100.2, 100.7, 100.2, 99.2, 99.2, 99.2, 99.7, 99.7, 100.2, 99.7, 100.6, 101.1, 100.7, 99.7, 100.7, 100.7, 100.2, 99.7, 100.7, 100.2, 100.2, 100.2, 100.7, 100.7, 100.2, 100.7, 99.7, 100.2, 100.2, 100.7, 100.7, 100.2, 100.2, 100.2]"
0,"[103.5, 103.0, 103.5, 102.5, 102.5, 101.6, 102.5, 102.1, 102.5, 102.6, 102.6, 102.6, 102.6, 102.1, 102.5, 102.5, 101.6, 102.1, 102.1, 102.1, 101.6, 102.1, 101.1, 101.6, 101.6, 101.1, 101.6, 101.6, 101.1, 102.1, 102.6, 102.6, 102.6, 103.0, 103.0, 102.6, 103.0, 102.6, 102.6, 102.6, 103.5, 102.6, 102.6, 102.6, 101.6, 102.1, 101.6, 102.1, 102.1, 102.6, 101.6, 102.6, 103.1, 104.0, 104.0, 103.6, 104.0, 104.6, 104.1, 104.1, 104.6, 103.5, 103.5, 103.6, 104.0, 104.0, 102.6, 102.6, 102.6, 102.6, 102.1, 101.6, 102.1, 101.6, 100.7, 102.1, 102.1, 101.2, 100.7, 101.2, 101.1, 101.6, 100.7, 101.2, 101.2, 101.6, 102.1, 101.6, 101.7, 102.1, 101.1, 102.1, 102.1, 101.2, 101.6, 101.6, 101.2, 102.1, 100.2, 101.6, 101.1, 100.7, 100.2, 101.6, 101.1, 101.6, 101.6, 101.6, 102.1, 102.1, 102.1, 102.5, 102.6, 102.6, 103.1, 103.6, 103.6, 104.1, 105.1, 105.1, 105.1, 105.1, 105.1, 103.1, 102.1, 101.1, 101.6, 101.1, 101.6, 100.7, 100.7, 101.6, 101.6, 100.6, 101.1, 101.6, 101.1, 101.1, 101.1, 101.1, 100.2, 101.1, 100.7, 101.1, 101.1, 101.1, 101.1, 101.1, 101.2, 102.1, 101.2, 101.6, 102.1, 101.6, 100.6, 101.1, 100.6, 101.6, 101.6, 101.2, 101.1, 101.1, 101.1, 100.6, 100.6, 100.6, 101.1, 100.6, 100.6, 101.1, 100.7, 100.2, 100.7, 100.2, 100.2, 100.2, 100.6, 100.2, 100.6, 100.6, 101.1, 101.6, 100.6, 100.2, 100.7, 100.7, 100.2, 100.7, 100.7, 100.7, 101.6, 101.1, 101.1, 100.7, 101.6, 101.1, 100.6, 101.6, 100.6, 101.1, 101.6, 101.1, 101.1, 101.1, 101.1, 100.6, 100.6, 101.2, 100.7, 100.2, 100.7, 101.2, 100.2, 100.7, 100.6, 100.2, 100.7, 100.7, 100.2, 101.1, 101.2, 101.1, 101.1, 101.1, 101.2, 101.1, 101.6, 102.1, 101.1, 101.1, 101.1, 101.6, 100.6, 101.6, 101.1, 101.6, 101.6, 101.6, 101.1, 101.6, 101.6, 102.1, 101.1, 102.1, 101.6, 101.6, 101.1, 101.1, 101.1, 100.6, 101.2, 101.6, 102.1, 102.1, 101.6, 102.6, 102.1, 102.1, 101.6, 103.0, 103.0, 102.1, 102.5, 102.5, 102.6, 102.0, 101.6, 101.6, 102.5, 102.1, 101.6, 102.1, 102.0, 102.1, 102.1, 101.1, 102.1, 101.6, 101.6, 102.5, 102.1, 102.1, 101.1, 102.1, 101.6, 102.1, 100.7, 101.6, 101.1, 101.2, 100.7, 100.6, 100.6, 101.1, 101.6, 100.7, 101.7, 101.2, 101.1, 100.6, 100.7, 101.1, 100.7, 101.2, 100.7, 100.2, 101.1, 101.6, 100.6, 101.1, 101.2, 100.7, 101.2, 101.1, 100.7, 101.2, 100.2, 101.6, 101.1, 100.7, 100.2, 100.7, 100.7, 101.2, 101.6, 101.6, 102.1, 102.1, 102.1, 101.1, 101.1, 103.1, 102.1, 101.6, 102.1, 102.1, 102.1, 102.1, 102.6, 103.1, 102.6, 104.1, 103.1, 102.1, 102.1, 102.1, 102.1, 102.6, 104.0, 105.1, 104.6, 105.5, 105.4, 106.5, 106.5, 106.0, 106.5, 106.0, 105.0, 105.4, 105.5, 105.5, 105.5, 106.5, 106.5, 105.0, 105.1, 104.6, 102.6, 102.1, 102.5, 101.6, 101.6, 101.6, 101.2, 101.2, 102.1, 101.6, 102.1, 101.6, 101.6, 102.1, 101.6, 101.6, 101.6, 102.1, 102.1, 101.6, 101.1, 101.6, 102.1, 101.6, 102.1, 102.1, 102.1, 102.1, 101.6, 101.6, 101.6, 101.6, 101.2, 102.1, 101.6, 101.6, 101.6, 102.1, 102.5, 101.6, 102.1, 101.6, 101.6, 101.6, 101.6, 102.5, 102.1, 101.1, 102.1, 101.1, 102.6, 101.6, 102.1, 102.1, 101.6, 101.6, 102.1, 102.1, 102.1, 101.6, 102.1, 102.1, 102.1, 102.1, 102.1, 103.1, 102.6, 102.6, 102.1, 102.1, 101.6, 102.6, 102.6, 102.6, 102.6, 103.1, 102.1, 102.1, 102.1, 102.1, 102.1, 102.6, 102.6, 102.6, 102.6, 102.1, 102.6, 102.6, 102.1, 102.1, 102.1, 102.1, 102.1, 102.1, 102.1, 102.6, 102.6, 103.0, 102.1, 101.6, 102.1, 102.1, 102.1, 102.1, 101.6, 102.1, 101.6, 102.1, 101.1, 102.6, 101.6, 102.1, 101.6, 102.1, 101.6, 101.6, 101.6, 101.2, 100.7, 100.7, 100.7, 100.2, 101.2, 101.1, 100.7, 100.7, 101.2, 100.7, 101.2, 100.2, 101.2, 101.2, 101.2, 101.6, 101.7, 101.2, 101.2, 101.2, 100.7, 101.2, 100.7, 101.2, 100.7, 101.2, 100.7, 101.2, 101.7, 100.7, 101.2, 100.2, 101.2, 101.2, 100.7, 100.2, 101.2, 101.2, 101.2, 101.2, 101.2, 100.2, 101.2, 100.7, 101.2, 101.2, 101.2, 101.2, 101.2, 101.2, 101.6, 101.2, 101.2, 101.6, 101.6, 101.6, 101.2, 101.2, 101.2, 101.2, 101.2, 101.2, 101.2, 100.2, 101.2, 101.2, 102.1, 101.2, 101.6, 101.6, 101.2, 101.1, 100.7, 101.2, 100.2, 101.1, 100.7, 101.6, 101.6, 100.7, 100.2, 100.7, 101.6, 100.2, 101.1, 101.2, 100.2, 100.6, 100.7, 100.2, 100.7, 100.2, 100.2, 100.2, 101.1, 101.2, 100.7, 100.7, 100.7, 101.2, 101.2, 101.2, 100.7, 101.2, 100.7, 101.2, 100.7, 100.7, 101.6, 100.2, 100.7, 101.2, 101.2, 100.7]"
0,"[106.8, 107.7, 107.3, 108.2, 107.3, 106.9, 106.4, 106.9, 107.8, 106.9, 106.9, 106.9, 107.4, 107.4, 107.3, 107.8, 107.8, 107.4, 107.8, 107.8, 107.8, 107.0, 107.4, 107.8, 107.4, 107.8, 107.4, 107.4, 107.8, 108.0, 107.4, 107.4, 107.4, 107.8, 108.8, 108.4, 108.8, 108.8, 108.8, 108.8, 108.4, 108.8, 107.8, 108.2, 107.8, 108.8, 108.2, 107.8, 108.4, 108.2, 108.8, 108.4, 108.2, 108.2, 108.2, 108.2, 109.3, 108.2, 108.8, 108.8, 109.2, 108.6, 108.8, 108.6, 109.2, 108.8, 108.2, 108.6, 108.8, 108.6, 108.6, 109.2, 109.2, 108.6, 109.2, 109.2, 108.6, 109.2, 108.6, 108.6, 109.2, 108.6, 108.6, 108.2, 108.6, 108.8, 108.6, 108.6, 109.2, 108.6, 109.2, 109.2, 109.7, 109.2, 109.7, 109.7, 109.2, 109.2, 109.2, 109.2, 109.2, 108.8, 108.8, 109.2, 109.2, 109.5, 108.8, 109.2, 108.8, 109.2, 108.8, 108.8, 109.7, 108.8, 108.8, 108.2, 109.2, 109.2, 109.3, 109.3, 109.3, 109.3, 109.3, 108.2, 109.2, 108.6, 109.2, 107.3, 106.9, 106.4, 106.4, 106.4, 106.4, 106.4, 106.4, 106.4, 106.4, 106.9, 106.0, 106.8, 106.4, 106.4, 105.8, 106.4, 106.9, 107.3, 106.4, 106.8, 106.4, 106.4, 106.5, 106.0, 105.5, 105.5, 105.5, 104.6, 104.6, 104.6, 103.2, 103.1, 103.0, 102.1, 102.6, 103.1, 104.1, 104.6, 104.7, 104.6, 104.6, 104.6, 103.6, 104.0, 103.2, 103.6, 103.1, 103.1, 103.6, 103.1, 103.1, 102.6, 102.1, 103.1, 102.6, 102.6, 102.6, 103.1, 103.6, 104.0, 103.2, 103.5, 102.6, 102.6, 102.6, 103.0, 102.6, 102.6, 103.5, 102.6, 103.1, 103.6, 103.1, 104.1, 103.6, 103.6, 104.0, 104.1, 104.1, 104.6, 104.6, 105.1, 104.0, 105.5, 105.5, 105.0, 105.0, 105.0, 104.6, 105.0, 105.0, 104.5, 105.5, 104.6, 105.5, 105.5, 105.0, 105.1, 105.5, 105.0, 104.6, 105.4, 105.0, 105.5, 105.0, 105.0, 105.4, 105.4, 106.0, 105.4, 105.0, 105.5, 105.4, 105.0, 105.5, 105.4, 106.0, 105.4, 105.8, 105.4, 105.4, 105.8, 106.9, 105.4, 105.4, 106.0, 106.5, 106.4, 106.4, 106.4, 106.4, 106.4, 105.4, 106.4, 106.0, 106.4, 106.4, 106.0, 105.8, 106.0, 106.4, 105.4, 106.9, 106.4, 106.0, 105.4, 105.5, 106.0, 106.4, 106.5, 106.5, 106.5, 106.5, 106.5, 106.4, 106.0, 106.5, 106.0, 106.0, 106.0, 106.5, 106.0, 106.0, 106.9, 106.9, 106.5, 106.5, 106.4, 106.0, 106.9, 106.9, 106.0, 106.8, 107.8, 106.4, 106.9, 106.5, 107.4, 106.5, 106.5, 106.5, 106.9, 107.4, 106.5, 106.5, 107.3, 106.5, 107.3, 106.4, 106.4, 106.9, 106.9, 106.9, 106.9, 106.9, 106.8, 107.3, 107.3, 107.8, 107.8, 107.8, 107.3, 107.8, 107.3, 107.3, 106.9, 107.3, 106.9, 107.3, 107.4, 106.9, 106.9, 107.8, 106.9, 106.9, 105.0, 105.5, 105.5, 105.1, 105.5, 104.5, 104.7, 105.0, 105.1, 105.1, 105.1, 104.6, 105.1, 105.1, 104.7, 104.6, 104.0, 103.1, 103.6, 103.1, 103.1, 103.5, 103.1, 104.0, 103.6, 103.1, 103.1, 103.1, 105.1, 105.1, 104.1, 104.0, 103.1, 103.6, 103.6, 103.1, 104.0, 104.6, 105.0, 104.6, 104.6, 105.6, 105.0, 104.6, 105.5, 105.0, 105.4, 105.0, 105.4, 105.0, 105.5, 105.5, 106.0, 106.4, 106.4, 106.4, 106.0, 106.9, 106.9, 106.9, 106.0, 107.3, 106.5, 106.4, 107.3, 106.0, 106.9, 106.4, 106.4, 106.4, 106.4, 106.4, 106.0, 106.0, 106.0, 106.4, 106.9, 106.9, 106.9, 106.9, 106.5, 106.9, 106.5, 106.0, 106.4, 106.9, 106.4, 106.9, 106.4, 106.0, 106.0, 106.4, 106.9, 106.5, 107.3, 106.8, 106.9, 106.0, 106.9, 106.9, 107.3, 106.9, 106.9, 106.4, 106.9, 106.9, 106.8, 106.9, 106.9, 106.9, 106.9, 106.9, 106.9, 106.9, 106.9, 106.9, 106.9, 106.9, 106.5, 107.3, 106.9, 106.9, 107.3, 107.3, 107.3, 107.3, 106.9, 107.3, 106.9, 107.3, 107.3, 107.4, 107.3, 106.8, 106.0, 106.9, 106.9, 107.8, 107.8, 107.3, 107.3, 106.9, 106.9, 107.8, 107.3, 106.9, 107.8, 107.3, 106.9, 107.8, 107.8, 106.8, 107.8, 107.8, 107.4, 107.3, 106.5, 107.4, 107.4, 106.9, 107.4, 107.0, 107.8, 106.5, 106.4, 106.4, 105.5, 105.4, 106.1, 105.6, 105.6, 104.6, 105.0, 104.6, 104.0, 103.6, 102.6, 102.1, 102.1, 102.0, 102.1, 102.1, 102.1, 101.6, 102.1, 102.1, 101.6, 102.1, 102.1, 102.6, 102.6, 102.6, 102.1, 102.1, 101.6, 102.6, 103.5, 103.5, 103.1, 103.5, 103.1, 103.5, 103.1, 104.0, 104.0, 103.6, 105.1, 105.5, 105.5, 105.4, 106.0, 106.4, 106.4, 106.4, 106.4, 106.0, 106.4, 106.9, 106.5, 106.9, 106.9, 106.9, 106.4, 106.4, 106.4, 106.5, 105.8, 106.0, 105.5, 106.0, 105.1, 105.1, 105.1, 103.6, 103.0, 103.0, 103.5, 104.0, 104.0, 104.0, 103.1, 103.1, 103.1, 103.5, 103.1, 103.0, 102.6, 103.5, 104.5, 104.0, 104.0, 104.6, 105.1, 105.4, 106.0, 106.5, 106.9]"
0,"[117.2, 116.9, 118.4, 116.6, 116.3, 116.9, 118.1, 118.1, 118.8, 118.1, 118.4, 118.1, 118.8, 117.5, 118.8, 118.8, 117.8, 118.8, 118.1, 118.1, 119.0, 118.8, 118.8, 119.0, 119.0, 119.0, 118.8, 119.0, 119.7, 119.7, 119.4, 118.8, 118.4, 119.9, 120.6, 119.3, 118.4, 118.1, 118.4, 118.4, 117.5, 118.4, 119.0, 119.0, 118.4, 118.4, 118.7, 118.4, 119.3, 119.6, 120.2, 119.6, 120.2, 120.2, 120.2, 119.6, 119.9, 119.6, 119.6, 120.2, 119.9, 119.6, 120.2, 120.2, 120.2, 119.6, 119.0, 119.3, 119.6, 119.6, 120.2, 119.0, 119.6, 119.0, 119.6, 119.6, 120.2, 120.2, 119.0, 120.2, 119.6, 120.2, 119.6, 119.6, 120.2, 119.0, 119.0, 120.2, 119.6, 120.5, 119.6, 119.0, 119.0, 119.3, 119.3, 118.7, 119.9, 119.3, 119.6, 119.9, 119.9, 120.5, 120.2, 119.6, 119.9, 119.9, 118.7, 119.9, 119.9, 119.6, 119.6, 120.2, 119.0, 119.3, 119.6, 119.3, 119.6, 119.9, 119.9, 119.9, 119.3, 119.6, 119.6, 119.6, 119.9, 119.6, 119.3, 119.6, 119.9, 120.5, 119.6, 120.2, 117.5, 117.5, 117.5, 117.2, 117.2, 116.3, 114.8, 115.1, 115.1, 116.3, 115.7, 115.7, 115.7, 116.3, 116.0, 115.4, 115.4, 115.4, 115.0, 115.0, 115.0, 114.4, 114.7, 115.0, 114.1, 114.1, 114.1, 113.8, 112.8, 111.4, 111.4, 109.9, 110.3, 109.9, 109.3, 109.3, 108.9, 108.8, 108.4, 108.9, 108.4, 108.0, 108.4, 107.4, 107.4, 108.4, 107.4, 108.0, 107.4, 107.8, 107.4, 107.4, 107.4, 106.9, 108.4, 107.4, 106.5, 106.1, 105.5, 105.5, 106.1, 106.1, 106.5, 106.6, 106.6, 105.1, 106.1, 106.1, 106.5, 106.5, 107.0, 105.5, 106.0, 106.1, 106.1, 106.2, 105.5, 106.2, 106.6, 106.1, 105.6, 105.6, 105.2, 106.1, 104.7, 104.6, 105.1, 105.6, 106.1, 104.7, 105.1, 103.6, 103.1, 103.1, 103.1, 102.6, 103.1, 103.5, 103.5, 103.1, 102.6, 102.6, 102.6, 102.1, 102.6, 101.7, 102.1, 102.6, 101.7, 102.1, 101.6, 102.2, 101.7, 101.6, 102.6, 102.1, 102.1, 102.6, 101.7, 102.6, 103.1, 102.6, 102.1, 102.6, 102.6, 102.1, 102.6, 101.6, 102.1, 101.7, 102.1, 102.6, 101.7, 102.6, 102.1, 101.7, 102.1, 101.7, 102.1, 101.7, 102.1, 102.2, 102.1, 102.1, 102.6, 102.6, 102.2, 102.1, 101.2, 102.1, 101.6, 102.1, 101.6, 102.2, 101.7, 101.2, 101.2, 101.6, 101.7, 101.2, 101.7, 102.1, 102.6, 101.7, 101.7, 101.7, 101.6, 101.2, 101.7, 102.1, 102.6, 101.7, 101.2, 101.7, 101.2, 101.6, 101.2, 101.7, 101.2, 101.7, 101.2, 101.2, 101.2, 101.6, 101.6, 101.2, 101.1, 101.6, 101.6, 101.2, 101.2, 101.7, 101.7, 102.2, 101.7, 101.2, 101.6, 101.2, 102.1, 101.6, 102.1, 101.6, 101.2, 101.2, 100.7, 101.7, 102.1, 102.1, 100.7, 102.1, 101.2, 101.2, 101.7, 101.2, 100.7, 101.2, 100.7, 101.1, 101.7, 101.6, 101.6, 101.6, 101.2, 102.1, 101.2, 102.1, 100.7, 100.7, 101.1, 101.7, 102.1, 100.7, 101.2, 101.6, 101.1, 101.2, 100.7, 100.7, 101.2, 101.2, 101.2, 101.6, 101.6, 100.7, 101.2, 101.6, 101.2, 101.6, 100.7, 100.7, 101.1, 101.2, 101.2, 100.2, 100.7, 101.2, 101.2, 101.2, 102.1, 101.6, 101.6, 101.6, 102.6, 101.2, 102.6, 103.1, 103.5, 102.6, 102.6, 104.0, 102.6, 102.6, 102.6, 103.1, 103.0, 103.5, 102.6, 102.6, 103.1, 103.1, 103.1, 103.5, 103.1, 103.1, 103.1, 103.1, 102.6, 103.1, 103.2, 102.1, 103.1, 103.1, 103.1, 102.6, 103.1, 103.6, 104.0, 103.1, 103.1, 103.0, 103.5, 103.5, 103.5, 103.1, 103.1, 103.1, 103.1, 102.6, 103.1, 103.6, 103.6, 103.1, 103.6, 103.1, 103.1, 103.1, 103.0, 103.5, 104.1, 103.5, 104.0, 103.1, 102.6, 103.0, 102.6, 104.6, 104.6, 104.1, 104.1, 103.2, 104.1, 104.1, 104.6, 104.1, 105.1, 104.6, 105.1, 105.1, 105.1, 105.5, 104.6, 104.7, 104.1, 104.6, 105.1, 104.7, 104.7, 105.6, 104.7, 104.7, 104.7, 104.6, 105.1, 104.1, 104.6, 104.7, 104.7, 104.7, 104.7, 104.7, 105.1, 104.7, 104.7, 105.2, 105.1, 105.1, 104.7, 104.7, 104.6, 104.2, 104.1, 105.1, 104.7, 106.1, 105.5, 105.0, 104.7, 105.1, 105.6, 104.6, 105.1, 104.6, 104.7, 105.1, 104.7, 105.5, 105.0, 105.0, 104.6, 104.6, 104.7, 104.6, 104.6, 104.7, 105.1, 105.5, 105.1, 105.5, 105.1, 105.1, 105.5, 105.5, 105.5, 105.1, 105.5, 105.1, 105.5, 105.0, 105.5, 105.5, 105.5, 105.0, 105.5, 105.0, 105.0, 105.0, 105.0, 104.6, 104.7, 105.6, 105.0, 105.5, 105.0, 106.0, 105.0, 106.1, 104.6, 105.1, 105.0, 104.6, 105.0, 105.0, 106.0, 105.0, 105.4, 106.0, 105.0, 105.5, 106.0, 105.1, 104.6, 105.5, 105.5, 105.0, 104.9, 105.0, 105.0, 105.5, 106.0, 105.5, 104.6, 105.5, 106.0, 106.0, 105.4, 106.0, 105.5, 106.0, 105.5, 105.0, 105.5, 105.0, 105.5, 106.0, 105.4, 105.5, 105.5, 106.0]"
0,"[102.5, 102.6, 102.6, 102.5, 101.6, 100.7, 102.1, 101.6, 101.6, 100.7, 100.7, 101.1, 101.6, 101.6, 101.6, 101.1, 100.2, 101.1, 101.1, 100.6, 100.6, 100.6, 101.1, 100.2, 101.1, 100.7, 101.1, 101.1, 101.1, 100.6, 100.2, 101.1, 100.6, 101.6, 101.6, 101.1, 101.1, 100.7, 101.6, 101.6, 100.7, 100.7, 100.7, 100.7, 100.7, 100.7, 101.2, 100.2, 101.1, 100.2, 101.1, 100.2, 101.2, 101.1, 100.7, 100.7, 101.1, 101.1, 100.7, 100.7, 101.6, 100.6, 100.6, 100.6, 101.1, 101.1, 100.6, 101.2, 101.1, 100.6, 100.2, 100.6, 101.1, 101.1, 100.6, 100.6, 100.7, 100.7, 101.2, 101.1, 101.2, 100.2, 100.2, 100.7, 100.7, 100.2, 100.2, 100.7, 100.2, 100.2, 100.2, 99.7, 100.2, 100.2, 100.2, 100.7, 100.2, 100.2, 100.7, 100.2, 100.2, 100.2, 100.2, 100.7, 100.7, 99.7, 101.1, 100.2, 100.7, 99.7, 100.2, 100.7, 100.7, 99.7, 99.7, 100.7, 100.6, 100.7, 100.2, 100.7, 100.2, 100.2, 100.7, 100.7, 100.6, 102.0, 102.3, 100.6, 94.4, 93.0, 94.5, 97.8, 95.9, 96.9, 98.8, 101.1, 100.6, 95.0, 96.9, 97.8, 98.3, 99.7, 99.7, 96.9, 96.9, 97.8, 98.3, 98.8, 99.7, 99.2, 93.6, 99.2, 99.2, 98.8, 99.2, 99.2, 98.3, 95.5, 93.0, 93.5, 95.0, 96.9, 98.3, 97.8, 99.2, 99.2, 101.1, 103.0, 104.5, 106.8, 107.3, 106.9, 107.3, 107.7, 106.9, 105.8, 105.4, 105.4, 105.8, 106.4, 106.4, 105.8, 105.4, 104.9, 105.8, 106.2, 106.2, 106.8, 107.7, 108.1, 109.0, 109.5, 109.0, 110.1, 110.6, 111.0, 110.6, 110.1, 109.7, 109.3, 110.1, 109.7, 110.6, 111.9, 111.3, 111.0, 110.6, 110.6, 111.2, 110.6, 110.1, 110.4, 110.4, 110.4, 110.1, 110.4, 110.4, 110.1, 110.4, 110.4, 110.1, 110.4, 109.9, 110.1, 110.1, 109.5, 109.5, 108.6, 108.6, 108.6, 109.2, 109.2, 110.1, 109.2, 109.7, 109.7, 108.6, 109.7, 109.7, 109.2, 109.7, 109.7, 109.7, 109.7, 109.2, 109.7, 109.7, 109.7, 108.2, 108.8, 108.8, 108.2, 108.8, 108.2, 108.2, 109.2, 109.2, 109.2, 109.5, 109.0, 110.4, 110.8, 112.2, 111.3, 112.2, 113.1, 112.2, 112.6, 112.6, 112.2, 111.3, 111.0, 111.0, 110.4, 111.0, 111.3, 110.4, 111.0, 111.0, 110.6, 111.0, 111.6, 111.0, 111.6, 111.6, 112.1, 112.7, 114.2, 115.4, 117.2, 119.3, 122.4, 122.7, 123.9, 126.5, 129.4, 130.6, 130.8, 130.6, 131.2, 131.4, 131.2, 131.7, 132.2, 131.7, 132.3, 132.5, 132.2, 132.2, 132.2, 133.3, 132.5, 132.0, 130.6, 126.7, 124.5, 123.4, 121.0, 121.4, 121.4, 121.4, 121.0, 120.7, 121.1, 120.5, 119.9, 119.9, 119.9, 120.1, 119.9, 119.6, 120.5, 119.6, 119.9, 119.5, 119.9, 119.6, 119.9, 119.6, 119.9, 119.9, 119.6, 119.3, 120.2, 119.6, 119.6, 119.6, 119.3, 119.6, 119.6, 119.6, 119.6, 118.7, 119.3, 118.7, 118.7, 119.3, 119.3, 119.3, 118.7, 118.7, 118.1, 118.7, 117.8, 117.2, 117.5, 117.8, 117.8, 117.5, 117.8, 116.9, 117.8, 116.9, 116.9, 116.9, 117.8, 117.2, 117.8, 117.5, 116.9, 116.9, 117.8, 117.8, 116.9, 117.8, 117.8, 117.8, 117.5, 117.8, 117.8, 117.8, 117.5, 117.8, 117.8, 117.5, 117.2, 117.5, 117.8, 117.8, 118.1, 116.9, 117.5, 116.9, 116.9, 117.8, 117.2, 117.2, 117.2, 117.2, 117.5, 117.8, 117.8, 117.2, 117.2, 117.5, 117.8, 117.8, 117.8, 117.8, 117.2, 117.8, 117.2, 117.2, 117.2, 116.6, 117.8, 117.8, 117.2, 117.2, 117.2, 116.9, 117.8, 117.5, 116.9, 117.8, 117.8, 117.5, 117.8, 117.8, 117.8, 117.2, 117.5, 116.9, 117.8, 117.8, 117.8, 117.2, 117.2, 117.2, 117.8, 117.8, 117.8, 117.2, 117.2, 117.2, 117.5, 117.8, 117.8, 117.8, 116.9, 117.5, 117.8, 117.8, 117.2, 117.8, 117.5, 117.2, 117.5, 117.2, 117.8, 117.5, 117.5, 117.5, 117.2, 117.5, 117.8, 116.9, 117.2, 117.8, 117.2, 116.9, 118.4, 117.5, 117.8, 117.8, 116.9, 117.2, 118.4, 117.8, 117.8, 117.8, 117.5, 117.8, 117.2, 116.9, 117.2, 116.9, 117.5, 117.8, 117.8, 117.8, 117.5, 118.4, 117.8, 117.8, 117.8, 117.8, 116.9, 117.2, 117.2, 117.8, 118.1, 117.5, 117.8, 117.5, 117.5, 117.8, 117.5, 116.9, 117.2, 117.5, 117.2, 117.8, 117.8, 117.2, 117.8, 117.8, 117.5, 117.5, 117.5, 118.4, 117.8, 117.8, 117.8, 118.4, 117.8, 117.8, 117.5, 117.8, 118.1, 117.5, 117.8, 117.5, 118.4, 118.1, 117.8, 117.5, 117.5, 117.5, 118.4, 117.8, 118.1, 117.5, 117.8, 117.5, 117.5, 117.8, 118.4, 117.5, 117.5, 117.5, 118.1, 117.8, 118.1, 119.0, 117.8, 117.5, 117.5, 117.5, 117.5, 118.1, 117.8, 118.1, 117.5, 117.5, 117.2, 117.8, 118.4, 116.9, 117.2, 117.5, 117.8, 118.4, 117.5, 117.8, 118.4, 117.2, 118.1, 118.4, 118.4, 117.5, 117.8, 117.8, 117.8, 118.1, 117.8, 117.8, 118.1, 117.8, 118.4]"
0,"[113.3, 113.9, 114.2, 112.7, 113.3, 112.9, 113.3, 113.3, 113.3, 114.2, 114.2, 113.6, 113.3, 113.9, 113.6, 113.3, 113.6, 113.3, 114.2, 113.6, 113.6, 114.2, 113.6, 114.2, 113.6, 113.9, 113.9, 114.2, 114.2, 114.2, 113.6, 114.2, 113.6, 113.9, 113.3, 114.2, 113.3, 113.3, 113.9, 113.6, 114.2, 114.2, 113.9, 114.2, 113.3, 114.2, 114.2, 114.2, 114.2, 114.2, 114.2, 114.2, 114.5, 113.9, 114.2, 114.2, 113.9, 114.2, 114.2, 114.2, 114.2, 114.2, 114.2, 113.9, 114.2, 113.9, 114.2, 114.2, 114.2, 113.9, 113.9, 113.6, 113.9, 114.2, 114.2, 113.9, 114.2, 114.2, 114.2, 114.2, 114.2, 113.9, 114.2, 114.2, 114.2, 113.9, 114.8, 114.8, 114.8, 114.2, 113.9, 114.8, 114.2, 113.6, 113.9, 113.3, 114.2, 114.2, 114.4, 114.4, 114.4, 114.8, 113.9, 114.8, 113.9, 113.9, 113.9, 113.6, 114.8, 113.9, 113.9, 113.9, 114.2, 113.9, 113.9, 114.4, 114.2, 114.4, 114.2, 114.4, 113.9, 113.9, 114.2, 114.4, 115.7, 116.3, 114.4, 114.4, 112.3, 111.8, 111.4, 110.5, 110.8, 109.3, 108.2, 109.3, 109.3, 108.9, 109.3, 108.0, 108.4, 107.8, 108.9, 108.0, 108.4, 108.9, 109.3, 109.3, 109.5, 109.9, 109.9, 109.3, 108.9, 109.3, 108.8, 109.3, 109.5, 108.4, 109.3, 109.3, 109.7, 109.3, 109.3, 108.9, 108.9, 109.7, 109.3, 108.9, 108.9, 108.0, 107.8, 107.8, 107.8, 107.4, 107.0, 107.0, 106.5, 106.6, 106.6, 106.5, 106.9, 106.6, 106.1, 106.5, 106.1, 106.1, 105.6, 105.1, 106.2, 105.2, 106.6, 106.9, 107.4, 107.3, 107.8, 107.8, 107.8, 108.4, 108.0, 107.4, 107.0, 106.2, 105.8, 105.1, 105.2, 105.1, 105.1, 105.1, 105.2, 104.7, 104.6, 105.2, 105.6, 105.1, 105.1, 104.7, 103.6, 104.7, 103.6, 104.7, 104.6, 104.1, 103.2, 103.2, 103.1, 103.2, 103.2, 103.2, 103.2, 102.6, 102.6, 102.6, 102.6, 103.2, 103.2, 103.2, 102.6, 103.2, 103.2, 102.6, 103.2, 102.6, 103.2, 102.2, 102.6, 102.2, 102.6, 102.2, 102.6, 102.6, 102.2, 102.2, 102.6, 102.1, 102.6, 102.6, 102.6, 102.1, 103.1, 102.2, 102.1, 101.7, 102.2, 101.7, 101.7, 101.2, 101.2, 101.7, 101.7, 101.7, 102.1, 101.2, 101.7, 101.2, 101.7, 101.2, 101.7, 100.7, 100.7, 101.6, 100.7, 101.2, 101.6, 100.7, 101.2, 102.1, 101.2, 101.7, 100.7, 101.2, 100.7, 101.2, 101.2, 101.2, 101.7, 101.2, 101.2, 101.2, 101.6, 101.2, 101.6, 101.7, 100.7, 101.2, 100.7, 101.2, 101.2, 101.2, 101.7, 101.7, 101.2, 101.2, 101.2, 100.7, 101.2, 100.7, 100.7, 101.2, 101.2, 101.2, 101.2, 101.2, 101.2, 101.7, 101.6, 101.2, 101.2, 101.7, 102.1, 102.1, 101.2, 101.6, 101.6, 101.6, 101.6, 101.6, 101.6, 102.1, 102.1, 103.1, 102.6, 103.1, 104.0, 104.6, 105.1, 105.6, 105.1, 105.1, 105.5, 106.1, 105.1, 105.1, 105.1, 104.6, 104.0, 103.1, 103.1, 102.1, 102.1, 101.6, 101.6, 101.2, 101.1, 101.6, 100.6, 101.1, 100.7, 100.7, 99.7, 100.7, 100.6, 101.2, 101.2, 101.6, 101.1, 101.1, 102.5, 102.1, 101.1, 101.1, 101.6, 101.2, 100.2, 101.2, 101.1, 100.7, 101.1, 101.1, 101.1, 101.6, 102.6, 102.1, 102.1, 102.1, 102.1, 102.6, 102.1, 101.6, 102.6, 102.1, 102.1, 101.6, 101.6, 101.6, 101.6, 101.1, 103.0, 102.1, 102.1, 102.1, 101.6, 102.1, 102.1, 102.6, 102.5, 102.6, 103.0, 102.6, 102.6, 102.6, 102.6, 102.6, 102.6, 102.1, 102.6, 102.6, 103.0, 103.5, 103.1, 103.5, 104.5, 103.1, 103.1, 103.5, 103.5, 103.5, 103.5, 104.0, 102.1, 102.6, 102.6, 103.1, 102.6, 103.1, 103.0, 102.6, 102.6, 103.1, 102.6, 102.6, 102.6, 103.1, 102.6, 103.0, 102.1, 102.6, 103.1, 103.1, 103.1, 102.6, 104.0, 103.5, 103.5, 102.6, 104.0, 102.6, 104.0, 104.0, 104.0, 103.6, 103.6, 103.6, 103.6, 103.5, 103.5, 103.1, 103.1, 103.6, 103.5, 104.0, 104.1, 103.5, 104.0, 104.0, 104.0, 104.5, 104.6, 103.6, 104.5, 105.0, 105.0, 103.6, 104.0, 104.6, 105.5, 104.5, 103.5, 103.5, 104.6, 103.6, 104.6, 104.6, 104.0, 105.0, 104.7, 104.0, 104.0, 104.6, 105.1, 104.6, 104.6, 105.5, 104.6, 105.1, 104.6, 105.1, 104.6, 104.5, 104.0, 104.5, 104.6, 105.0, 104.0, 105.5, 104.6, 105.1, 105.5, 106.0, 105.6, 105.5, 105.5, 105.5, 106.1, 106.1, 106.0, 106.5, 106.0, 106.1, 106.1, 105.5, 106.4, 106.0, 106.0, 106.5, 106.0, 106.0, 106.4, 106.9, 106.0, 106.5, 106.5, 106.9, 106.5, 106.9, 106.5, 106.9, 106.9, 106.0, 106.5, 106.0, 107.0, 105.5, 106.1, 105.5, 106.0, 106.5, 105.1, 106.0, 105.5, 105.6, 105.5, 105.5, 105.6, 105.6, 105.1, 105.1, 105.6, 105.1, 104.6, 105.1, 105.0, 104.1, 103.6, 103.1, 103.1, 103.1, 103.6, 103.6, 103.1, 103.1, 103.1, 103.1, 103.2, 103.1, 103.2, 103.6, 103.1, 103.1, 103.6, 104.1]"
0,"[109.7, 109.7, 109.7, 109.7, 108.2, 109.2, 109.7, 109.3, 109.3, 109.9, 110.3, 109.2, 108.8, 109.2, 109.3, 109.9, 109.3, 109.3, 109.3, 109.3, 108.8, 109.3, 109.7, 109.3, 109.7, 109.7, 109.7, 110.3, 110.3, 110.3, 110.3, 110.3, 110.3, 110.3, 110.8, 109.9, 109.9, 109.9, 109.9, 110.3, 110.3, 109.9, 110.3, 110.3, 110.3, 110.3, 110.5, 109.9, 109.9, 109.9, 109.9, 109.9, 110.8, 110.6, 109.9, 110.6, 110.3, 110.3, 110.5, 109.9, 110.3, 109.9, 110.3, 110.3, 109.9, 110.3, 110.3, 110.3, 110.3, 110.3, 110.3, 110.8, 109.9, 110.3, 110.3, 110.8, 109.9, 110.5, 110.5, 110.5, 110.3, 110.8, 110.8, 110.3, 110.3, 110.8, 110.8, 110.8, 110.3, 110.8, 110.8, 110.8, 110.8, 110.8, 110.8, 110.3, 111.2, 110.3, 110.8, 110.3, 110.8, 111.4, 110.3, 111.4, 111.4, 111.4, 110.8, 110.8, 110.8, 111.4, 110.3, 111.8, 111.4, 111.4, 111.2, 110.8, 110.8, 111.8, 110.8, 111.4, 111.8, 110.3, 111.4, 110.8, 112.7, 112.3, 111.4, 110.8, 110.5, 111.2, 110.5, 110.3, 110.8, 110.8, 110.3, 110.3, 110.3, 109.7, 110.3, 109.9, 108.8, 108.4, 107.3, 106.9, 108.4, 107.4, 106.4, 106.9, 106.9, 106.9, 106.9, 106.4, 106.4, 106.5, 106.9, 106.9, 107.3, 106.9, 107.4, 106.9, 106.9, 107.8, 107.8, 109.3, 109.3, 109.2, 108.4, 106.9, 106.9, 106.9, 106.9, 106.5, 106.9, 107.3, 106.9, 107.8, 106.5, 105.8, 105.5, 106.1, 106.4, 106.0, 106.0, 106.0, 105.1, 103.6, 103.1, 102.6, 103.6, 103.1, 102.6, 103.1, 103.1, 103.1, 103.5, 103.6, 102.6, 103.1, 102.6, 102.6, 102.6, 102.6, 102.6, 102.1, 102.1, 101.7, 101.6, 102.6, 102.6, 101.6, 102.1, 102.6, 103.1, 101.2, 103.1, 102.6, 103.0, 104.6, 104.6, 105.0, 105.4, 106.0, 106.0, 105.5, 105.4, 105.0, 104.1, 103.0, 102.1, 102.1, 101.6, 100.6, 101.6, 101.1, 101.1, 101.1, 101.1, 101.6, 100.6, 101.1, 101.6, 100.6, 102.1, 101.1, 101.6, 101.1, 100.6, 100.6, 100.6, 101.6, 102.1, 101.6, 102.1, 101.6, 101.6, 101.6, 101.6, 101.1, 100.6, 101.6, 101.1, 102.1, 101.6, 101.1, 101.1, 101.6, 100.6, 101.6, 101.1, 100.6, 101.6, 101.1, 101.6, 101.1, 101.6, 101.6, 101.1, 101.1, 102.1, 101.1, 100.2, 101.2, 100.6, 100.2, 101.1, 101.6, 101.6, 101.6, 102.1, 102.6, 102.6, 103.6, 104.0, 104.1, 104.1, 104.0, 105.0, 105.0, 104.7, 104.0, 102.6, 101.6, 101.6, 101.6, 101.1, 102.1, 102.6, 102.1, 103.1, 102.6, 102.6, 102.6, 102.1, 103.1, 103.1, 102.6, 102.1, 103.0, 102.1, 101.6, 102.1, 102.1, 102.6, 103.1, 103.1, 103.0, 103.0, 103.1, 104.6, 105.4, 104.5, 105.0, 105.0, 105.0, 105.0, 104.6, 104.0, 104.0, 104.1, 104.5, 105.4, 104.5, 105.0, 104.0, 104.0, 104.6, 104.6, 104.6, 104.1, 104.7, 103.6, 105.1, 103.7, 105.1, 104.2, 104.6, 106.0, 105.4, 105.0, 105.0, 106.0, 105.0, 105.0, 105.0, 105.4, 105.3, 106.2, 106.8, 106.8, 106.6, 106.6, 107.0, 107.4, 107.9, 109.4, 108.8, 109.5, 109.9, 109.4, 109.5, 108.5, 108.6, 107.5, 108.1, 108.6, 109.5, 109.5, 109.7, 109.5, 109.2, 109.2, 109.9, 110.1, 109.7, 109.2, 109.7, 109.5, 110.1, 110.1, 109.2, 110.1, 108.6, 108.6, 109.2, 109.5, 109.7, 109.3, 108.6, 109.2, 109.2, 109.2, 108.8, 109.7, 109.2, 109.7, 108.6, 109.7, 109.2, 109.7, 109.7, 109.7, 109.7, 109.7, 109.2, 109.2, 109.2, 109.2, 109.2, 109.2, 110.3, 109.7, 109.7, 109.5, 110.3, 109.7, 110.6, 109.7, 110.3, 109.7, 109.7, 109.7, 110.6, 110.3, 109.9, 109.7, 110.1, 110.3, 110.1, 110.6, 110.6, 110.3, 110.6, 110.3, 110.3, 110.6, 110.6, 110.6, 111.2, 110.6, 110.3, 111.2, 110.6, 111.2, 111.2, 111.6, 111.6, 111.0, 111.6, 111.6, 111.2, 111.6, 111.6, 111.6, 111.2, 110.8, 111.8, 111.2, 112.1, 111.8, 112.1, 112.1, 112.1, 111.8, 111.4, 112.3, 111.8, 112.3, 112.9, 112.7, 112.3, 112.7, 113.3, 112.3, 112.3, 112.7, 113.0, 112.7, 111.8, 112.3, 111.8, 110.8, 111.8, 111.4, 111.0, 111.8, 111.0, 110.8, 110.5, 111.2, 111.0, 111.8, 112.3, 112.3, 112.9, 112.0, 112.0, 111.8, 112.0, 111.4, 111.4, 112.3, 112.9, 112.9, 112.9, 112.9, 113.3, 113.3, 112.9, 112.9, 112.9, 112.9, 113.3, 112.9, 112.9, 112.9, 112.3, 113.3, 113.3, 112.9, 113.3, 112.7, 113.3, 112.9, 112.0, 111.4, 111.2, 110.3, 109.7, 109.7, 110.3, 110.8, 110.8, 111.2, 110.8, 110.5, 110.5, 109.9, 109.9, 110.5, 110.3, 109.9, 110.3, 110.3, 109.9, 110.3, 109.9, 109.7, 109.3, 109.3, 109.3, 109.3, 109.9, 109.3, 108.8, 109.3, 109.3, 109.7, 109.9, 110.3, 110.8, 110.8, 110.3, 110.5, 110.8, 110.3, 110.3, 110.8, 110.3, 110.3, 110.8, 111.0, 109.9, 110.3, 110.3, 109.7, 109.7, 110.3, 109.9, 109.9, 110.5]"
1,"[139.2, 139.5, 138.6, 138.3, 136.8, 136.2, 137.1, 137.4, 137.1, 137.4, 136.5, 137.0, 136.7, 137.4, 136.7, 136.5, 136.1, 136.7, 137.1, 137.7, 136.8, 137.1, 136.4, 137.4, 136.7, 136.1, 137.0, 136.4, 137.1, 136.7, 136.4, 137.1, 136.1, 136.5, 137.0, 137.0, 137.0, 136.1, 136.4, 136.7, 136.5, 136.4, 136.4, 137.1, 136.4, 136.1, 137.0, 137.0, 136.7, 137.0, 137.0, 136.4, 136.4, 137.0, 136.1, 137.1, 137.4, 137.4, 137.1, 137.7, 137.4, 138.0, 137.1, 137.7, 137.7, 137.7, 137.7, 137.1, 137.7, 137.1, 137.1, 137.1, 136.8, 136.5, 136.8, 137.1, 137.4, 137.1, 137.1, 136.8, 136.7, 136.5, 137.1, 137.1, 137.1, 136.5, 137.1, 136.5, 136.8, 137.1, 136.5, 136.8, 136.5, 136.8, 137.4, 137.4, 136.5, 136.7, 136.5, 137.1, 136.5, 137.4, 137.1, 137.4, 138.0, 137.1, 137.1, 137.7, 137.4, 136.8, 137.4, 136.8, 136.8, 137.1, 137.1, 136.2, 136.8, 136.8, 136.5, 136.5, 136.5, 136.5, 137.1, 137.1, 138.0, 137.1, 137.4, 137.1, 137.1, 136.5, 137.1, 136.5, 136.7, 137.1, 136.8, 137.1, 136.8, 137.0, 137.1, 137.1, 136.5, 137.1, 136.5, 137.4, 137.7, 136.8, 137.1, 136.5, 136.8, 137.4, 136.8, 137.1, 137.1, 136.5, 136.5, 136.8, 137.4, 137.4, 137.1, 136.5, 137.1, 137.1, 137.1, 137.4, 137.1, 137.4, 137.1, 137.1, 137.7, 137.4, 138.0, 137.7, 137.1, 137.7, 138.0, 138.3, 137.7, 138.3, 138.0, 138.6, 138.3, 138.6, 138.0, 137.7, 137.1, 138.0, 137.1, 137.1, 137.1, 137.4, 137.4, 136.7, 137.4, 137.4, 136.5, 136.5, 137.4, 136.8, 137.4, 137.1, 137.4, 137.4, 137.1, 137.4, 137.1, 137.1, 136.1, 137.1, 136.8, 136.5, 137.1, 137.1, 136.8, 137.1, 136.5, 137.1, 137.1, 137.1, 137.0, 137.1, 136.5, 137.1, 136.5, 137.1, 137.4, 137.4, 137.4, 137.1, 137.7, 137.1, 138.0, 136.8, 137.4, 137.0, 137.3, 136.7, 136.4, 136.4, 137.4, 136.1, 137.1, 136.7, 136.7, 137.1, 136.7, 137.1, 137.1, 137.1, 137.6, 136.1, 137.1, 137.0, 136.7, 136.4, 135.9, 136.1, 136.4, 135.8, 136.7, 136.7, 136.7, 136.7, 137.0, 136.4, 136.4, 136.1, 137.0, 136.0, 136.4, 136.0, 136.0, 136.4, 136.4, 137.1, 136.8, 135.9, 137.4, 136.7, 137.4, 137.1, 136.1, 136.5, 136.1, 136.7, 137.1, 137.0, 137.4, 138.3, 138.3, 138.9, 140.5, 140.2, 139.5, 138.9, 140.8, 140.2, 140.2, 140.5, 141.3, 141.7, 140.4, 141.7, 140.8, 140.4, 138.3, 137.4, 137.7, 137.1, 137.4, 137.1, 137.1, 137.4, 136.5, 136.1, 136.7, 137.1, 137.7, 137.4, 137.7, 137.4, 138.3, 137.7, 138.0, 138.0, 137.7, 137.4, 137.1, 137.4, 138.0, 137.4, 138.0, 137.7, 138.3, 138.3, 138.0, 138.0, 138.3, 137.7, 137.7, 137.4, 137.1, 136.8, 137.7, 137.1, 137.7, 137.4, 137.4, 137.4, 137.7, 137.7, 137.7, 138.3, 138.0, 138.3, 138.3, 137.1, 138.3, 137.1, 138.3, 137.4, 138.0, 138.3, 138.3, 138.6, 138.3, 138.6, 138.0, 139.2, 138.9, 138.9, 138.3, 138.3, 138.0, 138.3, 138.6, 139.5, 139.9, 139.9, 140.2, 138.9, 139.2, 139.9, 139.9, 140.2, 140.8, 140.8, 141.4, 141.3, 141.1, 142.0, 141.1, 141.3, 141.1, 142.6, 142.0, 141.7, 141.7, 141.1, 142.0, 141.7, 142.3, 142.6, 142.0, 142.9, 142.9, 142.6, 142.9, 142.0, 142.6, 143.5, 143.1, 143.5, 143.2, 143.7, 143.1, 143.5, 144.0, 144.6, 143.7, 143.4, 144.6, 144.0, 144.6, 144.2, 144.2, 144.2, 144.9, 144.2, 144.2, 144.9, 144.9, 145.1, 145.5, 144.9, 145.5, 145.9, 144.9, 145.5, 146.1, 146.3, 145.5, 145.5, 146.3, 146.3, 145.7, 146.1, 146.5, 146.7, 146.7, 147.2, 147.6, 146.7, 147.8, 147.6, 147.4, 146.9, 148.0, 147.8, 146.9, 147.6, 146.9, 146.9, 146.9, 146.9, 147.2, 147.4, 147.6, 147.6, 147.8, 147.8, 147.2, 148.2, 147.2, 147.6, 147.2, 147.8, 147.6, 147.8, 147.8, 147.6, 147.8, 148.4, 148.4, 147.2, 147.8, 147.8, 147.8, 148.0, 148.6, 148.4, 148.6, 148.8, 148.6, 148.0, 148.8, 148.6, 148.8, 148.0, 148.0, 148.8, 149.4, 148.2, 148.8, 148.0, 149.4, 148.6, 148.8, 148.6, 148.8, 149.0, 148.6, 149.0, 149.0, 148.8, 149.0, 149.4, 148.8, 148.6, 149.4, 148.8, 149.0, 149.4, 148.8, 148.8, 149.0, 149.0, 149.0, 149.0, 148.8, 149.2, 149.6, 149.4, 149.4, 148.8, 149.8, 148.6, 149.4, 149.2, 149.2, 150.0, 149.6, 149.2, 150.0, 148.6, 149.6, 149.8, 149.4, 149.4, 149.4, 149.2, 149.4, 149.4, 149.2, 149.4, 150.7, 149.6, 149.4, 149.4, 149.8, 149.4, 150.0, 149.4, 150.0, 149.4, 149.4, 150.0, 149.4, 149.4, 148.8, 149.4, 149.4, 148.8, 149.4, 149.6, 149.8, 148.8, 149.4, 148.8, 149.4, 148.8, 149.4, 150.0, 149.4, 148.8, 148.6, 149.4, 149.4, 149.8, 149.4, 149.2, 149.4, 149.4, 149.4, 149.4, 149.4, 150.0, 149.4, 149.6, 149.4, 149.4]"
1,"[149.4, 150.9, 151.1, 151.1, 150.0, 150.7, 151.3, 152.1, 151.4, 152.1, 152.6, 152.6, 151.9, 152.7, 152.1, 151.9, 151.4, 151.9, 152.7, 151.9, 152.1, 151.9, 151.9, 151.9, 152.1, 151.3, 151.3, 151.8, 151.9, 151.3, 152.4, 151.3, 151.9, 151.8, 152.6, 152.6, 151.9, 152.6, 152.2, 152.6, 153.0, 152.4, 151.9, 151.9, 152.4, 152.4, 152.6, 152.4, 151.9, 152.6, 152.4, 152.4, 151.9, 152.4, 151.1, 151.1, 151.1, 151.1, 151.1, 151.1, 151.1, 150.5, 150.7, 150.5, 150.5, 151.8, 151.8, 151.8, 151.8, 151.3, 151.8, 152.6, 152.4, 152.4, 152.4, 151.8, 151.8, 152.4, 151.8, 151.1, 151.1, 151.1, 151.1, 151.3, 151.8, 151.6, 152.4, 151.8, 151.9, 151.9, 151.8, 151.8, 151.8, 151.8, 151.6, 150.9, 151.6, 151.8, 151.8, 151.6, 152.2, 152.4, 151.6, 151.8, 151.8, 151.6, 151.8, 151.8, 151.8, 151.8, 151.6, 151.8, 151.6, 151.6, 150.7, 151.1, 151.8, 151.1, 151.9, 151.8, 151.8, 151.8, 152.2, 152.4, 151.6, 151.8, 151.8, 151.1, 150.2, 151.1, 150.5, 150.7, 150.5, 150.5, 150.0, 149.8, 150.7, 150.0, 150.0, 150.0, 150.7, 150.0, 150.0, 149.6, 149.4, 150.0, 150.0, 150.0, 149.4, 149.4, 149.6, 150.0, 149.4, 149.6, 150.0, 149.4, 149.4, 149.2, 149.4, 150.0, 149.4, 149.2, 150.0, 149.4, 149.4, 150.0, 149.2, 149.0, 149.0, 149.2, 148.4, 149.2, 149.2, 149.4, 149.4, 149.4, 149.8, 150.0, 149.4, 150.2, 150.0, 150.2, 149.8, 150.2, 150.0, 151.3, 150.7, 150.2, 150.0, 149.6, 150.8, 150.0, 149.8, 149.6, 150.7, 150.0, 150.7, 150.0, 150.0, 150.8, 149.8, 150.0, 149.4, 149.4, 150.0, 149.6, 150.0, 150.5, 150.0, 150.7, 149.4, 149.4, 150.0, 149.4, 150.7, 151.3, 150.0, 150.0, 150.0, 150.0, 150.0, 149.4, 150.0, 149.4, 150.0, 150.0, 149.4, 148.6, 148.6, 148.2, 148.4, 148.2, 148.4, 147.8, 149.0, 149.0, 149.0, 148.4, 148.4, 148.4, 149.0, 148.2, 148.4, 149.0, 149.0, 147.6, 147.6, 147.6, 147.6, 148.2, 148.2, 148.8, 148.2, 147.4, 148.0, 146.7, 147.6, 149.2, 149.2, 148.8, 148.6, 148.6, 147.8, 148.0, 148.2, 148.4, 148.6, 148.6, 148.6, 148.6, 149.2, 149.2, 149.2, 149.2, 149.2, 149.4, 149.4, 150.0, 150.0, 148.6, 150.0, 148.6, 149.2, 149.2, 148.6, 149.2, 149.2, 150.2, 149.6, 149.4, 148.8, 149.4, 149.2, 149.2, 149.6, 150.0, 149.2, 149.8, 149.4, 149.6, 149.6, 148.8, 149.4, 149.4, 150.0, 149.4, 150.0, 150.0, 150.0, 150.2, 150.0, 150.2, 150.2, 150.0, 150.0, 150.0, 150.0, 150.7, 150.0, 150.7, 150.0, 150.5, 151.3, 151.3, 150.7, 150.8, 150.7, 150.7, 150.8, 151.3, 150.8, 150.8, 151.3, 151.4, 151.4, 151.3, 152.4, 151.3, 151.3, 151.4, 151.4, 151.3, 151.4, 151.4, 151.9, 151.3, 151.9, 151.8, 152.4, 152.6, 151.9, 151.8, 151.8, 151.8, 151.9, 151.9, 151.9, 152.4, 152.4, 152.6, 151.9, 152.6, 152.4, 151.8, 151.9, 152.6, 151.9, 152.4, 152.6, 151.9, 152.6, 153.2, 152.6, 152.4, 151.9, 152.6, 151.8, 151.3, 151.9, 151.9, 151.9, 151.9, 152.7, 152.7, 152.7, 152.6, 152.6, 152.6, 152.7, 152.1, 152.1, 152.7, 152.7, 152.7, 153.5, 153.3, 152.7, 152.2, 152.1, 152.2, 152.2, 152.1, 152.2, 152.7, 152.1, 152.7, 152.1, 152.1, 152.7, 153.3, 152.1, 151.4, 152.2, 152.7, 152.7, 152.7, 152.1, 153.5, 152.7, 153.3, 154.0, 154.1, 153.5, 152.1, 152.8, 154.1, 153.5, 153.5, 152.8, 152.8, 152.8, 152.8, 152.8, 152.8, 152.8, 152.8, 152.8, 153.3, 153.5, 152.7, 152.2, 152.2, 152.2, 153.0, 153.0, 152.1, 152.7, 152.7, 152.7, 152.8, 152.2, 152.8, 152.7, 152.8, 152.8, 152.8, 152.8, 152.7, 152.7, 152.8, 152.8, 152.8, 153.0, 152.7, 152.8, 152.8, 153.0, 153.5, 152.8, 153.0, 152.8, 153.0, 153.5, 152.8, 152.7, 153.0, 152.8, 152.8, 152.7, 152.8, 152.8, 152.8, 152.8, 152.8, 153.0, 153.0, 152.8, 152.8, 152.8, 153.0, 152.8, 152.8, 152.7, 153.5, 153.0, 153.5, 152.8, 152.7, 152.8, 152.8, 153.0, 154.0, 154.2, 153.0, 152.8, 152.8, 152.8, 153.5, 152.8, 152.1, 153.6, 153.3, 153.0, 152.2, 152.8, 152.8, 152.4, 152.2, 153.5, 152.2, 153.0, 152.8, 152.8, 152.8, 152.8, 152.4, 152.7, 152.8, 152.8, 152.8, 152.2, 152.4, 152.8, 152.2, 152.2, 153.0, 152.2, 153.0, 152.1, 152.2, 152.8, 153.0, 152.2, 153.0, 152.1, 152.8, 153.0, 152.7, 152.1, 152.2, 152.2, 153.0, 152.8, 152.7, 152.8, 152.7, 153.3, 152.8, 152.8, 152.8, 152.8, 152.8, 152.8, 152.7, 152.7, 152.8, 152.8, 152.8, 152.7, 152.8, 152.7, 152.8, 152.8, 152.7, 152.1, 152.6, 152.1, 152.6, 152.7, 152.7, 152.7, 153.2, 153.3, 152.1, 152.8, 152.7, 151.9, 152.8, 152.8, 152.7, 152.2, 152.6, 151.9, 151.9, 152.7, 152.7, 152.8, 152.7, 152.6, 153.2]"
1,"[148.8, 149.4, 149.8, 149.0, 149.0, 149.2, 148.8, 149.6, 149.6, 149.8, 150.2, 149.8, 150.2, 150.2, 150.2, 150.2, 150.2, 150.2, 150.2, 150.2, 150.2, 150.2, 150.2, 150.2, 150.8, 150.2, 150.4, 150.2, 150.8, 150.2, 150.8, 150.8, 150.8, 151.0, 150.8, 150.8, 150.7, 150.8, 150.8, 150.8, 150.8, 150.8, 151.0, 150.8, 150.7, 150.7, 150.8, 150.8, 150.8, 150.8, 151.9, 151.0, 151.4, 151.4, 151.4, 151.3, 151.4, 150.8, 151.4, 151.0, 151.3, 150.8, 151.4, 150.7, 150.8, 151.3, 151.9, 151.3, 150.7, 150.7, 150.7, 150.8, 151.9, 150.7, 150.8, 150.7, 150.7, 151.4, 150.8, 150.7, 150.7, 151.4, 151.3, 151.3, 150.7, 151.3, 151.3, 151.3, 151.4, 151.3, 150.7, 152.1, 151.3, 151.4, 152.7, 151.4, 151.9, 151.4, 151.9, 151.3, 152.6, 151.9, 152.1, 151.9, 152.7, 151.4, 151.4, 151.9, 152.6, 151.3, 152.1, 151.4, 151.3, 152.7, 152.7, 152.7, 152.7, 151.4, 151.4, 152.7, 151.3, 152.1, 152.7, 152.1, 151.4, 151.9, 152.7, 151.3, 151.9, 151.4, 150.8, 150.2, 150.2, 150.2, 150.8, 150.2, 150.7, 150.0, 150.0, 150.7, 150.8, 150.2, 150.0, 150.2, 150.8, 150.2, 149.6, 150.0, 150.2, 150.2, 150.2, 150.8, 150.0, 150.7, 150.7, 150.8, 150.0, 150.2, 150.0, 150.2, 150.0, 150.8, 150.8, 150.2, 150.8, 150.8, 150.8, 150.8, 150.7, 151.3, 150.7, 150.8, 150.7, 150.7, 150.7, 151.9, 151.3, 151.3, 151.3, 152.1, 152.7, 151.3, 151.3, 152.1, 151.3, 151.9, 151.3, 152.6, 152.6, 151.9, 151.9, 151.9, 151.9, 151.3, 151.9, 151.1, 151.3, 151.3, 151.9, 151.9, 150.7, 151.9, 151.9, 151.8, 151.8, 151.9, 151.8, 152.4, 151.1, 151.3, 152.6, 152.4, 151.9, 151.9, 152.6, 151.8, 152.4, 151.3, 152.1, 152.6, 152.7, 152.1, 152.6, 152.6, 152.6, 152.7, 152.6, 152.6, 152.4, 153.2, 152.7, 152.1, 152.1, 153.2, 152.6, 152.6, 152.6, 152.4, 153.0, 152.6, 152.6, 152.4, 152.6, 151.9, 152.6, 152.6, 153.2, 152.6, 152.7, 152.6, 151.9, 153.2, 151.9, 153.0, 152.6, 153.3, 153.2, 151.9, 153.2, 151.9, 152.6, 153.2, 152.6, 152.6, 153.2, 151.9, 152.6, 152.6, 153.3, 153.3, 153.3, 153.2, 153.2, 153.2, 152.6, 153.2, 153.2, 153.2, 151.9, 151.9, 153.0, 152.6, 151.4, 152.6, 151.3, 152.1, 151.4, 151.3, 151.9, 151.1, 151.9, 151.9, 152.6, 151.9, 151.9, 152.7, 151.9, 151.9, 152.1, 152.1, 151.9, 152.1, 152.1, 152.1, 152.1, 152.7, 152.6, 152.1, 152.7, 152.7, 152.6, 152.6, 153.2, 152.7, 152.6, 152.1, 152.1, 152.1, 152.2, 152.6, 151.9, 152.1, 152.7, 152.1, 152.2, 151.9, 152.1, 151.9, 152.7, 152.1, 152.1, 152.6, 152.2, 151.9, 152.1, 153.2, 151.9, 152.6, 153.3, 152.1, 152.7, 152.7, 152.1, 152.1, 153.3, 152.1, 152.6, 152.1, 152.1, 151.9, 152.1, 152.2, 151.9, 151.4, 151.9, 151.3, 152.1, 151.8, 151.9, 152.1, 152.7, 152.2, 151.9, 152.1, 152.1, 152.2, 152.1, 151.9, 152.2, 152.6, 152.1, 152.1, 152.6, 151.9, 152.7, 152.1, 151.3, 151.6, 151.6, 151.6, 152.2, 152.2, 152.2, 152.1, 152.2, 152.1, 152.1, 151.6, 152.2, 152.8, 152.1, 151.6, 152.1, 152.1, 152.2, 152.2, 152.2, 152.1, 151.6, 152.2, 152.2, 152.1, 151.4, 152.1, 152.2, 151.4, 151.4, 151.9, 151.4, 151.4, 152.1, 151.4, 152.1, 151.4, 152.1, 152.1, 151.4, 151.4, 151.4, 152.2, 151.6, 151.4, 151.4, 152.1, 152.1, 152.1, 152.4, 152.2, 152.2, 152.2, 152.2, 152.1, 151.4, 152.2, 151.6, 151.4, 152.7, 152.1, 152.1, 151.4, 152.1, 152.2, 152.2, 152.1, 152.2, 152.1, 152.1, 152.1, 152.1, 152.1, 152.1, 152.1, 152.1, 152.2, 152.1, 152.1, 152.1, 152.2, 152.2, 152.1, 152.7, 152.1, 152.2, 152.2, 152.1, 152.1, 152.1, 152.1, 152.1, 152.2, 152.7, 152.1, 152.1, 152.8, 152.1, 152.2, 152.2, 152.2, 152.8, 152.2, 152.7, 153.5, 152.7, 152.7, 152.7, 152.7, 152.7, 152.7, 152.7, 152.7, 152.7, 153.3, 152.8, 152.2, 152.8, 152.8, 152.7, 152.7, 152.8, 152.2, 152.8, 152.7, 152.7, 152.7, 152.2, 152.7, 152.1, 152.8, 152.8, 152.7, 152.8, 153.3, 152.1, 152.2, 152.7, 153.5, 152.7, 152.7, 153.3, 152.7, 152.2, 152.7, 152.7, 152.1, 152.8, 153.3, 153.3, 152.2, 152.7, 152.8, 152.8, 152.8, 153.3, 152.7, 152.7, 153.5, 153.3, 152.8, 152.7, 153.5, 152.8, 152.7, 152.7, 152.8, 152.2, 152.8, 152.7, 152.7, 152.1, 153.3, 153.3, 153.3, 153.3, 152.7, 152.7, 152.7, 152.7, 152.7, 152.7, 152.8, 152.8, 153.3, 152.7, 152.7, 153.3, 152.8, 152.7, 153.2, 152.7, 152.7, 152.8, 152.7, 153.0, 152.7, 152.8, 152.8, 152.7, 152.8, 152.8, 152.8, 152.7, 152.8, 152.8, 153.0, 152.8, 152.8, 152.8, 152.8, 152.8, 152.1, 152.7, 152.2, 152.7, 152.1, 152.1, 152.2, 152.8, 151.9, 151.6, 152.2]"
1,"[151.1, 150.8, 150.7, 150.7, 149.4, 150.7, 150.7, 150.2, 150.8, 150.8, 150.7, 150.2, 151.4, 152.1, 152.1, 152.1, 152.1, 150.8, 151.3, 150.7, 150.8, 152.2, 151.6, 152.1, 150.8, 151.4, 151.4, 151.4, 150.8, 151.4, 151.4, 152.6, 152.1, 151.4, 151.0, 151.4, 151.4, 151.4, 151.4, 150.8, 151.4, 151.4, 151.4, 151.4, 152.1, 151.3, 150.8, 151.4, 152.1, 151.3, 150.7, 150.7, 151.4, 151.3, 151.3, 151.4, 150.2, 151.3, 151.4, 151.4, 152.1, 151.4, 151.3, 151.4, 151.4, 151.4, 151.4, 152.1, 151.9, 151.9, 151.9, 152.1, 151.3, 152.7, 152.1, 151.3, 151.9, 152.1, 150.7, 151.1, 151.4, 151.3, 150.7, 150.7, 151.4, 152.1, 151.9, 152.1, 153.2, 152.1, 151.9, 151.9, 151.3, 151.3, 152.1, 152.1, 152.1, 151.9, 151.3, 152.1, 152.1, 151.9, 151.8, 151.3, 151.9, 151.4, 152.1, 152.1, 151.4, 151.4, 152.1, 151.4, 152.1, 150.7, 151.9, 151.9, 152.1, 151.9, 152.6, 152.1, 152.1, 152.2, 151.9, 152.1, 152.1, 151.4, 151.4, 151.3, 151.4, 152.1, 150.8, 151.0, 150.8, 150.7, 150.7, 150.8, 150.7, 150.8, 151.8, 150.8, 151.0, 151.6, 151.3, 151.4, 150.8, 151.6, 151.6, 151.0, 151.6, 150.8, 151.6, 151.0, 151.4, 150.4, 150.8, 151.4, 151.3, 150.8, 150.8, 150.4, 150.8, 149.8, 150.0, 151.6, 150.4, 151.0, 151.1, 150.4, 151.0, 151.0, 151.0, 151.8, 151.0, 150.8, 151.0, 151.0, 151.0, 151.4, 151.0, 150.8, 150.4, 150.2, 151.6, 150.8, 150.4, 150.7, 151.3, 151.3, 150.5, 150.0, 150.0, 150.2, 149.8, 150.0, 149.8, 150.7, 151.3, 150.7, 150.7, 150.0, 150.8, 150.2, 150.4, 150.2, 150.4, 150.2, 150.8, 150.0, 150.0, 149.8, 149.2, 149.7, 149.0, 149.2, 148.4, 148.6, 149.8, 149.2, 150.0, 149.8, 150.2, 150.0, 150.2, 150.7, 150.8, 150.8, 150.8, 150.2, 150.8, 150.8, 151.0, 151.9, 151.4, 151.3, 151.9, 151.3, 151.8, 151.3, 151.3, 151.9, 151.9, 151.1, 151.9, 151.8, 151.8, 151.3, 151.9, 151.9, 151.9, 151.4, 151.9, 151.9, 151.9, 152.1, 152.1, 151.3, 151.9, 152.6, 151.9, 152.6, 151.9, 151.9, 151.4, 151.9, 151.9, 151.1, 150.5, 149.8, 149.4, 150.0, 149.4, 150.0, 150.0, 150.7, 150.2, 150.2, 151.4, 150.8, 150.7, 150.2, 150.2, 150.8, 150.2, 150.7, 150.7, 151.0, 151.4, 152.2, 151.6, 150.0, 150.0, 150.2, 150.4, 150.8, 150.4, 150.4, 151.0, 151.0, 151.0, 152.1, 151.4, 152.7, 151.4, 152.1, 151.4, 151.4, 151.4, 151.0, 150.8, 150.7, 151.9, 151.3, 151.9, 151.3, 152.6, 152.6, 152.6, 151.4, 151.0, 150.8, 150.2, 151.6, 150.4, 150.0, 150.7, 151.1, 151.1, 151.3, 151.3, 151.9, 151.3, 151.9, 151.3, 152.6, 151.9, 151.4, 151.3, 151.9, 151.9, 151.3, 151.3, 151.3, 151.1, 151.1, 151.3, 151.3, 151.1, 151.3, 151.9, 151.3, 151.4, 151.4, 151.3, 151.8, 151.4, 151.9, 151.9, 151.6, 151.3, 152.7, 151.4, 151.4, 151.4, 152.1, 151.6, 151.4, 152.7, 151.3, 151.4, 151.3, 151.3, 151.4, 151.3, 151.4, 151.3, 151.4, 151.9, 151.9, 151.4, 151.3, 151.3, 151.9, 151.9, 151.4, 152.1, 151.4, 150.7, 151.4, 151.3, 151.3, 151.9, 151.8, 151.4, 152.1, 152.6, 152.1, 151.9, 152.7, 152.7, 152.2, 152.7, 152.1, 152.1, 152.1, 151.6, 152.8, 152.7, 152.1, 152.2, 151.6, 152.2, 152.2, 152.1, 152.2, 152.1, 152.2, 152.1, 152.2, 152.2, 152.7, 151.6, 152.8, 152.2, 152.2, 152.1, 152.2, 152.7, 152.8, 152.2, 152.7, 152.2, 152.2, 152.8, 152.8, 152.1, 152.1, 152.2, 152.2, 152.8, 152.8, 152.2, 152.6, 152.2, 152.8, 153.5, 152.2, 152.7, 152.1, 152.8, 152.2, 152.7, 152.1, 152.2, 151.6, 152.8, 152.1, 152.2, 152.2, 151.4, 152.8, 152.2, 152.8, 152.8, 152.7, 152.8, 152.7, 152.8, 153.3, 152.7, 152.7, 152.2, 152.2, 152.7, 151.9, 152.1, 152.1, 152.1, 152.2, 151.6, 151.9, 152.2, 151.6, 151.6, 151.6, 152.1, 151.4, 152.2, 152.7, 152.1, 152.1, 152.1, 152.1, 152.1, 151.4, 151.4, 152.1, 151.3, 151.8, 151.9, 151.9, 151.9, 151.4, 151.9, 151.9, 151.9, 152.6, 151.3, 152.1, 151.9, 152.1, 152.1, 152.7, 152.1, 152.7, 152.7, 152.1, 152.7, 152.7, 152.7, 152.2, 152.2, 152.1, 152.8, 153.3, 153.3, 152.1, 152.2, 152.1, 152.2, 152.2, 152.7, 152.7, 152.8, 153.3, 152.8, 152.7, 152.8, 152.6, 152.7, 152.8, 152.7, 152.8, 152.7, 152.7, 152.7, 152.8, 152.8, 153.3, 152.1, 153.3, 152.2, 153.5, 152.8, 152.8, 152.7, 152.8, 152.7, 152.8, 152.8, 152.8, 152.7, 153.3, 153.5, 153.5, 153.5, 153.3, 153.5, 152.8, 153.5, 153.5, 153.3, 153.5, 153.5, 153.5, 153.5, 153.5, 152.7, 153.5, 153.3, 153.5, 153.5, 153.5, 153.5, 153.3, 153.5, 152.8, 153.3, 153.5, 152.8, 153.5, 152.8, 153.5, 153.5, 153.5, 153.3, 152.8, 152.8, 153.5, 153.0, 153.0]"
1,"[144.6, 143.9, 143.9, 143.9, 143.9, 143.9, 144.1, 144.7, 144.5, 144.5, 145.3, 144.5, 144.7, 144.9, 144.5, 145.3, 144.9, 145.3, 145.3, 145.9, 145.9, 144.7, 145.3, 145.5, 145.5, 145.3, 145.3, 144.7, 145.9, 145.9, 145.3, 145.9, 146.1, 146.7, 146.5, 146.1, 146.1, 146.1, 145.5, 146.1, 145.8, 146.1, 146.5, 146.1, 147.0, 146.7, 146.1, 146.1, 146.7, 146.7, 146.1, 146.1, 146.7, 146.4, 145.9, 147.4, 147.6, 147.4, 147.4, 147.0, 147.6, 148.2, 147.0, 147.6, 147.0, 147.0, 146.7, 147.0, 147.2, 147.0, 146.6, 147.0, 147.0, 147.6, 147.0, 147.2, 147.0, 147.4, 148.2, 147.0, 147.6, 147.4, 147.0, 147.6, 146.6, 148.2, 147.6, 147.6, 147.6, 147.4, 147.2, 147.6, 147.8, 147.2, 147.8, 147.8, 147.4, 148.0, 147.4, 148.2, 147.8, 147.2, 147.6, 148.0, 148.0, 148.2, 148.2, 148.2, 148.0, 148.2, 148.0, 148.2, 148.4, 148.2, 148.2, 148.2, 148.8, 148.4, 147.4, 148.2, 148.8, 148.2, 148.8, 148.8, 148.2, 148.6, 148.2, 148.0, 147.4, 148.6, 148.2, 147.6, 147.4, 147.4, 145.5, 145.3, 144.5, 145.7, 146.1, 145.3, 145.7, 146.1, 145.5, 145.9, 145.3, 145.3, 146.1, 145.9, 147.0, 146.5, 146.7, 146.5, 146.7, 146.7, 146.7, 146.7, 146.7, 147.0, 146.7, 147.0, 147.0, 147.8, 146.7, 146.7, 146.7, 147.0, 146.7, 146.7, 146.4, 146.5, 147.2, 147.0, 146.7, 147.0, 147.0, 147.4, 146.7, 146.1, 145.7, 145.3, 145.1, 144.0, 142.8, 141.3, 141.3, 139.5, 139.2, 139.2, 138.9, 139.9, 142.6, 142.9, 143.1, 143.1, 144.9, 144.2, 144.9, 144.5, 144.2, 144.1, 144.5, 144.7, 144.9, 144.9, 144.9, 144.7, 144.9, 144.9, 145.3, 145.3, 145.5, 146.1, 145.5, 145.9, 144.7, 144.7, 144.5, 144.7, 144.7, 144.7, 144.7, 144.9, 144.9, 145.3, 146.1, 145.8, 145.3, 146.1, 145.5, 145.5, 146.1, 145.5, 146.1, 146.4, 146.7, 146.7, 145.5, 146.1, 146.7, 146.4, 146.1, 145.5, 145.5, 144.7, 144.9, 145.5, 145.3, 145.5, 145.3, 144.7, 144.7, 144.2, 144.5, 144.7, 144.1, 144.5, 144.2, 143.9, 143.6, 143.6, 143.6, 143.9, 143.6, 143.0, 143.6, 143.9, 143.6, 144.0, 143.4, 144.0, 144.0, 144.2, 144.9, 144.5, 144.5, 144.2, 144.7, 144.7, 145.1, 144.5, 145.1, 145.3, 145.1, 145.5, 145.3, 145.3, 145.9, 145.3, 145.9, 145.9, 145.3, 145.5, 145.3, 146.4, 146.1, 146.1, 146.4, 146.1, 145.9, 146.1, 145.9, 145.9, 145.9, 146.7, 146.1, 146.1, 145.9, 145.5, 145.5, 146.1, 146.1, 145.5, 145.5, 145.5, 145.9, 145.5, 146.1, 145.5, 145.5, 145.5, 146.1, 145.5, 145.5, 145.5, 145.5, 146.7, 145.8, 146.7, 146.1, 146.1, 146.1, 146.7, 146.1, 146.7, 146.1, 145.9, 146.5, 146.7, 145.9, 146.1, 146.4, 146.1, 145.5, 145.3, 145.9, 145.5, 145.5, 146.1, 146.4, 145.5, 145.3, 145.3, 146.1, 146.1, 145.9, 146.7, 145.9, 146.1, 145.5, 145.9, 146.1, 145.3, 146.7, 146.7, 146.1, 146.7, 146.1, 146.1, 145.5, 145.5, 146.1, 144.5, 145.1, 144.5, 144.5, 144.6, 144.0, 144.5, 145.1, 143.9, 143.9, 143.9, 144.5, 144.1, 144.1, 143.9, 143.9, 143.3, 143.9, 143.9, 143.9, 143.9, 144.5, 143.3, 143.0, 143.0, 142.8, 143.0, 142.8, 142.8, 143.6, 143.6, 144.2, 144.9, 144.5, 144.5, 145.3, 145.5, 145.9, 145.7, 145.9, 146.1, 146.1, 146.1, 145.9, 146.7, 147.0, 147.0, 146.4, 147.2, 147.0, 146.7, 146.4, 147.4, 147.4, 148.0, 147.0, 147.4, 148.0, 147.0, 146.7, 146.7, 146.7, 147.4, 147.2, 147.4, 147.4, 147.4, 147.4, 147.0, 147.4, 147.0, 147.0, 147.0, 147.4, 147.6, 147.2, 147.2, 147.8, 147.4, 147.0, 147.0, 147.8, 147.0, 148.0, 146.7, 147.8, 147.2, 147.2, 147.6, 147.8, 148.2, 147.8, 147.6, 147.6, 147.2, 148.0, 147.8, 148.2, 147.0, 147.2, 147.6, 147.8, 148.0, 147.6, 147.6, 147.8, 147.0, 147.0, 147.8, 147.6, 147.4, 147.4, 147.4, 148.2, 148.4, 147.8, 147.6, 148.4, 147.2, 147.4, 147.6, 147.0, 147.6, 147.8, 147.6, 148.4, 147.6, 148.2, 147.6, 147.6, 148.4, 147.6, 147.6, 148.2, 148.4, 148.8, 148.6, 148.6, 148.2, 148.8, 148.0, 148.8, 149.2, 148.4, 148.8, 149.4, 149.2, 148.6, 149.0, 148.8, 148.4, 148.8, 148.8, 148.8, 148.8, 149.0, 148.4, 148.6, 148.6, 148.0, 147.8, 146.9, 146.5, 147.8, 147.2, 147.4, 147.6, 148.0, 147.4, 147.4, 147.8, 147.6, 147.2, 147.8, 147.4, 147.4, 147.8, 147.4, 148.0, 147.6, 147.6, 147.4, 147.0, 147.6, 147.4, 147.6, 147.4, 147.6, 147.6, 146.7, 147.4, 147.4, 148.2, 148.2, 147.8, 147.8, 148.0, 148.6, 147.8, 147.8, 148.6, 148.2, 149.0, 148.6, 148.6, 149.6, 149.8, 150.4, 150.4, 151.0, 151.0, 151.0, 151.0, 151.1, 150.4, 151.1, 150.1, 151.1, 150.4, 150.4, 150.5, 150.5, 151.1, 150.8, 151.1, 151.0, 151.0, 151.1, 151.1]"
1,"[143.9, 144.0, 142.8, 142.6, 141.9, 139.5, 139.2, 139.5, 138.9, 138.9, 138.9, 139.2, 138.3, 140.8, 142.9, 143.5, 142.3, 142.0, 143.5, 144.4, 144.4, 144.0, 143.6, 144.9, 144.2, 144.6, 144.6, 144.6, 144.2, 144.2, 144.0, 144.2, 144.9, 145.1, 144.2, 145.7, 145.5, 146.3, 146.1, 146.9, 146.5, 146.5, 146.5, 146.1, 146.9, 147.2, 146.9, 146.9, 146.5, 146.5, 147.2, 146.7, 147.4, 147.4, 147.6, 147.6, 147.4, 147.8, 148.2, 147.6, 148.2, 148.4, 148.2, 148.2, 148.2, 148.2, 148.4, 148.2, 148.0, 148.2, 148.2, 147.4, 147.2, 147.2, 147.4, 147.2, 147.4, 147.2, 147.2, 146.7, 146.5, 146.5, 147.2, 147.2, 147.4, 148.4, 148.2, 148.2, 148.4, 147.6, 148.8, 148.8, 148.8, 148.8, 149.0, 148.2, 148.2, 148.4, 148.8, 149.0, 148.4, 149.0, 148.4, 147.6, 149.0, 149.0, 149.0, 148.4, 148.2, 149.0, 148.4, 148.8, 148.2, 148.4, 148.4, 148.2, 148.4, 148.8, 149.0, 148.8, 149.0, 148.4, 149.0, 148.8, 148.4, 148.4, 148.4, 148.2, 148.0, 147.4, 147.4, 147.2, 147.4, 148.0, 148.0, 147.4, 147.6, 148.0, 147.4, 148.0, 148.4, 148.8, 148.2, 148.8, 148.8, 148.8, 148.8, 149.0, 149.0, 148.6, 148.2, 148.2, 148.8, 148.2, 148.4, 149.0, 148.2, 148.8, 149.0, 148.8, 149.4, 148.8, 148.4, 148.2, 148.8, 148.8, 148.8, 148.8, 149.4, 148.4, 148.8, 148.2, 148.4, 148.8, 148.8, 148.0, 148.2, 148.8, 148.8, 148.8, 148.8, 148.8, 148.8, 149.0, 148.8, 148.8, 149.0, 148.2, 148.4, 149.0, 148.8, 149.0, 148.2, 148.2, 148.2, 148.0, 147.4, 147.4, 147.4, 147.2, 146.3, 146.9, 146.9, 147.2, 148.0, 148.2, 148.8, 148.6, 148.6, 148.0, 148.6, 147.2, 146.1, 144.2, 143.6, 143.4, 144.2, 144.9, 144.9, 145.5, 146.9, 146.3, 146.9, 146.5, 146.1, 144.9, 145.1, 144.9, 145.7, 144.9, 146.3, 146.1, 146.3, 146.3, 146.1, 146.3, 146.3, 146.3, 146.9, 146.1, 146.1, 144.9, 144.2, 144.9, 145.5, 146.1, 145.7, 146.1, 146.1, 146.9, 146.3, 146.9, 146.9, 146.3, 146.1, 146.3, 146.3, 146.1, 146.3, 146.3, 146.9, 147.2, 146.7, 146.7, 145.5, 144.9, 143.6, 145.2, 146.1, 146.5, 146.7, 147.2, 147.4, 147.4, 147.4, 147.0, 147.6, 147.6, 147.6, 147.6, 147.6, 147.6, 147.4, 147.4, 147.4, 147.6, 148.0, 148.2, 148.0, 147.6, 148.0, 148.2, 148.4, 147.8, 147.6, 147.6, 148.4, 148.0, 147.6, 148.0, 147.6, 147.6, 147.6, 148.0, 148.0, 148.4, 148.6, 148.6, 148.2, 148.8, 148.2, 147.6, 148.2, 148.2, 148.2, 148.2, 148.2, 148.6, 148.2, 148.2, 148.0, 148.2, 148.2, 148.2, 148.8, 148.2, 148.2, 148.2, 148.8, 148.0, 148.2, 148.0, 148.2, 148.2, 148.2, 148.2, 148.8, 148.4, 148.2, 148.8, 148.8, 149.0, 148.2, 148.8, 148.8, 148.4, 148.4, 148.8, 148.4, 149.0, 149.0, 148.4, 148.4, 149.8, 149.2, 149.0, 149.0, 149.0, 148.8, 149.0, 149.4, 148.4, 149.0, 149.0, 149.0, 148.8, 149.0, 149.0, 149.0, 149.6, 148.2, 147.6, 148.0, 148.2, 148.8, 148.4, 148.2, 148.2, 148.4, 149.0, 149.0, 149.0, 149.0, 149.0, 148.8, 149.6, 149.6, 149.6, 150.0, 150.0, 150.2, 149.6, 150.2, 150.2, 149.6, 150.2, 149.4, 150.0, 150.2, 150.0, 150.0, 150.0, 150.2, 150.2, 150.0, 150.2, 150.0, 150.0, 150.0, 150.0, 150.0, 150.7, 150.0, 150.2, 150.5, 150.0, 150.2, 150.0, 150.0, 150.0, 150.0, 149.8, 150.0, 150.7, 150.0, 150.7, 150.0, 150.2, 150.5, 150.0, 150.7, 150.5, 150.0, 150.7, 150.0, 150.0, 150.7, 150.3, 150.7, 150.0, 150.0, 150.0, 150.0, 150.7, 150.0, 150.0, 149.8, 150.0, 150.0, 149.8, 150.0, 150.0, 150.7, 150.7, 150.7, 150.7, 150.7, 150.8, 150.8, 151.4, 150.7, 150.8, 150.8, 150.5, 150.8, 151.1, 150.4, 151.6, 151.0, 151.1, 151.8, 151.1, 151.0, 151.0, 151.1, 151.1, 151.1, 151.1, 151.1, 151.1, 151.1, 151.1, 151.1, 151.0, 151.8, 150.5, 151.0, 151.1, 150.5, 151.1, 151.1, 151.8, 150.5, 151.1, 151.9, 150.7, 150.5, 151.1, 151.1, 151.8, 151.8, 150.7, 151.3, 151.1, 151.8, 151.1, 151.3, 150.5, 150.5, 151.1, 151.3, 151.8, 151.8, 150.5, 151.6, 150.5, 151.1, 151.0, 151.0, 151.1, 150.5, 151.0, 151.1, 151.1, 151.0, 151.1, 151.8, 151.8, 151.0, 151.1, 150.5, 151.1, 151.1, 151.1, 151.1, 151.1, 151.1, 151.1, 151.1, 151.1, 151.1, 151.1, 150.5, 151.1, 151.3, 151.1, 151.8, 151.3, 151.8, 151.1, 151.8, 151.8, 151.1, 151.8, 151.9, 151.8, 151.8, 151.8, 151.1, 151.8, 151.8, 151.8, 151.8, 151.8, 151.8, 151.8, 151.9, 151.9, 151.8, 151.8, 151.8, 152.4, 151.8, 152.4, 151.8, 152.4, 151.8, 152.4, 152.5, 152.4, 152.5, 151.8, 152.5, 151.1, 152.4, 151.8, 152.4, 152.4, 152.4, 152.4, 152.4, 151.9, 151.9, 151.8, 151.8, 151.8, 151.8, 152.2, 152.4, 152.4]"
1,"[150.7, 150.8, 152.4, 151.3, 150.8, 151.0, 151.8, 151.1, 151.8, 152.1, 152.4, 153.0, 151.6, 151.6, 151.8, 152.2, 151.6, 151.6, 151.6, 152.2, 152.2, 151.6, 151.8, 151.6, 151.8, 151.8, 151.8, 151.8, 151.8, 151.6, 151.8, 151.8, 151.8, 152.4, 152.4, 152.4, 152.2, 152.2, 152.8, 152.8, 153.0, 152.4, 152.4, 152.2, 152.7, 152.8, 152.4, 152.8, 153.0, 151.8, 152.4, 152.2, 151.8, 152.2, 151.8, 151.8, 151.8, 152.8, 152.2, 152.4, 151.8, 152.4, 152.4, 152.2, 152.4, 152.4, 152.2, 152.4, 152.2, 152.2, 152.5, 152.4, 152.2, 153.1, 152.4, 152.4, 152.4, 152.4, 152.4, 152.5, 152.4, 152.4, 152.4, 152.2, 152.2, 152.8, 152.2, 152.2, 152.2, 152.1, 152.2, 152.4, 152.4, 152.4, 152.1, 152.2, 152.7, 152.2, 151.4, 151.6, 152.2, 152.1, 152.2, 152.1, 151.6, 151.6, 152.1, 151.6, 151.6, 152.1, 152.1, 152.2, 152.1, 152.2, 152.2, 151.6, 151.9, 152.1, 152.1, 152.2, 151.6, 152.2, 152.2, 152.2, 151.8, 151.6, 152.2, 151.6, 151.3, 151.1, 150.7, 149.8, 149.8, 150.5, 150.5, 150.3, 150.5, 150.7, 150.5, 150.5, 149.8, 150.7, 150.7, 151.3, 151.4, 150.7, 151.1, 151.4, 150.8, 151.6, 150.8, 150.8, 151.6, 150.8, 151.4, 151.4, 150.8, 151.4, 150.8, 150.8, 151.0, 150.8, 151.0, 151.4, 150.7, 150.0, 149.4, 148.8, 149.6, 149.4, 150.0, 149.4, 150.0, 150.0, 150.5, 150.2, 150.5, 150.7, 151.4, 150.7, 150.8, 150.0, 150.7, 150.7, 150.8, 150.7, 151.6, 151.3, 151.4, 151.3, 151.3, 151.6, 151.0, 151.3, 151.3, 151.6, 151.0, 151.4, 151.4, 150.8, 150.8, 150.8, 150.7, 150.0, 150.7, 151.3, 151.1, 150.7, 150.7, 150.7, 150.7, 150.2, 150.7, 151.3, 151.4, 151.4, 152.2, 151.4, 151.6, 151.6, 151.6, 151.6, 151.0, 151.6, 152.2, 151.8, 151.6, 151.6, 151.8, 151.8, 151.6, 151.8, 152.2, 152.2, 152.4, 152.2, 152.2, 152.4, 152.2, 152.4, 152.2, 152.2, 152.2, 152.1, 151.8, 152.4, 152.4, 152.4, 152.4, 152.4, 151.4, 152.1, 152.7, 151.6, 151.6, 151.4, 151.6, 150.8, 150.2, 150.2, 150.8, 150.2, 150.8, 150.7, 150.7, 150.2, 150.7, 150.0, 151.3, 150.7, 150.0, 150.7, 150.0, 150.0, 150.8, 150.2, 150.7, 150.2, 150.7, 150.7, 150.7, 150.7, 150.8, 150.8, 151.4, 150.7, 150.7, 150.7, 150.7, 150.8, 150.7, 150.8, 150.7, 150.0, 150.0, 150.0, 150.0, 150.7, 150.8, 150.2, 150.2, 150.2, 150.2, 150.2, 149.6, 149.6, 149.6, 149.8, 150.2, 150.2, 150.4, 150.2, 150.2, 150.2, 150.2, 149.6, 149.6, 150.8, 150.7, 150.7, 150.2, 150.2, 150.0, 150.7, 150.2, 150.2, 149.4, 149.4, 149.6, 149.4, 149.0, 149.6, 149.0, 149.6, 150.0, 149.6, 149.6, 149.4, 150.2, 150.2, 150.2, 150.4, 150.0, 150.2, 150.2, 150.2, 150.2, 149.6, 149.6, 149.4, 148.8, 148.0, 148.2, 147.4, 147.2, 146.9, 146.5, 146.3, 146.9, 146.9, 146.9, 146.9, 147.6, 147.2, 146.9, 146.3, 146.3, 146.9, 147.2, 146.9, 146.3, 146.9, 146.9, 145.9, 145.9, 145.5, 145.5, 146.1, 146.3, 145.5, 146.1, 145.2, 145.0, 144.2, 145.2, 144.4, 144.6, 145.0, 144.8, 145.0, 145.0, 145.0, 145.2, 145.5, 145.0, 144.6, 145.0, 144.8, 145.0, 144.8, 144.5, 144.8, 144.5, 143.6, 143.0, 143.0, 142.4, 142.4, 142.0, 141.4, 141.1, 141.1, 141.8, 142.7, 143.0, 143.0, 143.0, 142.3, 143.9, 143.0, 143.9, 143.2, 143.9, 143.2, 143.9, 143.9, 143.9, 143.6, 143.9, 143.0, 142.7, 143.6, 143.6, 143.0, 144.1, 145.9, 145.0, 144.4, 144.8, 145.2, 145.5, 146.3, 146.3, 146.5, 146.7, 146.1, 144.4, 144.4, 143.0, 143.5, 143.9, 144.1, 144.6, 145.5, 144.6, 144.9, 145.5, 146.1, 145.9, 145.9, 145.2, 145.0, 144.8, 144.8, 144.0, 144.8, 144.1, 144.5, 143.9, 143.0, 142.3, 143.6, 144.1, 144.1, 143.9, 145.0, 146.1, 146.7, 146.5, 146.5, 146.7, 147.1, 147.1, 147.1, 147.1, 146.1, 145.0, 144.4, 144.1, 144.1, 144.1, 143.6, 143.6, 142.6, 142.7, 141.7, 143.0, 144.1, 145.2, 145.5, 145.6, 146.1, 146.1, 145.5, 146.7, 145.9, 146.7, 146.7, 146.1, 145.9, 145.2, 145.0, 143.9, 144.8, 144.8, 143.9, 144.4, 144.1, 144.5, 144.4, 145.2, 144.9, 145.9, 145.5, 146.7, 146.1, 145.5, 145.0, 144.1, 144.4, 143.9, 142.6, 141.7, 142.0, 141.7, 142.0, 141.1, 142.6, 143.2, 143.9, 143.2, 143.5, 144.4, 144.1, 144.1, 144.8, 144.4, 143.9, 143.0, 142.6, 142.0, 142.0, 141.7, 141.1, 140.8, 141.1, 141.8, 141.4, 142.6, 142.6, 142.6, 144.1, 143.5, 142.6, 141.1, 140.5, 139.9, 141.1, 140.5, 141.7, 142.6, 142.6, 142.3, 142.0, 143.2, 143.7, 144.4, 144.0, 142.6, 141.7, 140.2, 139.9, 138.3, 138.6, 138.9, 138.0, 138.3, 137.7, 138.0, 136.8, 138.3, 138.3, 140.2, 141.4, 142.6, 142.3, 143.5, 144.1, 143.7, 143.5]"
1,"[148.4, 149.2, 148.8, 148.6, 148.0, 147.8, 148.8, 149.0, 149.4, 149.6, 150.2, 149.6, 149.4, 150.0, 150.0, 150.0, 150.0, 150.0, 150.7, 150.0, 150.0, 150.2, 150.2, 150.8, 150.7, 150.8, 150.2, 150.7, 150.8, 150.7, 150.7, 150.2, 150.8, 150.7, 150.7, 150.0, 150.7, 150.7, 150.8, 150.8, 150.7, 150.7, 150.7, 150.7, 150.7, 150.0, 150.7, 150.7, 150.7, 150.7, 150.8, 150.7, 150.7, 150.7, 149.8, 150.7, 150.7, 150.7, 150.8, 150.0, 151.3, 150.7, 150.7, 150.7, 150.7, 150.7, 150.7, 150.7, 150.7, 150.0, 150.7, 150.7, 150.7, 150.5, 150.0, 150.7, 150.0, 149.8, 150.0, 150.7, 150.0, 150.0, 150.7, 150.7, 151.3, 150.0, 151.3, 150.7, 150.0, 150.0, 150.7, 150.0, 150.2, 150.0, 149.8, 150.7, 150.0, 150.7, 150.0, 151.3, 150.7, 150.7, 150.7, 150.7, 150.7, 150.7, 150.8, 150.7, 150.7, 150.8, 150.7, 150.7, 150.5, 150.5, 150.7, 150.7, 150.7, 150.7, 150.7, 150.7, 150.8, 150.8, 150.8, 150.7, 151.4, 150.5, 150.8, 150.0, 150.7, 150.0, 150.7, 150.0, 150.2, 150.2, 150.7, 149.4, 150.0, 150.0, 150.0, 150.7, 150.7, 150.0, 150.2, 150.0, 149.6, 149.4, 149.6, 149.2, 149.6, 149.0, 149.0, 148.2, 147.6, 146.9, 146.9, 146.1, 145.7, 147.4, 146.5, 147.2, 147.6, 147.6, 146.9, 146.9, 146.7, 146.1, 145.5, 146.1, 146.1, 146.1, 144.9, 145.2, 144.6, 143.5, 143.7, 144.4, 145.2, 145.0, 144.4, 144.4, 144.8, 144.4, 144.1, 145.0, 145.0, 143.5, 144.4, 143.9, 144.1, 144.1, 143.5, 143.5, 142.3, 141.7, 141.1, 141.1, 141.3, 141.3, 141.1, 140.5, 139.8, 139.9, 139.9, 139.9, 139.9, 140.8, 138.9, 138.9, 139.2, 138.0, 137.7, 137.4, 137.7, 138.3, 138.0, 137.7, 138.0, 138.0, 138.3, 138.3, 138.0, 137.7, 138.6, 137.7, 138.0, 137.7, 138.3, 137.7, 138.3, 137.4, 138.6, 137.4, 137.7, 137.4, 137.4, 137.7, 137.7, 138.0, 138.6, 137.7, 138.0, 138.0, 138.0, 138.0, 137.7, 137.4, 137.4, 136.7, 137.4, 137.1, 138.0, 138.0, 138.3, 137.7, 137.7, 137.7, 137.7, 138.3, 138.0, 137.7, 138.3, 138.0, 138.6, 137.7, 138.0, 138.0, 136.7, 138.0, 137.6, 137.7, 138.0, 138.0, 137.6, 138.6, 138.0, 137.9, 138.3, 137.9, 137.0, 137.6, 137.9, 137.6, 137.6, 138.0, 137.6, 137.6, 137.6, 138.0, 137.3, 137.3, 137.9, 137.9, 137.9, 137.6, 137.6, 137.6, 137.9, 137.9, 137.6, 137.4, 137.0, 137.0, 137.0, 137.0, 137.0, 137.3, 137.6, 137.3, 137.3, 138.6, 137.6, 137.6, 137.6, 137.0, 137.3, 137.0, 137.6, 137.3, 138.3, 137.9, 137.3, 137.6, 137.3, 137.0, 137.0, 138.3, 137.4, 137.0, 138.0, 137.0, 137.9, 137.6, 137.0, 137.0, 137.3, 137.6, 137.3, 137.3, 136.7, 137.3, 137.0, 137.0, 136.4, 137.0, 137.4, 137.0, 137.0, 137.3, 136.3, 137.6, 137.6, 136.7, 136.7, 137.6, 137.3, 137.6, 137.6, 137.3, 137.4, 137.0, 136.4, 137.7, 137.7, 137.4, 137.4, 136.7, 137.7, 136.7, 137.7, 137.7, 137.7, 137.4, 137.4, 138.3, 137.7, 137.0, 137.4, 137.4, 137.6, 137.7, 137.7, 137.4, 137.7, 137.7, 137.7, 137.7, 137.7, 137.7, 137.7, 137.7, 137.6, 137.1, 137.4, 137.7, 137.4, 137.4, 137.6, 137.7, 137.1, 137.7, 138.0, 138.3, 137.7, 137.4, 137.4, 138.0, 138.3, 137.0, 139.2, 138.0, 137.4, 137.7, 138.3, 138.3, 137.7, 137.6, 138.6, 138.6, 139.2, 139.9, 139.2, 138.9, 139.9, 140.2, 139.2, 139.5, 139.5, 138.6, 139.5, 140.5, 140.2, 139.2, 138.9, 139.5, 138.0, 138.3, 138.3, 137.7, 139.2, 138.6, 138.9, 138.9, 139.5, 140.5, 139.9, 139.2, 139.5, 140.2, 139.5, 138.6, 138.9, 138.6, 138.9, 138.0, 139.2, 138.3, 138.0, 137.7, 138.0, 138.6, 138.3, 137.7, 138.0, 137.7, 138.3, 138.3, 138.9, 139.2, 139.2, 139.9, 139.2, 139.9, 139.2, 139.9, 139.9, 139.9, 139.2, 138.6, 138.3, 139.2, 140.4, 139.5, 139.2, 139.2, 139.2, 139.2, 138.9, 138.6, 138.9, 139.9, 138.9, 140.2, 140.2, 140.2, 140.8, 140.5, 139.5, 139.5, 138.9, 139.5, 139.9, 141.4, 141.1, 140.8, 140.8, 140.8, 140.5, 140.5, 140.5, 140.2, 139.9, 140.2, 140.2, 140.2, 140.2, 140.8, 141.4, 140.8, 140.5, 140.8, 141.4, 141.8, 142.3, 141.1, 141.4, 141.4, 141.7, 142.0, 142.3, 142.0, 140.5, 140.8, 140.8, 140.8, 140.8, 141.1, 140.5, 140.8, 140.8, 140.8, 140.5, 140.8, 142.3, 142.6, 143.5, 142.6, 143.2, 143.5, 143.2, 143.5, 143.0, 142.3, 142.3, 142.0, 142.0, 142.0, 142.0, 142.3, 142.6, 143.0, 142.3, 141.7, 142.3, 142.3, 142.3, 142.6, 142.0, 141.4, 141.4, 142.3, 141.8, 142.3, 143.2, 143.2, 142.6, 142.3, 141.7, 142.3, 143.2, 143.0, 143.2, 142.6, 142.0, 142.7, 142.3, 142.7, 143.0, 142.3, 142.4, 142.0, 142.3, 142.0, 141.7, 142.3, 141.4, 142.3, 142.3, 142.3, 142.6, 142.7]"
1,"[149.8, 149.8, 149.2, 149.2, 149.0, 149.8, 150.7, 150.7, 151.3, 151.3, 151.3, 151.4, 151.3, 150.7, 151.3, 150.7, 151.0, 150.8, 150.8, 151.4, 151.6, 150.8, 151.0, 150.8, 151.4, 151.6, 151.0, 150.7, 151.4, 151.4, 151.3, 150.8, 151.3, 150.7, 150.8, 150.7, 150.7, 150.7, 151.4, 151.3, 150.8, 151.4, 150.7, 151.3, 151.3, 151.4, 150.8, 151.3, 150.7, 150.8, 150.8, 150.7, 150.4, 150.7, 150.7, 150.8, 150.7, 150.8, 150.8, 150.8, 150.7, 150.8, 150.7, 150.8, 150.2, 150.7, 150.8, 150.8, 150.7, 150.8, 150.8, 150.7, 151.4, 151.4, 151.3, 151.4, 151.0, 150.8, 151.0, 150.8, 150.8, 151.0, 150.7, 151.4, 150.7, 150.7, 152.1, 151.0, 151.6, 150.8, 150.8, 151.4, 151.4, 152.1, 151.4, 151.6, 151.4, 151.6, 151.6, 151.6, 151.4, 151.4, 151.3, 151.3, 151.3, 151.3, 151.4, 151.4, 151.6, 151.6, 151.4, 151.4, 151.3, 151.6, 151.6, 151.6, 152.1, 151.6, 151.4, 151.4, 151.4, 151.4, 151.6, 151.4, 151.4, 151.6, 150.8, 150.8, 151.3, 151.6, 150.7, 150.8, 150.8, 150.8, 150.8, 150.2, 149.6, 149.8, 149.6, 149.0, 148.8, 149.0, 148.2, 149.0, 148.4, 148.2, 148.2, 148.2, 147.6, 147.4, 147.8, 146.9, 146.9, 146.9, 146.1, 145.9, 145.4, 143.5, 142.6, 144.1, 144.8, 145.4, 145.0, 145.9, 145.2, 144.5, 144.5, 143.9, 144.8, 144.8, 145.2, 144.1, 143.9, 143.5, 144.8, 144.4, 145.0, 143.9, 143.9, 144.5, 144.5, 144.8, 144.5, 142.6, 142.0, 142.3, 142.0, 141.4, 141.7, 140.8, 141.1, 142.0, 142.3, 141.4, 140.8, 140.2, 139.5, 139.5, 138.3, 139.2, 139.5, 138.9, 139.9, 139.5, 140.8, 140.7, 140.5, 141.3, 139.9, 141.1, 140.2, 140.5, 140.5, 141.4, 141.1, 140.2, 139.8, 140.5, 141.1, 142.4, 142.3, 142.4, 141.8, 142.3, 142.0, 141.7, 140.2, 139.5, 138.3, 139.2, 139.9, 139.2, 138.6, 140.5, 140.4, 140.4, 139.2, 139.5, 139.2, 139.2, 140.2, 139.9, 140.5, 140.8, 141.1, 140.5, 140.2, 140.2, 140.2, 140.2, 140.2, 140.5, 140.8, 141.1, 141.8, 142.3, 144.5, 144.8, 144.8, 144.3, 142.3, 142.0, 141.8, 142.0, 142.0, 142.0, 142.0, 141.8, 141.8, 141.8, 143.9, 145.0, 144.5, 144.4, 144.6, 147.6, 148.2, 148.6, 148.2, 148.0, 147.6, 146.9, 146.3, 145.2, 144.4, 145.2, 145.5, 146.9, 146.9, 147.4, 147.2, 146.3, 146.1, 145.5, 145.2, 144.6, 145.2, 144.4, 145.0, 145.7, 145.7, 145.2, 143.7, 144.8, 144.8, 144.8, 144.4, 146.3, 146.7, 148.2, 148.2, 148.8, 148.2, 148.8, 148.8, 148.2, 148.8, 148.8, 148.8, 148.6, 148.2, 147.6, 146.7, 146.1, 144.9, 146.1, 147.2, 147.6, 148.6, 148.0, 148.2, 148.8, 149.0, 148.8, 148.2, 148.8, 149.0, 148.2, 148.8, 148.8, 149.0, 148.8, 148.8, 148.8, 149.0, 149.0, 148.8, 149.0, 148.0, 147.8, 147.6, 145.5, 145.5, 145.5, 146.3, 146.3, 146.3, 145.7, 146.3, 146.9, 146.3, 146.3, 146.3, 146.1, 145.7, 145.5, 144.6, 145.0, 144.6, 145.2, 144.9, 145.9, 145.2, 145.7, 145.5, 145.5, 146.3, 146.3, 146.7, 146.7, 147.8, 147.2, 147.1, 146.7, 146.5, 146.5, 147.4, 147.4, 146.9, 146.3, 145.7, 145.5, 146.1, 146.1, 146.5, 146.1, 146.7, 146.7, 146.7, 146.5, 146.5, 146.5, 148.0, 148.6, 148.0, 148.8, 148.6, 148.6, 149.2, 150.0, 150.0, 150.0, 149.4, 150.0, 150.0, 150.0, 149.4, 149.4, 149.4, 149.8, 150.0, 150.7, 149.8, 149.2, 150.5, 150.0, 150.0, 150.0, 150.7, 150.7, 151.4, 150.8, 151.3, 150.5, 150.0, 150.0, 150.5, 150.5, 150.7, 150.5, 150.0, 150.7, 150.7, 150.7, 150.5, 151.3, 151.1, 151.3, 151.1, 151.1, 151.1, 151.1, 150.7, 151.1, 150.9, 151.3, 151.9, 151.9, 152.4, 153.0, 152.6, 152.6, 151.9, 151.9, 151.9, 152.6, 152.6, 151.3, 152.6, 151.9, 151.8, 152.6, 152.6, 152.4, 151.8, 152.6, 151.9, 151.9, 151.9, 151.9, 151.9, 152.7, 152.6, 152.6, 152.6, 152.6, 152.6, 152.1, 152.1, 152.6, 151.9, 152.6, 152.7, 152.1, 152.6, 152.6, 153.2, 151.9, 152.7, 152.7, 152.7, 152.7, 152.7, 152.7, 152.7, 152.7, 152.6, 153.3, 152.7, 152.6, 152.7, 152.7, 152.7, 153.3, 152.7, 152.7, 153.3, 152.7, 152.8, 152.7, 152.7, 152.8, 152.7, 152.7, 152.7, 152.7, 152.1, 152.7, 153.3, 153.5, 152.7, 152.8, 153.3, 153.3, 152.7, 152.7, 152.6, 152.7, 152.7, 152.7, 153.3, 152.7, 152.7, 152.7, 153.3, 152.7, 152.7, 152.7, 152.8, 152.7, 152.7, 152.8, 152.7, 152.7, 153.3, 152.7, 152.7, 152.1, 152.8, 152.7, 152.7, 152.8, 153.3, 152.7, 152.7, 153.3, 153.5, 152.8, 152.7, 153.3, 153.5, 152.7, 152.8, 152.7, 152.7, 153.3, 153.5, 154.0, 153.3, 152.7, 153.3, 153.5, 153.5, 153.3, 153.3, 153.3, 153.5, 153.5, 153.3, 153.3, 154.1, 154.1, 153.5, 153.5, 152.7, 153.5, 153.5, 153.3, 153.3, 153.6]"
2,"[136.8, 137.1, 137.7, 137.6, 137.1, 136.5, 136.8, 138.2, 138.6, 138.2, 138.0, 138.2, 138.0, 138.0, 137.4, 138.0, 137.4, 137.6, 138.9, 138.0, 138.0, 138.0, 138.2, 138.9, 138.9, 139.7, 139.1, 138.9, 138.9, 139.1, 139.1, 139.1, 139.5, 139.1, 138.9, 138.2, 138.9, 138.0, 137.4, 137.4, 137.1, 136.5, 136.2, 135.6, 135.9, 136.1, 136.2, 136.2, 136.5, 136.2, 136.8, 136.2, 136.8, 136.5, 135.6, 136.2, 136.5, 135.9, 136.8, 136.8, 136.2, 136.2, 135.9, 136.2, 135.3, 135.3, 134.1, 134.1, 133.5, 134.1, 134.7, 133.8, 133.8, 134.4, 135.0, 134.1, 134.7, 134.1, 134.4, 134.7, 135.3, 135.0, 135.3, 134.4, 133.2, 134.1, 134.4, 135.3, 135.3, 134.4, 134.4, 134.7, 135.3, 135.6, 134.7, 134.7, 135.3, 135.3, 134.7, 134.7, 134.7, 135.0, 134.1, 134.7, 135.3, 134.1, 134.1, 134.7, 135.0, 134.1, 134.1, 134.1, 135.6, 134.1, 134.4, 135.6, 135.0, 134.1, 135.0, 135.6, 135.3, 135.0, 135.6, 135.0, 135.3, 135.0, 134.7, 134.7, 135.3, 134.7, 134.9, 135.5, 134.9, 134.9, 135.3, 134.4, 134.4, 135.0, 135.0, 134.1, 133.5, 133.5, 133.2, 133.8, 133.2, 133.2, 132.9, 133.2, 134.4, 133.5, 133.5, 133.8, 134.4, 134.9, 134.1, 134.1, 134.4, 134.4, 134.4, 134.7, 135.5, 134.7, 134.7, 135.0, 135.3, 135.3, 134.7, 134.7, 135.0, 135.3, 134.7, 134.4, 134.7, 134.4, 134.1, 134.4, 134.4, 134.1, 135.6, 133.8, 134.1, 135.3, 134.1, 135.0, 134.4, 135.3, 134.7, 135.3, 133.8, 135.6, 134.1, 134.4, 134.1, 133.2, 134.1, 134.4, 134.4, 135.0, 135.3, 134.7, 135.6, 135.3, 135.6, 135.9, 135.9, 135.9, 135.6, 134.7, 135.3, 135.6, 135.3, 134.7, 135.0, 135.3, 134.7, 135.3, 135.6, 135.0, 135.9, 135.6, 135.6, 135.6, 135.6, 136.2, 135.6, 135.6, 135.3, 135.9, 135.9, 136.2, 135.6, 136.5, 136.8, 136.8, 136.2, 135.3, 135.3, 135.3, 135.0, 135.9, 135.9, 136.2, 136.2, 136.8, 136.5, 136.2, 136.8, 136.8, 137.1, 137.1, 137.4, 138.0, 137.6, 137.4, 137.4, 137.6, 137.6, 138.0, 137.4, 138.2, 138.5, 138.2, 138.2, 138.2, 138.0, 138.2, 137.6, 138.2, 137.4, 137.6, 138.2, 137.4, 138.2, 138.2, 137.0, 138.0, 138.2, 138.2, 137.6, 137.4, 138.2, 138.2, 138.2, 137.6, 137.6, 138.6, 137.0, 138.0, 137.6, 138.2, 137.4, 137.4, 138.2, 138.0, 138.0, 136.8, 137.4, 138.2, 138.0, 138.0, 137.6, 139.1, 138.9, 138.9, 138.6, 138.9, 138.2, 137.6, 137.6, 138.0, 138.9, 138.2, 138.2, 138.0, 138.0, 138.2, 138.0, 138.2, 138.2, 138.0, 137.4, 137.4, 137.0, 136.8, 136.8, 136.5, 137.1, 138.0, 138.0, 138.6, 139.5, 138.0, 138.6, 138.6, 138.9, 137.1, 135.6, 136.8, 135.9, 135.3, 136.2, 136.2, 136.2, 136.2, 136.8, 138.6, 138.6, 137.7, 138.0, 138.2, 138.6, 138.2, 138.0, 138.2, 138.2, 138.6, 138.6, 138.2, 138.6, 138.0, 138.0, 138.0, 137.4, 137.7, 138.0, 138.6, 138.2, 139.5, 138.0, 138.9, 137.7, 138.6, 138.9, 138.9, 139.5, 139.5, 139.5, 139.5, 139.5, 139.2, 139.2, 138.6, 139.2, 140.1, 139.2, 138.9, 139.5, 138.9, 138.9, 139.2, 139.5, 139.5, 139.5, 140.3, 140.1, 140.1, 139.5, 139.7, 140.3, 140.1, 139.5, 139.5, 138.9, 138.6, 138.6, 138.0, 138.9, 138.0, 138.0, 138.6, 138.9, 139.7, 139.1, 139.1, 140.6, 140.2, 139.3, 140.6, 140.6, 140.2, 140.2, 139.6, 139.9, 140.2, 139.9, 140.2, 140.6, 141.2, 140.6, 140.8, 140.8, 139.6, 140.2, 139.6, 139.8, 139.6, 139.6, 139.6, 139.6, 139.6, 139.6, 139.6, 139.0, 139.8, 139.8, 140.4, 140.6, 139.8, 139.8, 140.2, 140.4, 140.4, 139.8, 140.4, 139.6, 140.2, 139.0, 139.8, 139.8, 140.2, 140.2, 140.2, 139.0, 139.6, 139.6, 139.6, 139.2, 139.6, 140.2, 139.6, 139.6, 139.6, 141.0, 139.6, 140.2, 139.6, 139.6, 139.8, 139.3, 139.6, 140.2, 140.2, 140.2, 140.2, 139.3, 139.6, 139.2, 140.2, 140.2, 140.2, 140.2, 140.2, 139.8, 139.6, 139.9, 139.9, 140.2, 139.9, 139.3, 139.6, 140.6, 139.8, 139.9, 139.3, 140.4, 139.6, 140.2, 140.2, 139.3, 139.6, 139.6, 139.3, 140.8, 140.2, 139.9, 140.2, 140.8, 140.2, 140.8, 139.6, 140.2, 140.8, 140.2, 140.8, 140.8, 140.2, 140.8, 140.2, 140.2, 139.6, 139.6, 140.2, 139.6, 139.6, 140.2, 139.6, 140.2, 140.2, 140.2, 139.6, 140.2, 139.6, 140.8, 139.9, 138.7, 139.6, 139.6, 139.3, 139.0, 139.9, 139.3, 139.6, 140.2, 139.6, 139.6, 140.2, 139.6, 140.2, 139.9, 139.3, 139.9, 139.6, 140.8, 140.8, 140.2, 139.9, 140.2, 139.9, 140.2, 140.2, 139.6, 139.0, 140.2, 139.8, 139.6, 140.2, 140.2, 139.8, 139.6, 140.8, 140.8, 139.8, 140.2, 139.6, 139.6, 139.3, 139.6, 140.2, 140.8, 139.6, 139.3, 139.3, 139.6, 139.3, 139.9, 140.2, 138.7, 138.7, 139.6, 140.4]"
2,"[142.4, 141.4, 142.0, 140.2, 140.6, 140.6, 141.4, 141.0, 141.0, 140.8, 141.6, 141.6, 141.6, 141.0, 142.0, 141.0, 142.2, 141.4, 141.6, 141.4, 140.2, 140.2, 140.8, 139.9, 140.2, 140.2, 140.8, 140.2, 140.4, 140.2, 139.9, 140.8, 139.9, 139.3, 140.6, 139.6, 139.3, 139.8, 139.6, 139.6, 139.6, 140.8, 140.2, 140.2, 140.8, 139.6, 139.6, 140.6, 140.2, 140.8, 140.2, 140.6, 140.6, 139.9, 140.8, 140.2, 140.2, 140.8, 141.2, 140.8, 140.8, 140.8, 140.2, 139.6, 140.6, 140.8, 140.8, 140.2, 140.8, 140.8, 140.8, 140.8, 140.8, 139.9, 140.2, 139.6, 140.2, 140.2, 139.9, 140.6, 140.8, 140.8, 140.8, 140.6, 139.9, 140.2, 141.0, 140.2, 140.2, 140.2, 140.2, 141.4, 140.2, 140.2, 139.9, 140.2, 140.8, 140.2, 141.4, 140.8, 140.2, 140.2, 139.3, 140.8, 141.4, 140.2, 140.8, 140.8, 141.4, 140.8, 140.2, 140.2, 140.2, 140.2, 140.8, 140.2, 141.4, 140.2, 140.6, 140.2, 140.2, 140.8, 141.4, 140.8, 141.4, 141.4, 140.8, 141.4, 140.8, 141.6, 139.8, 142.0, 143.3, 143.3, 142.4, 142.0, 141.6, 143.0, 142.2, 141.8, 141.8, 141.6, 141.6, 141.6, 141.6, 142.4, 141.0, 141.0, 141.6, 140.8, 141.6, 141.6, 141.6, 141.0, 141.6, 141.0, 141.8, 141.6, 142.2, 141.0, 141.6, 141.0, 142.2, 141.8, 141.6, 141.0, 141.0, 140.4, 141.0, 139.8, 139.8, 140.4, 140.2, 140.4, 140.2, 140.2, 140.2, 140.2, 140.2, 140.2, 139.8, 140.2, 139.6, 140.8, 140.2, 140.2, 140.4, 140.2, 140.4, 141.0, 140.8, 140.8, 141.4, 141.4, 141.0, 141.6, 141.0, 140.8, 140.8, 140.8, 140.6, 141.0, 141.0, 140.8, 140.8, 140.8, 140.8, 140.8, 141.6, 141.0, 140.4, 140.8, 141.4, 142.0, 141.6, 141.6, 140.6, 142.0, 141.6, 141.6, 142.2, 140.6, 141.6, 140.6, 140.8, 141.2, 140.6, 141.2, 141.2, 140.6, 141.0, 141.4, 140.6, 142.2, 142.0, 141.8, 141.2, 141.8, 141.8, 141.4, 141.8, 141.8, 141.2, 141.2, 141.2, 141.2, 141.6, 141.2, 141.2, 141.2, 141.2, 141.2, 141.0, 141.0, 141.0, 141.8, 142.0, 142.6, 141.2, 141.8, 141.8, 141.8, 142.0, 142.0, 142.0, 142.0, 142.0, 142.0, 142.0, 142.0, 142.4, 142.6, 142.2, 141.2, 141.0, 141.0, 142.2, 141.0, 142.0, 141.0, 142.2, 140.2, 140.8, 141.0, 140.4, 140.2, 141.2, 141.0, 141.2, 141.0, 141.2, 142.4, 142.4, 143.0, 142.8, 141.6, 141.6, 141.6, 141.6, 142.4, 142.4, 142.4, 142.4, 142.0, 142.6, 142.0, 142.0, 141.6, 142.0, 142.0, 142.0, 141.8, 142.0, 141.8, 141.8, 141.2, 142.0, 142.0, 142.0, 142.0, 142.0, 142.0, 141.8, 142.0, 141.8, 142.0, 142.0, 142.0, 142.0, 142.0, 142.0, 142.0, 141.2, 141.2, 141.2, 141.2, 141.2, 141.2, 140.6, 141.2, 140.6, 140.6, 140.6, 140.6, 140.3, 140.3, 140.3, 140.3, 141.2, 140.3, 140.3, 141.6, 140.6, 141.2, 141.2, 140.3, 140.6, 141.2, 141.0, 141.0, 140.3, 140.3, 141.2, 141.0, 141.2, 141.2, 141.2, 141.2, 141.2, 141.0, 140.6, 141.2, 141.8, 141.2, 141.8, 141.8, 141.8, 141.2, 141.8, 141.2, 141.2, 141.2, 141.8, 140.8, 141.2, 141.4, 141.4, 140.8, 141.4, 141.8, 141.4, 141.4, 141.4, 141.4, 141.4, 141.4, 141.4, 141.4, 141.4, 141.4, 141.0, 142.0, 142.8, 141.2, 142.2, 142.2, 142.2, 142.2, 142.2, 142.8, 142.8, 142.2, 142.2, 141.6, 142.8, 142.4, 143.0, 142.8, 141.8, 141.4, 142.0, 142.8, 142.0, 142.0, 142.2, 141.4, 142.6, 142.0, 142.0, 142.0, 141.4, 141.4, 141.4, 141.4, 142.0, 141.4, 141.4, 141.4, 141.4, 141.4, 140.8, 141.4, 141.4, 141.4, 142.0, 141.4, 142.2, 142.0, 141.4, 142.2, 142.0, 142.2, 140.8, 141.0, 140.8, 140.8, 141.6, 141.4, 141.4, 141.2, 141.4, 141.2, 141.4, 140.6, 141.4, 141.4, 140.8, 141.0, 141.0, 140.8, 140.8, 141.6, 141.0, 141.2, 141.2, 140.6, 141.4, 140.8, 141.2, 142.0, 141.6, 141.8, 142.0, 142.0, 141.6, 142.0, 141.4, 141.2, 141.4, 141.4, 141.4, 141.4, 141.4, 141.4, 141.2, 141.4, 141.4, 141.6, 141.6, 142.0, 142.0, 141.4, 142.0, 141.4, 140.8, 141.0, 140.8, 141.2, 141.0, 141.2, 140.8, 140.6, 141.4, 141.4, 141.8, 141.4, 141.4, 141.8, 141.8, 142.0, 141.4, 141.8, 141.4, 141.8, 141.0, 140.8, 142.0, 142.0, 141.4, 141.2, 141.4, 140.8, 141.4, 141.4, 141.2, 141.8, 141.6, 141.4, 141.4, 141.4, 141.0, 142.2, 142.6, 141.4, 142.2, 141.8, 142.0, 142.8, 142.0, 142.6, 142.4, 142.4, 141.4, 141.4, 142.8, 142.4, 142.0, 142.0, 143.3, 142.2, 143.3, 142.6, 143.3, 141.4, 142.0, 143.3, 143.3, 143.3, 143.3, 143.3, 143.1, 143.3, 142.0, 142.8, 143.1, 143.7, 143.3, 143.1, 142.6, 142.6, 142.6, 141.2, 141.2, 141.8, 142.0, 142.4, 142.6, 143.1, 142.6, 143.1, 141.4, 142.6, 143.1, 141.6, 143.1, 142.6, 141.8, 141.8, 142.0, 141.2]"
2,"[137.2, 137.8, 137.2, 137.2, 137.2, 136.6, 137.2, 137.8, 137.6, 137.8, 138.1, 137.8, 138.8, 136.9, 137.2, 137.8, 137.8, 138.5, 138.2, 138.1, 138.8, 138.1, 138.1, 138.1, 138.1, 138.8, 137.8, 137.2, 137.8, 138.8, 137.8, 137.8, 137.6, 137.8, 137.8, 137.8, 137.8, 137.8, 137.2, 137.8, 137.8, 137.8, 137.8, 137.8, 137.8, 138.5, 137.5, 137.7, 138.8, 139.0, 138.4, 138.1, 138.4, 138.4, 138.1, 138.1, 138.1, 138.1, 137.8, 138.1, 139.0, 138.4, 138.1, 138.1, 138.1, 138.1, 138.8, 138.1, 138.1, 137.5, 137.8, 138.8, 138.5, 139.0, 138.4, 138.8, 138.8, 138.1, 137.6, 137.5, 137.2, 137.8, 138.8, 137.5, 138.1, 137.8, 138.4, 139.0, 138.1, 139.0, 139.0, 138.1, 137.8, 138.4, 138.1, 138.1, 138.8, 138.5, 138.8, 138.8, 138.1, 138.1, 138.1, 137.2, 138.8, 138.5, 138.8, 138.5, 138.4, 139.6, 138.8, 137.7, 138.8, 137.8, 138.8, 138.1, 138.8, 138.5, 138.8, 138.8, 137.8, 137.8, 138.5, 137.8, 138.2, 138.8, 138.0, 138.2, 138.5, 137.8, 137.8, 138.4, 137.8, 138.1, 137.5, 137.5, 137.2, 136.8, 136.7, 136.7, 137.8, 136.3, 136.9, 136.3, 137.2, 137.5, 137.7, 137.2, 137.2, 138.8, 138.5, 138.1, 137.5, 138.1, 137.5, 137.8, 137.5, 138.1, 137.2, 137.5, 138.4, 137.7, 139.0, 137.7, 137.5, 138.4, 138.4, 138.1, 139.0, 137.7, 139.0, 138.8, 138.8, 138.4, 138.4, 138.1, 139.0, 138.4, 138.4, 138.1, 138.4, 138.1, 138.1, 137.5, 137.5, 138.8, 138.8, 138.1, 138.8, 138.4, 139.0, 139.0, 139.0, 138.8, 138.4, 139.0, 139.0, 139.0, 138.6, 139.2, 139.2, 139.5, 139.5, 139.2, 139.2, 140.1, 140.1, 140.1, 140.1, 139.2, 139.5, 140.1, 140.1, 140.1, 139.2, 139.2, 139.5, 140.7, 140.7, 140.7, 141.0, 140.3, 140.1, 139.9, 140.1, 140.1, 140.1, 140.1, 140.1, 139.7, 139.7, 139.7, 140.7, 139.7, 139.5, 139.6, 139.0, 138.6, 137.5, 134.7, 134.4, 135.6, 137.2, 137.7, 138.1, 137.7, 138.6, 139.2, 140.1, 139.9, 139.5, 140.1, 140.7, 140.3, 139.5, 139.9, 139.5, 140.3, 140.1, 140.3, 139.7, 140.3, 141.0, 140.1, 140.3, 140.3, 140.1, 140.3, 140.3, 140.1, 140.1, 137.5, 137.5, 137.5, 136.6, 137.8, 137.8, 138.1, 137.5, 136.8, 137.5, 137.8, 137.5, 136.6, 136.3, 135.7, 135.7, 135.9, 135.9, 137.2, 135.7, 137.5, 136.8, 136.8, 136.6, 137.5, 137.5, 136.8, 137.2, 136.8, 136.6, 135.9, 135.0, 134.4, 135.0, 136.3, 136.8, 136.0, 136.2, 135.7, 136.6, 136.8, 135.7, 135.0, 135.0, 135.0, 136.8, 134.7, 134.7, 135.7, 135.0, 135.3, 134.4, 134.7, 134.7, 134.7, 134.7, 135.3, 135.6, 135.9, 134.7, 135.0, 134.1, 133.5, 133.5, 134.1, 133.2, 134.4, 134.7, 133.8, 133.5, 134.1, 134.7, 135.3, 135.0, 134.7, 134.7, 135.3, 135.7, 135.7, 136.8, 136.6, 136.6, 135.9, 137.1, 136.8, 135.9, 136.6, 137.5, 136.6, 137.5, 137.5, 137.1, 136.8, 137.1, 137.1, 137.7, 137.5, 137.7, 137.7, 137.7, 138.1, 137.5, 137.2, 137.5, 138.4, 138.6, 139.0, 139.0, 138.9, 138.6, 138.6, 137.7, 137.2, 136.8, 136.6, 136.9, 137.2, 137.5, 137.5, 137.5, 137.7, 138.4, 137.5, 137.2, 138.1, 137.5, 137.1, 137.5, 137.1, 138.4, 137.7, 138.4, 138.4, 138.6, 138.4, 137.7, 139.2, 138.4, 139.0, 138.4, 138.1, 137.5, 137.5, 137.5, 138.1, 138.4, 138.1, 138.1, 138.1, 138.6, 138.4, 138.4, 138.4, 138.6, 138.4, 137.5, 138.1, 137.7, 138.4, 138.6, 139.0, 139.2, 137.7, 138.4, 138.1, 138.6, 138.6, 137.7, 139.2, 138.4, 138.6, 139.0, 138.9, 139.5, 138.4, 138.4, 138.6, 138.4, 138.6, 137.7, 138.4, 138.4, 139.5, 139.5, 139.5, 139.9, 139.5, 139.2, 140.1, 139.2, 139.7, 139.5, 139.0, 139.5, 139.2, 139.5, 140.1, 139.5, 139.5, 140.1, 139.5, 139.7, 139.5, 139.5, 140.3, 140.1, 139.7, 139.7, 140.3, 139.5, 139.7, 139.5, 140.1, 140.1, 139.5, 140.1, 139.7, 139.7, 139.7, 139.5, 140.3, 140.1, 140.3, 139.5, 140.1, 140.3, 139.5, 139.7, 140.7, 140.1, 139.7, 139.5, 139.5, 139.5, 141.0, 140.3, 140.3, 141.0, 140.3, 139.7, 141.0, 140.3, 140.1, 140.3, 139.5, 140.3, 140.3, 140.7, 140.3, 141.0, 141.0, 140.3, 139.7, 139.7, 140.3, 139.7, 140.1, 140.1, 141.0, 139.9, 140.1, 140.1, 141.4, 141.6, 141.0, 139.5, 139.5, 139.5, 139.7, 139.7, 139.7, 140.1, 140.3, 140.1, 140.1, 140.6, 140.1, 140.1, 140.3, 140.7, 140.7, 140.1, 140.1, 140.1, 140.3, 140.3, 140.1, 140.3, 140.7, 140.3, 140.1, 139.9, 140.1, 140.1, 140.3, 139.5, 140.1, 139.5, 139.5, 140.3, 140.3, 139.7, 140.3, 140.6, 139.7, 140.3, 140.3, 140.3, 140.6, 140.3, 141.2, 141.2, 140.3, 141.2, 140.6, 141.4, 141.2, 141.2, 141.4, 141.2, 141.2, 141.2, 141.2, 142.0, 141.4, 141.4, 141.4, 141.2, 142.0]"
2,"[140.7, 140.6, 142.0, 141.2, 140.8, 139.9, 140.3, 140.6, 140.3, 141.0, 140.3, 140.1, 141.0, 140.7, 141.0, 141.6, 140.6, 141.2, 141.6, 140.3, 141.0, 141.0, 141.0, 141.0, 141.2, 141.0, 141.0, 141.0, 141.0, 140.1, 140.3, 141.0, 140.7, 141.0, 140.6, 141.0, 140.3, 141.0, 140.7, 140.3, 140.1, 140.1, 139.9, 139.3, 139.7, 139.7, 139.5, 138.9, 139.1, 138.9, 138.9, 138.9, 138.9, 139.1, 139.5, 139.7, 139.5, 139.7, 139.7, 139.7, 139.7, 139.5, 139.7, 139.9, 139.7, 140.3, 140.3, 139.5, 139.7, 140.3, 139.7, 140.1, 139.7, 140.3, 141.0, 139.7, 140.1, 139.5, 140.7, 139.5, 141.0, 139.7, 141.2, 140.6, 141.0, 140.1, 140.6, 139.7, 139.7, 139.7, 139.5, 139.7, 139.5, 140.3, 140.3, 140.3, 141.0, 141.0, 141.0, 141.0, 141.0, 141.2, 141.2, 141.8, 141.2, 141.2, 141.2, 141.2, 141.2, 141.2, 141.0, 141.0, 141.0, 141.0, 141.0, 141.0, 140.3, 141.2, 141.2, 141.0, 140.3, 141.2, 140.6, 140.3, 140.6, 140.3, 141.0, 141.0, 140.3, 140.1, 140.1, 140.1, 140.1, 139.5, 141.0, 140.3, 141.0, 140.3, 140.3, 141.0, 140.6, 140.6, 141.2, 141.0, 141.2, 141.2, 140.6, 141.6, 141.0, 141.8, 140.6, 141.4, 141.2, 141.2, 141.2, 141.2, 140.6, 140.6, 141.2, 141.8, 141.8, 142.0, 141.0, 141.6, 140.3, 139.5, 139.2, 139.5, 140.1, 140.1, 140.3, 140.3, 140.7, 140.6, 140.3, 139.7, 139.0, 138.8, 138.4, 138.8, 139.0, 138.4, 138.6, 139.2, 139.0, 139.5, 140.1, 139.5, 139.9, 140.6, 140.3, 141.0, 140.3, 140.1, 139.5, 139.7, 139.2, 139.5, 140.1, 139.2, 139.2, 138.1, 137.5, 136.8, 135.1, 134.4, 134.7, 135.7, 137.2, 137.7, 137.5, 137.5, 137.5, 136.9, 137.5, 137.5, 138.4, 137.7, 138.4, 137.7, 138.8, 138.6, 138.6, 138.6, 138.6, 139.2, 139.2, 138.6, 139.5, 139.5, 139.5, 139.5, 139.5, 139.5, 139.5, 140.1, 139.2, 140.1, 139.0, 138.4, 139.2, 139.2, 139.2, 139.9, 140.3, 141.2, 141.0, 140.6, 141.2, 141.8, 141.2, 141.0, 141.0, 141.0, 141.2, 141.2, 140.6, 141.2, 141.0, 140.6, 140.6, 141.2, 140.6, 140.6, 140.3, 141.8, 140.3, 141.2, 140.6, 141.8, 141.2, 141.4, 140.6, 141.2, 141.2, 141.2, 140.6, 140.6, 141.2, 140.8, 140.6, 141.8, 141.2, 140.6, 142.0, 141.2, 141.4, 141.2, 141.2, 140.6, 141.4, 141.2, 141.4, 141.4, 141.2, 141.4, 141.4, 141.4, 141.2, 140.6, 141.2, 140.6, 141.2, 141.2, 141.4, 141.2, 141.2, 141.2, 141.8, 142.0, 141.8, 142.0, 141.4, 141.8, 141.8, 142.0, 141.8, 142.6, 142.0, 141.4, 142.0, 141.2, 141.8, 141.2, 142.6, 142.0, 142.0, 141.2, 141.2, 141.4, 141.4, 140.8, 141.2, 141.2, 141.2, 141.4, 141.4, 142.0, 142.0, 142.0, 142.0, 142.0, 142.0, 142.6, 142.0, 142.0, 142.0, 143.3, 142.6, 142.0, 141.2, 142.6, 142.0, 142.6, 142.6, 142.6, 142.8, 142.6, 142.6, 141.4, 141.4, 141.2, 141.4, 140.6, 141.2, 141.4, 141.8, 141.4, 141.8, 141.2, 141.8, 140.6, 141.2, 141.2, 142.0, 141.8, 141.4, 141.4, 141.8, 141.2, 141.2, 141.2, 140.6, 141.2, 141.4, 141.2, 141.2, 142.0, 142.4, 141.8, 141.4, 141.8, 141.8, 141.8, 141.2, 141.2, 141.2, 141.8, 142.0, 142.6, 141.8, 141.2, 142.4, 141.8, 142.0, 142.0, 143.7, 141.8, 142.0, 141.2, 142.6, 142.4, 142.6, 142.6, 142.0, 142.4, 141.8, 142.4, 142.4, 141.2, 141.2, 141.2, 141.2, 141.8, 141.4, 141.4, 141.8, 141.8, 140.6, 141.2, 141.4, 141.4, 141.2, 142.0, 142.6, 142.6, 142.6, 142.2, 142.0, 142.0, 141.4, 141.4, 141.4, 141.2, 142.0, 141.4, 141.4, 141.2, 140.8, 141.4, 141.0, 141.2, 140.6, 141.2, 140.6, 142.0, 141.2, 141.2, 141.2, 140.8, 140.6, 141.0, 140.3, 140.1, 139.7, 141.2, 141.8, 141.4, 140.8, 142.0, 141.4, 141.4, 141.4, 142.0, 141.2, 141.4, 141.4, 141.2, 141.2, 140.8, 141.2, 141.2, 139.9, 141.2, 141.2, 139.9, 140.6, 139.6, 139.6, 139.9, 140.2, 140.8, 140.8, 139.9, 140.6, 140.6, 140.6, 140.6, 140.2, 141.4, 141.2, 141.2, 140.8, 140.8, 140.8, 141.4, 140.8, 141.4, 141.2, 141.2, 141.4, 141.4, 142.0, 141.4, 141.8, 142.0, 141.8, 142.0, 140.8, 141.4, 141.4, 141.2, 141.4, 141.2, 140.6, 140.6, 140.8, 141.4, 140.8, 141.4, 141.4, 142.2, 140.8, 142.0, 141.4, 141.4, 140.6, 140.8, 140.2, 139.9, 139.9, 139.9, 140.6, 140.8, 140.6, 139.9, 140.6, 140.2, 140.2, 139.9, 140.4, 140.2, 139.9, 140.2, 141.2, 139.9, 140.6, 140.6, 140.4, 139.9, 140.8, 141.4, 140.8, 141.4, 141.2, 141.8, 142.6, 141.4, 142.6, 142.6, 142.6, 142.6, 143.1, 142.0, 142.0, 142.0, 141.8, 142.0, 141.2, 142.0, 142.0, 141.8, 141.8, 141.8, 141.8, 141.2, 142.0, 143.1, 141.4, 141.2, 141.2, 140.6, 140.6, 141.2, 140.6, 141.8, 141.8, 141.2, 141.8, 141.2]"
2,"[141.6, 140.8, 141.2, 139.9, 138.7, 138.7, 139.3, 140.2, 139.9, 139.6, 140.4, 139.6, 139.3, 139.8, 140.2, 139.8, 140.2, 140.2, 139.2, 138.4, 139.3, 139.8, 138.7, 139.2, 139.6, 139.0, 139.6, 139.6, 139.0, 139.6, 139.6, 139.6, 139.3, 139.0, 139.3, 139.0, 139.6, 139.6, 139.6, 139.2, 139.8, 139.6, 141.0, 141.0, 140.4, 141.0, 140.4, 141.0, 140.8, 140.2, 140.8, 140.2, 141.0, 141.0, 140.4, 141.0, 140.4, 140.8, 141.2, 141.0, 140.2, 140.4, 140.2, 140.4, 140.8, 140.8, 140.8, 140.8, 141.0, 140.2, 140.2, 140.4, 140.2, 140.4, 140.2, 140.4, 140.4, 140.4, 140.2, 139.8, 140.4, 139.8, 140.4, 140.8, 140.2, 140.2, 140.4, 140.8, 139.8, 140.2, 140.4, 140.4, 140.2, 140.4, 141.4, 140.4, 140.8, 140.4, 140.0, 141.0, 140.2, 139.6, 140.8, 141.4, 140.8, 141.6, 141.0, 140.8, 141.0, 141.4, 140.8, 141.0, 140.4, 140.4, 140.4, 140.8, 140.4, 139.8, 140.4, 141.0, 140.8, 141.4, 140.2, 140.4, 140.2, 140.4, 140.2, 140.8, 140.8, 139.9, 139.6, 139.8, 140.8, 139.8, 140.8, 139.8, 139.6, 139.6, 140.2, 140.2, 140.2, 140.2, 139.6, 140.2, 140.8, 141.4, 140.8, 140.8, 141.0, 141.4, 141.6, 140.4, 141.0, 140.8, 140.8, 141.4, 141.4, 140.2, 141.0, 141.4, 141.6, 141.0, 141.0, 140.4, 141.0, 141.6, 140.8, 141.0, 141.6, 141.0, 141.6, 141.0, 141.0, 141.6, 141.0, 141.0, 141.8, 141.6, 141.0, 141.0, 141.6, 141.6, 142.2, 142.2, 142.2, 142.8, 142.2, 142.2, 142.0, 142.2, 142.2, 142.2, 142.2, 142.2, 142.4, 141.8, 142.2, 142.2, 142.2, 142.6, 143.0, 142.2, 142.4, 142.2, 142.2, 142.4, 142.2, 142.2, 142.6, 142.2, 142.2, 142.2, 142.8, 142.8, 142.8, 142.2, 141.6, 142.0, 142.2, 142.8, 142.2, 142.2, 141.8, 142.2, 142.8, 142.6, 142.6, 142.2, 141.8, 142.0, 142.6, 142.2, 142.0, 142.2, 142.4, 142.2, 142.6, 142.8, 142.8, 143.5, 142.4, 143.0, 142.2, 142.2, 142.4, 142.2, 142.4, 142.2, 142.2, 142.8, 142.8, 142.2, 142.2, 142.2, 142.0, 142.2, 141.8, 141.8, 142.2, 142.4, 141.8, 141.8, 142.0, 142.0, 141.8, 141.8, 141.2, 142.0, 141.8, 141.2, 141.8, 141.4, 142.6, 142.4, 142.0, 142.0, 142.0, 142.4, 141.2, 142.4, 142.0, 142.6, 142.0, 141.8, 141.8, 142.0, 141.8, 141.8, 141.8, 141.8, 141.8, 142.4, 141.8, 141.8, 142.4, 141.2, 142.4, 142.4, 141.8, 141.8, 141.8, 141.8, 141.2, 141.8, 141.8, 141.2, 141.0, 141.8, 141.6, 141.0, 140.1, 139.9, 139.2, 140.7, 139.4, 140.3, 140.3, 139.6, 139.2, 139.6, 139.6, 139.6, 140.5, 140.3, 140.5, 140.1, 140.7, 140.1, 140.7, 141.0, 141.0, 141.2, 141.2, 141.6, 141.2, 141.6, 141.2, 141.8, 141.0, 141.6, 141.2, 141.6, 141.0, 141.0, 141.0, 141.0, 140.3, 140.3, 140.1, 141.0, 140.7, 140.7, 140.7, 140.3, 140.1, 140.7, 140.1, 140.7, 140.7, 140.7, 140.7, 140.5, 139.4, 139.0, 139.6, 139.6, 139.9, 139.6, 139.0, 139.0, 139.0, 138.8, 139.6, 139.9, 139.4, 139.9, 139.6, 139.6, 139.4, 139.6, 139.4, 139.9, 139.9, 139.6, 140.5, 140.1, 140.7, 140.5, 140.7, 140.7, 140.1, 140.5, 140.3, 140.7, 140.5, 140.1, 140.5, 140.7, 140.1, 140.1, 141.0, 141.0, 139.5, 140.3, 141.2, 140.7, 141.0, 141.0, 141.0, 140.7, 140.1, 140.3, 141.0, 139.5, 140.1, 140.1, 141.0, 140.3, 140.7, 141.0, 140.7, 140.1, 140.7, 141.0, 140.3, 140.1, 140.7, 141.0, 140.3, 140.7, 141.0, 141.6, 141.0, 141.0, 141.6, 142.4, 141.8, 141.8, 142.0, 141.8, 141.8, 142.0, 141.8, 142.4, 142.6, 142.4, 142.4, 142.6, 142.4, 141.8, 142.4, 142.4, 142.0, 141.8, 142.0, 142.6, 142.4, 141.6, 141.8, 141.0, 141.6, 141.0, 141.0, 140.3, 141.6, 141.2, 141.8, 141.2, 141.8, 141.8, 141.8, 141.8, 142.0, 141.8, 142.0, 141.8, 141.8, 141.6, 141.2, 141.6, 142.0, 141.8, 141.8, 142.0, 142.0, 142.0, 141.2, 141.8, 141.4, 141.8, 141.8, 141.8, 141.2, 141.8, 142.2, 141.2, 141.8, 142.6, 141.4, 142.0, 142.0, 141.4, 142.4, 141.8, 141.4, 142.0, 142.0, 142.0, 142.0, 142.2, 141.8, 142.2, 141.2, 141.6, 141.6, 141.4, 141.6, 142.2, 141.6, 141.4, 142.2, 142.2, 142.0, 141.6, 141.4, 141.4, 141.6, 141.4, 141.4, 141.4, 141.6, 141.8, 141.4, 142.0, 141.6, 142.0, 141.4, 141.4, 142.0, 142.0, 141.4, 141.4, 142.6, 142.0, 141.8, 142.0, 142.0, 141.8, 142.0, 141.8, 141.4, 142.0, 142.0, 142.2, 142.4, 142.2, 142.6, 142.0, 142.6, 142.0, 141.4, 141.4, 142.0, 142.2, 141.8, 141.8, 142.6, 142.2, 142.0, 142.0, 142.0, 141.4, 141.4, 140.6, 141.4, 142.0, 142.0, 142.0, 142.0, 141.6, 142.0, 141.6, 141.6, 142.2, 141.8, 141.4, 142.0, 141.8, 141.2, 141.8, 141.2, 141.2, 140.8, 141.8, 141.4, 141.8, 141.4, 142.0, 142.0, 141.6]"
2,"[141.2, 140.1, 141.2, 139.9, 140.6, 140.6, 141.0, 141.4, 141.4, 142.0, 142.0, 141.4, 142.2, 141.0, 141.4, 140.8, 140.6, 141.4, 142.0, 141.4, 141.8, 141.4, 141.4, 142.0, 141.2, 142.0, 141.4, 141.4, 140.8, 140.6, 140.8, 140.6, 140.6, 140.8, 141.4, 140.8, 140.8, 140.8, 140.6, 140.8, 140.8, 140.6, 141.4, 141.4, 140.8, 141.4, 140.8, 141.4, 141.4, 141.4, 141.4, 141.4, 141.6, 141.4, 141.4, 140.6, 141.4, 142.0, 142.0, 142.0, 140.8, 140.8, 142.0, 141.4, 141.4, 141.4, 142.0, 140.8, 141.4, 142.0, 140.8, 142.0, 142.2, 141.4, 141.4, 141.4, 141.4, 140.8, 141.6, 140.8, 141.4, 140.8, 140.8, 140.8, 140.8, 141.6, 141.4, 142.0, 141.6, 142.0, 141.4, 142.0, 141.4, 141.4, 141.4, 141.6, 141.4, 141.4, 141.4, 141.6, 141.4, 141.6, 141.6, 141.4, 141.6, 141.4, 140.8, 142.0, 141.4, 141.6, 141.4, 141.6, 141.4, 141.0, 141.0, 140.4, 141.6, 140.8, 140.8, 140.2, 141.4, 140.6, 140.6, 141.0, 140.0, 141.2, 139.8, 141.8, 143.3, 142.5, 140.8, 139.8, 139.2, 139.6, 139.9, 139.8, 140.6, 140.4, 140.4, 141.0, 141.0, 139.8, 140.2, 140.2, 140.8, 141.6, 141.4, 141.6, 140.2, 141.0, 141.0, 140.8, 140.2, 140.8, 140.8, 141.6, 140.8, 141.6, 141.4, 141.4, 141.0, 140.8, 140.8, 141.4, 141.6, 142.2, 140.8, 140.8, 140.8, 141.0, 140.8, 141.0, 140.6, 140.2, 140.2, 139.3, 139.6, 139.6, 139.6, 140.2, 139.9, 140.2, 140.2, 140.2, 140.2, 140.2, 140.4, 140.2, 139.9, 140.8, 139.6, 139.6, 139.6, 139.6, 140.2, 139.6, 139.6, 139.6, 139.9, 139.6, 139.6, 140.2, 139.6, 140.2, 139.6, 139.6, 139.9, 140.2, 139.6, 140.2, 140.2, 140.2, 139.8, 140.2, 139.6, 140.6, 139.8, 140.2, 140.2, 139.8, 139.6, 139.6, 141.4, 141.8, 141.6, 141.6, 141.4, 141.6, 141.6, 141.6, 141.6, 141.4, 141.6, 140.6, 141.6, 140.8, 141.0, 141.4, 141.4, 140.3, 140.6, 141.0, 141.0, 140.6, 141.2, 141.4, 141.2, 141.4, 141.4, 140.6, 141.2, 141.2, 140.8, 140.6, 141.2, 140.6, 140.6, 140.6, 140.6, 140.6, 141.2, 140.3, 140.6, 141.2, 140.6, 141.4, 141.2, 141.2, 141.2, 140.6, 141.4, 141.2, 140.6, 141.2, 140.7, 141.2, 140.5, 139.9, 140.3, 141.2, 141.2, 141.0, 140.3, 141.0, 141.2, 141.2, 141.2, 141.2, 141.0, 141.0, 140.7, 141.0, 139.7, 140.3, 141.0, 140.1, 140.7, 141.2, 140.6, 141.2, 141.2, 141.0, 141.2, 141.0, 141.0, 140.7, 141.0, 141.2, 141.0, 140.1, 139.2, 140.1, 140.1, 140.1, 141.0, 140.3, 140.1, 139.9, 140.3, 140.7, 139.2, 140.7, 140.5, 139.6, 139.0, 139.2, 139.0, 137.7, 138.4, 139.0, 139.0, 140.1, 139.9, 140.7, 140.3, 139.9, 140.3, 140.1, 140.1, 139.7, 139.2, 138.1, 138.4, 138.1, 137.5, 136.2, 136.2, 136.2, 136.5, 136.5, 136.8, 136.8, 136.8, 136.8, 136.8, 137.5, 136.2, 137.5, 136.6, 137.5, 137.7, 136.8, 136.8, 136.8, 137.5, 137.8, 138.6, 138.6, 139.5, 139.2, 139.2, 139.2, 139.0, 139.5, 141.0, 139.5, 140.7, 140.1, 139.2, 139.2, 139.0, 139.9, 139.0, 139.9, 140.1, 140.5, 140.7, 140.1, 139.9, 140.7, 140.1, 140.1, 140.7, 140.7, 140.7, 140.5, 141.4, 140.1, 140.1, 140.7, 140.1, 140.3, 139.2, 140.5, 140.1, 140.1, 140.3, 141.0, 141.0, 141.0, 141.0, 140.1, 141.0, 141.0, 141.0, 141.2, 142.0, 141.6, 141.4, 141.4, 142.0, 140.6, 141.4, 141.2, 141.4, 141.2, 141.4, 141.2, 141.2, 142.0, 141.4, 142.0, 141.4, 141.8, 141.2, 141.4, 141.2, 140.8, 141.4, 141.2, 141.4, 141.4, 140.8, 142.0, 140.8, 140.6, 140.6, 141.4, 140.6, 140.6, 140.8, 141.2, 141.2, 141.2, 141.4, 141.8, 142.0, 142.2, 141.8, 141.8, 141.8, 141.8, 141.2, 142.0, 142.0, 141.2, 142.0, 141.4, 142.0, 142.0, 141.4, 142.0, 142.0, 141.4, 142.0, 142.0, 142.0, 142.0, 142.0, 141.4, 142.0, 142.2, 142.0, 142.0, 141.2, 142.0, 142.0, 141.6, 141.8, 142.0, 141.6, 141.4, 142.0, 142.0, 141.4, 141.4, 141.6, 141.6, 141.2, 141.4, 141.4, 141.2, 142.6, 141.2, 141.6, 141.6, 141.4, 141.0, 141.4, 142.2, 141.2, 141.4, 141.6, 141.0, 140.8, 141.0, 141.0, 140.8, 140.8, 141.4, 141.4, 141.8, 141.6, 141.2, 141.4, 141.2, 141.4, 141.2, 141.4, 141.4, 141.2, 141.4, 141.8, 141.4, 140.8, 141.2, 141.0, 141.2, 140.6, 141.8, 141.6, 141.4, 141.0, 141.2, 142.0, 141.0, 142.0, 142.2, 141.4, 141.4, 141.6, 141.4, 141.6, 141.2, 141.2, 142.0, 141.2, 141.8, 141.6, 141.4, 142.0, 141.4, 141.4, 141.2, 141.2, 141.4, 141.2, 141.8, 141.2, 141.4, 141.2, 141.4, 141.4, 141.2, 141.6, 141.4, 140.8, 140.8, 142.0, 141.2, 141.2, 141.2, 141.8, 141.2, 140.8, 141.2, 141.4, 141.4, 141.4, 141.8, 140.6, 140.3, 141.4, 141.0, 140.6, 140.3, 140.3, 140.6, 141.8, 141.8]"
2,"[143.3, 142.0, 142.0, 141.0, 141.8, 140.3, 141.2, 141.4, 141.2, 141.2, 141.2, 140.8, 140.8, 142.0, 141.4, 141.2, 141.2, 140.6, 140.8, 140.6, 141.4, 140.6, 141.4, 140.8, 140.8, 140.8, 141.4, 141.4, 140.8, 140.8, 140.2, 141.2, 140.8, 140.8, 140.8, 140.8, 140.8, 140.8, 140.8, 140.8, 140.8, 141.6, 141.4, 141.6, 141.6, 140.8, 141.0, 141.0, 141.6, 141.4, 141.4, 141.6, 141.4, 141.4, 141.4, 141.4, 141.4, 141.6, 141.4, 140.8, 140.8, 141.6, 141.4, 141.4, 141.2, 141.4, 141.6, 141.6, 142.2, 141.6, 142.6, 142.0, 142.6, 142.0, 141.4, 141.4, 141.4, 141.4, 141.6, 141.6, 142.2, 142.8, 141.6, 141.6, 141.0, 141.6, 141.6, 141.4, 141.6, 141.4, 141.6, 142.2, 142.0, 142.2, 142.2, 142.2, 141.4, 141.6, 141.4, 142.0, 142.6, 142.2, 142.2, 141.6, 141.6, 142.8, 142.2, 141.0, 142.8, 141.6, 141.8, 142.6, 142.0, 142.0, 141.4, 141.6, 142.2, 142.2, 142.2, 142.0, 141.4, 142.8, 141.4, 142.6, 141.6, 141.2, 142.6, 143.3, 144.2, 142.8, 141.4, 141.0, 141.4, 141.2, 141.4, 140.6, 141.2, 141.4, 141.4, 141.6, 141.4, 141.6, 141.6, 141.4, 141.8, 141.4, 142.0, 142.2, 141.6, 142.0, 141.4, 141.4, 141.4, 140.8, 140.8, 140.8, 141.0, 141.0, 142.2, 142.2, 141.6, 141.8, 142.2, 141.6, 141.0, 141.0, 141.0, 141.0, 141.4, 141.0, 142.0, 142.0, 142.2, 141.4, 141.6, 142.2, 141.6, 141.4, 142.2, 141.4, 141.6, 142.2, 140.8, 141.6, 141.4, 141.4, 141.4, 141.2, 141.8, 140.2, 140.4, 140.4, 140.8, 141.6, 141.8, 141.8, 142.4, 140.8, 141.0, 140.2, 139.6, 139.6, 141.0, 140.4, 140.2, 140.4, 140.2, 141.0, 141.2, 141.0, 141.4, 141.8, 141.8, 141.2, 141.4, 141.2, 141.4, 141.2, 141.2, 142.0, 141.2, 141.2, 141.6, 141.2, 141.2, 141.4, 141.4, 141.2, 141.0, 141.0, 141.2, 141.8, 141.2, 142.0, 141.2, 141.4, 141.2, 141.6, 141.0, 141.2, 141.0, 141.4, 141.2, 141.4, 140.8, 141.4, 141.2, 142.0, 141.2, 141.2, 141.4, 141.4, 141.4, 141.2, 141.2, 141.2, 141.2, 141.2, 141.8, 139.9, 140.7, 141.4, 140.7, 141.6, 141.0, 141.0, 141.2, 141.2, 141.2, 141.0, 141.0, 141.0, 141.0, 141.0, 141.2, 141.8, 141.2, 141.8, 141.2, 141.8, 141.2, 141.8, 141.0, 141.6, 141.4, 140.7, 140.5, 139.4, 136.8, 135.9, 135.0, 135.9, 136.2, 136.8, 138.1, 139.0, 139.0, 139.0, 139.0, 139.4, 139.9, 138.8, 138.8, 139.0, 139.9, 139.0, 140.5, 139.2, 138.8, 139.0, 138.8, 138.1, 135.9, 136.8, 136.2, 136.8, 138.1, 139.0, 138.8, 138.1, 137.5, 137.7, 137.2, 136.2, 137.1, 136.8, 136.8, 137.2, 138.1, 137.7, 137.1, 136.8, 136.8, 136.2, 136.5, 135.9, 135.6, 135.9, 136.5, 136.2, 136.2, 136.2, 135.9, 136.2, 135.6, 136.2, 137.5, 136.2, 136.6, 136.2, 135.6, 135.3, 135.6, 134.4, 133.8, 132.5, 133.5, 133.5, 132.9, 133.5, 134.1, 134.4, 135.0, 135.0, 135.6, 134.7, 134.4, 135.0, 135.0, 135.3, 134.7, 135.9, 135.9, 136.2, 135.6, 136.2, 136.2, 135.9, 135.6, 136.5, 136.2, 135.6, 136.2, 136.8, 136.6, 138.1, 138.6, 137.5, 138.4, 138.1, 138.4, 138.1, 138.4, 138.1, 138.4, 139.0, 139.2, 140.7, 140.1, 140.1, 139.9, 140.1, 140.1, 141.0, 140.3, 140.1, 140.7, 141.0, 140.7, 140.3, 140.7, 141.6, 139.9, 141.0, 141.0, 141.0, 141.0, 141.2, 141.2, 141.6, 141.2, 141.8, 141.0, 141.0, 141.2, 141.8, 141.8, 141.0, 141.8, 141.6, 142.4, 141.2, 141.0, 142.4, 141.2, 141.8, 141.0, 141.2, 141.8, 142.4, 141.0, 141.0, 142.0, 142.0, 141.8, 142.0, 141.2, 141.4, 141.8, 141.8, 141.4, 142.0, 141.8, 141.2, 141.4, 141.4, 141.0, 141.0, 141.8, 141.8, 142.0, 141.8, 141.2, 141.4, 141.2, 141.4, 141.8, 141.2, 141.4, 140.8, 141.0, 141.0, 141.2, 142.0, 141.2, 141.4, 140.6, 141.2, 141.4, 141.2, 141.2, 141.4, 141.2, 141.4, 141.2, 141.8, 141.8, 141.8, 141.4, 141.2, 142.0, 141.4, 142.0, 141.6, 142.2, 142.0, 142.0, 142.0, 142.0, 141.6, 141.4, 141.4, 141.6, 141.4, 142.0, 142.0, 142.2, 142.6, 142.2, 142.6, 141.4, 140.8, 140.8, 142.2, 142.2, 141.6, 140.8, 142.0, 142.0, 141.6, 142.0, 141.4, 141.6, 141.4, 141.0, 141.4, 141.4, 141.4, 142.0, 142.0, 142.0, 141.4, 142.0, 142.0, 141.4, 141.4, 140.8, 141.8, 141.6, 142.0, 142.2, 141.6, 142.0, 141.8, 142.0, 142.2, 141.0, 142.2, 142.2, 141.0, 142.0, 142.2, 142.0, 141.6, 141.6, 141.6, 141.4, 142.0, 141.4, 142.2, 141.8, 141.4, 142.2, 141.6, 141.4, 141.8, 142.0, 141.4, 141.4, 141.2, 141.4, 141.4, 142.4, 141.8, 141.8, 141.6, 141.4, 141.2, 141.8, 141.2, 141.2, 141.4, 141.8, 142.0, 141.2, 141.2, 140.8, 141.2, 141.4, 141.2, 141.4, 141.2, 141.4, 141.2, 141.6, 141.2, 141.8, 141.6, 141.6, 141.2]"
2,"[144.4, 143.3, 143.3, 142.4, 142.4, 143.3, 143.1, 143.3, 142.6, 143.3, 143.5, 143.3, 142.8, 142.2, 143.5, 143.5, 143.9, 143.5, 143.3, 143.3, 142.6, 142.2, 143.3, 143.3, 143.5, 142.6, 143.0, 142.6, 143.3, 143.5, 142.6, 143.5, 143.1, 143.5, 143.5, 142.6, 142.0, 142.8, 143.5, 143.5, 142.8, 142.6, 143.5, 142.6, 141.4, 141.0, 141.4, 140.6, 141.4, 141.4, 142.0, 140.4, 140.8, 141.4, 141.0, 140.8, 141.4, 142.2, 140.8, 141.4, 140.8, 141.6, 141.4, 141.6, 141.2, 140.8, 140.8, 140.8, 140.2, 141.4, 141.4, 140.2, 140.2, 141.6, 141.4, 141.6, 141.6, 142.2, 141.6, 142.0, 141.4, 140.8, 142.2, 142.2, 142.8, 142.2, 141.6, 142.0, 142.0, 142.0, 142.8, 140.8, 141.6, 140.4, 141.4, 141.0, 141.0, 141.6, 141.4, 140.8, 140.8, 140.2, 140.2, 140.8, 141.0, 141.0, 140.2, 141.2, 141.4, 141.6, 141.0, 141.4, 140.2, 141.4, 140.4, 140.2, 139.6, 140.4, 140.2, 140.2, 141.6, 141.4, 142.0, 142.2, 142.0, 142.2, 141.4, 142.2, 144.0, 144.7, 142.4, 143.0, 143.3, 142.8, 142.8, 141.6, 142.0, 141.6, 142.0, 142.0, 142.2, 142.2, 142.6, 142.8, 143.5, 142.8, 142.2, 142.8, 142.2, 142.8, 142.2, 142.0, 142.2, 142.2, 142.2, 142.0, 141.6, 142.6, 142.2, 142.2, 142.6, 142.2, 142.2, 142.8, 142.8, 142.0, 142.8, 142.2, 142.2, 142.8, 142.0, 142.2, 142.2, 142.2, 142.8, 142.6, 142.2, 142.8, 142.2, 142.2, 142.2, 142.2, 142.0, 142.0, 142.8, 142.8, 142.8, 142.8, 142.0, 142.8, 142.8, 142.2, 141.4, 140.8, 140.2, 140.8, 142.2, 142.6, 141.8, 142.0, 142.0, 142.0, 142.2, 142.0, 141.8, 141.8, 142.4, 142.6, 141.8, 141.8, 141.6, 142.0, 142.0, 141.6, 141.6, 141.4, 142.2, 141.2, 141.8, 141.8, 141.8, 141.8, 141.8, 141.8, 142.0, 141.4, 142.0, 141.4, 142.0, 142.0, 142.0, 141.4, 142.0, 141.4, 141.4, 142.0, 141.8, 141.4, 142.0, 142.0, 141.4, 142.0, 141.8, 142.0, 141.4, 141.0, 141.2, 142.0, 142.4, 141.6, 141.2, 141.2, 141.4, 141.6, 141.8, 141.6, 141.4, 140.3, 140.5, 141.2, 140.7, 141.6, 141.8, 141.6, 141.2, 141.6, 141.8, 141.2, 141.8, 141.8, 142.2, 142.4, 142.4, 141.8, 141.6, 141.6, 141.6, 141.6, 141.6, 141.6, 142.2, 141.2, 141.8, 141.8, 141.8, 141.0, 141.6, 140.5, 140.3, 138.4, 138.8, 138.8, 140.5, 140.3, 140.1, 139.6, 139.0, 139.6, 140.3, 139.2, 139.0, 139.0, 140.1, 140.1, 140.5, 139.9, 140.5, 140.1, 140.1, 139.9, 139.0, 140.5, 140.3, 139.9, 139.6, 139.6, 140.3, 139.6, 139.0, 139.6, 139.6, 139.4, 140.3, 139.0, 139.9, 139.9, 139.9, 139.9, 140.1, 140.7, 140.1, 139.9, 140.1, 140.7, 140.7, 140.7, 140.7, 141.0, 141.0, 140.3, 141.2, 141.0, 141.0, 141.0, 141.2, 140.3, 141.4, 141.2, 141.6, 141.8, 141.2, 141.2, 141.2, 141.8, 141.4, 141.2, 141.8, 141.8, 141.2, 141.2, 141.8, 141.4, 142.0, 141.8, 141.4, 142.0, 141.2, 141.8, 142.0, 142.0, 142.6, 142.0, 142.0, 141.8, 142.6, 142.4, 142.4, 142.0, 142.6, 142.6, 142.6, 142.6, 142.4, 142.8, 142.6, 142.4, 142.6, 142.0, 142.8, 142.6, 142.6, 142.6, 142.8, 142.8, 142.8, 142.8, 142.2, 142.0, 142.2, 142.2, 141.8, 142.0, 142.0, 142.2, 142.0, 142.2, 142.6, 142.2, 142.8, 142.0, 142.6, 142.6, 142.0, 142.0, 142.8, 142.0, 142.4, 141.4, 142.0, 142.2, 142.4, 143.0, 143.0, 143.0, 142.8, 143.7, 142.4, 141.8, 141.8, 141.8, 141.8, 140.4, 140.4, 141.8, 141.0, 141.8, 141.8, 141.8, 141.6, 141.6, 142.2, 141.6, 142.4, 142.0, 142.8, 141.8, 141.8, 141.8, 141.8, 141.8, 141.2, 141.6, 142.2, 142.2, 142.2, 141.6, 141.6, 142.4, 141.6, 141.8, 142.2, 141.6, 141.6, 141.6, 141.6, 141.6, 141.2, 141.8, 141.6, 142.2, 142.2, 141.0, 141.4, 141.2, 141.2, 141.2, 141.2, 141.2, 141.2, 141.0, 140.4, 140.6, 141.0, 141.2, 140.6, 140.4, 140.6, 140.6, 141.0, 141.0, 141.6, 141.6, 142.6, 142.2, 142.6, 141.2, 141.4, 140.8, 140.2, 140.8, 140.2, 141.4, 140.8, 141.4, 140.4, 141.0, 140.2, 140.2, 140.2, 140.8, 140.2, 140.8, 140.2, 140.8, 140.8, 140.8, 140.2, 141.0, 141.4, 141.4, 141.0, 141.4, 141.6, 140.8, 141.4, 140.8, 140.8, 140.8, 140.8, 140.8, 140.2, 140.6, 140.8, 140.6, 140.2, 140.8, 140.8, 141.4, 140.8, 140.8, 142.0, 142.0, 141.4, 142.8, 142.0, 140.8, 141.4, 142.0, 141.4, 142.2, 141.2, 140.8, 140.8, 140.8, 141.4, 142.2, 142.2, 141.4, 141.4, 142.0, 141.6, 141.4, 141.4, 141.0, 141.4, 141.6, 141.6, 141.6, 142.0, 141.4, 140.8, 141.4, 141.4, 141.4, 140.8, 141.4, 141.0, 141.4, 141.2, 141.0, 140.8, 140.6, 140.8, 140.8, 140.6, 140.6, 140.2, 140.2, 140.8, 141.2, 141.4, 141.2, 140.6, 140.8, 140.6, 141.2, 139.9, 140.6, 140.6, 139.9]"
2,"[143.9, 143.3, 143.5, 143.1, 142.0, 142.0, 142.8, 142.8, 143.0, 142.2, 142.8, 142.4, 143.0, 143.0, 142.4, 142.2, 141.4, 141.4, 142.4, 142.8, 142.6, 143.0, 142.8, 142.8, 141.8, 142.2, 143.0, 143.0, 142.2, 142.2, 142.8, 142.2, 141.8, 142.0, 142.2, 142.0, 141.8, 142.6, 142.8, 142.4, 142.8, 142.2, 143.0, 142.8, 142.4, 143.0, 142.4, 142.2, 142.4, 142.8, 143.2, 142.4, 142.4, 142.8, 143.0, 143.0, 141.8, 141.8, 142.2, 142.4, 142.8, 142.0, 142.4, 142.2, 142.2, 142.0, 142.2, 142.2, 142.0, 142.2, 142.0, 142.2, 142.0, 140.8, 141.6, 142.0, 142.6, 142.2, 142.0, 141.4, 141.6, 142.6, 142.2, 142.2, 142.4, 142.2, 142.0, 142.0, 142.0, 142.2, 142.2, 142.2, 142.0, 141.6, 142.0, 142.2, 142.0, 142.2, 142.0, 142.0, 141.4, 141.6, 142.0, 142.2, 142.2, 142.2, 142.2, 142.0, 142.0, 142.2, 142.2, 141.6, 141.6, 141.4, 141.8, 142.2, 142.0, 142.2, 141.6, 141.6, 142.0, 142.0, 141.6, 142.0, 141.4, 141.8, 140.6, 139.6, 139.6, 141.0, 140.8, 140.8, 140.6, 141.6, 141.4, 141.4, 141.4, 141.4, 140.4, 140.4, 140.2, 140.2, 140.2, 140.4, 139.8, 140.2, 140.2, 140.2, 140.2, 140.2, 140.2, 140.2, 140.8, 140.8, 141.0, 141.4, 141.0, 141.4, 141.6, 141.6, 141.6, 142.0, 141.6, 141.6, 142.0, 141.4, 141.6, 141.4, 140.8, 141.4, 141.4, 141.6, 141.6, 141.0, 141.6, 141.6, 141.4, 141.6, 141.0, 141.4, 141.4, 141.4, 141.4, 140.8, 140.8, 140.8, 140.8, 140.2, 140.8, 140.4, 141.4, 141.4, 141.2, 141.6, 141.4, 141.4, 141.4, 141.2, 141.0, 140.4, 140.4, 141.0, 141.0, 141.0, 140.2, 141.0, 140.2, 140.2, 141.0, 140.4, 140.2, 140.4, 139.8, 140.2, 140.4, 140.2, 140.2, 140.2, 139.6, 140.4, 140.2, 140.2, 140.2, 140.2, 140.2, 140.2, 140.8, 140.2, 140.8, 141.0, 141.0, 140.8, 141.4, 141.4, 141.6, 141.4, 141.4, 142.0, 142.2, 142.0, 141.6, 141.0, 141.6, 141.0, 140.4, 141.0, 140.8, 141.2, 140.4, 140.6, 140.8, 141.2, 141.0, 141.0, 141.0, 141.0, 141.0, 140.8, 140.8, 140.6, 141.0, 141.0, 141.0, 140.8, 140.8, 141.0, 142.8, 141.6, 141.4, 142.0, 141.8, 141.8, 141.2, 141.6, 140.7, 138.4, 138.1, 137.8, 137.5, 137.5, 137.5, 138.4, 139.2, 140.1, 141.0, 141.0, 140.8, 140.8, 140.8, 141.4, 141.4, 141.4, 140.8, 140.8, 141.4, 140.8, 142.0, 141.4, 141.6, 141.4, 141.6, 141.4, 141.6, 141.0, 141.0, 141.4, 141.4, 141.4, 141.4, 141.0, 141.6, 141.6, 141.0, 141.0, 141.4, 141.6, 142.6, 141.4, 142.2, 142.0, 141.8, 141.4, 141.2, 141.2, 141.8, 141.2, 141.4, 142.0, 142.0, 142.6, 142.0, 142.2, 141.4, 142.6, 141.4, 142.4, 142.0, 142.2, 141.4, 141.4, 142.2, 141.6, 141.6, 142.0, 141.0, 141.6, 142.2, 142.0, 142.0, 142.0, 142.2, 140.8, 140.8, 141.0, 141.6, 141.6, 141.0, 141.0, 141.0, 141.2, 141.6, 142.2, 141.6, 141.6, 141.4, 141.6, 141.6, 141.6, 141.0, 141.6, 141.0, 141.6, 141.6, 141.6, 141.6, 140.4, 141.6, 141.8, 142.2, 141.6, 141.2, 140.6, 140.6, 141.4, 140.6, 140.6, 140.6, 141.0, 140.6, 140.6, 140.6, 140.6, 141.8, 140.8, 140.6, 140.4, 141.0, 141.0, 140.6, 140.6, 140.6, 141.2, 141.0, 140.6, 140.6, 140.4, 141.2, 141.0, 141.2, 140.6, 141.2, 141.2, 140.6, 141.0, 141.0, 140.2, 140.4, 140.4, 140.4, 140.4, 141.0, 141.0, 141.0, 141.2, 141.2, 141.2, 141.2, 141.2, 140.4, 140.4, 140.4, 141.0, 142.2, 141.0, 141.0, 140.4, 141.0, 141.0, 141.0, 141.0, 141.0, 140.8, 142.2, 140.8, 140.2, 140.8, 140.4, 140.4, 140.4, 140.4, 140.4, 141.4, 140.6, 141.6, 141.0, 141.0, 141.8, 141.2, 140.8, 140.4, 141.0, 140.8, 140.4, 140.4, 140.4, 140.4, 141.0, 140.8, 140.4, 141.0, 141.0, 140.8, 141.0, 141.6, 141.0, 141.6, 141.8, 141.8, 142.0, 141.4, 141.4, 141.4, 141.0, 141.4, 141.4, 140.8, 140.8, 141.0, 141.0, 141.0, 140.8, 140.8, 141.0, 141.4, 141.4, 140.8, 141.0, 140.8, 140.8, 141.4, 141.0, 142.0, 140.8, 141.6, 141.0, 142.0, 140.8, 140.8, 141.6, 141.0, 141.0, 141.0, 141.0, 141.6, 141.4, 141.4, 141.6, 141.4, 141.4, 141.4, 141.4, 141.4, 141.6, 141.4, 142.0, 141.6, 141.6, 141.0, 141.6, 141.6, 141.6, 141.6, 141.4, 141.4, 141.4, 141.0, 141.6, 141.6, 140.8, 141.6, 141.6, 141.0, 141.2, 140.4, 141.4, 141.4, 141.4, 141.0, 141.0, 141.0, 140.8, 141.4, 141.8, 141.6, 142.0, 141.6, 141.6, 142.0, 142.2, 142.2, 141.0, 142.2, 142.2, 142.2, 142.0, 142.2, 142.2, 142.0, 141.6, 142.2, 142.2, 141.6, 141.6, 141.0, 141.6, 140.8, 141.6, 142.2, 142.0, 141.4, 141.4, 141.6, 142.0, 142.2, 142.2, 142.0, 141.6, 141.6, 142.2, 141.6, 140.8, 141.6, 141.4, 141.6, 141.6, 141.4, 141.6, 142.0, 142.0, 142.2]"
2,"[141.0, 140.8, 140.8, 140.3, 140.2, 140.6, 141.0, 141.4, 140.1, 139.5, 139.1, 139.7, 138.6, 138.6, 138.9, 140.3, 139.7, 140.3, 139.7, 139.7, 140.3, 138.9, 140.1, 139.7, 140.1, 139.7, 139.7, 139.7, 139.9, 140.3, 140.6, 140.6, 141.2, 140.6, 140.1, 140.1, 139.5, 139.5, 139.5, 139.9, 139.2, 139.5, 139.7, 140.3, 140.1, 140.1, 139.7, 140.1, 139.7, 140.1, 139.7, 139.5, 140.1, 139.7, 140.3, 140.3, 140.1, 138.9, 139.7, 139.7, 139.7, 140.1, 140.1, 140.3, 139.1, 139.5, 140.3, 140.3, 140.3, 140.1, 140.1, 140.1, 140.3, 139.5, 140.3, 140.3, 140.3, 140.3, 140.3, 141.2, 140.1, 140.3, 140.6, 140.3, 140.3, 140.3, 141.0, 139.5, 140.3, 140.7, 140.3, 140.3, 141.0, 140.3, 141.0, 140.3, 140.3, 141.0, 140.1, 140.3, 140.3, 140.1, 140.3, 140.7, 140.3, 139.5, 140.1, 140.1, 140.1, 140.3, 140.7, 141.0, 141.0, 141.0, 141.2, 141.2, 141.2, 141.2, 141.2, 141.0, 140.6, 141.2, 141.4, 141.2, 141.2, 141.0, 140.3, 140.3, 140.1, 139.5, 139.0, 139.5, 139.0, 140.1, 140.1, 140.1, 141.0, 140.3, 140.6, 140.3, 140.7, 140.3, 140.1, 141.2, 141.0, 140.3, 141.2, 140.3, 140.3, 140.3, 140.3, 140.3, 140.3, 140.3, 140.7, 140.6, 141.0, 141.0, 140.6, 140.3, 140.3, 141.2, 140.6, 141.0, 141.0, 141.0, 140.1, 140.7, 140.3, 140.3, 140.3, 140.1, 139.7, 140.1, 140.3, 140.3, 139.7, 140.7, 140.1, 139.2, 137.6, 136.7, 136.0, 136.9, 136.9, 138.4, 139.5, 139.5, 139.5, 139.5, 139.7, 140.1, 139.5, 140.3, 140.3, 138.9, 140.1, 139.5, 139.7, 139.7, 139.5, 139.7, 139.5, 139.5, 139.5, 140.3, 139.7, 139.7, 139.9, 140.3, 139.7, 139.7, 140.3, 141.0, 141.0, 140.6, 140.3, 140.6, 141.2, 140.6, 140.6, 140.3, 140.3, 140.8, 140.6, 140.3, 140.3, 140.3, 139.7, 139.2, 137.7, 138.4, 138.4, 138.4, 138.4, 138.4, 138.6, 139.2, 139.2, 138.9, 139.5, 139.2, 139.5, 139.5, 139.5, 140.1, 139.2, 138.6, 139.5, 138.9, 139.2, 138.9, 139.2, 138.9, 138.6, 138.6, 138.6, 139.0, 137.7, 137.2, 137.2, 137.2, 137.2, 137.2, 137.5, 138.1, 138.6, 138.6, 137.7, 138.4, 139.2, 138.0, 138.0, 139.2, 139.2, 138.4, 138.6, 139.2, 139.0, 138.6, 139.2, 138.6, 138.6, 138.4, 138.4, 138.4, 138.6, 138.4, 138.6, 138.6, 138.4, 138.9, 138.6, 138.6, 138.4, 138.6, 137.7, 138.1, 139.0, 138.4, 138.4, 137.7, 136.8, 136.9, 136.6, 137.2, 136.9, 137.2, 137.2, 136.6, 137.2, 136.6, 137.2, 137.2, 137.2, 137.5, 137.5, 137.5, 137.5, 136.9, 137.8, 138.1, 138.4, 137.7, 138.4, 137.5, 137.5, 137.5, 137.5, 137.5, 137.5, 137.7, 137.5, 137.5, 137.2, 137.7, 138.4, 137.1, 137.7, 138.4, 138.4, 139.2, 138.4, 138.6, 138.6, 138.4, 138.6, 138.9, 140.1, 139.2, 139.9, 139.5, 139.2, 139.2, 139.5, 138.6, 138.6, 138.6, 138.0, 138.6, 138.6, 139.0, 139.2, 139.2, 138.9, 139.2, 138.4, 138.4, 139.0, 139.2, 139.2, 138.4, 138.9, 138.6, 139.2, 138.6, 138.6, 139.7, 139.5, 139.5, 139.7, 139.7, 139.5, 140.1, 140.1, 139.7, 140.1, 139.7, 139.7, 140.1, 139.7, 140.1, 140.1, 139.5, 139.5, 139.7, 139.7, 139.5, 140.1, 139.7, 139.7, 139.7, 141.0, 141.2, 139.7, 141.2, 140.6, 141.2, 141.2, 141.8, 141.2, 141.2, 141.2, 141.8, 141.2, 141.2, 141.2, 141.8, 141.2, 141.2, 141.8, 141.2, 142.0, 142.0, 142.0, 142.0, 142.0, 142.0, 141.8, 141.8, 142.0, 142.6, 142.0, 142.0, 142.0, 142.0, 142.0, 141.4, 141.6, 142.0, 141.4, 141.6, 142.0, 141.4, 141.4, 141.4, 141.4, 142.2, 141.6, 141.4, 141.4, 141.6, 142.0, 141.6, 141.6, 142.0, 141.4, 141.4, 141.0, 141.0, 141.4, 141.4, 141.4, 141.4, 142.0, 142.0, 142.0, 142.6, 141.6, 142.2, 140.8, 141.8, 140.2, 140.8, 141.4, 141.4, 141.4, 140.2, 140.8, 141.2, 140.8, 141.2, 140.6, 140.8, 140.8, 140.2, 140.6, 141.4, 141.4, 140.8, 141.2, 140.8, 139.9, 140.8, 140.2, 141.0, 141.0, 141.0, 141.4, 140.8, 140.8, 140.2, 141.6, 140.2, 141.0, 140.8, 140.8, 140.4, 140.2, 140.4, 141.4, 141.6, 140.2, 140.4, 140.2, 139.8, 139.8, 139.8, 140.2, 139.6, 139.6, 140.4, 140.2, 140.2, 140.2, 140.2, 140.2, 140.2, 140.2, 140.2, 140.2, 141.0, 141.0, 140.8, 140.4, 140.4, 140.2, 140.4, 140.4, 142.2, 141.0, 140.2, 140.8, 140.2, 141.6, 140.4, 140.4, 139.6, 141.4, 140.4, 140.4, 141.0, 141.0, 141.6, 141.0, 140.2, 140.2, 140.8, 141.0, 140.8, 142.2, 141.0, 140.8, 141.0, 141.6, 140.8, 141.0, 142.0, 141.0, 142.0, 141.6, 141.4, 141.4, 142.8, 142.8, 141.6, 142.8, 142.8, 141.6, 141.4, 141.4, 140.8, 142.2, 141.0, 141.0, 142.2, 141.0, 141.0, 141.0, 140.8, 141.0, 140.8, 140.4, 140.2, 140.8, 141.6, 140.8, 141.6, 141.0, 141.6]"
2,"[142.4, 142.4, 141.6, 140.6, 141.0, 140.6, 140.4, 140.4, 140.6, 139.8, 139.6, 139.6, 140.4, 139.2, 139.0, 139.6, 140.2, 140.8, 139.8, 140.2, 140.4, 141.4, 140.4, 140.6, 140.4, 140.8, 141.0, 140.4, 140.4, 140.8, 140.2, 140.2, 140.2, 140.8, 140.4, 140.2, 140.2, 140.2, 140.2, 140.2, 140.8, 140.2, 140.2, 140.2, 139.6, 139.8, 139.6, 139.6, 139.6, 139.8, 139.6, 139.6, 139.0, 139.2, 139.6, 140.2, 139.6, 140.2, 139.2, 140.2, 140.8, 140.2, 141.0, 140.8, 139.6, 139.6, 139.0, 139.8, 139.8, 139.2, 139.0, 139.0, 139.8, 139.2, 139.2, 139.6, 139.0, 139.2, 139.0, 139.2, 139.0, 139.2, 139.0, 138.6, 139.2, 138.7, 139.0, 139.0, 139.0, 139.2, 139.0, 139.4, 139.6, 139.0, 139.6, 139.8, 139.6, 140.2, 140.8, 140.2, 140.8, 140.4, 140.8, 139.6, 140.2, 139.0, 139.0, 138.4, 139.6, 139.6, 139.8, 139.8, 139.8, 139.6, 139.8, 139.6, 139.0, 139.0, 139.8, 139.8, 139.6, 139.0, 140.2, 139.3, 138.7, 139.6, 139.9, 139.9, 140.6, 140.6, 141.0, 140.3, 139.7, 140.3, 139.7, 140.3, 140.3, 140.3, 140.3, 140.1, 140.6, 140.3, 141.0, 140.3, 141.0, 140.6, 140.6, 140.8, 140.8, 140.6, 140.8, 140.8, 141.4, 141.4, 141.4, 141.4, 141.6, 141.4, 140.8, 140.8, 141.0, 141.6, 141.6, 140.8, 140.8, 141.6, 141.0, 141.0, 140.8, 141.0, 140.4, 141.0, 140.2, 140.8, 140.4, 140.8, 140.8, 141.0, 140.8, 140.8, 140.8, 140.8, 141.4, 141.4, 140.8, 141.4, 141.4, 141.4, 140.8, 141.4, 140.8, 141.6, 141.4, 141.6, 141.6, 141.4, 141.4, 141.6, 141.6, 141.0, 140.8, 140.4, 141.4, 141.0, 141.4, 141.6, 141.6, 139.8, 140.4, 140.8, 141.4, 140.4, 141.6, 140.2, 140.8, 141.0, 140.8, 140.8, 140.8, 141.4, 141.6, 141.4, 141.4, 140.8, 140.8, 141.6, 141.4, 141.4, 141.4, 141.0, 141.0, 140.8, 141.0, 141.0, 141.0, 140.8, 141.6, 141.0, 141.4, 141.6, 141.0, 141.4, 141.6, 140.2, 141.6, 141.4, 140.8, 140.8, 140.8, 140.8, 140.4, 140.8, 140.2, 140.2, 140.8, 140.2, 141.0, 140.4, 140.8, 141.4, 141.4, 141.0, 140.4, 140.8, 142.0, 141.2, 141.4, 142.2, 142.2, 141.6, 141.6, 141.4, 141.4, 141.4, 141.4, 140.6, 141.4, 140.8, 140.8, 141.4, 141.0, 140.8, 140.8, 141.6, 140.8, 141.0, 141.6, 141.0, 140.8, 141.6, 141.0, 140.8, 141.6, 140.8, 140.8, 140.8, 140.8, 140.6, 140.2, 140.6, 140.2, 141.0, 140.8, 140.8, 140.8, 141.0, 141.4, 141.4, 141.4, 140.8, 141.4, 142.0, 142.0, 142.0, 141.4, 141.4, 141.4, 140.8, 141.4, 141.4, 141.4, 141.6, 141.4, 141.6, 142.0, 141.4, 141.4, 141.6, 141.4, 141.6, 141.4, 140.8, 141.4, 141.6, 141.4, 141.6, 141.0, 141.4, 140.8, 141.4, 140.8, 141.2, 140.6, 140.8, 140.6, 140.6, 141.2, 141.4, 141.4, 141.4, 140.8, 141.4, 141.0, 141.6, 141.4, 141.6, 142.2, 140.8, 141.6, 141.0, 140.4, 140.2, 140.2, 139.6, 140.2, 140.2, 139.6, 140.8, 140.8, 140.8, 140.8, 140.8, 141.4, 140.8, 140.8, 140.8, 140.8, 140.8, 141.0, 141.4, 142.0, 142.6, 142.2, 141.4, 141.6, 141.6, 141.6, 141.4, 141.6, 142.2, 142.0, 141.4, 141.0, 141.6, 142.2, 142.2, 141.4, 141.0, 141.4, 141.2, 140.2, 139.3, 139.6, 139.6, 139.1, 139.3, 139.6, 139.6, 139.6, 139.8, 139.3, 139.6, 140.2, 139.6, 139.6, 139.8, 139.3, 139.6, 139.9, 139.9, 139.3, 139.6, 139.0, 139.6, 139.3, 139.3, 139.3, 139.6, 139.6, 139.6, 139.9, 139.9, 139.3, 139.9, 139.6, 140.2, 139.3, 140.2, 139.9, 139.2, 139.0, 139.9, 139.6, 139.0, 139.6, 140.2, 140.2, 139.6, 139.8, 139.3, 139.0, 139.6, 140.4, 140.2, 140.2, 140.2, 140.8, 139.9, 140.2, 140.8, 140.8, 140.8, 140.8, 140.8, 140.8, 140.8, 140.8, 141.2, 141.2, 140.8, 141.4, 140.8, 141.4, 141.4, 140.8, 141.2, 141.4, 141.8, 142.0, 141.4, 141.2, 141.2, 141.2, 141.4, 141.4, 141.2, 141.2, 141.0, 140.8, 141.2, 141.2, 141.2, 141.2, 140.6, 139.9, 139.9, 140.6, 140.2, 139.9, 139.3, 140.2, 140.2, 141.2, 140.6, 140.6, 140.6, 141.2, 140.8, 140.6, 141.4, 140.6, 141.4, 141.8, 140.6, 141.4, 140.8, 141.2, 141.4, 140.8, 141.4, 141.2, 142.0, 141.2, 140.8, 141.8, 140.8, 140.6, 140.8, 139.9, 140.8, 140.2, 140.2, 140.2, 140.2, 139.6, 139.9, 140.6, 141.4, 141.2, 141.2, 141.2, 141.2, 141.2, 141.2, 140.6, 139.9, 140.6, 140.2, 139.6, 140.2, 140.2, 140.8, 140.8, 139.9, 141.4, 141.2, 141.2, 140.8, 140.6, 140.8, 139.9, 139.6, 140.6, 139.9, 140.2, 140.8, 139.9, 140.6, 139.9, 139.9, 139.9, 140.6, 139.6, 139.9, 140.2, 139.3, 140.2, 140.2, 139.6, 140.2, 139.9, 139.6, 140.6, 140.6, 139.9, 139.9, 139.9, 139.3, 139.3, 139.9, 140.8, 140.6, 140.2, 139.9, 140.2, 140.6, 139.9, 140.2, 139.9, 139.9]"
2,"[142.0, 141.8, 141.6, 141.0, 139.3, 139.6, 140.4, 139.8, 140.6, 140.6, 140.6, 140.0, 140.6, 140.0, 140.4, 140.6, 140.0, 140.0, 139.8, 140.0, 140.4, 140.4, 140.4, 140.0, 140.0, 140.4, 139.8, 140.2, 140.4, 139.8, 140.2, 139.8, 140.6, 139.8, 140.6, 140.4, 140.2, 139.8, 139.8, 139.6, 140.6, 140.0, 140.6, 140.4, 139.8, 139.8, 140.2, 140.6, 140.4, 139.8, 139.8, 139.8, 140.0, 140.4, 140.4, 139.8, 140.4, 140.4, 140.6, 140.6, 139.8, 140.6, 140.6, 140.6, 140.4, 139.8, 140.0, 141.0, 140.6, 141.0, 141.0, 140.2, 141.0, 141.2, 141.0, 140.4, 141.0, 140.8, 140.8, 140.4, 140.4, 140.4, 141.0, 141.0, 140.4, 141.0, 140.4, 140.4, 140.4, 140.4, 140.2, 140.6, 140.2, 139.6, 140.6, 140.6, 140.6, 139.8, 140.6, 139.8, 140.6, 141.0, 141.6, 141.0, 141.0, 141.0, 141.8, 140.4, 140.4, 141.0, 141.0, 140.2, 141.0, 141.2, 140.4, 141.0, 141.8, 141.0, 141.6, 141.6, 141.0, 141.0, 140.4, 141.0, 140.4, 140.6, 139.6, 140.2, 140.0, 140.8, 139.6, 140.6, 140.3, 139.7, 139.7, 140.6, 141.0, 140.6, 140.6, 139.9, 140.6, 139.9, 140.6, 141.2, 141.4, 140.8, 140.8, 141.4, 140.8, 141.4, 140.8, 140.8, 141.4, 140.4, 139.8, 140.8, 140.8, 140.8, 140.2, 139.6, 139.8, 139.8, 139.6, 140.4, 139.8, 140.2, 139.8, 139.8, 139.8, 140.4, 140.4, 139.6, 140.2, 140.4, 139.6, 140.2, 139.9, 140.4, 141.6, 142.0, 141.4, 141.4, 142.0, 140.4, 141.4, 139.9, 139.8, 139.8, 140.4, 140.2, 141.0, 140.2, 140.2, 140.4, 139.8, 139.8, 139.8, 139.6, 139.6, 139.8, 139.2, 139.8, 139.8, 139.8, 140.4, 139.8, 139.8, 139.8, 139.8, 139.8, 139.6, 140.2, 140.2, 140.4, 139.8, 140.8, 139.8, 141.0, 140.2, 140.4, 140.0, 140.4, 140.4, 140.2, 140.4, 140.8, 141.0, 140.8, 140.8, 141.2, 140.4, 140.2, 139.6, 140.8, 140.2, 140.2, 140.4, 141.0, 141.0, 140.8, 141.0, 141.0, 141.0, 140.8, 142.0, 141.0, 141.0, 141.0, 142.6, 142.6, 142.6, 142.8, 142.6, 141.4, 141.4, 143.3, 141.4, 141.4, 142.0, 140.2, 140.8, 141.0, 139.8, 139.8, 140.8, 141.2, 141.2, 140.3, 140.3, 140.3, 141.0, 141.0, 141.2, 141.2, 141.2, 141.2, 141.2, 140.6, 141.0, 141.2, 141.2, 141.2, 141.2, 141.8, 141.0, 141.8, 141.8, 141.8, 141.8, 141.8, 142.0, 142.0, 142.6, 142.8, 142.6, 142.8, 142.8, 142.2, 142.8, 141.8, 142.2, 141.6, 142.2, 141.8, 142.8, 142.6, 142.2, 142.0, 142.2, 142.8, 141.0, 140.8, 141.0, 141.6, 141.6, 142.2, 142.8, 142.2, 142.8, 141.2, 140.3, 139.6, 138.1, 138.1, 137.8, 138.8, 138.5, 137.8, 138.1, 137.8, 137.2, 137.5, 136.8, 137.5, 137.7, 137.1, 135.6, 135.6, 135.9, 136.2, 136.6, 136.6, 138.1, 137.5, 137.5, 137.5, 137.5, 137.5, 137.7, 137.7, 137.7, 137.5, 137.5, 137.5, 136.8, 136.8, 136.2, 136.5, 136.8, 137.5, 136.8, 136.6, 137.1, 136.6, 135.9, 136.2, 136.2, 137.5, 138.1, 138.6, 138.4, 138.1, 138.8, 139.0, 139.0, 138.4, 138.4, 138.1, 138.5, 138.8, 138.1, 138.8, 138.4, 138.1, 138.1, 138.1, 138.8, 138.8, 138.4, 139.0, 139.0, 138.1, 138.1, 138.4, 139.0, 138.5, 139.2, 138.8, 138.1, 137.8, 138.1, 138.8, 138.5, 138.5, 138.5, 138.8, 138.8, 138.8, 139.9, 139.0, 138.8, 138.1, 138.6, 138.8, 139.6, 139.0, 139.0, 139.2, 139.4, 139.6, 139.0, 139.0, 138.8, 139.0, 138.8, 138.4, 138.1, 138.5, 138.8, 139.6, 139.6, 139.0, 139.4, 138.5, 138.5, 138.1, 138.4, 138.4, 138.4, 138.1, 139.0, 138.1, 138.8, 138.8, 138.8, 138.8, 138.5, 138.8, 137.8, 138.5, 138.5, 138.8, 138.8, 138.8, 138.5, 138.8, 138.5, 138.1, 138.8, 138.5, 138.5, 137.8, 138.8, 137.8, 138.8, 137.2, 137.2, 138.1, 137.8, 136.9, 138.1, 137.8, 138.8, 138.8, 137.6, 138.5, 138.1, 137.8, 138.1, 137.8, 138.1, 138.1, 138.2, 137.6, 138.5, 139.4, 138.8, 138.1, 139.4, 138.8, 138.5, 138.5, 138.5, 138.5, 138.8, 137.8, 139.2, 139.4, 138.5, 139.4, 139.2, 139.4, 138.1, 138.4, 138.1, 138.8, 139.0, 139.0, 139.9, 139.9, 139.0, 139.9, 139.0, 139.2, 139.9, 138.8, 138.8, 136.9, 137.2, 137.8, 137.2, 137.2, 138.1, 137.2, 138.1, 138.1, 138.1, 138.5, 138.8, 138.8, 140.3, 139.6, 139.6, 140.1, 140.3, 140.3, 140.3, 139.7, 140.6, 140.3, 140.3, 140.6, 140.3, 141.0, 141.2, 141.2, 141.2, 141.2, 140.6, 141.2, 141.2, 141.2, 140.6, 141.2, 140.6, 140.8, 140.8, 141.0, 140.6, 142.0, 140.8, 141.2, 141.2, 140.8, 140.8, 141.4, 142.0, 142.0, 140.8, 140.6, 141.2, 140.6, 140.6, 140.8, 141.4, 141.4, 141.2, 141.2, 142.0, 141.4, 141.4, 141.4, 141.6, 141.6, 141.4, 141.4, 141.4, 141.4, 141.4, 141.6, 142.4, 141.6, 141.6, 141.6, 142.2, 141.6, 141.6, 141.6, 141.8, 142.0]"
2,"[141.6, 141.4, 141.8, 141.6, 141.0, 141.4, 141.4, 141.0, 141.4, 141.4, 141.4, 141.4, 141.4, 141.6, 141.4, 141.4, 141.4, 142.0, 142.0, 140.8, 140.6, 140.8, 139.9, 139.9, 139.9, 140.6, 141.4, 140.6, 139.6, 141.4, 139.9, 140.6, 140.6, 140.8, 140.6, 140.6, 140.8, 140.2, 141.0, 141.4, 141.6, 142.0, 141.0, 142.2, 142.8, 141.0, 142.2, 142.2, 141.4, 141.4, 141.4, 141.4, 141.4, 142.0, 142.2, 142.0, 142.2, 141.0, 142.0, 141.4, 141.2, 141.0, 142.0, 141.4, 142.0, 142.0, 142.0, 142.0, 141.6, 141.6, 141.0, 140.6, 141.4, 141.6, 141.4, 141.4, 142.2, 141.6, 141.4, 141.6, 142.0, 141.6, 142.2, 142.2, 141.4, 141.4, 142.0, 141.4, 141.4, 141.2, 141.4, 141.4, 142.0, 141.4, 141.4, 141.4, 141.4, 141.4, 141.4, 141.6, 141.6, 141.6, 141.6, 141.6, 141.4, 141.4, 141.4, 141.2, 141.4, 141.4, 140.8, 141.4, 141.4, 141.4, 141.6, 141.6, 141.4, 141.6, 142.2, 142.0, 141.6, 142.2, 141.6, 142.2, 141.4, 141.4, 142.4, 142.0, 141.0, 140.6, 139.5, 140.3, 140.7, 141.2, 142.0, 141.4, 142.0, 141.8, 141.8, 141.8, 141.8, 142.0, 141.4, 141.2, 141.2, 141.0, 140.3, 140.1, 141.0, 141.2, 140.6, 141.2, 141.0, 140.7, 140.1, 139.2, 139.0, 138.4, 137.7, 137.1, 137.5, 137.1, 135.9, 136.2, 136.8, 135.6, 136.2, 137.1, 136.8, 136.8, 135.7, 136.2, 135.7, 135.0, 134.4, 135.0, 134.4, 134.4, 134.1, 133.5, 133.5, 132.9, 132.9, 133.5, 133.2, 134.4, 135.0, 135.6, 136.5, 135.9, 135.7, 135.9, 135.9, 136.5, 136.8, 135.9, 135.6, 135.9, 134.4, 133.8, 133.5, 131.6, 132.2, 131.6, 132.8, 132.5, 132.2, 131.9, 131.6, 131.3, 131.6, 130.6, 132.2, 131.3, 131.0, 131.0, 130.9, 131.3, 131.3, 131.6, 131.3, 130.7, 131.3, 130.9, 131.3, 131.3, 130.9, 131.0, 130.0, 130.6, 131.0, 131.0, 130.6, 131.0, 130.6, 130.2, 130.4, 129.7, 130.6, 130.0, 129.3, 129.3, 129.9, 129.9, 128.7, 129.0, 129.3, 128.3, 129.0, 127.7, 128.7, 127.3, 128.3, 127.7, 129.0, 128.6, 127.7, 128.0, 129.0, 128.0, 127.7, 128.6, 127.3, 128.0, 128.3, 128.3, 127.7, 128.3, 127.7, 128.0, 128.3, 127.7, 127.3, 127.3, 128.3, 128.0, 127.7, 128.0, 127.3, 128.0, 128.0, 128.0, 127.3, 127.3, 128.0, 128.0, 127.3, 128.0, 126.7, 128.0, 127.7, 127.6, 128.0, 127.0, 128.0, 127.0, 127.6, 126.3, 127.0, 127.0, 127.0, 126.7, 128.0, 127.0, 126.6, 126.6, 127.3, 126.6, 127.0, 126.6, 125.8, 126.6, 125.9, 127.0, 125.9, 125.9, 125.5, 126.6, 126.1, 125.5, 125.5, 125.9, 126.3, 124.9, 125.9, 125.9, 124.5, 125.1, 125.9, 125.3, 125.5, 124.9, 125.5, 124.9, 125.5, 125.1, 125.5, 125.5, 124.3, 124.9, 124.8, 124.9, 125.9, 126.1, 125.3, 125.5, 124.9, 125.3, 125.5, 125.8, 125.5, 124.8, 125.1, 125.1, 125.1, 125.5, 125.5, 125.3, 124.5, 126.1, 125.9, 124.9, 125.5, 125.5, 124.9, 125.9, 126.1, 125.5, 125.9, 126.1, 125.7, 124.9, 125.1, 124.9, 124.5, 125.9, 124.9, 124.9, 125.5, 125.5, 125.1, 125.1, 125.5, 124.9, 124.9, 124.9, 124.5, 124.3, 125.5, 125.5, 126.3, 125.9, 127.0, 127.0, 127.0, 126.6, 125.3, 125.9, 126.3, 125.9, 125.3, 125.5, 125.3, 125.9, 125.3, 125.5, 125.5, 125.9, 125.9, 125.8, 125.9, 126.1, 125.9, 125.5, 125.3, 125.5, 125.3, 125.3, 124.3, 125.1, 125.7, 124.8, 125.3, 125.9, 125.3, 125.5, 125.9, 125.3, 125.9, 125.9, 125.9, 127.0, 127.0, 125.8, 126.6, 127.6, 127.3, 127.3, 125.9, 127.0, 127.0, 126.3, 126.3, 127.0, 126.3, 127.0, 127.0, 127.3, 127.0, 126.3, 127.0, 126.3, 125.8, 125.9, 126.6, 125.9, 127.3, 125.9, 126.7, 125.9, 126.6, 125.9, 126.6, 125.9, 125.9, 126.6, 125.9, 125.9, 126.3, 126.3, 125.9, 125.3, 126.7, 126.6, 126.7, 127.0, 125.3, 126.3, 125.9, 125.9, 126.3, 125.9, 125.3, 126.3, 126.6, 126.3, 125.9, 127.0, 126.3, 125.9, 126.3, 126.7, 126.3, 126.6, 126.6, 126.3, 125.9, 126.3, 125.9, 125.5, 124.3, 125.8, 125.5, 124.9, 125.5, 124.9, 124.9, 125.9, 126.6, 125.9, 127.3, 127.3, 127.0, 127.0, 125.9, 125.9, 126.3, 126.6, 126.6, 125.9, 125.9, 125.9, 125.9, 124.8, 124.9, 124.5, 125.9, 125.3, 124.5, 125.1, 125.3, 125.3, 125.1, 124.9, 124.5, 124.5, 125.5, 125.5, 125.2, 125.3, 125.9, 125.9, 125.9, 125.3, 124.8, 125.5, 124.3, 124.3, 125.3, 125.5, 124.9, 124.9, 125.5, 125.3, 124.9, 126.6, 125.8, 125.3, 126.6, 126.7, 126.3, 125.9, 127.2, 126.6, 127.1, 128.0, 127.3, 127.7, 128.3, 127.3, 128.0, 128.6, 129.7, 129.3, 129.7, 130.6, 131.0, 130.4, 131.1, 131.0, 130.6, 131.3, 131.3, 131.3, 132.2, 131.6, 132.6, 131.3, 131.6, 132.6, 132.6, 132.6, 133.2, 132.6, 133.5, 133.2, 133.8, 133.2, 134.1, 134.4]"
2,"[142.6, 142.2, 141.0, 140.8, 139.0, 139.6, 140.4, 140.4, 140.4, 141.0, 141.0, 140.2, 140.4, 141.0, 140.6, 140.4, 140.4, 141.8, 141.0, 141.0, 140.4, 140.4, 140.4, 140.4, 141.2, 141.0, 141.0, 141.0, 140.4, 141.6, 141.0, 141.2, 141.0, 140.6, 140.4, 141.0, 140.4, 140.4, 140.4, 140.6, 141.2, 140.4, 140.4, 141.0, 140.4, 140.4, 141.6, 141.0, 141.0, 140.6, 140.4, 140.4, 140.4, 140.4, 141.0, 140.4, 141.0, 141.8, 141.0, 140.4, 140.6, 141.0, 141.6, 141.2, 141.6, 140.4, 141.2, 141.2, 141.2, 141.0, 141.6, 141.6, 142.4, 141.8, 141.6, 143.0, 141.6, 141.6, 141.2, 141.0, 141.0, 141.0, 141.6, 142.4, 141.6, 141.6, 141.6, 141.6, 141.0, 141.0, 140.4, 141.6, 141.6, 140.4, 141.0, 141.6, 141.2, 141.0, 141.0, 141.8, 141.8, 141.8, 141.2, 141.6, 141.6, 141.4, 141.2, 141.0, 141.0, 141.0, 141.0, 141.0, 141.2, 141.0, 141.0, 141.0, 141.0, 141.6, 141.0, 141.6, 141.2, 141.0, 141.0, 141.0, 141.0, 141.2, 141.6, 141.6, 141.8, 140.4, 140.8, 141.0, 141.6, 141.0, 141.6, 141.6, 141.2, 141.2, 141.2, 141.2, 141.0, 141.0, 141.0, 141.6, 141.0, 141.6, 141.6, 140.2, 141.6, 141.6, 140.6, 141.6, 140.6, 141.6, 140.6, 141.2, 141.2, 140.6, 141.2, 141.0, 140.4, 141.0, 141.2, 141.0, 140.4, 141.0, 141.0, 140.6, 141.2, 141.2, 141.0, 141.2, 141.4, 141.4, 141.0, 140.4, 141.4, 140.6, 139.2, 139.0, 139.6, 138.8, 139.6, 139.9, 140.7, 141.0, 140.3, 141.0, 140.1, 140.3, 141.0, 139.7, 140.1, 141.0, 140.5, 137.7, 136.8, 136.2, 136.6, 138.4, 138.5, 138.4, 139.0, 138.1, 138.4, 137.7, 137.5, 138.1, 138.6, 137.1, 135.6, 134.1, 133.5, 133.2, 133.8, 135.3, 135.3, 135.9, 135.7, 135.3, 135.9, 135.0, 134.7, 134.4, 134.7, 133.8, 134.7, 133.2, 134.1, 134.1, 134.7, 133.8, 133.2, 133.8, 133.5, 132.9, 133.5, 132.2, 133.2, 132.5, 132.9, 133.2, 134.1, 134.1, 133.5, 132.9, 132.9, 131.9, 132.2, 131.3, 131.3, 131.9, 131.0, 131.9, 133.2, 132.9, 132.2, 132.9, 131.9, 132.3, 132.6, 132.6, 133.2, 131.6, 131.9, 131.3, 131.9, 131.3, 131.6, 131.9, 132.2, 131.6, 132.3, 132.6, 132.9, 132.3, 131.9, 131.9, 131.6, 131.6, 131.6, 129.3, 128.7, 128.1, 129.0, 131.3, 131.6, 131.9, 131.9, 131.3, 131.9, 131.5, 129.7, 131.3, 130.4, 130.3, 130.3, 129.0, 129.7, 131.0, 131.5, 131.9, 131.9, 131.9, 131.3, 129.3, 128.7, 127.3, 127.7, 127.7, 128.7, 129.1, 129.1, 128.7, 129.3, 128.7, 129.7, 128.7, 129.0, 127.7, 127.7, 127.1, 128.3, 127.6, 128.3, 128.0, 128.0, 128.0, 128.1, 128.7, 129.3, 128.3, 128.1, 128.1, 128.7, 128.3, 128.3, 128.3, 128.7, 128.7, 128.1, 129.1, 128.1, 128.3, 128.0, 128.0, 128.7, 128.6, 128.3, 128.3, 128.3, 127.7, 129.3, 128.7, 129.0, 127.7, 127.1, 128.7, 129.3, 128.0, 128.1, 128.6, 128.3, 128.3, 128.0, 128.3, 129.0, 128.7, 129.1, 128.3, 128.3, 129.0, 128.3, 129.0, 128.3, 129.0, 129.0, 128.3, 127.3, 127.7, 128.7, 128.0, 128.7, 128.7, 128.3, 129.7, 127.7, 127.7, 128.1, 128.0, 128.1, 128.3, 127.7, 129.0, 128.3, 129.3, 128.1, 128.7, 128.3, 128.7, 129.0, 128.7, 128.3, 128.7, 128.7, 128.3, 128.3, 129.1, 129.9, 131.2, 131.5, 131.5, 131.2, 130.3, 130.3, 129.9, 129.0, 129.9, 130.2, 129.0, 130.5, 131.2, 131.2, 130.5, 130.8, 131.2, 130.5, 129.9, 129.9, 129.3, 129.6, 129.6, 129.3, 129.9, 130.6, 129.9, 128.6, 129.6, 129.3, 129.9, 129.6, 129.9, 129.7, 129.3, 129.0, 130.3, 129.9, 129.9, 130.3, 129.9, 130.3, 130.3, 130.3, 130.5, 130.3, 130.3, 130.6, 129.9, 129.8, 129.7, 129.3, 129.9, 130.3, 130.5, 129.7, 130.5, 130.2, 129.9, 129.6, 129.9, 129.9, 129.6, 129.9, 129.7, 129.0, 129.9, 130.6, 130.6, 130.6, 130.8, 130.8, 130.3, 130.2, 130.2, 130.6, 129.9, 130.6, 130.8, 131.2, 130.6, 131.3, 131.3, 131.9, 132.0, 131.9, 132.2, 131.0, 131.3, 130.6, 131.5, 131.5, 131.5, 131.5, 131.2, 131.5, 130.6, 130.8, 130.3, 129.9, 131.2, 131.2, 130.2, 130.2, 131.2, 130.8, 130.6, 130.8, 131.3, 129.9, 130.2, 130.6, 131.5, 130.5, 131.2, 131.2, 130.2, 130.6, 131.2, 131.2, 131.9, 131.2, 130.2, 130.6, 131.5, 130.8, 130.5, 130.8, 130.5, 131.1, 131.8, 131.5, 131.2, 131.2, 131.9, 131.2, 131.2, 130.6, 131.0, 130.6, 130.6, 130.2, 131.2, 130.9, 130.9, 131.5, 131.5, 130.6, 130.2, 130.6, 130.8, 130.2, 131.2, 130.9, 130.3, 130.3, 131.5, 130.8, 130.9, 131.2, 130.3, 131.2, 130.6, 130.6, 130.6, 131.9, 131.3, 131.9, 132.6, 133.5, 134.1, 134.4, 135.3, 135.6, 135.9, 135.9, 136.8, 136.8, 137.2, 137.2, 136.8, 137.2, 137.5, 137.7, 138.1, 138.4, 139.0, 139.2, 138.4, 139.0, 139.0]"
2,"[140.8, 143.0, 141.6, 139.8, 139.6, 138.1, 139.0, 139.2, 138.0, 139.2, 139.6, 139.0, 139.6, 139.0, 139.0, 139.8, 139.2, 139.8, 139.8, 139.2, 139.2, 139.2, 139.2, 139.8, 139.4, 139.8, 139.0, 139.0, 138.4, 138.6, 139.2, 139.4, 138.6, 138.4, 139.2, 139.6, 139.8, 139.4, 139.8, 139.0, 139.0, 139.8, 140.2, 140.4, 139.6, 140.4, 139.8, 139.8, 139.0, 139.2, 139.2, 139.0, 139.0, 139.8, 139.8, 139.6, 139.8, 139.0, 139.2, 139.8, 140.0, 140.4, 140.4, 140.4, 139.0, 139.0, 139.2, 139.2, 139.2, 140.2, 139.8, 139.8, 140.0, 139.8, 139.2, 139.6, 139.0, 138.4, 138.4, 139.8, 138.6, 139.8, 139.6, 139.2, 139.8, 138.6, 139.8, 139.8, 139.6, 139.2, 139.6, 139.8, 139.8, 139.6, 140.8, 141.0, 140.6, 140.4, 141.6, 141.0, 141.0, 140.6, 140.6, 139.8, 139.8, 139.8, 140.4, 140.6, 141.0, 141.0, 141.0, 141.6, 141.0, 140.6, 139.8, 138.8, 139.2, 138.6, 138.6, 139.8, 139.8, 139.6, 139.2, 139.8, 140.4, 140.2, 139.4, 140.0, 139.8, 141.0, 140.6, 141.6, 141.2, 140.8, 141.4, 141.6, 141.6, 140.8, 140.6, 141.2, 141.0, 141.4, 140.2, 140.4, 140.2, 140.4, 139.8, 139.6, 139.6, 139.8, 139.8, 140.2, 139.8, 140.6, 140.4, 140.0, 140.4, 139.8, 140.2, 140.4, 139.6, 141.0, 140.8, 140.4, 139.8, 139.6, 140.8, 140.8, 140.6, 140.6, 139.7, 140.3, 140.6, 140.6, 140.3, 139.9, 140.6, 140.2, 140.2, 140.6, 141.2, 140.2, 140.6, 139.9, 139.9, 141.2, 141.2, 140.3, 140.3, 139.9, 140.6, 140.3, 139.9, 140.8, 140.2, 140.2, 140.6, 141.2, 141.6, 141.4, 141.2, 141.6, 141.4, 141.2, 140.6, 141.0, 140.3, 140.1, 138.1, 138.4, 138.1, 139.9, 138.6, 139.2, 138.9, 138.4, 139.6, 138.6, 138.6, 139.6, 138.4, 138.0, 138.4, 139.2, 139.0, 139.0, 139.2, 140.1, 139.2, 140.1, 140.1, 139.9, 139.9, 138.1, 137.1, 136.8, 136.5, 136.5, 137.1, 136.5, 137.7, 137.7, 137.7, 136.5, 136.5, 136.8, 136.5, 135.9, 135.3, 134.4, 134.4, 135.5, 134.7, 134.7, 135.6, 135.6, 136.8, 136.2, 137.1, 136.5, 137.1, 137.1, 137.1, 137.5, 137.7, 138.6, 139.2, 139.5, 139.5, 139.1, 139.7, 139.5, 139.5, 139.7, 139.7, 139.7, 139.5, 139.7, 139.5, 139.7, 138.6, 136.5, 134.9, 134.4, 133.2, 135.5, 135.9, 136.8, 137.7, 137.4, 136.2, 137.1, 137.1, 137.1, 137.4, 137.1, 136.2, 137.1, 137.4, 136.8, 137.4, 137.7, 136.8, 136.5, 136.8, 138.0, 137.1, 136.1, 136.1, 135.9, 135.3, 135.5, 135.3, 134.9, 135.9, 135.3, 136.8, 137.1, 135.9, 135.9, 136.1, 136.5, 136.5, 135.9, 135.3, 135.9, 135.0, 132.9, 132.9, 131.6, 131.3, 132.2, 133.8, 134.1, 135.0, 134.7, 135.0, 134.7, 135.0, 134.7, 134.1, 133.5, 133.8, 133.8, 133.8, 133.8, 133.8, 133.5, 133.8, 133.5, 132.9, 133.8, 133.8, 132.6, 132.3, 132.3, 132.2, 132.2, 131.6, 131.6, 131.3, 133.5, 133.2, 133.8, 134.9, 135.6, 135.3, 135.0, 135.6, 135.6, 135.6, 135.3, 136.2, 136.2, 136.2, 136.5, 136.5, 135.9, 135.3, 134.7, 133.8, 132.2, 133.8, 134.7, 134.1, 133.8, 134.1, 135.0, 135.5, 135.9, 136.5, 137.1, 136.8, 137.1, 136.5, 135.0, 135.0, 133.5, 133.8, 132.9, 132.2, 132.6, 131.9, 131.9, 133.5, 133.5, 133.8, 134.4, 134.4, 134.1, 134.1, 134.7, 133.8, 134.4, 135.3, 135.3, 135.3, 135.7, 136.2, 135.9, 135.3, 135.0, 134.7, 135.0, 135.9, 136.8, 137.1, 137.1, 137.1, 137.1, 136.2, 136.2, 135.0, 134.7, 133.5, 133.8, 135.6, 135.3, 136.5, 137.7, 137.7, 137.7, 137.7, 137.1, 136.2, 135.9, 136.5, 136.8, 136.5, 135.9, 135.9, 135.6, 135.6, 136.2, 137.1, 136.2, 136.8, 137.2, 136.8, 137.4, 136.8, 137.7, 137.7, 137.5, 137.5, 137.7, 137.7, 137.5, 137.7, 137.5, 137.7, 138.1, 138.4, 138.8, 138.1, 137.5, 138.4, 138.6, 138.6, 138.6, 138.4, 138.1, 137.5, 137.2, 136.9, 137.5, 136.9, 137.5, 136.8, 137.2, 137.5, 136.6, 136.8, 137.1, 136.6, 136.3, 136.8, 136.8, 136.3, 136.6, 137.2, 137.2, 137.2, 137.7, 137.5, 138.4, 137.5, 137.7, 137.7, 136.9, 136.6, 136.8, 137.2, 138.1, 138.4, 138.1, 138.4, 137.7, 137.7, 137.8, 137.2, 137.5, 137.8, 138.1, 137.8, 136.8, 137.8, 137.5, 136.8, 136.8, 138.4, 136.8, 137.5, 137.8, 136.8, 137.2, 138.1, 137.5, 137.5, 137.2, 135.7, 136.6, 136.8, 137.7, 137.8, 137.2, 138.4, 138.8, 138.8, 139.0, 138.1, 138.4, 138.4, 138.8, 139.0, 139.0, 138.1, 138.6, 139.2, 139.2, 139.2, 140.1, 140.1, 139.5, 139.9, 139.2, 139.2, 138.1, 138.1, 138.8, 137.7, 137.7, 136.8, 137.5, 138.1, 139.6, 139.0, 138.1, 139.0, 138.4, 140.1, 140.1, 139.9, 140.1, 140.3, 139.7, 140.1, 139.5, 139.0, 138.1, 136.9, 137.2, 136.6, 137.6, 137.8, 138.4, 136.3, 138.1, 137.5, 138.1]"
2,"[141.0, 141.8, 142.6, 141.2, 140.4, 139.9, 141.6, 141.6, 142.2, 141.6, 141.8, 141.0, 141.0, 141.0, 141.0, 141.0, 141.0, 140.8, 140.8, 141.0, 141.0, 140.8, 141.4, 141.6, 142.2, 142.2, 142.2, 142.2, 142.2, 142.2, 142.2, 141.6, 142.2, 142.2, 143.0, 142.2, 142.2, 141.6, 141.0, 142.2, 142.4, 143.0, 141.6, 142.6, 143.5, 142.2, 143.0, 142.2, 142.2, 143.0, 143.5, 143.5, 142.4, 142.0, 142.8, 141.8, 141.6, 141.6, 142.2, 142.2, 141.6, 142.8, 142.6, 142.8, 142.8, 142.2, 141.6, 141.6, 141.4, 141.6, 142.2, 141.6, 142.2, 142.2, 142.0, 141.6, 142.0, 142.2, 142.0, 142.2, 142.0, 142.6, 141.6, 142.0, 141.6, 141.4, 142.0, 142.2, 141.6, 141.6, 141.4, 141.4, 142.0, 141.6, 141.4, 141.4, 141.4, 141.4, 141.0, 142.2, 142.0, 141.4, 141.4, 142.0, 142.0, 142.2, 141.4, 142.2, 142.4, 142.2, 142.8, 142.8, 142.2, 142.6, 143.5, 142.8, 142.8, 142.0, 142.0, 142.0, 142.0, 142.2, 142.8, 142.2, 142.8, 142.6, 141.0, 141.4, 142.0, 140.3, 142.4, 141.6, 141.4, 142.0, 142.8, 142.8, 142.0, 141.2, 141.4, 142.2, 141.4, 142.0, 141.0, 141.0, 140.8, 140.8, 140.2, 140.8, 140.8, 141.0, 141.6, 141.4, 141.4, 141.4, 141.4, 140.8, 141.4, 141.4, 141.6, 142.2, 141.4, 141.6, 141.4, 141.4, 141.6, 141.6, 142.0, 141.6, 141.6, 140.8, 141.4, 141.0, 141.4, 141.4, 141.0, 141.4, 142.2, 141.6, 141.6, 141.4, 141.4, 142.6, 142.0, 141.6, 141.4, 142.2, 141.6, 141.6, 141.4, 141.6, 141.6, 141.4, 141.6, 141.4, 141.4, 142.0, 140.8, 140.8, 141.4, 142.0, 142.0, 140.8, 141.2, 141.4, 141.2, 141.6, 142.0, 141.8, 142.2, 142.2, 141.0, 141.6, 142.0, 141.6, 142.0, 142.2, 141.2, 141.6, 141.0, 141.6, 141.6, 141.0, 141.0, 141.4, 140.8, 140.8, 141.0, 141.6, 141.4, 141.0, 141.4, 141.0, 141.0, 141.2, 141.0, 142.2, 140.8, 142.2, 141.6, 141.0, 141.4, 141.2, 141.6, 141.6, 141.6, 141.4, 141.4, 141.8, 141.8, 141.2, 141.8, 142.8, 141.6, 141.6, 140.8, 141.4, 141.6, 141.6, 142.2, 142.0, 141.0, 141.6, 141.4, 141.6, 141.6, 142.2, 142.2, 141.6, 141.6, 141.2, 141.0, 141.6, 141.0, 141.6, 141.0, 142.2, 141.0, 141.6, 141.0, 141.6, 141.0, 141.0, 141.2, 141.4, 141.4, 140.4, 141.0, 141.6, 141.6, 140.8, 141.0, 141.4, 141.6, 141.6, 141.6, 142.8, 141.6, 141.6, 141.6, 141.6, 141.6, 141.0, 141.4, 141.6, 141.0, 141.8, 141.4, 141.6, 142.2, 141.8, 140.8, 141.6, 141.8, 141.6, 141.6, 142.2, 142.2, 142.8, 142.8, 142.2, 141.6, 142.2, 141.8, 142.6, 142.2, 142.4, 142.4, 142.2, 142.4, 141.4, 142.0, 141.6, 142.4, 142.2, 141.4, 142.2, 142.2, 142.8, 142.6, 142.8, 142.2, 142.2, 143.5, 142.8, 142.8, 142.2, 142.2, 142.8, 142.8, 142.2, 142.2, 142.2, 142.2, 142.8, 142.8, 142.2, 142.8, 143.5, 141.6, 142.8, 142.2, 142.6, 142.8, 142.8, 142.0, 142.2, 142.4, 142.6, 142.8, 142.2, 142.8, 142.2, 142.6, 142.2, 142.8, 143.0, 143.5, 143.5, 143.7, 144.7, 142.8, 143.7, 143.5, 144.1, 142.8, 144.1, 143.7, 143.7, 143.5, 143.5, 142.8, 142.4, 143.0, 141.6, 142.4, 142.8, 141.6, 142.8, 143.0, 143.7, 143.7, 143.5, 143.5, 142.8, 143.7, 143.5, 143.7, 143.0, 143.5, 142.8, 142.2, 141.6, 141.6, 140.8, 142.0, 142.6, 143.3, 142.4, 143.3, 143.1, 142.0, 142.0, 142.6, 142.2, 142.6, 143.5, 142.8, 142.8, 142.8, 142.6, 142.6, 142.6, 142.6, 142.6, 142.0, 142.2, 142.2, 141.6, 143.3, 141.6, 141.4, 142.6, 141.4, 142.2, 142.6, 142.8, 141.6, 141.0, 142.8, 142.6, 142.0, 142.0, 142.0, 142.8, 141.6, 141.6, 142.2, 141.4, 142.2, 141.6, 142.2, 142.2, 142.4, 141.6, 141.6, 141.6, 141.6, 141.6, 141.2, 142.8, 142.8, 142.2, 142.2, 141.6, 141.0, 140.8, 141.0, 141.4, 141.6, 141.0, 141.4, 141.6, 140.8, 140.4, 141.0, 141.0, 141.4, 141.6, 141.6, 141.6, 141.6, 141.6, 141.6, 141.2, 141.6, 141.4, 141.4, 140.4, 140.8, 141.6, 140.8, 140.2, 141.4, 140.8, 141.0, 140.8, 140.8, 141.6, 140.6, 140.8, 141.0, 140.2, 140.4, 140.4, 140.4, 140.8, 141.0, 141.4, 141.0, 140.4, 141.4, 141.4, 141.6, 141.0, 141.6, 141.6, 141.0, 141.4, 141.4, 141.4, 140.8, 141.4, 140.8, 140.8, 140.2, 139.6, 140.6, 140.2, 141.4, 140.8, 140.8, 141.6, 140.8, 141.0, 141.0, 141.4, 140.4, 140.2, 141.0, 141.0, 140.6, 140.8, 141.4, 141.4, 140.8, 141.4, 141.4, 140.8, 140.8, 141.6, 141.2, 142.0, 140.8, 140.6, 141.6, 141.6, 141.4, 142.6, 141.4, 142.0, 142.0, 142.0, 141.4, 141.4, 142.2, 142.2, 142.8, 142.0, 141.6, 142.2, 142.0, 141.6, 141.2, 141.6, 141.4, 141.6, 142.0, 142.0, 141.6, 141.6, 142.0, 141.2, 141.4, 142.0, 141.4, 142.0, 142.0, 142.0, 142.2, 141.0]"
2,"[143.3, 142.6, 142.8, 142.0, 141.0, 141.6, 141.8, 141.6, 141.8, 142.0, 142.0, 141.8, 141.6, 142.6, 141.8, 142.2, 143.7, 142.8, 142.4, 142.4, 143.2, 143.7, 142.6, 142.6, 142.6, 143.2, 143.2, 143.4, 142.6, 141.2, 142.6, 142.6, 142.8, 142.4, 142.0, 142.0, 142.6, 142.6, 141.4, 141.4, 142.4, 142.0, 141.8, 141.8, 142.4, 142.0, 141.4, 142.0, 141.8, 142.0, 141.4, 142.0, 142.2, 142.4, 142.4, 143.0, 144.0, 143.4, 142.6, 142.2, 142.8, 142.2, 142.0, 142.0, 142.2, 141.4, 142.0, 141.8, 142.4, 142.0, 141.8, 141.2, 141.4, 142.2, 141.2, 142.2, 141.2, 141.2, 141.4, 141.2, 142.2, 142.0, 141.8, 141.4, 142.0, 142.0, 141.8, 141.6, 141.4, 142.0, 141.8, 141.8, 142.0, 142.0, 142.4, 140.4, 141.4, 142.2, 142.0, 141.2, 142.0, 141.2, 142.0, 141.6, 142.0, 141.8, 142.0, 141.4, 141.4, 141.8, 141.2, 141.8, 142.2, 141.8, 141.8, 141.0, 142.4, 141.2, 141.8, 141.8, 141.2, 141.0, 141.8, 142.6, 141.6, 141.4, 142.0, 141.2, 141.2, 140.8, 140.4, 139.8, 140.2, 139.2, 140.4, 139.0, 139.2, 139.2, 139.0, 139.2, 139.2, 139.8, 139.2, 140.4, 140.4, 140.4, 140.0, 140.4, 140.0, 140.4, 141.0, 141.0, 141.0, 139.8, 140.6, 140.4, 139.8, 140.4, 139.8, 139.8, 139.8, 139.8, 139.8, 139.8, 139.8, 140.4, 141.0, 140.0, 140.4, 139.8, 139.8, 139.8, 140.4, 140.4, 140.4, 139.6, 139.2, 139.8, 139.8, 138.6, 139.2, 138.8, 139.6, 140.0, 139.8, 140.4, 140.4, 139.8, 140.4, 140.6, 140.4, 139.8, 139.8, 140.2, 140.2, 140.8, 140.2, 140.6, 139.7, 139.7, 139.7, 140.6, 140.2, 140.8, 140.8, 140.8, 141.4, 140.8, 140.8, 139.8, 141.0, 141.0, 141.0, 141.6, 141.0, 140.8, 140.2, 141.0, 141.0, 140.8, 140.8, 140.4, 140.8, 140.4, 140.4, 141.0, 141.0, 141.0, 141.0, 141.0, 141.2, 141.2, 141.0, 141.6, 141.6, 141.0, 141.0, 142.4, 141.6, 141.0, 141.6, 141.6, 141.4, 140.6, 139.7, 139.5, 138.0, 139.2, 139.9, 140.3, 139.9, 140.8, 140.2, 140.2, 140.2, 139.9, 140.2, 140.2, 140.6, 139.9, 138.9, 138.6, 138.6, 138.9, 138.9, 139.2, 137.7, 137.5, 137.7, 137.7, 138.1, 138.4, 138.4, 137.7, 137.7, 137.7, 137.5, 138.6, 137.7, 137.7, 137.1, 137.5, 137.7, 137.7, 137.7, 137.7, 137.5, 138.4, 137.5, 137.1, 137.1, 138.4, 138.6, 138.4, 138.4, 138.0, 138.0, 138.6, 139.2, 138.4, 138.9, 139.7, 139.9, 140.8, 139.9, 139.7, 139.9, 139.7, 140.6, 141.0, 140.6, 140.6, 140.6, 140.8, 139.9, 140.8, 140.8, 139.9, 141.0, 140.8, 140.8, 140.8, 140.8, 140.8, 141.4, 141.4, 141.6, 140.8, 140.2, 140.6, 139.5, 138.6, 136.8, 136.6, 137.7, 138.9, 139.5, 139.1, 139.7, 139.7, 139.5, 139.2, 138.1, 137.7, 136.8, 137.5, 137.1, 136.6, 137.4, 137.4, 137.7, 138.4, 138.6, 138.6, 138.9, 139.2, 139.2, 138.6, 137.6, 137.1, 137.1, 137.7, 137.1, 137.5, 137.1, 137.1, 137.1, 136.8, 136.8, 137.5, 137.4, 137.1, 137.1, 137.7, 138.6, 138.6, 138.9, 138.6, 138.9, 138.6, 138.6, 138.9, 138.9, 137.7, 138.6, 139.5, 138.0, 138.6, 138.6, 138.6, 138.9, 138.6, 138.6, 138.6, 138.4, 139.7, 140.3, 139.9, 139.7, 140.3, 138.9, 139.1, 140.3, 139.7, 139.9, 139.9, 140.6, 139.9, 139.7, 140.3, 140.3, 139.3, 140.6, 141.2, 140.6, 140.8, 141.0, 141.0, 141.4, 141.2, 141.0, 140.8, 141.4, 140.6, 140.8, 141.4, 141.2, 140.8, 139.9, 139.9, 139.9, 139.7, 140.6, 140.6, 140.8, 140.8, 140.2, 140.8, 140.6, 140.6, 140.8, 141.2, 140.6, 140.6, 140.2, 139.9, 140.2, 140.8, 140.6, 140.6, 139.9, 141.2, 140.6, 140.8, 140.8, 140.6, 139.9, 140.8, 141.4, 141.0, 141.4, 141.4, 141.4, 140.8, 140.6, 141.4, 141.4, 141.4, 142.0, 141.4, 142.2, 142.0, 142.0, 142.0, 141.6, 141.4, 141.4, 140.8, 141.6, 141.4, 142.0, 142.0, 141.4, 142.6, 141.4, 141.6, 142.0, 141.4, 142.0, 141.4, 142.0, 142.0, 142.2, 141.4, 142.0, 141.4, 142.0, 141.4, 142.0, 141.4, 141.4, 142.0, 141.4, 141.4, 141.6, 142.0, 141.4, 142.0, 141.4, 142.0, 142.0, 141.6, 141.6, 142.2, 142.0, 142.0, 141.6, 141.4, 141.4, 141.6, 141.4, 141.4, 141.4, 140.8, 141.4, 141.4, 141.4, 141.4, 141.4, 141.6, 141.4, 141.6, 141.4, 141.6, 141.6, 141.6, 141.6, 141.6, 141.6, 141.6, 142.2, 141.4, 142.2, 141.6, 141.4, 141.6, 141.6, 141.6, 142.2, 141.6, 142.2, 142.2, 141.8, 142.2, 141.6, 141.4, 141.0, 141.6, 142.2, 141.4, 142.2, 142.0, 141.4, 141.4, 142.2, 142.2, 142.2, 142.2, 141.0, 141.0, 140.4, 140.6, 141.4, 140.8, 141.4, 141.6, 141.6, 141.4, 142.2, 141.6, 142.0, 142.2, 142.2, 142.2, 142.2, 142.2, 142.2, 142.0, 141.6, 142.2, 141.6, 141.4, 141.6, 142.0, 141.0, 141.4, 140.8, 141.4, 142.0, 141.4]"
2,"[141.6, 142.8, 142.0, 142.6, 142.4, 141.8, 141.6, 142.0, 142.2, 142.0, 142.2, 141.6, 141.6, 142.2, 141.6, 142.0, 141.6, 141.6, 141.6, 142.4, 142.6, 142.0, 142.2, 142.4, 142.4, 142.9, 142.4, 142.4, 141.8, 143.3, 142.8, 143.3, 142.6, 142.2, 143.5, 141.8, 141.8, 142.2, 142.4, 142.6, 142.6, 142.0, 142.4, 142.4, 142.6, 142.6, 142.4, 142.4, 142.4, 142.6, 143.3, 142.6, 142.6, 142.0, 142.6, 142.8, 142.6, 142.6, 142.0, 142.8, 142.0, 142.6, 142.8, 142.8, 143.3, 142.6, 143.5, 143.3, 143.3, 142.8, 142.6, 142.8, 142.8, 142.6, 142.2, 143.3, 143.3, 143.3, 142.4, 142.4, 141.2, 141.0, 141.0, 141.6, 140.1, 140.1, 140.7, 139.2, 140.1, 140.1, 141.8, 141.8, 141.8, 142.0, 142.6, 142.6, 142.0, 142.0, 142.4, 142.6, 141.8, 142.4, 142.6, 142.4, 142.0, 143.0, 143.0, 143.0, 143.7, 143.7, 142.8, 142.6, 143.5, 143.5, 144.1, 144.1, 143.5, 144.1, 143.5, 143.5, 144.1, 143.5, 143.7, 143.7, 143.5, 144.1, 143.5, 144.1, 142.6, 143.0, 142.8, 142.8, 143.5, 143.5, 143.0, 143.7, 142.8, 143.5, 144.1, 143.5, 143.5, 143.5, 144.1, 143.9, 143.5, 144.1, 142.8, 143.5, 142.8, 143.5, 142.8, 142.8, 142.8, 144.1, 144.1, 143.5, 143.5, 143.3, 142.6, 142.8, 143.0, 143.5, 142.8, 143.5, 143.3, 142.6, 143.5, 143.5, 143.5, 143.9, 144.1, 144.1, 143.5, 144.1, 143.5, 143.5, 143.5, 144.1, 142.8, 142.8, 143.3, 142.8, 143.5, 144.1, 143.3, 144.1, 142.6, 142.6, 143.3, 142.6, 142.8, 142.8, 142.6, 142.6, 142.6, 142.6, 142.6, 142.6, 142.0, 142.6, 142.6, 142.6, 142.6, 142.6, 142.6, 142.6, 142.8, 142.6, 142.6, 143.5, 143.7, 143.3, 142.6, 142.8, 142.8, 143.5, 142.8, 143.5, 143.7, 143.9, 142.6, 144.1, 143.5, 142.6, 143.3, 143.3, 142.8, 143.3, 142.0, 142.6, 142.8, 143.5, 142.8, 142.6, 142.8, 143.5, 143.5, 143.5, 142.6, 142.6, 143.5, 142.6, 143.5, 143.5, 142.8, 143.5, 144.1, 143.5, 143.5, 143.5, 144.1, 143.5, 144.1, 144.1, 143.5, 144.1, 142.8, 142.8, 142.8, 143.5, 143.5, 142.4, 142.6, 142.6, 142.2, 142.8, 142.2, 142.2, 142.6, 143.0, 142.8, 143.0, 142.8, 142.4, 143.5, 142.6, 143.5, 144.1, 143.5, 143.5, 143.0, 142.8, 142.8, 143.5, 144.1, 143.5, 143.5, 143.5, 143.5, 142.8, 143.5, 143.5, 142.8, 142.6, 142.8, 143.3, 142.8, 142.8, 142.6, 142.6, 142.2, 142.0, 142.0, 142.4, 141.6, 141.0, 141.0, 140.5, 140.7, 141.0, 140.1, 140.5, 140.1, 139.9, 139.6, 138.8, 138.1, 138.6, 139.0, 139.9, 139.4, 139.6, 139.9, 139.6, 138.8, 138.4, 138.1, 137.7, 136.6, 137.7, 138.4, 139.2, 139.0, 139.2, 139.4, 138.4, 139.2, 138.4, 139.0, 138.8, 138.8, 138.8, 138.8, 139.4, 138.8, 137.6, 137.5, 136.8, 136.3, 137.2, 136.6, 136.6, 135.4, 136.0, 136.3, 136.3, 136.3, 136.9, 136.9, 137.2, 136.3, 137.2, 136.9, 136.7, 136.9, 137.5, 137.5, 136.9, 137.2, 137.2, 136.9, 136.6, 136.9, 136.0, 135.4, 135.0, 134.7, 134.4, 135.0, 135.0, 135.0, 135.0, 135.0, 135.9, 135.7, 135.3, 136.2, 135.3, 135.3, 135.7, 135.3, 136.3, 135.0, 135.0, 135.9, 135.9, 135.9, 135.7, 135.7, 137.5, 136.8, 136.2, 135.7, 135.7, 135.7, 135.9, 136.8, 136.8, 136.8, 137.5, 136.8, 136.2, 135.9, 135.9, 136.8, 136.6, 136.5, 136.3, 136.8, 137.7, 137.1, 137.2, 137.5, 137.1, 136.6, 136.8, 136.6, 137.2, 137.5, 137.5, 136.3, 136.8, 136.6, 137.2, 136.8, 136.8, 137.5, 136.6, 137.5, 136.8, 136.8, 136.6, 136.3, 136.6, 136.6, 137.5, 137.5, 137.5, 136.6, 137.2, 136.6, 137.2, 136.8, 136.6, 136.8, 136.3, 136.8, 137.5, 137.1, 136.8, 137.7, 137.1, 137.1, 136.8, 137.7, 137.1, 137.7, 137.2, 137.2, 136.8, 136.6, 136.8, 136.8, 136.8, 136.6, 135.9, 135.9, 136.6, 136.8, 137.5, 135.7, 135.6, 135.0, 134.1, 135.0, 135.0, 135.0, 135.3, 134.7, 136.2, 136.2, 135.3, 134.7, 134.7, 135.6, 135.6, 135.3, 135.3, 135.3, 136.2, 135.3, 135.3, 135.3, 135.0, 134.7, 135.3, 135.9, 135.3, 135.3, 135.0, 135.3, 135.3, 135.6, 135.6, 135.6, 135.3, 135.0, 134.1, 134.7, 135.0, 134.4, 135.0, 135.7, 136.6, 135.9, 135.4, 135.9, 135.6, 135.0, 135.6, 135.7, 135.3, 135.3, 135.3, 134.1, 135.0, 135.0, 135.0, 136.2, 136.5, 136.8, 137.5, 137.7, 137.5, 137.7, 137.7, 137.2, 136.6, 136.6, 135.4, 135.0, 135.6, 135.3, 135.9, 135.3, 136.2, 135.9, 135.6, 136.6, 136.8, 137.7, 137.5, 137.1, 136.8, 136.8, 135.9, 136.6, 136.2, 136.8, 136.2, 137.7, 138.4, 138.6, 138.4, 139.0, 139.0, 139.0, 139.0, 138.4, 137.7, 136.8, 135.9, 135.3, 135.3, 136.2, 135.9, 136.6, 135.3, 135.7, 136.2, 136.2, 136.3, 135.4, 135.9, 135.9, 136.2, 136.2, 136.2, 136.2, 136.2]"
2,"[142.4, 143.5, 142.4, 142.8, 141.6, 141.4, 142.6, 142.0, 142.0, 142.0, 142.0, 142.0, 141.8, 142.0, 142.0, 141.8, 141.2, 141.0, 141.8, 142.4, 141.8, 141.6, 141.6, 141.8, 141.0, 142.0, 142.0, 142.0, 142.2, 142.0, 142.8, 142.2, 142.8, 142.2, 142.2, 142.2, 142.8, 142.8, 142.8, 142.8, 142.2, 142.8, 142.8, 142.8, 143.0, 142.8, 142.6, 142.8, 142.8, 142.8, 143.5, 142.8, 142.8, 142.2, 142.8, 142.8, 142.8, 142.8, 142.8, 142.8, 142.8, 142.8, 142.8, 142.8, 142.8, 142.8, 142.8, 142.2, 142.2, 142.2, 142.0, 142.0, 142.0, 142.4, 142.4, 141.6, 141.0, 141.0, 141.0, 141.0, 141.0, 141.4, 141.6, 141.6, 141.8, 142.6, 142.8, 142.8, 142.6, 142.6, 141.8, 142.4, 142.4, 141.6, 141.6, 139.6, 138.8, 139.4, 139.9, 140.5, 140.5, 141.0, 141.0, 141.4, 141.4, 141.0, 141.0, 141.0, 140.7, 141.6, 140.7, 140.1, 141.0, 141.4, 140.7, 141.6, 141.6, 141.6, 141.6, 141.6, 141.6, 141.6, 141.6, 141.6, 140.7, 140.7, 140.7, 139.4, 139.6, 138.8, 139.4, 138.8, 139.0, 139.2, 139.2, 139.0, 139.2, 140.5, 141.0, 141.0, 141.8, 141.2, 142.0, 142.2, 142.0, 142.2, 142.6, 141.6, 141.0, 140.7, 139.2, 139.6, 139.0, 139.4, 140.1, 139.7, 141.0, 140.3, 141.2, 142.0, 142.0, 141.2, 142.0, 141.4, 142.4, 142.0, 142.0, 142.0, 142.2, 142.8, 142.6, 143.5, 143.5, 143.5, 142.6, 142.0, 142.2, 141.6, 141.0, 141.2, 141.0, 140.5, 139.9, 140.1, 138.6, 137.5, 137.7, 137.5, 138.0, 137.7, 139.0, 141.4, 141.8, 141.6, 141.8, 141.8, 141.8, 141.0, 141.6, 140.7, 141.4, 140.7, 140.5, 139.6, 139.4, 139.0, 138.1, 137.2, 138.4, 137.7, 139.2, 139.2, 140.1, 141.2, 141.0, 140.7, 141.4, 140.7, 139.9, 140.1, 140.1, 139.0, 137.5, 137.5, 137.7, 136.8, 137.5, 135.9, 135.0, 134.1, 136.2, 137.7, 138.0, 139.1, 139.2, 139.0, 139.0, 138.4, 138.1, 137.5, 137.5, 135.6, 134.7, 135.0, 134.7, 136.2, 136.2, 137.1, 138.0, 138.4, 138.0, 138.4, 137.5, 136.8, 136.2, 135.6, 135.3, 134.7, 135.3, 134.7, 135.6, 136.3, 137.5, 136.8, 136.8, 136.8, 136.8, 137.1, 137.1, 138.0, 136.8, 137.7, 138.6, 138.6, 139.2, 139.2, 139.2, 139.2, 139.0, 138.4, 137.7, 138.6, 138.1, 137.5, 136.3, 135.0, 135.4, 134.4, 135.0, 135.9, 135.0, 135.0, 135.0, 136.2, 136.2, 135.0, 135.0, 135.6, 135.3, 135.3, 135.0, 135.0, 133.2, 134.4, 133.5, 134.1, 133.5, 134.4, 135.0, 135.3, 135.0, 134.4, 135.6, 134.7, 134.7, 134.4, 135.0, 134.4, 135.0, 133.8, 134.1, 133.2, 132.5, 132.2, 133.2, 133.2, 135.0, 135.0, 135.7, 135.0, 135.7, 134.7, 135.7, 136.6, 136.8, 135.7, 137.2, 136.9, 137.5, 137.5, 138.1, 138.4, 139.9, 140.5, 139.9, 139.9, 140.1, 140.7, 140.1, 140.7, 139.9, 140.3, 140.1, 140.5, 139.6, 138.1, 137.7, 138.4, 137.2, 137.1, 137.7, 137.5, 137.1, 137.1, 137.7, 137.1, 136.8, 136.8, 135.7, 135.7, 137.5, 137.7, 137.7, 137.7, 137.1, 136.8, 137.1, 136.8, 136.8, 136.8, 136.2, 136.2, 135.7, 135.7, 135.7, 135.7, 135.9, 135.9, 135.6, 136.2, 136.2, 135.0, 135.9, 135.9, 136.8, 137.1, 137.5, 137.5, 136.8, 135.9, 136.8, 136.5, 135.7, 136.8, 137.5, 137.5, 135.7, 136.8, 135.9, 136.0, 135.9, 135.0, 134.4, 134.1, 134.4, 134.7, 133.5, 134.1, 134.1, 134.4, 134.7, 134.7, 134.7, 134.1, 133.8, 135.0, 134.4, 134.4, 133.5, 133.2, 133.5, 133.8, 132.6, 132.5, 133.2, 133.2, 132.6, 133.2, 133.8, 133.5, 134.1, 135.0, 134.4, 135.0, 136.8, 137.5, 137.5, 138.1, 137.5, 138.4, 139.0, 138.8, 139.0, 138.1, 138.4, 138.1, 138.4, 139.6, 140.5, 140.5, 141.4, 140.7, 142.2, 142.2, 142.4, 141.8, 142.4, 141.8, 141.6, 140.7, 140.7, 141.4, 141.0, 141.6, 141.6, 142.0, 140.5, 140.7, 141.2, 140.3, 140.5, 140.3, 141.2, 139.9, 139.9, 139.6, 139.0, 139.6, 138.8, 138.1, 137.5, 137.5, 137.2, 137.5, 137.5, 137.5, 136.8, 136.6, 136.3, 136.3, 136.8, 136.8, 136.3, 136.3, 135.0, 136.9, 135.0, 136.3, 136.3, 135.4, 135.4, 135.0, 135.0, 134.4, 134.4, 135.7, 133.8, 133.8, 132.9, 133.5, 132.9, 132.9, 132.9, 132.5, 133.5, 133.5, 132.2, 133.2, 132.9, 133.2, 132.9, 133.2, 131.9, 133.2, 132.2, 132.2, 132.6, 132.6, 132.0, 131.6, 131.0, 132.0, 132.6, 132.0, 132.0, 132.0, 131.6, 132.0, 132.6, 132.0, 131.6, 131.6, 132.0, 131.6, 131.6, 131.6, 131.6, 131.3, 132.0, 132.6, 131.6, 131.3, 131.6, 130.6, 130.7, 130.0, 129.8, 129.4, 130.6, 129.8, 129.3, 129.4, 130.0, 130.4, 130.6, 131.3, 130.0, 130.4, 131.0, 131.3, 130.7, 129.7, 130.6, 129.8, 130.4, 131.3, 130.7, 130.7, 131.3, 131.6, 131.6, 131.3, 132.2, 131.6, 132.2, 132.2, 131.9, 131.3, 132.2, 132.2]"
2,"[133.8, 133.2, 133.5, 133.8, 132.9, 132.2, 132.6, 132.6, 132.6, 132.6, 132.2, 133.2, 132.9, 132.6, 132.2, 133.2, 133.2, 132.9, 132.6, 132.6, 132.9, 132.9, 131.3, 131.0, 130.6, 130.0, 131.9, 131.6, 131.4, 132.9, 133.5, 132.9, 132.9, 132.9, 132.9, 132.9, 133.5, 133.2, 132.9, 132.2, 132.6, 133.5, 133.5, 132.6, 134.1, 134.4, 133.8, 134.1, 134.1, 134.4, 134.7, 134.7, 133.8, 134.7, 134.7, 133.8, 134.4, 134.4, 133.8, 134.1, 133.2, 133.5, 133.2, 132.6, 132.9, 133.8, 133.2, 133.2, 133.2, 134.1, 134.1, 133.5, 134.1, 133.8, 134.7, 134.4, 134.1, 134.4, 133.8, 134.7, 133.8, 134.4, 134.7, 134.1, 135.3, 134.7, 134.1, 134.1, 133.8, 133.8, 135.0, 134.4, 134.1, 134.7, 134.7, 135.0, 135.3, 135.0, 135.3, 135.4, 136.2, 136.6, 135.7, 135.6, 135.6, 135.3, 135.6, 135.9, 135.6, 135.6, 135.6, 135.6, 135.6, 135.6, 135.3, 135.0, 135.9, 135.0, 135.6, 134.4, 134.1, 134.4, 134.4, 133.8, 133.8, 134.4, 132.9, 133.5, 133.5, 131.9, 131.9, 132.5, 131.9, 132.2, 131.9, 131.9, 131.6, 131.9, 131.9, 131.9, 131.9, 131.0, 130.4, 131.3, 131.0, 131.6, 131.0, 130.4, 132.2, 131.3, 132.2, 131.0, 131.0, 131.3, 130.7, 131.3, 131.3, 131.3, 130.4, 131.3, 130.7, 130.0, 130.4, 131.0, 131.0, 131.0, 130.9, 130.6, 131.3, 131.0, 130.6, 130.9, 130.3, 129.9, 130.0, 130.3, 129.3, 129.3, 129.0, 129.3, 129.0, 129.3, 128.7, 129.7, 128.3, 128.3, 129.3, 129.0, 129.3, 128.7, 129.3, 129.1, 129.7, 130.3, 129.7, 129.3, 129.3, 129.3, 129.3, 129.3, 129.0, 128.7, 128.0, 128.3, 128.3, 128.3, 128.3, 128.3, 129.0, 128.7, 128.7, 128.0, 128.3, 127.7, 129.0, 129.3, 128.3, 128.3, 128.3, 128.7, 128.7, 128.3, 129.3, 128.3, 128.7, 128.0, 128.3, 127.0, 128.3, 128.0, 128.0, 127.7, 128.3, 128.3, 127.1, 127.7, 128.3, 128.3, 128.3, 127.3, 127.6, 127.7, 127.3, 127.3, 128.3, 127.1, 127.3, 127.3, 127.3, 127.7, 127.0, 127.0, 128.0, 127.1, 126.7, 127.7, 128.0, 127.0, 126.7, 127.1, 126.7, 127.7, 127.3, 127.3, 127.3, 126.7, 127.1, 127.3, 127.3, 127.3, 126.2, 126.3, 127.3, 127.3, 127.0, 127.3, 127.3, 127.1, 127.3, 127.3, 126.7, 127.3, 127.3, 126.3, 127.3, 127.1, 126.3, 126.7, 126.7, 127.0, 126.5, 128.0, 127.3, 127.3, 127.3, 127.3, 127.3, 126.7, 126.7, 126.3, 125.8, 127.3, 126.7, 127.3, 127.3, 127.0, 126.3, 127.3, 126.2, 126.3, 125.8, 127.3, 127.0, 127.0, 127.3, 126.7, 126.3, 127.0, 127.0, 127.3, 127.0, 126.2, 126.3, 127.0, 127.3, 126.3, 127.0, 126.7, 126.7, 126.3, 126.3, 125.8, 127.0, 126.7, 126.7, 126.7, 127.3, 126.7, 126.7, 127.0, 126.7, 126.3, 127.3, 126.7, 127.3, 127.3, 127.1, 127.3, 126.7, 127.3, 126.7, 126.3, 126.7, 126.7, 127.7, 126.7, 126.3, 126.7, 127.3, 127.1, 126.7, 126.7, 126.7, 126.7, 126.3, 127.1, 126.3, 127.3, 126.6, 127.3, 126.6, 126.3, 126.7, 126.7, 127.0, 126.2, 127.3, 127.3, 127.7, 128.1, 128.1, 127.5, 129.1, 128.5, 129.1, 128.1, 127.5, 126.7, 126.7, 126.7, 127.3, 126.7, 127.7, 128.0, 127.1, 127.7, 128.1, 128.1, 127.3, 127.3, 126.7, 127.3, 127.1, 128.5, 129.1, 128.5, 128.1, 129.1, 130.7, 131.3, 132.6, 132.6, 132.0, 132.0, 131.6, 130.3, 129.7, 128.3, 127.5, 127.5, 128.5, 129.1, 128.5, 127.9, 127.5, 127.9, 127.9, 127.5, 128.5, 127.9, 127.9, 128.5, 128.1, 130.0, 128.7, 129.1, 127.5, 128.3, 127.5, 128.5, 130.1, 130.7, 132.3, 131.7, 131.7, 130.5, 130.1, 128.7, 128.1, 128.7, 128.1, 129.1, 129.2, 129.8, 130.5, 129.8, 129.2, 128.5, 127.1, 127.7, 127.1, 128.3, 128.8, 131.4, 132.9, 132.9, 132.6, 132.0, 132.9, 131.1, 131.4, 131.7, 132.6, 132.6, 134.4, 134.1, 134.4, 134.4, 135.3, 134.7, 133.8, 134.7, 134.1, 134.7, 134.1, 133.8, 133.8, 133.8, 134.4, 134.1, 133.8, 133.8, 133.5, 133.8, 134.7, 134.7, 134.1, 135.8, 134.9, 134.7, 134.7, 134.4, 134.7, 134.7, 135.3, 135.9, 136.1, 135.5, 135.9, 135.3, 134.9, 134.4, 134.7, 134.7, 134.7, 135.3, 135.3, 135.5, 135.8, 135.3, 135.8, 135.9, 135.9, 135.9, 135.6, 135.3, 135.5, 135.0, 135.6, 134.9, 135.3, 135.5, 135.5, 135.6, 135.6, 135.6, 134.7, 134.4, 134.1, 133.5, 134.1, 135.3, 135.5, 136.4, 135.9, 136.5, 137.1, 138.0, 137.7, 136.8, 136.8, 137.5, 137.1, 137.5, 137.1, 137.4, 137.4, 137.4, 136.8, 135.9, 136.2, 136.6, 135.6, 135.4, 134.1, 134.7, 134.1, 135.0, 134.1, 134.4, 134.1, 133.2, 133.5, 132.6, 132.9, 132.3, 131.4, 132.6, 132.3, 132.6, 132.0, 132.9, 132.6, 133.2, 132.9, 133.8, 133.5, 132.9, 133.5, 134.1, 133.5, 132.9, 132.9, 133.2, 134.1, 133.8, 134.1, 133.8, 133.5, 132.9]"
2,"[143.3, 141.8, 142.0, 142.0, 141.6, 141.0, 141.4, 142.4, 141.6, 142.2, 143.5, 143.5, 142.8, 143.5, 142.8, 142.8, 143.5, 142.8, 142.6, 142.6, 142.0, 142.0, 141.6, 141.4, 142.0, 141.2, 142.2, 142.2, 142.0, 141.6, 142.0, 142.4, 142.8, 142.2, 141.6, 141.4, 141.4, 142.2, 142.2, 141.6, 141.6, 142.2, 141.6, 142.8, 142.2, 141.6, 141.6, 141.6, 142.0, 142.8, 142.2, 142.2, 141.6, 141.6, 141.6, 142.2, 142.2, 142.2, 142.0, 142.2, 141.4, 142.8, 142.0, 142.2, 141.8, 142.4, 143.0, 142.6, 142.8, 142.2, 142.8, 142.6, 142.2, 142.0, 142.8, 142.8, 142.2, 142.6, 143.5, 142.2, 142.2, 142.8, 142.8, 142.8, 142.6, 142.0, 142.0, 142.0, 142.2, 142.6, 142.8, 142.8, 142.2, 142.8, 142.8, 142.8, 142.6, 142.8, 143.5, 143.5, 142.8, 142.8, 142.8, 142.8, 142.0, 142.2, 142.6, 142.0, 142.4, 141.8, 141.8, 142.0, 142.0, 142.2, 142.0, 142.8, 142.8, 142.8, 142.0, 142.2, 142.2, 141.8, 142.0, 142.4, 142.0, 141.2, 141.8, 141.0, 141.6, 139.9, 139.9, 140.1, 139.6, 139.2, 137.5, 137.7, 137.5, 137.5, 137.1, 137.5, 138.1, 139.0, 140.5, 141.0, 142.0, 142.2, 142.2, 142.0, 142.0, 142.2, 142.2, 142.2, 142.2, 142.8, 142.2, 142.2, 142.8, 141.6, 142.8, 142.2, 143.0, 143.0, 143.0, 143.7, 143.0, 143.0, 142.2, 142.2, 141.8, 141.8, 142.2, 141.0, 141.6, 139.9, 140.1, 140.7, 140.7, 139.9, 140.1, 139.6, 139.2, 139.9, 139.0, 139.9, 140.3, 141.0, 141.6, 142.6, 142.4, 141.8, 142.0, 142.6, 141.8, 141.6, 140.7, 141.2, 139.6, 139.0, 138.1, 139.2, 140.5, 140.3, 141.4, 142.4, 141.8, 141.8, 141.8, 141.2, 141.2, 141.8, 141.0, 141.0, 139.5, 140.1, 141.4, 141.6, 141.6, 140.5, 140.3, 140.5, 140.7, 140.7, 141.2, 142.0, 142.0, 142.0, 142.0, 141.4, 141.4, 142.0, 142.0, 141.4, 141.4, 141.4, 141.4, 141.4, 141.2, 141.6, 141.8, 142.0, 142.0, 142.0, 141.8, 142.0, 142.0, 142.6, 142.0, 142.6, 142.0, 142.0, 142.0, 142.0, 142.8, 142.8, 142.8, 142.8, 143.3, 142.4, 143.5, 142.8, 143.5, 143.5, 143.5, 144.1, 143.5, 143.5, 144.3, 144.3, 143.5, 144.3, 143.5, 143.9, 143.9, 143.9, 142.8, 143.5, 144.1, 143.5, 144.1, 144.1, 143.5, 143.3, 143.5, 143.5, 143.5, 144.1, 144.1, 143.5, 143.5, 143.5, 143.5, 142.8, 144.1, 143.5, 143.1, 143.3, 144.1, 144.1, 142.8, 142.6, 143.5, 143.5, 143.3, 143.5, 143.5, 143.5, 143.5, 143.5, 143.5, 143.5, 142.8, 143.5, 143.5, 142.6, 143.5, 143.3, 142.8, 143.5, 142.8, 142.2, 142.8, 142.8, 142.8, 142.2, 142.2, 142.2, 141.2, 141.6, 139.2, 139.2, 140.7, 141.0, 141.0, 141.0, 141.8, 141.2, 141.6, 141.6, 141.6, 141.8, 141.6, 141.6, 142.2, 142.6, 141.8, 141.8, 141.8, 142.6, 142.4, 141.8, 141.2, 141.2, 142.4, 142.0, 142.6, 142.4, 142.6, 141.8, 142.0, 142.0, 142.0, 142.0, 141.8, 142.2, 141.8, 142.0, 142.0, 142.8, 141.8, 141.8, 142.0, 142.0, 142.6, 142.2, 141.8, 142.0, 142.2, 142.0, 141.8, 142.6, 142.6, 142.6, 142.2, 142.2, 142.0, 142.0, 142.0, 142.2, 142.6, 142.6, 142.0, 142.0, 142.6, 142.6, 142.2, 142.6, 142.2, 142.2, 142.0, 142.2, 142.6, 142.0, 142.0, 142.6, 142.6, 142.0, 142.2, 143.5, 142.2, 142.2, 142.8, 142.8, 143.0, 143.7, 142.8, 142.8, 143.5, 143.0, 142.8, 142.8, 143.0, 142.6, 143.5, 142.8, 143.7, 143.0, 143.5, 143.0, 142.8, 143.0, 143.0, 143.5, 143.5, 144.3, 144.4, 143.5, 143.7, 143.7, 143.5, 143.8, 144.1, 144.1, 144.4, 143.7, 144.1, 143.5, 144.4, 144.1, 144.4, 144.3, 144.3, 143.8, 144.3, 144.3, 144.1, 143.7, 144.1, 143.5, 143.5, 144.1, 144.1, 143.7, 143.5, 144.3, 143.7, 143.5, 143.7, 144.3, 143.5, 144.3, 144.1, 144.1, 144.1, 144.1, 144.3, 144.3, 144.1, 143.5, 144.3, 143.5, 143.5, 144.1, 143.7, 143.5, 143.7, 144.3, 144.3, 144.3, 144.1, 143.5, 143.5, 143.7, 144.3, 143.7, 143.7, 143.7, 144.1, 143.7, 144.1, 144.3, 143.7, 143.7, 143.7, 144.3, 144.3, 143.5, 143.5, 143.5, 143.7, 143.5, 144.1, 143.7, 143.7, 143.5, 144.1, 143.7, 144.1, 143.5, 144.3, 144.1, 144.1, 143.5, 143.3, 142.0, 142.0, 143.3, 143.3, 143.3, 143.3, 142.6, 142.6, 142.2, 142.6, 142.0, 142.6, 142.6, 142.0, 142.0, 142.6, 142.6, 142.6, 142.0, 142.8, 143.3, 143.3, 143.5, 143.3, 142.6, 143.5, 143.3, 143.3, 142.8, 143.5, 142.6, 143.5, 143.3, 142.8, 142.6, 142.8, 142.6, 143.5, 143.3, 142.8, 142.8, 144.1, 143.3, 143.3, 144.1, 144.1, 144.1, 143.5, 143.5, 143.3, 144.1, 143.5, 144.1, 143.5, 144.1, 143.9, 143.9, 143.3, 143.5, 143.9, 144.1, 143.9, 142.6, 144.1, 144.1, 143.5, 144.1, 143.5, 143.5, 143.5, 143.5, 143.9, 143.9, 143.5, 143.9, 143.9, 143.5]"
2,"[131.3, 131.3, 131.6, 131.6, 128.8, 129.1, 129.1, 130.3, 129.9, 129.9, 130.2, 129.9, 130.2, 129.8, 129.6, 128.8, 128.0, 128.6, 128.6, 128.2, 128.0, 128.0, 127.2, 128.0, 127.6, 127.2, 128.0, 127.6, 127.3, 127.6, 128.0, 127.2, 127.0, 127.6, 128.2, 127.0, 127.6, 128.2, 128.6, 127.6, 127.0, 127.3, 127.3, 127.3, 128.2, 127.3, 127.2, 127.0, 127.8, 127.2, 127.6, 126.8, 127.2, 127.2, 127.2, 127.8, 127.4, 127.2, 126.8, 126.8, 127.2, 127.2, 127.4, 127.8, 126.8, 126.8, 127.4, 126.8, 127.4, 127.4, 127.4, 126.8, 127.2, 126.8, 127.2, 127.2, 126.8, 127.4, 128.0, 126.1, 126.8, 126.8, 126.8, 126.8, 127.4, 126.8, 126.8, 126.8, 126.8, 127.4, 126.8, 127.2, 126.1, 126.8, 126.8, 127.2, 126.6, 126.3, 126.1, 126.8, 128.0, 126.8, 127.2, 126.8, 127.2, 126.8, 126.3, 127.4, 126.8, 127.4, 126.8, 127.0, 126.8, 127.4, 126.8, 128.0, 126.8, 128.0, 127.4, 127.8, 126.3, 127.4, 127.8, 126.8, 127.4, 127.2, 127.8, 126.8, 127.2, 126.8, 127.8, 128.4, 127.2, 126.8, 127.2, 127.8, 128.4, 128.0, 128.0, 127.0, 126.8, 127.8, 127.8, 128.4, 127.8, 127.8, 128.4, 127.4, 128.2, 128.4, 127.6, 127.0, 127.2, 127.2, 128.4, 127.8, 128.4, 128.4, 127.4, 127.4, 127.0, 126.8, 127.0, 127.8, 128.0, 127.4, 127.4, 127.8, 127.8, 127.8, 127.8, 127.4, 127.8, 127.8, 127.2, 127.2, 127.2, 126.6, 127.2, 126.6, 127.8, 126.8, 126.3, 127.2, 126.3, 126.6, 126.6, 127.2, 126.3, 127.2, 126.6, 126.8, 126.6, 126.8, 126.8, 126.6, 126.8, 126.6, 126.6, 126.1, 126.3, 125.9, 126.1, 126.8, 125.7, 125.8, 127.2, 126.3, 126.6, 126.1, 126.8, 126.3, 125.9, 125.9, 125.9, 125.3, 125.9, 124.8, 125.5, 125.5, 124.9, 125.9, 125.9, 125.5, 125.9, 125.9, 125.7, 125.3, 125.5, 125.5, 125.5, 126.3, 125.8, 125.5, 125.7, 125.7, 125.9, 125.1, 125.9, 125.9, 125.5, 125.3, 124.9, 125.9, 125.3, 125.5, 125.9, 125.9, 125.9, 125.5, 125.3, 125.3, 125.5, 125.5, 124.5, 125.9, 125.7, 125.5, 124.3, 125.5, 124.9, 125.3, 125.9, 125.9, 124.3, 125.7, 125.7, 124.9, 124.9, 125.5, 125.9, 125.9, 125.1, 125.5, 125.5, 125.8, 125.3, 125.8, 125.5, 125.9, 125.9, 124.9, 125.5, 125.9, 125.3, 125.5, 125.5, 124.9, 125.9, 124.8, 124.9, 125.1, 125.7, 125.3, 125.9, 124.9, 124.9, 125.3, 125.3, 124.8, 124.8, 125.3, 125.3, 124.9, 124.3, 124.3, 124.9, 125.3, 124.9, 124.9, 124.3, 124.9, 125.2, 124.9, 124.9, 125.8, 124.3, 124.3, 124.9, 125.2, 125.3, 125.8, 124.9, 124.8, 124.9, 124.3, 124.9, 124.9, 125.3, 124.9, 124.3, 124.9, 125.9, 124.8, 124.8, 124.3, 124.9, 124.9, 124.2, 125.2, 124.9, 124.3, 124.9, 124.3, 123.7, 125.3, 124.9, 124.3, 124.3, 124.3, 123.3, 124.8, 124.9, 124.3, 124.3, 125.3, 123.7, 124.8, 124.8, 123.7, 124.3, 124.8, 124.9, 124.3, 124.2, 124.8, 124.8, 124.2, 124.6, 124.6, 124.9, 124.3, 124.3, 124.3, 124.3, 125.2, 124.3, 124.2, 124.2, 125.3, 125.2, 124.2, 124.8, 124.3, 124.3, 124.8, 124.8, 125.3, 124.8, 125.3, 125.3, 125.3, 123.7, 124.8, 124.8, 125.8, 125.3, 124.3, 124.8, 125.3, 124.8, 125.3, 125.3, 125.2, 125.3, 125.9, 125.3, 125.8, 126.3, 125.9, 125.9, 125.8, 126.3, 125.6, 125.8, 125.3, 125.8, 125.6, 125.6, 125.9, 125.3, 125.9, 126.3, 126.3, 126.2, 126.7, 125.8, 126.7, 126.7, 126.3, 126.3, 126.2, 126.2, 126.2, 125.9, 126.5, 125.8, 125.8, 125.8, 126.3, 125.9, 125.8, 125.8, 125.8, 125.9, 125.2, 125.3, 125.9, 125.8, 125.3, 125.3, 125.3, 125.3, 125.3, 125.3, 125.3, 124.8, 125.3, 125.8, 125.9, 125.8, 126.3, 125.8, 125.9, 125.9, 125.8, 125.9, 125.9, 125.9, 125.9, 125.9, 125.8, 124.8, 125.2, 124.8, 125.5, 125.3, 125.3, 125.9, 125.5, 125.3, 125.9, 125.9, 125.3, 125.8, 126.2, 126.3, 125.8, 125.3, 125.3, 125.3, 125.9, 125.9, 125.3, 125.3, 125.5, 125.5, 125.3, 125.5, 125.5, 125.9, 125.5, 126.3, 125.3, 125.9, 125.9, 125.3, 125.9, 125.9, 125.9, 125.3, 125.3, 125.7, 125.3, 126.1, 125.8, 125.9, 125.9, 125.9, 125.9, 125.3, 125.3, 126.3, 125.9, 125.3, 125.9, 126.1, 126.3, 125.9, 126.6, 125.8, 125.9, 124.8, 125.5, 126.1, 126.6, 125.9, 126.3, 126.6, 126.6, 126.6, 126.1, 125.7, 125.9, 126.8, 124.9, 125.3, 126.6, 126.3, 126.6, 125.9, 125.9, 126.6, 126.3, 126.3, 126.3, 127.2, 127.4, 127.2, 127.2, 126.8, 127.2, 127.2, 127.2, 126.8, 126.6, 126.3, 127.2, 126.6, 126.6, 126.6, 128.0, 127.2, 127.6, 126.6, 125.5, 126.6, 128.2, 127.4, 127.4, 127.8, 126.3, 127.2, 126.6, 127.0, 126.8, 127.2, 126.3, 127.2, 126.1, 126.3, 126.6, 125.9, 126.1, 126.8, 126.1, 126.6, 126.1, 125.5, 126.3]"
2,"[139.6, 139.6, 139.0, 138.6, 138.6, 137.4, 137.1, 138.0, 138.2, 139.1, 139.1, 139.1, 138.9, 138.2, 139.1, 138.9, 138.9, 139.1, 139.7, 138.9, 139.1, 139.7, 139.1, 139.1, 139.5, 139.1, 139.7, 139.1, 140.3, 139.5, 138.9, 139.1, 139.5, 138.9, 138.9, 139.7, 139.7, 139.1, 138.9, 139.5, 139.5, 139.7, 139.7, 139.5, 139.5, 139.7, 139.5, 139.5, 140.3, 140.3, 139.2, 141.0, 139.7, 139.5, 139.7, 140.6, 139.7, 139.7, 139.7, 140.1, 140.1, 141.2, 140.3, 140.3, 139.5, 140.3, 139.7, 140.3, 140.3, 140.3, 140.6, 140.3, 140.6, 140.3, 139.7, 140.3, 140.3, 140.3, 140.3, 140.6, 139.7, 140.3, 139.9, 140.3, 140.3, 140.6, 140.6, 140.6, 141.2, 140.6, 140.6, 140.3, 140.3, 141.2, 141.2, 140.6, 140.6, 140.6, 140.6, 141.2, 140.6, 139.9, 140.6, 140.6, 141.0, 141.0, 141.0, 141.2, 139.7, 140.6, 140.6, 139.9, 141.2, 141.2, 139.9, 140.6, 141.2, 141.2, 140.8, 141.2, 141.2, 141.4, 141.4, 140.6, 141.4, 142.2, 141.8, 142.4, 141.4, 140.3, 138.4, 138.4, 138.6, 138.6, 138.6, 138.4, 140.1, 141.2, 139.7, 139.7, 141.0, 139.7, 140.1, 139.5, 139.5, 140.3, 141.2, 141.2, 141.6, 141.4, 142.4, 141.8, 141.8, 142.0, 142.0, 142.0, 141.8, 142.2, 142.4, 142.6, 142.8, 142.8, 142.8, 142.0, 142.2, 142.6, 142.4, 142.8, 142.0, 142.6, 142.0, 140.6, 141.0, 139.7, 139.2, 139.7, 139.7, 140.3, 140.6, 140.3, 141.4, 140.3, 141.0, 141.0, 141.0, 139.2, 138.9, 137.4, 137.6, 137.0, 137.0, 137.4, 138.0, 138.0, 138.2, 138.9, 138.9, 138.2, 138.6, 139.2, 139.7, 138.9, 138.9, 138.2, 138.6, 138.6, 139.1, 138.9, 138.9, 139.2, 139.5, 138.9, 138.6, 138.0, 136.8, 136.8, 135.8, 134.4, 133.2, 132.6, 132.6, 134.4, 135.5, 135.8, 135.8, 135.2, 135.8, 134.6, 134.4, 134.4, 134.4, 133.8, 134.4, 134.1, 133.2, 133.5, 132.2, 132.6, 132.6, 132.2, 132.6, 131.6, 131.3, 130.7, 131.4, 132.0, 130.8, 132.0, 132.0, 132.0, 132.0, 131.3, 131.1, 131.1, 131.1, 129.5, 130.1, 130.1, 130.1, 130.7, 130.7, 129.8, 129.4, 129.8, 128.8, 131.1, 130.1, 130.4, 130.4, 130.1, 129.5, 128.8, 128.1, 127.5, 127.9, 129.1, 128.5, 128.7, 128.1, 128.1, 128.1, 128.8, 127.5, 129.1, 128.1, 128.5, 128.1, 128.1, 127.9, 128.7, 128.1, 128.5, 129.1, 127.9, 129.1, 128.1, 128.1, 127.7, 128.1, 128.7, 127.3, 127.7, 128.7, 128.7, 129.1, 128.1, 128.7, 129.1, 128.1, 128.1, 128.5, 128.5, 128.3, 128.8, 128.3, 127.7, 128.3, 128.7, 127.7, 128.3, 128.0, 128.0, 128.0, 128.3, 128.1, 128.3, 128.7, 128.7, 129.4, 130.1, 129.8, 130.7, 131.7, 131.7, 131.7, 130.8, 131.4, 131.4, 132.6, 131.1, 131.7, 132.0, 131.4, 132.3, 132.3, 132.0, 131.7, 130.1, 129.1, 129.3, 129.3, 129.7, 129.3, 129.3, 129.0, 129.3, 129.3, 128.7, 128.3, 129.3, 128.7, 128.3, 129.0, 128.7, 128.3, 127.6, 126.7, 127.3, 127.3, 127.0, 127.6, 127.7, 129.0, 128.3, 128.3, 128.0, 127.3, 129.0, 128.7, 128.3, 128.3, 129.3, 129.3, 128.7, 128.6, 129.0, 128.7, 128.7, 128.7, 130.3, 128.3, 128.3, 128.3, 128.3, 128.0, 128.3, 128.3, 128.3, 128.3, 128.3, 128.7, 128.3, 128.3, 129.0, 128.7, 128.3, 129.1, 128.1, 128.7, 129.4, 129.5, 129.2, 129.5, 128.6, 128.8, 129.0, 128.7, 127.1, 128.7, 127.7, 128.3, 128.7, 128.3, 128.1, 128.7, 128.8, 128.8, 128.1, 129.1, 129.3, 129.8, 129.3, 128.7, 128.1, 128.8, 128.3, 128.5, 128.1, 127.7, 129.1, 131.3, 130.7, 130.7, 131.3, 130.6, 130.7, 131.0, 131.9, 130.7, 131.1, 131.1, 131.1, 131.1, 130.4, 130.4, 129.7, 129.1, 129.1, 127.3, 128.3, 128.3, 130.0, 131.0, 130.7, 130.7, 130.4, 129.9, 129.3, 128.7, 128.7, 128.3, 128.7, 128.3, 128.7, 128.3, 128.3, 127.7, 127.7, 128.0, 128.0, 128.3, 128.3, 128.0, 128.3, 128.1, 128.3, 127.7, 127.7, 128.0, 128.3, 127.7, 127.7, 127.7, 128.1, 129.0, 129.0, 128.3, 128.3, 127.1, 128.7, 128.3, 129.0, 128.3, 128.1, 129.0, 129.0, 129.0, 128.3, 128.3, 128.0, 127.7, 128.3, 128.3, 128.3, 128.3, 128.0, 128.3, 128.0, 128.3, 128.3, 128.0, 128.3, 128.3, 128.3, 127.6, 128.0, 128.0, 127.6, 128.0, 128.0, 128.6, 128.6, 128.0, 128.0, 128.0, 128.0, 128.0, 128.0, 128.6, 128.0, 128.0, 128.0, 127.7, 128.3, 128.1, 127.7, 128.3, 128.7, 128.0, 128.0, 128.6, 128.6, 128.0, 128.0, 127.6, 128.0, 128.0, 128.0, 128.0, 128.0, 128.6, 127.6, 127.3, 127.6, 128.2, 128.0, 128.3, 128.7, 128.3, 128.1, 128.0, 128.7, 128.3, 127.7, 128.7, 128.1, 128.7, 127.7, 128.3, 128.3, 128.1, 128.3, 128.0, 128.3, 128.3, 128.0, 127.3, 128.0, 128.0, 128.0, 128.0, 128.0, 128.8, 128.3, 127.6, 128.3, 127.7, 128.7, 127.7, 128.7]"
2,"[144.1, 142.2, 142.8, 140.8, 141.2, 141.0, 142.2, 142.8, 141.6, 141.8, 143.8, 142.0, 142.2, 142.8, 143.7, 144.3, 143.0, 143.2, 143.0, 144.3, 143.7, 144.1, 143.8, 143.0, 142.4, 142.8, 143.2, 143.7, 143.0, 144.3, 143.2, 144.3, 143.8, 143.8, 143.7, 143.0, 142.0, 143.5, 143.7, 144.3, 143.2, 143.7, 143.7, 143.5, 144.1, 144.4, 144.3, 144.3, 143.8, 142.6, 143.7, 142.4, 143.2, 142.8, 143.7, 143.7, 143.5, 142.6, 143.7, 141.8, 143.8, 142.8, 143.0, 142.6, 142.8, 141.8, 141.8, 143.7, 142.8, 141.8, 142.8, 143.0, 143.7, 141.8, 142.6, 142.4, 142.8, 142.2, 143.2, 141.8, 142.6, 143.7, 143.0, 142.4, 143.5, 142.6, 143.2, 142.4, 143.5, 142.2, 143.0, 143.5, 142.8, 143.4, 142.6, 142.6, 143.0, 143.7, 142.4, 142.2, 143.7, 142.6, 142.6, 142.6, 142.6, 144.3, 143.5, 143.0, 143.0, 143.7, 142.4, 143.5, 142.8, 142.4, 142.6, 143.7, 142.2, 142.8, 142.6, 142.6, 143.7, 142.6, 143.0, 142.8, 142.8, 142.2, 141.2, 141.2, 140.6, 141.6, 141.6, 142.2, 142.0, 142.2, 142.6, 141.8, 141.6, 142.0, 142.2, 141.8, 141.2, 142.4, 141.6, 141.8, 141.6, 142.4, 143.0, 142.4, 142.6, 141.8, 141.8, 141.6, 141.2, 141.2, 141.6, 141.0, 141.6, 142.2, 141.8, 141.6, 141.6, 141.8, 142.4, 142.4, 141.8, 141.8, 142.4, 141.8, 141.8, 141.8, 141.6, 141.6, 141.0, 141.0, 142.2, 142.2, 142.2, 142.4, 142.8, 142.2, 141.8, 142.6, 143.0, 142.6, 142.4, 142.8, 142.4, 142.8, 142.4, 142.4, 143.0, 143.0, 143.0, 141.6, 143.0, 142.4, 142.8, 142.4, 142.2, 142.2, 141.4, 141.2, 140.7, 140.3, 141.4, 142.2, 142.4, 142.2, 143.0, 143.0, 142.8, 142.2, 142.2, 143.0, 143.0, 142.4, 142.2, 141.8, 142.4, 141.8, 142.4, 141.6, 141.6, 142.4, 142.4, 142.4, 142.4, 141.8, 142.4, 141.8, 142.0, 141.8, 140.6, 142.4, 142.4, 141.6, 141.8, 141.8, 142.8, 142.4, 143.0, 142.2, 142.2, 142.2, 142.4, 142.2, 142.8, 142.2, 142.8, 142.4, 142.4, 141.6, 142.2, 142.4, 142.2, 142.8, 142.2, 142.2, 142.0, 142.8, 141.4, 142.8, 142.8, 142.8, 142.2, 142.8, 142.8, 142.2, 142.4, 142.2, 142.4, 142.0, 142.2, 142.2, 142.8, 142.2, 142.2, 142.2, 141.2, 141.0, 141.0, 141.0, 140.8, 141.4, 141.4, 140.8, 141.4, 140.6, 140.8, 141.4, 142.0, 142.0, 142.2, 142.8, 142.8, 142.2, 142.2, 141.6, 141.6, 141.6, 142.0, 141.6, 142.2, 142.2, 142.2, 142.8, 142.0, 141.2, 141.8, 141.2, 141.4, 141.8, 141.4, 141.4, 141.4, 142.2, 142.2, 142.2, 142.2, 142.2, 142.4, 142.8, 142.2, 142.2, 142.8, 142.2, 142.8, 142.8, 142.2, 141.4, 141.2, 141.0, 140.7, 141.2, 141.4, 141.4, 141.4, 142.0, 142.8, 142.2, 142.2, 142.2, 141.6, 142.8, 142.2, 142.8, 142.8, 142.8, 142.8, 142.2, 142.2, 142.2, 141.6, 142.8, 142.8, 142.2, 141.4, 141.4, 141.4, 141.4, 141.4, 141.6, 142.2, 142.2, 141.6, 142.2, 142.2, 142.2, 141.6, 141.6, 141.6, 141.4, 141.4, 141.4, 142.0, 142.2, 141.6, 141.4, 141.4, 142.0, 142.0, 142.0, 142.2, 142.2, 142.2, 142.8, 142.8, 142.2, 142.2, 142.8, 142.8, 143.5, 142.8, 143.3, 142.2, 142.8, 144.1, 144.3, 142.8, 142.8, 143.5, 142.8, 142.2, 142.8, 142.8, 142.8, 142.8, 143.5, 142.8, 142.8, 143.3, 142.8, 143.7, 143.7, 144.1, 143.7, 142.8, 143.5, 143.7, 142.8, 143.0, 143.5, 143.5, 143.5, 143.0, 143.0, 144.1, 144.1, 144.3, 143.9, 143.5, 142.8, 142.6, 143.5, 143.9, 143.3, 143.3, 142.8, 143.3, 142.2, 142.4, 142.6, 142.6, 142.6, 142.6, 143.3, 143.5, 142.6, 142.2, 142.6, 142.2, 143.3, 143.5, 142.8, 142.8, 142.8, 142.6, 143.5, 143.5, 143.5, 143.5, 143.3, 143.3, 143.3, 143.9, 143.1, 143.3, 142.6, 143.3, 142.0, 143.3, 142.0, 142.0, 143.3, 142.0, 142.6, 143.3, 142.8, 142.0, 141.4, 142.0, 142.0, 142.8, 142.6, 142.6, 142.6, 142.0, 142.0, 142.0, 142.6, 142.6, 142.0, 142.0, 142.8, 142.6, 142.0, 142.6, 142.6, 142.0, 142.6, 141.6, 142.2, 142.0, 142.2, 142.6, 142.6, 142.6, 143.5, 142.8, 142.2, 142.8, 142.6, 143.3, 142.0, 142.0, 142.0, 142.6, 143.5, 142.2, 144.1, 143.0, 142.8, 143.5, 143.5, 142.6, 143.9, 143.7, 142.0, 142.0, 142.6, 142.0, 142.0, 142.2, 142.0, 142.0, 142.0, 142.0, 142.0, 142.0, 141.4, 142.0, 141.8, 142.0, 142.0, 142.6, 141.4, 141.2, 141.4, 141.2, 142.0, 142.0, 142.0, 142.0, 142.6, 142.2, 142.0, 140.8, 140.8, 140.8, 143.9, 142.6, 142.6, 142.6, 142.6, 144.1, 142.0, 142.0, 143.3, 142.6, 142.6, 142.0, 142.0, 142.0, 142.0, 142.0, 141.4, 142.0, 142.0, 142.4, 142.0, 142.8, 142.2, 142.6, 142.0, 142.0, 142.2, 142.6, 142.0, 142.0, 142.8, 142.6, 142.6, 142.4, 141.6, 142.2, 144.1, 144.1, 142.8, 142.2, 142.8]"
2,"[142.2, 141.4, 141.4, 140.6, 139.9, 139.9, 140.6, 140.4, 140.8, 141.0, 141.4, 141.4, 141.0, 140.8, 141.0, 141.2, 140.8, 140.8, 140.4, 141.0, 142.2, 141.4, 142.2, 142.6, 143.3, 142.8, 142.8, 142.8, 142.2, 142.8, 140.8, 141.6, 142.0, 141.4, 141.4, 142.0, 141.0, 141.2, 141.0, 141.4, 141.4, 141.0, 140.8, 139.8, 141.0, 140.8, 141.0, 139.9, 140.4, 140.8, 141.0, 141.0, 140.4, 140.4, 140.4, 140.8, 140.8, 140.2, 140.2, 140.2, 141.0, 141.4, 141.4, 141.0, 141.8, 141.6, 142.0, 141.4, 141.4, 140.8, 140.8, 140.8, 140.8, 141.4, 140.8, 141.0, 141.0, 140.4, 140.8, 140.8, 141.0, 141.6, 140.8, 141.4, 141.4, 141.0, 141.0, 141.4, 141.6, 141.2, 140.8, 140.8, 141.0, 140.8, 140.8, 141.4, 141.4, 141.0, 140.8, 141.4, 140.8, 141.4, 142.2, 141.4, 141.4, 141.4, 141.2, 140.8, 141.8, 142.4, 142.4, 141.8, 141.6, 141.0, 141.0, 140.4, 141.0, 142.0, 142.0, 142.2, 142.2, 142.2, 142.2, 142.0, 141.0, 142.2, 145.6, 145.0, 142.6, 141.6, 142.0, 141.0, 140.4, 141.0, 141.0, 141.0, 141.0, 140.4, 141.4, 141.0, 140.8, 140.6, 140.4, 140.2, 141.0, 140.2, 141.0, 141.6, 140.8, 141.6, 141.4, 141.4, 141.6, 141.0, 141.6, 142.2, 142.4, 142.8, 142.2, 142.4, 142.4, 142.2, 142.8, 143.0, 142.0, 143.0, 142.2, 141.8, 142.2, 142.8, 143.0, 142.8, 142.8, 142.2, 141.6, 142.4, 142.8, 142.2, 142.2, 141.6, 141.6, 142.8, 142.8, 142.2, 141.6, 141.6, 141.6, 141.8, 142.2, 141.6, 141.6, 141.6, 142.2, 141.6, 141.0, 140.4, 141.0, 141.0, 140.4, 141.0, 141.0, 140.4, 141.2, 140.8, 141.0, 141.0, 141.2, 141.2, 141.0, 141.0, 141.0, 141.6, 141.6, 141.0, 141.4, 141.8, 141.6, 141.0, 141.0, 140.6, 141.0, 140.8, 141.2, 140.4, 141.6, 142.0, 141.6, 142.2, 141.6, 141.6, 141.6, 141.8, 141.6, 141.0, 141.2, 141.6, 141.6, 141.8, 142.4, 142.4, 142.2, 142.6, 142.8, 142.8, 141.6, 142.2, 142.2, 142.2, 142.2, 142.2, 142.2, 142.2, 141.6, 142.8, 141.6, 142.2, 142.0, 142.2, 142.8, 142.2, 142.2, 141.4, 141.4, 141.4, 142.0, 140.8, 140.6, 141.0, 141.4, 140.8, 140.8, 141.2, 141.2, 141.2, 141.2, 141.2, 141.0, 141.8, 141.8, 141.4, 142.0, 141.4, 142.0, 142.2, 142.4, 142.4, 142.4, 142.4, 143.0, 142.6, 142.2, 142.4, 142.2, 142.4, 142.4, 142.2, 142.2, 142.2, 142.4, 142.2, 141.6, 142.2, 142.6, 141.2, 141.0, 140.7, 139.6, 140.1, 141.0, 140.3, 141.0, 142.0, 141.2, 141.4, 142.0, 142.2, 142.0, 141.4, 141.8, 141.8, 142.0, 142.0, 142.0, 142.2, 142.0, 142.8, 142.2, 142.0, 142.6, 142.0, 142.0, 142.0, 142.0, 141.4, 141.4, 141.2, 140.1, 140.1, 139.9, 141.4, 140.7, 141.6, 141.6, 141.2, 142.4, 141.4, 141.4, 141.6, 141.8, 141.8, 142.0, 141.4, 141.4, 141.4, 142.0, 141.8, 142.0, 142.0, 141.4, 141.2, 141.8, 141.2, 141.2, 141.8, 141.2, 141.0, 141.6, 141.2, 141.8, 141.0, 141.6, 141.6, 141.0, 141.0, 141.6, 141.6, 141.8, 141.0, 140.8, 142.4, 142.0, 142.0, 141.6, 141.6, 141.4, 142.2, 141.4, 141.6, 142.2, 141.6, 141.6, 141.6, 142.2, 142.2, 142.2, 142.2, 142.2, 142.2, 142.2, 142.0, 142.2, 142.2, 141.6, 141.6, 141.4, 142.2, 142.8, 142.8, 142.2, 143.0, 142.4, 141.8, 141.6, 142.2, 142.2, 142.8, 142.8, 142.8, 142.2, 141.6, 142.2, 142.2, 142.8, 142.2, 142.2, 142.2, 142.2, 142.2, 142.0, 142.0, 142.2, 141.6, 142.2, 142.0, 142.2, 142.2, 141.6, 140.8, 141.0, 141.4, 141.6, 141.4, 142.2, 140.8, 142.2, 141.8, 142.0, 141.6, 141.4, 141.6, 141.4, 141.0, 142.2, 141.6, 141.0, 141.0, 141.6, 141.0, 141.8, 142.0, 142.0, 142.0, 141.0, 141.0, 141.0, 141.0, 141.0, 141.0, 141.4, 141.2, 141.0, 141.0, 141.0, 141.6, 140.8, 141.6, 141.0, 141.6, 141.6, 141.0, 142.0, 142.8, 142.8, 142.2, 142.2, 142.2, 142.8, 142.6, 142.6, 141.0, 141.6, 140.8, 141.0, 140.8, 141.0, 141.6, 141.6, 141.6, 141.6, 141.6, 142.8, 142.2, 142.2, 142.8, 142.2, 142.2, 142.0, 142.0, 141.0, 142.6, 142.6, 141.0, 142.2, 141.6, 141.6, 141.6, 141.6, 141.6, 141.6, 142.0, 141.6, 141.6, 141.4, 141.6, 141.6, 141.6, 141.6, 142.2, 142.8, 142.0, 142.6, 142.2, 142.2, 142.2, 142.0, 142.2, 143.3, 142.8, 141.4, 142.2, 142.2, 142.8, 142.8, 142.2, 141.6, 141.6, 142.2, 141.0, 141.6, 141.6, 141.6, 141.6, 141.8, 142.2, 142.8, 142.2, 141.8, 141.4, 141.0, 141.6, 141.6, 140.4, 141.0, 141.6, 141.6, 141.6, 140.8, 141.6, 141.0, 141.6, 141.6, 141.4, 141.6, 141.6, 141.6, 141.6, 141.6, 141.6, 141.6, 141.4, 141.6, 141.2, 141.2, 140.8, 140.2, 141.2, 141.4, 141.4, 141.4, 141.4, 141.4, 141.4, 141.6, 142.8, 142.8, 141.8, 142.2, 141.6, 141.0, 141.0]"
2,"[142.0, 142.2, 142.2, 141.4, 140.2, 140.0, 140.4, 140.8, 141.4, 140.8, 140.2, 140.8, 141.4, 140.2, 140.2, 140.2, 140.2, 140.2, 140.2, 140.8, 140.2, 140.8, 140.8, 140.8, 140.2, 140.6, 140.2, 140.8, 140.8, 140.8, 140.8, 140.8, 140.8, 140.2, 140.8, 140.8, 140.2, 140.8, 140.8, 140.2, 141.4, 141.4, 141.4, 141.4, 142.0, 140.8, 141.2, 142.0, 141.2, 140.6, 140.8, 141.4, 141.4, 140.6, 141.4, 141.4, 141.4, 141.8, 140.8, 141.0, 141.4, 141.2, 141.2, 141.2, 141.2, 141.2, 141.8, 141.0, 141.0, 141.6, 141.0, 141.0, 141.2, 141.4, 142.2, 141.6, 140.8, 142.0, 141.4, 142.2, 142.0, 142.0, 142.2, 142.2, 141.0, 141.0, 141.0, 141.0, 141.4, 142.0, 141.8, 141.8, 141.6, 141.0, 141.2, 142.0, 141.4, 142.0, 142.2, 143.3, 142.8, 142.2, 142.4, 142.4, 142.2, 141.8, 141.6, 141.8, 141.8, 142.4, 142.4, 141.2, 141.4, 142.0, 142.4, 142.0, 141.4, 141.6, 141.6, 142.0, 142.2, 142.2, 141.8, 142.4, 142.0, 141.8, 141.4, 141.8, 141.8, 141.8, 141.4, 141.6, 141.6, 141.6, 141.6, 142.4, 142.4, 142.2, 141.6, 141.6, 141.6, 140.4, 140.4, 141.0, 141.0, 141.0, 140.6, 141.0, 141.0, 141.2, 141.2, 141.2, 141.0, 141.6, 141.8, 141.6, 141.4, 142.2, 141.6, 141.6, 141.8, 142.2, 141.2, 140.8, 141.6, 140.1, 139.2, 139.6, 140.5, 141.0, 141.8, 141.2, 141.4, 142.0, 142.0, 142.2, 142.2, 142.2, 142.2, 142.2, 142.2, 142.2, 142.0, 142.2, 142.0, 141.4, 142.0, 141.8, 142.0, 142.0, 142.0, 142.2, 142.0, 142.2, 142.0, 142.0, 142.0, 142.6, 142.0, 141.4, 141.2, 142.0, 141.8, 142.0, 142.0, 142.0, 142.0, 141.8, 141.8, 142.0, 142.4, 141.8, 142.0, 142.6, 142.2, 141.4, 141.4, 141.4, 141.8, 141.0, 141.2, 141.2, 141.2, 141.4, 141.2, 141.2, 141.0, 141.8, 141.8, 141.8, 141.8, 141.8, 141.8, 141.8, 141.8, 141.8, 141.8, 141.6, 141.6, 141.8, 141.8, 142.0, 141.6, 141.6, 141.0, 141.0, 142.4, 141.2, 141.8, 141.8, 141.8, 142.0, 141.4, 142.0, 141.2, 141.8, 141.2, 142.4, 141.8, 141.2, 141.2, 141.2, 141.0, 141.2, 141.0, 141.0, 141.0, 141.2, 141.0, 141.0, 140.7, 140.1, 140.1, 140.1, 140.1, 140.1, 140.1, 139.9, 140.1, 140.1, 140.7, 141.2, 140.3, 141.0, 141.8, 141.2, 141.8, 141.0, 141.8, 141.8, 141.6, 141.4, 141.4, 141.2, 141.2, 142.0, 141.8, 141.2, 141.2, 141.2, 141.2, 141.0, 141.0, 141.0, 139.5, 140.3, 140.3, 141.0, 139.9, 139.2, 138.0, 138.0, 137.6, 138.6, 138.6, 138.6, 138.6, 139.2, 139.5, 139.9, 139.5, 140.1, 140.1, 140.1, 140.1, 140.3, 140.1, 140.1, 140.1, 140.7, 140.1, 141.2, 140.3, 139.5, 139.5, 140.1, 140.1, 139.9, 139.5, 140.1, 140.1, 140.1, 140.7, 140.1, 140.1, 140.7, 141.0, 140.7, 140.7, 140.3, 139.9, 139.0, 138.6, 138.9, 138.2, 138.6, 139.5, 139.2, 139.9, 139.5, 140.3, 139.5, 139.2, 140.1, 140.1, 139.2, 139.2, 139.2, 139.5, 139.5, 138.6, 139.2, 138.9, 138.4, 138.4, 139.0, 139.5, 139.2, 139.2, 139.2, 139.2, 139.2, 138.6, 138.4, 139.5, 138.4, 138.4, 139.2, 138.1, 137.5, 137.5, 138.4, 138.4, 137.7, 138.4, 139.2, 139.0, 139.5, 141.0, 140.7, 140.3, 140.7, 141.6, 141.0, 141.8, 141.0, 141.4, 142.0, 141.8, 141.2, 141.8, 142.0, 141.8, 142.0, 141.8, 141.8, 141.2, 141.8, 141.8, 141.6, 141.2, 141.2, 141.2, 141.8, 141.8, 141.8, 141.2, 142.0, 141.2, 142.0, 141.4, 142.0, 142.6, 142.0, 142.0, 141.4, 142.0, 143.0, 141.6, 141.6, 141.8, 141.6, 141.6, 141.0, 141.8, 142.2, 140.6, 141.0, 140.8, 140.4, 140.2, 140.4, 139.8, 140.2, 140.4, 140.8, 140.8, 140.2, 140.8, 139.6, 139.8, 139.6, 140.2, 140.4, 141.0, 140.4, 140.4, 140.4, 140.4, 140.2, 140.4, 140.0, 140.4, 140.4, 140.0, 140.6, 140.4, 140.0, 139.8, 140.0, 140.4, 141.2, 140.4, 141.2, 141.2, 140.0, 141.2, 140.4, 140.4, 140.8, 140.6, 140.6, 141.2, 141.2, 141.2, 141.2, 142.0, 142.0, 141.0, 141.2, 141.4, 141.2, 141.2, 141.8, 141.8, 141.6, 142.6, 141.2, 141.2, 141.2, 141.8, 141.8, 142.0, 141.4, 141.4, 141.2, 142.4, 141.2, 141.2, 141.2, 141.4, 142.0, 141.8, 141.8, 141.8, 141.8, 141.8, 141.8, 141.8, 142.4, 142.4, 142.0, 141.6, 142.4, 141.8, 141.2, 141.2, 141.8, 141.6, 142.0, 141.8, 141.8, 141.8, 142.4, 141.8, 141.8, 141.2, 141.2, 141.2, 142.4, 141.2, 141.0, 141.2, 141.2, 141.8, 142.6, 142.4, 141.2, 141.8, 142.6, 142.4, 141.8, 142.6, 142.0, 141.8, 142.0, 141.8, 142.4, 142.4, 141.8, 141.8, 141.8, 141.2, 142.4, 141.0, 140.6, 140.4, 140.4, 141.0, 140.8, 141.0, 140.4, 140.8, 140.4, 140.4, 141.0, 140.4, 141.0, 140.4, 141.0, 141.2, 141.0, 141.2, 141.2, 141.2, 141.2, 141.0, 141.8, 141.8, 141.2]"
2,"[144.8, 143.9, 142.0, 142.4, 141.4, 141.4, 141.4, 142.2, 141.6, 142.2, 142.2, 142.2, 141.6, 141.4, 141.6, 142.2, 141.6, 142.2, 142.2, 142.2, 142.0, 142.2, 142.2, 142.0, 142.2, 141.6, 141.6, 142.2, 142.2, 142.2, 142.8, 142.2, 143.5, 142.2, 143.5, 141.6, 141.6, 141.8, 142.2, 141.4, 142.2, 142.0, 142.2, 141.6, 142.2, 142.0, 142.2, 142.2, 141.6, 141.6, 142.2, 142.0, 142.2, 141.6, 142.0, 141.6, 142.0, 142.2, 141.6, 141.6, 141.6, 141.6, 141.6, 142.2, 142.0, 142.2, 141.6, 141.6, 142.2, 142.8, 142.2, 142.8, 142.2, 143.0, 143.5, 142.6, 143.5, 142.8, 144.3, 142.6, 142.2, 142.2, 142.2, 142.4, 142.2, 142.0, 142.8, 144.3, 144.7, 144.1, 142.8, 143.7, 142.6, 142.8, 141.6, 142.6, 142.2, 143.3, 142.4, 143.0, 142.0, 142.4, 142.2, 142.6, 143.0, 142.6, 143.0, 143.0, 142.8, 142.8, 142.6, 142.2, 142.2, 142.2, 142.8, 142.2, 142.6, 142.6, 142.0, 142.8, 142.0, 142.2, 142.2, 142.8, 143.7, 142.4, 142.2, 141.4, 141.0, 141.6, 142.0, 142.2, 141.2, 141.0, 141.8, 140.7, 140.7, 141.6, 141.0, 141.8, 141.0, 141.6, 140.7, 139.9, 139.9, 140.7, 141.4, 141.6, 141.2, 141.8, 141.8, 141.0, 141.0, 141.6, 141.8, 142.4, 141.0, 141.0, 141.2, 141.2, 141.8, 141.8, 141.4, 141.8, 141.8, 141.8, 141.8, 141.6, 141.6, 141.6, 141.0, 139.9, 138.8, 137.6, 137.5, 137.8, 138.4, 139.2, 140.7, 140.1, 139.5, 139.5, 139.2, 139.2, 138.4, 139.2, 139.2, 138.1, 137.8, 135.7, 135.7, 135.7, 135.7, 136.3, 136.6, 136.3, 137.8, 137.5, 137.8, 137.5, 137.5, 137.5, 137.2, 135.3, 134.7, 134.1, 132.9, 132.6, 133.8, 133.8, 134.7, 134.4, 134.4, 134.1, 133.8, 134.4, 134.1, 133.5, 132.9, 132.3, 132.6, 132.0, 132.6, 132.6, 132.3, 133.5, 133.2, 132.9, 132.6, 132.6, 132.9, 132.9, 132.6, 131.6, 131.3, 132.2, 131.6, 131.0, 131.0, 131.9, 131.0, 131.3, 131.0, 130.6, 130.6, 131.3, 131.0, 131.6, 131.3, 131.3, 131.6, 130.9, 130.3, 130.3, 129.6, 129.3, 129.0, 129.0, 128.0, 129.0, 129.0, 129.3, 129.3, 128.1, 129.0, 127.3, 128.0, 128.0, 129.0, 128.6, 129.0, 129.0, 128.7, 128.3, 129.3, 129.0, 127.7, 128.7, 127.3, 128.6, 128.6, 128.6, 128.3, 127.3, 128.7, 129.0, 128.1, 128.3, 129.3, 129.7, 128.7, 129.0, 129.0, 129.0, 128.3, 128.3, 128.0, 127.6, 127.3, 128.0, 127.3, 128.0, 128.3, 128.3, 129.3, 129.3, 128.3, 129.1, 127.3, 128.0, 128.0, 128.0, 127.0, 127.7, 127.3, 126.7, 126.7, 127.7, 127.3, 127.3, 126.7, 127.7, 127.0, 127.7, 127.7, 127.6, 127.6, 127.6, 127.6, 127.6, 127.6, 127.2, 127.0, 127.0, 127.2, 127.6, 126.6, 127.6, 127.6, 127.2, 127.2, 127.8, 126.6, 128.2, 127.6, 128.0, 127.0, 128.0, 127.6, 127.3, 126.7, 127.0, 127.6, 127.2, 127.2, 127.2, 127.2, 127.0, 127.6, 126.7, 128.0, 128.0, 126.7, 127.1, 127.0, 127.3, 127.3, 127.7, 127.7, 127.7, 127.3, 127.3, 128.1, 127.3, 127.3, 127.7, 127.7, 126.7, 127.0, 128.3, 128.0, 128.3, 127.7, 127.3, 126.7, 128.7, 127.3, 128.3, 127.3, 127.3, 128.0, 127.7, 126.7, 128.3, 129.7, 130.1, 131.6, 132.0, 133.2, 133.2, 133.8, 134.7, 134.4, 134.7, 134.4, 134.9, 135.3, 135.3, 135.9, 135.9, 135.9, 135.3, 135.9, 136.2, 136.2, 136.2, 135.9, 136.5, 136.5, 135.9, 135.3, 134.4, 134.7, 134.7, 134.1, 132.9, 133.5, 132.9, 132.6, 134.1, 134.1, 134.1, 134.1, 133.5, 133.5, 133.8, 134.1, 134.4, 134.1, 134.1, 134.1, 133.5, 133.2, 132.9, 132.6, 132.0, 131.3, 131.6, 132.9, 133.5, 134.1, 134.4, 134.6, 134.4, 134.7, 135.3, 134.9, 134.7, 134.7, 135.9, 135.9, 136.8, 136.1, 136.1, 136.1, 135.3, 135.2, 134.4, 133.2, 133.2, 133.5, 133.5, 133.5, 133.5, 133.5, 134.1, 134.7, 134.7, 134.4, 134.9, 134.7, 134.9, 134.9, 134.1, 134.7, 135.5, 136.1, 135.3, 135.3, 134.9, 135.5, 134.7, 134.7, 135.3, 134.4, 134.4, 135.3, 135.3, 135.0, 134.4, 135.5, 134.7, 135.3, 135.0, 135.3, 135.3, 135.3, 135.9, 135.9, 135.9, 135.9, 135.9, 135.9, 136.5, 135.9, 135.6, 135.9, 135.9, 135.9, 135.9, 135.6, 136.2, 136.2, 136.2, 136.5, 136.2, 136.5, 136.5, 135.9, 135.9, 136.5, 136.5, 136.1, 136.2, 137.1, 136.8, 136.5, 136.5, 136.8, 136.2, 135.9, 136.5, 135.9, 136.5, 135.9, 135.9, 136.5, 135.9, 136.5, 135.6, 135.9, 135.6, 136.1, 135.6, 136.5, 135.9, 135.9, 136.5, 136.8, 136.5, 136.5, 136.5, 136.8, 136.8, 136.5, 136.5, 137.4, 137.1, 136.5, 137.4, 136.5, 137.1, 136.5, 136.8, 136.5, 136.5, 137.1, 137.1, 137.7, 136.5, 136.5, 137.1, 136.5, 136.5, 136.8, 137.4, 137.4, 137.4, 136.5, 137.1, 137.1, 136.5, 136.8, 137.1, 137.4, 136.5, 137.4, 137.1, 137.1, 137.7]"
2,"[141.0, 142.2, 141.8, 140.2, 141.4, 141.2, 140.8, 142.6, 142.4, 142.4, 141.8, 142.4, 142.4, 141.8, 142.2, 142.0, 142.0, 142.4, 142.4, 142.2, 142.8, 142.4, 141.8, 141.8, 141.4, 141.8, 142.2, 142.4, 141.4, 141.8, 142.4, 142.4, 142.2, 141.8, 141.8, 141.8, 141.2, 141.8, 142.8, 142.2, 141.8, 142.4, 142.2, 141.6, 142.4, 141.8, 141.4, 142.2, 142.4, 142.4, 141.8, 142.4, 142.4, 141.6, 141.6, 142.4, 141.8, 143.0, 142.4, 141.8, 141.8, 142.4, 143.0, 141.8, 142.2, 142.8, 142.4, 142.4, 141.2, 142.4, 142.4, 143.0, 143.0, 143.0, 141.8, 142.4, 142.4, 141.8, 143.0, 142.2, 141.6, 142.4, 141.6, 141.8, 141.0, 141.8, 142.4, 141.8, 141.8, 141.6, 141.8, 142.2, 142.4, 143.0, 143.0, 142.8, 142.4, 143.0, 143.0, 141.8, 142.4, 141.6, 141.8, 142.8, 142.4, 141.8, 143.0, 143.7, 143.5, 143.0, 143.7, 143.0, 143.7, 142.4, 141.8, 141.6, 143.0, 142.8, 141.2, 141.6, 141.6, 143.0, 143.7, 143.0, 142.4, 142.8, 142.8, 142.2, 142.8, 143.0, 142.4, 142.8, 141.8, 141.6, 141.6, 141.6, 141.8, 141.8, 141.6, 141.6, 142.8, 141.6, 142.2, 141.6, 142.2, 142.4, 142.4, 142.4, 142.4, 142.2, 142.2, 141.8, 141.8, 142.4, 142.4, 142.2, 143.0, 142.2, 142.2, 142.8, 142.2, 142.2, 142.2, 142.0, 140.1, 140.7, 141.0, 141.2, 142.0, 142.0, 141.8, 141.8, 142.0, 142.0, 142.0, 142.2, 142.0, 142.2, 142.2, 141.4, 141.8, 141.0, 140.1, 138.6, 139.0, 138.6, 137.5, 138.4, 140.1, 139.9, 140.1, 139.0, 139.0, 139.2, 138.6, 138.4, 138.6, 139.2, 140.1, 139.6, 139.9, 139.9, 139.9, 140.1, 139.0, 139.2, 139.2, 139.9, 138.1, 137.5, 137.7, 136.8, 138.1, 137.5, 138.6, 138.4, 139.2, 140.3, 139.5, 140.3, 140.3, 141.2, 140.7, 141.6, 140.1, 138.6, 136.2, 135.9, 134.1, 133.2, 134.4, 135.3, 136.5, 137.1, 138.0, 138.6, 137.5, 138.9, 139.7, 139.1, 139.7, 139.7, 139.5, 139.7, 139.7, 140.6, 140.3, 140.1, 140.3, 140.1, 141.2, 141.0, 141.4, 141.2, 139.7, 138.6, 137.5, 136.2, 135.0, 135.3, 135.6, 135.6, 135.3, 135.9, 135.0, 134.7, 134.4, 134.1, 133.8, 133.8, 133.8, 134.4, 134.7, 135.5, 135.3, 135.5, 134.7, 134.4, 133.5, 132.6, 132.9, 132.0, 132.2, 132.6, 132.6, 132.6, 132.6, 133.2, 134.1, 133.8, 134.1, 133.5, 132.9, 133.2, 132.9, 132.6, 132.0, 132.6, 133.2, 132.0, 131.6, 131.3, 131.3, 131.3, 131.6, 132.0, 132.0, 133.2, 133.8, 132.6, 133.8, 133.8, 133.8, 134.1, 134.1, 134.4, 133.8, 134.1, 132.9, 133.2, 132.9, 131.0, 131.0, 131.6, 132.0, 132.6, 134.1, 133.5, 134.4, 135.0, 135.6, 136.2, 136.2, 136.2, 135.9, 136.5, 137.1, 136.5, 136.8, 136.5, 136.5, 136.2, 136.8, 136.8, 137.1, 137.1, 137.1, 137.1, 137.1, 137.1, 137.4, 136.5, 133.8, 133.2, 132.0, 131.6, 131.6, 133.2, 132.6, 132.9, 132.6, 133.8, 133.8, 133.2, 132.6, 132.9, 133.8, 134.1, 133.5, 133.2, 133.8, 133.2, 133.5, 133.5, 133.2, 133.5, 131.6, 132.9, 131.3, 131.3, 131.9, 131.6, 133.2, 131.6, 133.2, 132.9, 132.6, 132.6, 132.6, 132.9, 132.2, 132.2, 132.6, 132.6, 132.6, 132.6, 133.5, 133.2, 132.9, 132.9, 134.1, 134.4, 135.9, 136.5, 136.2, 138.4, 139.5, 140.1, 141.0, 141.8, 141.8, 140.3, 140.1, 139.2, 138.6, 136.8, 137.5, 136.2, 135.7, 134.7, 134.1, 135.0, 135.0, 135.0, 135.7, 136.8, 137.7, 136.8, 137.1, 136.8, 136.8, 137.5, 137.7, 137.5, 137.1, 137.5, 137.1, 137.1, 137.1, 137.7, 137.1, 137.5, 137.1, 137.5, 136.8, 137.7, 137.7, 138.0, 138.6, 139.2, 139.5, 138.6, 138.6, 139.5, 138.6, 138.6, 138.0, 138.9, 138.6, 138.4, 137.7, 138.6, 138.2, 138.0, 138.6, 137.4, 138.6, 138.0, 138.0, 138.6, 138.0, 138.4, 138.6, 138.6, 137.7, 138.6, 138.6, 137.4, 138.6, 138.4, 137.7, 137.7, 138.0, 138.4, 138.0, 138.4, 138.6, 138.6, 138.6, 138.6, 138.9, 138.4, 138.6, 138.6, 138.6, 138.6, 139.2, 138.6, 138.6, 139.5, 139.0, 139.2, 139.2, 139.0, 139.5, 139.2, 139.5, 140.1, 139.7, 139.9, 139.5, 139.5, 139.5, 139.2, 140.1, 140.1, 140.3, 139.7, 139.5, 139.7, 139.5, 140.1, 139.5, 139.2, 139.5, 140.3, 139.2, 140.1, 140.1, 140.1, 139.2, 139.5, 139.5, 139.7, 139.5, 140.3, 140.3, 139.5, 139.5, 139.9, 140.3, 140.1, 139.7, 140.3, 140.3, 141.0, 141.0, 140.3, 140.8, 140.6, 140.1, 141.0, 140.3, 140.6, 140.6, 139.9, 140.6, 140.1, 139.7, 140.3, 140.6, 140.6, 140.3, 140.6, 140.6, 140.3, 141.0, 140.3, 139.9, 140.8, 140.6, 140.6, 140.6, 140.6, 140.6, 140.6, 140.6, 140.6, 140.3, 139.9, 140.3, 140.6, 140.3, 141.2, 140.6, 141.2, 141.4, 140.3, 140.6, 140.6, 141.2, 139.7, 140.6, 140.3, 141.0, 140.3, 140.3, 140.1, 140.3, 140.3]"
2,"[141.6, 140.5, 140.6, 140.1, 138.2, 138.0, 138.0, 138.9, 138.6, 139.5, 140.3, 141.2, 140.1, 141.0, 139.9, 140.1, 140.7, 139.9, 141.0, 140.1, 140.1, 140.7, 139.9, 139.9, 140.1, 139.5, 139.9, 140.1, 140.1, 139.5, 140.3, 140.3, 140.7, 141.6, 141.0, 141.8, 142.0, 142.2, 141.6, 142.0, 141.4, 142.0, 142.0, 142.2, 142.0, 141.6, 142.2, 142.2, 142.2, 141.6, 142.2, 142.8, 142.2, 142.0, 142.2, 141.8, 142.0, 141.4, 141.2, 141.6, 141.2, 141.8, 141.8, 141.2, 141.8, 141.2, 141.8, 141.8, 141.8, 142.4, 141.8, 142.0, 142.6, 141.4, 141.8, 142.0, 141.2, 142.4, 141.4, 142.6, 142.4, 141.8, 141.8, 142.6, 142.4, 142.4, 141.8, 141.8, 141.8, 142.2, 142.6, 142.2, 142.6, 142.6, 142.8, 142.6, 142.0, 142.0, 142.8, 142.0, 141.4, 142.0, 142.0, 142.6, 142.8, 142.0, 142.0, 142.6, 142.2, 142.8, 142.8, 142.0, 141.8, 142.0, 142.0, 142.2, 142.6, 142.0, 142.0, 142.8, 142.6, 142.0, 142.2, 142.0, 142.0, 142.0, 141.6, 141.6, 141.0, 141.6, 141.6, 141.0, 141.0, 141.4, 141.0, 142.2, 142.0, 142.0, 142.0, 142.0, 141.8, 141.4, 142.0, 141.8, 141.2, 141.8, 141.4, 142.0, 141.6, 141.4, 141.2, 140.5, 140.7, 141.4, 142.0, 142.0, 142.0, 142.0, 142.6, 141.8, 141.4, 141.8, 140.7, 140.5, 139.0, 139.0, 137.7, 138.1, 137.7, 137.5, 136.3, 135.9, 135.3, 134.4, 135.3, 135.9, 135.7, 135.0, 136.8, 136.8, 135.7, 135.7, 135.7, 134.7, 135.0, 135.0, 135.0, 134.7, 134.7, 134.4, 133.2, 134.1, 133.5, 133.5, 133.5, 132.9, 133.5, 133.5, 133.8, 133.5, 133.2, 133.8, 133.8, 133.5, 133.8, 133.2, 133.2, 133.2, 132.5, 132.9, 133.5, 133.2, 132.5, 131.6, 131.9, 131.3, 132.2, 132.2, 131.6, 131.9, 131.9, 131.9, 131.9, 131.9, 131.0, 132.2, 131.0, 131.3, 131.3, 131.3, 131.6, 131.0, 131.0, 131.9, 131.9, 131.9, 131.0, 131.6, 131.0, 131.3, 130.6, 131.0, 130.3, 131.0, 130.9, 130.3, 129.6, 130.3, 130.6, 130.3, 130.3, 130.3, 129.9, 130.6, 129.9, 130.6, 130.2, 129.9, 129.9, 130.6, 130.2, 129.6, 130.6, 129.3, 129.9, 129.3, 129.9, 130.2, 129.6, 129.3, 129.0, 129.0, 129.0, 129.6, 129.0, 128.8, 128.6, 129.2, 128.2, 128.2, 128.0, 127.3, 127.3, 127.3, 128.0, 128.0, 127.6, 128.0, 128.0, 127.3, 127.6, 128.0, 125.9, 127.3, 128.0, 127.0, 127.3, 127.6, 127.3, 127.6, 127.0, 127.6, 125.9, 126.3, 127.6, 127.0, 127.0, 126.6, 125.5, 127.0, 127.6, 127.3, 125.9, 126.6, 127.0, 127.0, 126.6, 127.3, 127.0, 127.0, 126.3, 127.0, 125.9, 126.6, 127.3, 126.3, 127.0, 127.0, 126.3, 127.2, 126.6, 127.0, 126.7, 127.0, 127.0, 126.6, 127.0, 127.0, 126.3, 127.0, 126.6, 127.0, 127.6, 125.9, 126.3, 127.6, 126.6, 126.6, 126.6, 126.6, 126.6, 126.6, 126.6, 126.7, 127.0, 127.2, 125.3, 126.6, 128.6, 126.3, 127.0, 127.0, 126.6, 126.6, 126.7, 127.0, 127.3, 125.9, 127.0, 126.7, 127.0, 127.3, 127.6, 127.0, 127.0, 127.0, 127.0, 127.6, 127.0, 127.2, 127.0, 126.6, 127.0, 126.6, 126.6, 126.7, 127.3, 127.7, 127.3, 127.3, 127.3, 127.3, 127.3, 127.3, 127.3, 128.0, 128.0, 128.0, 128.0, 127.3, 127.6, 127.3, 128.0, 128.0, 127.6, 128.0, 128.0, 128.0, 128.0, 128.0, 127.3, 128.0, 127.7, 128.0, 128.6, 128.0, 128.0, 127.3, 128.0, 128.0, 127.6, 128.0, 128.3, 128.3, 128.0, 129.0, 128.6, 128.0, 127.3, 127.0, 127.6, 126.6, 127.2, 127.0, 127.2, 127.0, 127.3, 127.3, 127.0, 127.3, 127.3, 128.0, 128.0, 128.6, 128.3, 128.3, 128.6, 127.3, 128.0, 128.0, 128.0, 128.0, 128.6, 127.6, 127.3, 129.0, 129.6, 129.9, 129.9, 129.9, 130.3, 130.3, 129.7, 129.7, 130.9, 129.9, 130.6, 129.3, 129.7, 129.7, 129.3, 129.6, 129.6, 129.3, 128.7, 129.7, 129.3, 129.3, 129.0, 129.0, 129.9, 129.6, 129.6, 129.0, 129.0, 128.0, 129.0, 129.6, 129.0, 128.7, 129.3, 129.9, 129.0, 128.3, 129.0, 129.6, 129.6, 129.0, 129.0, 129.6, 129.2, 128.6, 129.6, 130.6, 131.3, 130.3, 130.9, 130.9, 130.9, 130.9, 130.6, 131.0, 129.9, 129.7, 130.2, 129.0, 129.2, 129.0, 129.6, 129.6, 129.2, 129.6, 129.6, 129.0, 129.6, 129.0, 129.5, 129.8, 129.2, 128.8, 129.1, 128.8, 129.2, 128.6, 129.0, 129.9, 129.9, 129.3, 130.6, 130.4, 131.0, 131.0, 132.2, 131.3, 132.2, 132.9, 134.4, 134.7, 134.7, 134.7, 135.9, 135.3, 135.4, 135.9, 136.2, 137.7, 137.5, 137.7, 136.8, 136.8, 136.8, 136.8, 136.2, 136.2, 135.7, 135.7, 135.7, 135.9, 134.4, 134.7, 134.7, 134.1, 134.7, 135.3, 137.5, 136.8, 136.2, 136.2, 136.6, 136.8, 136.2, 135.9, 135.0, 135.0, 135.3, 134.7, 135.3, 135.0, 133.8, 134.4, 134.1, 134.4, 133.5, 135.3, 135.9, 135.3, 134.7, 136.2, 135.9, 135.6]"
2,"[143.1, 143.1, 144.3, 143.5, 143.0, 143.3, 144.3, 144.9, 143.7, 144.7, 144.9, 143.0, 144.9, 144.9, 144.3, 144.1, 144.1, 143.8, 143.5, 144.7, 143.8, 143.8, 143.8, 143.8, 144.1, 143.8, 144.3, 143.5, 144.1, 144.1, 144.1, 144.1, 143.5, 144.9, 143.0, 143.0, 144.1, 144.1, 143.7, 144.1, 144.3, 144.1, 144.9, 144.3, 144.7, 144.1, 142.8, 143.7, 144.3, 144.3, 143.7, 143.7, 144.1, 144.3, 143.0, 143.0, 143.7, 144.3, 144.1, 143.0, 144.3, 143.7, 143.0, 142.2, 143.0, 143.7, 144.4, 143.7, 143.0, 143.5, 143.5, 142.4, 142.2, 142.8, 142.8, 142.6, 142.0, 142.0, 141.6, 141.8, 141.8, 141.4, 141.4, 141.2, 141.8, 142.0, 142.2, 142.2, 141.6, 142.2, 142.2, 143.0, 142.8, 142.2, 142.2, 141.6, 142.0, 142.6, 142.0, 142.2, 142.0, 142.0, 141.2, 141.8, 141.2, 141.2, 141.8, 141.6, 141.2, 141.8, 142.0, 142.2, 142.6, 142.2, 142.2, 142.2, 142.8, 142.0, 142.4, 142.0, 141.2, 141.2, 141.2, 140.6, 139.9, 140.1, 139.9, 140.1, 139.9, 139.9, 139.0, 140.1, 141.0, 141.8, 141.8, 141.6, 142.4, 143.0, 141.8, 142.2, 141.6, 142.2, 142.2, 142.4, 142.2, 142.0, 141.8, 141.0, 141.8, 141.6, 141.2, 141.2, 141.2, 141.8, 141.2, 141.2, 141.2, 141.2, 141.6, 141.0, 141.6, 141.8, 141.0, 140.7, 140.1, 141.6, 141.0, 140.1, 139.5, 139.9, 139.9, 139.9, 139.0, 138.4, 138.1, 138.1, 138.1, 136.2, 135.3, 135.9, 136.5, 138.2, 138.2, 138.0, 138.0, 138.0, 138.6, 138.4, 138.4, 139.0, 138.4, 138.6, 137.4, 137.1, 136.1, 135.8, 134.9, 134.6, 133.8, 133.5, 134.1, 133.5, 133.2, 132.6, 132.9, 132.3, 132.9, 132.3, 132.0, 132.6, 132.3, 132.6, 134.4, 133.5, 134.1, 133.2, 132.9, 134.1, 134.1, 134.4, 134.1, 133.8, 133.2, 132.3, 131.7, 131.6, 131.3, 131.1, 132.0, 131.4, 132.6, 132.3, 134.1, 134.9, 135.8, 135.8, 136.4, 136.4, 136.4, 136.4, 137.6, 137.6, 136.5, 137.4, 137.1, 137.4, 137.1, 137.1, 136.5, 134.7, 134.1, 133.8, 132.3, 132.3, 132.0, 132.6, 132.3, 132.0, 132.0, 131.6, 131.6, 130.1, 130.7, 129.2, 130.4, 130.1, 130.4, 129.7, 129.1, 129.1, 129.8, 129.1, 129.8, 130.7, 129.7, 129.2, 130.4, 128.7, 130.7, 130.1, 130.4, 130.1, 129.5, 130.1, 128.5, 130.4, 128.1, 128.7, 128.7, 128.1, 128.1, 128.1, 128.3, 128.7, 129.4, 130.0, 129.8, 130.4, 130.0, 129.7, 129.0, 128.3, 128.5, 128.7, 128.3, 128.3, 129.0, 128.0, 128.3, 127.7, 128.1, 128.3, 129.0, 128.3, 128.0, 128.3, 128.3, 128.3, 128.3, 128.7, 128.0, 128.3, 129.0, 129.3, 128.7, 129.8, 129.8, 129.4, 129.4, 130.0, 129.4, 128.7, 128.7, 127.7, 127.7, 127.7, 128.3, 128.3, 128.7, 128.7, 129.0, 128.3, 128.3, 128.3, 128.7, 128.6, 128.7, 128.7, 128.3, 128.3, 129.0, 129.3, 128.0, 129.2, 128.2, 129.0, 128.2, 128.0, 128.3, 128.2, 128.0, 128.6, 128.0, 128.3, 128.7, 128.0, 128.0, 128.3, 128.0, 128.6, 128.2, 128.0, 128.3, 128.3, 128.6, 128.3, 128.3, 127.7, 127.5, 127.3, 127.7, 128.1, 129.4, 128.8, 129.8, 130.7, 131.1, 132.0, 132.0, 131.7, 131.7, 132.0, 132.0, 132.0, 131.7, 131.4, 132.3, 132.3, 132.9, 132.9, 132.9, 133.2, 132.9, 131.7, 132.0, 131.4, 134.1, 135.3, 134.7, 135.6, 135.9, 137.1, 136.5, 137.1, 137.1, 137.1, 137.7, 137.5, 137.5, 137.7, 137.7, 137.5, 137.7, 137.7, 137.5, 137.4, 136.8, 137.7, 137.7, 138.6, 137.7, 138.4, 138.2, 138.6, 138.0, 138.9, 138.0, 138.0, 139.7, 138.9, 138.6, 138.6, 138.9, 139.5, 138.9, 139.2, 139.5, 138.9, 139.5, 139.5, 138.9, 139.2, 139.5, 139.2, 140.3, 139.5, 139.7, 140.3, 139.7, 139.5, 140.3, 140.1, 140.3, 140.3, 140.3, 140.6, 140.6, 140.3, 140.6, 141.0, 140.3, 139.9, 140.3, 140.6, 141.0, 140.6, 140.6, 140.6, 140.3, 141.2, 140.3, 141.2, 142.0, 142.0, 141.2, 141.2, 141.2, 141.4, 141.4, 141.4, 141.4, 141.2, 140.6, 140.8, 140.6, 141.2, 140.6, 140.6, 141.2, 140.6, 142.0, 141.4, 141.4, 141.4, 142.0, 141.4, 141.2, 141.4, 141.2, 141.2, 141.4, 142.0, 141.4, 141.4, 141.6, 142.2, 142.0, 142.2, 142.0, 142.0, 141.4, 141.8, 142.2, 142.2, 142.0, 141.8, 142.4, 141.6, 142.2, 142.4, 142.6, 142.2, 142.8, 142.0, 142.2, 142.2, 142.0, 142.8, 142.8, 142.2, 142.2, 142.2, 142.0, 142.2, 142.2, 142.2, 142.2, 142.2, 142.2, 142.2, 141.6, 141.6, 142.2, 142.0, 142.2, 142.8, 142.8, 143.5, 143.3, 142.0, 142.0, 142.0, 142.0, 141.4, 141.6, 141.8, 141.4, 141.8, 141.8, 142.4, 140.6, 142.2, 142.2, 141.2, 141.2, 141.0, 140.4, 140.8, 141.0, 140.8, 139.8, 139.8, 140.4, 140.4, 141.0, 140.2, 139.8, 140.0, 139.8, 140.8, 140.2, 140.8, 141.0, 141.0, 141.0, 141.6, 140.2, 141.0, 140.2, 140.4]"
2,"[143.7, 143.9, 142.8, 142.0, 141.4, 140.6, 141.0, 141.4, 142.0, 141.4, 141.4, 142.0, 141.2, 142.0, 142.6, 142.0, 142.0, 142.6, 142.0, 142.0, 142.0, 141.4, 141.4, 140.8, 141.4, 140.8, 141.4, 141.4, 141.4, 141.4, 141.4, 141.4, 141.8, 141.4, 140.6, 141.8, 142.0, 141.6, 142.0, 141.4, 141.4, 142.0, 142.2, 141.4, 141.4, 142.0, 141.4, 141.4, 141.4, 142.0, 141.4, 141.8, 142.2, 142.6, 141.8, 142.2, 141.6, 141.4, 141.2, 141.2, 141.8, 141.2, 141.8, 141.2, 141.2, 141.2, 141.4, 141.8, 141.0, 142.0, 142.0, 141.4, 141.8, 142.4, 142.2, 142.0, 141.2, 141.8, 141.2, 140.6, 140.6, 142.0, 141.4, 141.2, 140.2, 140.8, 141.0, 141.6, 142.2, 143.5, 142.6, 142.6, 142.8, 142.0, 142.0, 142.0, 140.2, 141.4, 142.2, 142.0, 140.8, 141.6, 141.6, 141.6, 141.4, 141.6, 142.2, 142.2, 142.2, 142.6, 143.3, 143.3, 144.1, 143.3, 142.4, 142.0, 142.2, 142.8, 142.0, 142.0, 142.2, 142.8, 141.6, 142.0, 142.2, 142.6, 141.6, 142.2, 141.6, 141.4, 140.8, 141.0, 139.9, 141.2, 141.0, 140.8, 140.8, 141.6, 141.8, 141.2, 141.2, 141.0, 141.6, 141.6, 141.6, 141.6, 140.8, 141.4, 141.2, 141.4, 141.4, 141.4, 140.8, 140.2, 141.0, 141.0, 140.6, 140.6, 141.2, 140.6, 141.2, 140.8, 142.0, 142.6, 142.6, 142.0, 141.8, 142.0, 142.0, 141.2, 142.0, 140.8, 140.6, 141.0, 141.2, 140.6, 141.6, 140.7, 140.7, 140.3, 141.2, 140.1, 141.0, 141.0, 140.3, 140.3, 139.9, 140.7, 140.7, 141.0, 141.0, 141.8, 141.2, 141.0, 140.3, 141.0, 141.8, 141.4, 141.2, 141.2, 142.0, 141.8, 142.0, 141.2, 141.2, 141.8, 141.8, 141.8, 140.7, 141.0, 141.2, 141.2, 141.4, 141.4, 141.2, 141.8, 141.6, 141.6, 141.8, 141.8, 141.8, 141.8, 141.8, 141.0, 141.0, 141.4, 139.2, 139.5, 139.5, 140.1, 139.9, 139.9, 140.5, 140.7, 141.4, 141.0, 141.6, 140.7, 141.4, 140.5, 140.7, 140.7, 139.9, 139.2, 138.9, 138.0, 138.6, 139.2, 139.2, 139.2, 139.2, 139.5, 140.7, 141.0, 140.1, 140.1, 141.4, 141.6, 140.7, 140.7, 140.7, 140.1, 140.5, 140.7, 140.7, 140.7, 140.1, 140.5, 139.9, 140.5, 139.2, 137.1, 137.4, 136.8, 135.5, 136.1, 137.1, 138.6, 138.6, 138.6, 138.4, 138.6, 138.6, 138.9, 138.4, 138.6, 138.6, 138.9, 139.2, 139.5, 138.9, 139.5, 139.7, 139.5, 140.1, 139.5, 139.5, 139.5, 140.7, 140.3, 140.7, 140.1, 140.5, 139.2, 140.5, 140.7, 140.5, 140.7, 141.0, 140.1, 140.1, 141.0, 140.7, 141.0, 141.0, 141.6, 141.0, 140.3, 141.0, 140.7, 140.5, 140.7, 141.0, 141.6, 141.0, 141.0, 141.0, 141.0, 140.1, 141.6, 141.6, 141.4, 141.0, 141.8, 141.8, 141.0, 140.3, 141.0, 140.3, 140.6, 141.0, 141.2, 141.2, 141.0, 141.6, 141.0, 141.6, 141.8, 140.3, 141.6, 140.7, 141.6, 141.0, 141.0, 142.4, 141.8, 141.0, 141.8, 140.6, 141.6, 141.0, 141.2, 141.8, 141.2, 141.2, 141.0, 140.3, 141.6, 141.0, 141.6, 141.0, 140.7, 140.7, 139.6, 140.5, 140.3, 140.1, 140.1, 140.1, 140.7, 140.5, 140.7, 140.1, 140.1, 141.2, 140.1, 140.5, 139.9, 140.1, 141.0, 141.0, 141.2, 140.3, 140.6, 141.2, 141.0, 141.2, 141.2, 141.8, 141.8, 141.4, 141.4, 141.4, 141.4, 142.0, 141.0, 140.8, 141.4, 142.0, 141.4, 140.8, 141.6, 140.8, 140.6, 140.8, 141.4, 141.6, 142.2, 142.8, 141.4, 140.8, 141.4, 142.0, 142.0, 140.8, 141.8, 141.2, 140.8, 141.4, 141.4, 140.8, 142.0, 140.8, 140.8, 140.8, 140.8, 140.8, 140.4, 140.8, 140.8, 140.8, 140.8, 140.8, 140.2, 141.4, 140.8, 141.4, 141.0, 141.4, 140.8, 140.8, 141.4, 140.8, 140.8, 140.8, 141.0, 141.4, 141.4, 141.4, 140.8, 140.8, 140.8, 140.8, 140.8, 140.8, 140.8, 141.0, 140.2, 140.8, 140.8, 141.2, 141.4, 140.8, 141.4, 140.8, 141.4, 140.6, 140.6, 140.8, 140.8, 141.4, 140.8, 140.8, 140.8, 141.4, 141.4, 141.4, 140.8, 140.8, 141.0, 141.4, 140.8, 140.8, 140.8, 140.8, 140.8, 141.4, 140.2, 140.8, 141.6, 141.4, 141.4, 140.8, 141.4, 140.8, 140.2, 140.8, 140.8, 141.4, 140.8, 140.8, 140.8, 141.4, 140.2, 140.8, 141.4, 141.4, 140.2, 140.2, 140.2, 140.8, 140.2, 140.8, 140.8, 142.0, 141.4, 140.8, 140.8, 140.8, 140.8, 140.8, 140.8, 139.9, 139.9, 140.8, 140.8, 140.8, 141.4, 140.8, 140.8, 141.4, 142.0, 140.8, 141.4, 141.4, 141.6, 141.0, 141.6, 141.4, 141.4, 141.4, 140.8, 140.8, 140.8, 140.8, 140.8, 140.8, 140.8, 140.2, 140.4, 140.2, 140.2, 140.8, 140.6, 140.8, 140.8, 141.4, 140.2, 140.8, 140.4, 140.2, 140.4, 140.2, 140.4, 140.4, 140.2, 140.2, 139.9, 140.2, 140.6, 140.6, 140.2, 140.8, 141.4, 141.4, 141.4, 141.6, 141.2, 141.4, 141.4, 141.2, 141.4, 140.8, 141.4, 141.4, 141.4, 141.4, 141.4, 140.8, 141.4]"
2,"[144.4, 143.1, 143.7, 142.2, 142.8, 141.4, 142.2, 142.4, 141.6, 142.4, 143.2, 142.0, 142.8, 143.2, 142.2, 142.2, 143.0, 143.6, 142.4, 142.6, 143.8, 144.7, 143.3, 143.6, 145.9, 144.3, 145.7, 143.9, 144.5, 143.2, 143.8, 144.3, 145.4, 144.7, 143.8, 143.8, 144.5, 143.2, 143.8, 143.8, 143.2, 144.2, 143.4, 143.4, 142.8, 143.6, 144.8, 144.6, 144.8, 146.0, 146.8, 146.0, 146.0, 144.9, 144.6, 144.6, 144.6, 144.8, 144.8, 145.5, 144.0, 144.0, 144.8, 144.8, 143.4, 146.0, 144.8, 144.3, 144.2, 142.8, 143.6, 142.8, 144.9, 144.8, 144.9, 144.8, 144.8, 144.2, 143.4, 143.6, 142.8, 144.0, 143.4, 144.0, 142.8, 144.0, 143.4, 143.6, 144.0, 143.2, 142.6, 143.8, 143.2, 142.6, 143.2, 143.0, 143.2, 141.8, 141.8, 142.4, 141.8, 143.4, 142.6, 141.8, 140.6, 141.0, 141.8, 141.8, 141.8, 142.2, 142.2, 141.0, 141.6, 141.6, 141.6, 141.6, 142.2, 142.2, 142.2, 141.8, 141.8, 142.2, 142.2, 142.2, 142.2, 141.4, 142.2, 142.2, 142.2, 140.8, 139.9, 139.0, 138.1, 138.8, 138.1, 138.9, 139.5, 140.3, 140.6, 140.2, 140.8, 141.0, 141.6, 141.4, 140.4, 140.3, 139.7, 141.0, 141.0, 141.2, 141.2, 141.2, 141.0, 140.6, 141.4, 142.8, 142.8, 142.8, 142.0, 142.0, 142.0, 141.4, 143.0, 143.2, 144.3, 142.8, 144.3, 143.8, 143.0, 143.7, 144.4, 143.0, 142.8, 142.2, 142.8, 142.4, 142.2, 141.6, 141.6, 141.6, 140.7, 141.0, 141.6, 142.6, 141.8, 141.0, 141.8, 141.0, 140.7, 141.6, 141.6, 140.7, 140.7, 140.7, 141.6, 140.7, 141.0, 140.1, 137.7, 137.0, 136.1, 136.4, 138.0, 138.0, 138.6, 138.9, 138.2, 138.0, 138.2, 138.2, 138.6, 138.9, 139.2, 139.7, 139.5, 139.2, 139.5, 139.2, 138.6, 139.5, 140.3, 140.1, 139.5, 139.7, 140.1, 139.5, 140.1, 139.5, 139.5, 139.5, 140.1, 141.0, 140.7, 141.0, 141.2, 141.0, 140.6, 141.0, 141.0, 140.7, 141.0, 141.6, 140.3, 138.6, 137.3, 136.7, 136.8, 136.8, 137.4, 138.6, 138.4, 138.9, 138.9, 138.6, 138.6, 139.5, 138.6, 138.9, 139.5, 139.5, 139.5, 139.5, 140.1, 138.9, 139.7, 140.3, 141.0, 140.3, 140.3, 140.3, 140.3, 141.0, 141.0, 140.1, 141.0, 141.0, 140.7, 139.9, 140.7, 140.1, 140.3, 140.7, 141.0, 141.0, 141.0, 141.0, 141.2, 141.0, 140.7, 140.7, 141.4, 141.0, 141.6, 138.4, 136.8, 136.1, 136.1, 137.4, 137.6, 138.0, 138.6, 138.6, 138.6, 137.7, 136.8, 137.6, 136.4, 137.4, 136.8, 137.1, 137.4, 137.4, 136.5, 136.5, 136.8, 137.0, 137.0, 137.0, 136.8, 137.0, 137.4, 137.4, 137.4, 137.4, 137.4, 137.6, 137.4, 137.0, 137.0, 136.4, 137.0, 135.3, 134.1, 133.5, 133.5, 134.1, 135.8, 137.0, 137.0, 137.4, 137.4, 137.1, 137.4, 137.6, 137.4, 137.6, 137.4, 138.2, 137.0, 137.6, 137.4, 137.0, 135.5, 133.5, 132.9, 132.3, 131.0, 132.6, 133.2, 134.1, 135.2, 137.0, 137.0, 137.0, 136.8, 138.2, 138.0, 137.6, 137.4, 136.5, 137.0, 136.5, 137.4, 136.8, 136.8, 137.0, 136.8, 136.8, 136.1, 137.4, 138.0, 137.1, 138.6, 139.5, 139.7, 140.3, 140.6, 139.7, 140.1, 140.1, 141.0, 140.3, 141.0, 141.6, 140.1, 140.7, 140.7, 141.6, 141.8, 142.4, 141.8, 141.8, 142.4, 142.4, 142.6, 141.8, 141.8, 142.2, 141.6, 141.6, 141.8, 142.4, 142.4, 141.8, 142.0, 141.8, 141.8, 141.8, 142.4, 142.4, 141.8, 142.0, 142.4, 142.4, 142.4, 142.6, 141.8, 142.4, 141.8, 142.4, 141.8, 142.0, 141.8, 142.0, 141.8, 142.0, 142.4, 142.0, 142.0, 142.0, 142.0, 142.0, 142.0, 141.8, 141.6, 142.2, 141.8, 142.0, 141.8, 141.2, 141.8, 141.2, 141.2, 141.2, 142.0, 141.4, 141.8, 142.0, 142.0, 142.0, 141.8, 142.0, 141.8, 141.8, 142.0, 141.8, 141.2, 141.0, 141.2, 141.2, 141.2, 141.2, 141.2, 141.8, 141.6, 141.2, 141.0, 141.2, 141.4, 141.2, 141.4, 142.0, 141.4, 141.4, 142.2, 142.0, 141.4, 141.6, 142.2, 141.6, 142.2, 142.2, 140.8, 142.2, 141.4, 141.6, 141.6, 141.6, 141.6, 141.6, 141.6, 141.4, 141.6, 142.0, 141.4, 141.6, 142.0, 142.0, 142.2, 141.6, 142.0, 142.0, 141.6, 141.6, 141.6, 141.6, 142.2, 141.6, 142.2, 141.4, 142.4, 142.6, 142.0, 142.0, 141.6, 142.8, 141.4, 142.0, 141.4, 142.0, 142.8, 141.8, 142.0, 142.0, 142.2, 142.0, 142.2, 142.2, 142.2, 142.2, 142.0, 142.2, 142.2, 142.2, 142.2, 142.2, 142.2, 142.2, 142.0, 142.6, 142.8, 142.8, 142.6, 142.6, 142.6, 142.2, 142.2, 142.2, 142.6, 141.6, 142.2, 141.4, 142.8, 141.6, 142.8, 141.6, 141.6, 142.2, 142.8, 142.2, 141.6, 142.8, 142.8, 142.0, 141.6, 141.6, 142.2, 141.6, 142.8, 142.2, 142.2, 141.4, 141.4, 141.4, 141.4, 141.4, 140.8, 140.8, 142.0, 140.8, 140.8, 140.2, 140.8, 141.0, 141.4, 141.4, 141.4, 140.8, 141.4, 141.4]"
2,"[145.0, 144.1, 144.1, 142.6, 143.0, 142.2, 142.2, 141.6, 142.0, 141.8, 141.2, 141.8, 142.0, 142.4, 142.4, 142.4, 142.4, 142.4, 142.6, 142.2, 142.4, 142.0, 142.6, 142.6, 142.6, 142.6, 142.0, 142.4, 142.6, 141.4, 142.0, 141.4, 142.0, 141.2, 141.8, 141.4, 140.6, 141.4, 141.2, 141.8, 141.4, 141.2, 141.2, 141.0, 141.2, 141.2, 142.0, 142.0, 141.2, 141.4, 141.8, 141.8, 141.2, 141.8, 141.2, 141.8, 142.2, 142.6, 142.0, 142.4, 142.4, 141.8, 141.8, 142.6, 141.8, 141.2, 142.6, 142.4, 142.0, 141.4, 142.4, 141.2, 141.2, 141.8, 140.6, 141.2, 141.8, 142.0, 141.2, 141.8, 141.8, 141.8, 141.2, 141.2, 141.8, 141.2, 141.6, 141.4, 141.2, 142.0, 141.8, 141.8, 141.4, 142.0, 142.6, 142.0, 142.0, 142.0, 141.4, 141.6, 142.0, 142.0, 142.0, 142.0, 142.0, 141.8, 141.8, 142.0, 142.0, 141.6, 141.4, 142.0, 142.4, 141.8, 142.6, 142.4, 143.0, 142.6, 143.0, 142.4, 142.4, 142.2, 142.6, 142.2, 142.0, 141.6, 141.8, 143.0, 144.7, 143.2, 142.2, 142.0, 142.2, 142.0, 141.4, 141.0, 141.4, 141.6, 140.8, 141.0, 142.0, 142.2, 142.4, 142.8, 141.8, 141.8, 141.6, 143.0, 142.8, 143.0, 142.4, 142.4, 141.6, 141.6, 141.8, 141.8, 141.0, 141.6, 141.0, 141.6, 141.0, 142.2, 140.8, 140.4, 141.0, 141.0, 141.0, 141.0, 141.6, 141.0, 141.0, 141.0, 141.2, 140.6, 140.4, 140.4, 141.0, 141.0, 141.0, 141.0, 141.2, 140.4, 141.2, 141.0, 141.0, 141.0, 141.0, 141.0, 141.0, 141.0, 141.6, 141.0, 141.6, 142.2, 141.6, 141.4, 141.8, 141.8, 141.4, 142.2, 141.0, 141.6, 142.2, 142.2, 142.4, 141.6, 141.6, 142.4, 142.8, 142.8, 142.4, 142.8, 142.0, 141.6, 141.4, 141.4, 141.8, 141.4, 142.0, 142.0, 141.4, 142.0, 142.0, 141.8, 142.0, 141.4, 141.2, 142.0, 141.8, 141.6, 141.6, 141.2, 140.7, 140.5, 139.9, 141.0, 141.2, 141.4, 141.4, 142.0, 142.0, 141.8, 141.8, 141.8, 141.8, 142.0, 141.8, 142.0, 141.8, 142.2, 142.0, 141.0, 140.7, 139.6, 138.8, 140.1, 140.5, 141.4, 141.0, 141.4, 141.0, 141.0, 141.2, 141.0, 141.2, 141.8, 141.2, 141.2, 141.0, 141.0, 141.0, 141.6, 141.0, 140.7, 141.6, 141.2, 140.3, 141.4, 142.0, 142.0, 141.2, 141.2, 141.2, 141.0, 141.2, 141.2, 141.2, 142.0, 141.8, 141.8, 141.8, 141.6, 141.8, 141.2, 141.8, 142.0, 141.8, 142.0, 142.2, 141.4, 142.0, 141.4, 140.8, 141.2, 141.2, 141.0, 139.2, 139.4, 138.1, 137.2, 137.8, 137.7, 138.6, 138.4, 139.9, 140.7, 141.2, 141.0, 141.6, 141.2, 141.2, 141.8, 141.2, 141.4, 141.8, 141.2, 141.2, 141.4, 141.2, 140.7, 140.7, 139.9, 139.2, 139.9, 140.7, 141.6, 141.6, 141.6, 141.4, 141.8, 141.2, 139.9, 139.6, 138.8, 137.7, 138.1, 137.8, 139.4, 139.2, 139.0, 139.9, 140.7, 141.0, 140.6, 141.2, 142.4, 141.2, 142.0, 141.2, 142.0, 142.2, 141.2, 141.4, 141.6, 141.2, 141.6, 140.7, 140.5, 140.7, 141.6, 141.0, 142.2, 141.6, 140.7, 140.7, 141.2, 141.8, 141.8, 141.0, 141.0, 141.2, 141.8, 141.2, 141.8, 141.4, 140.7, 141.2, 141.2, 141.2, 142.0, 141.2, 141.8, 141.8, 141.4, 141.4, 141.8, 141.2, 141.8, 140.6, 141.2, 141.0, 141.2, 141.2, 141.0, 141.0, 141.0, 141.8, 142.4, 141.8, 141.8, 141.6, 140.8, 141.4, 142.2, 142.2, 141.4, 141.4, 141.8, 141.6, 141.0, 140.8, 140.8, 141.4, 141.4, 142.0, 142.0, 142.0, 142.0, 142.2, 141.4, 142.0, 141.6, 142.0, 142.0, 142.8, 142.2, 142.2, 142.2, 142.2, 142.0, 142.0, 142.0, 141.4, 142.2, 141.4, 142.0, 142.2, 142.2, 142.2, 141.8, 141.6, 141.8, 141.6, 142.2, 142.4, 141.8, 142.2, 141.4, 141.6, 141.8, 141.6, 141.6, 141.6, 142.0, 140.8, 141.4, 142.2, 140.8, 141.2, 141.6, 142.2, 142.4, 141.6, 141.4, 141.6, 142.4, 143.0, 142.2, 142.8, 142.8, 142.2, 142.4, 142.2, 142.2, 142.8, 142.8, 142.8, 143.5, 142.8, 141.6, 141.6, 142.8, 141.4, 142.8, 142.8, 142.8, 142.8, 141.6, 142.2, 142.8, 142.0, 142.2, 142.0, 142.2, 142.8, 142.2, 142.8, 142.2, 142.8, 142.2, 142.2, 142.8, 142.8, 142.8, 142.8, 142.8, 141.6, 141.6, 141.6, 141.6, 141.4, 141.6, 141.6, 142.6, 142.2, 143.3, 141.6, 141.6, 141.6, 141.6, 141.6, 141.6, 141.6, 141.6, 141.0, 141.6, 141.6, 142.2, 142.8, 142.2, 141.6, 142.4, 142.2, 142.2, 141.6, 142.0, 141.6, 141.6, 142.2, 142.8, 142.6, 142.8, 141.6, 141.0, 142.8, 141.6, 141.0, 141.6, 140.6, 141.6, 141.0, 141.0, 141.4, 141.4, 140.8, 141.6, 140.8, 142.2, 141.0, 141.6, 141.6, 141.4, 142.2, 141.6, 141.8, 141.0, 141.6, 141.0, 141.0, 141.2, 142.2, 142.2, 141.0, 141.6, 142.2, 142.2, 141.6, 141.6, 141.6, 141.0, 142.2, 142.2, 142.2, 141.6, 141.0, 141.6, 140.8, 141.0, 141.0, 140.4]"
2,"[143.1, 142.6, 142.6, 141.8, 140.2, 140.2, 141.6, 141.0, 141.0, 141.0, 141.0, 140.8, 141.2, 141.0, 141.2, 141.2, 141.8, 141.4, 141.6, 141.6, 141.0, 141.2, 141.6, 141.4, 141.0, 141.6, 141.6, 142.2, 142.2, 141.6, 141.8, 141.6, 141.6, 141.0, 141.0, 141.0, 141.6, 141.0, 141.6, 141.0, 141.0, 141.0, 141.0, 141.0, 141.0, 141.0, 141.6, 141.0, 141.6, 141.2, 141.0, 141.0, 140.4, 141.0, 141.0, 140.4, 140.4, 141.6, 141.6, 140.8, 141.2, 141.0, 141.6, 140.8, 141.2, 141.0, 141.0, 141.0, 141.0, 141.2, 141.8, 141.6, 141.6, 141.6, 141.6, 141.8, 141.2, 141.0, 141.0, 141.2, 141.8, 141.4, 141.0, 141.6, 141.2, 140.6, 141.2, 140.6, 141.6, 140.2, 141.0, 141.2, 140.8, 141.2, 140.6, 140.4, 141.2, 141.2, 141.0, 141.2, 141.0, 140.2, 140.4, 141.0, 141.8, 141.0, 141.0, 141.6, 141.6, 141.4, 141.8, 141.2, 141.0, 142.0, 141.2, 141.0, 141.8, 141.6, 141.6, 141.6, 142.2, 141.6, 140.4, 141.6, 142.2, 142.8, 143.0, 143.3, 143.3, 142.8, 141.2, 141.4, 141.8, 141.8, 141.8, 141.4, 141.4, 141.8, 141.2, 141.4, 141.4, 141.4, 141.4, 141.2, 141.8, 142.0, 142.6, 142.0, 142.6, 142.6, 141.4, 142.2, 142.2, 142.2, 142.2, 142.4, 141.6, 142.0, 142.0, 141.2, 141.6, 142.0, 142.2, 141.6, 141.6, 141.6, 142.2, 142.2, 141.6, 142.0, 141.4, 141.6, 141.6, 140.8, 141.2, 141.4, 141.2, 141.4, 141.4, 141.4, 141.4, 141.4, 142.2, 142.0, 141.6, 142.0, 142.2, 142.2, 141.6, 141.6, 142.2, 142.2, 142.2, 141.4, 142.2, 142.0, 142.0, 142.2, 142.0, 141.6, 141.4, 142.6, 141.4, 141.4, 141.4, 142.0, 142.0, 142.6, 142.0, 142.0, 142.0, 142.0, 142.0, 142.2, 142.0, 142.0, 142.0, 141.4, 142.6, 142.0, 142.0, 142.0, 142.0, 142.0, 142.0, 142.0, 141.2, 141.2, 141.2, 141.4, 141.4, 141.4, 142.0, 142.0, 142.6, 142.2, 142.2, 141.6, 141.2, 141.2, 141.0, 141.8, 141.2, 141.0, 141.2, 141.0, 141.0, 141.4, 141.4, 141.2, 141.4, 141.4, 141.4, 141.8, 141.8, 142.0, 141.4, 141.8, 141.8, 141.4, 141.4, 141.4, 141.2, 141.4, 141.4, 141.8, 141.4, 142.0, 141.4, 142.0, 141.2, 141.2, 141.4, 141.4, 141.2, 142.2, 141.4, 141.2, 141.2, 140.8, 140.8, 141.2, 141.2, 141.2, 141.2, 141.0, 141.2, 141.2, 141.6, 141.4, 141.8, 141.8, 141.6, 141.8, 141.6, 141.6, 141.8, 141.6, 141.4, 141.6, 141.6, 141.6, 141.4, 140.5, 140.3, 139.6, 140.5, 141.4, 140.7, 141.6, 141.8, 141.2, 141.2, 141.2, 141.8, 142.0, 142.0, 141.8, 141.2, 141.2, 141.2, 141.0, 141.2, 141.8, 141.8, 141.2, 141.4, 141.4, 141.2, 142.0, 141.2, 142.0, 141.2, 141.2, 141.2, 141.2, 141.8, 141.2, 141.2, 141.2, 141.2, 141.2, 141.2, 141.8, 141.2, 141.8, 141.8, 141.4, 141.8, 141.8, 141.8, 141.2, 141.6, 141.0, 141.4, 141.4, 141.6, 141.8, 141.4, 140.5, 140.7, 140.7, 140.5, 139.6, 140.5, 139.9, 138.8, 138.8, 138.8, 138.8, 138.8, 138.8, 139.6, 139.6, 139.6, 139.9, 139.6, 140.3, 139.9, 139.9, 140.5, 140.1, 140.1, 139.9, 140.1, 140.7, 139.6, 139.9, 140.5, 139.9, 140.5, 140.5, 140.5, 140.7, 139.6, 140.5, 139.9, 139.9, 140.7, 141.0, 141.8, 141.2, 142.0, 141.2, 141.4, 142.0, 141.4, 142.0, 141.4, 141.6, 141.2, 140.8, 141.4, 141.4, 141.4, 141.4, 141.2, 141.4, 141.4, 142.0, 142.0, 142.2, 141.4, 141.4, 141.4, 141.2, 141.0, 141.4, 140.6, 141.2, 140.8, 140.6, 140.8, 141.2, 140.8, 142.0, 141.4, 140.8, 140.8, 141.0, 141.4, 141.4, 141.4, 141.4, 141.4, 142.0, 141.8, 141.6, 142.0, 141.4, 142.6, 142.2, 142.0, 142.0, 141.6, 141.4, 142.2, 141.4, 141.4, 142.2, 141.6, 141.4, 141.4, 141.4, 141.2, 141.6, 141.4, 141.4, 141.6, 141.6, 141.6, 141.6, 141.6, 142.2, 142.0, 141.6, 142.2, 141.6, 141.6, 141.6, 141.6, 142.0, 141.6, 141.6, 142.2, 141.6, 141.4, 141.6, 142.0, 142.6, 142.0, 141.8, 141.6, 141.6, 141.6, 141.8, 142.0, 142.0, 142.0, 142.0, 141.4, 141.6, 141.6, 142.2, 141.4, 141.4, 142.0, 141.4, 141.4, 141.4, 141.6, 143.5, 142.0, 142.0, 142.0, 141.4, 141.6, 140.8, 142.0, 142.6, 142.6, 141.4, 142.0, 141.4, 142.6, 141.4, 142.0, 142.2, 141.0, 141.4, 141.6, 141.4, 142.0, 142.0, 142.0, 141.4, 142.0, 141.2, 142.0, 142.0, 141.4, 141.4, 141.6, 140.8, 141.4, 140.8, 141.4, 141.4, 142.2, 140.8, 140.8, 141.4, 142.0, 142.0, 141.4, 141.6, 140.8, 140.8, 142.6, 142.8, 142.6, 143.5, 143.5, 142.8, 142.0, 142.0, 142.0, 142.2, 142.0, 142.0, 142.0, 142.0, 142.0, 142.0, 142.0, 141.4, 140.8, 142.0, 142.0, 142.0, 141.4, 142.0, 142.0, 141.4, 141.4, 140.8, 141.4, 141.8, 141.8, 141.2, 142.0, 141.8, 141.8, 141.4, 142.0, 142.0, 141.6, 141.4, 141.4, 142.0]"
2,"[144.1, 143.3, 142.6, 141.2, 140.8, 140.6, 142.0, 140.8, 140.4, 141.4, 142.2, 140.2, 140.8, 140.8, 141.0, 141.4, 140.8, 140.2, 139.3, 140.2, 139.6, 138.4, 139.8, 139.2, 139.0, 139.6, 140.2, 139.8, 139.6, 140.2, 140.2, 139.6, 140.2, 140.2, 139.0, 140.6, 140.2, 139.6, 139.6, 141.0, 141.4, 142.2, 142.0, 142.0, 143.7, 141.6, 143.5, 143.7, 143.5, 142.2, 142.8, 142.8, 142.2, 142.8, 142.2, 144.1, 142.8, 142.6, 142.8, 142.8, 142.8, 141.6, 141.6, 141.6, 142.2, 143.7, 143.8, 142.2, 142.8, 142.2, 142.4, 142.4, 143.0, 142.8, 142.4, 143.7, 144.3, 143.7, 142.8, 143.7, 143.5, 143.0, 142.2, 142.4, 142.2, 141.8, 141.6, 142.4, 142.4, 141.8, 142.2, 142.2, 142.2, 143.0, 142.8, 142.2, 142.6, 142.6, 142.8, 142.8, 143.5, 142.8, 142.8, 143.3, 142.8, 142.2, 142.8, 142.6, 142.6, 142.6, 142.6, 142.8, 143.5, 142.0, 142.2, 141.6, 142.2, 142.2, 142.2, 142.2, 142.4, 142.2, 142.2, 142.0, 142.2, 144.6, 144.3, 143.8, 143.2, 142.4, 142.2, 141.6, 141.4, 141.4, 142.0, 142.0, 142.0, 141.6, 142.6, 142.6, 142.0, 142.2, 142.2, 142.4, 141.8, 142.4, 142.2, 142.4, 142.8, 142.2, 141.6, 142.2, 142.8, 142.2, 142.8, 142.8, 142.8, 143.0, 142.8, 142.8, 142.6, 142.8, 142.8, 142.8, 143.5, 142.8, 143.0, 143.0, 142.8, 143.0, 143.7, 143.0, 142.8, 142.4, 143.0, 142.2, 142.4, 142.8, 143.0, 142.4, 142.4, 142.2, 142.4, 142.8, 142.2, 142.2, 142.8, 141.6, 141.6, 141.6, 141.6, 142.2, 141.6, 141.8, 143.0, 143.0, 142.4, 143.0, 143.0, 143.0, 142.4, 143.0, 142.4, 142.4, 143.0, 143.0, 143.0, 142.4, 143.7, 143.0, 143.0, 142.8, 142.8, 143.0, 142.8, 142.2, 142.0, 141.8, 141.0, 141.8, 142.0, 142.2, 142.8, 142.8, 142.0, 142.2, 142.0, 142.0, 142.4, 141.0, 140.7, 140.7, 140.7, 141.8, 141.8, 141.8, 141.8, 141.8, 142.4, 141.8, 142.4, 141.8, 142.0, 142.0, 142.2, 142.2, 142.4, 142.6, 142.0, 142.6, 142.6, 142.8, 142.2, 142.4, 142.2, 142.2, 143.5, 142.8, 142.6, 142.2, 142.0, 142.0, 142.6, 142.0, 142.6, 142.0, 142.0, 142.8, 142.0, 143.5, 142.0, 142.2, 142.2, 142.0, 142.0, 142.0, 142.0, 142.4, 142.0, 142.8, 142.2, 142.0, 142.8, 142.4, 142.8, 142.2, 142.8, 142.4, 142.2, 142.8, 143.0, 143.0, 142.8, 143.0, 142.8, 142.8, 142.8, 143.0, 142.4, 143.0, 142.8, 143.0, 142.8, 143.0, 143.0, 142.8, 142.8, 142.8, 142.4, 143.0, 143.0, 142.8, 142.4, 142.8, 142.8, 143.0, 143.0, 143.0, 143.0, 143.0, 143.0, 142.4, 143.0, 143.0, 143.0, 142.4, 143.7, 142.4, 142.4, 142.4, 143.7, 142.4, 142.4, 142.4, 142.4, 142.2, 142.4, 143.5, 143.0, 143.0, 143.5, 143.0, 142.8, 143.0, 142.8, 143.5, 143.7, 143.5, 143.5, 143.7, 143.7, 143.5, 143.7, 143.0, 142.8, 142.8, 142.4, 142.8, 143.0, 142.4, 142.4, 142.4, 142.2, 142.4, 142.4, 143.7, 142.4, 143.0, 142.8, 143.0, 143.2, 142.8, 143.0, 142.4, 142.4, 142.4, 142.2, 142.4, 142.2, 142.4, 141.6, 141.6, 141.2, 142.2, 141.0, 141.8, 141.8, 141.0, 141.8, 141.0, 140.8, 141.4, 141.6, 141.6, 142.2, 141.8, 141.8, 142.2, 141.8, 142.2, 141.6, 141.4, 141.4, 141.6, 140.8, 141.4, 141.6, 141.6, 141.6, 141.4, 141.6, 142.0, 142.0, 141.6, 141.4, 141.2, 141.4, 140.8, 141.0, 140.7, 141.0, 139.9, 140.7, 140.5, 139.9, 139.9, 140.1, 140.1, 141.0, 140.3, 141.2, 141.2, 140.3, 140.3, 140.3, 141.0, 140.3, 140.3, 141.0, 140.3, 141.0, 141.0, 139.7, 140.3, 141.0, 140.7, 141.0, 140.6, 139.7, 141.0, 139.7, 140.7, 140.7, 141.0, 140.7, 140.3, 140.7, 139.9, 139.9, 139.9, 139.9, 139.4, 139.6, 139.6, 139.9, 139.6, 139.4, 139.9, 139.6, 139.6, 139.6, 140.5, 140.5, 140.5, 139.5, 140.5, 140.5, 139.4, 139.4, 139.4, 139.6, 139.6, 138.1, 138.1, 138.8, 139.0, 139.4, 139.9, 139.0, 139.2, 140.1, 140.3, 141.0, 141.0, 141.0, 141.2, 141.0, 141.2, 141.2, 141.2, 141.2, 141.4, 141.4, 141.4, 141.4, 141.4, 141.4, 141.4, 142.0, 141.2, 141.4, 142.6, 142.6, 142.2, 142.6, 142.6, 142.8, 141.4, 142.6, 141.4, 141.2, 142.2, 141.6, 142.8, 142.2, 142.2, 142.6, 142.6, 142.0, 142.2, 142.2, 142.2, 142.2, 142.2, 142.0, 142.2, 143.0, 142.2, 142.2, 141.4, 142.8, 142.2, 141.6, 142.2, 142.2, 142.2, 142.0, 142.0, 141.6, 141.6, 142.2, 142.8, 141.6, 142.2, 142.2, 142.2, 142.2, 142.8, 143.0, 142.2, 142.8, 143.0, 142.4, 142.2, 141.6, 141.6, 142.2, 141.8, 142.2, 143.0, 142.2, 141.6, 142.2, 142.2, 142.2, 142.8, 142.2, 142.4, 142.2, 142.2, 142.2, 143.0, 142.2, 142.2, 142.4, 141.8, 142.2, 142.2, 142.4, 142.4, 142.4, 142.2, 142.2, 143.0, 142.2, 142.2, 142.2, 142.2, 142.2, 142.4]"
2,"[142.0, 142.2, 141.4, 141.0, 139.8, 140.2, 142.6, 141.4, 141.0, 141.6, 142.4, 141.6, 142.4, 142.4, 142.4, 143.0, 142.2, 142.8, 142.4, 142.2, 142.6, 142.2, 142.6, 142.2, 142.8, 143.0, 142.8, 142.8, 141.6, 142.2, 141.0, 141.6, 141.6, 141.6, 141.6, 141.0, 141.4, 141.6, 142.0, 141.4, 141.4, 140.6, 140.2, 141.4, 140.2, 140.8, 139.3, 139.6, 139.8, 140.2, 141.0, 140.6, 139.6, 140.2, 141.0, 140.2, 140.8, 140.2, 140.2, 139.6, 140.2, 140.2, 140.4, 140.2, 139.6, 140.4, 140.4, 140.2, 140.6, 140.2, 140.2, 140.8, 140.4, 140.2, 141.4, 141.0, 140.8, 140.2, 141.6, 141.6, 141.6, 142.2, 142.4, 141.8, 141.6, 141.6, 142.2, 141.6, 142.2, 141.8, 141.6, 142.4, 141.6, 141.0, 141.0, 140.4, 141.2, 141.0, 141.2, 141.0, 141.0, 141.8, 141.0, 141.0, 141.0, 141.0, 141.2, 140.8, 141.8, 140.8, 141.2, 140.6, 140.6, 141.0, 141.0, 141.0, 141.0, 141.6, 141.2, 141.0, 141.8, 141.6, 142.2, 141.6, 141.6, 141.6, 141.4, 141.2, 141.2, 141.6, 142.0, 140.7, 139.0, 138.6, 138.1, 136.8, 138.1, 137.7, 137.7, 137.1, 137.5, 137.7, 138.0, 139.5, 140.1, 141.2, 141.0, 141.2, 141.8, 141.6, 141.2, 141.8, 141.8, 142.0, 142.0, 141.8, 141.4, 141.4, 142.6, 142.0, 141.4, 141.4, 142.0, 141.4, 141.4, 142.0, 141.4, 142.0, 140.8, 141.0, 141.0, 141.0, 141.6, 141.0, 141.6, 141.4, 141.8, 142.2, 142.8, 142.8, 142.8, 142.2, 142.2, 142.2, 142.0, 142.0, 142.0, 143.3, 142.2, 142.0, 142.6, 142.6, 142.6, 142.0, 142.2, 142.0, 142.0, 142.2, 141.6, 142.2, 142.0, 142.2, 142.2, 143.0, 143.0, 142.0, 142.8, 142.6, 141.8, 142.2, 140.1, 139.6, 139.0, 137.7, 137.7, 137.7, 137.1, 136.5, 135.9, 136.1, 136.1, 135.5, 135.9, 136.5, 136.2, 136.5, 135.9, 136.2, 135.0, 135.3, 134.1, 135.0, 134.4, 134.7, 134.4, 134.1, 133.2, 133.5, 133.5, 132.9, 132.9, 132.9, 132.3, 132.6, 132.0, 132.6, 132.3, 132.0, 131.4, 131.6, 131.6, 131.1, 130.7, 130.4, 130.1, 130.4, 129.7, 129.8, 130.4, 131.0, 130.4, 130.4, 130.4, 130.6, 129.8, 130.4, 130.4, 131.3, 130.4, 130.4, 130.4, 131.0, 130.6, 130.6, 129.7, 129.7, 129.1, 129.3, 129.3, 129.9, 129.3, 129.1, 128.1, 128.1, 128.7, 128.3, 128.7, 128.7, 127.7, 128.1, 129.0, 128.1, 128.5, 128.3, 127.7, 128.1, 128.1, 128.1, 128.1, 128.1, 128.1, 127.7, 127.7, 128.1, 127.7, 127.7, 127.7, 128.1, 127.7, 127.7, 127.3, 127.7, 127.7, 128.1, 127.7, 127.3, 127.7, 126.7, 127.3, 127.1, 127.1, 128.0, 127.7, 127.7, 127.1, 128.0, 127.5, 128.0, 128.7, 127.1, 127.3, 127.7, 127.7, 127.0, 127.7, 127.7, 127.1, 127.7, 126.7, 127.3, 127.3, 127.1, 127.3, 127.3, 128.0, 127.6, 127.3, 127.3, 127.3, 128.2, 128.0, 127.2, 128.2, 127.7, 127.3, 128.0, 127.0, 127.6, 128.0, 127.6, 126.7, 127.3, 127.0, 127.6, 127.0, 127.6, 128.0, 127.6, 127.6, 127.0, 127.6, 127.3, 127.6, 127.6, 127.6, 127.3, 127.6, 127.3, 128.6, 127.2, 127.2, 127.3, 127.6, 127.6, 127.2, 127.0, 127.6, 127.7, 127.6, 128.0, 127.6, 128.3, 127.6, 127.6, 127.3, 127.6, 127.6, 128.0, 128.3, 128.3, 128.7, 127.3, 128.2, 127.3, 128.2, 128.0, 128.0, 127.6, 127.6, 127.3, 128.0, 127.6, 127.3, 126.6, 128.6, 127.0, 128.0, 127.2, 127.7, 127.6, 128.0, 127.3, 127.6, 127.6, 128.0, 127.3, 127.6, 127.6, 127.6, 128.0, 127.0, 127.6, 127.6, 127.3, 127.0, 127.8, 127.6, 126.6, 127.0, 127.2, 127.2, 127.2, 127.2, 127.2, 127.6, 127.6, 127.2, 128.0, 128.0, 127.3, 127.3, 128.0, 128.0, 127.6, 127.8, 127.2, 127.2, 127.2, 126.6, 127.6, 127.6, 128.2, 128.0, 126.6, 127.0, 127.8, 127.2, 128.0, 128.2, 127.6, 127.2, 127.2, 128.2, 127.3, 127.0, 127.3, 127.6, 127.0, 127.2, 127.2, 127.2, 126.6, 127.2, 127.6, 127.0, 127.6, 127.2, 127.3, 127.2, 128.0, 127.6, 127.0, 127.8, 127.6, 127.6, 127.6, 127.8, 126.8, 127.2, 127.6, 127.6, 127.2, 126.8, 127.6, 127.6, 127.2, 127.6, 127.8, 127.6, 127.6, 127.2, 127.2, 126.1, 127.2, 127.4, 127.2, 127.2, 127.8, 127.6, 127.2, 126.8, 126.8, 127.2, 126.8, 126.8, 126.3, 127.2, 127.8, 126.8, 127.0, 127.4, 126.3, 127.4, 126.3, 126.8, 126.3, 127.0, 127.4, 127.4, 127.4, 126.8, 126.8, 126.3, 127.0, 126.3, 126.3, 126.3, 127.0, 127.0, 127.4, 127.8, 128.2, 127.2, 128.0, 127.8, 127.6, 127.8, 127.2, 127.8, 127.4, 127.8, 127.0, 127.2, 127.2, 127.2, 127.0, 127.4, 126.3, 127.4, 126.8, 127.8, 126.8, 127.4, 127.4, 127.8, 128.4, 127.2, 127.4, 127.4, 127.6, 127.4, 128.2, 127.6, 127.8, 127.2, 127.2, 127.4, 127.0, 126.8, 126.3, 127.4, 127.8, 127.8, 127.2, 127.8, 127.8, 127.8, 127.8, 127.2, 127.2]"
2,"[128.5, 128.7, 128.0, 126.7, 124.8, 123.7, 124.2, 125.7, 125.1, 125.7, 126.1, 126.1, 126.1, 125.1, 125.7, 126.8, 125.1, 126.3, 126.8, 126.3, 126.8, 126.3, 127.4, 125.7, 126.3, 126.1, 126.1, 126.8, 125.9, 126.1, 126.8, 125.7, 126.1, 126.1, 126.8, 126.1, 126.1, 126.1, 126.1, 126.8, 126.1, 126.6, 126.8, 126.6, 126.1, 126.3, 126.1, 126.8, 126.1, 126.8, 126.1, 126.1, 125.7, 127.4, 125.9, 126.8, 125.9, 126.1, 127.2, 126.8, 126.8, 126.8, 126.1, 126.1, 126.6, 126.6, 126.1, 126.6, 126.6, 126.1, 126.6, 126.6, 126.6, 125.7, 126.1, 127.4, 126.1, 126.1, 126.1, 126.3, 126.6, 126.1, 126.3, 126.8, 126.8, 125.7, 126.1, 126.8, 126.3, 126.6, 126.1, 126.1, 126.6, 126.1, 126.1, 126.1, 126.1, 126.1, 126.1, 125.7, 126.1, 126.8, 125.1, 126.8, 126.3, 126.8, 126.1, 126.3, 126.8, 126.3, 126.8, 126.8, 126.3, 126.6, 125.5, 125.7, 125.7, 125.1, 126.3, 126.1, 126.6, 126.8, 125.7, 126.3, 126.8, 126.3, 126.1, 126.8, 126.1, 125.9, 126.3, 125.8, 126.3, 126.3, 126.7, 127.3, 126.3, 127.0, 127.6, 127.7, 127.3, 128.7, 129.3, 128.7, 128.7, 129.7, 129.7, 129.7, 129.7, 129.7, 128.1, 129.7, 129.4, 129.8, 129.4, 130.3, 129.8, 129.8, 130.7, 130.4, 130.4, 130.5, 131.3, 131.1, 130.7, 130.5, 131.4, 130.7, 130.0, 128.5, 128.3, 129.4, 128.5, 130.7, 131.6, 131.4, 131.1, 130.7, 130.1, 131.1, 130.4, 130.4, 130.1, 128.8, 128.8, 129.1, 129.8, 128.3, 128.5, 128.1, 128.5, 128.5, 128.5, 128.8, 128.8, 128.8, 129.4, 129.0, 129.2, 129.5, 129.2, 129.1, 128.8, 128.8, 128.8, 128.5, 128.8, 128.6, 129.4, 129.2, 129.0, 129.8, 130.1, 130.7, 131.3, 131.3, 131.4, 131.1, 131.1, 130.1, 129.5, 131.1, 130.7, 130.5, 131.4, 131.1, 132.0, 130.7, 132.0, 130.7, 131.3, 131.6, 131.4, 131.1, 131.3, 131.3, 131.1, 130.7, 131.6, 131.3, 131.3, 130.5, 131.6, 131.3, 130.7, 131.3, 131.1, 131.3, 131.3, 131.3, 131.4, 131.1, 130.7, 131.6, 131.3, 131.3, 131.4, 130.7, 131.6, 131.3, 131.3, 131.6, 132.0, 132.0, 132.2, 132.2, 132.6, 131.6, 131.4, 131.4, 132.2, 131.1, 131.6, 132.9, 132.2, 132.3, 132.3, 132.2, 132.9, 132.9, 132.6, 133.2, 132.2, 132.6, 132.6, 132.0, 133.5, 134.1, 132.6, 133.2, 132.6, 131.9, 133.2, 132.6, 133.5, 132.6, 133.8, 133.2, 133.8, 132.6, 134.1, 134.1, 133.2, 132.6, 133.8, 133.8, 133.2, 133.5, 134.1, 133.2, 133.2, 132.6, 134.1, 134.1, 133.8, 134.1, 133.8, 134.4, 134.1, 133.8, 133.2, 133.8, 134.7, 134.7, 134.1, 134.4, 133.8, 133.5, 134.7, 134.1, 134.9, 134.4, 135.2, 134.4, 134.4, 134.4, 134.4, 133.8, 134.4, 134.9, 134.4, 134.6, 134.4, 134.6, 135.8, 134.4, 134.4, 134.1, 134.4, 134.4, 134.1, 134.6, 134.9, 135.2, 134.6, 135.2, 134.6, 135.8, 135.2, 135.5, 135.5, 135.2, 135.5, 135.2, 135.8, 135.2, 136.1, 134.9, 135.2, 135.2, 135.2, 134.1, 134.4, 134.4, 135.5, 135.2, 135.5, 135.2, 136.1, 136.7, 136.1, 135.5, 136.7, 136.3, 136.7, 136.1, 137.3, 137.3, 137.0, 137.0, 137.0, 137.6, 137.6, 137.0, 137.0, 137.6, 138.0, 137.4, 138.6, 138.2, 138.6, 138.6, 138.6, 139.2, 138.9, 138.0, 138.6, 138.2, 138.4, 139.2, 138.6, 138.6, 139.9, 139.2, 139.5, 139.2, 139.2, 140.7, 140.7, 140.5, 139.9, 139.9, 139.2, 140.3, 140.1, 140.1, 140.7, 141.6, 141.6, 141.6, 141.8, 141.4, 141.6, 141.6, 141.8, 142.8, 142.0, 141.0, 141.6, 141.8, 141.8, 141.2, 141.6, 141.4, 141.8, 141.0, 141.0, 141.6, 141.2, 141.0, 141.0, 141.8, 142.0, 141.8, 141.2, 141.0, 141.4, 141.4, 141.4, 141.4, 141.4, 142.0, 142.2, 141.4, 141.6, 142.2, 142.0, 142.0, 142.0, 142.2, 141.4, 142.6, 142.8, 142.2, 142.2, 142.0, 142.2, 142.0, 142.2, 141.4, 142.2, 141.4, 141.6, 142.8, 141.6, 142.6, 142.0, 142.8, 142.0, 141.4, 142.8, 142.0, 141.6, 141.8, 142.8, 142.6, 142.0, 142.0, 142.6, 142.2, 142.0, 142.2, 141.8, 142.2, 142.2, 141.8, 142.4, 142.2, 142.8, 142.8, 142.4, 142.8, 142.8, 142.8, 142.6, 142.0, 142.6, 142.8, 142.4, 143.0, 143.0, 142.4, 143.0, 142.4, 142.4, 143.0, 142.2, 142.4, 142.2, 143.5, 143.0, 142.2, 143.0, 143.7, 143.5, 142.4, 142.4, 142.4, 142.4, 142.4, 142.4, 142.4, 142.8, 142.8, 142.0, 142.8, 142.2, 142.8, 142.8, 142.8, 142.4, 142.8, 143.0, 143.0, 143.0, 141.8, 143.0, 142.8, 143.0, 142.8, 142.8, 142.8, 142.8, 142.2, 141.4, 142.2, 142.2, 142.4, 142.8, 142.2, 142.4, 142.4, 142.4, 142.2, 142.2, 142.2, 142.0, 141.4, 142.6, 142.6, 142.6, 142.6, 142.6, 142.6, 142.8, 142.6, 142.2, 142.8, 142.8, 142.6, 143.0, 142.6, 142.2, 142.2, 142.8, 142.8, 143.0, 141.6, 141.4, 142.4]"
2,"[144.7, 143.9, 144.4, 143.5, 143.3, 143.5, 143.5, 144.1, 143.2, 143.2, 143.8, 143.7, 143.7, 143.5, 143.7, 143.8, 143.8, 143.8, 143.8, 144.3, 144.6, 143.0, 144.4, 144.4, 143.8, 144.4, 143.7, 143.7, 143.8, 144.0, 143.8, 143.8, 143.2, 143.2, 143.8, 144.0, 144.4, 144.0, 144.0, 143.2, 143.7, 144.0, 143.8, 143.7, 143.2, 143.2, 144.3, 144.3, 144.4, 143.2, 144.0, 143.5, 144.0, 144.4, 143.2, 143.8, 143.8, 143.2, 144.2, 143.8, 143.8, 143.8, 144.0, 143.8, 143.8, 143.4, 143.8, 143.4, 143.8, 143.8, 143.2, 143.4, 143.2, 143.2, 143.7, 143.7, 143.2, 143.4, 143.2, 142.4, 143.2, 143.4, 143.4, 143.7, 143.2, 142.4, 142.2, 142.2, 143.0, 142.2, 141.6, 142.4, 141.6, 142.4, 142.6, 141.8, 141.8, 141.8, 141.6, 142.0, 143.2, 142.0, 142.4, 142.8, 142.4, 143.2, 142.8, 142.0, 141.6, 141.4, 141.4, 141.4, 141.4, 141.6, 141.4, 141.6, 141.6, 142.8, 143.0, 142.8, 141.6, 142.2, 142.4, 142.2, 142.2, 141.6, 141.4, 141.6, 141.2, 139.3, 139.0, 141.2, 138.8, 137.5, 137.5, 138.4, 139.0, 139.5, 140.6, 140.3, 140.6, 141.2, 141.4, 140.8, 142.2, 142.2, 141.0, 141.2, 141.0, 140.4, 141.0, 141.2, 141.0, 141.2, 141.0, 141.2, 141.0, 141.0, 141.2, 141.6, 141.0, 141.0, 143.0, 142.4, 142.4, 143.0, 143.7, 142.8, 142.2, 143.0, 142.4, 141.8, 141.0, 141.8, 142.2, 142.0, 142.0, 142.2, 141.6, 141.0, 140.8, 140.8, 140.8, 141.0, 140.4, 140.8, 141.6, 141.0, 140.8, 141.4, 141.0, 141.0, 141.0, 142.4, 142.0, 142.4, 144.3, 143.0, 143.0, 143.0, 142.8, 142.8, 143.7, 142.8, 143.5, 142.2, 143.5, 143.5, 144.1, 142.8, 142.4, 142.8, 141.4, 141.6, 142.4, 142.6, 143.5, 142.0, 142.8, 141.6, 142.8, 142.6, 141.8, 141.6, 142.4, 142.4, 141.2, 141.8, 141.8, 141.8, 142.6, 141.8, 142.2, 142.0, 141.8, 141.6, 141.8, 141.8, 141.8, 142.2, 141.8, 142.2, 141.8, 142.4, 141.6, 141.6, 141.8, 141.6, 141.4, 141.8, 142.2, 141.6, 142.0, 141.2, 141.6, 141.6, 141.0, 142.4, 141.6, 141.6, 142.8, 142.2, 141.6, 141.6, 141.6, 142.2, 142.2, 142.8, 142.0, 142.0, 142.6, 142.6, 142.6, 142.6, 142.0, 142.0, 142.2, 142.0, 142.2, 142.0, 142.8, 142.2, 142.8, 142.6, 143.0, 143.5, 143.5, 143.3, 143.5, 143.5, 142.8, 142.6, 142.2, 142.0, 141.4, 142.8, 142.0, 141.6, 141.6, 142.2, 141.4, 142.2, 142.2, 142.8, 142.8, 142.6, 141.6, 142.8, 142.8, 142.2, 141.6, 142.2, 142.2, 143.3, 144.1, 145.5, 143.5, 143.3, 143.5, 142.8, 141.6, 142.6, 142.8, 143.5, 143.5, 143.3, 143.0, 142.2, 142.0, 141.8, 141.4, 142.0, 142.2, 143.3, 143.5, 144.1, 144.1, 144.3, 144.1, 144.1, 144.1, 143.5, 144.1, 142.8, 143.5, 142.6, 143.0, 142.8, 142.2, 141.2, 141.8, 142.0, 142.2, 142.2, 142.0, 142.2, 142.0, 142.2, 142.6, 142.6, 142.8, 142.0, 141.6, 142.2, 142.0, 141.4, 141.6, 141.0, 141.6, 142.0, 142.2, 141.6, 141.8, 142.2, 141.8, 141.8, 141.6, 142.6, 142.6, 142.6, 141.8, 142.4, 142.6, 142.0, 141.8, 141.4, 142.6, 141.4, 142.0, 142.0, 141.6, 142.2, 142.2, 142.2, 142.2, 141.6, 142.2, 142.2, 142.2, 142.2, 142.2, 142.2, 142.8, 142.2, 142.6, 142.2, 142.2, 142.2, 141.8, 142.2, 141.6, 142.2, 142.0, 142.2, 142.0, 141.4, 142.0, 142.2, 142.0, 142.2, 142.6, 142.2, 141.6, 142.2, 142.8, 142.8, 142.8, 143.5, 142.8, 142.2, 142.2, 141.0, 141.6, 141.6, 141.6, 141.6, 142.2, 141.6, 142.8, 142.8, 142.8, 142.8, 142.8, 142.8, 142.6, 142.6, 142.2, 142.2, 142.2, 142.8, 142.2, 142.6, 142.8, 141.6, 142.8, 142.8, 142.0, 142.2, 142.2, 142.8, 142.8, 142.8, 141.6, 142.2, 142.2, 142.2, 142.2, 142.2, 142.2, 142.2, 142.2, 142.2, 142.8, 142.2, 142.8, 142.8, 143.5, 143.5, 142.6, 142.8, 142.2, 142.8, 141.6, 142.2, 141.8, 141.6, 141.0, 141.8, 141.8, 142.2, 141.4, 142.0, 141.4, 140.8, 141.6, 142.2, 142.0, 141.8, 141.4, 141.6, 141.4, 141.6, 142.0, 142.2, 142.2, 142.0, 141.6, 142.0, 142.2, 141.2, 142.2, 142.4, 142.2, 142.4, 142.2, 141.4, 141.6, 141.0, 142.0, 142.0, 141.6, 142.2, 141.0, 142.2, 141.4, 141.6, 141.0, 142.2, 142.2, 142.4, 141.8, 141.6, 141.6, 142.2, 141.4, 141.4, 142.2, 141.8, 142.4, 141.6, 142.4, 142.2, 141.8, 141.8, 142.2, 142.2, 142.2, 142.4, 141.8, 142.2, 142.4, 142.2, 142.2, 142.8, 142.2, 142.2, 142.4, 142.4, 142.4, 142.4, 142.4, 141.8, 141.8, 141.2, 141.8, 142.2, 141.8, 141.8, 142.4, 141.8, 141.8, 141.8, 141.8, 141.8, 141.8, 141.6, 142.4, 141.6, 141.8, 142.4, 141.8, 141.6, 141.8, 142.4, 141.8, 143.0, 142.8, 142.4, 142.4, 142.2, 143.5, 143.5, 143.0, 142.2, 141.8, 143.0, 142.2, 142.4, 143.0, 143.0]"
2,"[142.6, 142.6, 142.6, 141.2, 141.0, 142.0, 142.6, 142.8, 141.6, 141.6, 141.6, 140.8, 140.6, 142.0, 140.8, 142.2, 141.4, 141.6, 141.2, 142.6, 142.6, 142.8, 142.2, 142.0, 142.0, 141.4, 141.6, 142.0, 142.0, 142.8, 142.2, 141.8, 142.0, 142.6, 142.2, 142.0, 141.6, 141.0, 141.6, 141.8, 141.2, 142.0, 141.2, 140.4, 140.6, 139.6, 140.2, 141.0, 140.6, 140.4, 141.2, 141.0, 141.2, 141.8, 140.8, 140.4, 140.8, 141.2, 141.0, 141.0, 140.8, 141.0, 141.0, 141.0, 140.4, 141.4, 140.6, 141.0, 141.8, 140.8, 142.0, 141.6, 141.6, 142.2, 141.0, 141.0, 141.0, 141.0, 141.0, 141.0, 141.0, 141.4, 141.4, 141.4, 142.2, 141.6, 141.0, 141.6, 141.6, 140.4, 140.4, 140.4, 140.4, 140.2, 139.8, 139.8, 139.8, 140.4, 139.6, 140.2, 140.4, 140.0, 141.2, 140.6, 140.8, 140.0, 140.0, 140.6, 140.4, 140.0, 139.8, 141.2, 140.6, 140.8, 140.6, 141.2, 140.6, 140.6, 140.4, 140.4, 140.4, 140.6, 141.2, 140.6, 140.4, 140.6, 140.4, 138.5, 138.5, 140.6, 140.8, 139.2, 138.9, 138.0, 140.1, 141.4, 141.6, 141.6, 141.4, 141.4, 141.2, 141.4, 142.0, 142.2, 141.8, 141.8, 142.2, 142.0, 141.4, 142.0, 141.6, 141.4, 141.2, 141.4, 142.0, 142.0, 141.2, 140.4, 142.0, 142.0, 141.8, 141.0, 142.2, 142.0, 142.2, 142.0, 141.8, 141.0, 140.6, 141.0, 140.6, 140.4, 141.6, 141.8, 141.8, 141.2, 141.0, 141.0, 141.8, 141.0, 140.8, 141.0, 141.2, 141.0, 140.4, 140.4, 141.0, 141.2, 141.8, 141.0, 141.2, 140.8, 141.8, 141.0, 141.6, 141.8, 142.4, 142.4, 142.4, 141.8, 142.4, 142.4, 143.0, 142.4, 142.4, 142.4, 142.2, 142.4, 142.2, 142.4, 141.6, 141.6, 141.0, 141.2, 141.0, 141.6, 141.0, 141.2, 141.2, 141.8, 141.0, 141.0, 141.4, 142.2, 142.2, 143.0, 144.1, 143.0, 144.1, 142.8, 142.4, 141.6, 142.2, 142.0, 141.6, 141.0, 141.0, 140.4, 140.8, 140.8, 140.8, 139.6, 140.2, 141.0, 140.8, 140.8, 140.6, 140.2, 141.0, 140.8, 141.4, 141.4, 141.0, 141.4, 140.4, 141.4, 141.4, 141.4, 141.4, 141.4, 141.0, 142.0, 141.4, 141.8, 141.4, 140.4, 141.6, 141.0, 140.8, 141.4, 141.0, 141.6, 140.8, 141.4, 141.6, 141.4, 141.6, 141.6, 141.6, 141.0, 141.8, 141.6, 142.2, 142.8, 142.4, 142.6, 142.8, 141.6, 141.8, 141.8, 141.8, 142.2, 141.8, 141.8, 142.2, 143.5, 141.6, 143.0, 141.8, 141.8, 141.6, 143.0, 142.8, 143.5, 143.0, 141.8, 142.4, 143.7, 143.7, 143.3, 143.7, 143.0, 143.5, 142.8, 143.0, 143.5, 142.8, 142.8, 142.8, 144.1, 143.5, 143.3, 143.5, 142.8, 143.5, 142.2, 142.4, 142.8, 143.5, 143.5, 143.7, 142.8, 143.0, 143.7, 144.1, 143.7, 143.5, 143.5, 141.6, 143.5, 143.7, 143.0, 142.8, 143.0, 143.0, 143.5, 143.5, 144.1, 143.7, 143.0, 143.0, 142.8, 143.7, 144.1, 143.0, 143.7, 143.5, 143.7, 143.7, 143.3, 142.8, 143.0, 143.7, 142.2, 143.7, 144.1, 143.5, 143.5, 142.8, 142.8, 142.8, 142.2, 142.8, 142.2, 142.6, 142.0, 142.0, 142.2, 142.6, 142.8, 142.8, 141.6, 141.6, 142.2, 141.6, 141.6, 142.2, 141.4, 142.2, 141.6, 142.2, 142.2, 142.2, 142.2, 142.8, 142.6, 142.8, 142.8, 142.4, 142.0, 142.2, 142.8, 142.2, 142.8, 143.5, 143.5, 142.8, 142.2, 143.5, 143.5, 143.5, 143.5, 143.5, 143.5, 143.5, 142.8, 142.8, 142.8, 142.8, 142.2, 142.2, 142.8, 142.6, 142.2, 142.8, 142.8, 142.8, 142.8, 142.8, 142.2, 142.2, 142.2, 142.2, 142.2, 142.0, 143.0, 142.2, 142.2, 142.2, 142.8, 142.2, 142.2, 142.2, 143.0, 141.8, 142.8, 142.2, 141.6, 142.6, 142.2, 142.8, 142.2, 142.2, 142.2, 142.4, 142.2, 142.2, 142.2, 142.4, 142.2, 142.0, 142.2, 142.0, 141.4, 142.2, 142.2, 142.4, 142.2, 142.2, 142.2, 142.6, 142.2, 142.2, 142.6, 142.8, 142.8, 142.8, 142.2, 142.0, 142.2, 142.6, 142.6, 142.8, 142.6, 142.8, 142.2, 142.6, 142.8, 141.6, 142.2, 142.0, 142.0, 142.2, 142.2, 142.4, 142.2, 142.4, 142.8, 142.8, 142.8, 143.0, 142.8, 142.8, 142.8, 142.2, 142.2, 142.8, 142.2, 142.8, 141.6, 142.8, 142.8, 141.8, 142.8, 141.8, 142.8, 141.0, 142.8, 142.2, 141.6, 141.6, 141.6, 141.6, 141.6, 141.6, 142.2, 141.8, 141.8, 141.6, 141.0, 141.6, 141.6, 142.4, 143.0, 141.6, 142.4, 143.0, 142.6, 141.8, 142.2, 141.8, 142.4, 143.2, 142.2, 142.4, 142.4, 142.4, 142.4, 142.2, 142.4, 141.8, 141.8, 141.6, 141.8, 141.0, 142.2, 141.8, 141.6, 141.8, 141.6, 141.6, 141.2, 141.2, 141.0, 141.0, 141.6, 141.2, 141.6, 141.2, 141.0, 141.2, 141.6, 141.2, 140.6, 141.2, 140.6, 141.0, 141.0, 141.8, 141.0, 141.6, 141.2, 141.6, 141.0, 141.2, 141.6, 141.6, 141.6, 141.8, 141.6, 141.8, 141.8, 141.6, 141.2, 141.2, 141.8, 141.8, 141.6, 141.8, 141.4]"
2,"[144.4, 145.8, 144.7, 143.5, 142.8, 142.8, 143.5, 143.0, 143.0, 143.7, 143.0, 143.0, 144.4, 143.7, 143.7, 143.8, 144.3, 144.0, 143.0, 143.0, 143.2, 143.8, 143.0, 143.0, 143.7, 143.0, 143.8, 142.6, 143.0, 142.4, 143.2, 142.4, 143.8, 142.4, 142.4, 142.4, 143.2, 143.0, 142.2, 142.4, 142.4, 143.0, 143.0, 143.0, 142.4, 141.8, 142.4, 142.0, 142.4, 142.2, 142.4, 143.0, 142.4, 143.0, 142.4, 142.4, 141.8, 141.8, 142.4, 141.8, 142.4, 142.6, 142.6, 143.0, 142.6, 143.0, 143.0, 143.0, 142.8, 142.4, 143.7, 142.4, 142.4, 142.4, 142.4, 143.0, 143.7, 143.0, 143.0, 143.2, 143.7, 143.0, 143.0, 143.0, 143.7, 143.8, 143.8, 143.0, 143.7, 143.8, 143.8, 143.0, 143.7, 143.2, 143.0, 143.7, 143.7, 143.8, 143.0, 142.4, 143.2, 142.4, 142.4, 142.4, 142.6, 142.6, 143.0, 143.0, 143.2, 143.0, 143.7, 143.7, 143.8, 144.3, 143.7, 143.7, 143.8, 143.8, 143.7, 144.0, 144.0, 144.6, 143.0, 143.7, 143.0, 141.6, 141.6, 141.0, 141.6, 142.2, 142.6, 142.0, 141.6, 141.4, 141.8, 142.6, 142.0, 142.0, 141.8, 141.4, 141.4, 141.4, 142.0, 142.6, 142.6, 143.3, 142.6, 142.0, 142.2, 142.6, 142.2, 142.8, 142.8, 142.2, 142.4, 142.2, 142.4, 142.4, 143.0, 142.8, 143.0, 142.8, 142.2, 141.6, 141.8, 141.8, 141.8, 142.2, 142.8, 142.8, 141.2, 142.2, 142.4, 142.2, 142.2, 142.0, 142.2, 142.2, 142.0, 141.4, 141.0, 141.2, 141.8, 142.0, 142.0, 142.2, 142.2, 142.2, 141.6, 142.2, 141.8, 141.8, 143.0, 141.8, 141.6, 142.4, 141.8, 141.8, 141.2, 141.2, 141.8, 141.8, 142.2, 141.2, 142.2, 142.2, 141.2, 141.4, 141.8, 141.8, 141.8, 141.6, 142.0, 142.2, 141.6, 142.2, 142.2, 142.4, 142.2, 142.0, 141.6, 141.8, 141.0, 142.4, 142.4, 141.8, 143.0, 142.4, 142.4, 142.4, 141.8, 142.2, 142.2, 142.2, 142.2, 142.2, 142.2, 142.2, 142.2, 142.2, 141.8, 142.2, 142.2, 142.2, 142.2, 141.6, 141.6, 141.6, 141.6, 142.0, 141.4, 142.2, 142.2, 142.0, 142.2, 142.2, 142.0, 142.2, 142.2, 142.2, 142.2, 142.2, 142.2, 142.0, 141.4, 141.4, 141.4, 142.0, 142.0, 142.0, 142.2, 141.6, 142.2, 142.8, 141.6, 142.2, 142.8, 142.2, 142.2, 142.2, 142.4, 142.2, 142.4, 142.0, 142.4, 142.2, 142.2, 143.0, 142.2, 142.2, 142.4, 142.4, 142.6, 142.4, 142.4, 143.0, 142.2, 142.4, 142.8, 141.8, 142.4, 142.4, 142.2, 142.2, 142.2, 142.0, 141.4, 142.2, 142.6, 142.0, 142.2, 142.2, 142.2, 142.0, 142.0, 142.2, 142.2, 142.4, 142.4, 142.2, 143.0, 142.2, 142.8, 142.4, 142.8, 142.8, 142.2, 141.4, 142.0, 142.0, 142.2, 141.4, 141.6, 141.6, 142.0, 142.2, 142.2, 142.2, 142.2, 142.8, 142.2, 142.8, 141.6, 141.8, 141.8, 141.6, 142.0, 142.0, 141.4, 142.8, 141.6, 142.2, 141.6, 142.2, 141.6, 141.8, 141.6, 142.2, 141.4, 141.8, 141.6, 142.0, 141.6, 141.4, 141.4, 142.2, 142.0, 141.4, 140.8, 141.2, 141.8, 141.4, 141.6, 142.0, 142.2, 141.6, 142.2, 142.2, 142.2, 142.0, 142.0, 142.0, 142.0, 142.2, 142.2, 140.8, 141.6, 142.0, 142.2, 141.4, 141.4, 141.4, 141.4, 141.8, 141.0, 141.0, 140.7, 140.7, 139.9, 140.5, 140.1, 140.1, 140.3, 140.1, 140.3, 140.6, 140.3, 141.4, 141.4, 141.2, 141.6, 141.0, 141.8, 141.6, 141.0, 141.4, 141.0, 140.7, 139.9, 140.7, 140.1, 140.7, 140.7, 140.7, 140.7, 139.9, 139.9, 140.7, 141.2, 140.3, 140.8, 141.2, 141.2, 140.8, 141.2, 140.2, 141.2, 141.2, 141.4, 141.2, 141.2, 141.2, 142.0, 142.0, 141.8, 142.0, 140.8, 140.6, 141.4, 141.2, 140.8, 141.4, 141.4, 140.6, 141.2, 140.6, 140.3, 141.0, 141.0, 141.4, 141.8, 141.2, 140.8, 140.6, 140.6, 139.9, 140.6, 140.3, 140.3, 139.7, 140.6, 140.6, 140.8, 141.4, 141.4, 140.6, 141.0, 141.2, 140.6, 142.0, 140.6, 141.2, 141.4, 141.2, 141.8, 141.2, 140.6, 141.2, 141.4, 141.2, 141.4, 141.2, 141.4, 141.2, 141.2, 141.2, 141.2, 141.8, 141.2, 141.2, 141.2, 141.2, 141.8, 141.2, 141.2, 141.2, 141.4, 142.0, 142.0, 141.2, 142.0, 142.0, 142.0, 142.0, 142.0, 142.0, 141.8, 142.0, 142.0, 142.0, 142.0, 142.0, 141.4, 142.0, 142.0, 142.0, 141.4, 142.0, 142.2, 142.8, 142.0, 142.0, 142.2, 142.2, 142.8, 142.8, 142.2, 142.2, 142.2, 142.6, 142.8, 142.2, 141.4, 142.2, 142.0, 142.8, 142.4, 142.8, 142.2, 142.2, 142.2, 141.6, 141.4, 142.2, 142.2, 141.6, 142.8, 142.2, 142.8, 141.6, 142.6, 142.2, 142.2, 141.8, 141.6, 141.6, 142.2, 141.6, 141.6, 142.2, 141.6, 142.0, 142.2, 142.2, 141.6, 142.2, 142.2, 142.2, 142.2, 141.8, 142.2, 142.2, 141.8, 141.8, 141.8, 141.8, 142.2, 141.8, 142.2, 142.2, 141.6, 141.6, 142.2, 141.8, 141.8, 141.6, 141.6, 142.2, 142.2, 141.6]"
3,"[152.7, 153.1, 153.4, 152.5, 152.7, 152.7, 152.6, 153.6, 153.4, 153.4, 153.4, 153.4, 152.7, 153.4, 152.9, 153.4, 153.6, 153.4, 152.7, 153.6, 152.9, 153.4, 153.4, 152.1, 152.7, 152.7, 152.9, 153.4, 153.4, 153.4, 153.4, 153.4, 153.6, 153.4, 153.6, 153.6, 152.9, 153.4, 152.7, 154.0, 154.0, 153.2, 154.0, 154.0, 153.4, 153.4, 154.0, 153.4, 153.0, 153.4, 153.9, 153.4, 152.6, 153.2, 153.6, 152.3, 151.3, 152.7, 154.0, 152.9, 153.9, 152.7, 152.1, 151.1, 151.3, 151.5, 151.9, 152.3, 152.1, 151.7, 151.1, 151.1, 151.7, 151.7, 151.1, 150.4, 150.9, 151.1, 151.1, 150.4, 151.7, 152.6, 152.6, 152.1, 152.7, 152.7, 152.7, 153.4, 152.1, 153.2, 153.4, 154.7, 154.0, 153.4, 153.4, 152.7, 152.1, 152.1, 152.7, 152.7, 152.7, 152.7, 152.7, 153.6, 153.4, 153.2, 153.4, 153.6, 153.6, 154.0, 153.4, 153.6, 153.6, 152.9, 153.6, 152.9, 153.4, 153.4, 153.4, 153.6, 153.6, 152.9, 152.9, 152.9, 154.0, 153.9, 154.4, 154.2, 153.6, 153.4, 153.4, 154.2, 154.2, 153.6, 152.3, 152.9, 152.9, 152.7, 152.3, 153.6, 153.4, 153.4, 153.4, 153.6, 153.1, 152.9, 153.4, 153.2, 152.9, 152.9, 152.5, 152.7, 152.5, 153.6, 152.3, 152.7, 152.1, 151.5, 151.3, 151.1, 150.2, 150.4, 150.4, 151.1, 150.2, 151.1, 151.1, 151.7, 151.3, 150.4, 150.4, 150.9, 150.7, 150.7, 150.7, 150.3, 149.4, 147.8, 147.6, 148.0, 148.7, 148.9, 149.1, 149.8, 149.1, 149.1, 149.1, 149.6, 149.8, 150.0, 149.4, 149.8, 150.0, 149.8, 148.3, 148.0, 148.5, 148.1, 147.6, 147.8, 147.6, 147.6, 147.8, 147.6, 148.0, 147.2, 147.4, 147.6, 147.6, 147.8, 147.8, 148.9, 148.9, 149.1, 148.9, 148.0, 147.0, 145.9, 146.3, 145.7, 145.4, 146.3, 145.7, 145.4, 145.7, 145.7, 146.3, 145.9, 146.0, 145.7, 146.0, 145.4, 145.1, 145.8, 145.0, 144.8, 145.1, 145.1, 145.1, 146.0, 146.3, 145.7, 145.1, 145.1, 145.8, 146.0, 146.0, 146.0, 146.7, 146.3, 146.4, 145.8, 146.0, 145.1, 145.1, 146.0, 145.4, 145.0, 146.0, 146.0, 146.7, 145.4, 146.4, 145.8, 146.4, 145.4, 146.4, 145.4, 145.8, 146.0, 146.0, 146.0, 145.8, 147.1, 146.4, 145.8, 145.8, 145.1, 145.7, 146.4, 145.0, 145.1, 145.1, 146.0, 146.0, 145.8, 145.8, 145.0, 145.1, 145.4, 145.8, 145.4, 145.1, 144.9, 144.9, 145.8, 145.1, 145.5, 145.1, 145.1, 145.4, 145.4, 145.8, 145.8, 145.3, 146.0, 146.6, 146.6, 145.7, 146.0, 146.0, 147.1, 146.3, 146.6, 147.8, 148.3, 148.3, 148.7, 148.7, 149.4, 149.1, 148.9, 149.8, 149.1, 149.8, 149.8, 149.1, 149.6, 149.4, 150.0, 150.7, 150.2, 151.3, 150.3, 150.9, 150.0, 150.7, 150.5, 151.5, 150.7, 150.5, 150.0, 150.5, 151.3, 151.5, 152.2, 152.2, 153.0, 152.4, 152.2, 152.2, 153.0, 152.2, 152.9, 152.6, 152.6, 153.0, 152.6, 152.6, 152.6, 152.6, 152.6, 152.4, 152.6, 152.6, 152.6, 152.4, 153.0, 152.4, 152.4, 152.4, 152.6, 153.4, 152.6, 152.6, 151.7, 151.9, 151.7, 151.1, 151.5, 151.5, 150.4, 150.9, 150.9, 150.7, 150.2, 151.1, 151.7, 152.1, 152.1, 152.3, 151.5, 151.5, 152.1, 152.3, 152.3, 152.3, 152.1, 152.3, 152.7, 152.9, 152.9, 152.3, 152.7, 152.9, 152.1, 152.3, 151.8, 152.3, 152.1, 152.1, 152.1, 151.9, 152.7, 152.6, 152.1, 152.9, 153.1, 153.4, 152.7, 152.6, 152.7, 153.2, 153.4, 153.2, 152.7, 152.7, 154.0, 152.7, 152.6, 153.6, 153.6, 153.6, 153.6, 152.7, 153.4, 153.6, 152.9, 153.6, 153.4, 152.9, 152.9, 154.0, 153.6, 152.9, 152.9, 153.4, 153.9, 153.4, 153.4, 153.4, 153.6, 153.3, 153.6, 153.1, 153.7, 152.9, 153.7, 153.1, 152.7, 153.1, 153.7, 153.7, 153.7, 153.6, 153.1, 152.9, 153.1, 152.9, 153.4, 153.6, 153.1, 152.9, 153.1, 153.1, 152.9, 153.6, 153.6, 152.5, 152.9, 153.1, 153.3, 153.7, 153.3, 153.3, 153.1, 153.1, 153.1, 153.1, 153.1, 153.7, 153.1, 153.1, 153.1, 153.1, 153.7, 153.1, 153.1, 153.1, 153.3, 153.1, 153.1, 153.1, 153.1, 152.9, 152.9, 152.9, 153.1, 153.1, 153.1, 153.1, 153.1, 152.9, 152.5, 153.1, 153.1, 153.6, 152.9, 153.1, 153.1, 152.9, 152.5, 152.5, 153.1, 153.6, 152.9, 153.1, 153.9, 153.1, 153.6, 153.6, 153.1, 153.7, 153.7, 153.1, 153.7, 153.7, 153.3, 153.9, 153.6, 153.6, 153.6, 153.3, 153.9, 153.1, 153.6, 153.6, 153.1, 153.7, 154.4, 154.4, 155.5, 156.3, 155.6, 156.3, 155.6, 156.4, 156.3, 156.3, 156.3, 156.1, 155.6, 156.3, 155.8, 155.6, 155.5, 155.6, 155.8, 156.1, 155.0, 156.3, 155.6, 156.1, 155.6, 155.9, 155.8, 156.3, 155.6, 155.8, 155.9, 156.5, 157.6, 157.7, 157.1, 157.6, 157.6, 156.9, 156.1, 157.3, 157.3, 157.3, 157.2, 157.2, 157.1, 157.8, 157.1, 157.1, 157.8, 157.7, 157.7]"
3,"[155.1, 154.2, 155.1, 154.2, 154.0, 153.6, 154.0, 154.0, 154.0, 154.5, 154.5, 155.3, 154.5, 155.3, 154.5, 155.3, 154.7, 155.3, 154.7, 154.5, 155.3, 155.3, 155.3, 155.1, 155.9, 155.8, 154.5, 155.1, 155.1, 155.6, 155.1, 155.1, 155.8, 155.3, 155.3, 155.1, 155.9, 155.3, 155.3, 155.9, 156.5, 156.5, 156.1, 156.1, 155.9, 156.2, 156.5, 156.7, 155.9, 155.9, 155.4, 156.1, 155.4, 155.3, 155.3, 155.8, 155.9, 155.1, 155.3, 155.3, 155.8, 154.5, 154.4, 155.1, 154.4, 154.4, 154.4, 154.2, 154.4, 152.9, 152.9, 153.6, 154.4, 154.8, 153.6, 152.9, 153.1, 154.2, 155.0, 154.7, 153.6, 154.4, 154.4, 153.7, 154.4, 153.7, 154.2, 153.6, 154.8, 154.2, 154.8, 155.0, 154.4, 154.4, 155.1, 154.5, 154.4, 154.7, 155.0, 154.4, 153.6, 152.3, 153.6, 152.9, 153.1, 154.2, 153.6, 154.0, 153.6, 154.2, 154.2, 153.6, 153.7, 153.6, 153.1, 153.1, 153.9, 153.1, 153.6, 153.1, 152.9, 154.4, 154.4, 155.6, 154.4, 154.2, 153.4, 153.6, 154.0, 153.4, 154.2, 154.4, 154.7, 154.8, 154.7, 154.8, 155.3, 154.2, 154.8, 155.0, 154.8, 154.8, 155.6, 155.5, 154.8, 154.8, 154.8, 155.0, 154.8, 154.0, 154.0, 154.2, 154.0, 154.2, 154.5, 154.4, 154.7, 154.8, 154.8, 154.2, 154.8, 155.3, 154.2, 154.2, 155.5, 155.3, 154.7, 154.0, 154.2, 154.4, 154.0, 152.7, 153.7, 153.9, 153.0, 153.4, 154.0, 153.9, 153.9, 154.0, 154.5, 153.4, 154.0, 153.2, 153.9, 152.7, 153.4, 153.9, 153.4, 153.6, 154.0, 153.4, 154.0, 153.6, 153.4, 153.6, 153.4, 153.2, 153.4, 154.0, 153.9, 154.0, 153.9, 153.4, 153.4, 152.6, 152.7, 153.4, 153.2, 153.4, 154.0, 153.9, 153.4, 154.0, 154.0, 154.5, 154.0, 154.0, 154.0, 154.0, 154.5, 154.5, 154.7, 154.8, 154.7, 154.8, 153.9, 154.0, 154.0, 153.6, 153.2, 152.6, 152.7, 153.6, 153.4, 153.6, 152.7, 154.2, 153.6, 153.6, 153.6, 153.6, 154.0, 154.7, 154.8, 154.0, 154.0, 153.4, 154.0, 154.0, 153.9, 154.7, 153.2, 153.4, 153.4, 153.4, 154.0, 153.4, 153.9, 154.2, 153.4, 153.7, 154.0, 153.2, 152.6, 153.2, 153.0, 152.6, 152.6, 153.4, 153.2, 153.2, 152.6, 153.0, 152.6, 153.9, 153.2, 153.4, 154.2, 154.0, 154.7, 154.7, 154.0, 153.9, 153.4, 153.9, 153.4, 153.2, 153.2, 154.0, 153.2, 153.4, 153.2, 153.2, 152.6, 152.4, 152.2, 151.5, 151.5, 152.0, 153.0, 153.0, 152.9, 152.2, 153.0, 152.4, 153.0, 152.2, 151.7, 151.7, 151.7, 152.4, 152.4, 153.0, 152.6, 153.2, 153.2, 153.2, 152.7, 153.4, 153.4, 153.9, 154.0, 154.0, 154.7, 154.7, 154.2, 154.2, 154.0, 154.0, 154.2, 154.2, 154.0, 153.9, 152.7, 151.5, 151.9, 153.0, 153.4, 153.0, 152.7, 153.4, 153.6, 153.2, 153.4, 153.4, 153.6, 153.6, 154.2, 153.4, 153.2, 154.0, 153.6, 154.7, 154.2, 153.9, 154.2, 154.0, 153.9, 154.0, 154.0, 153.9, 153.4, 153.4, 153.2, 154.7, 153.6, 154.0, 153.9, 154.0, 154.2, 153.6, 154.0, 154.2, 154.2, 154.0, 154.2, 154.8, 154.7, 154.4, 154.2, 154.4, 154.4, 155.0, 154.5, 154.5, 155.1, 155.0, 154.8, 155.0, 155.5, 155.5, 156.3, 155.8, 155.3, 155.6, 154.4, 155.0, 154.7, 154.5, 155.6, 154.5, 155.8, 155.1, 154.7, 155.1, 155.3, 155.3, 155.9, 155.9, 155.1, 155.8, 155.9, 155.9, 154.7, 155.3, 155.9, 155.9, 155.9, 156.1, 155.4, 155.6, 155.3, 155.4, 155.1, 155.4, 155.4, 154.8, 155.4, 155.0, 155.0, 154.5, 155.0, 155.0, 154.4, 154.5, 153.7, 154.5, 153.9, 155.0, 154.5, 154.5, 154.4, 154.5, 154.6, 154.6, 154.6, 154.5, 155.1, 154.5, 154.5, 154.6, 155.1, 155.0, 155.1, 155.0, 154.5, 155.1, 155.2, 155.0, 154.6, 155.1, 155.1, 155.1, 155.1, 155.1, 155.1, 155.1, 154.5, 155.1, 155.0, 155.0, 155.7, 155.8, 155.4, 155.8, 155.8, 156.3, 155.7, 155.1, 155.1, 156.2, 155.7, 155.8, 156.2, 155.8, 155.8, 155.7, 156.3, 156.9, 156.4, 156.3, 156.4, 156.4, 155.7, 155.8, 156.4, 156.6, 156.3, 156.3, 156.4, 156.4, 156.3, 155.7, 155.7, 156.9, 156.3, 155.7, 156.3, 156.3, 156.2, 155.1, 155.7, 156.2, 156.8, 156.8, 156.9, 157.4, 156.9, 155.6, 155.6, 156.1, 156.2, 156.2, 155.6, 156.3, 156.2, 155.7, 156.2, 156.2, 156.3, 155.7, 155.6, 156.2, 156.2, 155.7, 156.2, 156.8, 156.7, 156.9, 156.2, 156.2, 156.2, 156.3, 156.2, 155.4, 156.3, 156.2, 157.4, 156.8, 156.8, 156.7, 156.8, 156.9, 156.8, 156.2, 156.8, 156.8, 157.4, 156.7, 156.8, 156.8, 156.8, 156.1, 156.2, 157.4, 156.9, 156.9, 156.7, 156.1, 156.9, 157.4, 156.2, 156.8, 156.3, 156.2, 156.2, 156.9, 156.3, 155.8, 156.4, 155.7, 155.2, 155.8, 156.8, 156.8, 156.7, 156.8, 157.4, 157.5, 156.9, 156.2, 156.3, 156.8, 156.3, 156.9, 156.3, 156.8, 156.2, 156.3]"
3,"[155.4, 152.6, 153.0, 152.4, 152.6, 151.4, 152.3, 152.2, 152.5, 151.8, 152.5, 153.7, 154.2, 154.5, 153.9, 153.7, 153.1, 153.3, 153.9, 153.7, 152.5, 152.8, 153.4, 154.0, 155.6, 154.8, 153.9, 154.4, 154.2, 154.8, 155.0, 155.6, 154.7, 154.4, 155.0, 155.1, 155.1, 154.8, 155.6, 155.0, 155.6, 155.0, 155.0, 154.4, 155.1, 155.1, 155.0, 154.4, 154.4, 153.9, 154.5, 155.1, 154.5, 154.2, 154.2, 154.7, 154.4, 154.4, 154.2, 155.0, 155.4, 155.0, 155.0, 154.8, 154.4, 155.0, 154.4, 154.5, 155.0, 153.7, 154.4, 154.2, 154.4, 154.2, 154.4, 155.0, 155.0, 155.1, 154.6, 155.0, 155.1, 155.1, 155.1, 154.5, 154.5, 154.5, 153.9, 154.4, 154.4, 154.4, 154.5, 154.4, 155.1, 155.1, 155.1, 154.5, 154.4, 154.5, 155.0, 155.0, 154.6, 154.5, 154.1, 153.9, 154.6, 154.1, 154.4, 155.2, 154.5, 155.0, 154.5, 154.4, 155.0, 153.9, 155.0, 154.6, 154.6, 154.5, 154.6, 155.2, 155.2, 155.1, 155.0, 154.1, 155.1, 155.1, 155.1, 155.0, 155.0, 155.0, 154.8, 155.4, 154.5, 155.4, 155.3, 155.4, 154.7, 155.4, 155.4, 154.4, 155.4, 154.8, 155.6, 155.7, 155.0, 154.8, 155.1, 155.1, 156.2, 156.2, 155.7, 155.6, 155.0, 155.0, 155.6, 155.6, 155.0, 155.1, 154.5, 155.1, 155.6, 156.2, 156.1, 155.9, 155.4, 155.1, 156.9, 157.5, 156.8, 156.1, 156.9, 157.6, 157.5, 157.5, 156.9, 156.9, 157.5, 156.8, 156.1, 156.8, 157.5, 156.8, 157.6, 156.9, 156.9, 156.8, 156.7, 155.3, 154.2, 154.2, 154.4, 154.4, 154.8, 154.8, 155.5, 155.3, 154.7, 154.0, 154.7, 154.7, 154.5, 154.2, 154.5, 154.8, 154.0, 154.8, 153.6, 154.8, 153.9, 155.5, 154.8, 154.7, 154.8, 156.0, 154.8, 156.0, 155.5, 156.0, 155.6, 156.3, 156.1, 156.1, 156.3, 156.9, 157.1, 157.1, 156.1, 156.4, 155.6, 155.3, 154.2, 154.7, 154.5, 153.9, 154.4, 154.5, 153.9, 154.7, 154.7, 153.9, 154.7, 154.0, 154.2, 154.7, 153.9, 154.5, 153.9, 154.5, 154.0, 154.5, 154.0, 154.5, 154.7, 154.5, 154.5, 153.9, 153.9, 154.0, 154.7, 153.7, 154.5, 154.5, 153.9, 153.7, 154.5, 154.0, 154.4, 152.6, 152.4, 152.4, 151.5, 152.4, 151.7, 152.6, 153.0, 153.0, 153.0, 153.7, 153.9, 153.7, 154.5, 154.7, 153.9, 153.9, 153.0, 152.6, 152.6, 153.2, 152.6, 153.2, 153.4, 153.4, 154.2, 153.4, 153.2, 153.2, 153.0, 152.6, 153.2, 151.5, 152.4, 152.6, 151.7, 152.4, 152.2, 151.9, 151.7, 151.5, 152.4, 152.2, 151.7, 152.4, 151.7, 151.7, 151.5, 153.0, 152.2, 152.9, 152.4, 152.4, 151.7, 152.2, 152.2, 152.2, 152.2, 152.4, 152.6, 152.6, 152.2, 152.4, 152.4, 152.4, 151.7, 152.4, 152.4, 152.0, 152.2, 151.5, 151.5, 152.6, 152.6, 153.0, 153.7, 153.2, 153.9, 153.9, 153.4, 153.9, 154.7, 154.7, 154.2, 154.0, 154.2, 154.7, 154.0, 155.3, 155.3, 154.8, 155.3, 154.8, 155.3, 154.8, 154.8, 154.8, 155.0, 155.5, 155.0, 154.0, 154.2, 154.8, 154.8, 154.8, 155.6, 156.8, 156.9, 157.1, 156.9, 156.8, 156.8, 156.1, 156.1, 156.8, 156.1, 156.1, 155.5, 156.0, 156.0, 156.3, 156.1, 156.1, 155.6, 155.6, 156.7, 155.5, 156.1, 156.9, 156.8, 156.9, 156.1, 156.1, 156.3, 156.1, 156.8, 156.8, 156.3, 156.3, 156.8, 156.8, 156.9, 157.5, 157.5, 156.3, 157.3, 156.8, 156.1, 156.9, 157.3, 156.9, 157.5, 157.6, 156.8, 156.8, 156.3, 156.0, 156.3, 156.8, 156.3, 155.6, 156.3, 156.0, 155.5, 156.9, 156.1, 155.5, 155.6, 156.3, 155.6, 155.6, 156.4, 155.6, 155.6, 154.8, 155.6, 155.6, 156.4, 156.3, 155.9, 155.9, 156.4, 155.9, 155.3, 154.5, 155.4, 155.0, 155.1, 155.6, 155.4, 155.6, 156.3, 156.2, 156.2, 155.7, 156.8, 156.3, 156.2, 156.2, 156.2, 155.7, 156.8, 156.2, 156.1, 156.2, 156.2, 156.2, 156.3, 156.1, 156.3, 156.3, 156.8, 156.4, 156.8, 156.9, 156.4, 156.8, 157.5, 156.3, 156.3, 156.7, 156.9, 156.2, 156.3, 156.3, 156.8, 156.3, 156.7, 156.8, 157.4, 157.4, 156.9, 157.5, 157.5, 156.4, 156.9, 157.4, 156.9, 157.4, 157.4, 157.4, 158.2, 157.4, 156.8, 156.8, 156.9, 156.8, 156.3, 156.8, 156.8, 156.8, 156.2, 156.1, 156.8, 156.3, 156.8, 156.8, 156.1, 157.5, 157.4, 156.9, 155.7, 156.2, 156.2, 156.7, 156.1, 156.8, 156.7, 156.1, 156.1, 156.2, 156.1, 156.1, 156.2, 156.2, 156.2, 156.2, 155.7, 156.1, 156.2, 156.2, 155.6, 156.3, 155.6, 156.1, 156.5, 156.2, 156.2, 156.2, 156.2, 156.1, 155.3, 155.9, 155.8, 155.6, 155.8, 155.8, 154.5, 154.4, 154.4, 155.3, 155.8, 155.0, 154.7, 155.3, 154.4, 155.1, 155.0, 155.1, 155.1, 155.1, 155.3, 155.9, 155.1, 155.8, 155.8, 155.8, 155.9, 155.8, 154.5, 155.0, 154.7, 155.8, 155.0, 155.8, 155.1, 155.1, 155.1, 155.1, 155.1, 155.1, 155.0, 155.8]"
3,"[155.3, 153.7, 154.0, 155.3, 154.5, 154.5, 154.7, 154.7, 155.8, 155.1, 155.1, 155.8, 155.3, 155.1, 155.8, 155.6, 155.8, 155.8, 155.1, 155.8, 155.8, 155.1, 155.1, 155.1, 155.1, 155.1, 155.1, 156.3, 156.5, 155.3, 155.1, 155.9, 155.8, 155.3, 155.1, 155.1, 155.8, 155.1, 155.8, 155.0, 155.6, 155.1, 156.3, 155.6, 155.6, 155.0, 155.0, 154.8, 155.5, 155.0, 155.6, 155.1, 154.5, 154.4, 155.5, 154.5, 155.1, 155.8, 156.3, 155.8, 155.1, 155.3, 155.1, 155.0, 155.3, 155.1, 155.8, 154.5, 154.5, 154.5, 155.1, 154.5, 155.3, 155.1, 154.8, 155.1, 154.5, 155.1, 155.1, 156.5, 155.9, 157.2, 157.2, 157.1, 155.6, 155.6, 155.6, 155.8, 154.4, 155.6, 156.4, 156.3, 155.8, 154.4, 154.2, 154.8, 154.8, 154.2, 154.4, 154.0, 154.2, 154.2, 154.8, 154.4, 154.4, 154.5, 155.1, 154.8, 154.2, 154.7, 154.4, 154.7, 153.4, 153.9, 153.7, 153.9, 153.6, 153.9, 153.7, 155.0, 153.9, 154.7, 155.4, 155.3, 154.7, 155.1, 155.6, 154.8, 155.6, 155.3, 156.1, 155.6, 155.6, 156.9, 156.4, 156.4, 156.5, 156.1, 155.8, 155.9, 156.5, 155.9, 156.1, 156.5, 155.9, 156.4, 155.9, 156.1, 156.1, 156.1, 155.3, 156.7, 156.7, 157.3, 158.0, 157.3, 157.5, 157.4, 156.8, 156.8, 156.8, 157.4, 156.7, 157.3, 156.9, 157.3, 156.9, 156.7, 156.2, 156.8, 156.2, 156.1, 156.2, 156.8, 156.7, 156.1, 156.1, 156.1, 156.2, 155.6, 156.2, 156.3, 156.2, 154.8, 156.1, 156.1, 156.2, 156.2, 156.7, 156.1, 156.3, 156.1, 155.6, 156.2, 155.7, 155.4, 156.1, 155.7, 156.2, 156.2, 156.8, 155.7, 156.9, 155.7, 155.6, 156.8, 156.8, 156.7, 155.6, 156.7, 156.3, 156.3, 157.4, 156.9, 156.9, 157.5, 156.8, 157.5, 156.9, 156.9, 155.7, 156.9, 156.3, 157.5, 157.5, 156.8, 157.5, 156.8, 157.5, 157.4, 157.5, 157.4, 157.4, 157.4, 157.5, 157.5, 156.9, 156.9, 156.9, 156.9, 156.9, 156.9, 156.3, 156.9, 157.5, 156.8, 157.7, 157.5, 157.5, 156.9, 157.5, 157.5, 157.0, 157.5, 156.8, 157.0, 156.8, 156.3, 156.9, 156.8, 155.6, 156.9, 156.9, 156.8, 156.8, 155.6, 156.2, 155.1, 156.1, 155.4, 154.8, 155.4, 155.3, 155.4, 155.3, 155.3, 154.0, 154.7, 154.0, 154.8, 154.5, 154.0, 154.7, 153.4, 153.4, 154.2, 154.0, 153.6, 153.6, 154.0, 155.1, 155.3, 153.9, 154.5, 153.9, 153.9, 154.0, 153.3, 153.4, 153.3, 153.3, 153.3, 153.3, 153.3, 153.3, 153.1, 153.3, 152.2, 153.4, 154.0, 154.0, 153.4, 152.8, 154.7, 154.0, 153.4, 153.4, 153.4, 154.2, 154.2, 154.8, 155.4, 154.0, 153.4, 154.8, 154.2, 154.8, 153.0, 154.8, 154.2, 154.7, 153.6, 153.4, 155.0, 154.4, 155.0, 154.2, 155.4, 154.2, 154.0, 154.2, 154.8, 154.7, 154.8, 154.2, 154.4, 154.2, 154.8, 154.8, 154.5, 155.0, 155.0, 155.0, 154.2, 154.4, 154.4, 154.4, 154.4, 154.4, 154.4, 153.4, 154.4, 154.2, 154.8, 154.8, 154.2, 154.4, 154.2, 154.2, 154.8, 155.0, 154.8, 154.2, 154.2, 155.4, 153.6, 154.2, 154.8, 154.2, 154.2, 154.0, 154.4, 153.4, 154.2, 153.9, 154.2, 154.2, 154.0, 153.6, 154.0, 154.0, 153.4, 154.0, 153.4, 153.4, 153.3, 154.0, 154.2, 154.2, 154.8, 154.8, 153.1, 154.4, 155.1, 154.8, 155.0, 154.0, 155.0, 153.6, 154.2, 153.4, 153.6, 154.8, 155.4, 154.0, 153.7, 153.6, 153.6, 153.4, 154.8, 154.2, 154.0, 152.8, 154.0, 152.8, 153.0, 153.0, 153.4, 153.6, 153.6, 152.2, 151.4, 151.8, 152.0, 151.6, 152.0, 152.0, 153.3, 153.9, 152.6, 153.3, 152.6, 153.3, 154.0, 152.6, 154.7, 153.4, 154.2, 154.2, 153.6, 153.3, 153.4, 153.4, 154.0, 155.3, 154.2, 154.2, 156.1, 156.1, 156.2, 156.2, 156.1, 155.9, 155.6, 155.4, 154.7, 155.9, 155.3, 155.4, 155.3, 154.7, 154.7, 154.5, 155.1, 155.0, 154.5, 155.5, 155.0, 155.6, 154.8, 155.1, 154.8, 155.0, 155.0, 154.4, 154.8, 154.7, 154.7, 154.0, 153.7, 152.7, 153.4, 153.6, 153.6, 153.2, 154.0, 154.2, 154.0, 153.4, 153.2, 153.4, 154.0, 153.4, 153.4, 153.4, 153.2, 152.7, 152.9, 152.3, 152.9, 153.6, 152.9, 154.4, 155.0, 155.1, 155.1, 154.5, 154.5, 154.5, 154.4, 154.7, 153.4, 154.0, 153.2, 153.4, 153.4, 153.9, 153.6, 154.0, 154.2, 153.2, 153.4, 153.2, 153.6, 153.4, 152.9, 152.9, 153.1, 153.7, 153.9, 153.9, 153.9, 153.3, 153.1, 152.6, 152.5, 152.9, 153.6, 153.4, 154.5, 154.0, 154.2, 154.2, 154.2, 153.6, 152.5, 151.7, 152.1, 152.1, 152.5, 152.7, 152.5, 152.5, 152.3, 151.9, 152.7, 152.6, 151.7, 151.7, 152.7, 152.9, 152.5, 154.4, 155.0, 154.2, 154.8, 155.6, 155.6, 155.6, 155.6, 155.8, 156.4, 155.8, 155.8, 156.3, 155.1, 155.1, 155.3, 155.9, 155.9, 156.1, 156.1, 156.7, 156.2, 156.7, 156.1, 154.8, 155.6, 156.2, 156.1]"
3,"[155.7, 155.9, 156.7, 155.1, 155.4, 154.8, 156.1, 156.2, 156.2, 156.1, 155.6, 155.6, 156.2, 155.4, 156.2, 156.2, 156.2, 155.6, 155.3, 155.4, 155.6, 156.1, 156.2, 155.6, 156.8, 156.1, 156.2, 156.2, 156.2, 156.2, 156.2, 156.2, 156.2, 156.5, 156.2, 156.1, 156.3, 156.8, 155.9, 156.8, 156.8, 156.2, 156.2, 156.1, 156.5, 156.1, 156.1, 156.2, 155.9, 156.2, 155.4, 155.4, 156.1, 155.6, 155.9, 155.4, 155.4, 156.2, 156.2, 155.6, 156.1, 155.6, 156.7, 156.1, 156.7, 156.2, 156.2, 154.7, 156.2, 155.6, 155.6, 156.8, 156.2, 156.1, 156.7, 155.3, 155.3, 155.3, 155.4, 155.9, 155.4, 154.7, 155.4, 154.8, 155.4, 155.4, 155.3, 156.1, 155.4, 155.9, 156.7, 156.1, 156.1, 156.1, 155.4, 155.1, 154.7, 155.4, 156.8, 156.7, 156.1, 154.7, 154.5, 154.7, 154.5, 154.0, 156.5, 155.1, 155.8, 154.7, 153.9, 153.3, 153.9, 153.4, 153.0, 152.8, 152.6, 153.3, 153.1, 152.6, 153.9, 153.4, 153.3, 153.9, 152.6, 153.3, 153.7, 153.7, 152.3, 153.7, 153.1, 154.5, 154.7, 155.3, 155.3, 155.6, 155.3, 155.4, 155.9, 157.3, 156.7, 156.2, 156.2, 156.8, 156.8, 157.4, 157.7, 158.0, 158.2, 158.0, 158.0, 158.8, 158.7, 158.8, 159.3, 158.8, 158.8, 158.7, 158.8, 158.8, 158.8, 158.8, 158.2, 159.4, 159.4, 158.7, 158.7, 158.8, 158.2, 158.6, 158.7, 158.7, 159.4, 158.7, 158.8, 158.8, 158.9, 158.8, 158.8, 158.8, 158.7, 158.8, 159.5, 158.2, 159.4, 158.8, 158.7, 158.2, 158.8, 159.4, 158.8, 158.2, 158.8, 158.3, 158.2, 158.8, 158.9, 158.8, 158.7, 158.3, 158.7, 159.3, 158.8, 158.7, 158.0, 157.4, 157.5, 158.7, 157.9, 158.2, 158.8, 158.2, 158.4, 158.2, 158.0, 158.0, 158.2, 158.8, 158.7, 158.7, 158.8, 158.7, 158.8, 158.8, 159.4, 158.7, 158.7, 158.7, 158.8, 158.8, 158.8, 158.8, 158.8, 158.8, 159.4, 158.8, 158.8, 158.9, 159.9, 159.4, 158.9, 158.9, 159.4, 158.8, 159.9, 158.7, 159.3, 159.4, 160.1, 160.0, 160.0, 159.4, 160.0, 160.0, 159.5, 160.0, 160.7, 161.3, 161.3, 161.3, 160.7, 160.1, 160.6, 162.0, 163.2, 163.3, 163.3, 163.9, 163.2, 163.2, 163.2, 162.7, 162.5, 162.5, 162.5, 163.2, 163.2, 163.2, 163.2, 163.7, 163.2, 162.5, 163.2, 161.8, 163.1, 163.1, 163.1, 162.6, 162.0, 160.6, 161.9, 161.9, 162.5, 163.3, 163.8, 163.1, 162.0, 162.7, 162.7, 162.7, 162.1, 162.1, 162.1, 161.5, 162.7, 162.1, 162.6, 162.0, 162.7, 161.3, 161.5, 160.8, 161.5, 162.0, 160.0, 160.6, 160.6, 160.6, 161.8, 162.6, 161.2, 161.4, 161.3, 160.6, 161.3, 160.6, 159.9, 160.6, 160.6, 159.9, 160.0, 160.5, 159.9, 160.6, 160.6, 159.9, 160.6, 160.5, 160.6, 159.9, 160.6, 159.8, 159.2, 159.9, 159.4, 160.6, 159.9, 159.9, 159.9, 159.9, 159.3, 159.3, 159.8, 159.4, 159.3, 160.6, 159.9, 160.6, 160.6, 159.3, 159.3, 159.4, 160.6, 159.1, 158.7, 159.3, 159.1, 158.5, 159.2, 159.9, 158.6, 157.8, 158.0, 157.4, 157.9, 157.9, 157.3, 157.9, 157.3, 155.9, 157.3, 155.4, 155.9, 155.4, 156.1, 155.6, 156.3, 155.6, 155.6, 155.6, 154.5, 154.7, 156.5, 156.5, 157.9, 158.2, 158.8, 159.5, 161.6, 164.7, 167.0, 163.9, 161.4, 160.6, 158.7, 156.9, 160.6, 160.0, 160.6, 159.3, 158.7, 157.2, 155.4, 154.0, 152.7, 151.9, 150.8, 149.8, 148.7, 148.5, 148.9, 148.3, 147.3, 147.7, 148.5, 148.5, 147.7, 147.4, 146.6, 147.4, 145.9, 147.1, 146.4, 146.4, 146.4, 146.2, 145.6, 145.0, 144.7, 145.6, 145.6, 145.6, 145.0, 146.3, 146.2, 145.0, 144.6, 144.3, 145.0, 145.3, 145.6, 145.3, 145.6, 144.3, 145.5, 145.0, 145.3, 145.2, 144.6, 144.6, 144.6, 145.2, 145.5, 144.3, 145.2, 145.0, 145.8, 145.0, 144.3, 145.0, 144.3, 144.1, 144.7, 145.0, 144.3, 144.3, 144.6, 146.7, 145.8, 151.8, 158.3, 165.0, 167.0, 168.2, 168.2, 167.6, 166.3, 166.3, 165.6, 165.1, 166.3, 165.0, 164.4, 165.0, 165.6, 165.0, 163.7, 165.0, 165.0, 163.8, 164.3, 163.7, 163.7, 163.0, 165.0, 163.0, 163.0, 161.8, 162.6, 161.8, 161.2, 161.8, 162.4, 160.6, 160.6, 159.9, 161.8, 159.2, 159.3, 158.7, 158.0, 157.4, 157.4, 156.2, 156.2, 156.9, 155.7, 156.2, 156.2, 156.3, 155.7, 155.7, 154.4, 154.8, 155.4, 155.0, 155.6, 154.8, 153.6, 155.1, 154.8, 155.3, 155.4, 155.2, 155.7, 158.2, 161.3, 165.8, 167.0, 162.7, 159.5, 156.9, 153.6, 152.3, 151.5, 150.8, 147.9, 147.5, 149.4, 148.5, 147.7, 148.1, 147.9, 147.3, 147.3, 147.3, 146.1, 145.6, 145.6, 145.8, 146.4, 145.2, 145.0, 145.0, 144.7, 144.3, 144.6, 143.4, 143.4, 143.7, 143.1, 143.1, 144.3, 144.3, 143.7, 145.2, 145.0, 144.3, 143.7, 143.7, 143.4, 143.7, 143.7, 144.1, 143.4, 144.3, 144.0, 143.2, 144.3, 144.6]"
3,"[155.1, 155.6, 154.5, 155.1, 154.0, 154.4, 153.6, 153.6, 154.2, 154.2, 154.0, 153.7, 154.7, 152.8, 154.7, 154.0, 153.4, 153.4, 153.9, 153.3, 152.5, 152.0, 152.6, 152.2, 152.0, 151.6, 152.0, 152.5, 152.5, 152.5, 152.3, 152.7, 152.1, 152.9, 153.6, 152.0, 152.0, 151.8, 152.5, 151.2, 151.8, 151.8, 151.8, 151.7, 151.0, 151.3, 151.7, 151.0, 151.0, 151.2, 151.0, 150.8, 151.3, 151.7, 152.3, 151.7, 152.9, 151.5, 150.8, 150.8, 152.1, 151.8, 152.1, 152.3, 152.5, 152.3, 151.7, 152.3, 151.8, 152.7, 152.6, 152.8, 153.1, 152.8, 153.3, 153.3, 153.1, 153.4, 153.4, 154.0, 154.2, 153.9, 153.9, 154.2, 153.3, 153.3, 153.3, 153.3, 153.6, 152.6, 153.0, 153.3, 153.1, 153.3, 152.8, 153.4, 152.2, 153.0, 153.3, 153.0, 153.4, 153.6, 153.6, 154.0, 154.8, 153.6, 153.6, 153.4, 152.8, 153.4, 153.6, 153.4, 154.0, 153.4, 154.0, 153.6, 153.1, 153.4, 153.0, 153.4, 153.0, 153.1, 153.7, 153.6, 153.6, 154.5, 155.5, 156.3, 155.5, 155.5, 155.0, 155.5, 155.0, 154.4, 155.0, 155.0, 155.6, 155.8, 155.9, 156.4, 155.8, 156.4, 155.6, 155.3, 155.1, 155.8, 155.8, 155.9, 155.8, 155.1, 154.8, 155.1, 155.1, 155.1, 154.0, 154.8, 155.8, 155.3, 155.8, 155.1, 155.3, 153.9, 155.1, 155.3, 155.1, 155.1, 155.1, 155.8, 155.1, 155.3, 154.8, 155.6, 153.7, 153.7, 154.5, 154.5, 155.1, 153.9, 153.3, 153.7, 153.1, 153.7, 152.9, 153.1, 153.1, 152.5, 153.7, 153.1, 153.1, 153.3, 153.3, 153.3, 153.1, 153.1, 152.3, 152.5, 152.1, 152.3, 153.1, 153.1, 153.6, 152.5, 153.1, 153.6, 153.1, 153.1, 153.1, 152.9, 153.4, 153.6, 152.7, 154.8, 154.4, 154.2, 154.2, 153.6, 153.6, 153.6, 154.4, 153.6, 153.6, 153.6, 152.3, 152.3, 151.7, 153.3, 153.6, 153.1, 152.9, 154.4, 154.4, 153.1, 153.7, 153.9, 152.9, 153.6, 154.8, 154.0, 155.0, 154.0, 155.0, 154.8, 153.7, 155.0, 155.1, 155.0, 155.1, 155.0, 154.8, 153.9, 154.4, 154.2, 154.2, 155.1, 155.8, 155.8, 155.1, 155.0, 155.1, 155.1, 155.0, 155.1, 154.5, 154.5, 153.9, 153.9, 154.2, 153.9, 155.0, 154.5, 154.5, 154.4, 154.5, 154.4, 154.5, 154.5, 154.5, 155.1, 155.0, 155.1, 154.4, 154.4, 155.1, 155.3, 154.5, 155.1, 155.1, 155.6, 153.9, 154.4, 154.4, 153.7, 154.5, 154.5, 154.5, 154.5, 154.5, 153.9, 155.1, 154.5, 155.3, 155.3, 153.9, 155.0, 154.5, 154.4, 153.9, 153.9, 154.5, 153.9, 153.9, 153.7, 154.5, 154.5, 154.5, 154.5, 154.5, 153.9, 155.3, 154.4, 154.7, 155.0, 154.4, 154.7, 154.4, 153.1, 155.6, 154.4, 153.7, 153.9, 154.4, 154.4, 153.6, 154.5, 154.4, 155.0, 155.5, 154.4, 154.4, 153.3, 155.1, 154.4, 154.4, 155.1, 153.7, 155.0, 153.7, 154.8, 154.2, 153.6, 154.4, 153.7, 154.4, 153.6, 153.6, 154.8, 152.9, 153.6, 153.7, 153.6, 153.9, 153.9, 153.9, 154.5, 153.9, 153.9, 154.4, 153.3, 152.6, 153.3, 153.9, 153.7, 153.9, 153.1, 152.9, 152.6, 152.6, 153.1, 153.9, 154.5, 153.4, 153.9, 153.3, 153.3, 154.0, 154.2, 154.7, 154.7, 153.9, 153.9, 153.9, 154.0, 154.7, 155.3, 154.7, 154.7, 154.7, 155.3, 154.5, 154.7, 154.7, 154.5, 155.1, 155.4, 155.4, 155.1, 155.4, 155.3, 155.4, 155.9, 155.3, 155.9, 155.4, 155.3, 155.3, 155.4, 154.7, 155.4, 155.3, 155.4, 155.3, 155.1, 154.5, 154.5, 155.3, 154.5, 154.7, 154.8, 154.7, 154.5, 154.7, 154.5, 153.9, 153.9, 155.1, 154.5, 154.0, 154.5, 154.8, 155.1, 154.7, 154.8, 154.2, 154.8, 155.3, 154.7, 154.7, 154.7, 154.7, 154.7, 154.7, 154.7, 154.7, 154.5, 154.7, 154.7, 154.5, 154.5, 153.9, 153.3, 153.9, 152.8, 153.4, 154.7, 153.9, 154.0, 155.3, 154.0, 153.3, 153.1, 152.5, 153.1, 154.0, 153.9, 153.1, 153.7, 154.0, 153.3, 153.3, 152.8, 153.3, 152.4, 153.3, 152.6, 152.6, 152.6, 152.0, 152.6, 152.5, 152.0, 152.5, 151.8, 152.0, 151.8, 152.0, 151.4, 152.0, 152.6, 153.9, 152.5, 152.0, 153.3, 153.3, 153.3, 152.5, 154.0, 152.6, 153.3, 153.3, 152.6, 152.0, 153.4, 153.4, 151.6, 152.0, 152.6, 153.4, 152.6, 152.8, 152.8, 153.4, 153.4, 152.2, 154.2, 153.6, 154.0, 152.8, 153.4, 153.0, 152.8, 152.2, 152.6, 152.8, 153.4, 154.7, 153.4, 153.4, 153.6, 153.4, 153.6, 153.6, 153.4, 154.0, 152.8, 153.0, 153.4, 153.6, 154.2, 155.1, 155.3, 153.9, 153.4, 154.2, 153.3, 154.0, 154.0, 153.4, 153.3, 153.9, 154.2, 152.8, 152.8, 154.2, 153.6, 153.0, 153.3, 153.0, 152.8, 153.0, 154.2, 154.0, 153.0, 152.8, 152.8, 153.0, 152.8, 152.8, 152.8, 153.6, 152.8, 152.8, 154.0, 153.9, 154.0, 152.8, 153.4, 154.5, 153.9, 153.3, 153.3, 152.0, 152.2, 153.4, 152.6, 152.8, 152.2, 152.6, 153.0, 152.0, 151.8]"
3,"[152.4, 152.4, 153.0, 152.2, 151.0, 150.8, 151.2, 151.8, 151.4, 151.8, 152.3, 152.1, 151.7, 151.7, 151.7, 152.3, 152.3, 153.1, 152.5, 152.3, 151.7, 151.0, 152.3, 151.8, 152.3, 152.3, 151.7, 150.8, 151.5, 150.2, 150.8, 150.8, 151.7, 151.2, 151.7, 151.7, 151.2, 151.7, 152.1, 151.7, 151.7, 150.8, 151.5, 151.7, 151.8, 150.8, 151.0, 151.5, 150.8, 151.2, 151.8, 151.2, 151.0, 151.0, 150.4, 150.2, 151.7, 149.8, 151.0, 150.8, 151.7, 151.7, 152.0, 151.5, 152.1, 152.1, 152.1, 151.5, 151.7, 151.5, 151.5, 150.8, 150.8, 151.5, 152.1, 151.0, 152.7, 152.1, 152.1, 151.9, 151.3, 151.7, 152.1, 152.6, 151.9, 151.7, 151.7, 152.1, 152.1, 152.1, 152.7, 152.7, 152.7, 152.4, 152.7, 152.7, 152.7, 152.5, 152.1, 151.9, 152.3, 152.7, 152.9, 153.4, 152.3, 152.9, 153.4, 152.3, 152.3, 152.3, 152.9, 152.3, 152.9, 152.1, 152.3, 152.1, 152.1, 152.1, 152.3, 152.1, 152.3, 152.9, 152.3, 152.3, 152.3, 152.9, 152.1, 152.7, 152.9, 151.7, 152.1, 151.5, 151.9, 153.4, 152.1, 152.7, 152.3, 152.5, 152.9, 153.1, 153.7, 153.7, 153.1, 153.7, 153.1, 153.7, 153.6, 153.6, 152.7, 152.9, 152.9, 153.4, 153.4, 152.9, 153.4, 153.4, 153.4, 153.4, 153.2, 153.4, 153.4, 153.9, 153.4, 153.4, 153.4, 153.6, 154.2, 153.7, 154.4, 153.7, 154.2, 153.7, 154.5, 154.4, 153.7, 154.5, 154.2, 154.5, 154.4, 154.4, 155.0, 154.5, 155.0, 154.4, 154.2, 153.4, 153.6, 153.6, 153.6, 153.6, 153.7, 153.6, 154.2, 153.4, 153.4, 153.9, 153.2, 153.0, 151.7, 151.5, 152.4, 153.7, 153.2, 153.9, 154.0, 154.7, 154.5, 155.2, 155.5, 154.7, 154.5, 154.7, 154.8, 155.0, 154.8, 154.8, 155.2, 154.8, 154.7, 154.2, 154.0, 154.0, 154.2, 154.8, 154.2, 154.7, 155.0, 154.2, 154.2, 154.0, 154.0, 155.3, 154.5, 154.8, 154.0, 154.7, 154.0, 153.6, 154.8, 154.2, 154.8, 154.8, 154.8, 154.8, 154.7, 154.7, 155.3, 154.2, 155.3, 154.5, 154.8, 154.8, 154.7, 154.7, 154.8, 154.8, 154.8, 154.8, 154.2, 154.2, 154.7, 154.7, 154.2, 154.0, 154.7, 154.2, 154.0, 153.9, 154.2, 154.5, 155.3, 154.8, 155.3, 154.7, 154.7, 155.5, 154.8, 154.8, 155.0, 154.7, 154.8, 154.8, 154.8, 155.5, 155.5, 154.8, 154.8, 154.2, 155.3, 155.5, 155.3, 154.8, 155.3, 154.7, 154.5, 153.7, 154.0, 153.4, 154.8, 154.0, 154.0, 154.0, 153.9, 153.9, 153.9, 154.5, 154.2, 154.0, 153.4, 154.7, 154.7, 154.8, 154.5, 154.8, 154.7, 154.8, 154.7, 154.7, 154.7, 154.7, 154.0, 153.2, 153.2, 153.2, 153.2, 153.9, 153.9, 153.9, 153.9, 153.9, 153.9, 153.9, 153.7, 153.9, 154.0, 153.2, 151.7, 151.7, 151.7, 151.7, 151.7, 152.4, 152.4, 152.6, 152.6, 152.6, 152.7, 152.6, 152.4, 151.7, 153.0, 152.6, 153.2, 151.7, 152.4, 153.2, 153.0, 152.2, 151.7, 152.6, 152.4, 152.6, 151.7, 153.2, 153.0, 152.4, 152.4, 152.4, 151.9, 151.7, 153.0, 152.7, 152.6, 152.6, 152.6, 152.6, 152.6, 151.7, 151.7, 151.7, 152.6, 152.6, 152.6, 152.6, 153.2, 153.2, 153.2, 153.2, 152.6, 152.6, 153.4, 153.2, 153.4, 153.2, 154.2, 154.0, 153.6, 153.2, 153.0, 152.4, 152.4, 152.4, 152.6, 154.0, 153.9, 153.7, 153.2, 153.4, 153.2, 153.4, 153.2, 153.4, 154.0, 153.9, 154.7, 154.5, 154.8, 154.7, 154.5, 154.5, 154.0, 154.0, 153.9, 154.0, 154.2, 154.0, 154.0, 153.9, 153.2, 154.7, 154.0, 153.4, 154.0, 153.2, 153.6, 154.0, 154.0, 155.5, 155.3, 156.3, 156.3, 155.6, 155.5, 155.5, 156.8, 156.1, 156.3, 155.5, 156.9, 155.6, 156.1, 155.6, 155.8, 155.0, 155.8, 155.1, 156.4, 155.8, 154.7, 155.1, 154.5, 155.1, 154.7, 153.7, 154.4, 154.4, 155.0, 154.5, 154.4, 155.0, 155.1, 156.3, 155.1, 155.1, 155.6, 155.6, 155.6, 155.5, 155.6, 156.3, 155.6, 154.4, 155.0, 154.5, 155.0, 155.0, 155.6, 155.1, 155.1, 155.6, 155.0, 155.1, 155.8, 155.0, 155.0, 155.1, 154.4, 153.9, 153.9, 154.4, 154.5, 155.1, 153.9, 154.5, 153.4, 154.2, 155.0, 154.2, 155.0, 154.2, 155.0, 154.2, 155.0, 155.0, 155.0, 155.6, 155.0, 154.8, 154.8, 155.0, 155.6, 155.0, 155.6, 155.6, 155.6, 155.0, 154.4, 153.9, 153.4, 153.4, 153.3, 153.9, 154.0, 153.3, 154.5, 154.2, 154.0, 154.0, 153.9, 153.9, 154.0, 153.9, 154.8, 154.2, 154.8, 154.5, 154.0, 154.5, 154.0, 154.0, 154.5, 154.0, 154.0, 154.8, 154.5, 154.0, 154.0, 153.4, 155.1, 153.9, 154.0, 153.4, 153.1, 153.3, 153.4, 153.4, 153.1, 153.4, 153.1, 154.0, 153.1, 153.9, 153.9, 154.0, 153.4, 153.7, 153.9, 154.4, 153.6, 154.2, 154.2, 154.7, 154.8, 154.2, 154.7, 154.4, 154.8, 154.8, 154.2, 154.2, 155.0, 154.2, 154.4, 154.4, 153.6, 153.7, 153.7, 153.6, 154.4, 154.8]"
3,"[151.8, 153.3, 153.4, 151.0, 151.4, 150.8, 150.8, 151.0, 150.6, 150.8, 150.6, 150.6, 150.6, 151.3, 152.1, 150.8, 151.3, 151.0, 150.0, 151.3, 151.7, 151.7, 152.6, 152.7, 151.9, 152.1, 151.7, 152.1, 151.9, 152.1, 151.3, 152.6, 152.4, 151.9, 151.7, 151.9, 151.7, 152.1, 152.9, 152.7, 152.1, 153.4, 153.0, 152.6, 152.9, 152.4, 152.6, 151.3, 152.6, 152.7, 151.9, 152.1, 153.4, 151.9, 153.0, 153.4, 152.7, 152.7, 153.2, 153.6, 152.7, 152.1, 152.9, 153.4, 152.7, 153.9, 153.9, 154.4, 153.2, 153.2, 153.2, 152.6, 152.6, 152.7, 152.7, 152.7, 153.4, 153.4, 152.7, 153.4, 153.4, 153.4, 153.4, 152.7, 153.4, 153.4, 153.4, 153.2, 152.7, 153.2, 152.7, 152.6, 151.9, 151.9, 152.7, 152.4, 151.9, 152.1, 152.6, 152.6, 151.9, 151.9, 152.7, 152.7, 151.9, 152.6, 152.6, 152.7, 152.7, 152.6, 152.1, 152.7, 152.1, 151.7, 152.3, 152.7, 151.3, 152.1, 152.1, 152.1, 152.9, 152.7, 152.1, 152.6, 152.9, 152.7, 152.6, 151.5, 152.2, 152.0, 152.2, 152.2, 151.7, 151.7, 152.4, 152.2, 153.0, 152.0, 151.7, 151.5, 152.6, 152.4, 153.0, 151.5, 150.7, 151.5, 150.9, 152.0, 153.0, 152.4, 152.6, 153.2, 152.6, 153.4, 152.7, 152.7, 152.1, 151.9, 151.9, 151.3, 151.3, 151.9, 151.5, 151.1, 152.1, 151.7, 150.6, 151.3, 151.5, 151.5, 152.3, 152.1, 152.9, 152.4, 152.6, 152.9, 152.9, 152.1, 152.6, 152.9, 152.1, 152.7, 153.4, 152.9, 152.6, 152.1, 152.7, 152.7, 152.6, 152.6, 152.6, 152.7, 153.2, 153.2, 153.1, 152.9, 152.3, 152.3, 152.9, 152.7, 152.9, 152.7, 153.4, 153.4, 153.4, 153.6, 153.6, 154.2, 153.4, 153.4, 153.4, 153.6, 153.6, 154.2, 153.6, 153.7, 152.9, 153.1, 153.7, 153.6, 152.9, 153.4, 153.6, 153.1, 152.9, 152.7, 152.9, 152.7, 153.1, 152.9, 152.9, 153.1, 152.9, 153.7, 152.9, 152.9, 153.1, 153.4, 152.9, 152.9, 153.4, 153.1, 152.7, 153.6, 153.4, 153.4, 152.7, 152.7, 152.9, 152.7, 153.4, 153.6, 153.4, 152.7, 153.6, 153.6, 153.4, 152.9, 153.4, 152.9, 152.3, 153.6, 152.9, 153.4, 153.1, 153.6, 153.6, 152.7, 152.9, 152.9, 152.9, 153.1, 152.3, 152.9, 152.9, 152.3, 152.9, 153.1, 152.3, 152.1, 152.7, 152.9, 151.8, 152.1, 152.3, 152.1, 151.9, 151.7, 152.3, 151.9, 152.1, 152.1, 152.3, 151.5, 151.7, 152.1, 152.1, 152.3, 152.1, 152.3, 152.9, 152.3, 152.9, 152.1, 152.1, 152.1, 152.1, 152.1, 152.1, 152.7, 152.3, 152.9, 152.7, 153.6, 153.6, 153.4, 152.3, 153.1, 152.7, 152.9, 152.3, 152.3, 152.3, 152.3, 152.3, 152.3, 152.1, 152.1, 152.7, 152.6, 152.3, 152.3, 152.3, 152.9, 152.9, 152.9, 153.1, 152.7, 152.6, 152.7, 153.4, 153.4, 154.0, 153.2, 153.4, 154.0, 153.4, 153.6, 153.6, 152.6, 152.7, 153.6, 153.6, 153.4, 153.2, 152.7, 152.7, 152.7, 153.2, 153.2, 153.2, 153.0, 153.2, 153.0, 152.9, 153.4, 152.6, 152.6, 152.6, 152.6, 153.2, 152.7, 153.2, 153.4, 152.7, 152.7, 152.6, 152.7, 152.6, 152.6, 152.7, 152.9, 152.6, 152.7, 152.7, 152.6, 152.9, 153.1, 152.7, 152.7, 153.4, 152.7, 153.4, 152.7, 153.4, 153.6, 153.6, 153.6, 153.6, 152.9, 153.7, 152.9, 153.6, 153.6, 152.9, 153.6, 153.6, 152.9, 152.9, 152.9, 152.7, 152.9, 152.9, 153.1, 153.1, 152.9, 152.9, 152.9, 152.1, 152.9, 153.6, 153.6, 152.9, 152.9, 152.5, 152.9, 152.9, 151.5, 152.3, 152.1, 152.7, 152.9, 152.7, 152.9, 152.7, 153.1, 152.7, 152.7, 152.9, 152.7, 152.3, 152.7, 153.6, 152.3, 152.9, 152.3, 151.8, 152.5, 152.5, 152.7, 152.5, 153.1, 152.3, 152.3, 152.9, 152.9, 152.5, 152.5, 152.9, 152.5, 152.5, 152.3, 152.3, 153.1, 151.8, 153.1, 152.9, 152.9, 152.3, 153.2, 153.6, 153.4, 152.9, 153.6, 152.9, 152.9, 152.9, 153.6, 152.9, 152.5, 152.9, 152.7, 151.7, 153.1, 152.3, 152.3, 152.9, 152.9, 153.6, 152.9, 153.7, 153.7, 153.7, 153.3, 153.1, 153.1, 153.6, 153.7, 153.7, 153.7, 153.7, 152.9, 153.6, 152.7, 153.4, 152.9, 153.1, 153.1, 152.9, 154.0, 153.4, 153.6, 153.4, 152.7, 152.9, 152.7, 153.6, 152.9, 152.5, 153.6, 153.7, 153.1, 153.1, 152.9, 152.9, 153.1, 152.9, 153.1, 153.4, 152.9, 152.6, 153.7, 153.7, 153.1, 153.1, 153.6, 153.1, 153.1, 152.9, 153.1, 153.1, 152.9, 152.9, 153.1, 153.1, 153.1, 153.1, 152.9, 152.9, 154.0, 153.7, 153.7, 153.6, 153.7, 154.2, 154.4, 155.0, 155.0, 155.0, 155.0, 154.8, 155.0, 154.4, 155.0, 154.4, 153.7, 153.6, 153.6, 154.4, 153.7, 154.4, 154.5, 154.5, 155.0, 155.0, 155.0, 155.6, 155.0, 155.0, 155.1, 154.4, 155.0, 154.8, 154.2, 153.7, 153.7, 153.7, 153.6, 153.7, 153.7, 153.7, 153.6, 153.9, 155.0, 155.5, 153.6, 154.2, 154.8, 154.2, 154.4]"
3,"[150.4, 151.8, 151.0, 152.5, 151.6, 150.4, 151.0, 151.0, 151.0, 151.0, 151.7, 150.4, 150.4, 150.2, 150.6, 151.0, 150.8, 150.4, 151.2, 151.0, 152.5, 151.7, 152.3, 152.5, 152.5, 152.9, 152.3, 152.5, 151.7, 151.7, 151.0, 151.8, 151.2, 151.8, 151.8, 151.7, 152.3, 151.7, 151.7, 151.7, 151.7, 151.5, 151.0, 151.2, 151.0, 151.2, 151.4, 151.2, 151.8, 151.7, 151.4, 152.5, 152.3, 152.5, 151.7, 152.6, 151.8, 152.5, 152.3, 152.5, 151.4, 150.2, 151.5, 151.3, 151.3, 151.9, 151.5, 151.3, 151.3, 150.6, 150.4, 150.6, 151.0, 151.0, 151.7, 151.8, 152.9, 153.2, 152.9, 152.9, 151.9, 152.0, 151.7, 151.2, 151.7, 151.7, 152.5, 153.4, 153.4, 152.7, 152.9, 153.3, 152.5, 152.6, 153.4, 152.9, 153.1, 153.6, 153.4, 153.9, 154.2, 154.0, 154.0, 154.0, 153.6, 154.2, 154.2, 153.6, 154.2, 152.9, 154.2, 153.7, 153.6, 154.8, 154.2, 154.8, 155.0, 154.8, 154.2, 154.2, 155.0, 154.7, 154.2, 154.2, 154.2, 154.2, 154.2, 153.6, 153.1, 153.1, 152.3, 151.8, 152.1, 152.3, 152.9, 152.3, 152.3, 152.7, 152.3, 152.9, 152.5, 152.5, 152.6, 154.2, 153.6, 154.4, 154.2, 154.4, 154.2, 153.7, 154.2, 153.6, 153.6, 154.2, 154.4, 154.8, 154.8, 154.2, 154.7, 154.2, 154.8, 154.2, 154.2, 154.2, 154.0, 154.0, 154.0, 154.2, 154.4, 155.0, 155.0, 155.6, 155.6, 155.0, 154.8, 154.8, 155.6, 155.0, 155.5, 155.1, 155.8, 155.6, 155.6, 155.0, 155.0, 155.6, 155.0, 155.0, 154.4, 155.0, 154.5, 155.0, 154.4, 154.5, 154.4, 155.0, 155.0, 154.5, 155.0, 154.2, 155.0, 155.6, 155.6, 155.5, 155.5, 155.3, 154.8, 154.2, 154.2, 154.8, 153.7, 155.0, 155.0, 154.2, 154.4, 154.4, 154.2, 154.8, 154.8, 154.7, 154.4, 155.0, 154.4, 154.8, 155.0, 154.8, 154.4, 155.0, 154.2, 154.4, 154.8, 154.4, 154.4, 154.2, 154.8, 153.7, 154.4, 153.1, 155.0, 154.8, 154.4, 155.5, 155.5, 155.5, 155.5, 155.5, 155.5, 154.8, 155.5, 154.8, 154.8, 155.1, 154.2, 155.0, 155.0, 154.8, 154.2, 154.4, 154.8, 155.0, 154.2, 154.4, 155.6, 154.8, 154.8, 154.4, 155.6, 155.0, 155.6, 155.5, 155.6, 155.6, 154.8, 155.6, 154.8, 155.5, 155.0, 155.0, 154.8, 155.0, 155.6, 155.8, 155.5, 155.6, 156.4, 156.3, 156.3, 156.4, 156.3, 155.8, 155.6, 156.3, 155.6, 155.5, 155.6, 155.6, 155.6, 155.8, 155.6, 155.6, 156.5, 156.1, 156.4, 155.6, 155.6, 155.8, 154.5, 155.0, 156.3, 155.0, 155.1, 155.8, 155.0, 155.1, 155.5, 155.6, 155.8, 155.6, 155.6, 155.6, 156.4, 156.4, 156.5, 156.9, 156.5, 156.9, 156.3, 156.9, 155.6, 156.3, 156.3, 156.3, 155.6, 156.4, 155.1, 155.9, 156.4, 155.8, 156.4, 156.4, 157.1, 155.9, 156.5, 156.4, 155.8, 155.3, 155.1, 155.1, 155.3, 155.3, 155.3, 155.1, 155.4, 154.7, 155.3, 154.7, 155.8, 155.3, 155.9, 155.8, 155.9, 155.9, 155.4, 155.3, 155.9, 155.3, 155.3, 153.9, 155.1, 153.9, 154.5, 154.7, 153.9, 154.7, 155.3, 154.5, 154.7, 155.4, 156.1, 154.8, 154.7, 154.7, 154.7, 155.3, 154.8, 154.0, 154.7, 155.1, 154.5, 154.8, 155.6, 154.8, 154.8, 154.8, 154.8, 154.2, 154.2, 154.2, 154.4, 154.4, 155.0, 155.0, 155.0, 155.6, 156.1, 155.6, 155.6, 155.6, 155.1, 155.0, 155.7, 155.1, 155.2, 155.2, 154.4, 154.5, 154.5, 153.9, 155.1, 154.5, 153.9, 154.6, 154.5, 154.4, 155.1, 154.5, 154.5, 154.5, 155.1, 154.5, 155.7, 155.1, 154.5, 155.6, 155.0, 155.0, 155.8, 155.0, 155.1, 154.8, 155.1, 155.1, 156.2, 155.7, 155.0, 155.1, 156.3, 155.1, 155.1, 155.1, 154.4, 154.5, 154.4, 155.0, 155.1, 154.4, 154.6, 155.1, 154.6, 154.5, 155.0, 154.5, 154.4, 155.1, 154.5, 155.1, 155.1, 155.1, 155.2, 155.1, 155.1, 155.7, 155.7, 156.2, 155.6, 155.7, 155.6, 155.7, 156.2, 155.7, 155.7, 155.6, 155.1, 155.1, 155.1, 155.1, 155.2, 155.6, 154.6, 155.0, 155.0, 154.4, 154.6, 155.1, 153.9, 155.1, 154.6, 155.2, 155.1, 155.1, 155.1, 155.2, 155.1, 155.1, 155.1, 155.7, 155.1, 155.1, 155.8, 155.7, 155.7, 155.6, 155.8, 155.7, 155.8, 155.7, 155.6, 155.1, 155.1, 155.7, 155.7, 155.8, 155.7, 154.5, 155.7, 155.7, 155.7, 155.0, 155.2, 155.2, 155.7, 155.4, 154.5, 155.6, 155.0, 155.0, 155.1, 155.1, 155.0, 155.1, 155.1, 155.6, 155.1, 155.0, 155.0, 155.1, 155.6, 155.1, 154.4, 154.0, 154.4, 155.1, 155.1, 155.2, 155.1, 155.1, 155.6, 155.1, 155.1, 155.1, 154.4, 155.7, 155.1, 155.6, 155.6, 155.1, 155.6, 155.7, 155.1, 155.0, 155.7, 155.2, 155.1, 155.1, 153.9, 155.1, 155.1, 155.1, 153.9, 154.4, 154.4, 154.4, 155.1, 155.0, 155.1, 155.0, 155.7, 155.0, 154.8, 155.0, 155.0, 155.6, 155.0, 155.1, 155.1, 155.7, 155.7, 155.7, 154.4, 155.1]"
3,"[147.7, 147.1, 147.4, 146.4, 146.3, 145.9, 145.7, 147.2, 147.8, 147.2, 147.0, 147.6, 147.6, 147.6, 147.6, 147.6, 147.0, 147.6, 148.3, 148.3, 147.6, 147.6, 147.2, 147.2, 147.6, 147.6, 147.4, 146.6, 147.6, 147.8, 147.2, 147.8, 147.6, 147.6, 147.4, 146.8, 147.2, 147.4, 147.2, 147.6, 147.7, 146.8, 147.2, 147.6, 148.0, 147.2, 147.0, 147.6, 147.8, 147.6, 147.4, 147.6, 147.2, 146.8, 147.4, 147.6, 147.0, 146.7, 147.6, 147.4, 146.6, 147.6, 147.0, 147.2, 148.7, 148.7, 148.3, 148.7, 149.4, 148.7, 150.0, 150.0, 150.7, 150.2, 150.2, 150.0, 150.0, 149.4, 150.7, 150.0, 150.2, 150.0, 150.0, 150.2, 150.0, 150.7, 150.0, 150.0, 150.7, 150.9, 150.0, 150.9, 150.9, 150.9, 150.2, 150.9, 150.9, 150.9, 150.6, 150.9, 150.9, 151.1, 151.1, 151.7, 151.7, 151.1, 151.1, 150.4, 151.1, 151.1, 151.5, 151.7, 151.7, 151.1, 152.2, 151.5, 151.7, 151.7, 151.1, 151.3, 151.7, 151.1, 151.3, 151.3, 151.7, 150.2, 150.9, 149.8, 150.0, 149.4, 148.5, 149.1, 148.5, 148.7, 148.1, 148.7, 149.6, 149.6, 150.7, 150.2, 150.2, 150.2, 149.6, 150.2, 150.9, 150.2, 150.9, 150.9, 151.1, 151.1, 151.1, 151.1, 151.7, 151.1, 151.7, 151.7, 151.5, 151.5, 151.5, 151.7, 151.5, 151.5, 151.5, 151.7, 151.5, 151.3, 151.5, 151.5, 151.5, 151.5, 150.9, 151.5, 151.7, 151.7, 152.2, 151.5, 151.7, 151.1, 151.7, 151.7, 151.1, 151.1, 151.7, 151.7, 151.3, 151.5, 151.9, 151.5, 150.6, 151.5, 151.7, 151.7, 150.9, 151.9, 151.5, 151.3, 151.7, 151.7, 151.5, 152.6, 151.7, 151.5, 151.7, 151.5, 151.7, 151.7, 151.7, 151.5, 151.7, 152.4, 151.5, 151.9, 151.3, 151.9, 151.7, 151.7, 151.7, 151.7, 151.7, 151.7, 151.7, 151.7, 152.2, 151.5, 151.9, 151.7, 151.9, 151.9, 151.9, 151.7, 151.7, 151.9, 151.9, 151.7, 151.9, 151.3, 151.7, 151.9, 151.3, 151.3, 151.9, 152.1, 151.9, 151.7, 151.9, 151.9, 151.9, 152.6, 152.1, 151.9, 151.9, 151.7, 152.1, 151.5, 151.5, 151.9, 151.7, 151.9, 151.9, 151.3, 152.4, 152.1, 151.5, 151.7, 151.9, 152.1, 151.7, 152.7, 151.9, 152.1, 151.9, 152.1, 152.1, 151.3, 151.9, 152.7, 152.6, 152.7, 153.4, 151.9, 151.9, 151.9, 151.9, 151.3, 152.1, 152.1, 152.3, 151.5, 152.1, 152.1, 151.5, 151.5, 151.5, 152.1, 151.9, 151.9, 151.9, 151.3, 151.5, 152.3, 152.3, 151.5, 151.5, 151.5, 151.9, 152.3, 151.9, 152.1, 151.1, 150.8, 151.3, 151.3, 151.5, 151.5, 151.5, 152.3, 152.3, 151.7, 152.3, 152.3, 152.3, 152.3, 152.1, 152.1, 152.3, 151.7, 152.3, 152.3, 152.3, 152.3, 152.1, 151.7, 151.5, 151.5, 152.3, 152.3, 151.7, 152.3, 152.5, 152.9, 153.1, 152.5, 151.8, 151.7, 152.3, 152.3, 152.3, 152.1, 152.3, 151.7, 152.1, 152.3, 151.8, 151.5, 152.3, 152.3, 152.3, 152.1, 152.5, 152.1, 152.5, 152.3, 152.5, 152.3, 152.5, 152.5, 152.3, 152.5, 152.3, 152.9, 152.3, 152.9, 153.1, 153.1, 152.5, 153.1, 152.9, 153.4, 152.9, 153.1, 152.9, 152.9, 153.7, 153.6, 153.6, 153.7, 153.6, 153.6, 153.1, 152.9, 153.6, 152.9, 153.1, 153.6, 153.6, 153.6, 152.9, 152.9, 153.6, 153.6, 153.7, 153.6, 153.6, 153.6, 153.7, 153.6, 153.9, 154.2, 153.7, 153.1, 153.1, 153.1, 153.7, 153.7, 153.7, 154.4, 154.4, 154.4, 154.4, 155.0, 154.8, 155.0, 154.4, 154.2, 154.2, 153.6, 154.2, 154.4, 154.2, 154.2, 155.0, 154.2, 154.8, 154.8, 155.0, 154.0, 154.7, 153.6, 154.4, 154.2, 154.2, 154.4, 154.2, 154.2, 154.2, 153.7, 154.2, 154.2, 154.8, 153.7, 154.2, 154.4, 154.4, 154.5, 153.6, 153.7, 154.4, 154.4, 154.2, 154.8, 154.4, 154.2, 154.2, 154.8, 154.4, 155.0, 154.8, 154.2, 154.2, 155.1, 154.4, 154.4, 154.8, 154.4, 154.4, 154.4, 154.8, 155.1, 155.1, 154.7, 154.5, 155.0, 154.7, 154.4, 155.0, 155.0, 154.5, 155.1, 155.1, 154.4, 154.4, 154.4, 154.4, 154.2, 154.4, 154.5, 154.4, 153.7, 153.7, 153.7, 153.9, 154.4, 154.4, 154.4, 154.4, 154.4, 153.6, 154.2, 153.7, 153.6, 153.6, 154.2, 154.2, 154.4, 153.6, 154.2, 153.7, 153.6, 154.4, 153.6, 153.6, 153.7, 153.7, 153.6, 153.4, 153.6, 153.6, 154.2, 153.6, 154.2, 154.2, 154.2, 153.6, 153.9, 153.6, 153.6, 154.2, 153.3, 153.3, 152.5, 152.9, 152.9, 152.6, 152.1, 153.7, 152.9, 153.6, 153.2, 152.7, 152.7, 152.7, 151.3, 152.6, 151.7, 152.6, 152.6, 152.6, 151.9, 151.9, 151.7, 152.6, 151.7, 151.7, 151.7, 151.7, 151.7, 152.4, 151.1, 151.7, 151.9, 152.1, 151.9, 151.7, 152.2, 152.4, 153.2, 153.2, 152.6, 153.2, 153.6, 153.6, 152.9, 153.6, 153.7, 153.1, 153.9, 153.7, 153.7, 153.3, 153.9, 154.0, 153.9, 153.3, 153.9, 154.0, 153.7, 153.7, 153.7, 154.5, 154.4]"
3,"[155.7, 153.9, 155.0, 153.0, 153.0, 153.0, 154.2, 153.7, 153.6, 153.3, 154.0, 154.0, 153.6, 153.4, 153.4, 153.6, 153.7, 153.4, 153.7, 153.6, 153.4, 153.4, 153.4, 153.6, 153.4, 154.2, 153.6, 153.4, 154.2, 153.4, 154.2, 153.6, 153.6, 153.6, 154.2, 154.2, 154.2, 155.0, 154.2, 153.6, 153.6, 154.8, 154.2, 154.2, 155.0, 154.8, 154.2, 154.2, 153.4, 153.4, 153.9, 153.6, 153.9, 153.6, 153.3, 152.8, 152.2, 152.6, 152.6, 154.4, 152.9, 151.5, 150.8, 150.2, 149.2, 149.8, 149.2, 150.2, 150.0, 150.0, 150.6, 150.4, 151.2, 150.8, 152.3, 151.7, 151.5, 152.3, 152.9, 151.8, 153.1, 152.3, 152.6, 153.1, 153.1, 153.1, 152.3, 151.8, 153.3, 152.6, 153.1, 153.1, 153.3, 153.7, 151.8, 151.8, 152.5, 153.6, 152.9, 152.6, 153.1, 153.9, 153.7, 153.7, 153.9, 153.7, 154.5, 153.4, 154.4, 153.9, 154.0, 154.0, 154.5, 154.5, 154.7, 154.5, 154.4, 153.7, 152.9, 153.1, 152.6, 153.1, 153.1, 153.1, 152.5, 152.0, 151.6, 151.4, 151.0, 151.2, 151.2, 151.2, 151.8, 152.6, 152.5, 152.5, 152.5, 152.5, 153.1, 153.1, 152.9, 152.9, 152.5, 153.6, 152.5, 153.1, 153.3, 152.0, 153.9, 153.1, 152.0, 153.4, 154.0, 153.9, 154.0, 154.0, 154.0, 153.9, 154.0, 154.0, 153.9, 154.0, 154.0, 154.0, 153.4, 153.4, 152.8, 153.3, 152.6, 152.8, 152.8, 153.0, 153.3, 152.8, 153.3, 153.3, 153.7, 153.7, 154.2, 154.2, 154.2, 153.7, 154.2, 154.2, 154.2, 155.0, 155.0, 155.6, 155.6, 154.4, 155.0, 155.1, 155.0, 155.1, 155.1, 155.1, 155.1, 154.7, 154.7, 154.5, 155.3, 155.9, 155.4, 154.5, 154.7, 154.5, 154.8, 155.8, 154.5, 154.5, 155.8, 156.1, 155.9, 156.1, 156.7, 155.9, 157.2, 156.5, 157.2, 156.5, 156.7, 155.9, 156.1, 155.3, 155.9, 154.8, 155.4, 155.3, 155.9, 155.3, 155.3, 155.3, 155.3, 156.4, 156.5, 155.3, 155.3, 155.3, 155.3, 155.3, 155.4, 156.1, 155.9, 155.9, 156.5, 156.5, 155.9, 155.3, 156.7, 155.4, 155.9, 155.9, 155.9, 155.9, 155.9, 156.1, 155.9, 155.9, 155.9, 155.3, 155.9, 155.9, 155.9, 155.9, 155.3, 155.9, 155.3, 155.8, 155.3, 155.9, 155.8, 155.9, 156.1, 155.8, 155.9, 157.3, 155.4, 155.4, 155.9, 155.3, 155.3, 155.3, 155.8, 155.9, 155.3, 156.5, 156.5, 155.9, 155.9, 156.1, 156.7, 155.8, 156.1, 155.9, 155.9, 155.4, 155.9, 156.1, 155.8, 156.1, 156.1, 156.2, 156.2, 156.1, 156.1, 156.1, 157.2, 155.9, 156.5, 155.4, 156.1, 155.4, 155.4, 154.8, 155.4, 155.4, 155.4, 156.1, 156.1, 155.8, 157.2, 155.8, 156.5, 157.3, 156.5, 155.3, 157.2, 157.1, 157.1, 156.5, 155.8, 155.9, 155.9, 155.8, 155.8, 155.5, 155.6, 156.1, 155.5, 155.6, 155.6, 155.0, 155.0, 155.0, 155.0, 154.8, 155.1, 155.8, 154.5, 155.1, 155.1, 155.6, 156.1, 155.8, 155.0, 155.1, 155.1, 154.5, 155.1, 155.0, 155.0, 155.1, 155.1, 155.1, 155.3, 154.5, 155.1, 154.5, 155.1, 155.8, 155.1, 155.3, 155.1, 155.1, 155.1, 155.1, 156.3, 155.1, 155.1, 154.5, 155.1, 155.8, 155.8, 155.1, 154.5, 154.5, 155.1, 154.8, 155.1, 155.1, 155.1, 156.4, 155.9, 155.1, 155.9, 155.9, 156.3, 155.8, 156.4, 155.9, 155.8, 155.8, 156.4, 156.4, 156.4, 156.5, 155.1, 156.4, 155.1, 156.5, 155.9, 155.8, 156.5, 156.4, 156.4, 155.9, 156.4, 155.8, 156.4, 154.7, 155.3, 155.1, 155.3, 155.9, 155.9, 156.5, 155.9, 155.9, 155.9, 156.7, 156.4, 156.7, 156.5, 155.9, 155.9, 156.5, 155.9, 156.1, 155.8, 155.8, 156.5, 156.5, 156.4, 156.7, 156.5, 156.7, 156.1, 156.5, 156.5, 156.1, 156.1, 156.1, 155.3, 155.9, 155.9, 154.7, 155.8, 156.1, 155.9, 155.9, 156.1, 155.9, 155.8, 155.4, 155.3, 155.3, 155.3, 155.4, 156.7, 155.9, 156.4, 156.5, 155.9, 156.5, 155.9, 156.1, 155.4, 156.1, 155.9, 155.9, 155.6, 155.1, 153.6, 154.5, 154.7, 154.5, 153.9, 153.9, 154.0, 153.4, 154.0, 154.7, 153.3, 152.5, 153.3, 154.5, 153.9, 153.3, 152.6, 152.6, 153.4, 153.4, 153.3, 153.4, 153.3, 154.7, 154.2, 154.0, 154.0, 153.9, 155.1, 154.7, 153.3, 153.1, 152.6, 152.6, 153.9, 153.4, 151.8, 152.6, 152.5, 153.1, 154.5, 154.5, 155.1, 154.5, 153.9, 153.9, 153.9, 153.1, 153.3, 152.5, 152.5, 153.3, 152.6, 154.5, 153.4, 153.9, 154.5, 154.7, 154.5, 153.4, 153.9, 154.0, 153.3, 153.1, 152.8, 152.6, 152.6, 153.4, 154.2, 153.4, 154.4, 153.0, 152.8, 154.2, 155.0, 154.2, 154.4, 154.2, 153.6, 154.0, 155.3, 155.3, 154.8, 154.2, 154.4, 154.2, 153.6, 154.2, 154.2, 154.2, 154.0, 153.6, 154.5, 154.2, 154.8, 154.8, 154.7, 154.2, 155.3, 155.3, 155.3, 156.1, 154.8, 154.0, 155.1, 154.0, 155.9, 155.3, 154.7, 154.8, 154.7, 155.3, 154.7, 155.4, 154.7, 154.7, 155.3, 154.7]"
4,"[141.9, 140.8, 139.6, 139.4, 138.8, 138.3, 138.6, 140.0, 140.7, 141.4, 140.8, 140.4, 140.4, 140.8, 141.0, 140.7, 140.8, 141.0, 140.7, 140.1, 141.1, 141.3, 141.3, 140.8, 141.3, 140.7, 140.5, 141.3, 141.3, 141.4, 141.4, 141.6, 142.4, 141.0, 140.6, 141.0, 141.0, 140.8, 141.7, 140.6, 140.8, 141.1, 141.1, 141.6, 140.3, 140.7, 140.3, 139.5, 139.5, 140.3, 139.7, 139.5, 139.5, 138.0, 137.3, 139.7, 138.2, 137.1, 136.9, 137.4, 138.8, 137.3, 137.1, 139.7, 137.4, 137.1, 136.9, 138.0, 137.4, 138.2, 137.1, 137.3, 138.9, 136.9, 139.1, 139.5, 140.3, 138.9, 138.4, 137.4, 140.0, 140.0, 140.4, 139.7, 138.8, 138.9, 140.3, 140.3, 141.6, 140.3, 139.5, 141.0, 140.1, 140.8, 141.4, 140.3, 140.8, 141.0, 141.6, 140.4, 141.0, 140.8, 141.0, 140.8, 141.7, 141.0, 140.8, 141.7, 141.6, 141.0, 141.7, 140.8, 141.7, 141.0, 141.0, 140.8, 140.8, 141.6, 142.4, 142.3, 142.0, 141.6, 142.1, 141.4, 141.6, 140.7, 138.6, 136.9, 138.3, 138.9, 137.7, 138.2, 137.9, 137.9, 137.5, 139.6, 140.4, 139.8, 139.6, 139.4, 140.2, 139.4, 139.0, 139.3, 138.7, 138.7, 139.1, 139.1, 139.8, 139.8, 140.4, 141.0, 139.6, 140.5, 139.3, 138.7, 137.3, 138.0, 140.0, 138.9, 137.9, 137.7, 138.5, 137.5, 138.2, 138.8, 139.6, 140.2, 140.2, 140.2, 141.2, 139.9, 139.7, 140.5, 140.7, 140.2, 139.7, 139.7, 140.1, 139.2, 139.1, 138.6, 139.2, 140.4, 139.9, 139.9, 139.7, 141.2, 139.9, 138.2, 138.6, 138.4, 138.0, 138.2, 139.1, 138.6, 138.6, 138.6, 139.6, 140.2, 140.1, 138.8, 139.2, 138.4, 137.2, 138.2, 138.2, 138.4, 137.6, 139.1, 138.4, 138.9, 138.4, 138.0, 138.0, 137.6, 138.5, 138.7, 137.8, 138.2, 139.2, 138.5, 137.6, 137.4, 136.7, 137.4, 138.1, 138.3, 138.3, 138.9, 138.9, 139.4, 140.0, 140.2, 139.4, 140.2, 138.9, 139.5, 138.2, 138.9, 138.7, 138.7, 138.5, 138.3, 137.8, 137.4, 137.2, 137.8, 138.3, 138.3, 137.4, 136.7, 135.6, 137.6, 138.1, 138.3, 138.3, 138.1, 138.3, 138.1, 138.1, 137.2, 135.8, 137.0, 137.8, 138.5, 137.6, 135.8, 134.7, 134.9, 135.6, 138.3, 138.5, 138.7, 138.7, 138.7, 138.0, 138.3, 138.3, 138.3, 135.6, 134.3, 134.3, 133.8, 134.5, 135.6, 135.9, 134.1, 132.3, 132.5, 132.3, 131.6, 131.6, 132.5, 131.9, 132.3, 132.3, 132.3, 131.3, 131.1, 131.6, 130.7, 131.3, 131.3, 132.5, 132.5, 131.9, 131.6, 132.3, 131.3, 131.6, 130.7, 131.6, 131.6, 131.0, 130.1, 130.1, 129.8, 129.8, 129.8, 130.7, 130.7, 131.0, 131.0, 130.1, 131.0, 130.7, 131.0, 130.4, 130.4, 130.7, 130.1, 129.8, 129.5, 129.5, 129.8, 130.7, 131.0, 131.9, 132.2, 133.7, 133.4, 134.6, 134.1, 134.1, 133.2, 133.2, 133.8, 135.0, 134.5, 135.8, 137.0, 137.4, 137.0, 137.4, 137.8, 137.2, 138.0, 137.8, 138.5, 138.5, 138.9, 139.5, 137.8, 137.6, 135.9, 134.1, 132.8, 132.2, 132.2, 132.2, 132.8, 132.5, 132.3, 131.9, 132.5, 132.8, 132.2, 131.9, 132.5, 131.3, 131.5, 131.9, 131.3, 131.3, 131.3, 131.5, 131.3, 131.3, 132.2, 132.8, 131.9, 132.2, 132.8, 132.8, 131.6, 131.3, 131.6, 131.3, 131.9, 131.9, 131.9, 131.9, 131.9, 131.6, 131.6, 130.7, 132.3, 132.5, 131.9, 132.9, 133.2, 132.3, 132.5, 131.6, 132.5, 131.9, 131.6, 131.9, 132.3, 131.6, 132.8, 132.8, 131.9, 132.3, 131.6, 131.9, 132.2, 131.9, 132.5, 131.9, 132.5, 132.5, 131.9, 131.6, 132.3, 131.9, 132.5, 131.6, 131.6, 131.9, 134.1, 134.3, 135.0, 135.0, 135.4, 135.7, 136.3, 136.3, 136.3, 136.5, 135.4, 135.4, 135.9, 135.4, 135.2, 135.6, 135.2, 133.4, 132.5, 132.5, 133.4, 133.4, 134.3, 135.4, 135.7, 135.0, 136.9, 136.9, 136.3, 137.6, 137.6, 138.6, 137.8, 137.8, 138.2, 138.2, 138.9, 139.7, 138.4, 139.1, 138.0, 136.3, 135.9, 136.1, 136.5, 136.7, 137.6, 138.0, 138.9, 139.4, 140.2, 139.4, 140.2, 140.2, 140.2, 140.2, 138.7, 140.7, 141.0, 140.9, 138.9, 139.5, 138.9, 139.2, 139.1, 137.6, 135.4, 135.2, 133.7, 134.3, 134.6, 134.6, 135.4, 136.1, 138.0, 140.4, 139.4, 140.7, 140.9, 140.9, 140.7, 140.0, 140.9, 140.9, 140.9, 140.4, 139.5, 140.4, 139.5, 138.9, 138.4, 138.9, 138.2, 138.2, 138.4, 138.0, 138.0, 138.4, 138.9, 139.5, 139.1, 139.7, 139.1, 138.0, 140.2, 139.2, 139.2, 140.0, 140.2, 139.5, 139.5, 139.7, 138.4, 139.9, 140.5, 141.0, 141.0, 140.4, 141.0, 140.5, 140.7, 141.8, 141.7, 141.0, 141.5, 141.8, 141.7, 140.7, 141.0, 141.3, 141.2, 141.3, 141.3, 141.3, 141.0, 142.0, 141.0, 141.2, 141.8, 141.2, 140.0, 141.0, 139.1, 139.5, 138.4, 139.1, 139.7, 139.1, 138.4, 139.7, 141.0, 141.0, 140.0, 140.7, 140.7, 140.9, 140.9, 140.9, 141.0]"
4,"[148.2, 146.7, 146.4, 146.7, 144.6, 145.9, 145.5, 145.1, 146.4, 146.1, 146.6, 145.5, 146.1, 146.0, 145.5, 145.7, 146.3, 146.5, 146.6, 146.0, 146.6, 146.4, 145.8, 145.2, 145.7, 145.7, 145.3, 145.8, 145.3, 146.4, 146.7, 146.1, 147.4, 146.7, 147.4, 147.2, 146.1, 145.5, 145.5, 145.5, 146.1, 146.5, 145.9, 146.7, 146.0, 145.9, 145.5, 146.0, 146.5, 146.7, 146.1, 145.3, 146.1, 145.3, 146.2, 146.0, 146.1, 145.6, 146.1, 147.5, 146.8, 147.6, 148.3, 147.2, 147.6, 147.1, 147.6, 145.9, 145.8, 145.2, 145.8, 145.2, 145.2, 145.8, 145.8, 145.9, 145.8, 145.3, 145.3, 145.4, 145.3, 144.6, 145.2, 145.4, 145.4, 144.6, 145.1, 145.3, 145.2, 145.3, 145.6, 145.7, 145.8, 146.3, 146.3, 145.6, 145.0, 146.2, 145.7, 145.1, 144.6, 145.2, 145.1, 144.6, 144.1, 144.6, 144.7, 144.7, 144.2, 144.6, 144.6, 144.7, 143.8, 143.3, 143.7, 143.3, 143.2, 143.1, 142.9, 143.3, 142.9, 143.7, 143.4, 143.4, 144.1, 144.9, 144.6, 144.4, 144.4, 145.0, 143.7, 142.8, 142.2, 141.6, 141.6, 142.3, 142.5, 143.1, 142.6, 143.8, 143.4, 143.7, 143.7, 143.9, 144.3, 145.2, 145.2, 144.5, 145.1, 145.7, 145.7, 145.2, 145.0, 144.6, 145.0, 145.1, 145.1, 145.1, 145.8, 144.9, 144.5, 144.5, 144.3, 144.3, 145.0, 145.4, 144.4, 144.6, 145.7, 145.1, 145.1, 146.3, 145.5, 145.1, 145.0, 145.6, 145.6, 145.2, 145.2, 145.2, 146.2, 145.6, 145.0, 144.4, 144.3, 143.0, 143.0, 140.8, 141.3, 141.0, 140.2, 141.5, 140.2, 141.3, 141.9, 144.0, 141.4, 141.7, 141.9, 142.8, 144.0, 143.8, 143.4, 144.1, 143.5, 144.1, 143.6, 143.6, 143.6, 143.4, 143.0, 141.3, 142.0, 141.4, 140.5, 140.5, 140.8, 140.8, 142.0, 142.1, 142.8, 142.0, 142.7, 142.5, 142.0, 142.6, 143.3, 143.3, 143.2, 142.8, 143.1, 142.0, 142.2, 142.0, 142.0, 141.9, 141.9, 144.5, 141.9, 141.1, 141.0, 139.8, 141.6, 140.4, 141.7, 140.8, 141.1, 141.0, 141.6, 141.0, 141.0, 141.1, 141.7, 141.1, 140.5, 141.3, 141.9, 140.7, 141.4, 141.6, 141.6, 141.0, 142.8, 142.7, 142.4, 142.8, 141.6, 141.4, 142.0, 144.1, 142.0, 142.1, 141.0, 140.8, 142.8, 143.5, 144.1, 142.3, 141.6, 142.1, 140.8, 141.4, 140.8, 142.3, 141.4, 140.8, 141.0, 141.1, 142.8, 141.6, 141.6, 142.8, 143.0, 143.6, 143.5, 142.3, 143.6, 143.4, 143.0, 144.2, 143.2, 143.8, 144.2, 143.6, 144.2, 145.5, 144.4, 144.2, 145.4, 144.2, 144.9, 144.4, 145.5, 145.0, 144.9, 144.3, 144.9, 144.9, 144.9, 144.4, 144.4, 143.9, 144.3, 144.9, 145.0, 143.8, 143.8, 143.9, 143.2, 143.8, 144.3, 143.9, 143.3, 143.8, 143.8, 143.8, 143.3, 143.6, 143.9, 143.5, 143.8, 142.5, 143.0, 142.4, 143.6, 142.5, 143.8, 143.6, 144.9, 143.3, 143.1, 143.6, 143.8, 143.3, 143.3, 144.3, 143.8, 144.9, 144.9, 144.0, 145.0, 144.3, 143.8, 143.9, 144.9, 144.4, 143.1, 143.3, 144.3, 144.4, 144.3, 143.9, 144.3, 144.4, 144.4, 143.8, 144.3, 143.8, 144.3, 143.8, 143.9, 144.3, 143.9, 143.8, 144.3, 145.0, 144.9, 145.0, 145.5, 146.1, 144.3, 144.9, 145.0, 145.6, 144.4, 145.5, 144.4, 145.0, 145.0, 144.5, 143.6, 144.3, 144.4, 143.9, 143.9, 144.2, 143.8, 144.5, 144.3, 144.2, 144.4, 143.9, 145.5, 144.9, 145.0, 144.4, 144.9, 144.9, 145.5, 146.1, 145.0, 145.0, 145.5, 144.9, 144.9, 145.0, 144.4, 144.5, 145.5, 144.9, 144.4, 145.0, 144.3, 144.3, 144.2, 144.9, 144.1, 145.4, 144.0, 143.4, 144.0, 143.1, 143.3, 143.9, 143.4, 143.3, 144.0, 144.1, 143.6, 144.2, 143.6, 144.2, 143.6, 144.1, 144.1, 144.0, 142.6, 142.7, 142.8, 143.1, 143.3, 143.3, 143.1, 143.2, 142.3, 143.1, 142.5, 143.5, 142.9, 143.1, 142.3, 142.9, 143.5, 143.8, 144.8, 143.9, 144.3, 144.7, 144.6, 144.1, 143.4, 143.3, 143.3, 143.2, 142.7, 143.5, 143.2, 143.5, 143.1, 141.6, 142.9, 142.2, 142.9, 142.2, 142.8, 141.9, 142.3, 142.1, 142.3, 142.2, 142.9, 142.9, 143.4, 142.9, 143.8, 143.1, 142.9, 143.7, 143.3, 144.0, 143.9, 143.5, 143.5, 143.3, 144.1, 143.2, 143.2, 142.3, 142.6, 143.1, 142.9, 143.1, 143.2, 142.5, 143.2, 142.9, 142.2, 142.3, 142.3, 142.7, 142.2, 142.8, 143.1, 143.8, 144.1, 143.7, 143.2, 143.9, 143.7, 143.9, 143.8, 143.3, 142.6, 143.3, 143.8, 142.8, 142.9, 143.5, 143.1, 143.4, 143.7, 143.7, 143.1, 143.3, 142.8, 142.8, 143.4, 142.9, 143.1, 143.1, 142.9, 142.8, 143.5, 143.1, 143.5, 142.9, 143.9, 143.9, 144.4, 143.2, 143.8, 143.2, 143.9, 143.3, 143.8, 143.8, 143.7, 143.1, 143.1, 143.5, 143.7, 143.1, 144.1, 143.4, 142.9, 142.9, 143.5, 143.7, 142.9, 142.3, 143.1, 143.1, 143.2, 143.1, 143.8, 144.6, 145.7, 143.9, 143.7, 143.8]"
4,"[143.8, 143.3, 145.4, 142.2, 140.8, 142.1, 142.9, 143.5, 145.8, 144.6, 144.1, 145.2, 145.3, 145.9, 145.4, 145.9, 144.6, 145.3, 146.5, 145.5, 145.3, 145.9, 146.0, 146.5, 145.3, 145.8, 145.8, 145.9, 146.7, 145.4, 145.5, 146.5, 145.8, 145.2, 145.8, 144.4, 145.2, 144.7, 145.3, 145.8, 145.9, 145.8, 145.8, 145.2, 144.6, 145.1, 146.4, 145.3, 144.7, 145.2, 145.1, 145.2, 145.3, 145.2, 145.4, 145.3, 145.1, 145.3, 145.8, 145.4, 145.9, 145.3, 144.7, 145.2, 145.4, 145.2, 145.1, 145.2, 145.4, 145.2, 145.8, 145.1, 145.3, 145.1, 142.9, 142.9, 143.8, 144.4, 143.1, 143.4, 143.4, 142.8, 141.3, 143.3, 143.9, 142.8, 144.0, 143.1, 141.4, 143.6, 143.5, 143.0, 143.4, 143.6, 143.5, 143.0, 143.5, 144.2, 143.0, 143.6, 142.8, 143.5, 143.6, 143.5, 142.6, 143.4, 142.8, 143.0, 142.7, 142.0, 140.5, 141.9, 141.9, 141.9, 142.0, 141.9, 142.5, 141.7, 141.7, 142.3, 141.9, 141.3, 142.5, 143.8, 142.5, 141.9, 141.7, 141.3, 140.4, 141.7, 140.3, 141.0, 138.5, 139.8, 139.0, 138.8, 139.3, 139.0, 139.8, 141.4, 142.1, 142.5, 141.8, 142.4, 142.5, 141.4, 142.5, 142.0, 142.0, 141.7, 142.1, 141.5, 141.4, 142.6, 142.0, 142.5, 142.1, 141.5, 140.8, 141.0, 141.5, 140.8, 141.5, 141.5, 142.1, 141.5, 141.4, 141.4, 141.3, 141.8, 140.6, 141.1, 140.4, 139.4, 139.5, 140.4, 140.8, 141.6, 140.8, 138.0, 140.8, 141.6, 139.4, 139.5, 138.8, 139.8, 139.4, 139.5, 141.1, 142.6, 142.3, 142.0, 140.4, 140.0, 137.9, 137.4, 137.9, 137.5, 138.3, 141.4, 140.8, 140.4, 141.1, 141.1, 140.6, 140.6, 141.3, 141.5, 141.4, 140.8, 142.8, 142.1, 142.8, 142.3, 142.2, 142.1, 142.1, 142.0, 141.1, 138.6, 138.3, 138.7, 137.5, 137.7, 138.0, 137.9, 138.1, 137.7, 138.4, 137.7, 139.4, 138.9, 139.3, 140.4, 140.0, 140.0, 140.6, 138.2, 139.1, 140.6, 140.3, 139.1, 138.9, 138.4, 140.4, 138.4, 138.8, 139.1, 139.8, 140.6, 140.4, 139.8, 139.7, 139.5, 141.4, 139.4, 139.5, 138.1, 139.3, 139.0, 139.3, 139.8, 139.5, 139.0, 140.5, 140.7, 140.8, 140.7, 140.4, 140.8, 141.7, 140.4, 141.4, 140.0, 140.7, 140.0, 141.0, 141.7, 141.0, 142.0, 141.0, 140.4, 140.5, 140.5, 140.4, 139.0, 138.6, 140.1, 141.3, 141.6, 140.6, 141.0, 141.1, 140.7, 141.1, 141.1, 141.1, 140.7, 141.7, 142.6, 142.5, 142.0, 142.0, 142.0, 141.5, 142.6, 142.6, 142.6, 142.6, 142.5, 141.8, 141.1, 142.0, 141.8, 143.2, 141.7, 141.3, 141.7, 141.8, 141.3, 142.4, 139.2, 138.3, 138.4, 137.8, 138.4, 137.8, 138.2, 138.2, 138.0, 138.4, 138.4, 138.8, 138.2, 139.4, 139.4, 139.4, 139.6, 139.6, 139.8, 139.1, 139.6, 139.0, 138.6, 138.2, 137.3, 138.8, 139.6, 139.8, 139.6, 139.6, 140.1, 139.4, 139.4, 140.4, 140.9, 140.7, 140.0, 140.4, 140.7, 141.2, 140.5, 141.2, 141.3, 142.0, 141.8, 141.0, 142.3, 141.7, 141.8, 141.0, 140.4, 140.2, 140.4, 140.4, 140.5, 139.9, 140.1, 139.2, 140.1, 140.7, 140.7, 140.5, 140.5, 140.7, 141.2, 140.7, 140.4, 141.2, 141.2, 141.2, 141.0, 141.2, 141.2, 141.0, 141.2, 140.9, 139.7, 140.7, 139.8, 140.0, 140.0, 138.5, 138.3, 139.0, 138.1, 139.0, 139.0, 139.2, 138.5, 139.2, 138.5, 138.5, 139.8, 139.0, 138.8, 137.4, 139.0, 138.5, 138.0, 137.4, 137.2, 137.2, 137.0, 137.4, 136.7, 136.5, 136.5, 136.5, 136.7, 137.6, 136.5, 136.7, 135.9, 136.7, 136.5, 137.6, 136.7, 136.1, 135.9, 135.7, 136.3, 136.1, 135.9, 136.1, 134.6, 135.4, 135.2, 135.2, 135.2, 136.1, 136.1, 136.7, 136.7, 136.5, 136.5, 137.4, 135.9, 135.7, 136.3, 135.2, 136.3, 136.1, 136.1, 135.2, 135.2, 134.3, 135.2, 135.4, 135.4, 135.4, 134.6, 135.4, 134.8, 136.3, 136.1, 136.3, 137.4, 137.0, 138.3, 137.4, 137.4, 139.7, 140.5, 141.2, 141.4, 142.2, 142.0, 142.0, 142.2, 142.3, 141.8, 140.5, 142.1, 141.5, 141.0, 140.2, 140.4, 140.7, 140.7, 140.7, 140.8, 141.0, 140.8, 141.5, 140.7, 140.8, 140.8, 141.9, 140.8, 140.8, 139.3, 140.1, 139.3, 140.1, 140.5, 140.2, 140.1, 140.4, 141.3, 139.3, 140.5, 140.5, 139.8, 139.1, 138.5, 139.1, 138.9, 137.4, 139.8, 139.4, 139.7, 141.0, 140.9, 140.7, 140.0, 140.0, 139.7, 139.7, 140.5, 140.7, 141.4, 140.4, 141.0, 140.4, 140.5, 139.9, 140.5, 140.1, 141.5, 141.8, 141.8, 141.2, 139.3, 140.1, 140.5, 139.3, 140.5, 140.7, 140.1, 140.1, 139.6, 140.7, 142.3, 140.8, 140.4, 140.2, 142.3, 141.9, 141.1, 142.9, 140.5, 141.7, 141.4, 141.9, 142.0, 141.6, 142.1, 141.3, 142.5, 142.6, 141.9, 142.1, 142.1, 142.7, 142.3, 144.1, 142.1, 141.0, 139.8, 140.7, 141.9, 141.2, 140.1, 140.2, 140.5, 140.5, 139.9, 140.8, 140.1]"
4,"[146.6, 145.7, 145.9, 144.5, 144.5, 143.2, 144.7, 144.9, 145.1, 145.9, 145.3, 145.3, 145.9, 145.9, 146.5, 145.9, 145.4, 145.3, 145.9, 145.3, 145.3, 145.1, 145.8, 144.9, 144.4, 144.4, 144.5, 145.8, 145.8, 145.8, 145.2, 144.6, 145.1, 144.9, 145.5, 146.1, 146.8, 146.2, 146.9, 146.2, 145.4, 145.6, 145.5, 146.2, 146.2, 145.5, 145.5, 145.1, 144.8, 144.9, 145.5, 144.9, 144.9, 144.8, 144.9, 145.4, 144.6, 144.1, 144.9, 145.4, 145.6, 146.1, 146.2, 145.6, 145.0, 145.6, 146.7, 146.3, 146.2, 146.2, 145.6, 145.7, 146.2, 146.3, 146.3, 145.7, 146.3, 145.5, 145.1, 146.2, 145.6, 146.2, 145.0, 144.9, 145.7, 145.6, 145.5, 145.5, 144.3, 144.9, 146.1, 145.6, 146.8, 146.2, 145.6, 146.3, 145.1, 145.6, 146.2, 145.6, 146.1, 145.5, 146.3, 147.5, 146.2, 146.8, 146.3, 145.6, 146.3, 145.7, 145.6, 146.3, 145.6, 145.6, 145.5, 145.5, 146.8, 145.6, 145.5, 146.8, 145.9, 145.5, 146.2, 145.6, 145.5, 146.1, 146.8, 146.3, 145.7, 145.1, 146.4, 145.9, 145.9, 146.4, 146.4, 145.9, 145.9, 145.4, 145.9, 145.8, 145.4, 145.3, 145.4, 145.3, 145.5, 145.5, 145.5, 145.4, 145.9, 145.4, 145.4, 145.5, 145.8, 146.0, 145.3, 146.0, 145.3, 145.8, 146.0, 144.7, 145.3, 145.8, 143.7, 144.9, 143.7, 144.3, 144.4, 143.7, 144.3, 143.7, 143.7, 143.9, 144.5, 144.5, 145.3, 145.3, 144.5, 144.1, 144.1, 145.2, 144.7, 144.7, 144.7, 145.8, 145.8, 144.0, 144.7, 145.8, 145.4, 144.1, 145.3, 144.7, 144.0, 145.3, 144.8, 145.4, 145.4, 145.5, 145.4, 145.9, 144.8, 144.8, 144.8, 144.8, 144.8, 145.4, 144.8, 145.4, 144.8, 144.9, 145.4, 144.8, 145.5, 145.4, 145.5, 145.9, 145.5, 145.8, 145.4, 146.0, 144.9, 145.5, 144.9, 146.1, 146.7, 146.0, 146.1, 146.0, 146.0, 145.9, 145.5, 145.8, 145.4, 145.3, 144.2, 144.8, 144.8, 144.7, 145.4, 145.2, 145.4, 145.4, 146.0, 144.8, 145.3, 144.1, 144.6, 144.2, 145.3, 144.1, 144.7, 143.9, 144.1, 144.8, 144.9, 144.8, 144.9, 144.7, 144.2, 143.5, 144.0, 144.1, 144.7, 145.8, 144.6, 144.6, 144.6, 142.9, 142.5, 141.0, 141.7, 141.6, 141.6, 141.0, 141.0, 141.6, 140.5, 141.0, 142.5, 141.9, 142.6, 142.6, 142.7, 142.3, 142.7, 143.3, 143.1, 144.5, 143.3, 142.5, 143.2, 142.5, 143.0, 144.0, 144.6, 144.0, 143.9, 144.7, 143.9, 142.6, 143.8, 144.6, 144.0, 144.6, 146.3, 143.4, 144.6, 143.9, 143.3, 143.4, 143.0, 143.4, 143.3, 143.4, 143.0, 143.8, 143.3, 142.5, 142.5, 142.3, 142.7, 144.0, 144.6, 143.4, 143.4, 143.4, 144.5, 143.3, 142.0, 142.7, 143.2, 144.4, 145.2, 144.6, 145.2, 145.3, 146.3, 145.8, 145.3, 145.9, 145.8, 143.4, 145.3, 145.2, 145.4, 145.3, 144.6, 145.8, 144.9, 145.4, 145.8, 145.8, 145.5, 146.0, 146.0, 145.9, 144.9, 145.9, 145.5, 145.9, 146.1, 146.6, 145.5, 145.9, 146.1, 145.9, 146.0, 145.5, 146.1, 146.5, 146.0, 145.4, 145.4, 144.9, 146.5, 145.8, 145.8, 145.5, 145.4, 145.3, 145.8, 145.5, 145.9, 145.5, 145.4, 145.9, 146.5, 146.1, 146.1, 146.1, 146.2, 146.1, 146.1, 146.1, 146.7, 146.1, 147.2, 146.1, 146.1, 146.7, 146.7, 146.4, 146.0, 145.9, 145.5, 146.5, 145.9, 145.8, 145.5, 145.5, 146.0, 145.5, 146.1, 145.9, 146.0, 146.1, 145.5, 145.5, 146.5, 145.5, 144.8, 145.4, 145.4, 145.8, 145.9, 145.4, 146.1, 145.3, 145.3, 145.3, 145.4, 145.4, 145.3, 146.4, 145.8, 146.0, 146.4, 145.8, 146.5, 145.9, 145.3, 145.8, 145.2, 145.8, 145.7, 144.5, 144.5, 145.0, 145.8, 145.6, 145.6, 146.3, 144.9, 144.3, 145.7, 145.0, 145.0, 144.9, 144.3, 144.9, 145.5, 145.7, 144.3, 145.4, 146.3, 146.3, 146.3, 147.6, 147.6, 147.5, 146.9, 147.0, 146.4, 147.0, 146.4, 145.9, 145.8, 145.8, 146.3, 146.4, 146.4, 146.3, 147.0, 146.9, 146.2, 147.7, 146.3, 146.2, 146.9, 146.3, 146.9, 146.9, 146.9, 146.8, 147.6, 146.5, 146.3, 146.7, 147.0, 146.1, 146.8, 146.2, 147.5, 146.3, 146.8, 147.5, 146.3, 146.9, 146.1, 146.9, 147.3, 146.9, 146.8, 147.4, 146.9, 146.9, 146.3, 146.3, 147.3, 146.9, 146.9, 147.4, 146.7, 146.9, 146.8, 147.4, 146.9, 146.9, 146.3, 146.6, 146.6, 146.6, 146.6, 146.6, 146.6, 146.7, 147.4, 146.3, 146.8, 146.9, 146.8, 146.9, 146.2, 146.2, 146.8, 146.2, 146.0, 146.6, 146.0, 146.7, 146.8, 147.4, 146.1, 146.1, 147.4, 147.3, 146.7, 146.8, 146.6, 146.7, 146.5, 147.1, 146.6, 146.0, 146.0, 146.2, 146.7, 146.3, 145.5, 146.0, 146.6, 146.0, 145.4, 146.1, 146.1, 145.9, 146.0, 146.1, 145.5, 146.5, 146.6, 145.9, 145.9, 146.5, 146.6, 146.0, 145.9, 145.9, 145.3, 146.1, 146.5, 146.6, 146.6, 146.7, 146.2, 145.3, 145.2, 146.0, 145.2, 145.3]"
4,"[146.0, 143.2, 144.4, 144.6, 143.8, 143.3, 143.2, 143.3, 144.4, 145.1, 145.2, 145.2, 145.7, 145.1, 145.8, 145.8, 145.8, 145.4, 145.1, 144.6, 144.7, 145.7, 145.2, 144.0, 145.4, 145.5, 144.4, 145.0, 145.0, 143.8, 144.3, 144.3, 143.9, 144.3, 144.3, 143.8, 144.2, 144.4, 144.0, 144.9, 145.5, 144.0, 144.4, 144.4, 143.9, 143.9, 143.8, 144.3, 144.0, 143.2, 143.9, 143.8, 144.4, 143.8, 144.9, 144.3, 143.9, 144.4, 144.9, 144.9, 144.2, 143.2, 144.6, 144.3, 144.0, 144.1, 144.7, 144.6, 144.5, 144.6, 143.2, 143.8, 142.8, 143.7, 143.5, 143.7, 142.9, 145.0, 145.7, 146.4, 144.5, 145.7, 144.4, 144.5, 144.1, 144.4, 145.0, 144.5, 145.7, 146.3, 145.8, 145.8, 145.3, 145.2, 145.7, 144.5, 144.5, 145.8, 144.6, 145.8, 144.1, 144.6, 144.7, 145.4, 145.8, 146.0, 145.4, 145.8, 145.9, 145.8, 145.8, 146.4, 145.9, 145.3, 145.4, 145.4, 145.8, 145.2, 145.8, 145.4, 145.3, 144.7, 145.8, 145.4, 145.4, 145.9, 144.6, 145.5, 145.2, 143.1, 143.6, 142.0, 139.4, 140.0, 138.4, 139.2, 139.8, 139.8, 139.9, 140.2, 141.9, 141.3, 141.5, 141.3, 141.5, 139.9, 140.5, 138.7, 137.7, 138.3, 140.0, 141.4, 139.5, 141.4, 141.4, 141.4, 141.6, 142.4, 143.1, 143.6, 142.4, 143.5, 143.1, 142.8, 143.0, 143.6, 144.0, 142.5, 143.0, 143.0, 143.6, 143.6, 143.0, 143.9, 142.5, 143.1, 143.0, 142.1, 140.1, 139.4, 140.0, 139.2, 139.6, 139.5, 139.8, 140.4, 140.0, 138.6, 139.4, 139.2, 139.2, 140.2, 139.1, 138.8, 138.8, 138.6, 138.0, 140.1, 140.5, 140.9, 140.2, 141.2, 141.0, 140.4, 139.8, 140.1, 140.7, 140.5, 141.5, 140.1, 139.4, 140.1, 139.4, 139.0, 139.4, 139.1, 140.0, 139.7, 140.5, 139.7, 140.0, 139.0, 139.8, 140.7, 139.8, 140.4, 139.4, 139.4, 139.2, 138.3, 138.1, 136.5, 138.3, 138.5, 138.7, 139.4, 138.5, 139.2, 139.2, 139.4, 139.0, 139.8, 139.2, 139.0, 138.3, 138.3, 135.8, 134.5, 134.5, 134.1, 134.5, 134.1, 134.1, 133.2, 134.7, 134.7, 134.5, 134.5, 134.5, 133.2, 134.5, 134.5, 133.8, 134.7, 134.1, 134.1, 133.2, 134.1, 133.7, 133.4, 133.7, 133.4, 133.2, 134.1, 133.7, 133.9, 133.4, 133.5, 133.5, 131.8, 132.1, 131.5, 133.3, 133.1, 133.1, 132.4, 132.7, 132.4, 132.4, 132.4, 133.1, 132.2, 132.1, 132.3, 131.7, 131.2, 130.3, 131.2, 130.8, 131.2, 131.4, 131.4, 132.1, 131.8, 131.3, 130.6, 130.6, 130.6, 130.9, 130.8, 130.6, 131.4, 131.8, 131.2, 130.0, 130.3, 130.3, 130.8, 129.7, 130.3, 129.7, 130.9, 130.0, 130.6, 131.2, 130.3, 130.6, 130.6, 130.6, 130.3, 130.9, 130.9, 130.6, 131.2, 130.0, 130.0, 130.0, 130.0, 131.2, 130.9, 130.9, 130.9, 131.2, 130.9, 131.2, 130.3, 130.3, 131.2, 130.3, 130.6, 130.6, 130.8, 130.9, 131.5, 130.6, 130.9, 130.6, 130.3, 130.0, 129.7, 129.4, 128.5, 129.6, 130.0, 130.0, 129.7, 130.3, 130.3, 131.2, 129.4, 130.0, 129.7, 129.4, 128.8, 129.1, 129.0, 128.5, 128.8, 128.5, 128.8, 128.8, 130.0, 129.0, 129.1, 128.8, 129.6, 129.0, 129.0, 129.6, 128.8, 129.1, 129.4, 129.1, 129.7, 129.7, 129.1, 129.1, 129.6, 128.8, 128.5, 130.3, 130.3, 130.6, 131.2, 131.8, 130.3, 130.3, 130.3, 130.9, 131.2, 130.6, 132.2, 130.6, 130.3, 130.0, 129.9, 128.5, 128.5, 128.5, 129.9, 128.8, 128.5, 128.5, 128.8, 128.5, 128.8, 129.7, 129.4, 130.6, 130.3, 130.6, 130.6, 130.6, 129.4, 129.7, 130.0, 130.3, 129.4, 130.0, 130.3, 129.7, 130.0, 130.0, 129.7, 131.0, 130.6, 130.3, 130.9, 130.6, 130.3, 130.3, 129.7, 130.9, 130.9, 129.1, 130.0, 130.0, 130.2, 130.2, 129.7, 130.0, 130.3, 130.6, 131.7, 129.4, 130.0, 128.2, 128.5, 128.2, 129.1, 129.1, 128.8, 130.0, 130.9, 130.9, 130.6, 131.8, 130.9, 130.3, 130.3, 130.6, 131.2, 131.8, 131.8, 131.3, 130.9, 130.3, 130.6, 130.0, 130.6, 130.0, 130.9, 131.2, 131.4, 131.8, 131.7, 131.2, 131.4, 132.1, 130.9, 130.9, 129.7, 130.9, 129.7, 129.1, 130.0, 129.7, 129.1, 129.8, 129.8, 129.8, 129.1, 129.8, 130.1, 129.7, 131.2, 131.2, 131.2, 131.4, 130.6, 131.5, 131.4, 131.5, 131.2, 131.4, 131.4, 130.0, 130.3, 129.4, 129.5, 129.5, 129.8, 129.8, 130.5, 130.2, 130.2, 129.5, 128.5, 129.8, 129.2, 129.8, 129.5, 129.1, 129.8, 129.1, 130.3, 129.4, 128.8, 129.1, 129.8, 130.1, 128.8, 130.1, 130.8, 130.1, 130.3, 130.4, 130.1, 130.1, 129.8, 129.8, 130.3, 131.0, 131.0, 131.0, 130.1, 130.4, 129.5, 130.7, 130.3, 130.6, 131.0, 131.3, 130.1, 129.4, 129.8, 129.8, 129.8, 130.7, 130.1, 130.1, 129.8, 129.1, 129.8, 129.5, 129.8, 129.4, 129.1, 128.8, 129.5, 129.1, 130.1, 131.3, 131.0, 131.9, 130.3, 132.2, 131.5, 131.0, 131.3]"
4,"[141.3, 140.5, 140.1, 138.7, 137.7, 137.1, 135.7, 138.4, 138.6, 139.4, 140.8, 140.7, 139.5, 138.8, 138.8, 139.5, 138.8, 138.6, 138.4, 138.8, 139.7, 140.8, 138.4, 137.5, 140.1, 138.0, 139.4, 139.7, 138.4, 138.6, 137.9, 138.4, 137.9, 137.7, 136.5, 138.3, 136.9, 137.7, 137.9, 136.9, 137.9, 137.3, 137.9, 137.7, 137.5, 137.9, 137.5, 138.9, 137.5, 138.4, 137.7, 137.3, 138.1, 137.5, 137.3, 137.3, 138.3, 138.5, 138.1, 138.1, 137.3, 137.1, 138.1, 137.7, 138.9, 138.3, 138.4, 137.9, 138.4, 138.4, 138.9, 136.7, 136.9, 137.9, 137.5, 137.9, 137.5, 137.3, 138.9, 139.9, 139.3, 138.1, 137.9, 138.1, 139.2, 139.0, 138.1, 138.7, 138.9, 139.0, 138.7, 138.9, 138.1, 138.1, 138.3, 139.2, 138.3, 138.4, 138.9, 137.5, 138.9, 138.7, 138.4, 138.7, 139.0, 138.1, 138.7, 138.7, 139.6, 138.9, 140.4, 139.0, 138.9, 138.3, 138.4, 139.0, 138.6, 138.4, 137.9, 138.3, 138.4, 137.1, 138.4, 138.6, 138.3, 138.0, 137.5, 137.5, 136.7, 138.2, 138.7, 138.3, 138.0, 139.1, 138.6, 138.2, 138.2, 139.0, 139.0, 139.0, 138.3, 137.3, 138.3, 137.9, 138.0, 138.6, 140.3, 139.2, 140.1, 139.2, 140.3, 140.8, 139.7, 139.3, 138.4, 138.5, 138.2, 138.6, 138.4, 139.2, 140.1, 140.1, 139.6, 140.4, 139.3, 139.5, 139.0, 138.9, 140.1, 139.6, 138.9, 139.2, 141.9, 140.7, 140.0, 139.2, 138.6, 140.1, 141.3, 139.8, 141.9, 141.1, 138.6, 140.2, 139.5, 139.1, 139.1, 138.3, 138.8, 139.0, 139.1, 138.1, 138.7, 138.7, 139.6, 139.0, 138.7, 139.5, 139.3, 139.5, 139.3, 139.5, 139.5, 139.3, 139.1, 139.6, 139.9, 138.9, 138.9, 139.1, 138.2, 137.6, 138.0, 137.6, 138.2, 139.1, 138.4, 138.0, 139.4, 139.2, 139.2, 138.0, 139.8, 138.7, 138.0, 138.6, 137.6, 136.9, 136.7, 135.9, 135.0, 135.9, 135.9, 135.6, 135.6, 133.7, 133.1, 134.1, 132.8, 131.9, 132.5, 132.5, 133.4, 134.3, 133.7, 132.5, 132.8, 132.5, 132.3, 131.9, 132.8, 131.5, 130.6, 131.0, 131.9, 131.9, 131.3, 131.3, 130.3, 130.6, 129.4, 130.0, 131.0, 130.3, 130.7, 131.0, 131.3, 130.3, 130.6, 130.1, 130.3, 130.3, 130.3, 130.0, 129.7, 130.3, 130.0, 130.3, 130.3, 130.0, 130.3, 130.3, 129.1, 129.1, 128.5, 128.2, 129.1, 129.1, 129.1, 128.8, 129.4, 128.8, 129.7, 129.1, 129.1, 128.8, 128.8, 127.6, 129.1, 128.2, 127.9, 128.8, 127.9, 128.5, 128.2, 128.5, 128.2, 128.2, 128.8, 128.2, 127.6, 127.3, 127.3, 127.3, 127.6, 127.6, 127.0, 127.0, 127.0, 127.6, 126.9, 127.3, 128.2, 127.3, 126.3, 126.3, 126.0, 127.3, 126.9, 126.9, 127.3, 127.3, 126.7, 126.7, 126.7, 126.9, 127.3, 127.3, 127.3, 126.7, 127.3, 127.9, 127.5, 126.9, 126.9, 127.9, 128.5, 126.7, 128.2, 127.3, 127.3, 127.3, 126.9, 126.7, 127.3, 126.3, 126.9, 127.0, 127.3, 127.6, 126.3, 127.9, 126.7, 127.3, 127.5, 126.9, 126.9, 126.3, 126.3, 126.9, 125.9, 126.9, 127.6, 127.3, 126.6, 125.6, 126.2, 126.9, 125.6, 126.2, 126.6, 125.6, 125.9, 126.6, 126.3, 127.9, 126.9, 126.9, 127.3, 127.9, 127.6, 127.9, 127.6, 127.3, 127.9, 129.4, 128.5, 126.6, 128.2, 126.6, 125.9, 125.6, 125.9, 126.2, 125.0, 125.3, 125.0, 125.9, 125.3, 126.3, 126.3, 127.9, 127.3, 127.9, 127.9, 126.9, 127.5, 126.3, 126.3, 126.9, 127.2, 127.2, 126.6, 126.3, 126.9, 127.2, 126.6, 126.3, 126.6, 127.5, 127.5, 127.2, 127.9, 128.5, 126.6, 127.9, 126.9, 128.2, 128.5, 128.8, 127.8, 128.2, 128.5, 129.4, 129.4, 129.4, 128.8, 129.7, 129.1, 129.7, 128.8, 129.7, 129.1, 128.5, 129.4, 129.1, 129.8, 129.8, 130.1, 129.8, 130.3, 128.2, 129.5, 129.1, 128.8, 128.8, 128.2, 129.4, 129.7, 129.7, 129.4, 129.8, 130.1, 130.3, 131.0, 130.7, 130.7, 130.7, 130.7, 130.1, 129.8, 130.1, 130.3, 128.8, 130.0, 130.9, 129.7, 129.4, 130.6, 129.7, 129.8, 129.8, 129.4, 129.1, 129.5, 129.5, 129.1, 129.1, 129.5, 129.1, 128.2, 128.5, 129.1, 128.8, 128.8, 129.1, 130.3, 130.0, 130.6, 129.4, 129.1, 129.5, 128.8, 129.5, 130.7, 130.7, 131.3, 131.0, 130.3, 130.3, 131.6, 131.9, 130.6, 131.0, 130.9, 131.9, 131.5, 131.5, 130.9, 131.0, 130.6, 130.6, 131.5, 131.6, 131.3, 131.9, 131.8, 131.5, 131.8, 131.4, 131.3, 131.0, 130.7, 131.5, 130.6, 132.8, 133.9, 132.8, 134.6, 135.2, 133.1, 131.5, 132.2, 131.9, 132.4, 132.8, 133.2, 133.4, 134.6, 133.7, 133.4, 131.9, 132.5, 132.4, 132.8, 134.3, 135.4, 136.3, 135.4, 136.1, 135.2, 136.1, 135.9, 136.1, 135.2, 136.1, 136.1, 135.9, 135.2, 136.1, 136.3, 136.3, 136.3, 136.1, 136.3, 135.9, 137.4, 134.6, 134.8, 134.8, 133.7, 135.2, 135.2, 135.4, 135.2, 135.2, 135.2, 135.0, 135.4, 135.2]"
4,"[146.9, 145.0, 145.8, 143.8, 144.6, 142.3, 143.0, 143.9, 144.5, 144.3, 145.4, 145.5, 144.9, 144.9, 144.8, 145.4, 144.6, 146.0, 144.8, 144.1, 144.0, 144.6, 144.6, 144.8, 144.8, 144.0, 144.0, 145.4, 144.5, 145.3, 144.5, 144.4, 143.9, 144.8, 144.1, 145.4, 144.8, 145.4, 144.6, 144.9, 146.0, 145.2, 145.0, 144.3, 145.0, 144.3, 144.1, 144.8, 145.4, 144.8, 145.3, 144.6, 144.0, 144.1, 144.8, 144.8, 145.3, 144.0, 144.8, 144.3, 144.3, 144.4, 145.5, 144.8, 144.8, 144.4, 146.2, 144.9, 145.0, 144.8, 144.9, 145.5, 144.8, 144.8, 144.8, 145.3, 144.8, 145.4, 144.6, 144.8, 145.2, 145.1, 145.1, 144.4, 143.8, 144.5, 145.4, 145.3, 145.3, 145.3, 145.4, 145.3, 145.4, 145.4, 145.4, 144.9, 145.3, 145.4, 145.5, 145.5, 145.5, 144.8, 144.6, 144.6, 144.1, 144.0, 144.5, 143.9, 144.6, 144.5, 143.9, 144.5, 144.5, 144.5, 144.5, 145.3, 145.4, 144.6, 144.9, 144.5, 144.6, 144.9, 144.8, 144.6, 144.8, 144.6, 144.1, 143.4, 143.3, 143.4, 144.0, 143.4, 143.9, 143.9, 143.4, 143.4, 143.4, 143.9, 143.4, 143.5, 143.4, 144.1, 144.5, 144.8, 143.4, 143.9, 143.5, 144.0, 143.4, 142.8, 142.1, 142.2, 141.5, 141.7, 141.7, 141.7, 141.5, 140.4, 141.6, 141.6, 141.1, 141.0, 140.7, 141.1, 140.2, 141.0, 140.8, 141.0, 141.0, 141.0, 141.6, 141.6, 141.6, 141.5, 141.6, 140.4, 139.8, 140.2, 140.4, 141.6, 141.5, 141.6, 141.6, 141.0, 140.8, 141.0, 141.6, 141.6, 141.0, 141.5, 142.1, 141.5, 141.5, 141.6, 142.7, 141.6, 140.8, 141.3, 141.5, 141.9, 141.0, 142.2, 141.1, 142.1, 141.5, 141.9, 140.7, 140.7, 140.7, 140.8, 140.8, 140.8, 140.7, 140.7, 140.5, 141.3, 140.5, 140.5, 140.5, 140.7, 141.3, 141.5, 141.8, 141.3, 140.5, 140.5, 141.9, 140.8, 141.3, 141.5, 141.5, 142.1, 141.3, 141.3, 142.1, 140.7, 141.5, 140.1, 140.5, 141.3, 141.2, 140.9, 139.4, 140.2, 139.6, 140.2, 140.1, 140.2, 140.2, 142.4, 140.5, 141.2, 141.9, 141.3, 141.9, 140.7, 140.7, 141.3, 140.5, 142.1, 140.5, 142.2, 141.8, 141.0, 141.0, 140.9, 140.9, 140.1, 140.2, 140.9, 140.9, 141.0, 141.2, 141.5, 141.3, 141.9, 141.2, 141.2, 141.9, 141.2, 141.8, 141.2, 139.8, 141.0, 141.2, 140.5, 140.5, 141.0, 141.0, 141.2, 140.9, 141.0, 141.0, 141.2, 141.0, 140.4, 141.0, 140.2, 140.7, 140.1, 139.4, 140.7, 140.9, 139.2, 140.9, 141.6, 141.6, 140.2, 141.2, 141.0, 141.8, 140.7, 139.3, 141.6, 141.2, 141.2, 141.2, 141.9, 141.0, 140.2, 140.7, 141.2, 140.5, 140.4, 140.4, 141.8, 140.5, 140.4, 139.9, 140.7, 140.7, 141.2, 141.0, 140.1, 140.7, 140.1, 141.6, 141.6, 141.0, 141.8, 141.2, 141.3, 141.2, 140.4, 139.9, 141.0, 139.6, 141.2, 141.0, 140.7, 141.2, 140.2, 140.5, 140.5, 141.2, 140.5, 139.9, 140.1, 139.3, 139.5, 139.3, 140.1, 139.9, 139.9, 141.2, 140.1, 140.8, 140.5, 140.1, 140.1, 140.7, 140.5, 140.7, 140.4, 140.5, 140.5, 140.1, 139.9, 140.1, 140.7, 141.3, 139.6, 140.7, 140.4, 139.6, 140.2, 139.0, 140.4, 140.8, 139.8, 140.4, 140.4, 141.5, 139.8, 139.8, 140.5, 141.1, 141.0, 139.8, 140.0, 140.5, 141.3, 140.4, 140.4, 140.5, 141.1, 141.6, 141.0, 140.4, 140.4, 141.0, 140.4, 141.0, 141.0, 141.0, 141.1, 141.3, 141.0, 141.7, 141.3, 141.9, 141.6, 141.1, 141.1, 141.7, 141.1, 142.0, 141.7, 141.6, 141.0, 141.5, 141.6, 142.3, 142.2, 142.2, 142.2, 142.7, 142.1, 142.7, 143.3, 142.8, 142.2, 143.4, 142.7, 143.5, 143.4, 142.7, 142.9, 143.1, 142.9, 142.5, 143.1, 143.8, 143.1, 142.7, 142.9, 143.5, 142.8, 142.9, 143.1, 142.2, 142.3, 142.3, 142.5, 141.7, 142.1, 142.2, 142.3, 142.2, 142.3, 142.3, 142.9, 142.9, 142.9, 143.5, 142.8, 142.8, 142.8, 142.8, 142.9, 142.7, 143.4, 142.8, 142.9, 142.8, 143.5, 142.9, 143.5, 142.8, 142.8, 143.3, 143.4, 143.4, 143.1, 142.9, 143.5, 143.7, 142.8, 143.5, 142.8, 142.9, 142.9, 143.5, 142.9, 142.9, 142.9, 143.5, 143.1, 143.5, 143.5, 143.5, 143.5, 143.5, 143.4, 143.4, 143.4, 143.9, 143.4, 143.5, 143.3, 143.5, 142.7, 143.4, 144.1, 144.0, 144.3, 144.1, 143.4, 143.4, 143.5, 142.8, 143.4, 143.7, 142.8, 144.1, 143.7, 145.0, 143.7, 143.4, 143.7, 144.1, 144.3, 142.9, 144.3, 144.9, 143.4, 143.4, 143.5, 144.9, 143.7, 143.5, 143.8, 144.3, 145.0, 143.7, 144.1, 143.5, 143.4, 143.5, 143.5, 143.5, 143.7, 143.7, 142.9, 142.9, 143.7, 144.3, 143.2, 142.9, 142.9, 144.3, 143.8, 143.5, 143.5, 143.7, 143.5, 143.7, 142.9, 143.2, 142.9, 143.1, 142.9, 142.9, 143.5, 143.1, 143.5, 143.7, 145.1, 143.8, 143.7, 143.7, 143.8, 143.7, 143.7, 143.2, 143.8, 144.3, 143.7, 144.1, 143.7]"
4,"[147.9, 144.8, 145.6, 144.4, 144.5, 142.3, 143.8, 143.3, 144.8, 144.8, 145.2, 144.3, 145.5, 145.1, 145.6, 144.9, 144.3, 144.9, 145.6, 144.8, 144.8, 145.1, 144.9, 144.8, 144.3, 144.7, 144.7, 144.8, 144.2, 144.8, 144.2, 144.8, 144.1, 144.2, 144.7, 144.3, 144.3, 145.6, 145.5, 145.7, 145.1, 145.1, 144.8, 145.6, 145.7, 145.5, 145.1, 145.1, 145.6, 144.8, 144.9, 145.7, 144.9, 144.9, 144.7, 144.9, 145.7, 144.8, 144.9, 145.5, 145.6, 144.8, 145.5, 144.3, 144.9, 145.7, 145.7, 145.1, 145.1, 145.7, 145.7, 144.9, 145.6, 144.3, 145.1, 145.6, 144.8, 144.4, 145.6, 144.9, 145.5, 144.9, 144.9, 144.8, 144.8, 144.9, 144.2, 145.6, 144.9, 144.8, 144.8, 144.2, 144.9, 144.8, 144.3, 145.1, 144.8, 145.5, 144.3, 145.1, 144.8, 144.3, 144.7, 145.1, 144.9, 144.3, 144.3, 144.9, 144.8, 144.3, 144.2, 144.3, 144.3, 143.4, 144.3, 144.9, 145.6, 144.8, 144.2, 144.2, 144.8, 144.9, 145.1, 144.8, 144.9, 145.8, 145.2, 145.1, 145.9, 145.2, 145.2, 145.8, 145.2, 144.6, 144.4, 144.4, 144.4, 145.2, 144.4, 144.5, 144.6, 145.1, 144.5, 145.2, 145.2, 145.2, 145.1, 144.6, 144.5, 145.3, 145.3, 144.5, 145.2, 146.0, 144.6, 144.9, 145.9, 145.3, 144.6, 145.3, 144.5, 145.4, 144.5, 145.2, 144.9, 144.0, 144.1, 144.6, 144.6, 144.6, 145.2, 144.6, 143.9, 145.3, 144.6, 144.8, 142.2, 141.1, 140.2, 141.5, 141.3, 141.9, 141.2, 141.2, 141.3, 141.2, 142.1, 141.2, 141.8, 141.6, 141.8, 141.2, 141.9, 140.5, 140.8, 141.6, 141.6, 142.2, 142.1, 141.9, 142.1, 142.3, 141.1, 141.6, 140.1, 139.3, 140.2, 141.5, 140.8, 141.5, 140.5, 140.7, 140.8, 140.0, 141.0, 142.3, 142.1, 142.8, 142.5, 142.2, 143.2, 142.2, 141.9, 141.9, 142.4, 142.4, 142.5, 141.9, 142.5, 142.7, 142.2, 141.5, 140.8, 140.1, 141.5, 141.3, 141.5, 141.5, 141.3, 140.2, 140.7, 141.5, 141.5, 141.6, 142.2, 141.6, 141.6, 142.1, 141.5, 140.8, 141.0, 141.3, 141.6, 141.0, 141.5, 141.9, 142.1, 141.0, 141.6, 140.8, 142.7, 141.0, 141.5, 142.8, 142.1, 142.2, 141.5, 142.3, 142.8, 142.2, 142.1, 141.9, 140.8, 141.7, 141.0, 142.2, 142.2, 142.2, 142.7, 141.3, 142.1, 142.1, 142.7, 142.1, 142.7, 142.7, 142.2, 142.1, 142.7, 142.8, 142.5, 142.3, 142.7, 142.5, 141.5, 142.2, 142.1, 142.5, 141.9, 142.8, 142.7, 142.5, 142.7, 142.1, 142.1, 142.7, 141.9, 142.1, 142.8, 142.1, 142.5, 141.9, 142.5, 142.1, 142.8, 142.8, 142.3, 142.5, 142.4, 142.7, 142.1, 142.1, 142.1, 141.9, 142.1, 142.1, 142.1, 142.7, 142.1, 142.5, 141.5, 141.9, 142.7, 142.1, 142.1, 142.1, 141.9, 141.9, 141.9, 141.3, 142.4, 141.9, 141.3, 141.9, 142.8, 141.9, 142.8, 142.7, 142.1, 142.1, 142.1, 142.4, 142.3, 142.8, 142.8, 142.2, 142.7, 142.8, 142.7, 142.1, 141.9, 141.9, 141.9, 142.1, 142.7, 142.7, 142.7, 142.8, 143.4, 142.8, 142.8, 142.9, 142.8, 142.8, 142.8, 141.9, 141.8, 142.7, 143.2, 143.4, 143.3, 143.4, 143.3, 142.8, 142.7, 142.7, 143.2, 141.8, 143.3, 143.0, 143.8, 143.2, 143.2, 143.2, 143.8, 144.3, 143.3, 143.8, 143.0, 143.0, 143.9, 143.3, 143.8, 143.7, 144.4, 143.8, 144.5, 143.3, 143.4, 143.8, 143.8, 143.0, 142.9, 142.3, 143.2, 143.3, 143.3, 143.8, 142.7, 144.0, 143.2, 143.9, 143.8, 143.2, 143.2, 143.7, 143.8, 144.3, 144.4, 143.9, 144.3, 143.9, 143.4, 143.3, 143.8, 144.1, 143.3, 143.0, 144.0, 143.9, 143.9, 144.5, 143.4, 143.2, 144.5, 143.9, 143.8, 144.5, 143.8, 144.6, 144.0, 144.6, 143.7, 143.8, 143.8, 143.7, 143.8, 143.2, 144.0, 145.4, 143.9, 144.0, 144.6, 144.4, 144.5, 143.4, 143.9, 144.5, 144.5, 144.4, 144.0, 144.0, 144.5, 144.5, 145.2, 143.9, 144.4, 144.8, 143.4, 144.3, 144.5, 144.5, 145.2, 144.5, 145.2, 144.6, 145.2, 144.6, 144.5, 144.0, 144.5, 144.5, 144.6, 143.8, 144.6, 144.5, 144.6, 144.3, 144.5, 144.4, 143.8, 144.5, 144.5, 144.4, 144.3, 143.7, 143.9, 143.7, 143.8, 145.1, 144.9, 145.2, 145.2, 144.5, 144.5, 144.4, 145.2, 144.6, 143.4, 144.8, 144.6, 144.8, 144.4, 144.0, 143.8, 143.9, 144.4, 143.9, 143.8, 143.8, 143.0, 143.2, 143.8, 143.8, 143.7, 142.9, 143.8, 144.9, 143.7, 143.7, 144.4, 144.8, 144.5, 143.7, 144.5, 144.4, 143.7, 143.8, 144.3, 143.2, 143.7, 144.5, 144.3, 142.9, 143.7, 143.7, 143.5, 143.7, 143.7, 143.0, 144.3, 143.4, 143.5, 143.5, 142.9, 144.2, 144.8, 144.8, 145.1, 144.9, 144.3, 145.5, 144.2, 143.7, 144.2, 144.1, 144.3, 144.3, 145.1, 144.2, 143.0, 144.4, 144.3, 144.2, 144.3, 144.9, 144.4, 145.1, 145.4, 144.4, 144.7, 144.9, 145.1, 145.6, 145.7, 145.7, 145.2, 145.2, 145.1, 144.5]"
4,"[145.6, 146.9, 146.1, 145.8, 144.1, 143.2, 144.0, 144.3, 144.4, 144.4, 145.6, 145.5, 145.0, 145.5, 145.6, 145.5, 145.0, 146.0, 145.5, 144.5, 145.4, 145.1, 145.2, 144.5, 145.1, 145.0, 144.8, 145.1, 145.6, 145.6, 145.0, 145.1, 145.6, 145.5, 145.1, 145.5, 145.0, 145.5, 145.6, 144.5, 145.0, 145.5, 144.5, 145.1, 144.9, 144.4, 144.9, 145.0, 144.3, 144.8, 145.5, 145.5, 145.3, 144.8, 144.2, 144.2, 143.5, 142.8, 143.4, 143.9, 142.8, 144.1, 143.9, 144.0, 141.3, 141.3, 141.3, 143.3, 143.4, 142.8, 143.4, 144.0, 141.1, 142.5, 141.9, 142.0, 143.9, 142.0, 143.5, 142.8, 143.4, 144.0, 142.7, 144.0, 144.6, 143.5, 143.4, 144.1, 144.2, 143.8, 143.5, 143.5, 143.2, 144.3, 144.4, 143.8, 144.3, 144.8, 143.6, 144.2, 144.3, 144.7, 144.9, 143.8, 143.3, 143.8, 143.8, 143.8, 144.3, 145.0, 144.3, 145.0, 144.8, 146.1, 145.0, 146.1, 145.6, 145.6, 146.8, 146.7, 146.7, 146.8, 145.6, 145.7, 146.1, 145.0, 144.6, 144.2, 143.4, 142.8, 141.6, 140.2, 140.2, 141.8, 143.8, 143.0, 142.3, 142.5, 141.0, 141.8, 141.3, 142.7, 140.5, 141.2, 140.4, 140.1, 138.9, 140.7, 140.2, 140.1, 139.1, 139.9, 140.7, 140.0, 140.4, 140.2, 139.8, 139.2, 138.9, 139.6, 140.4, 140.2, 140.5, 142.4, 140.2, 139.7, 139.7, 140.2, 140.7, 140.2, 141.3, 140.7, 141.5, 141.5, 141.5, 140.8, 140.7, 141.3, 141.2, 140.5, 141.2, 141.8, 141.2, 141.3, 140.7, 141.3, 140.4, 140.1, 140.5, 139.9, 139.9, 139.5, 140.4, 140.4, 140.9, 140.9, 141.2, 140.7, 141.9, 141.2, 141.2, 140.1, 140.1, 140.5, 140.5, 141.2, 141.2, 140.7, 139.7, 138.9, 139.4, 139.0, 137.0, 138.0, 138.5, 138.7, 140.7, 139.8, 139.4, 138.5, 137.6, 137.6, 137.8, 137.4, 137.4, 136.5, 137.4, 138.3, 137.2, 138.0, 138.0, 138.3, 138.7, 137.4, 137.8, 137.6, 137.8, 137.2, 135.9, 135.9, 136.7, 138.0, 138.0, 138.2, 137.8, 138.7, 138.0, 138.7, 138.0, 138.0, 137.8, 138.7, 137.8, 138.0, 138.9, 138.2, 138.4, 138.9, 139.5, 139.5, 138.5, 139.0, 139.2, 140.0, 140.0, 140.0, 138.0, 137.2, 136.5, 135.2, 133.9, 132.4, 134.2, 135.4, 135.4, 135.4, 136.3, 136.7, 137.2, 137.2, 136.5, 136.1, 136.7, 135.9, 135.0, 135.2, 134.3, 135.0, 136.7, 136.7, 136.5, 136.1, 136.7, 137.4, 136.7, 137.6, 136.9, 136.7, 137.4, 137.4, 137.6, 137.4, 138.9, 138.7, 139.4, 139.5, 139.4, 139.8, 140.0, 139.5, 140.2, 140.4, 140.0, 140.2, 139.7, 138.9, 136.5, 136.3, 135.0, 133.7, 133.7, 131.9, 132.2, 131.0, 131.0, 132.2, 133.9, 136.1, 135.7, 133.9, 133.3, 134.2, 134.6, 135.4, 135.0, 135.4, 135.4, 135.0, 135.4, 136.1, 137.6, 137.4, 137.4, 137.4, 137.6, 136.7, 136.1, 137.2, 138.7, 139.5, 141.0, 139.5, 139.5, 138.5, 139.2, 138.3, 137.6, 135.8, 136.5, 135.9, 135.0, 134.7, 135.0, 135.9, 137.4, 136.3, 137.4, 137.4, 137.6, 137.6, 137.4, 138.0, 137.4, 137.4, 137.8, 136.5, 136.5, 136.5, 137.2, 136.5, 137.0, 138.3, 137.4, 137.8, 139.4, 139.8, 140.5, 141.2, 141.5, 140.7, 140.7, 141.4, 140.7, 137.8, 136.1, 137.0, 137.0, 138.0, 138.2, 138.2, 138.2, 137.2, 137.2, 137.6, 137.0, 137.6, 137.2, 137.0, 137.8, 138.0, 137.4, 137.6, 138.0, 138.9, 138.7, 138.7, 138.7, 138.0, 137.2, 136.7, 136.5, 138.0, 137.8, 136.3, 137.2, 136.7, 136.3, 136.3, 138.0, 138.2, 137.6, 136.7, 136.7, 137.4, 137.4, 138.0, 137.8, 138.5, 138.0, 137.4, 137.4, 138.0, 137.0, 137.0, 137.4, 135.8, 136.1, 136.1, 136.5, 137.6, 136.5, 137.2, 138.1, 138.6, 139.2, 140.0, 140.5, 140.7, 140.5, 140.3, 139.7, 139.8, 139.7, 140.3, 140.5, 141.9, 141.4, 141.2, 141.4, 140.7, 139.0, 138.5, 138.2, 138.0, 138.7, 140.0, 139.2, 140.7, 140.9, 140.7, 142.2, 141.4, 140.5, 142.0, 140.7, 140.2, 140.0, 141.5, 140.4, 141.0, 140.7, 141.5, 141.7, 141.7, 141.7, 141.7, 140.4, 141.5, 141.2, 140.7, 140.2, 141.0, 140.7, 140.2, 140.1, 140.4, 140.2, 139.8, 140.1, 140.2, 140.9, 140.7, 141.3, 139.9, 141.0, 140.4, 140.2, 141.0, 140.2, 140.2, 139.5, 138.7, 138.5, 140.0, 140.2, 140.7, 139.4, 139.7, 139.0, 138.5, 139.2, 138.5, 138.3, 138.3, 138.3, 138.5, 139.0, 139.2, 140.7, 140.9, 140.7, 140.5, 139.0, 138.6, 138.1, 138.1, 137.4, 138.1, 137.4, 137.2, 139.2, 139.2, 137.6, 138.5, 138.3, 138.3, 139.2, 140.7, 140.7, 139.7, 140.7, 141.2, 140.7, 140.5, 140.1, 139.4, 140.5, 139.9, 140.2, 140.4, 140.0, 140.5, 139.8, 140.0, 140.0, 140.4, 141.0, 141.2, 140.5, 139.7, 139.9, 140.5, 138.8, 140.2, 140.2, 139.4, 139.4, 140.9, 140.9, 140.4, 140.5, 140.5, 139.7, 138.0, 138.7, 138.2, 138.5, 138.5, 137.8, 139.0]"
4,"[145.1, 145.9, 146.0, 144.0, 142.6, 143.7, 143.3, 143.1, 144.3, 145.1, 145.1, 144.5, 145.0, 145.0, 144.4, 144.3, 144.4, 145.6, 146.6, 145.5, 146.7, 146.1, 146.7, 146.1, 146.0, 145.1, 146.2, 145.5, 146.8, 146.2, 146.8, 146.7, 146.7, 146.2, 146.8, 146.1, 146.6, 145.5, 146.1, 146.2, 145.5, 145.5, 146.1, 146.1, 145.5, 146.1, 146.0, 146.7, 146.1, 146.8, 146.2, 146.2, 147.2, 146.6, 147.3, 147.2, 146.0, 146.7, 146.6, 146.7, 146.1, 146.7, 146.1, 146.7, 146.7, 147.2, 146.7, 147.4, 147.2, 147.3, 146.2, 146.6, 145.5, 146.1, 146.1, 145.5, 146.1, 146.1, 146.6, 146.2, 146.1, 146.2, 145.5, 146.8, 144.9, 145.6, 146.2, 146.2, 146.0, 145.5, 145.6, 144.9, 145.9, 145.9, 145.4, 142.5, 142.2, 141.6, 141.0, 141.5, 141.5, 139.6, 140.2, 141.1, 141.1, 142.5, 141.0, 141.6, 140.5, 140.4, 140.8, 141.7, 141.0, 141.0, 141.6, 140.8, 140.8, 141.7, 141.9, 140.8, 142.1, 141.0, 139.0, 139.5, 139.6, 140.5, 140.5, 140.4, 139.8, 139.6, 140.9, 140.4, 141.5, 140.7, 140.9, 140.2, 140.7, 139.4, 140.2, 140.1, 139.4, 140.2, 139.0, 139.6, 140.2, 140.1, 139.6, 139.6, 140.2, 141.3, 142.1, 140.7, 141.5, 140.8, 140.7, 141.2, 140.1, 139.6, 140.2, 140.9, 140.9, 140.5, 139.9, 139.7, 140.2, 139.1, 139.6, 140.2, 140.5, 140.5, 139.8, 141.2, 140.5, 141.2, 141.0, 140.2, 140.9, 140.1, 140.9, 140.9, 140.5, 139.5, 140.0, 139.4, 140.5, 140.7, 142.1, 141.2, 142.1, 142.3, 143.1, 142.9, 143.1, 142.9, 143.2, 142.2, 141.0, 141.3, 141.9, 142.0, 141.6, 140.8, 140.8, 140.7, 141.3, 141.9, 141.0, 141.7, 141.9, 139.8, 141.7, 140.4, 141.7, 141.0, 141.1, 139.0, 139.6, 139.3, 139.6, 139.1, 139.1, 139.9, 139.3, 138.7, 139.9, 139.9, 139.5, 139.5, 140.1, 140.7, 141.3, 139.9, 140.5, 139.8, 140.1, 139.3, 139.5, 139.8, 140.2, 141.3, 140.8, 140.8, 142.2, 141.5, 140.2, 141.5, 141.5, 141.5, 140.8, 140.8, 141.1, 140.1, 142.3, 141.0, 139.6, 141.3, 141.3, 141.4, 140.4, 140.8, 139.9, 139.8, 140.2, 140.7, 140.7, 140.7, 141.8, 141.2, 141.3, 141.8, 141.2, 142.0, 141.3, 140.7, 140.7, 140.1, 140.7, 139.9, 140.7, 140.1, 140.5, 139.9, 140.5, 141.2, 140.5, 140.7, 140.5, 139.9, 140.5, 140.4, 139.5, 139.9, 140.7, 140.1, 140.5, 139.9, 139.4, 140.2, 140.0, 138.2, 137.8, 137.4, 138.9, 140.4, 139.5, 139.2, 139.5, 139.9, 140.5, 142.5, 142.1, 142.8, 141.9, 141.9, 141.8, 142.0, 140.4, 139.5, 138.2, 138.9, 136.5, 138.0, 138.9, 137.6, 138.7, 138.7, 138.9, 138.2, 138.2, 138.2, 139.4, 139.9, 139.5, 140.4, 139.5, 140.4, 139.5, 138.4, 137.4, 138.5, 138.7, 138.0, 138.9, 139.1, 138.9, 140.4, 141.2, 143.4, 141.8, 142.1, 140.9, 141.0, 141.3, 140.5, 140.4, 141.2, 139.9, 139.5, 138.0, 137.4, 138.0, 137.8, 137.0, 137.6, 137.4, 136.5, 137.0, 137.6, 137.4, 136.7, 137.8, 137.2, 139.8, 140.2, 141.7, 141.8, 140.5, 142.0, 141.0, 141.0, 140.2, 138.5, 138.5, 136.7, 137.8, 138.9, 138.0, 137.4, 138.7, 137.4, 138.7, 138.0, 138.5, 138.7, 138.0, 138.9, 137.2, 137.8, 137.8, 138.4, 138.9, 138.0, 138.0, 137.8, 137.8, 138.0, 137.4, 138.2, 137.8, 138.4, 137.6, 138.4, 138.2, 137.4, 137.8, 138.2, 137.8, 138.7, 138.0, 138.9, 139.1, 140.2, 139.5, 139.5, 139.1, 138.4, 138.0, 138.9, 138.0, 137.4, 138.0, 137.8, 137.8, 137.8, 138.0, 137.6, 138.2, 137.8, 139.1, 138.9, 138.2, 138.0, 138.2, 138.2, 138.9, 137.4, 137.4, 138.2, 138.5, 138.7, 139.4, 139.2, 140.9, 140.0, 139.7, 140.2, 140.4, 140.4, 139.9, 140.1, 139.6, 140.1, 140.1, 139.9, 139.2, 139.9, 140.5, 140.1, 139.9, 139.5, 139.1, 138.5, 139.4, 140.2, 139.5, 140.0, 139.5, 139.7, 138.7, 138.0, 139.4, 139.4, 139.7, 140.2, 139.5, 139.5, 139.5, 139.5, 138.7, 140.2, 140.2, 139.4, 140.0, 140.2, 138.9, 140.2, 138.7, 140.2, 140.2, 138.9, 139.4, 137.8, 137.8, 139.7, 138.9, 138.7, 138.7, 139.5, 139.7, 139.0, 139.2, 139.5, 140.2, 140.0, 140.2, 139.5, 139.5, 140.0, 140.0, 139.4, 139.4, 139.2, 139.8, 140.2, 140.2, 140.0, 139.2, 139.2, 138.7, 138.9, 137.8, 137.6, 137.6, 137.4, 137.6, 138.5, 139.0, 138.5, 138.3, 139.0, 139.2, 139.8, 139.8, 140.0, 140.0, 140.2, 140.7, 140.9, 140.9, 140.4, 140.0, 139.4, 140.4, 139.4, 139.4, 139.5, 139.5, 139.5, 140.2, 139.4, 140.2, 140.0, 139.1, 139.4, 139.5, 139.2, 138.7, 140.0, 139.5, 139.4, 140.2, 140.7, 140.9, 140.2, 141.0, 140.9, 140.2, 140.4, 140.2, 140.9, 140.2, 141.3, 140.5, 139.9, 139.5, 138.9, 139.7, 140.2, 139.4, 139.2, 139.7, 139.2, 138.0, 139.5, 139.5, 138.9, 138.6, 140.1, 140.2, 140.1]"
4,"[142.1, 141.0, 141.7, 140.1, 137.9, 138.4, 138.1, 138.9, 140.2, 140.4, 141.0, 140.4, 140.0, 140.8, 140.0, 140.1, 140.0, 139.8, 139.8, 139.2, 140.0, 140.0, 139.0, 139.8, 139.6, 139.6, 140.5, 140.1, 141.1, 141.1, 139.6, 140.4, 140.5, 141.3, 141.1, 139.5, 140.2, 140.2, 140.4, 140.4, 141.1, 139.8, 142.5, 141.1, 142.0, 142.7, 142.7, 142.6, 140.5, 140.5, 141.1, 141.4, 140.0, 141.4, 142.3, 141.8, 141.4, 141.7, 140.0, 141.6, 141.6, 141.4, 142.3, 141.6, 141.6, 140.3, 142.5, 143.1, 142.8, 142.3, 142.4, 142.3, 141.3, 141.6, 141.3, 141.6, 141.4, 141.7, 142.1, 142.7, 142.1, 141.6, 142.1, 140.3, 142.3, 142.1, 142.1, 142.3, 141.4, 142.1, 142.0, 140.7, 142.1, 142.7, 141.6, 142.1, 141.7, 142.3, 142.3, 142.1, 140.7, 142.8, 141.9, 141.0, 139.6, 141.1, 139.8, 140.2, 139.8, 140.4, 139.6, 139.8, 140.5, 140.1, 140.0, 140.5, 140.4, 141.1, 140.5, 141.3, 140.5, 140.7, 140.5, 140.7, 139.8, 138.5, 136.5, 136.5, 137.1, 137.1, 137.5, 137.1, 139.0, 138.0, 136.5, 136.7, 137.1, 137.5, 138.0, 136.9, 137.5, 137.3, 137.3, 138.2, 138.2, 137.7, 138.3, 136.7, 137.3, 137.3, 138.2, 137.3, 136.9, 136.9, 136.9, 137.5, 137.7, 137.5, 137.3, 137.1, 137.7, 138.6, 137.3, 138.0, 138.0, 139.0, 139.0, 138.3, 137.5, 138.0, 138.2, 137.6, 138.3, 138.5, 139.2, 138.6, 139.0, 140.7, 138.8, 140.1, 138.8, 140.1, 140.2, 140.1, 140.1, 140.4, 139.3, 139.5, 139.6, 138.4, 137.7, 137.7, 137.7, 136.3, 136.3, 137.7, 138.0, 138.0, 137.8, 137.6, 138.6, 139.7, 140.5, 140.5, 139.6, 139.6, 139.6, 140.4, 139.9, 139.9, 140.2, 140.2, 139.6, 141.7, 141.0, 140.7, 140.1, 140.1, 141.7, 140.2, 139.5, 140.2, 140.1, 139.3, 140.7, 139.4, 139.1, 138.2, 138.2, 138.8, 139.6, 139.4, 140.7, 140.1, 140.2, 139.7, 139.1, 140.2, 139.5, 138.9, 139.8, 140.2, 140.9, 140.4, 140.5, 140.4, 141.6, 140.2, 140.2, 139.8, 140.7, 141.3, 140.1, 140.7, 140.7, 140.7, 141.9, 140.7, 140.5, 141.2, 141.2, 141.2, 141.3, 142.1, 140.7, 142.1, 141.0, 142.5, 141.9, 141.9, 140.9, 141.0, 140.4, 139.1, 140.9, 140.1, 140.4, 140.4, 139.9, 141.3, 140.5, 140.8, 141.3, 140.2, 140.5, 140.1, 140.2, 140.7, 140.2, 140.2, 140.2, 140.8, 140.8, 140.2, 140.2, 140.7, 140.1, 140.1, 140.8, 140.1, 140.2, 140.8, 140.1, 140.1, 141.0, 140.1, 140.2, 141.5, 141.5, 141.3, 140.8, 141.3, 141.3, 141.6, 142.3, 141.6, 141.5, 140.7, 141.5, 140.5, 142.2, 142.1, 141.3, 141.5, 141.5, 140.7, 141.5, 141.2, 140.7, 140.8, 140.2, 141.0, 141.9, 141.6, 140.7, 140.8, 141.3, 139.9, 140.5, 139.8, 139.3, 138.7, 138.7, 139.3, 140.1, 138.7, 139.1, 138.3, 138.7, 138.9, 139.1, 140.1, 138.5, 139.1, 139.6, 140.1, 139.7, 139.7, 140.0, 140.2, 140.0, 139.5, 140.0, 140.2, 139.4, 138.5, 137.0, 136.5, 135.4, 135.4, 135.9, 135.6, 135.6, 135.0, 134.3, 135.0, 135.2, 135.6, 137.0, 136.5, 136.5, 136.5, 135.6, 136.1, 135.6, 135.9, 135.0, 134.7, 133.4, 132.5, 132.8, 132.2, 131.5, 130.6, 130.6, 132.2, 131.5, 130.6, 131.0, 130.6, 129.7, 129.8, 129.1, 128.8, 129.5, 131.0, 133.1, 132.7, 131.3, 131.0, 129.8, 129.1, 128.8, 128.5, 128.2, 127.3, 128.5, 127.3, 127.6, 128.5, 127.5, 127.3, 127.6, 126.7, 128.2, 130.3, 129.7, 129.7, 128.8, 129.4, 128.8, 127.6, 127.9, 128.8, 127.9, 126.7, 127.0, 128.5, 127.6, 127.3, 128.5, 126.4, 127.0, 127.3, 126.7, 128.5, 127.6, 125.7, 126.4, 126.7, 127.3, 126.7, 127.0, 125.2, 126.1, 128.2, 128.2, 128.2, 127.9, 125.8, 127.3, 127.0, 126.1, 124.5, 124.8, 125.1, 124.7, 124.7, 124.5, 124.7, 124.1, 127.9, 126.4, 126.1, 126.1, 125.1, 124.5, 124.1, 124.7, 124.1, 126.1, 124.6, 124.5, 124.7, 124.2, 125.1, 123.4, 124.7, 125.3, 125.1, 124.5, 124.5, 124.5, 124.7, 124.7, 125.7, 123.2, 124.4, 123.2, 124.7, 124.8, 124.1, 124.2, 126.1, 123.2, 124.7, 124.8, 124.1, 125.2, 124.1, 124.1, 125.7, 124.5, 124.1, 124.6, 124.2, 125.4, 123.8, 124.8, 124.7, 125.2, 124.8, 125.1, 125.7, 124.5, 125.4, 125.1, 124.7, 125.7, 126.1, 123.6, 125.7, 125.2, 124.8, 124.5, 125.4, 124.5, 126.4, 127.3, 125.7, 126.1, 126.7, 126.3, 126.6, 124.7, 124.7, 124.1, 125.1, 124.7, 124.7, 124.7, 123.8, 124.5, 124.7, 125.2, 125.4, 125.2, 124.8, 124.5, 123.2, 124.2, 124.6, 124.2, 123.2, 124.4, 123.2, 123.9, 124.6, 124.7, 125.1, 126.1, 125.5, 125.2, 127.0, 128.8, 127.3, 128.5, 126.4, 126.7, 125.7, 124.0, 125.5, 124.4, 124.9, 124.8, 123.9, 124.6, 124.8, 124.1, 124.2, 124.8, 124.1, 124.7, 124.8, 124.8, 124.8, 123.5, 124.2, 124.2, 125.5]"
4,"[147.4, 145.2, 145.8, 144.8, 144.7, 143.5, 143.8, 144.0, 144.5, 144.6, 144.8, 144.9, 144.3, 144.1, 144.3, 144.9, 144.9, 144.3, 145.6, 145.5, 145.0, 145.5, 145.0, 145.6, 144.9, 145.6, 144.8, 144.1, 144.9, 144.9, 145.5, 144.8, 145.3, 144.1, 144.3, 144.3, 144.1, 144.3, 144.1, 143.5, 144.4, 144.3, 144.3, 144.1, 145.4, 145.0, 144.4, 145.0, 144.9, 145.6, 145.0, 144.3, 145.4, 145.4, 145.3, 145.3, 145.4, 145.4, 145.4, 144.1, 144.1, 144.9, 144.9, 144.3, 144.4, 144.9, 145.5, 144.1, 144.9, 144.3, 144.9, 145.4, 144.4, 145.0, 145.1, 145.1, 145.0, 145.0, 145.5, 145.0, 145.6, 144.9, 145.0, 144.9, 145.0, 144.9, 145.0, 145.8, 145.0, 145.6, 144.5, 145.7, 144.1, 144.9, 144.3, 144.8, 144.6, 144.1, 143.9, 145.4, 144.6, 144.8, 144.1, 144.1, 144.1, 144.0, 143.5, 142.9, 144.1, 143.4, 142.9, 143.1, 142.8, 142.9, 142.8, 142.3, 142.5, 142.9, 142.8, 141.6, 142.5, 142.3, 142.3, 142.8, 142.2, 142.9, 142.1, 141.7, 140.8, 142.2, 141.7, 141.0, 141.6, 141.3, 140.5, 139.8, 141.0, 140.9, 140.5, 141.2, 140.2, 140.2, 140.4, 140.4, 140.2, 140.2, 140.4, 141.0, 140.2, 141.2, 141.3, 140.9, 141.0, 141.2, 141.8, 141.8, 141.3, 141.0, 141.8, 141.8, 141.2, 142.1, 141.5, 141.5, 141.3, 140.8, 141.5, 140.8, 142.4, 140.8, 140.5, 141.3, 141.3, 141.7, 141.5, 141.0, 141.2, 141.2, 141.3, 141.5, 141.5, 141.3, 142.0, 141.8, 141.8, 142.1, 141.6, 141.5, 141.5, 141.2, 141.7, 141.0, 141.5, 140.2, 139.5, 139.5, 140.0, 141.5, 140.4, 139.9, 140.1, 140.2, 140.4, 141.8, 141.2, 141.3, 140.5, 141.5, 141.2, 141.3, 141.8, 141.3, 140.7, 141.9, 141.2, 141.8, 141.8, 141.2, 141.9, 141.2, 141.9, 141.9, 141.9, 141.2, 141.3, 139.5, 140.5, 140.8, 141.3, 140.5, 140.7, 140.1, 140.1, 139.5, 140.7, 142.1, 140.1, 141.3, 142.8, 142.8, 141.3, 140.8, 140.8, 141.3, 139.5, 140.1, 140.1, 139.9, 139.9, 139.8, 140.5, 139.8, 139.9, 139.1, 139.1, 140.5, 139.9, 141.0, 141.0, 139.8, 140.4, 139.6, 140.4, 139.6, 139.9, 140.1, 139.8, 139.8, 139.3, 139.3, 139.5, 140.7, 140.1, 140.1, 142.1, 139.9, 141.2, 140.4, 140.7, 140.5, 140.4, 139.9, 140.1, 140.5, 139.9, 141.2, 140.5, 139.3, 139.8, 139.9, 140.5, 139.9, 139.8, 139.8, 140.7, 139.9, 139.8, 140.5, 141.0, 141.6, 141.2, 140.5, 141.2, 141.8, 141.6, 141.8, 140.5, 140.7, 141.3, 140.5, 140.7, 142.4, 140.7, 141.2, 141.3, 142.1, 141.3, 141.5, 141.3, 141.9, 140.7, 141.2, 141.9, 141.9, 142.1, 141.3, 141.3, 142.1, 142.1, 142.1, 141.5, 141.6, 141.6, 142.2, 141.6, 142.8, 142.2, 142.2, 142.8, 143.4, 143.3, 142.7, 142.7, 141.9, 142.1, 142.8, 142.2, 142.2, 142.8, 143.4, 142.2, 142.1, 143.4, 142.1, 142.8, 142.7, 142.7, 143.3, 142.7, 142.2, 142.8, 143.4, 143.5, 142.9, 142.8, 142.2, 142.8, 142.8, 143.3, 142.8, 142.8, 143.3, 142.2, 142.8, 142.1, 142.2, 142.8, 142.2, 142.2, 143.4, 143.3, 143.4, 143.5, 143.4, 144.0, 143.4, 142.8, 142.8, 142.8, 142.2, 142.7, 142.3, 142.8, 143.5, 142.8, 142.8, 142.7, 142.8, 142.1, 142.8, 141.7, 141.5, 142.3, 142.8, 142.9, 143.5, 142.2, 142.8, 142.8, 142.1, 142.9, 142.9, 142.8, 142.9, 142.9, 141.6, 141.5, 141.3, 142.5, 142.7, 142.1, 142.2, 142.4, 141.9, 142.2, 142.1, 141.9, 142.5, 142.1, 142.4, 142.7, 141.5, 141.7, 141.5, 142.1, 141.7, 142.1, 142.2, 141.9, 142.1, 142.1, 142.2, 141.3, 142.2, 142.7, 142.2, 142.1, 142.1, 142.2, 142.1, 142.2, 142.7, 142.1, 142.8, 142.1, 142.8, 142.8, 142.1, 142.2, 142.1, 142.3, 142.2, 142.2, 142.9, 142.1, 142.8, 142.2, 142.3, 142.8, 142.2, 142.9, 142.3, 142.2, 142.8, 142.2, 141.5, 142.5, 141.5, 140.8, 142.2, 141.6, 141.7, 141.6, 141.6, 142.3, 142.3, 142.3, 141.6, 142.2, 142.7, 142.3, 142.9, 143.4, 142.8, 143.4, 142.9, 143.5, 142.9, 142.3, 142.3, 142.8, 142.7, 142.9, 142.3, 142.8, 142.9, 142.9, 142.9, 141.7, 142.9, 142.3, 142.2, 142.9, 143.5, 143.7, 143.5, 143.5, 142.8, 143.4, 142.8, 142.9, 142.9, 143.5, 142.8, 142.3, 142.2, 142.8, 142.8, 142.8, 142.9, 142.8, 142.7, 142.3, 142.9, 142.3, 143.1, 142.5, 142.9, 143.1, 142.8, 143.5, 142.2, 143.7, 142.9, 143.1, 142.9, 145.0, 142.9, 143.5, 143.1, 144.3, 144.4, 142.8, 144.3, 143.7, 143.7, 145.0, 143.5, 143.7, 143.5, 142.9, 143.7, 143.1, 143.1, 143.1, 143.5, 143.7, 143.7, 144.3, 143.7, 143.1, 143.5, 144.1, 144.1, 143.4, 142.7, 143.4, 144.6, 143.4, 144.3, 144.0, 143.4, 143.9, 144.6, 144.5, 144.4, 145.4, 143.3, 144.0, 143.3, 144.3, 143.4, 144.0, 144.6, 144.6, 144.0, 143.9, 143.9, 144.0, 144.0]"
4,"[145.7, 146.6, 145.8, 145.0, 143.7, 143.9, 145.8, 144.7, 146.1, 146.1, 146.1, 146.7, 146.1, 147.1, 146.8, 146.2, 145.5, 146.1, 147.3, 146.1, 145.6, 144.9, 145.4, 145.5, 145.5, 144.8, 145.4, 144.8, 145.6, 144.4, 144.9, 144.8, 145.5, 145.0, 145.5, 145.5, 145.5, 145.5, 145.0, 145.5, 144.9, 145.5, 144.9, 144.9, 145.9, 145.5, 145.5, 145.5, 144.9, 145.5, 145.4, 144.8, 144.4, 144.9, 144.3, 144.2, 144.9, 145.1, 144.9, 144.9, 143.6, 143.6, 143.2, 143.1, 143.3, 143.2, 143.2, 142.5, 142.5, 140.8, 142.4, 143.0, 143.5, 142.0, 142.4, 142.4, 143.6, 143.2, 143.2, 143.8, 143.1, 143.1, 143.1, 143.1, 143.1, 142.6, 143.4, 143.2, 143.4, 143.3, 143.9, 143.6, 143.8, 143.4, 143.1, 143.8, 143.8, 143.9, 143.9, 143.8, 143.3, 142.4, 143.5, 143.3, 142.6, 143.2, 143.8, 143.8, 146.0, 145.5, 145.0, 145.4, 144.9, 145.4, 145.5, 146.1, 144.8, 144.8, 146.0, 147.2, 146.0, 145.5, 146.6, 146.6, 146.1, 144.3, 142.3, 141.1, 142.3, 141.7, 142.3, 143.3, 142.3, 141.5, 139.9, 141.2, 140.7, 141.5, 141.0, 140.4, 141.9, 141.3, 140.5, 140.7, 139.6, 140.0, 139.4, 140.0, 141.6, 140.1, 140.8, 141.6, 140.1, 140.0, 140.0, 140.0, 139.8, 142.9, 142.1, 141.3, 141.2, 140.5, 140.4, 141.6, 142.3, 141.2, 139.4, 140.9, 141.0, 140.4, 140.4, 140.4, 140.4, 140.4, 140.4, 140.9, 140.9, 142.3, 140.7, 140.4, 141.2, 141.6, 140.4, 140.2, 138.8, 139.2, 139.1, 139.9, 139.2, 139.7, 139.4, 140.3, 139.8, 138.6, 137.9, 138.1, 138.5, 139.2, 139.8, 139.4, 140.4, 139.7, 140.1, 140.7, 139.1, 141.2, 140.5, 141.2, 141.2, 140.7, 140.5, 141.3, 140.8, 140.8, 140.4, 140.4, 141.7, 141.9, 141.8, 141.3, 140.7, 142.2, 141.5, 140.8, 140.1, 140.8, 140.7, 141.7, 140.1, 141.3, 141.2, 141.6, 141.6, 142.2, 143.1, 142.7, 140.8, 142.1, 141.0, 141.6, 141.3, 140.8, 140.7, 142.7, 141.9, 141.9, 141.5, 140.7, 140.7, 140.8, 140.7, 140.7, 140.7, 139.6, 139.6, 141.3, 141.5, 140.1, 140.5, 140.1, 140.1, 140.8, 140.7, 140.1, 140.7, 139.9, 140.7, 140.7, 139.8, 140.4, 139.0, 139.4, 139.6, 140.4, 140.2, 139.6, 139.8, 139.8, 139.9, 140.2, 140.4, 140.2, 139.8, 140.2, 139.6, 139.6, 139.9, 139.6, 139.4, 138.9, 140.0, 140.4, 140.5, 140.1, 140.1, 140.7, 140.9, 141.8, 141.2, 141.0, 141.0, 141.3, 140.7, 141.8, 140.2, 140.2, 139.2, 140.9, 140.7, 140.7, 140.7, 139.8, 140.7, 140.2, 139.5, 140.2, 140.9, 140.2, 140.2, 140.4, 140.2, 140.7, 140.9, 140.9, 140.9, 141.0, 140.2, 140.0, 139.0, 138.3, 138.3, 138.1, 138.3, 138.7, 139.4, 139.2, 139.7, 138.9, 138.9, 138.2, 138.9, 137.4, 137.4, 136.3, 136.5, 136.1, 136.3, 135.6, 136.7, 136.7, 136.5, 136.5, 136.5, 136.5, 136.5, 136.5, 136.5, 136.5, 137.4, 138.0, 137.8, 137.8, 137.4, 137.6, 136.5, 135.6, 135.4, 136.7, 136.3, 135.9, 135.4, 135.9, 135.0, 134.1, 135.0, 135.6, 135.4, 135.6, 135.9, 135.9, 135.9, 135.9, 134.5, 135.0, 135.6, 135.0, 135.6, 135.6, 136.5, 137.2, 136.7, 137.2, 137.0, 136.5, 137.2, 136.5, 136.5, 136.5, 136.5, 136.5, 135.9, 136.5, 136.7, 136.3, 135.6, 137.0, 136.3, 136.3, 136.3, 135.4, 135.4, 135.6, 137.0, 137.8, 137.8, 138.5, 137.8, 137.0, 138.0, 138.0, 138.0, 137.4, 138.2, 138.0, 138.5, 138.0, 138.0, 138.0, 137.2, 138.0, 136.9, 138.2, 138.9, 138.9, 138.9, 138.7, 139.2, 140.7, 141.4, 141.4, 139.8, 139.8, 138.1, 137.9, 138.1, 139.0, 138.8, 139.5, 139.5, 140.2, 139.3, 139.5, 140.2, 140.5, 140.5, 140.9, 140.0, 139.4, 138.9, 138.7, 138.2, 138.0, 139.4, 138.9, 137.2, 137.6, 140.4, 140.4, 139.1, 137.8, 138.7, 138.5, 138.3, 138.1, 137.6, 137.4, 137.4, 137.4, 137.6, 137.8, 138.5, 139.0, 139.8, 139.4, 139.8, 139.4, 139.8, 139.8, 139.8, 140.3, 140.5, 139.7, 139.4, 140.7, 140.5, 141.2, 140.7, 142.3, 142.2, 143.2, 142.6, 141.2, 142.0, 140.9, 141.7, 142.5, 141.3, 142.0, 141.0, 142.5, 140.4, 142.6, 141.8, 142.1, 142.3, 141.5, 142.5, 141.9, 143.3, 141.2, 142.1, 141.9, 141.3, 140.5, 141.9, 141.9, 143.0, 143.4, 143.4, 142.3, 142.1, 141.8, 142.3, 142.3, 141.6, 140.9, 141.5, 141.7, 141.7, 141.5, 140.0, 139.7, 139.7, 139.7, 139.4, 139.4, 139.4, 139.8, 140.0, 141.2, 141.2, 140.3, 141.2, 140.3, 141.2, 141.0, 141.4, 141.2, 140.5, 141.4, 141.5, 141.7, 141.5, 142.3, 141.8, 141.8, 142.0, 141.0, 142.0, 141.8, 141.2, 141.3, 140.4, 140.9, 141.5, 141.4, 141.8, 141.7, 140.9, 141.5, 142.3, 141.7, 141.2, 141.4, 141.2, 141.2, 141.5, 140.7, 140.7, 142.0, 142.2, 141.2, 139.7, 141.0, 142.0, 142.3, 142.2, 141.8, 141.8, 141.2]"
4,"[140.2, 141.6, 139.5, 138.7, 137.5, 137.3, 138.1, 138.3, 138.3, 138.4, 140.2, 138.3, 139.0, 140.4, 138.3, 139.0, 139.8, 138.4, 140.4, 139.0, 139.0, 138.4, 138.4, 139.0, 137.9, 137.9, 139.0, 138.9, 138.3, 138.4, 138.0, 138.9, 137.7, 138.5, 139.8, 140.2, 139.9, 139.1, 139.1, 139.1, 139.2, 139.2, 138.9, 139.7, 139.4, 139.4, 138.8, 138.6, 139.0, 138.6, 138.0, 139.1, 139.9, 139.5, 140.4, 138.9, 140.5, 139.9, 140.4, 140.9, 141.0, 140.9, 140.9, 140.2, 140.7, 139.7, 139.2, 140.2, 140.5, 141.2, 140.4, 140.5, 140.4, 140.4, 140.2, 139.4, 140.9, 141.5, 141.5, 140.2, 141.7, 141.2, 141.8, 143.2, 142.5, 142.5, 141.7, 141.3, 141.8, 141.8, 141.8, 141.2, 141.2, 142.3, 141.8, 141.2, 140.5, 140.4, 140.5, 140.7, 140.1, 138.9, 138.9, 139.0, 139.0, 140.2, 141.0, 140.7, 140.7, 142.0, 141.0, 140.7, 140.5, 140.4, 141.9, 141.1, 140.4, 140.4, 140.2, 139.9, 140.1, 139.2, 139.4, 140.5, 139.9, 139.2, 139.1, 139.2, 139.9, 138.6, 139.7, 140.9, 140.9, 139.9, 140.2, 140.7, 140.2, 140.5, 139.5, 139.7, 138.9, 140.4, 140.4, 140.4, 139.9, 139.7, 140.2, 140.9, 140.9, 140.2, 140.2, 140.9, 140.0, 140.0, 140.2, 140.7, 140.7, 140.0, 141.5, 140.9, 139.5, 140.5, 139.8, 139.8, 139.2, 139.0, 139.2, 140.2, 140.5, 140.0, 139.2, 138.8, 138.1, 136.3, 135.6, 135.6, 135.8, 135.4, 136.3, 134.3, 134.5, 134.5, 136.3, 136.3, 136.3, 137.6, 137.0, 136.7, 136.1, 135.2, 134.5, 137.4, 137.6, 137.4, 138.0, 137.8, 137.2, 137.8, 137.2, 135.2, 135.0, 133.8, 132.8, 132.5, 133.4, 135.0, 135.0, 135.0, 133.2, 133.8, 135.0, 134.1, 134.7, 132.9, 135.2, 135.6, 136.5, 138.0, 137.4, 138.3, 137.6, 138.1, 138.5, 139.8, 139.8, 138.8, 139.8, 139.0, 139.2, 138.7, 138.5, 138.5, 139.0, 140.5, 141.2, 140.3, 141.4, 140.7, 141.8, 141.2, 140.5, 140.8, 139.9, 140.1, 140.7, 140.8, 140.1, 140.8, 141.5, 139.9, 141.3, 142.5, 142.5, 141.0, 141.7, 141.9, 141.7, 141.7, 142.9, 142.5, 143.8, 142.7, 142.6, 142.7, 143.5, 142.8, 142.7, 143.5, 143.5, 143.5, 142.8, 143.3, 143.4, 143.4, 143.4, 143.4, 143.5, 143.0, 143.3, 142.7, 144.1, 143.5, 144.6, 143.5, 144.2, 143.1, 143.5, 144.7, 143.8, 144.2, 143.8, 144.1, 144.6, 143.4, 144.3, 144.1, 144.2, 144.2, 143.6, 144.7, 144.8, 144.1, 144.7, 144.1, 143.5, 145.3, 144.1, 143.5, 145.2, 144.6, 144.7, 144.1, 145.2, 144.8, 143.6, 144.8, 144.1, 144.1, 144.6, 144.1, 144.2, 144.1, 144.1, 144.0, 144.7, 144.6, 144.6, 144.0, 144.6, 144.7, 145.3, 144.7, 145.3, 144.6, 145.7, 144.6, 145.8, 145.2, 145.3, 144.6, 145.8, 145.8, 144.5, 145.8, 145.3, 145.2, 145.2, 144.7, 145.2, 145.2, 144.6, 145.1, 145.8, 144.6, 144.6, 144.6, 145.1, 144.6, 145.3, 145.2, 145.6, 144.1, 144.0, 146.2, 144.6, 145.2, 145.3, 145.3, 145.2, 145.2, 144.5, 145.2, 144.6, 144.6, 144.2, 144.6, 145.2, 144.7, 144.6, 144.7, 145.8, 144.1, 145.3, 144.7, 144.0, 143.9, 145.3, 143.8, 145.0, 144.1, 144.6, 145.2, 145.2, 145.3, 145.8, 145.8, 145.2, 145.8, 145.3, 145.3, 145.3, 145.3, 144.6, 145.1, 144.6, 144.5, 144.6, 144.6, 143.8, 144.7, 145.2, 144.6, 144.6, 145.2, 144.1, 144.0, 144.6, 144.6, 144.6, 144.6, 145.3, 145.8, 145.8, 145.8, 145.8, 145.8, 145.8, 145.4, 145.7, 145.7, 145.3, 145.8, 145.8, 144.7, 145.2, 144.1, 145.9, 144.7, 144.7, 144.8, 144.8, 145.4, 145.2, 145.3, 145.4, 144.8, 144.8, 145.2, 145.5, 145.4, 145.9, 145.9, 145.4, 145.4, 145.3, 145.9, 145.3, 145.4, 144.3, 145.4, 144.8, 144.7, 144.7, 143.5, 144.0, 144.2, 142.8, 143.5, 143.5, 144.1, 144.1, 144.1, 145.3, 144.1, 144.7, 144.7, 144.7, 144.6, 144.5, 143.1, 143.1, 143.9, 143.5, 142.3, 142.3, 143.1, 143.1, 143.5, 142.3, 143.7, 144.6, 145.2, 144.6, 144.5, 144.6, 144.6, 143.8, 144.3, 143.9, 144.4, 144.6, 144.7, 145.3, 145.2, 145.1, 144.6, 145.3, 145.2, 145.2, 145.2, 145.8, 144.6, 144.5, 145.8, 145.2, 145.1, 144.3, 145.1, 145.1, 145.2, 144.0, 143.9, 144.6, 143.9, 145.2, 143.9, 143.5, 144.4, 144.6, 145.2, 144.7, 144.5, 145.9, 145.8, 145.8, 145.3, 145.8, 145.9, 145.9, 145.8, 145.7, 145.7, 145.2, 145.1, 145.1, 144.4, 145.2, 145.7, 145.7, 144.6, 145.3, 145.2, 145.8, 145.2, 146.3, 145.8, 146.3, 145.3, 144.9, 145.7, 144.5, 145.1, 145.8, 144.6, 145.1, 145.8, 145.7, 146.3, 146.8, 146.2, 146.3, 145.5, 146.3, 146.9, 146.3, 145.7, 145.1, 145.8, 145.1, 146.3, 145.6, 145.6, 145.1, 145.5, 145.5, 145.7, 146.3, 145.6, 146.9, 145.7, 144.6, 146.3, 145.5, 145.5, 145.6, 144.9, 145.6, 144.9, 146.3, 145.7]"
4,"[144.3, 142.8, 143.3, 142.4, 141.1, 140.5, 142.8, 143.8, 143.9, 144.0, 143.1, 144.4, 144.9, 145.5, 144.9, 144.4, 144.5, 145.0, 144.4, 144.3, 144.3, 144.9, 144.9, 144.3, 144.8, 144.2, 144.3, 144.3, 145.5, 145.2, 144.9, 145.0, 145.1, 144.5, 145.1, 145.2, 145.6, 145.1, 145.1, 144.4, 145.7, 145.0, 145.1, 145.6, 145.1, 144.5, 145.0, 145.5, 145.1, 144.5, 145.0, 144.4, 145.1, 144.4, 144.5, 144.0, 144.3, 145.1, 145.0, 145.0, 145.5, 143.1, 144.4, 144.4, 145.0, 144.5, 144.4, 144.5, 144.3, 144.5, 144.4, 144.9, 145.5, 145.9, 146.2, 145.5, 145.5, 144.4, 144.8, 145.5, 145.4, 145.0, 145.5, 145.9, 145.9, 145.9, 146.1, 145.5, 145.4, 146.7, 145.9, 145.4, 144.9, 144.9, 143.8, 143.9, 144.3, 143.1, 143.6, 143.8, 143.4, 143.2, 142.5, 143.1, 142.8, 142.7, 142.6, 142.3, 142.3, 142.3, 142.8, 142.1, 142.3, 143.0, 142.3, 142.5, 142.8, 142.8, 142.4, 142.3, 142.4, 143.3, 143.1, 142.5, 142.3, 142.3, 140.8, 140.6, 141.6, 139.4, 138.3, 137.5, 138.5, 138.2, 139.6, 139.1, 140.2, 138.7, 139.2, 139.2, 139.6, 139.2, 139.7, 140.1, 140.4, 140.7, 140.1, 140.3, 139.7, 139.5, 140.1, 141.3, 140.3, 140.8, 140.4, 140.4, 141.0, 141.4, 141.0, 142.1, 141.7, 141.4, 142.3, 142.4, 141.7, 141.6, 139.4, 137.7, 138.5, 138.8, 137.3, 139.0, 139.4, 140.5, 141.6, 140.4, 141.1, 140.8, 141.0, 140.8, 140.3, 139.0, 138.2, 138.5, 138.0, 138.3, 139.4, 139.6, 139.4, 140.2, 139.1, 139.0, 138.5, 139.0, 140.1, 140.1, 140.2, 139.9, 140.5, 142.0, 141.3, 142.1, 140.9, 141.0, 140.9, 141.5, 140.9, 139.1, 140.4, 140.5, 141.3, 141.7, 141.7, 141.8, 141.2, 141.2, 139.9, 139.9, 140.4, 139.2, 139.4, 139.4, 138.7, 139.5, 140.9, 139.7, 140.5, 141.0, 139.5, 139.4, 139.8, 139.4, 137.6, 137.8, 137.8, 137.8, 138.7, 139.2, 138.0, 139.4, 138.5, 137.4, 138.3, 137.0, 135.2, 134.5, 134.7, 135.6, 135.6, 134.1, 134.1, 133.8, 133.8, 134.7, 134.5, 136.3, 134.5, 135.0, 134.5, 133.8, 133.8, 134.7, 135.6, 135.6, 134.7, 134.7, 133.8, 134.7, 133.8, 133.8, 132.9, 132.5, 131.9, 131.0, 131.6, 130.1, 131.5, 131.6, 131.9, 132.8, 134.3, 135.0, 133.4, 132.2, 132.5, 132.8, 132.5, 132.5, 131.9, 132.5, 131.6, 131.6, 131.0, 131.9, 131.6, 131.3, 131.0, 132.3, 131.6, 131.6, 131.0, 130.7, 131.6, 131.5, 131.9, 132.2, 131.8, 131.8, 130.6, 130.9, 131.5, 130.9, 131.4, 131.3, 131.2, 131.5, 131.0, 130.6, 131.3, 131.5, 131.5, 131.9, 131.9, 132.1, 131.5, 132.4, 131.5, 131.5, 132.7, 131.8, 132.7, 131.8, 131.2, 132.7, 130.9, 130.9, 130.8, 130.6, 131.8, 131.3, 131.8, 130.6, 131.4, 130.9, 131.8, 130.9, 130.9, 131.8, 131.8, 131.8, 131.3, 131.8, 131.5, 131.8, 131.2, 131.5, 132.1, 130.6, 132.2, 130.9, 131.2, 131.2, 131.5, 131.2, 130.9, 130.3, 130.0, 130.0, 128.8, 130.3, 131.2, 130.6, 131.4, 131.4, 130.8, 130.0, 129.7, 130.9, 129.7, 130.8, 131.4, 130.9, 130.2, 130.6, 130.3, 129.7, 130.0, 129.7, 131.2, 130.0, 130.6, 130.0, 131.4, 131.4, 130.3, 131.2, 130.8, 130.6, 131.2, 130.6, 130.6, 130.6, 130.6, 130.0, 130.0, 129.7, 128.8, 129.7, 128.8, 129.1, 130.1, 129.5, 128.5, 129.5, 129.5, 129.5, 129.8, 130.4, 130.0, 130.3, 130.4, 129.5, 129.1, 128.8, 128.8, 128.8, 128.8, 128.5, 129.1, 129.1, 129.5, 129.1, 129.5, 129.5, 130.7, 130.7, 131.3, 129.8, 130.7, 130.7, 131.0, 132.2, 133.9, 133.7, 135.2, 133.7, 134.3, 136.5, 138.1, 138.1, 136.7, 135.9, 134.6, 133.9, 132.2, 130.7, 130.1, 127.8, 129.1, 129.1, 129.2, 129.5, 130.2, 129.5, 130.1, 130.1, 129.5, 129.8, 130.1, 131.0, 131.0, 131.6, 131.0, 130.3, 130.7, 130.7, 131.3, 131.6, 132.8, 132.8, 132.8, 133.4, 132.8, 133.1, 131.5, 133.1, 134.3, 133.1, 133.4, 133.7, 133.9, 134.1, 131.5, 131.5, 131.0, 130.1, 131.1, 129.5, 130.8, 131.0, 131.0, 131.9, 133.4, 134.3, 134.3, 135.2, 133.7, 134.6, 134.6, 135.4, 134.6, 135.2, 135.6, 135.9, 136.7, 137.8, 137.8, 137.8, 139.0, 139.2, 139.8, 139.8, 137.4, 135.0, 134.6, 136.3, 135.4, 134.6, 134.6, 133.7, 133.7, 132.4, 130.7, 131.1, 130.1, 131.0, 130.7, 131.3, 131.0, 131.3, 131.3, 132.4, 132.8, 132.4, 132.7, 131.8, 131.6, 130.9, 131.3, 131.3, 131.0, 131.8, 132.4, 131.8, 131.6, 131.3, 130.6, 130.3, 130.0, 129.7, 131.0, 130.9, 131.5, 131.3, 131.0, 130.6, 130.3, 129.7, 130.1, 128.8, 128.8, 129.1, 129.1, 129.8, 130.7, 131.1, 129.8, 130.1, 129.1, 129.8, 128.2, 128.2, 128.2, 127.8, 126.9, 127.8, 126.9, 128.5, 128.2, 127.2, 127.2, 126.9, 126.2, 126.9, 126.9, 126.9, 126.2, 125.6, 125.6, 126.2]"
4,"[144.9, 143.3, 144.1, 144.8, 143.4, 142.3, 143.0, 143.5, 143.0, 143.2, 144.0, 143.5, 143.1, 143.5, 143.5, 144.1, 144.1, 144.1, 143.3, 143.4, 142.8, 142.9, 143.5, 144.1, 143.9, 144.0, 143.8, 142.7, 142.9, 144.0, 143.4, 144.8, 143.3, 143.3, 144.9, 143.4, 144.3, 143.3, 144.1, 144.1, 144.3, 143.5, 144.9, 145.4, 144.9, 145.5, 144.3, 144.1, 144.1, 144.9, 144.0, 144.8, 144.3, 144.0, 144.4, 144.9, 144.6, 144.1, 146.0, 144.3, 145.4, 144.4, 144.4, 145.6, 144.3, 145.0, 144.9, 144.8, 145.6, 145.2, 145.6, 145.8, 144.4, 145.3, 145.0, 145.6, 145.9, 145.7, 145.1, 145.0, 145.1, 145.1, 146.1, 145.6, 145.5, 145.0, 145.3, 144.9, 144.9, 144.9, 145.0, 144.5, 145.6, 144.9, 144.8, 144.3, 145.6, 145.6, 145.7, 144.9, 144.9, 146.1, 144.8, 146.1, 145.3, 145.4, 145.0, 144.3, 144.8, 145.5, 145.6, 144.3, 144.9, 144.9, 144.9, 145.0, 145.0, 145.6, 145.6, 144.9, 144.9, 145.5, 145.0, 145.0, 144.9, 145.0, 145.0, 143.8, 145.1, 144.4, 145.0, 144.9, 144.9, 144.3, 144.4, 144.3, 144.1, 144.9, 144.9, 144.4, 143.8, 144.9, 144.4, 144.3, 144.4, 143.8, 144.3, 143.5, 143.8, 143.7, 144.9, 145.1, 145.6, 145.6, 145.7, 145.0, 143.7, 145.0, 145.5, 144.8, 144.9, 144.9, 145.7, 144.9, 144.4, 144.1, 144.9, 143.5, 143.4, 144.4, 143.3, 144.3, 143.7, 144.4, 143.2, 144.3, 143.7, 143.2, 143.2, 143.8, 143.8, 144.2, 143.8, 142.4, 143.7, 142.9, 143.5, 142.9, 143.8, 143.2, 143.2, 144.5, 144.3, 144.6, 144.6, 144.5, 144.5, 144.8, 144.8, 144.8, 144.9, 144.1, 143.4, 143.7, 143.4, 144.6, 143.4, 143.9, 143.5, 143.9, 144.0, 143.3, 143.9, 144.0, 143.3, 143.4, 144.8, 144.0, 143.4, 142.8, 142.2, 141.8, 141.9, 142.5, 142.1, 141.9, 142.7, 141.9, 141.8, 142.9, 141.9, 141.6, 141.7, 141.9, 142.3, 141.9, 142.5, 142.2, 142.5, 142.5, 142.6, 142.1, 142.7, 142.6, 142.6, 143.2, 143.2, 142.7, 142.3, 142.7, 143.3, 142.7, 142.7, 143.1, 143.3, 143.3, 142.7, 143.3, 144.0, 143.9, 143.4, 143.4, 143.4, 143.4, 143.8, 143.4, 143.9, 144.6, 144.0, 144.4, 145.4, 144.7, 144.1, 142.0, 141.7, 141.0, 139.4, 140.5, 141.0, 140.2, 141.6, 141.6, 141.7, 140.1, 140.7, 140.2, 140.2, 139.6, 140.8, 140.7, 140.2, 142.1, 141.7, 142.2, 143.1, 142.5, 142.2, 142.2, 142.3, 142.8, 142.9, 143.5, 142.9, 142.5, 142.5, 142.8, 141.9, 141.8, 141.3, 141.5, 140.4, 139.8, 140.2, 140.4, 139.8, 140.8, 140.1, 141.0, 141.5, 141.7, 142.2, 141.9, 142.5, 142.3, 141.7, 142.9, 142.2, 142.9, 142.3, 143.1, 143.2, 143.7, 143.7, 143.1, 143.8, 144.1, 144.4, 143.2, 143.8, 143.9, 143.2, 143.8, 143.9, 143.9, 143.2, 143.8, 143.7, 143.8, 144.4, 143.9, 143.1, 143.2, 144.5, 143.8, 144.4, 144.4, 144.4, 144.4, 144.5, 144.0, 144.4, 144.5, 143.3, 143.3, 143.9, 143.2, 143.9, 143.3, 143.4, 143.9, 143.9, 143.8, 143.4, 143.9, 143.8, 143.9, 143.2, 143.9, 143.3, 143.2, 143.3, 143.3, 143.9, 144.0, 143.9, 143.3, 143.8, 143.9, 143.2, 143.7, 144.3, 143.8, 144.4, 143.9, 144.4, 143.8, 144.4, 143.9, 143.2, 143.2, 143.8, 144.3, 143.8, 142.8, 144.1, 142.3, 143.3, 143.5, 143.5, 142.8, 142.9, 144.3, 144.9, 143.4, 144.0, 142.7, 143.7, 144.0, 143.5, 144.0, 144.3, 144.4, 144.0, 143.7, 144.6, 144.0, 144.6, 143.0, 143.3, 143.3, 143.0, 141.8, 143.0, 143.0, 142.1, 142.3, 142.9, 142.3, 143.3, 143.4, 142.8, 142.9, 141.6, 141.6, 142.1, 142.9, 143.0, 143.7, 143.5, 143.7, 143.5, 142.9, 142.8, 142.8, 141.5, 142.9, 142.3, 141.6, 142.9, 142.1, 142.6, 141.5, 142.1, 141.5, 141.6, 142.9, 142.1, 142.9, 142.1, 141.5, 142.8, 142.1, 142.0, 142.3, 142.1, 141.3, 142.4, 142.1, 141.6, 141.3, 142.1, 142.3, 142.3, 141.3, 141.3, 142.1, 140.5, 141.3, 141.5, 141.3, 142.6, 142.1, 141.3, 142.0, 141.3, 141.8, 142.3, 142.3, 143.5, 142.9, 142.7, 142.4, 141.8, 143.8, 143.0, 141.5, 142.5, 143.7, 143.8, 143.5, 143.3, 144.6, 144.0, 144.4, 144.0, 143.8, 143.8, 143.7, 143.8, 143.2, 144.5, 143.0, 143.9, 145.1, 143.8, 143.3, 143.3, 143.4, 142.3, 142.1, 142.7, 141.9, 141.9, 141.8, 141.6, 141.5, 142.4, 142.4, 141.0, 140.4, 140.9, 140.2, 141.5, 141.6, 141.6, 140.9, 141.5, 141.0, 140.4, 142.1, 141.6, 141.8, 142.4, 141.2, 141.8, 141.9, 142.7, 142.5, 142.3, 141.6, 141.8, 141.8, 141.6, 141.9, 142.7, 142.7, 142.8, 143.3, 142.9, 142.9, 142.5, 142.7, 142.7, 142.2, 142.5, 143.3, 141.9, 142.8, 141.8, 142.5, 142.2, 143.4, 142.8, 142.8, 143.2, 141.9, 142.7, 142.5, 143.2, 142.5, 142.4, 142.4, 142.5, 142.4, 142.5, 143.0, 142.7, 143.2, 143.2, 142.7]"
5,"[155.8, 157.5, 157.5, 157.8, 157.7, 155.4, 154.6, 157.0, 158.0, 157.4, 158.4, 157.8, 157.2, 158.6, 158.0, 158.0, 158.2, 157.8, 157.7, 157.8, 158.6, 158.0, 158.2, 158.8, 158.5, 159.0, 157.4, 159.0, 158.2, 157.8, 158.0, 160.4, 158.6, 158.6, 158.8, 160.5, 160.4, 160.4, 160.8, 160.4, 160.2, 158.4, 159.8, 157.8, 158.8, 159.0, 158.2, 159.4, 159.0, 158.4, 159.0, 159.7, 159.6, 159.3, 159.0, 161.4, 159.5, 158.2, 158.6, 158.6, 158.8, 158.0, 161.0, 160.4, 159.9, 158.6, 156.8, 157.4, 158.7, 158.7, 158.2, 157.8, 159.5, 160.2, 159.0, 161.1, 159.3, 159.3, 160.8, 159.5, 160.2, 159.0, 159.5, 159.8, 157.8, 159.8, 158.0, 158.8, 161.0, 158.8, 159.3, 159.8, 159.9, 158.6, 160.2, 158.7, 158.0, 158.8, 158.7, 159.2, 158.6, 160.8, 159.2, 159.7, 159.2, 157.4, 158.6, 159.9, 160.8, 159.3, 159.8, 160.2, 159.0, 158.8, 159.7, 159.8, 160.4, 159.8, 159.3, 160.2, 161.0, 159.5, 161.1, 160.4, 160.1, 160.0, 160.4, 158.7, 160.2, 159.3, 158.3, 159.7, 159.3, 160.8, 159.5, 159.6, 160.8, 159.8, 158.4, 158.2, 161.5, 158.2, 159.2, 159.2, 158.0, 159.3, 159.3, 159.3, 160.2, 159.0, 159.2, 161.0, 158.9, 159.2, 160.1, 160.4, 160.2, 160.2, 159.6, 158.6, 160.8, 159.2, 159.3, 159.9, 159.3, 160.4, 159.3, 160.2, 161.0, 160.2, 160.2, 160.8, 159.8, 159.3, 161.0, 160.4, 160.2, 159.2, 160.8, 161.0, 160.2, 159.0, 158.7, 159.3, 157.4, 159.2, 160.4, 159.3, 159.7, 158.9, 159.9, 159.3, 160.4, 158.9, 157.4, 160.2, 160.4, 159.5, 158.7, 160.4, 161.0, 158.8, 158.8, 158.4, 160.4, 160.4, 160.2, 158.7, 160.0, 157.6, 159.2, 159.9, 159.3, 160.2, 160.4, 159.9, 159.3, 160.2, 160.4, 160.4, 160.4, 160.2, 160.2, 160.5, 160.4, 160.4, 159.8, 160.2, 159.8, 161.0, 160.4, 161.0, 160.5, 159.3, 160.4, 159.3, 159.8, 159.3, 160.5, 159.3, 159.7, 159.5, 159.3, 157.4, 160.2, 159.8, 160.4, 158.2, 160.1, 159.3, 158.7, 158.2, 159.2, 159.8, 159.8, 157.6, 160.2, 160.8, 158.7, 160.4, 158.7, 160.2, 159.3, 159.9, 160.4, 158.0, 159.7, 158.7, 158.0, 159.3, 160.2, 159.3, 159.3, 159.5, 158.2, 159.8, 158.7, 157.8, 159.5, 159.7, 158.9, 159.3, 158.6, 159.8, 158.7, 160.4, 160.4, 158.7, 159.5, 158.7, 159.8, 159.8, 159.3, 159.8, 159.2, 158.8, 160.4, 160.1, 159.3, 160.4, 159.2, 158.9, 158.9, 157.6, 158.9, 158.6, 160.0, 159.5, 158.9, 158.4, 160.4, 159.5, 158.9, 159.5, 159.3, 158.9, 159.3, 160.2, 158.7, 158.9, 158.7, 159.5, 159.5, 159.5, 159.5, 159.5, 159.7, 158.9, 158.7, 159.9, 158.7, 159.7, 159.5, 159.3, 159.3, 159.3, 159.0, 159.2, 159.2, 159.5, 159.0, 159.9, 158.6, 158.8, 159.3, 159.8, 159.2, 158.8, 159.3, 158.8, 159.9, 159.9, 159.3, 159.9, 160.2, 160.1, 159.0, 159.9, 160.5, 158.6, 159.0, 159.6, 159.9, 159.9, 159.8, 159.5, 159.9, 159.3, 159.3, 158.2, 159.2, 158.5, 159.0, 159.2, 158.9, 159.2, 159.9, 159.5, 159.5, 159.3, 159.9, 159.3, 159.3, 159.2, 159.5, 159.9, 159.5, 159.5, 159.5, 158.8, 159.3, 158.4, 159.2, 159.1, 159.5, 159.5, 159.9, 160.1, 159.0, 159.4, 159.3, 158.8, 158.2, 159.3, 158.8, 158.8, 159.1, 159.3, 159.6, 158.8, 158.8, 158.8, 159.3, 159.3, 159.3, 159.5, 158.8, 159.5, 159.3, 159.5, 159.5, 159.5, 159.1, 159.3, 159.9, 159.0, 159.0, 158.8, 159.4, 158.6, 158.8, 159.0, 158.2, 159.0, 158.4, 159.5, 158.8, 159.5, 159.0, 158.2, 158.8, 159.3, 158.8, 158.8, 159.3, 158.6, 158.4, 159.0, 159.8, 160.1, 159.3, 159.4, 158.4, 159.3, 159.9, 159.3, 158.2, 158.0, 158.8, 158.2, 160.4, 158.8, 159.2, 158.6, 159.2, 159.3, 158.8, 158.8, 159.9, 158.9, 159.3, 159.3, 158.8, 158.8, 158.6, 158.8, 159.0, 158.8, 158.8, 158.8, 159.4, 159.0, 158.6, 158.8, 158.8, 158.6, 157.6, 158.8, 159.1, 158.6, 159.4, 159.2, 157.2, 159.4, 158.8, 158.6, 159.3, 158.6, 158.8, 159.0, 159.8, 159.9, 159.6, 158.8, 158.4, 159.9, 158.8, 158.8, 158.6, 158.2, 158.6, 157.6, 158.8, 159.1, 158.8, 159.3, 158.6, 158.6, 158.5, 158.6, 158.6, 158.8, 160.4, 158.6, 158.5, 158.6, 158.2, 159.4, 158.8, 159.4, 158.6, 158.3, 158.0, 158.6, 158.6, 158.8, 158.8, 158.8, 158.8, 158.8, 158.8, 158.6, 158.8, 159.4, 158.8, 158.6, 158.6, 158.8, 158.8, 159.3, 159.8, 158.8, 160.1, 157.8, 159.9, 159.9, 159.9, 159.8, 159.4, 158.6, 159.8, 158.6, 159.0, 158.8, 159.0, 159.8, 159.5, 158.8, 158.8, 158.3, 157.4, 159.0, 159.9, 158.8, 158.9, 158.4, 158.8, 158.8, 159.2, 158.3, 159.5, 159.3, 160.1, 159.3, 158.0, 159.5, 159.5, 158.8, 158.8, 158.8, 159.5, 158.7, 159.9, 159.3, 158.6, 159.2, 159.2, 159.3, 158.8, 159.9]"
5,"[164.4, 164.5, 166.5, 164.7, 164.8, 164.0, 164.7, 165.5, 165.5, 165.5, 165.4, 165.5, 164.9, 166.2, 165.5, 166.2, 166.1, 166.2, 164.8, 165.3, 165.3, 165.4, 166.1, 165.6, 164.8, 165.4, 164.9, 165.6, 165.4, 165.5, 165.6, 165.5, 166.2, 166.0, 165.6, 166.1, 165.4, 166.1, 165.5, 166.7, 166.7, 166.2, 166.9, 166.6, 166.1, 165.4, 164.8, 164.9, 164.2, 164.3, 164.4, 165.5, 165.5, 164.8, 164.9, 164.3, 165.5, 165.5, 166.0, 166.1, 165.4, 166.1, 166.1, 165.5, 165.4, 164.9, 164.9, 165.6, 165.4, 165.5, 165.0, 165.6, 165.4, 164.8, 164.7, 164.9, 164.8, 166.2, 166.6, 166.0, 165.5, 165.6, 165.6, 166.1, 165.6, 166.0, 164.9, 166.1, 164.9, 166.0, 165.5, 166.1, 165.4, 166.2, 164.9, 164.8, 164.9, 164.8, 165.4, 164.9, 165.6, 165.6, 166.2, 165.5, 166.1, 165.5, 165.5, 166.2, 165.5, 166.0, 165.5, 165.4, 165.5, 166.1, 166.2, 166.2, 165.5, 164.8, 164.0, 164.0, 164.2, 164.8, 164.8, 164.8, 165.5, 166.8, 166.1, 167.4, 166.9, 166.8, 166.2, 166.8, 165.0, 165.0, 164.5, 166.3, 165.8, 165.6, 165.6, 165.6, 165.0, 165.0, 164.5, 165.8, 165.8, 165.7, 165.6, 165.7, 165.7, 166.3, 165.6, 165.6, 165.1, 165.6, 165.8, 165.8, 165.1, 165.7, 164.4, 164.9, 165.1, 164.3, 164.9, 164.3, 164.8, 164.7, 165.3, 164.7, 166.0, 164.9, 164.3, 164.2, 164.2, 164.3, 164.8, 164.2, 164.8, 164.7, 164.7, 164.5, 163.9, 164.8, 164.7, 165.4, 164.7, 163.8, 162.4, 162.3, 162.4, 161.0, 161.8, 161.3, 162.4, 161.8, 161.9, 161.6, 162.3, 162.3, 162.3, 161.1, 159.9, 160.2, 160.8, 159.4, 159.4, 159.9, 159.4, 160.0, 160.0, 160.5, 160.7, 160.5, 160.2, 159.6, 160.0, 158.6, 158.6, 158.6, 159.4, 158.6, 159.9, 159.9, 159.3, 159.4, 159.4, 158.8, 159.7, 158.9, 158.9, 158.9, 159.1, 158.0, 159.1, 159.9, 159.3, 159.3, 159.3, 159.1, 158.8, 158.8, 159.4, 158.9, 159.1, 159.3, 159.1, 158.5, 159.1, 159.3, 159.3, 159.1, 159.9, 160.0, 159.3, 159.3, 159.3, 159.3, 159.1, 159.1, 159.3, 159.3, 159.0, 159.6, 159.2, 159.9, 158.6, 159.4, 159.3, 160.0, 159.1, 158.5, 158.8, 158.6, 158.5, 158.2, 158.8, 158.2, 158.6, 159.3, 158.6, 159.3, 158.5, 159.4, 158.6, 158.2, 158.8, 158.5, 160.2, 158.6, 158.6, 159.3, 158.6, 158.6, 158.8, 159.6, 160.2, 159.3, 159.3, 159.0, 159.3, 158.8, 158.6, 158.8, 158.6, 159.4, 160.0, 159.3, 160.4, 159.6, 158.6, 158.6, 159.6, 159.2, 158.8, 159.4, 159.4, 159.6, 159.9, 159.4, 159.6, 159.3, 160.4, 159.1, 159.3, 159.8, 159.1, 158.6, 159.1, 159.4, 159.3, 159.3, 159.4, 159.4, 160.0, 159.3, 159.4, 159.3, 159.3, 160.0, 159.3, 159.1, 159.3, 158.8, 159.4, 159.6, 158.8, 158.8, 159.3, 158.6, 158.8, 158.8, 158.2, 158.8, 158.8, 158.8, 158.2, 158.2, 158.0, 158.6, 159.1, 158.6, 158.5, 158.6, 158.6, 158.5, 158.6, 158.5, 159.1, 158.5, 158.8, 158.6, 159.3, 158.5, 158.6, 158.0, 158.5, 158.0, 158.6, 158.5, 158.5, 158.3, 158.6, 158.3, 158.5, 158.7, 158.7, 158.5, 158.5, 158.5, 158.5, 158.5, 158.3, 158.3, 159.1, 159.1, 158.3, 158.5, 159.1, 158.6, 158.6, 158.6, 158.5, 159.1, 157.8, 158.6, 158.6, 158.5, 158.3, 158.6, 158.6, 159.1, 158.6, 158.6, 159.1, 158.6, 158.0, 158.8, 159.3, 158.6, 158.6, 158.6, 158.6, 158.6, 158.3, 159.1, 158.5, 158.5, 158.6, 157.8, 158.0, 158.0, 158.3, 158.0, 158.0, 158.0, 158.9, 158.3, 158.0, 158.0, 159.1, 158.9, 158.5, 157.8, 158.2, 157.6, 158.4, 157.8, 157.6, 157.8, 157.6, 157.6, 156.8, 157.8, 158.0, 158.0, 158.2, 157.6, 158.2, 157.6, 157.4, 157.6, 158.2, 159.2, 158.7, 158.7, 159.3, 158.6, 158.6, 158.7, 159.3, 158.8, 158.4, 158.9, 158.7, 158.9, 158.6, 157.6, 158.2, 157.8, 157.6, 158.3, 157.6, 158.9, 158.3, 159.5, 159.5, 157.6, 157.8, 157.2, 158.2, 157.8, 158.0, 158.4, 158.8, 158.8, 159.2, 156.6, 158.3, 158.2, 158.4, 158.2, 158.0, 158.4, 158.3, 157.6, 158.2, 159.5, 158.8, 157.4, 159.5, 159.5, 159.0, 158.3, 158.2, 158.7, 158.2, 158.7, 159.3, 159.5, 158.7, 158.4, 158.7, 158.6, 159.0, 159.0, 158.6, 158.6, 158.2, 158.6, 159.3, 158.9, 157.4, 158.2, 157.4, 159.3, 158.8, 158.9, 158.0, 158.2, 158.2, 158.4, 159.3, 159.3, 159.0, 159.3, 158.5, 158.8, 158.6, 158.8, 158.8, 159.0, 158.4, 158.8, 159.2, 159.3, 159.0, 158.2, 159.0, 159.0, 158.4, 158.8, 159.0, 159.9, 159.8, 158.2, 158.8, 159.5, 157.4, 158.8, 159.0, 159.2, 158.4, 158.4, 159.1, 158.2, 159.5, 158.6, 158.7, 159.0, 159.5, 158.9, 159.2, 158.8, 157.8, 158.2, 158.2, 158.2, 159.3, 158.3, 159.0, 158.3, 159.3, 158.8, 158.4, 159.2, 158.8, 158.6, 158.8, 158.8, 158.6, 158.8]"
5,"[159.3, 159.3, 159.9, 159.4, 160.8, 161.0, 161.4, 160.8, 160.7, 161.8, 161.4, 161.4, 162.0, 161.3, 161.3, 161.4, 161.3, 161.9, 161.3, 160.7, 160.8, 161.3, 161.3, 161.3, 161.1, 161.3, 161.3, 161.3, 161.3, 161.3, 161.9, 161.9, 161.3, 161.4, 161.8, 162.0, 161.3, 161.8, 161.3, 161.3, 161.1, 161.9, 161.8, 161.8, 161.8, 161.8, 161.1, 161.0, 161.1, 161.8, 161.4, 162.4, 161.3, 161.1, 161.8, 161.1, 161.8, 161.3, 161.9, 161.6, 161.8, 161.8, 161.8, 161.1, 161.9, 161.9, 161.8, 161.9, 161.6, 161.6, 161.5, 162.4, 161.8, 162.4, 162.1, 162.3, 162.3, 161.6, 161.8, 161.5, 161.9, 161.6, 161.8, 162.3, 162.1, 162.3, 162.9, 162.8, 162.3, 162.3, 162.9, 162.3, 162.9, 162.1, 162.3, 162.3, 162.8, 162.0, 162.9, 162.8, 162.3, 162.9, 162.9, 162.1, 162.8, 163.4, 163.5, 163.4, 163.3, 163.3, 162.8, 162.8, 162.9, 162.8, 163.3, 162.9, 163.3, 162.6, 162.8, 162.5, 162.8, 162.6, 162.1, 161.8, 160.8, 160.2, 159.0, 159.6, 159.0, 158.8, 158.8, 159.4, 159.4, 158.8, 159.0, 158.8, 159.4, 158.8, 159.6, 160.0, 159.3, 159.0, 159.3, 158.8, 159.3, 159.3, 158.8, 158.0, 158.6, 158.5, 158.5, 158.6, 158.6, 158.6, 158.5, 158.2, 158.2, 159.3, 158.2, 158.5, 159.3, 159.6, 158.6, 159.4, 159.3, 158.6, 158.6, 158.0, 158.8, 158.6, 158.8, 158.8, 159.0, 158.8, 158.6, 158.5, 158.0, 158.0, 158.8, 156.8, 158.0, 158.5, 158.6, 158.6, 158.8, 159.3, 158.8, 158.0, 158.8, 158.0, 158.8, 158.0, 158.6, 158.6, 159.1, 158.0, 158.6, 159.1, 158.2, 159.3, 159.4, 158.8, 158.6, 159.3, 159.3, 158.8, 158.6, 158.8, 158.2, 158.8, 158.8, 158.0, 158.6, 159.4, 158.5, 158.5, 158.6, 158.5, 159.4, 159.3, 158.8, 158.8, 159.6, 159.3, 158.8, 158.8, 158.8, 159.6, 159.3, 158.2, 158.6, 159.1, 158.8, 158.8, 158.2, 158.5, 158.9, 159.1, 159.3, 159.4, 158.6, 158.8, 159.7, 158.6, 159.3, 158.9, 159.3, 159.3, 159.4, 159.3, 159.3, 158.6, 159.1, 159.3, 159.3, 159.3, 159.4, 159.4, 159.3, 159.3, 158.8, 158.6, 158.6, 159.3, 158.8, 158.8, 158.6, 159.4, 158.4, 158.8, 158.6, 159.3, 158.6, 159.0, 158.2, 158.0, 159.0, 159.0, 158.6, 158.2, 159.4, 159.4, 159.3, 158.8, 158.6, 159.4, 158.8, 158.5, 158.6, 159.9, 158.6, 158.5, 158.8, 158.0, 158.8, 158.5, 158.8, 158.8, 157.6, 158.4, 158.6, 158.2, 158.6, 158.8, 158.2, 158.6, 158.6, 158.0, 158.8, 159.4, 158.8, 158.2, 158.6, 158.2, 158.2, 159.8, 159.0, 158.0, 158.8, 158.6, 158.8, 158.8, 157.8, 159.2, 159.0, 158.2, 158.4, 158.2, 158.6, 158.0, 159.2, 158.0, 158.8, 159.0, 158.8, 159.0, 158.6, 158.0, 158.5, 158.0, 158.0, 157.8, 158.6, 158.8, 158.8, 158.8, 158.0, 159.9, 158.8, 158.2, 158.6, 158.8, 159.2, 159.2, 159.0, 157.8, 158.8, 158.8, 159.4, 158.8, 158.8, 159.4, 158.8, 159.6, 159.0, 158.8, 159.0, 158.8, 158.8, 159.2, 158.8, 158.6, 160.0, 159.4, 160.5, 158.6, 159.3, 159.4, 159.4, 159.4, 159.4, 159.3, 158.6, 158.4, 159.4, 158.8, 158.2, 159.4, 159.4, 160.0, 159.3, 158.5, 158.5, 159.1, 158.6, 158.0, 159.4, 159.6, 159.4, 158.5, 159.3, 159.4, 160.0, 159.0, 159.4, 159.3, 159.3, 160.0, 160.0, 159.3, 159.4, 159.4, 159.3, 159.4, 159.4, 159.3, 158.6, 159.3, 159.1, 159.3, 159.3, 159.3, 159.4, 159.3, 159.9, 160.0, 159.4, 159.6, 159.3, 159.4, 160.2, 158.8, 158.8, 160.0, 160.0, 158.8, 160.0, 160.5, 159.7, 159.4, 159.9, 160.5, 160.7, 160.4, 160.0, 160.2, 160.0, 160.7, 160.7, 160.2, 159.8, 160.0, 160.7, 160.5, 160.4, 159.3, 160.0, 160.5, 160.0, 160.7, 160.4, 159.8, 159.6, 159.4, 160.8, 159.8, 160.7, 160.2, 161.6, 160.8, 160.2, 160.2, 160.5, 160.8, 160.8, 160.4, 159.6, 160.4, 160.4, 161.4, 160.8, 160.8, 160.8, 161.0, 160.5, 160.0, 160.0, 159.4, 160.2, 159.8, 160.0, 159.9, 160.0, 160.2, 160.4, 160.4, 160.4, 160.5, 160.0, 161.0, 160.2, 160.0, 160.7, 160.0, 160.0, 160.2, 160.2, 160.8, 159.4, 159.4, 160.0, 159.6, 159.6, 160.2, 159.8, 160.4, 160.8, 160.7, 161.4, 161.3, 160.8, 161.9, 160.8, 160.8, 160.7, 161.9, 160.2, 160.8, 162.0, 161.3, 161.9, 161.1, 161.4, 161.3, 160.8, 160.8, 160.7, 161.9, 160.7, 161.9, 161.1, 161.4, 161.3, 160.8, 161.4, 161.3, 161.1, 161.3, 160.4, 160.0, 160.0, 160.2, 161.4, 160.5, 161.1, 161.3, 161.3, 161.3, 160.7, 160.7, 160.7, 160.0, 159.8, 160.7, 160.8, 161.3, 159.4, 160.8, 159.6, 161.4, 160.7, 160.7, 161.9, 161.3, 161.3, 161.3, 161.4, 161.3, 161.4, 161.3, 161.4, 161.9, 161.9, 161.1, 161.4, 162.0, 161.3, 161.9, 161.4, 162.0, 161.9, 161.3, 161.9, 161.9, 160.7, 161.3, 161.4, 161.3, 161.3, 161.3]"
5,"[166.2, 165.7, 164.9, 164.8, 164.9, 165.5, 164.4, 165.1, 165.8, 165.7, 165.2, 165.7, 166.4, 165.7, 165.8, 165.1, 166.4, 165.1, 165.7, 165.2, 164.6, 165.3, 165.7, 165.2, 165.3, 165.3, 165.2, 165.5, 165.8, 164.2, 165.1, 165.9, 165.4, 165.3, 165.3, 164.7, 166.0, 166.0, 165.9, 165.8, 165.8, 166.4, 165.8, 165.8, 166.4, 166.5, 165.9, 165.9, 165.9, 166.5, 165.3, 166.5, 165.8, 166.5, 165.3, 165.8, 166.5, 166.3, 166.5, 166.5, 166.5, 167.0, 167.1, 167.6, 167.7, 167.6, 167.1, 167.1, 167.1, 166.4, 166.0, 165.9, 166.5, 167.1, 167.1, 166.6, 165.9, 165.8, 165.9, 166.5, 165.9, 165.9, 165.3, 166.6, 165.9, 165.3, 165.2, 166.3, 165.2, 165.4, 166.5, 165.9, 165.3, 165.8, 165.8, 165.2, 165.8, 165.9, 166.5, 166.4, 167.1, 165.8, 166.5, 166.6, 166.6, 166.5, 166.0, 166.6, 165.3, 165.9, 166.0, 165.3, 166.0, 166.0, 166.5, 166.5, 165.8, 165.9, 166.5, 166.4, 166.4, 165.3, 165.9, 166.5, 167.0, 167.4, 166.1, 163.9, 163.8, 165.3, 164.4, 163.8, 163.0, 163.0, 163.0, 163.0, 163.0, 163.2, 164.8, 163.2, 163.8, 165.0, 164.9, 164.3, 163.7, 164.3, 164.3, 164.8, 163.7, 164.2, 163.5, 164.9, 165.2, 163.8, 163.2, 162.9, 161.8, 162.5, 163.0, 163.0, 162.5, 162.5, 163.7, 163.8, 162.4, 161.6, 162.0, 162.4, 161.1, 162.5, 162.5, 163.2, 162.5, 161.9, 160.7, 159.9, 160.2, 159.4, 159.3, 159.4, 160.0, 159.6, 159.9, 160.5, 159.7, 159.7, 159.9, 159.1, 159.8, 160.0, 160.8, 160.0, 160.0, 160.0, 160.0, 160.7, 159.4, 160.0, 160.0, 160.0, 160.0, 159.3, 159.3, 159.3, 159.4, 160.0, 159.6, 160.0, 159.9, 159.3, 160.0, 160.0, 160.2, 160.7, 160.7, 161.1, 160.3, 160.7, 161.3, 161.3, 160.8, 161.1, 160.7, 161.8, 160.0, 161.1, 161.0, 161.3, 161.0, 160.7, 161.0, 161.9, 161.8, 162.0, 161.4, 161.9, 161.9, 161.8, 160.7, 161.1, 160.8, 161.9, 161.9, 161.3, 161.9, 161.8, 161.3, 161.9, 161.3, 161.4, 160.7, 161.3, 160.7, 161.4, 160.8, 160.7, 160.8, 160.2, 160.0, 159.6, 159.4, 159.4, 159.9, 159.6, 160.8, 160.4, 161.1, 160.2, 159.9, 159.8, 160.7, 161.1, 161.3, 161.3, 161.3, 161.3, 161.9, 161.3, 161.3, 160.8, 160.7, 161.3, 161.9, 161.3, 161.3, 161.9, 162.0, 161.1, 161.9, 161.4, 161.3, 161.3, 161.9, 162.4, 161.9, 161.3, 161.3, 161.1, 160.7, 160.8, 160.7, 160.7, 160.8, 161.3, 161.6, 161.9, 161.9, 161.3, 161.4, 161.3, 161.4, 159.4, 158.5, 157.8, 158.5, 158.6, 159.3, 159.3, 159.4, 160.2, 160.8, 160.8, 161.4, 162.0, 161.3, 161.3, 161.9, 160.7, 161.4, 161.3, 161.8, 161.8, 161.1, 161.8, 160.7, 162.0, 161.4, 161.3, 161.3, 161.9, 161.8, 161.8, 161.1, 161.3, 161.3, 161.9, 161.9, 161.8, 161.3, 161.3, 160.0, 161.3, 161.9, 161.1, 160.7, 160.0, 161.0, 160.2, 159.9, 159.9, 158.9, 159.1, 159.6, 159.4, 159.4, 159.4, 160.2, 160.8, 161.1, 160.5, 161.3, 160.8, 161.3, 160.7, 160.2, 159.0, 160.2, 160.4, 160.2, 159.9, 160.8, 160.5, 160.0, 159.4, 159.6, 159.3, 160.2, 159.7, 159.4, 160.5, 159.6, 160.0, 161.0, 161.6, 162.7, 160.7, 161.9, 160.0, 161.3, 161.0, 160.2, 159.6, 160.0, 160.7, 161.3, 161.3, 161.9, 161.4, 162.0, 161.4, 162.0, 161.4, 161.4, 161.1, 160.7, 160.8, 160.2, 160.8, 161.9, 161.3, 161.8, 161.4, 161.3, 161.3, 161.3, 161.4, 161.6, 161.4, 161.4, 161.9, 161.9, 161.9, 161.8, 161.8, 161.8, 161.8, 161.4, 161.1, 161.9, 162.0, 162.0, 160.7, 160.0, 160.2, 161.6, 161.4, 161.7, 161.3, 160.8, 160.7, 161.9, 161.8, 161.8, 161.3, 161.1, 161.3, 160.5, 161.9, 161.4, 161.8, 161.1, 161.1, 161.9, 161.1, 162.0, 161.9, 161.3, 161.4, 161.0, 161.4, 161.0, 161.0, 161.4, 161.1, 161.4, 161.3, 161.4, 161.3, 161.4, 161.4, 160.8, 160.8, 161.4, 161.9, 162.5, 161.8, 161.8, 161.0, 160.8, 161.3, 162.0, 161.0, 161.3, 161.1, 161.1, 161.4, 161.4, 161.8, 162.5, 162.0, 160.5, 160.7, 160.8, 160.7, 161.4, 161.3, 161.8, 161.1, 161.8, 162.4, 161.8, 161.8, 161.8, 161.1, 161.9, 161.8, 161.9, 161.8, 162.4, 162.9, 162.9, 161.6, 161.6, 162.1, 161.5, 162.3, 162.1, 162.3, 161.5, 162.1, 162.3, 162.3, 162.4, 162.9, 162.4, 162.5, 162.5, 161.3, 162.5, 162.7, 162.0, 162.0, 161.9, 161.9, 161.4, 162.0, 161.9, 162.5, 162.4, 162.4, 161.6, 162.3, 161.8, 161.9, 161.8, 161.8, 162.5, 162.4, 162.4, 162.4, 161.8, 161.3, 161.1, 160.3, 159.7, 160.3, 160.2, 160.2, 161.4, 161.0, 161.0, 161.6, 161.4, 161.6, 161.6, 160.8, 160.5, 161.4, 162.0, 161.3, 161.4, 160.7, 160.8, 160.7, 161.3, 161.4, 161.3, 160.5, 161.3, 161.4, 161.4, 161.3, 160.3, 161.9, 161.1, 160.8, 160.8, 161.4, 161.4, 161.4]"
5,"[159.8, 161.8, 162.3, 162.6, 163.5, 163.0, 163.0, 163.2, 164.5, 163.7, 163.2, 163.3, 162.9, 163.0, 163.8, 162.5, 162.4, 162.7, 161.9, 162.5, 163.8, 163.7, 163.2, 163.7, 163.0, 162.5, 162.5, 163.2, 162.5, 162.7, 161.9, 162.5, 163.3, 162.7, 163.2, 161.9, 162.7, 162.7, 162.7, 162.5, 162.4, 163.3, 163.2, 162.9, 162.4, 162.9, 163.0, 163.7, 163.5, 163.7, 163.7, 163.2, 162.3, 162.0, 162.5, 162.4, 163.2, 162.4, 161.9, 162.5, 162.0, 162.5, 163.3, 162.4, 162.4, 162.4, 163.2, 163.7, 162.4, 163.2, 163.2, 162.5, 163.2, 163.2, 163.2, 163.0, 163.5, 163.7, 163.8, 162.4, 163.7, 163.5, 163.5, 163.7, 163.7, 163.0, 162.5, 163.0, 162.3, 163.0, 163.0, 163.2, 163.2, 163.0, 162.5, 162.4, 163.0, 163.3, 163.2, 162.5, 162.4, 163.2, 163.2, 162.5, 163.0, 162.4, 162.5, 162.7, 161.9, 161.3, 162.5, 162.5, 161.9, 162.5, 162.5, 163.2, 163.0, 162.5, 162.5, 162.4, 163.2, 163.7, 163.2, 162.4, 162.5, 160.8, 161.1, 160.4, 160.2, 160.2, 160.2, 160.8, 161.3, 161.6, 162.0, 161.0, 160.7, 161.9, 161.4, 161.3, 162.0, 161.8, 161.4, 161.9, 161.8, 161.9, 162.4, 162.4, 161.3, 161.0, 162.0, 161.9, 162.4, 162.4, 161.8, 162.5, 162.5, 162.4, 161.9, 162.5, 161.9, 162.5, 161.9, 161.9, 161.9, 162.0, 162.9, 162.4, 162.4, 162.4, 163.2, 162.5, 163.2, 163.0, 163.0, 162.4, 163.4, 163.0, 163.2, 163.2, 163.2, 162.9, 163.2, 163.2, 163.0, 163.2, 162.9, 163.2, 163.7, 163.7, 163.7, 163.7, 163.9, 163.5, 162.9, 163.8, 163.7, 163.2, 163.7, 163.2, 162.9, 163.0, 162.3, 162.3, 162.4, 163.0, 163.8, 163.8, 163.7, 163.8, 163.0, 163.0, 163.2, 163.7, 163.8, 163.0, 163.0, 162.3, 163.0, 163.2, 162.4, 162.3, 162.4, 162.4, 163.0, 163.0, 163.0, 163.9, 163.0, 163.8, 163.8, 163.0, 163.9, 163.0, 163.7, 164.0, 163.9, 163.8, 163.8, 164.0, 163.9, 164.8, 164.0, 164.7, 164.5, 163.9, 164.7, 164.7, 163.4, 163.9, 165.2, 163.9, 164.0, 165.3, 164.7, 164.0, 164.5, 163.9, 164.7, 163.9, 164.0, 165.3, 165.3, 164.0, 164.5, 165.3, 165.2, 164.7, 164.0, 164.8, 164.7, 164.7, 163.9, 164.5, 164.5, 165.3, 164.9, 163.9, 164.9, 164.7, 164.7, 165.3, 164.5, 165.3, 163.3, 164.5, 164.5, 164.7, 164.0, 164.0, 163.2, 163.2, 163.0, 161.8, 161.9, 161.8, 161.9, 161.9, 162.5, 162.5, 163.4, 163.4, 164.0, 164.8, 165.5, 164.8, 164.7, 164.7, 164.7, 164.0, 164.8, 164.8, 164.2, 164.8, 164.8, 164.7, 164.7, 164.0, 165.4, 163.9, 164.2, 164.2, 164.2, 163.5, 164.0, 164.2, 164.0, 164.5, 164.0, 164.7, 164.2, 164.8, 164.2, 164.7, 164.0, 163.1, 164.0, 164.0, 163.4, 163.5, 164.0, 164.0, 164.2, 163.4, 163.4, 164.9, 164.2, 164.2, 163.7, 163.5, 163.4, 164.2, 164.2, 164.2, 164.0, 164.3, 163.5, 163.5, 163.5, 164.3, 164.0, 164.2, 163.4, 163.5, 164.2, 163.5, 164.3, 163.5, 164.2, 164.2, 164.3, 163.7, 164.3, 164.4, 164.3, 164.3, 164.3, 164.2, 164.4, 164.8, 163.8, 163.7, 165.1, 165.0, 163.7, 164.9, 164.4, 164.4, 165.7, 164.9, 165.5, 165.5, 166.9, 166.2, 166.2, 166.7, 166.2, 166.1, 165.5, 166.1, 166.8, 166.2, 165.5, 166.0, 166.6, 166.8, 166.2, 166.8, 166.2, 166.8, 166.2, 166.9, 167.0, 165.6, 166.2, 166.9, 166.9, 166.8, 166.9, 166.2, 165.6, 165.6, 165.7, 167.0, 165.6, 166.2, 166.4, 166.9, 167.0, 166.2, 165.6, 166.9, 166.3, 167.0, 166.3, 166.4, 167.1, 166.4, 167.0, 166.4, 167.7, 167.7, 166.9, 167.7, 167.6, 166.4, 166.4, 167.1, 166.9, 166.4, 167.1, 166.5, 165.8, 165.2, 165.8, 167.1, 166.5, 165.2, 165.7, 165.8, 166.4, 167.0, 166.4, 165.7, 166.5, 165.7, 165.2, 166.5, 166.4, 166.4, 165.7, 165.8, 165.7, 165.8, 165.3, 165.4, 166.0, 164.7, 165.3, 165.3, 165.3, 165.8, 165.3, 165.9, 165.2, 165.3, 166.4, 166.3, 166.9, 165.3, 165.9, 165.8, 165.3, 165.7, 165.2, 165.1, 166.3, 165.1, 165.1, 166.4, 164.6, 165.8, 165.2, 165.3, 165.7, 165.9, 165.2, 164.5, 164.6, 165.8, 165.8, 164.6, 164.5, 164.0, 165.2, 165.0, 165.2, 166.4, 165.1, 165.3, 165.1, 165.1, 165.1, 165.8, 165.7, 165.8, 165.2, 165.8, 165.8, 165.1, 164.4, 165.1, 165.2, 165.8, 165.9, 165.7, 165.0, 165.1, 165.1, 165.8, 164.4, 165.1, 166.3, 165.1, 164.5, 163.8, 165.1, 164.5, 165.1, 165.7, 165.7, 165.8, 165.7, 165.2, 166.3, 165.6, 164.4, 165.7, 165.8, 165.0, 164.6, 164.0, 164.0, 165.1, 165.2, 165.8, 166.4, 166.4, 165.7, 165.1, 165.1, 164.5, 164.5, 165.1, 165.2, 165.1, 164.4, 165.2, 165.2, 164.5, 164.6, 165.2, 165.8, 165.2, 165.8, 165.2, 165.8, 165.8, 165.7, 165.7, 166.3, 166.4, 166.3, 167.1, 165.8, 165.7, 165.8, 165.7, 165.1, 166.3]"
5,"[167.3, 166.6, 166.5, 165.9, 164.8, 165.5, 164.9, 165.1, 164.5, 165.7, 165.1, 165.9, 165.8, 165.2, 165.2, 165.2, 165.2, 165.7, 165.2, 165.8, 165.2, 165.7, 165.8, 165.0, 165.7, 165.2, 165.8, 165.8, 165.7, 166.4, 165.7, 165.8, 165.9, 165.2, 165.2, 166.3, 165.2, 165.8, 165.2, 165.8, 165.9, 165.8, 165.8, 165.2, 165.9, 165.9, 165.9, 165.8, 165.8, 165.8, 165.8, 165.1, 166.4, 165.2, 166.0, 165.2, 165.2, 165.8, 165.9, 165.1, 165.2, 164.6, 165.3, 165.1, 165.1, 165.1, 165.2, 165.2, 164.5, 165.1, 165.1, 164.5, 165.1, 165.8, 165.2, 165.1, 165.9, 164.5, 165.7, 163.9, 164.0, 164.5, 165.0, 165.1, 164.5, 165.7, 164.4, 164.5, 164.6, 165.0, 165.1, 165.2, 164.4, 165.6, 164.5, 165.1, 165.0, 164.5, 164.4, 163.8, 165.0, 165.1, 165.1, 165.7, 165.0, 165.7, 165.1, 165.3, 165.7, 165.1, 165.0, 164.4, 165.0, 164.5, 164.3, 164.4, 163.2, 163.7, 165.1, 164.4, 165.1, 165.1, 165.1, 164.4, 164.9, 167.3, 165.3, 163.9, 163.3, 163.3, 163.2, 163.8, 163.4, 164.2, 165.0, 164.4, 164.9, 165.0, 164.3, 164.9, 164.4, 164.9, 164.0, 164.2, 164.8, 166.2, 165.4, 166.1, 165.5, 164.2, 164.0, 164.2, 161.9, 162.5, 162.4, 163.3, 165.3, 164.8, 165.3, 165.4, 165.8, 165.3, 164.8, 165.9, 165.3, 164.8, 164.5, 164.7, 165.4, 163.8, 164.0, 164.2, 164.5, 163.9, 164.0, 165.3, 165.2, 164.9, 164.0, 162.4, 162.4, 161.8, 162.0, 162.5, 163.8, 162.4, 162.5, 163.2, 162.0, 162.2, 161.9, 161.3, 161.9, 161.9, 161.9, 161.9, 162.5, 162.5, 162.5, 162.5, 162.3, 162.5, 162.4, 163.7, 163.8, 163.8, 163.4, 163.7, 163.7, 162.9, 163.0, 163.7, 163.0, 163.2, 161.9, 162.4, 161.8, 161.9, 161.8, 161.1, 161.8, 161.9, 162.4, 162.4, 161.3, 161.9, 163.2, 162.7, 162.5, 162.4, 162.5, 162.7, 162.7, 162.4, 162.5, 162.5, 162.5, 161.3, 163.2, 163.2, 162.4, 161.9, 161.4, 162.0, 162.0, 161.8, 161.9, 162.5, 161.9, 163.2, 162.5, 162.7, 161.9, 162.4, 161.8, 162.5, 163.0, 162.5, 161.8, 161.9, 162.0, 161.4, 161.3, 161.3, 161.3, 161.9, 161.9, 161.1, 161.3, 161.9, 161.3, 161.3, 160.7, 160.8, 160.7, 160.8, 160.7, 161.6, 161.3, 161.3, 160.7, 160.8, 161.3, 161.0, 159.7, 159.7, 158.5, 158.9, 158.9, 159.7, 160.3, 160.3, 160.8, 160.3, 160.3, 160.2, 160.3, 160.5, 159.9, 160.8, 160.2, 159.7, 159.9, 159.5, 160.5, 160.5, 160.3, 160.5, 160.5, 160.0, 160.0, 160.0, 160.7, 160.3, 159.7, 158.9, 158.5, 158.2, 158.8, 158.2, 158.5, 158.5, 158.3, 158.3, 159.5, 158.7, 158.5, 158.6, 158.8, 159.5, 159.7, 157.4, 158.6, 157.8, 159.1, 158.5, 158.6, 158.6, 158.0, 158.6, 158.6, 158.5, 159.4, 159.9, 159.3, 158.9, 159.3, 159.5, 158.6, 158.6, 158.8, 159.1, 158.5, 158.5, 158.5, 158.5, 158.7, 158.5, 158.3, 158.7, 158.9, 159.1, 158.9, 158.5, 159.4, 159.7, 159.1, 159.1, 159.7, 159.7, 160.3, 159.1, 158.3, 158.3, 158.3, 158.5, 157.2, 158.0, 157.6, 158.6, 158.5, 158.3, 158.9, 158.3, 158.9, 156.8, 158.8, 157.6, 158.8, 158.5, 159.0, 158.2, 158.5, 157.6, 158.0, 158.5, 158.2, 158.6, 158.6, 158.5, 158.5, 158.6, 158.6, 159.1, 160.2, 159.5, 158.9, 159.9, 159.3, 159.3, 159.9, 160.3, 159.9, 160.5, 159.7, 159.9, 159.1, 159.7, 159.1, 159.1, 159.1, 159.5, 159.9, 159.5, 159.9, 159.9, 159.7, 159.9, 159.1, 158.9, 159.1, 159.1, 159.5, 159.7, 159.7, 159.7, 159.3, 159.1, 159.1, 159.9, 159.7, 160.3, 160.3, 160.3, 159.5, 159.7, 160.7, 159.7, 159.9, 159.7, 159.9, 159.9, 160.3, 159.5, 159.7, 160.2, 159.7, 159.5, 159.7, 159.7, 160.3, 160.3, 160.5, 159.9, 159.7, 159.1, 159.1, 159.1, 159.7, 159.9, 159.5, 160.3, 160.2, 160.3, 160.7, 160.5, 160.5, 159.9, 161.0, 160.2, 160.3, 161.1, 160.5, 160.0, 160.7, 160.7, 160.8, 160.2, 159.9, 160.8, 161.0, 160.0, 160.5, 160.8, 161.4, 160.8, 161.0, 160.2, 160.7, 161.1, 160.5, 159.1, 159.9, 159.7, 160.5, 160.7, 160.8, 160.7, 160.0, 160.3, 160.2, 160.5, 161.1, 160.5, 160.0, 160.5, 160.3, 160.2, 159.9, 160.5, 160.5, 160.0, 160.5, 160.7, 160.7, 161.0, 160.7, 160.5, 159.9, 159.7, 159.9, 160.5, 160.8, 161.3, 162.0, 160.8, 161.6, 160.8, 160.7, 160.2, 160.0, 160.2, 159.9, 159.9, 160.5, 160.0, 160.2, 160.0, 160.7, 160.8, 160.8, 160.7, 160.0, 160.0, 159.5, 159.9, 160.2, 159.9, 160.0, 159.9, 159.5, 161.0, 160.0, 159.7, 159.7, 160.3, 160.3, 160.3, 159.7, 160.7, 160.8, 160.8, 160.8, 161.0, 161.4, 160.8, 160.8, 161.0, 161.0, 161.3, 161.4, 160.7, 160.7, 160.3, 160.5, 160.5, 160.3, 160.8, 161.4, 161.6, 161.4, 161.3, 160.5, 160.2, 160.2, 160.5, 160.2, 161.0, 161.1, 159.5]"
5,"[164.5, 163.4, 164.2, 163.2, 163.3, 163.4, 164.2, 165.4, 164.8, 166.0, 165.4, 166.0, 166.1, 166.0, 165.5, 165.4, 165.5, 166.1, 166.0, 166.0, 165.5, 166.1, 166.1, 166.7, 166.6, 166.7, 166.0, 166.0, 166.5, 165.3, 166.1, 165.5, 166.1, 166.0, 166.0, 166.7, 165.2, 166.1, 166.6, 166.7, 166.8, 166.7, 167.3, 166.1, 165.4, 165.3, 166.0, 166.6, 166.0, 166.1, 165.3, 166.1, 164.7, 164.7, 164.7, 164.5, 164.7, 164.8, 166.0, 165.4, 165.3, 166.7, 166.7, 165.3, 165.9, 166.7, 165.8, 167.3, 166.1, 165.9, 166.0, 166.6, 166.5, 167.3, 167.4, 165.9, 165.9, 166.1, 166.0, 165.3, 164.7, 165.3, 165.3, 164.5, 164.2, 165.5, 166.0, 164.7, 164.5, 164.5, 164.7, 164.7, 166.0, 166.1, 165.9, 165.3, 165.3, 166.1, 166.0, 164.8, 164.8, 164.7, 165.3, 166.0, 166.0, 165.9, 166.6, 165.9, 166.0, 166.1, 165.5, 165.4, 165.4, 165.3, 166.0, 165.4, 166.1, 166.6, 167.3, 166.7, 166.1, 165.5, 166.7, 166.7, 166.7, 165.2, 162.5, 163.0, 163.3, 163.2, 163.0, 163.0, 163.7, 163.7, 164.4, 164.4, 165.4, 164.5, 165.4, 164.8, 165.3, 165.9, 164.0, 165.4, 164.7, 164.7, 165.2, 165.2, 163.9, 164.4, 164.5, 164.0, 164.0, 164.2, 164.8, 164.7, 163.5, 164.0, 165.3, 164.8, 164.4, 165.3, 163.7, 163.8, 163.9, 164.7, 163.9, 164.4, 165.8, 165.2, 163.9, 165.3, 165.3, 164.4, 163.8, 164.3, 162.4, 163.9, 163.8, 164.4, 164.4, 165.3, 165.2, 163.9, 165.3, 163.8, 165.3, 166.0, 163.9, 166.0, 165.2, 165.3, 164.4, 164.7, 163.8, 164.7, 165.3, 165.2, 164.7, 163.8, 163.8, 165.4, 165.3, 164.8, 164.5, 164.5, 164.2, 163.0, 163.2, 162.4, 161.9, 162.5, 162.5, 163.2, 163.0, 164.4, 164.4, 165.2, 165.3, 165.9, 165.2, 163.8, 163.9, 164.7, 163.5, 163.0, 163.2, 162.5, 162.5, 162.5, 163.0, 162.5, 163.5, 163.3, 163.0, 162.9, 163.8, 163.2, 163.7, 163.7, 162.0, 162.5, 162.0, 161.4, 161.1, 161.0, 162.9, 163.2, 161.8, 161.3, 161.8, 161.9, 162.4, 162.5, 162.5, 162.4, 162.7, 162.4, 162.0, 161.9, 162.0, 162.5, 161.4, 161.9, 162.0, 161.9, 162.2, 162.0, 162.2, 162.5, 162.7, 162.0, 161.9, 162.2, 161.6, 161.4, 160.7, 160.7, 160.5, 161.1, 161.6, 161.6, 161.9, 162.0, 161.6, 161.4, 162.2, 162.2, 161.1, 161.0, 160.5, 161.1, 160.8, 160.7, 161.6, 162.2, 161.0, 161.1, 161.6, 161.3, 160.7, 161.0, 160.8, 159.9, 159.9, 159.9, 159.7, 160.7, 160.7, 160.0, 160.7, 159.9, 159.9, 160.0, 160.0, 160.8, 161.3, 159.9, 160.8, 160.2, 160.4, 160.2, 160.2, 161.0, 160.8, 161.4, 161.0, 160.8, 160.8, 161.0, 160.0, 160.7, 160.2, 160.0, 159.4, 159.9, 159.4, 160.7, 159.8, 159.6, 160.7, 160.2, 160.0, 160.7, 161.1, 161.0, 161.0, 162.0, 161.4, 161.9, 161.9, 161.9, 161.9, 161.9, 161.3, 160.5, 160.0, 160.5, 161.9, 160.8, 160.8, 161.3, 160.8, 160.2, 161.3, 161.6, 161.0, 160.8, 161.3, 161.3, 162.0, 162.2, 161.4, 160.8, 161.3, 161.3, 161.3, 161.3, 161.4, 162.2, 162.0, 162.7, 161.9, 162.0, 162.7, 161.9, 161.9, 162.0, 161.9, 161.9, 161.9, 161.4, 162.0, 161.6, 161.4, 161.3, 160.7, 161.3, 160.7, 161.4, 161.9, 162.5, 162.0, 161.9, 161.9, 161.8, 162.7, 161.4, 161.9, 161.9, 162.7, 161.9, 162.0, 161.9, 161.3, 162.0, 161.9, 161.3, 162.7, 162.5, 162.8, 162.7, 162.4, 161.9, 162.0, 162.5, 161.8, 161.4, 161.8, 161.8, 162.4, 162.5, 161.9, 161.9, 161.4, 161.9, 163.2, 162.0, 161.9, 162.0, 161.8, 161.9, 161.8, 161.8, 162.5, 162.7, 162.7, 161.9, 161.9, 162.5, 162.4, 161.9, 162.5, 161.3, 161.9, 162.0, 161.9, 162.8, 162.4, 162.4, 163.2, 163.2, 162.4, 162.5, 162.7, 161.9, 162.5, 162.0, 162.4, 162.5, 162.4, 161.8, 162.4, 162.4, 162.5, 163.0, 162.4, 161.9, 161.8, 161.8, 162.0, 163.0, 162.5, 162.4, 162.4, 163.2, 163.0, 163.9, 162.5, 163.2, 162.5, 162.5, 163.2, 162.5, 163.2, 163.2, 162.4, 163.2, 163.0, 163.2, 163.2, 162.7, 163.2, 162.5, 163.8, 163.8, 163.8, 162.5, 162.5, 163.0, 163.8, 163.2, 163.0, 163.3, 163.2, 163.2, 163.0, 163.0, 163.2, 162.5, 161.9, 161.8, 162.4, 161.8, 162.5, 162.5, 162.5, 163.0, 163.2, 162.5, 162.5, 162.5, 162.7, 161.9, 162.7, 162.4, 161.9, 163.2, 161.8, 162.7, 162.9, 162.4, 162.5, 162.5, 162.5, 163.2, 162.5, 162.5, 162.4, 162.5, 162.5, 162.7, 163.0, 161.9, 161.8, 161.4, 161.8, 161.3, 162.4, 162.5, 161.6, 162.5, 162.5, 162.5, 161.6, 162.5, 162.5, 161.9, 161.9, 161.9, 162.5, 162.4, 162.5, 161.8, 163.0, 163.0, 162.4, 161.9, 161.8, 161.8, 161.9, 161.8, 161.9, 161.9, 161.9, 161.9, 161.9, 161.8, 161.8, 161.3, 161.9, 161.8, 161.9, 161.9, 161.9, 161.8, 162.7, 161.9, 161.4, 161.8]"
5,"[167.1, 165.3, 164.8, 163.9, 164.7, 163.9, 163.8, 164.2, 164.8, 164.8, 165.4, 164.8, 165.4, 164.2, 164.9, 164.8, 164.3, 165.6, 165.0, 164.2, 164.9, 164.3, 164.8, 165.6, 165.0, 164.8, 164.3, 165.5, 166.2, 165.7, 165.2, 165.6, 165.8, 165.7, 165.7, 166.3, 166.3, 165.7, 164.3, 166.5, 165.8, 165.7, 165.6, 165.2, 166.4, 165.6, 165.7, 166.4, 165.2, 165.8, 165.1, 165.7, 166.3, 163.9, 165.2, 164.6, 165.1, 165.1, 165.1, 164.6, 164.5, 163.9, 165.7, 165.1, 165.2, 164.4, 165.2, 165.3, 164.6, 165.0, 164.3, 164.6, 165.8, 166.3, 164.6, 164.2, 164.9, 165.9, 164.7, 164.5, 164.0, 164.4, 163.9, 164.7, 165.3, 165.3, 165.2, 165.9, 165.4, 166.0, 165.2, 165.8, 166.6, 165.7, 165.8, 165.8, 165.2, 165.0, 165.6, 165.1, 166.3, 165.7, 165.3, 165.1, 166.4, 165.2, 165.3, 165.2, 165.2, 165.1, 165.2, 165.8, 165.2, 165.8, 164.7, 165.9, 165.2, 165.2, 165.3, 165.3, 165.7, 165.8, 166.4, 166.2, 165.9, 166.7, 165.2, 163.9, 164.5, 165.1, 164.4, 164.5, 165.1, 164.4, 165.1, 165.2, 165.1, 164.7, 165.2, 164.5, 165.3, 164.5, 164.7, 164.0, 164.7, 164.9, 165.3, 165.5, 164.7, 164.0, 164.0, 164.7, 164.5, 163.9, 164.7, 164.7, 164.5, 164.7, 164.7, 165.3, 165.3, 164.4, 164.7, 164.7, 164.5, 165.2, 164.5, 166.4, 166.5, 165.9, 165.2, 165.1, 165.8, 167.3, 165.9, 165.8, 167.2, 165.8, 165.2, 165.8, 165.3, 164.5, 164.4, 164.5, 164.4, 164.5, 165.9, 165.7, 165.2, 165.9, 165.2, 165.2, 164.5, 164.5, 163.9, 164.5, 164.5, 165.3, 163.9, 164.5, 163.8, 165.0, 164.4, 164.4, 164.5, 164.5, 164.4, 164.4, 164.5, 165.2, 166.0, 164.4, 165.2, 165.1, 164.4, 166.0, 164.4, 164.4, 164.7, 164.4, 164.4, 164.5, 165.3, 165.3, 164.4, 165.2, 164.4, 164.5, 165.8, 165.1, 165.3, 165.8, 165.2, 164.5, 165.7, 166.0, 165.7, 166.5, 165.9, 165.2, 165.9, 165.1, 166.0, 166.6, 164.4, 164.4, 165.2, 166.6, 165.2, 165.3, 166.1, 163.9, 165.3, 164.5, 164.5, 164.7, 165.3, 163.8, 164.7, 165.3, 165.3, 164.4, 164.5, 164.5, 164.5, 165.1, 165.1, 163.7, 165.8, 165.2, 164.5, 165.3, 164.5, 166.0, 164.5, 165.3, 165.2, 165.7, 165.1, 165.2, 165.8, 165.4, 164.7, 164.5, 164.7, 163.8, 164.7, 165.2, 163.9, 164.7, 165.3, 165.9, 165.2, 165.4, 165.2, 165.2, 162.8, 162.4, 162.4, 162.5, 163.7, 164.3, 164.3, 164.4, 165.1, 164.4, 164.4, 164.8, 165.9, 164.4, 165.9, 165.4, 165.3, 165.3, 164.7, 164.8, 163.9, 164.7, 164.7, 163.8, 164.7, 164.7, 164.7, 164.5, 165.9, 165.9, 165.3, 166.0, 166.6, 165.3, 165.9, 165.9, 165.1, 165.4, 165.2, 164.8, 166.0, 164.7, 165.9, 165.4, 164.7, 164.0, 165.3, 165.9, 165.9, 164.5, 165.3, 164.4, 164.7, 164.5, 165.2, 164.8, 165.3, 164.7, 163.8, 164.7, 164.7, 164.5, 164.7, 164.0, 164.2, 164.8, 164.8, 164.8, 164.9, 164.7, 164.8, 164.8, 165.4, 164.7, 165.1, 166.0, 164.4, 165.8, 166.0, 166.0, 166.6, 166.5, 165.2, 165.7, 165.7, 165.1, 165.1, 165.9, 166.5, 165.3, 165.1, 165.4, 166.0, 166.0, 164.5, 164.5, 165.4, 164.5, 164.0, 163.4, 163.8, 163.9, 164.7, 165.9, 164.0, 165.4, 164.8, 165.4, 164.7, 164.7, 165.3, 164.7, 165.4, 165.9, 165.2, 166.0, 165.3, 166.0, 165.3, 166.7, 165.3, 166.1, 166.1, 166.1, 166.1, 165.4, 166.7, 166.7, 166.8, 166.7, 166.0, 165.9, 167.3, 167.3, 166.8, 166.8, 166.8, 166.2, 167.6, 167.4, 167.5, 166.7, 167.4, 167.3, 167.3, 166.7, 167.3, 167.4, 168.0, 167.5, 167.4, 167.4, 167.5, 166.8, 166.9, 166.9, 167.0, 167.4, 166.8, 166.2, 166.2, 166.8, 166.3, 166.8, 166.7, 166.8, 167.4, 166.9, 166.8, 166.8, 166.8, 166.2, 166.2, 166.3, 166.8, 166.4, 166.9, 166.8, 167.0, 166.9, 166.9, 166.1, 166.3, 166.1, 167.5, 166.1, 165.7, 165.7, 166.2, 165.6, 165.8, 165.0, 165.7, 165.8, 165.3, 165.7, 165.6, 166.2, 165.7, 165.3, 165.8, 165.7, 165.6, 165.8, 165.7, 165.6, 165.2, 165.1, 165.6, 166.2, 166.1, 166.2, 167.5, 166.2, 166.8, 166.3, 166.0, 167.9, 166.5, 165.9, 165.3, 165.8, 165.8, 166.0, 165.9, 166.5, 165.9, 165.9, 165.3, 165.2, 165.2, 164.7, 165.2, 165.9, 165.9, 165.8, 166.0, 166.0, 165.9, 166.5, 166.4, 166.5, 167.3, 166.6, 165.9, 165.9, 165.2, 164.4, 164.5, 163.8, 164.4, 165.1, 165.2, 165.3, 164.4, 164.0, 163.9, 164.3, 163.8, 165.0, 165.1, 165.2, 165.0, 165.0, 164.5, 164.4, 165.2, 164.4, 164.4, 164.4, 165.2, 164.4, 164.4, 164.5, 163.9, 163.4, 164.0, 163.2, 163.9, 163.8, 163.3, 163.9, 163.9, 163.9, 163.9, 163.8, 163.8, 163.8, 163.8, 163.3, 163.4, 163.8, 163.8, 164.4, 163.7, 163.5, 163.2, 163.9, 163.8, 162.4, 161.9, 162.4, 162.5, 163.2]"
5,"[161.8, 162.6, 163.3, 162.8, 162.4, 162.4, 163.7, 163.8, 164.4, 165.7, 165.0, 165.1, 165.1, 165.2, 164.4, 165.7, 165.0, 165.1, 165.0, 165.1, 165.1, 164.4, 165.1, 165.0, 165.0, 165.0, 164.4, 165.1, 164.4, 164.5, 164.4, 164.4, 164.3, 163.8, 163.7, 164.3, 165.2, 164.4, 163.7, 164.5, 164.5, 164.4, 164.4, 165.2, 165.8, 164.5, 165.2, 164.4, 165.8, 164.5, 164.4, 164.5, 165.2, 164.4, 165.9, 166.6, 165.1, 163.7, 165.2, 165.2, 165.2, 164.4, 165.3, 165.1, 164.5, 165.2, 165.1, 165.2, 165.3, 165.7, 164.4, 164.4, 164.4, 164.7, 164.4, 164.5, 164.5, 165.2, 164.4, 165.3, 165.3, 165.2, 165.2, 165.9, 164.7, 165.9, 165.2, 165.3, 165.3, 165.3, 165.9, 165.3, 165.8, 165.2, 165.1, 165.2, 167.3, 164.5, 165.8, 164.7, 165.8, 164.5, 165.2, 165.3, 166.7, 165.3, 165.3, 165.3, 165.9, 165.3, 165.2, 165.9, 165.3, 165.3, 165.3, 165.3, 165.9, 166.0, 165.9, 164.7, 164.7, 165.2, 165.9, 164.5, 165.6, 165.2, 164.4, 164.4, 163.0, 163.8, 164.4, 164.5, 164.5, 164.5, 163.9, 163.9, 165.4, 164.8, 165.4, 165.1, 165.8, 164.5, 165.3, 165.4, 164.8, 165.3, 164.4, 164.5, 163.8, 164.5, 164.5, 163.9, 163.9, 164.5, 163.9, 164.5, 163.8, 164.5, 164.4, 163.9, 165.1, 164.0, 165.3, 165.3, 165.4, 165.2, 165.5, 165.8, 166.0, 166.0, 165.3, 166.0, 164.8, 164.7, 165.2, 165.1, 165.3, 164.8, 165.4, 165.4, 165.4, 164.7, 164.7, 164.4, 164.8, 164.5, 164.4, 163.9, 164.3, 164.4, 164.5, 164.7, 165.2, 164.5, 164.0, 164.0, 165.4, 164.8, 164.7, 164.8, 164.8, 165.5, 166.1, 165.5, 165.4, 166.0, 166.6, 166.1, 166.6, 166.0, 166.1, 166.2, 166.2, 166.1, 166.8, 166.8, 167.5, 166.7, 166.6, 166.1, 166.6, 167.4, 166.8, 167.3, 166.0, 166.7, 166.8, 166.7, 166.5, 166.1, 167.5, 166.7, 167.3, 166.2, 166.8, 166.6, 167.4, 166.8, 167.4, 166.8, 166.8, 166.7, 166.6, 166.7, 166.0, 165.6, 166.8, 166.8, 166.6, 167.4, 166.1, 166.6, 167.5, 166.7, 166.8, 166.7, 167.3, 166.8, 166.2, 166.8, 166.8, 166.7, 166.8, 166.7, 166.7, 166.8, 166.2, 167.4, 167.4, 166.8, 166.8, 166.8, 166.8, 166.7, 166.2, 166.8, 166.8, 166.8, 167.4, 166.2, 166.2, 166.1, 166.2, 166.8, 166.9, 166.2, 166.2, 166.2, 166.8, 166.1, 166.2, 166.0, 166.8, 166.8, 166.7, 166.8, 166.8, 166.7, 166.8, 166.2, 166.8, 166.8, 166.8, 166.8, 166.8, 166.8, 166.8, 167.4, 166.8, 166.9, 166.8, 166.8, 166.7, 166.8, 166.6, 166.2, 166.2, 166.8, 166.1, 165.5, 166.1, 166.2, 165.5, 167.4, 166.1, 166.2, 166.2, 166.1, 166.7, 166.2, 165.5, 166.1, 166.1, 166.1, 166.1, 166.8, 166.7, 166.2, 166.2, 167.4, 166.7, 166.8, 166.6, 166.8, 166.7, 166.6, 167.4, 167.5, 166.1, 166.8, 166.7, 166.7, 166.7, 166.0, 166.2, 166.8, 167.3, 166.8, 166.8, 166.7, 166.7, 166.7, 166.6, 166.0, 166.8, 166.8, 167.4, 166.1, 167.4, 167.4, 166.7, 166.7, 166.8, 166.1, 166.2, 166.8, 167.4, 166.7, 167.4, 166.8, 167.3, 166.8, 166.2, 166.8, 167.4, 166.8, 166.8, 166.2, 166.1, 166.1, 166.8, 166.7, 166.8, 167.4, 166.8, 166.2, 166.8, 166.3, 166.8, 166.8, 166.2, 166.2, 166.1, 166.2, 166.6, 166.3, 166.3, 166.0, 166.2, 165.6, 166.7, 165.0, 166.2, 166.3, 166.2, 166.3, 166.0, 166.2, 166.2, 165.6, 166.9, 165.6, 165.5, 166.8, 166.3, 166.9, 166.3, 166.9, 166.1, 166.2, 166.8, 166.9, 167.6, 166.2, 166.2, 166.3, 166.3, 166.2, 166.2, 166.2, 166.2, 166.9, 166.3, 165.6, 166.3, 166.9, 165.7, 166.5, 166.3, 166.1, 166.3, 166.2, 165.6, 166.1, 165.6, 165.0, 166.8, 165.6, 165.8, 165.6, 165.6, 166.2, 166.3, 166.3, 167.5, 166.8, 166.9, 166.3, 166.3, 165.7, 166.4, 166.4, 165.7, 165.6, 166.4, 166.4, 165.7, 164.9, 165.0, 165.6, 165.0, 165.6, 165.6, 164.3, 165.5, 165.0, 165.7, 165.6, 165.0, 165.0, 164.3, 165.0, 164.4, 164.9, 165.0, 165.6, 165.0, 166.2, 166.2, 166.1, 165.7, 164.9, 165.0, 164.9, 165.0, 166.2, 165.0, 164.2, 165.0, 164.2, 165.0, 164.9, 164.4, 164.4, 165.6, 164.9, 165.1, 164.4, 164.3, 164.9, 164.3, 164.3, 164.2, 165.0, 165.5, 165.6, 165.0, 166.1, 164.2, 165.0, 164.9, 165.0, 165.7, 165.4, 165.4, 165.4, 166.1, 165.4, 165.6, 166.1, 166.8, 166.1, 166.2, 165.4, 166.8, 165.5, 165.7, 165.6, 164.9, 166.3, 165.0, 166.2, 165.5, 165.6, 165.5, 166.1, 165.5, 166.9, 165.5, 164.9, 165.6, 166.2, 165.6, 165.5, 165.6, 164.9, 166.2, 165.5, 166.2, 166.2, 165.6, 165.5, 165.6, 165.6, 165.0, 164.9, 164.2, 164.3, 164.9, 164.9, 164.7, 165.6, 164.9, 165.6, 166.1, 165.6, 165.5, 165.6, 164.9, 165.6, 166.2, 165.6, 164.8, 164.9, 164.9, 166.2, 165.5, 166.1, 166.1, 165.5]"
5,"[166.1, 166.5, 166.5, 165.4, 165.3, 164.7, 165.4, 164.9, 166.3, 165.2, 165.7, 165.6, 165.1, 165.2, 165.2, 165.0, 164.5, 165.0, 164.9, 165.6, 165.6, 165.8, 165.0, 163.9, 165.1, 165.8, 165.5, 165.4, 164.3, 164.2, 164.0, 165.4, 165.4, 164.2, 165.3, 164.5, 164.5, 163.9, 164.0, 164.7, 165.3, 165.3, 166.8, 165.4, 165.4, 166.0, 165.4, 165.3, 164.5, 164.7, 164.5, 164.4, 163.8, 163.9, 163.3, 164.0, 164.4, 163.8, 163.9, 165.3, 165.3, 163.9, 164.4, 165.2, 165.5, 163.9, 166.0, 164.8, 165.5, 164.9, 164.8, 164.8, 165.0, 164.3, 164.9, 164.9, 164.9, 165.0, 164.2, 164.4, 164.3, 164.4, 164.3, 163.7, 164.4, 165.0, 165.0, 165.0, 165.1, 165.0, 165.0, 165.1, 165.0, 164.5, 163.9, 164.4, 164.9, 165.0, 165.6, 165.0, 164.3, 164.4, 164.9, 165.0, 164.3, 164.3, 164.9, 165.0, 164.3, 163.1, 164.4, 164.3, 164.3, 164.3, 164.3, 164.3, 165.0, 164.4, 163.8, 164.9, 165.5, 165.6, 165.0, 165.6, 165.6, 167.4, 166.6, 166.1, 164.7, 165.3, 165.9, 166.6, 166.5, 165.4, 165.9, 166.0, 166.5, 166.5, 166.5, 165.8, 165.1, 165.2, 165.3, 164.5, 165.2, 165.2, 164.5, 163.9, 164.5, 164.5, 165.2, 164.4, 163.7, 163.7, 164.3, 163.9, 163.8, 164.4, 165.2, 165.2, 166.0, 164.5, 164.7, 164.7, 165.3, 166.0, 166.0, 165.2, 166.0, 166.1, 165.2, 166.5, 166.0, 166.0, 166.1, 166.6, 166.7, 167.3, 166.8, 166.9, 166.8, 166.9, 166.8, 165.7, 164.9, 166.3, 165.5, 165.5, 165.0, 165.6, 165.0, 166.3, 166.3, 166.2, 166.1, 166.3, 165.6, 166.3, 166.9, 165.7, 165.1, 166.3, 165.5, 165.6, 166.1, 164.9, 164.9, 166.3, 165.5, 165.7, 165.7, 165.0, 165.0, 165.6, 164.9, 165.5, 165.0, 165.4, 165.5, 165.5, 165.4, 165.0, 164.9, 165.5, 164.8, 165.5, 165.5, 165.5, 165.5, 166.2, 166.2, 165.6, 165.6, 165.6, 165.5, 165.5, 166.9, 165.5, 165.6, 165.6, 166.2, 166.0, 166.0, 166.6, 166.1, 166.1, 166.6, 166.6, 166.7, 167.3, 166.7, 166.6, 166.1, 166.1, 165.4, 166.1, 164.8, 164.7, 164.5, 165.2, 165.3, 164.5, 164.7, 165.3, 163.9, 164.5, 164.0, 165.2, 165.4, 166.0, 165.2, 165.9, 166.6, 165.3, 166.0, 165.2, 166.6, 165.9, 164.4, 165.8, 164.7, 163.9, 163.9, 163.9, 164.7, 164.9, 164.0, 164.2, 163.7, 164.0, 164.2, 164.8, 164.3, 165.6, 165.6, 166.1, 165.6, 165.7, 166.2, 165.0, 165.0, 164.9, 165.5, 164.9, 164.2, 164.2, 165.4, 164.2, 164.8, 164.9, 164.9, 165.6, 165.0, 164.3, 164.3, 165.0, 164.9, 164.9, 164.9, 165.5, 164.9, 164.9, 165.0, 165.5, 165.0, 164.9, 165.4, 164.9, 164.8, 164.8, 165.5, 164.9, 164.9, 165.4, 165.4, 165.0, 164.3, 163.7, 164.2, 164.0, 164.7, 164.2, 164.9, 164.8, 164.2, 164.9, 164.7, 164.8, 166.0, 166.0, 166.0, 165.4, 166.0, 164.9, 165.3, 166.0, 164.8, 166.0, 163.9, 164.7, 165.4, 165.9, 166.0, 166.0, 166.0, 165.8, 166.5, 165.9, 165.8, 165.9, 164.7, 165.4, 165.2, 164.5, 164.5, 163.9, 164.5, 165.9, 165.3, 164.5, 164.4, 163.2, 163.2, 163.8, 164.5, 163.3, 163.9, 164.0, 163.9, 164.0, 164.2, 164.7, 164.0, 165.5, 164.7, 164.7, 164.8, 165.4, 166.8, 166.1, 166.7, 166.8, 167.4, 167.4, 166.8, 166.8, 166.7, 167.4, 166.7, 167.4, 167.4, 166.9, 167.5, 167.5, 166.3, 166.2, 166.4, 166.8, 166.2, 166.2, 166.9, 166.9, 166.9, 166.2, 166.0, 166.9, 166.8, 166.9, 166.9, 166.2, 166.3, 167.0, 167.0, 166.3, 166.9, 166.8, 166.3, 166.2, 166.9, 166.9, 166.2, 165.7, 167.5, 166.2, 166.9, 165.6, 165.6, 164.9, 164.8, 164.2, 164.9, 164.9, 164.3, 164.8, 164.9, 164.2, 164.9, 166.0, 166.1, 166.1, 165.5, 165.5, 165.5, 165.5, 165.5, 165.5, 164.9, 165.5, 164.8, 165.5, 165.5, 164.7, 164.7, 163.3, 164.8, 163.4, 165.4, 163.9, 163.8, 165.3, 165.3, 165.3, 165.3, 165.3, 165.9, 165.3, 165.9, 165.2, 165.2, 165.8, 165.8, 165.2, 165.8, 165.3, 165.2, 164.7, 164.7, 164.7, 164.5, 165.3, 164.8, 164.7, 163.9, 163.8, 162.7, 162.7, 163.4, 164.8, 163.3, 164.0, 162.9, 163.4, 163.4, 163.4, 163.4, 164.2, 165.5, 164.8, 164.2, 163.9, 163.5, 163.4, 164.2, 164.3, 163.7, 164.9, 164.9, 165.0, 166.7, 166.1, 166.8, 166.7, 166.8, 166.8, 166.8, 166.3, 166.3, 166.3, 166.3, 166.4, 166.3, 166.2, 166.4, 167.0, 167.1, 166.3, 167.7, 167.7, 167.0, 166.4, 165.7, 166.9, 166.5, 166.4, 166.4, 166.4, 167.0, 166.8, 166.7, 165.5, 165.6, 166.9, 166.9, 167.0, 166.9, 167.7, 167.0, 166.9, 167.0, 167.0, 167.1, 167.1, 167.1, 167.0, 167.6, 167.1, 167.1, 167.1, 167.1, 167.1, 167.1, 167.7, 167.6, 166.5, 166.9, 167.1, 166.4, 165.7, 165.7, 165.0, 164.6, 164.4, 165.0, 164.8, 164.2, 164.7, 165.5, 164.9, 164.9, 163.9]"
5,"[167.2, 166.5, 165.7, 165.3, 165.2, 165.3, 165.3, 165.3, 164.8, 165.4, 165.4, 165.4, 165.5, 164.7, 165.3, 165.3, 165.3, 165.3, 165.3, 165.3, 165.4, 165.4, 165.4, 166.1, 166.0, 165.4, 166.0, 166.1, 165.5, 166.0, 166.0, 166.1, 166.0, 166.1, 166.1, 166.0, 166.1, 166.1, 165.4, 166.6, 166.0, 165.4, 165.3, 166.0, 165.9, 165.9, 166.0, 166.0, 165.3, 165.3, 164.7, 164.7, 165.3, 165.3, 165.3, 166.1, 166.0, 165.3, 165.4, 165.4, 165.4, 166.0, 165.4, 166.0, 165.4, 165.5, 165.5, 165.5, 165.5, 165.5, 166.0, 166.0, 166.1, 166.0, 166.0, 166.0, 166.0, 166.6, 166.6, 166.0, 165.4, 166.0, 166.0, 166.7, 166.6, 165.4, 166.0, 166.0, 165.5, 166.0, 166.0, 165.4, 165.5, 165.4, 165.5, 166.2, 164.8, 165.5, 165.5, 165.5, 165.5, 165.5, 166.0, 166.0, 166.0, 166.0, 166.1, 166.0, 166.1, 166.1, 166.7, 166.0, 166.0, 166.0, 165.6, 166.2, 165.6, 166.1, 166.1, 166.2, 166.1, 166.1, 166.2, 166.0, 166.0, 165.3, 166.5, 165.1, 165.7, 165.8, 166.5, 165.8, 165.3, 165.3, 165.2, 166.6, 166.0, 165.9, 165.7, 166.0, 166.6, 165.9, 166.5, 167.3, 166.7, 166.6, 166.5, 166.7, 166.5, 167.3, 166.6, 166.6, 166.6, 166.0, 166.6, 166.6, 166.7, 168.0, 167.3, 167.3, 166.7, 166.7, 166.7, 166.0, 166.1, 166.0, 166.0, 166.0, 166.6, 166.1, 166.6, 166.6, 166.6, 166.7, 166.6, 166.7, 166.7, 166.6, 166.7, 166.8, 166.6, 166.6, 166.8, 166.7, 166.0, 166.7, 166.2, 166.1, 166.6, 166.2, 166.8, 166.6, 166.8, 166.2, 166.2, 166.3, 167.4, 166.6, 165.5, 166.1, 166.2, 166.0, 166.6, 166.2, 166.7, 166.7, 166.8, 166.0, 166.7, 166.6, 166.8, 166.6, 166.8, 166.6, 166.7, 166.2, 166.7, 166.7, 166.1, 166.7, 166.7, 166.7, 166.1, 166.7, 166.1, 166.2, 166.7, 166.2, 166.2, 166.0, 165.6, 166.6, 166.7, 166.8, 166.6, 166.8, 166.6, 166.7, 166.1, 166.8, 166.7, 166.7, 166.6, 166.7, 166.1, 166.1, 166.6, 166.6, 166.8, 166.6, 166.7, 166.6, 166.2, 166.2, 167.3, 166.8, 166.1, 166.7, 166.8, 166.1, 166.8, 166.1, 166.6, 166.1, 166.3, 166.1, 166.7, 166.6, 167.3, 166.1, 166.1, 166.1, 166.2, 166.7, 166.0, 166.8, 166.2, 165.9, 166.7, 166.1, 166.7, 166.6, 166.1, 166.2, 166.6, 166.7, 166.6, 166.7, 166.2, 166.2, 165.5, 166.2, 166.7, 166.1, 166.1, 166.8, 166.8, 166.8, 166.2, 166.2, 166.2, 166.1, 166.1, 166.1, 166.2, 166.7, 166.8, 166.8, 166.6, 166.6, 166.7, 167.3, 166.7, 166.7, 166.6, 166.8, 166.2, 166.6, 166.8, 166.6, 166.8, 167.3, 167.3, 166.7, 167.4, 166.7, 166.8, 166.7, 166.8, 166.7, 166.0, 166.1, 166.0, 166.6, 166.1, 166.1, 166.6, 166.7, 166.7, 167.3, 166.7, 166.6, 166.6, 166.7, 166.8, 167.4, 166.8, 166.7, 166.6, 166.6, 168.0, 167.4, 167.3, 167.4, 166.8, 167.3, 167.3, 167.3, 167.3, 167.4, 166.8, 166.7, 166.1, 166.7, 166.7, 166.7, 166.7, 166.7, 166.7, 166.7, 167.3, 166.2, 167.3, 166.1, 166.8, 167.4, 166.7, 166.8, 167.5, 167.4, 166.8, 167.3, 166.1, 166.6, 167.3, 166.9, 167.4, 167.4, 166.7, 166.8, 166.6, 166.1, 166.7, 167.4, 166.8, 167.3, 166.7, 166.8, 166.7, 167.4, 166.6, 166.7, 166.7, 167.3, 166.7, 166.1, 166.1, 166.1, 166.1, 166.6, 166.1, 166.7, 166.8, 166.0, 166.7, 166.8, 166.7, 166.5, 166.0, 166.7, 166.1, 166.6, 166.0, 166.0, 165.5, 165.9, 166.8, 166.1, 166.0, 166.7, 166.1, 166.1, 166.5, 166.7, 167.3, 166.7, 166.6, 166.2, 166.5, 166.1, 166.6, 166.1, 166.7, 165.9, 165.4, 165.6, 166.0, 166.7, 166.6, 166.1, 166.0, 166.0, 166.0, 166.1, 165.4, 166.0, 166.0, 166.0, 166.0, 166.1, 166.1, 166.7, 166.0, 164.8, 166.7, 165.4, 166.7, 166.1, 166.0, 165.9, 166.0, 166.7, 166.7, 165.5, 166.7, 166.1, 166.1, 166.7, 166.1, 166.1, 166.7, 166.7, 166.1, 165.5, 166.0, 166.7, 166.6, 166.0, 166.1, 165.5, 166.1, 166.7, 166.1, 164.9, 166.1, 166.1, 166.1, 166.1, 166.7, 166.1, 165.5, 166.1, 166.1, 165.4, 166.1, 165.4, 166.7, 166.1, 165.4, 166.1, 165.5, 166.1, 166.1, 166.7, 166.7, 166.1, 166.1, 166.7, 165.5, 165.5, 165.5, 165.5, 165.5, 166.1, 165.5, 166.1, 166.1, 166.1, 166.0, 166.1, 166.1, 166.1, 166.1, 166.1, 166.7, 166.7, 166.1, 166.1, 166.1, 166.8, 165.5, 166.1, 166.1, 166.2, 166.1, 166.1, 166.1, 166.1, 166.7, 166.7, 166.7, 166.1, 166.2, 165.6, 166.2, 166.2, 166.7, 166.8, 166.2, 166.1, 166.0, 165.4, 166.1, 165.4, 166.1, 166.7, 165.5, 166.7, 165.5, 166.7, 165.5, 166.1, 166.1, 166.1, 166.1, 166.2, 166.2, 166.7, 166.8, 166.1, 166.1, 166.1, 166.7, 166.7, 166.8, 166.0, 165.6, 166.8, 166.8, 166.8, 166.2, 166.7, 166.8, 166.0, 166.1, 166.0, 166.1, 166.1, 166.7, 166.1]"
5,"[166.5, 166.5, 166.5, 165.4, 164.0, 163.9, 163.9, 162.8, 163.4, 163.4, 164.0, 162.8, 162.7, 164.0, 162.9, 162.2, 164.0, 164.2, 164.0, 163.5, 162.2, 162.3, 162.9, 163.5, 162.9, 161.7, 163.1, 163.2, 163.8, 164.3, 163.7, 163.1, 164.5, 165.6, 165.6, 166.5, 167.0, 168.8, 167.1, 166.6, 166.5, 167.1, 167.7, 168.3, 167.7, 166.4, 167.0, 166.9, 165.7, 165.7, 166.4, 165.8, 165.7, 166.3, 165.1, 165.1, 167.1, 165.8, 166.6, 166.4, 165.9, 166.1, 164.6, 165.3, 166.5, 167.1, 165.9, 166.5, 166.5, 166.6, 165.9, 167.1, 166.4, 166.0, 165.3, 166.5, 165.3, 165.8, 165.7, 165.3, 166.5, 166.6, 165.9, 165.8, 166.5, 165.8, 165.8, 165.1, 165.9, 166.3, 167.0, 167.1, 166.2, 167.0, 166.2, 165.0, 165.6, 166.2, 165.6, 165.6, 166.2, 165.2, 165.6, 166.3, 165.7, 165.8, 165.7, 166.4, 166.2, 167.0, 167.1, 165.6, 165.7, 165.2, 165.7, 166.5, 165.7, 167.1, 167.0, 167.0, 167.1, 166.3, 165.1, 165.0, 166.7, 167.4, 166.8, 167.4, 168.0, 167.3, 167.3, 167.3, 166.7, 167.3, 166.7, 167.4, 167.3, 167.4, 167.4, 166.7, 167.4, 166.8, 167.4, 166.8, 166.1, 167.4, 167.3, 167.4, 166.7, 167.3, 167.5, 167.5, 167.4, 167.5, 167.5, 167.3, 168.2, 168.1, 167.5, 166.8, 168.1, 167.5, 167.5, 167.4, 167.5, 167.4, 167.4, 167.4, 168.0, 168.1, 168.0, 167.5, 166.8, 166.9, 167.5, 167.5, 167.3, 167.3, 166.7, 166.8, 166.6, 167.4, 167.3, 166.7, 167.4, 167.4, 166.7, 167.3, 166.6, 167.3, 167.4, 167.4, 166.8, 168.0, 168.0, 167.3, 167.4, 166.7, 167.3, 167.4, 166.7, 167.3, 167.3, 167.3, 167.3, 167.3, 167.4, 167.3, 167.4, 168.0, 167.4, 168.0, 168.0, 167.3, 168.0, 168.0, 168.0, 167.3, 167.3, 167.3, 167.4, 167.4, 167.3, 168.0, 168.0, 168.0, 168.0, 166.8, 168.0, 166.7, 167.4, 167.3, 168.0, 167.4, 168.0, 168.1, 168.0, 167.3, 166.7, 167.3, 167.3, 166.8, 167.4, 167.3, 167.3, 166.6, 167.4, 167.3, 167.4, 166.8, 168.0, 167.4, 167.4, 167.4, 168.0, 168.0, 167.3, 167.4, 167.3, 166.6, 167.3, 166.6, 166.5, 165.8, 165.9, 167.3, 165.3, 165.9, 165.9, 165.9, 166.6, 167.2, 165.9, 166.7, 166.5, 166.5, 165.3, 165.3, 166.6, 166.7, 167.3, 167.3, 165.8, 167.3, 167.3, 168.0, 167.3, 167.9, 167.3, 167.4, 167.3, 166.7, 166.5, 167.3, 167.3, 166.7, 165.9, 165.9, 166.6, 165.9, 166.1, 165.3, 166.1, 165.4, 165.9, 166.0, 166.1, 165.3, 165.3, 165.3, 166.0, 165.9, 165.3, 167.2, 165.8, 165.3, 165.2, 166.0, 166.0, 166.0, 165.9, 166.7, 166.7, 165.9, 166.0, 166.6, 165.4, 165.3, 165.9, 166.0, 166.5, 165.9, 166.6, 165.9, 166.7, 166.5, 166.0, 166.0, 166.0, 165.9, 166.1, 165.9, 166.0, 165.4, 165.9, 165.8, 166.6, 165.8, 165.1, 165.8, 165.8, 165.2, 166.5, 165.3, 166.5, 165.8, 165.3, 165.2, 165.2, 165.8, 165.1, 165.8, 163.9, 164.5, 164.4, 164.4, 166.0, 165.1, 165.1, 163.8, 164.4, 165.1, 165.9, 165.1, 164.7, 164.7, 165.7, 165.3, 163.9, 164.5, 163.8, 164.5, 163.8, 163.8, 164.5, 164.5, 164.5, 164.5, 165.3, 166.5, 167.3, 166.8, 167.5, 167.5, 167.5, 166.7, 167.4, 166.9, 166.9, 168.1, 167.4, 166.9, 166.8, 167.5, 167.6, 167.5, 167.5, 167.5, 167.5, 167.4, 168.7, 168.0, 167.4, 167.5, 167.4, 167.3, 168.1, 168.1, 168.1, 167.4, 166.9, 167.5, 167.4, 166.8, 168.7, 168.1, 167.4, 167.5, 168.0, 168.1, 168.1, 166.8, 168.1, 168.1, 167.5, 167.6, 167.4, 168.2, 168.0, 166.7, 167.5, 167.4, 167.4, 166.9, 167.6, 168.1, 168.1, 166.9, 167.5, 166.8, 166.9, 166.8, 167.0, 167.1, 167.0, 167.0, 167.0, 167.0, 167.0, 166.8, 166.4, 167.0, 165.7, 166.2, 166.2, 166.9, 167.5, 167.5, 167.5, 166.9, 167.6, 166.9, 166.4, 166.9, 167.0, 167.1, 167.6, 167.0, 166.4, 167.0, 166.3, 167.0, 167.1, 166.4, 166.4, 167.6, 167.6, 167.6, 167.0, 167.0, 167.6, 167.0, 167.6, 167.0, 166.3, 167.6, 167.6, 167.5, 166.8, 166.9, 167.0, 166.8, 166.9, 167.5, 167.0, 167.5, 166.4, 166.3, 166.3, 167.0, 166.3, 166.4, 166.3, 167.6, 166.3, 166.4, 166.4, 166.9, 165.8, 167.1, 166.4, 166.4, 166.9, 165.9, 166.3, 165.1, 165.2, 165.6, 165.7, 165.8, 165.7, 165.8, 165.0, 165.7, 165.1, 165.3, 165.2, 164.7, 165.7, 165.2, 165.7, 164.5, 165.6, 165.7, 166.3, 166.3, 165.7, 166.4, 165.6, 164.9, 166.3, 165.7, 166.9, 166.3, 166.9, 166.9, 166.3, 166.4, 165.8, 166.3, 167.0, 166.3, 166.3, 165.7, 166.4, 166.4, 166.4, 166.9, 166.4, 165.6, 165.7, 166.4, 166.3, 167.0, 166.3, 165.7, 165.7, 166.4, 166.3, 167.0, 166.3, 166.3, 165.7, 166.2, 165.7, 166.3, 165.6, 166.3, 165.5, 165.7, 165.7, 165.8, 165.8, 165.8, 166.3, 166.3, 166.4, 165.7, 166.3, 165.7]"
5,"[165.6, 164.7, 165.8, 165.9, 164.7, 164.8, 164.3, 164.4, 165.7, 165.2, 165.1, 165.2, 165.1, 164.4, 165.2, 165.1, 164.6, 164.4, 165.0, 164.4, 164.5, 165.0, 164.4, 165.6, 164.3, 165.0, 165.1, 165.7, 165.0, 165.1, 165.1, 164.5, 163.9, 164.4, 165.0, 164.5, 165.0, 164.3, 165.0, 165.1, 165.7, 165.1, 164.5, 165.7, 165.7, 165.7, 165.7, 166.3, 166.3, 165.8, 165.2, 165.8, 165.2, 165.7, 165.1, 165.0, 165.1, 163.8, 165.1, 165.1, 165.0, 165.2, 165.1, 165.0, 165.0, 165.0, 165.2, 164.4, 165.1, 164.3, 164.4, 163.8, 165.0, 165.1, 164.4, 165.0, 165.1, 165.1, 165.1, 165.0, 164.9, 165.0, 165.0, 164.4, 165.0, 165.7, 164.5, 165.6, 165.7, 165.1, 165.0, 164.9, 164.4, 164.9, 165.0, 164.9, 164.4, 163.8, 164.4, 165.6, 165.0, 163.8, 165.7, 164.4, 165.0, 163.8, 164.3, 163.8, 164.4, 163.8, 165.0, 164.0, 164.4, 164.9, 164.4, 165.0, 165.0, 165.7, 165.6, 164.3, 165.0, 165.5, 165.0, 165.0, 164.8, 164.8, 165.5, 166.1, 166.8, 167.3, 167.5, 166.7, 166.6, 166.7, 166.5, 165.9, 166.0, 166.0, 166.8, 166.6, 165.4, 166.7, 166.6, 166.8, 166.1, 166.1, 165.3, 166.0, 165.3, 165.9, 165.9, 165.4, 166.7, 166.6, 166.7, 168.0, 166.8, 168.0, 166.8, 167.5, 166.7, 166.7, 166.7, 167.4, 168.1, 167.6, 168.2, 167.6, 167.6, 166.8, 167.5, 167.0, 165.7, 166.3, 166.9, 168.2, 167.5, 167.5, 168.2, 168.0, 167.5, 167.7, 166.4, 167.5, 167.5, 168.0, 168.1, 168.1, 167.4, 168.7, 168.0, 168.1, 168.0, 167.3, 167.8, 167.1, 168.0, 168.0, 167.3, 167.5, 167.3, 167.3, 167.4, 167.3, 167.4, 167.4, 167.3, 167.4, 168.0, 166.8, 167.4, 165.9, 166.6, 166.6, 166.7, 166.7, 167.3, 166.6, 166.6, 165.3, 166.0, 166.0, 165.9, 166.5, 166.6, 165.8, 165.8, 165.9, 165.9, 165.9, 165.2, 165.1, 165.8, 165.1, 165.7, 165.7, 165.7, 165.7, 165.2, 165.1, 166.5, 166.4, 165.8, 165.7, 165.2, 165.6, 167.1, 165.8, 165.8, 165.9, 164.5, 164.7, 165.8, 165.3, 165.3, 165.7, 165.1, 165.2, 165.8, 165.7, 165.8, 166.4, 165.1, 164.5, 165.0, 165.0, 165.1, 166.5, 165.9, 165.7, 165.7, 165.6, 165.1, 165.2, 165.7, 164.4, 166.5, 165.1, 165.2, 165.2, 165.1, 165.8, 165.1, 166.5, 165.7, 165.1, 165.1, 165.7, 165.7, 165.1, 165.2, 165.8, 165.7, 165.1, 165.7, 165.7, 165.8, 165.8, 165.8, 165.2, 165.7, 165.2, 165.1, 165.2, 165.2, 165.8, 165.2, 166.5, 165.2, 165.2, 166.0, 165.8, 165.2, 165.1, 165.7, 165.8, 165.8, 165.2, 165.7, 165.2, 165.9, 164.5, 165.1, 165.2, 166.5, 165.8, 166.5, 165.8, 165.8, 165.8, 165.1, 166.1, 166.0, 166.6, 166.6, 165.2, 165.8, 164.5, 166.6, 165.9, 165.1, 165.8, 165.3, 165.8, 165.8, 165.9, 165.1, 165.1, 165.2, 165.0, 165.1, 165.7, 165.7, 165.1, 165.1, 165.7, 165.7, 165.8, 165.7, 165.1, 165.8, 165.7, 167.2, 165.7, 166.6, 166.5, 164.7, 165.7, 165.1, 166.1, 165.1, 165.1, 165.2, 165.2, 165.8, 165.8, 165.2, 165.1, 165.8, 165.2, 165.8, 165.0, 165.3, 165.7, 165.2, 165.8, 164.4, 165.1, 165.2, 165.1, 164.4, 165.3, 164.4, 164.5, 165.2, 165.1, 165.3, 165.2, 165.3, 165.2, 165.8, 165.1, 164.3, 165.3, 165.3, 165.2, 165.3, 165.2, 166.5, 165.8, 167.2, 165.9, 165.2, 165.8, 165.9, 165.2, 165.2, 165.2, 165.8, 165.3, 165.9, 165.8, 165.9, 165.8, 165.8, 165.3, 167.3, 167.3, 165.8, 165.9, 166.7, 165.8, 166.7, 166.7, 165.9, 167.3, 166.7, 167.3, 167.3, 166.5, 166.5, 166.6, 165.3, 166.6, 165.3, 166.6, 166.6, 166.0, 165.9, 166.6, 165.3, 166.7, 166.8, 165.3, 166.0, 166.1, 165.3, 165.3, 165.9, 166.7, 167.3, 165.3, 165.9, 165.9, 166.7, 167.3, 165.9, 165.9, 166.0, 167.3, 167.3, 166.6, 165.3, 166.7, 166.6, 167.3, 165.8, 166.7, 166.6, 166.7, 166.7, 166.7, 166.7, 166.7, 166.9, 166.2, 167.4, 165.9, 166.9, 167.4, 167.4, 166.8, 166.8, 166.8, 166.7, 168.0, 166.8, 166.8, 166.6, 166.8, 166.8, 167.3, 166.7, 167.3, 166.3, 167.4, 167.4, 166.7, 168.0, 167.5, 167.5, 167.3, 168.0, 167.5, 166.9, 167.0, 166.3, 166.9, 166.8, 165.6, 167.0, 167.5, 167.0, 166.4, 165.8, 166.3, 166.4, 166.3, 166.3, 167.6, 167.5, 166.4, 166.5, 166.9, 166.9, 165.6, 165.7, 166.4, 165.8, 166.4, 166.4, 167.0, 166.5, 167.6, 167.1, 167.0, 166.3, 165.7, 166.5, 167.1, 166.4, 167.1, 166.5, 165.8, 165.8, 166.0, 165.8, 165.2, 164.5, 165.8, 165.1, 165.7, 166.3, 165.7, 165.8, 165.6, 166.4, 166.3, 165.8, 165.8, 166.3, 165.8, 167.1, 165.8, 165.7, 165.2, 165.2, 165.0, 164.6, 165.2, 165.0, 165.8, 165.3, 165.2, 165.7, 165.8, 165.7, 165.8, 166.3, 164.4, 165.7, 165.8, 165.8, 165.8, 165.1, 165.7, 165.1, 165.1, 165.8, 165.1]"
5,"[156.8, 159.3, 159.3, 159.6, 159.0, 158.0, 157.2, 158.7, 157.2, 157.6, 157.6, 159.3, 159.1, 159.3, 159.3, 159.5, 158.7, 159.3, 159.3, 159.3, 159.5, 158.7, 158.4, 160.1, 158.2, 159.7, 158.7, 158.7, 157.4, 157.6, 158.4, 157.4, 159.5, 158.6, 158.6, 158.2, 158.4, 158.4, 158.8, 159.0, 160.1, 157.8, 160.5, 157.8, 160.1, 159.9, 159.2, 158.4, 159.0, 159.3, 159.4, 158.8, 158.0, 158.2, 158.0, 158.0, 158.2, 158.6, 157.2, 157.6, 158.6, 157.4, 158.2, 157.4, 158.4, 159.3, 159.8, 159.3, 157.4, 159.3, 159.3, 159.3, 158.6, 159.1, 159.7, 159.7, 159.1, 159.1, 158.0, 158.5, 158.2, 159.0, 158.8, 158.6, 158.4, 159.2, 159.8, 160.2, 160.1, 160.1, 158.4, 158.4, 158.2, 158.8, 159.3, 159.1, 159.1, 158.4, 158.4, 158.2, 158.2, 157.6, 157.6, 157.4, 158.2, 157.4, 157.4, 157.2, 158.4, 157.4, 158.2, 158.8, 159.3, 157.2, 158.8, 157.6, 158.0, 157.6, 158.2, 157.2, 157.6, 158.2, 158.4, 158.0, 157.4, 156.6, 156.2, 155.6, 155.8, 155.6, 155.6, 155.4, 155.2, 156.4, 157.2, 156.6, 158.4, 158.4, 158.2, 158.4, 158.4, 157.8, 158.5, 158.8, 158.6, 159.1, 158.6, 159.4, 159.1, 159.3, 159.1, 159.9, 159.9, 159.9, 159.7, 159.9, 159.9, 159.7, 159.7, 159.7, 160.2, 160.3, 159.4, 159.5, 160.3, 159.7, 159.7, 159.9, 159.7, 158.6, 158.6, 158.5, 159.1, 158.2, 158.8, 158.5, 159.7, 159.7, 159.9, 159.7, 159.3, 159.1, 160.0, 160.5, 159.3, 160.2, 160.2, 160.7, 160.8, 160.0, 161.0, 160.8, 160.4, 160.8, 160.8, 161.1, 160.5, 160.7, 160.7, 161.4, 160.8, 160.8, 160.7, 160.8, 160.8, 161.4, 160.4, 160.8, 160.8, 160.2, 161.0, 160.8, 161.0, 160.7, 161.0, 160.8, 161.4, 161.3, 160.7, 161.4, 161.4, 161.4, 160.7, 161.4, 161.3, 161.3, 160.8, 160.8, 161.4, 161.4, 160.5, 161.6, 160.8, 160.7, 160.8, 160.8, 161.3, 160.8, 160.8, 161.4, 161.3, 161.3, 161.4, 161.3, 161.4, 161.4, 161.1, 161.4, 161.3, 161.3, 162.0, 161.3, 161.3, 161.4, 161.3, 161.4, 161.9, 161.9, 161.3, 161.4, 161.3, 161.3, 161.1, 161.1, 161.3, 161.4, 161.4, 161.6, 160.7, 161.4, 161.3, 160.8, 160.7, 160.8, 160.7, 160.7, 160.7, 161.4, 161.4, 161.3, 161.3, 161.4, 160.7, 161.1, 161.1, 161.8, 161.3, 161.1, 161.0, 161.1, 161.0, 160.8, 161.1, 161.6, 161.6, 161.6, 161.0, 161.6, 160.8, 160.8, 162.1, 161.6, 161.0, 161.1, 161.0, 161.8, 161.1, 161.4, 161.8, 161.4, 161.4, 161.4, 161.9, 161.3, 161.4, 161.4, 161.4, 161.4, 160.7, 160.7, 161.1, 161.3, 162.0, 160.8, 161.6, 160.8, 161.4, 161.3, 162.0, 161.8, 161.8, 161.9, 161.9, 161.9, 162.4, 163.2, 162.3, 163.5, 164.1, 164.2, 164.2, 163.5, 164.1, 162.9, 162.9, 163.5, 163.5, 162.8, 163.4, 163.4, 164.2, 163.5, 163.4, 162.1, 161.6, 162.4, 162.3, 162.9, 162.4, 161.3, 160.5, 161.1, 161.8, 162.5, 162.9, 162.1, 162.9, 161.8, 162.3, 161.8, 162.4, 161.8, 162.4, 162.4, 161.8, 162.5, 163.0, 162.5, 162.4, 161.8, 162.5, 161.9, 162.4, 162.4, 163.7, 163.0, 163.7, 163.0, 162.4, 162.9, 163.2, 162.7, 162.9, 163.3, 163.2, 162.9, 163.7, 163.8, 162.3, 163.2, 162.5, 163.7, 162.8, 162.9, 162.9, 163.7, 163.8, 163.2, 163.5, 164.2, 163.2, 163.8, 164.4, 164.2, 164.2, 164.2, 164.8, 164.3, 165.0, 165.0, 164.8, 163.5, 164.2, 164.1, 163.5, 164.3, 163.5, 163.5, 163.7, 163.7, 163.7, 164.2, 164.3, 164.8, 163.9, 163.7, 163.0, 163.7, 163.0, 163.5, 163.7, 163.8, 164.2, 163.5, 164.3, 164.2, 164.8, 164.3, 163.9, 163.7, 163.8, 163.8, 163.8, 164.3, 164.5, 163.9, 164.4, 163.8, 164.4, 164.4, 164.3, 163.5, 164.3, 163.7, 164.3, 163.8, 165.1, 163.8, 164.4, 165.0, 163.8, 164.2, 164.3, 163.7, 164.4, 163.7, 164.4, 164.4, 163.8, 163.8, 165.2, 164.8, 165.0, 164.4, 164.5, 164.3, 164.4, 164.3, 163.7, 165.2, 163.8, 164.4, 164.4, 164.4, 165.1, 164.4, 164.4, 164.5, 163.9, 163.9, 165.1, 164.7, 163.9, 165.3, 165.3, 165.2, 165.2, 165.2, 164.5, 165.2, 165.4, 164.5, 165.2, 165.2, 164.7, 165.3, 165.2, 164.5, 165.3, 164.7, 164.7, 165.3, 164.7, 165.3, 164.5, 163.9, 164.4, 164.0, 164.5, 164.7, 164.0, 164.7, 165.3, 165.4, 165.9, 165.3, 165.2, 165.8, 166.0, 165.8, 165.8, 165.2, 164.4, 165.3, 165.1, 165.2, 165.2, 165.8, 165.2, 165.8, 165.8, 165.2, 165.2, 165.3, 165.8, 165.4, 164.7, 165.3, 164.8, 164.7, 165.9, 164.7, 165.2, 165.3, 165.4, 165.3, 166.0, 165.3, 165.4, 165.3, 165.4, 165.4, 165.2, 165.2, 165.3, 165.2, 165.3, 165.9, 165.8, 165.8, 165.8, 165.9, 165.1, 166.5, 166.5, 166.5, 166.5, 165.9, 167.3, 165.9, 166.5, 166.5, 165.8, 165.8, 165.1, 165.2, 163.8, 165.1, 165.1, 164.4]"
5,"[166.5, 165.8, 164.0, 164.5, 165.4, 164.5, 165.3, 165.5, 166.3, 166.1, 165.5, 165.6, 164.8, 166.2, 164.8, 165.4, 165.4, 165.4, 166.2, 166.8, 166.2, 166.8, 165.9, 166.6, 166.0, 166.8, 165.5, 166.8, 166.2, 165.6, 165.7, 165.2, 166.3, 165.8, 165.2, 165.8, 165.6, 165.0, 165.8, 165.7, 165.1, 165.1, 165.1, 165.1, 165.2, 165.1, 165.2, 163.8, 165.1, 165.8, 165.8, 165.8, 164.4, 165.1, 165.2, 164.4, 165.2, 165.2, 164.6, 165.2, 164.6, 164.5, 165.2, 165.2, 165.2, 165.3, 165.8, 164.6, 165.6, 165.6, 166.3, 166.9, 167.3, 166.5, 166.5, 165.8, 165.8, 167.3, 167.3, 166.8, 167.5, 167.4, 167.2, 167.3, 167.3, 167.3, 167.3, 168.0, 167.4, 167.3, 166.5, 166.5, 165.9, 165.2, 167.3, 166.5, 165.8, 167.3, 167.3, 168.0, 168.0, 168.0, 168.0, 166.8, 167.4, 167.4, 166.7, 167.3, 167.4, 168.0, 167.3, 167.3, 166.6, 167.3, 168.0, 167.4, 167.5, 167.4, 167.4, 166.1, 166.8, 166.9, 166.7, 167.3, 166.6, 164.5, 165.2, 165.9, 165.8, 165.9, 165.3, 165.9, 165.3, 165.8, 165.3, 165.3, 165.2, 166.1, 166.0, 166.7, 166.7, 166.6, 166.5, 166.7, 166.7, 166.8, 166.1, 167.3, 166.7, 166.7, 165.8, 166.1, 166.5, 166.0, 166.6, 165.4, 165.2, 165.8, 165.8, 165.9, 165.2, 165.9, 163.8, 162.8, 162.3, 163.8, 164.4, 165.9, 165.2, 165.8, 165.2, 165.8, 165.4, 165.2, 165.1, 165.2, 164.4, 164.4, 164.5, 164.4, 164.5, 164.7, 165.3, 163.9, 164.5, 163.9, 164.4, 164.7, 164.5, 165.3, 164.5, 163.8, 162.9, 163.7, 163.7, 162.9, 162.9, 162.3, 162.8, 162.1, 162.1, 162.9, 162.3, 162.9, 162.1, 162.3, 162.9, 162.9, 162.3, 163.0, 162.1, 162.9, 163.5, 163.5, 162.3, 162.8, 162.3, 162.1, 162.9, 162.9, 162.9, 162.9, 162.6, 162.3, 162.3, 163.0, 162.1, 162.3, 161.1, 160.3, 161.3, 162.4, 162.5, 163.0, 162.3, 162.4, 162.4, 160.7, 160.3, 159.1, 158.1, 158.3, 159.3, 158.5, 159.7, 159.7, 160.3, 159.5, 159.7, 159.5, 160.5, 159.7, 159.7, 159.1, 158.6, 158.3, 158.0, 158.0, 158.5, 158.0, 157.4, 158.8, 158.4, 158.0, 159.3, 158.2, 158.8, 158.2, 158.8, 158.8, 158.0, 157.6, 158.0, 158.0, 159.5, 159.5, 157.6, 157.8, 157.8, 157.8, 158.0, 157.4, 157.7, 157.4, 157.6, 157.6, 158.0, 157.2, 157.4, 157.4, 158.0, 157.8, 157.6, 158.0, 158.2, 160.2, 158.2, 157.6, 158.0, 158.0, 158.2, 158.9, 158.0, 158.7, 158.2, 157.6, 159.9, 159.5, 159.3, 158.0, 158.6, 158.2, 157.8, 158.0, 158.0, 156.2, 157.5, 156.8, 156.8, 157.8, 157.8, 157.8, 157.7, 158.2, 158.4, 158.4, 158.0, 158.2, 157.2, 157.2, 157.4, 156.4, 158.0, 156.6, 157.8, 157.7, 157.2, 157.8, 156.4, 157.4, 156.4, 157.8, 158.6, 157.4, 157.7, 156.4, 156.6, 156.2, 156.2, 155.6, 156.2, 157.8, 157.7, 156.6, 157.2, 157.2, 156.4, 156.4, 156.2, 156.4, 156.6, 157.0, 156.2, 157.0, 158.4, 158.2, 158.0, 158.2, 159.3, 158.7, 159.9, 158.2, 160.0, 159.3, 158.8, 158.6, 158.5, 157.2, 158.0, 158.0, 157.7, 158.2, 158.0, 157.2, 157.0, 157.7, 156.2, 157.0, 157.2, 158.2, 159.0, 158.8, 158.6, 160.1, 158.0, 157.4, 157.0, 156.0, 156.2, 157.8, 156.8, 157.5, 158.6, 158.2, 158.8, 158.5, 158.3, 157.9, 157.7, 158.3, 157.9, 158.1, 158.5, 159.1, 159.1, 159.1, 158.0, 157.6, 157.8, 157.6, 158.4, 158.0, 158.8, 158.4, 158.0, 158.4, 158.4, 157.6, 158.2, 157.6, 157.6, 159.0, 158.6, 157.8, 158.2, 157.8, 157.6, 157.6, 158.8, 158.8, 158.8, 158.0, 158.8, 158.6, 157.6, 158.8, 158.4, 159.0, 158.6, 158.6, 158.2, 158.0, 159.4, 159.0, 158.6, 157.6, 159.2, 158.4, 158.2, 158.2, 158.8, 159.3, 158.8, 159.4, 158.6, 159.0, 158.2, 158.0, 159.3, 158.6, 159.1, 159.1, 159.1, 159.4, 159.3, 159.4, 159.6, 159.3, 159.4, 159.3, 159.3, 159.4, 159.3, 161.3, 161.3, 161.3, 161.3, 161.1, 161.1, 161.9, 161.6, 161.9, 161.9, 162.5, 162.0, 162.7, 163.3, 162.2, 162.3, 162.7, 163.3, 162.7, 163.3, 162.5, 163.0, 163.2, 163.2, 163.8, 163.8, 164.4, 163.8, 165.2, 165.1, 164.7, 165.4, 166.5, 165.2, 165.3, 165.3, 165.9, 165.3, 165.9, 165.2, 165.9, 165.3, 165.3, 165.3, 165.3, 166.0, 165.2, 165.3, 165.3, 165.2, 165.1, 164.5, 164.5, 165.3, 165.2, 165.3, 164.5, 165.2, 163.9, 163.3, 164.3, 165.2, 164.5, 165.1, 165.2, 165.2, 163.9, 163.3, 163.7, 163.2, 163.8, 163.8, 165.1, 163.8, 163.8, 165.1, 165.1, 165.2, 164.5, 165.1, 163.8, 163.8, 163.3, 164.4, 163.3, 163.9, 163.9, 164.4, 164.3, 164.4, 164.4, 165.2, 164.7, 164.4, 165.3, 165.1, 165.2, 165.2, 163.8, 164.4, 163.8, 163.8, 163.8, 164.4, 163.3, 163.8, 163.0, 164.5, 163.7, 164.3, 164.4, 164.4, 163.2, 163.8, 163.8, 164.4, 164.5]"
5,"[160.0, 160.3, 160.2, 160.8, 160.8, 161.8, 162.9, 163.3, 163.3, 163.0, 162.4, 162.3, 162.4, 162.5, 162.7, 162.5, 162.5, 162.4, 162.7, 162.4, 163.2, 162.5, 163.2, 162.7, 163.3, 162.5, 162.5, 162.9, 162.4, 163.7, 163.7, 163.7, 163.0, 163.2, 163.0, 163.0, 163.0, 162.9, 162.9, 162.9, 162.9, 162.9, 163.5, 162.9, 162.3, 163.0, 163.5, 163.7, 163.5, 163.7, 163.7, 163.0, 163.7, 163.7, 163.0, 163.7, 163.7, 163.7, 163.5, 163.5, 163.2, 163.0, 163.7, 163.0, 163.7, 163.7, 164.3, 163.7, 163.5, 163.0, 163.7, 163.7, 163.7, 163.0, 163.4, 163.7, 163.7, 163.0, 163.0, 163.7, 163.0, 163.7, 163.8, 163.2, 163.9, 163.0, 163.0, 163.0, 163.8, 163.8, 164.4, 163.7, 165.2, 163.8, 164.4, 164.4, 164.3, 163.7, 164.3, 164.4, 165.1, 164.3, 164.4, 165.1, 164.3, 163.8, 164.4, 164.3, 164.4, 163.8, 164.4, 163.8, 164.4, 164.4, 164.4, 164.4, 163.8, 163.8, 164.4, 163.8, 164.4, 164.4, 165.1, 164.4, 164.1, 163.7, 162.9, 162.8, 163.7, 162.4, 162.9, 162.3, 162.3, 162.3, 163.0, 163.7, 163.0, 163.0, 162.9, 162.9, 162.3, 163.5, 163.0, 164.3, 163.2, 163.8, 163.7, 164.3, 164.4, 165.0, 165.0, 163.7, 164.4, 164.3, 163.8, 164.3, 163.7, 164.4, 165.0, 164.3, 164.3, 165.0, 163.8, 163.7, 164.3, 164.3, 164.4, 164.4, 164.3, 164.3, 163.7, 163.0, 163.5, 162.3, 162.9, 163.5, 162.8, 163.5, 163.5, 162.9, 163.5, 163.7, 163.8, 163.7, 163.5, 164.3, 163.4, 162.8, 162.9, 163.4, 163.4, 163.0, 163.0, 163.7, 164.3, 164.4, 164.3, 164.3, 165.0, 164.4, 164.8, 165.1, 165.2, 165.6, 164.5, 165.0, 165.1, 165.7, 164.4, 164.3, 164.4, 165.1, 165.8, 164.4, 164.5, 165.3, 164.4, 164.4, 166.0, 165.7, 164.5, 165.1, 164.4, 165.1, 165.8, 165.1, 165.1, 165.3, 165.3, 164.4, 165.9, 165.2, 165.9, 165.8, 164.5, 164.3, 163.7, 163.8, 163.7, 163.7, 163.8, 162.9, 162.3, 162.9, 162.8, 163.8, 165.1, 164.4, 163.8, 164.4, 163.9, 164.3, 165.2, 165.3, 165.8, 164.4, 163.7, 163.5, 163.0, 163.8, 164.7, 165.1, 164.4, 164.4, 164.3, 164.5, 163.7, 162.9, 162.8, 162.8, 162.9, 163.8, 163.9, 163.8, 163.7, 163.9, 164.4, 164.5, 163.9, 163.9, 163.9, 164.2, 164.2, 163.9, 164.5, 165.3, 164.8, 165.3, 164.5, 164.7, 164.5, 164.3, 163.9, 165.2, 164.5, 163.9, 165.3, 165.3, 166.0, 165.4, 165.5, 166.1, 164.8, 164.8, 164.8, 164.8, 165.4, 164.8, 164.7, 164.5, 163.9, 163.7, 164.5, 164.5, 163.9, 164.5, 165.3, 164.5, 164.7, 165.2, 164.7, 164.7, 163.9, 163.9, 164.5, 164.0, 164.5, 164.4, 163.9, 164.7, 164.7, 165.4, 165.4, 165.2, 165.2, 164.5, 165.3, 164.7, 165.4, 164.8, 165.4, 164.7, 165.3, 165.3, 164.7, 164.5, 164.8, 164.7, 164.5, 164.4, 163.8, 163.5, 163.5, 163.7, 164.5, 164.2, 164.4, 164.5, 164.8, 164.4, 164.5, 164.8, 164.5, 164.0, 164.5, 163.8, 165.2, 164.5, 165.2, 164.5, 165.3, 165.3, 164.5, 164.7, 164.5, 164.5, 164.5, 165.3, 164.7, 164.7, 164.7, 164.7, 164.7, 163.9, 164.7, 164.2, 165.3, 164.7, 163.9, 164.7, 164.2, 165.4, 165.3, 164.5, 164.7, 164.8, 165.4, 164.7, 164.2, 164.5, 165.4, 165.2, 164.7, 165.3, 165.3, 165.4, 165.2, 165.2, 165.2, 164.5, 164.7, 165.2, 164.8, 165.2, 163.9, 165.2, 164.5, 164.7, 165.2, 165.4, 164.5, 165.3, 165.3, 165.2, 165.3, 165.4, 165.4, 164.7, 165.3, 165.3, 165.4, 165.3, 164.8, 164.8, 164.8, 164.7, 164.7, 165.4, 164.8, 165.4, 166.1, 166.1, 166.1, 166.6, 165.5, 165.4, 165.4, 165.4, 165.4, 165.4, 164.9, 164.9, 166.1, 166.0, 165.5, 166.6, 166.2, 166.1, 165.5, 166.1, 166.0, 166.2, 166.2, 166.1, 166.2, 166.1, 166.1, 166.1, 166.1, 166.1, 166.2, 166.1, 165.5, 166.1, 166.2, 166.1, 166.3, 166.8, 166.8, 166.1, 166.2, 166.3, 166.1, 166.2, 165.6, 166.3, 166.2, 166.2, 166.7, 166.2, 166.2, 166.9, 166.3, 166.3, 167.0, 166.7, 166.1, 166.2, 166.2, 166.2, 166.3, 166.8, 166.9, 166.3, 166.3, 167.3, 166.8, 166.2, 166.9, 166.6, 166.6, 166.9, 166.8, 166.2, 166.2, 166.7, 166.7, 166.6, 167.3, 166.6, 166.0, 166.6, 165.5, 166.7, 166.5, 167.4, 166.6, 166.1, 166.2, 166.7, 166.2, 166.2, 166.7, 166.1, 166.2, 167.4, 166.9, 166.7, 165.4, 166.7, 166.7, 166.8, 166.8, 166.9, 167.4, 166.1, 166.9, 166.9, 166.2, 166.3, 165.0, 166.9, 166.9, 165.7, 166.2, 166.4, 167.4, 166.2, 167.6, 165.6, 167.6, 166.9, 166.3, 166.3, 167.5, 166.8, 166.8, 166.9, 167.9, 167.4, 166.9, 166.9, 167.5, 166.9, 167.5, 166.1, 166.8, 166.3, 166.9, 167.5, 166.3, 166.2, 166.3, 166.3, 166.9, 166.3, 166.8, 166.3, 166.2, 166.8, 167.3, 167.4, 166.9, 166.9, 165.5, 166.3, 167.6, 166.3, 166.3, 166.2]"
5,"[161.8, 162.1, 161.5, 161.8, 162.4, 163.3, 163.7, 164.4, 163.5, 164.1, 163.2, 163.7, 164.4, 163.8, 164.5, 163.9, 164.4, 164.5, 165.3, 164.5, 163.8, 164.7, 163.9, 163.8, 165.2, 164.4, 164.5, 165.1, 164.5, 164.5, 164.5, 165.2, 165.4, 165.9, 166.6, 165.2, 165.2, 164.5, 165.2, 164.5, 164.5, 165.3, 166.0, 165.4, 165.4, 166.0, 166.0, 166.1, 167.3, 166.7, 166.0, 166.7, 165.4, 165.4, 166.0, 166.7, 166.8, 167.3, 166.8, 166.6, 166.7, 166.7, 166.0, 166.6, 167.3, 166.6, 166.8, 167.4, 166.7, 167.3, 166.8, 167.3, 167.3, 166.7, 167.3, 167.4, 167.4, 166.7, 167.4, 168.0, 167.3, 167.4, 166.8, 167.3, 167.3, 166.7, 166.6, 166.0, 166.0, 167.3, 168.0, 167.4, 167.4, 165.9, 166.4, 166.0, 165.4, 165.2, 166.5, 165.9, 165.8, 165.9, 166.1, 165.3, 164.5, 164.7, 164.5, 165.9, 165.1, 166.5, 165.9, 165.2, 165.8, 165.3, 164.4, 165.2, 164.3, 165.8, 165.2, 165.8, 165.8, 165.8, 165.7, 165.8, 164.4, 164.2, 163.2, 163.0, 162.9, 163.0, 163.0, 162.9, 162.9, 163.7, 163.0, 163.7, 163.5, 163.7, 164.4, 164.4, 163.7, 163.7, 164.4, 163.7, 163.0, 163.8, 163.9, 164.0, 163.7, 163.2, 164.4, 163.3, 163.7, 163.2, 163.8, 163.8, 164.3, 163.8, 163.7, 163.5, 163.8, 163.0, 163.5, 162.9, 163.0, 163.0, 163.0, 163.8, 163.2, 163.2, 163.2, 163.8, 163.7, 162.9, 163.2, 163.5, 163.7, 163.5, 163.7, 163.7, 162.9, 163.7, 163.7, 162.9, 162.9, 162.9, 163.7, 163.7, 163.8, 163.0, 163.0, 163.3, 163.3, 162.4, 161.8, 162.4, 163.2, 163.2, 163.2, 163.0, 162.9, 162.9, 163.2, 163.2, 163.9, 161.3, 160.0, 159.7, 160.8, 161.1, 161.8, 163.3, 163.2, 162.4, 162.4, 163.0, 162.4, 162.4, 162.9, 162.3, 162.9, 162.1, 163.0, 162.3, 162.3, 162.9, 162.3, 162.3, 162.1, 162.9, 161.8, 162.4, 162.3, 162.9, 162.3, 161.6, 162.3, 162.9, 162.3, 161.5, 162.1, 162.4, 162.3, 162.9, 162.4, 161.8, 162.3, 162.8, 162.3, 162.9, 163.0, 162.8, 162.9, 162.8, 162.6, 162.8, 163.3, 162.0, 162.1, 162.1, 162.9, 162.3, 162.1, 162.1, 162.1, 162.3, 162.3, 162.3, 162.3, 162.1, 162.1, 162.8, 162.1, 162.3, 162.3, 162.3, 162.4, 162.4, 162.4, 162.3, 162.3, 162.3, 163.0, 162.3, 162.3, 162.1, 162.3, 162.3, 162.3, 162.3, 162.1, 162.9, 162.8, 163.0, 162.9, 162.9, 162.9, 162.3, 162.8, 162.9, 162.9, 162.9, 162.9, 162.3, 162.9, 162.3, 162.9, 162.9, 163.5, 162.9, 162.9, 162.9, 163.5, 162.9, 163.7, 163.5, 162.8, 163.4, 162.8, 162.6, 163.4, 162.8, 162.9, 164.2, 163.4, 163.7, 162.8, 163.5, 162.8, 162.8, 163.5, 163.5, 162.9, 162.9, 162.9, 163.5, 162.9, 163.5, 163.7, 163.7, 163.5, 163.5, 163.0, 163.7, 162.9, 163.2, 163.7, 163.2, 163.0, 163.0, 163.0, 163.8, 164.4, 163.2, 163.8, 163.8, 162.8, 163.5, 162.9, 162.8, 163.5, 163.0, 162.9, 162.9, 163.0, 162.3, 162.1, 162.9, 162.9, 162.3, 162.9, 163.5, 162.3, 162.9, 162.8, 162.8, 162.9, 162.9, 162.9, 163.0, 163.7, 163.0, 163.0, 163.0, 162.4, 163.0, 163.0, 163.0, 162.9, 163.7, 163.7, 164.3, 162.9, 163.5, 164.3, 163.7, 163.8, 163.8, 163.8, 163.8, 163.8, 164.4, 163.8, 164.4, 164.3, 164.4, 165.1, 165.1, 164.4, 165.2, 164.3, 165.1, 165.1, 164.3, 165.8, 165.7, 165.0, 165.2, 165.0, 165.2, 164.5, 165.1, 166.5, 166.5, 165.3, 165.7, 164.5, 165.1, 165.2, 165.2, 165.0, 165.7, 165.8, 165.2, 166.5, 165.1, 165.0, 165.8, 165.1, 165.1, 165.2, 165.6, 165.8, 165.8, 165.2, 165.2, 165.2, 164.5, 165.0, 164.5, 165.2, 165.1, 165.1, 164.5, 165.9, 165.2, 165.9, 164.5, 165.4, 165.8, 165.2, 165.2, 165.2, 166.5, 166.6, 165.8, 165.8, 165.2, 166.0, 165.2, 166.5, 165.2, 165.8, 165.2, 165.2, 165.1, 165.2, 166.5, 165.9, 165.8, 167.2, 165.9, 165.2, 165.9, 165.8, 167.3, 166.0, 166.5, 165.7, 165.9, 165.9, 165.2, 165.9, 165.9, 166.0, 165.2, 166.5, 165.2, 165.2, 166.5, 165.1, 166.5, 165.2, 165.9, 166.0, 166.0, 165.2, 165.2, 165.9, 166.6, 165.8, 165.2, 166.5, 165.2, 165.2, 165.1, 165.8, 165.8, 165.2, 165.7, 165.2, 165.8, 165.2, 165.8, 165.7, 166.5, 165.2, 165.4, 165.8, 165.2, 165.8, 165.9, 165.9, 165.8, 165.2, 164.4, 165.8, 165.9, 166.5, 166.6, 165.8, 165.8, 165.8, 165.1, 166.5, 165.2, 167.1, 165.1, 165.7, 166.5, 165.8, 166.4, 165.8, 165.8, 165.1, 164.5, 165.1, 165.1, 165.7, 165.1, 165.2, 165.1, 165.1, 165.1, 165.9, 165.8, 165.2, 165.1, 164.4, 165.1, 165.2, 165.8, 165.1, 165.1, 165.8, 165.2, 165.1, 165.1, 165.1, 165.2, 165.2, 164.4, 165.1, 165.1, 165.2, 165.1, 165.1, 165.0, 165.6, 165.1, 165.2, 165.1, 165.0, 165.1, 165.9, 165.7, 165.1, 165.2, 165.8, 165.3]"
5,"[166.0, 164.7, 165.4, 165.4, 165.4, 164.8, 164.3, 164.9, 166.1, 166.2, 165.5, 166.1, 166.7, 167.4, 166.8, 166.9, 166.8, 166.9, 166.1, 165.6, 166.2, 165.6, 166.1, 165.6, 166.1, 166.8, 166.2, 165.6, 165.6, 166.2, 165.6, 165.6, 165.6, 165.6, 165.6, 165.0, 165.5, 166.1, 165.6, 165.6, 166.2, 165.6, 164.4, 165.0, 165.5, 166.2, 166.3, 166.1, 166.8, 165.6, 165.6, 166.2, 166.2, 166.2, 166.9, 165.6, 166.2, 166.2, 166.2, 164.8, 165.0, 165.0, 165.0, 165.1, 165.5, 164.9, 164.4, 164.9, 164.8, 164.3, 165.6, 164.4, 165.0, 165.5, 164.4, 164.4, 164.9, 164.9, 165.5, 165.6, 165.0, 165.6, 164.3, 165.6, 165.0, 165.1, 165.6, 164.4, 164.3, 164.4, 164.4, 165.0, 164.5, 165.6, 165.0, 165.1, 164.3, 165.6, 165.6, 165.6, 165.1, 165.0, 165.0, 164.5, 165.0, 165.6, 165.0, 166.2, 165.0, 165.6, 165.0, 165.6, 165.7, 165.5, 166.2, 166.2, 165.6, 164.9, 164.9, 165.0, 165.0, 165.0, 164.9, 164.3, 165.6, 165.0, 165.4, 164.7, 164.8, 164.7, 165.5, 166.1, 165.5, 165.5, 165.0, 165.6, 166.8, 166.3, 164.9, 166.3, 166.3, 166.9, 166.2, 166.2, 166.8, 166.4, 165.4, 167.3, 165.8, 164.4, 164.3, 165.0, 165.2, 165.1, 165.7, 165.7, 166.5, 166.5, 165.2, 164.5, 165.3, 165.9, 165.7, 165.7, 165.2, 165.3, 166.0, 165.1, 166.5, 166.5, 166.6, 166.6, 165.8, 165.8, 165.2, 165.8, 167.3, 165.2, 165.8, 165.7, 164.4, 163.4, 162.3, 162.3, 162.3, 162.9, 163.4, 162.9, 163.2, 164.2, 163.5, 163.0, 162.4, 161.4, 160.7, 161.3, 162.8, 162.2, 161.9, 161.9, 162.7, 163.2, 162.4, 162.4, 162.4, 161.9, 161.9, 160.8, 160.0, 160.5, 160.0, 160.3, 160.3, 159.3, 159.3, 159.9, 159.7, 159.3, 159.4, 159.1, 159.9, 158.8, 159.0, 159.6, 160.7, 159.9, 159.6, 159.4, 159.1, 159.4, 158.6, 158.8, 158.8, 159.6, 158.8, 159.8, 159.5, 159.5, 160.1, 159.5, 160.4, 159.1, 159.0, 157.8, 157.6, 158.0, 157.2, 157.6, 159.5, 157.6, 157.2, 157.4, 157.8, 158.6, 157.6, 157.2, 156.8, 157.8, 158.0, 157.8, 157.4, 157.5, 158.6, 157.4, 156.6, 157.6, 156.6, 155.6, 157.0, 157.2, 157.0, 157.4, 157.4, 158.0, 157.8, 157.2, 156.4, 156.6, 156.4, 156.4, 157.2, 157.0, 156.6, 156.6, 156.4, 156.2, 157.2, 157.2, 157.2, 157.2, 158.2, 157.0, 157.0, 157.8, 156.6, 156.4, 157.0, 156.0, 156.4, 157.6, 156.4, 157.5, 156.4, 157.2, 156.4, 155.8, 155.8, 154.7, 155.6, 156.6, 156.2, 156.8, 157.0, 156.2, 155.8, 156.4, 157.0, 155.6, 155.8, 153.8, 154.7, 156.4, 154.7, 155.2, 156.6, 156.2, 156.4, 156.6, 157.0, 157.0, 156.4, 157.0, 155.8, 155.3, 155.1, 155.3, 155.1, 155.3, 154.5, 155.3, 155.4, 155.6, 154.9, 154.9, 156.2, 154.9, 155.6, 155.2, 156.6, 155.4, 154.1, 156.2, 156.2, 155.4, 155.3, 155.1, 154.2, 154.7, 155.1, 154.5, 155.1, 155.1, 154.3, 154.9, 154.9, 154.7, 154.9, 154.9, 155.2, 155.8, 156.4, 157.2, 157.0, 158.6, 158.0, 157.8, 158.6, 158.3, 158.0, 157.7, 157.8, 157.0, 157.7, 158.8, 157.4, 158.8, 159.0, 158.6, 157.2, 157.7, 157.4, 156.6, 156.8, 158.3, 157.6, 158.6, 158.6, 159.6, 159.6, 159.0, 159.0, 159.2, 159.5, 158.8, 159.0, 159.4, 159.0, 160.1, 159.0, 160.7, 159.0, 158.2, 159.2, 160.1, 159.4, 158.4, 160.0, 158.7, 159.0, 159.0, 160.7, 160.7, 159.4, 157.7, 158.5, 158.6, 158.6, 158.6, 158.6, 158.8, 158.6, 158.6, 159.0, 159.5, 159.0, 159.5, 160.4, 159.2, 158.8, 158.8, 159.0, 160.2, 160.0, 159.0, 159.2, 160.7, 159.6, 158.4, 159.6, 160.1, 160.2, 158.6, 159.3, 159.9, 157.8, 159.6, 159.0, 159.4, 158.8, 158.8, 161.7, 161.0, 161.2, 160.1, 160.1, 159.5, 160.2, 160.5, 159.0, 159.0, 160.1, 159.5, 158.8, 158.6, 159.9, 158.4, 160.7, 159.0, 157.6, 159.4, 160.1, 159.0, 158.4, 158.8, 159.5, 157.8, 159.5, 159.9, 160.5, 158.8, 158.7, 158.0, 158.6, 158.4, 158.8, 158.2, 159.0, 159.3, 158.8, 159.7, 160.0, 160.8, 160.2, 159.9, 160.5, 159.4, 159.0, 159.5, 160.2, 159.6, 159.4, 159.2, 159.9, 160.1, 158.4, 159.2, 159.2, 159.9, 159.6, 159.0, 159.4, 158.4, 159.3, 159.7, 158.6, 158.6, 158.6, 158.6, 158.9, 158.4, 159.0, 159.8, 158.4, 159.6, 158.2, 158.4, 158.4, 159.4, 158.6, 159.9, 159.3, 159.7, 159.1, 160.0, 159.4, 160.5, 159.5, 160.3, 159.1, 158.0, 158.0, 158.0, 159.4, 158.0, 159.4, 158.6, 157.8, 157.8, 158.2, 157.8, 158.1, 158.6, 157.8, 159.4, 159.0, 158.2, 158.0, 160.1, 159.9, 159.4, 158.8, 158.0, 158.2, 158.6, 159.6, 159.3, 158.8, 159.3, 159.4, 159.5, 158.0, 158.2, 157.4, 158.6, 158.0, 158.0, 159.6, 158.6, 158.6, 159.1, 158.9, 159.5, 159.9, 159.9, 160.3, 160.0, 160.3, 158.5, 158.9, 158.9]"
5,"[158.9, 160.2, 160.8, 161.0, 158.9, 159.7, 160.8, 161.3, 161.9, 161.6, 161.3, 161.3, 161.9, 160.8, 161.1, 161.3, 161.3, 161.3, 161.3, 160.5, 161.9, 161.9, 161.3, 161.3, 161.8, 161.3, 161.3, 161.8, 161.3, 162.5, 161.9, 161.9, 161.9, 161.1, 161.9, 161.3, 161.9, 161.9, 161.4, 161.4, 161.3, 161.8, 161.9, 161.3, 162.0, 161.9, 161.9, 161.4, 161.9, 162.0, 162.5, 162.7, 161.8, 161.9, 162.5, 161.9, 161.9, 162.3, 161.8, 161.9, 161.8, 161.1, 161.3, 161.9, 162.5, 162.5, 162.0, 162.7, 162.5, 162.7, 161.4, 161.3, 161.6, 162.7, 161.9, 162.0, 162.0, 162.0, 162.0, 161.3, 162.8, 162.0, 162.7, 162.0, 162.5, 162.5, 162.5, 161.8, 161.4, 162.0, 162.5, 161.8, 162.5, 162.0, 161.9, 161.1, 161.4, 161.9, 161.9, 162.0, 162.4, 162.5, 163.2, 161.9, 161.9, 161.9, 161.9, 163.3, 161.8, 161.9, 162.5, 163.0, 162.2, 163.0, 162.5, 162.5, 162.7, 161.9, 163.3, 162.0, 161.9, 162.0, 162.0, 161.9, 161.4, 160.2, 159.9, 158.4, 157.6, 158.6, 158.4, 158.4, 158.4, 159.2, 158.8, 159.3, 160.0, 159.9, 159.9, 160.2, 159.9, 159.4, 160.0, 160.0, 159.3, 160.0, 160.0, 160.4, 160.2, 159.9, 159.9, 159.9, 160.2, 160.2, 159.9, 160.2, 160.2, 159.9, 159.9, 160.5, 160.0, 159.9, 159.7, 160.0, 159.9, 160.0, 159.3, 159.1, 160.0, 159.1, 159.9, 159.9, 160.0, 160.0, 160.0, 160.0, 160.0, 159.9, 159.9, 160.8, 160.7, 160.7, 160.5, 160.5, 160.7, 160.5, 160.5, 160.3, 161.1, 160.7, 160.7, 160.3, 159.9, 159.9, 159.7, 160.5, 159.9, 159.5, 159.5, 159.5, 160.3, 159.7, 159.3, 159.3, 159.1, 159.3, 159.1, 159.4, 159.3, 159.6, 159.3, 160.0, 159.3, 159.3, 159.9, 158.6, 159.3, 160.0, 159.7, 159.4, 160.0, 160.0, 159.9, 160.8, 160.5, 160.2, 159.1, 158.5, 159.9, 160.0, 160.3, 159.7, 159.1, 159.1, 159.1, 159.9, 159.9, 159.5, 160.2, 160.0, 160.2, 159.9, 160.3, 160.0, 159.9, 159.3, 159.3, 159.3, 158.6, 159.1, 160.5, 159.9, 159.7, 160.0, 159.9, 159.9, 159.3, 158.6, 159.3, 160.0, 160.5, 159.1, 159.1, 158.6, 159.3, 159.4, 159.3, 159.1, 159.9, 159.7, 160.5, 160.2, 160.7, 159.3, 160.0, 160.0, 160.8, 160.5, 159.9, 159.1, 159.3, 159.9, 158.8, 159.3, 159.3, 159.9, 159.1, 159.3, 159.7, 158.5, 159.3, 159.1, 158.6, 158.6, 158.2, 158.0, 158.0, 158.0, 158.0, 159.4, 159.3, 159.1, 159.1, 159.3, 159.7, 159.3, 160.5, 159.7, 159.3, 159.5, 159.7, 158.9, 159.9, 159.3, 159.3, 159.9, 159.9, 159.3, 159.4, 159.9, 158.0, 158.4, 158.8, 159.3, 159.4, 158.6, 158.6, 158.9, 158.6, 158.9, 159.1, 159.1, 158.6, 157.8, 158.6, 159.1, 158.5, 158.6, 158.8, 158.6, 158.8, 159.4, 159.9, 159.4, 159.1, 160.2, 158.8, 159.3, 159.3, 159.4, 159.9, 160.7, 159.9, 160.0, 159.3, 159.4, 159.7, 159.3, 159.9, 159.3, 160.0, 158.8, 160.5, 158.5, 159.3, 158.5, 158.6, 159.4, 158.2, 158.5, 158.8, 159.9, 159.7, 161.0, 159.3, 159.7, 160.0, 159.7, 159.9, 159.9, 160.0, 159.9, 160.0, 160.7, 160.5, 161.3, 161.9, 161.8, 162.4, 161.6, 163.0, 162.4, 162.3, 162.9, 163.0, 162.4, 163.0, 162.8, 162.4, 162.3, 162.9, 162.3, 163.0, 163.5, 162.8, 163.0, 162.9, 162.8, 162.9, 162.9, 163.7, 163.5, 162.9, 163.0, 163.0, 162.9, 163.3, 162.9, 163.3, 162.9, 163.8, 163.2, 164.2, 163.0, 163.9, 163.5, 163.2, 163.7, 163.7, 163.2, 163.8, 165.1, 164.3, 163.7, 164.3, 164.3, 165.1, 164.3, 164.8, 164.3, 165.2, 165.1, 164.4, 164.4, 164.3, 165.2, 165.0, 165.7, 165.8, 164.5, 165.7, 165.1, 165.7, 164.4, 164.7, 164.5, 164.5, 165.1, 165.8, 165.8, 165.3, 165.2, 165.8, 165.2, 165.2, 165.2, 165.2, 165.8, 165.1, 164.7, 164.7, 165.2, 164.5, 165.1, 164.7, 164.5, 165.2, 164.5, 164.4, 164.7, 165.3, 164.4, 164.5, 163.9, 164.7, 164.5, 165.9, 164.7, 164.5, 164.7, 164.7, 164.7, 164.7, 165.3, 165.3, 165.4, 165.2, 165.2, 165.3, 164.7, 164.5, 165.4, 164.5, 164.7, 166.0, 165.3, 165.3, 164.5, 164.5, 165.3, 164.7, 164.7, 165.3, 164.5, 165.3, 166.0, 165.1, 165.9, 164.5, 165.2, 164.5, 164.5, 164.5, 163.9, 165.3, 166.0, 164.7, 164.5, 164.7, 163.8, 164.4, 164.4, 164.4, 164.4, 164.5, 164.5, 164.7, 163.9, 164.5, 165.3, 165.4, 166.0, 165.4, 166.0, 165.4, 165.4, 165.3, 165.3, 166.6, 166.9, 165.4, 166.0, 165.9, 166.1, 165.3, 165.8, 166.7, 166.1, 167.3, 166.7, 166.0, 167.5, 165.3, 165.4, 165.2, 164.8, 166.0, 166.0, 166.2, 166.7, 166.8, 165.4, 165.2, 165.4, 166.0, 165.4, 165.3, 165.9, 165.3, 165.3, 164.7, 165.3, 164.7, 165.2, 165.3, 165.3, 165.3, 165.4, 164.7, 165.4, 164.7, 164.7, 165.3, 165.3, 165.3, 165.4, 164.7, 164.8, 165.4, 165.4]"
7,"[124.5, 123.4, 123.1, 123.1, 122.5, 123.1, 123.5, 123.4, 123.7, 123.4, 122.8, 122.8, 123.4, 122.8, 123.1, 122.6, 122.5, 122.8, 123.4, 122.8, 122.5, 123.4, 122.8, 122.8, 122.5, 123.1, 123.4, 122.3, 123.1, 122.8, 122.6, 122.3, 122.5, 123.1, 122.3, 122.8, 123.1, 122.8, 123.4, 123.1, 123.4, 122.8, 122.8, 123.1, 122.8, 123.5, 122.3, 123.1, 122.9, 123.1, 123.1, 123.5, 123.1, 123.1, 122.8, 122.6, 123.1, 123.4, 122.3, 123.4, 123.1, 123.4, 122.8, 123.7, 123.7, 123.4, 123.4, 123.4, 122.8, 123.1, 122.8, 123.7, 123.4, 122.8, 123.4, 123.4, 123.7, 123.7, 122.8, 122.5, 123.4, 123.4, 122.8, 124.0, 122.8, 124.0, 123.1, 123.7, 123.7, 122.8, 123.4, 123.4, 122.8, 123.1, 122.8, 123.4, 122.8, 123.1, 123.7, 122.3, 123.7, 122.8, 123.1, 122.5, 123.7, 123.1, 122.8, 122.8, 123.4, 123.1, 122.8, 122.8, 122.5, 123.1, 122.8, 122.8, 122.8, 122.8, 123.7, 123.4, 123.4, 123.4, 124.0, 123.1, 123.1, 123.4, 123.4, 122.8, 122.7, 122.5, 123.4, 123.7, 123.4, 123.1, 123.4, 123.4, 123.7, 123.1, 124.6, 123.4, 123.4, 122.8, 123.7, 123.7, 123.4, 124.3, 123.7, 122.5, 123.4, 123.7, 123.4, 123.7, 123.4, 123.4, 124.3, 124.0, 124.0, 124.3, 122.8, 124.0, 123.6, 123.1, 124.3, 124.9, 124.0, 123.4, 123.4, 124.6, 123.4, 124.0, 124.0, 123.7, 123.7, 124.3, 124.3, 124.6, 123.7, 124.5, 124.9, 124.3, 124.9, 125.2, 125.2, 124.5, 124.3, 124.9, 124.3, 124.3, 125.2, 125.2, 124.5, 124.0, 124.3, 122.8, 123.4, 122.2, 122.2, 122.7, 122.7, 122.5, 122.8, 121.6, 122.2, 122.3, 121.6, 122.5, 123.1, 123.1, 121.9, 121.9, 122.5, 121.9, 123.1, 123.4, 122.5, 122.5, 121.6, 121.6, 122.2, 121.2, 121.1, 118.2, 117.3, 117.7, 116.6, 117.0, 117.2, 116.6, 117.6, 116.4, 116.4, 116.7, 117.0, 116.4, 117.0, 115.9, 117.1, 117.1, 117.5, 117.7, 116.9, 119.0, 119.2, 118.2, 116.6, 117.1, 117.1, 116.2, 116.4, 115.9, 117.0, 115.9, 116.4, 116.0, 116.0, 115.5, 115.5, 116.4, 116.4, 116.4, 116.4, 117.0, 116.6, 115.4, 115.1, 114.1, 113.8, 114.1, 114.1, 114.1, 114.7, 114.5, 115.1, 114.5, 115.1, 116.0, 114.0, 114.2, 113.7, 113.3, 113.3, 114.2, 114.5, 114.5, 114.5, 114.5, 113.5, 114.1, 114.1, 114.7, 113.8, 113.6, 115.0, 114.5, 114.5, 115.5, 114.5, 115.1, 115.1, 114.1, 114.7, 113.8, 113.3, 113.3, 112.7, 114.2, 113.2, 113.3, 113.3, 112.7, 112.7, 112.2, 111.3, 111.7, 111.8, 111.3, 111.3, 111.8, 111.3, 111.8, 112.2, 111.8, 111.8, 111.8, 111.8, 112.2, 112.2, 111.7, 112.2, 111.8, 111.8, 110.8, 111.7, 112.2, 112.2, 111.7, 112.2, 111.2, 111.7, 111.7, 111.8, 112.7, 112.2, 111.7, 111.7, 112.2, 111.7, 110.8, 112.2, 111.7, 112.7, 112.2, 111.8, 111.7, 111.7, 111.7, 111.7, 111.8, 112.2, 112.2, 111.3, 111.8, 112.2, 111.7, 111.3, 112.2, 112.2, 111.7, 112.2, 111.7, 111.7, 111.8, 112.7, 111.8, 111.8, 112.2, 111.8, 112.2, 111.7, 111.7, 111.7, 111.3, 111.2, 111.7, 111.7, 113.2, 112.2, 111.8, 112.2, 111.8, 111.7, 111.8, 111.8, 111.8, 111.8, 111.8, 111.7, 111.8, 111.3, 112.2, 111.7, 111.7, 111.3, 111.3, 111.3, 111.7, 111.8, 111.8, 111.8, 111.8, 111.8, 111.3, 112.2, 113.3, 112.2, 111.8, 111.8, 111.8, 111.3, 111.3, 111.3, 111.7, 111.3, 111.8, 112.2, 111.8, 112.2, 112.2, 111.8, 111.3, 112.2, 111.3, 111.3, 111.8, 111.8, 111.3, 111.2, 111.7, 111.7, 111.8, 111.3, 112.2, 113.2, 112.1, 112.7, 112.7, 111.8, 111.7, 110.8, 111.3, 111.8, 112.2, 111.8, 110.8, 111.8, 111.7, 112.7, 112.2, 111.8, 111.3, 111.3, 111.8, 112.2, 110.8, 111.3, 110.3, 111.3, 111.3, 111.3, 111.3, 111.3, 111.7, 111.7, 111.3, 111.3, 111.3, 111.3, 111.3, 112.2, 111.7, 111.7, 111.3, 111.8, 111.3, 111.3, 111.3, 111.3, 111.8, 112.2, 111.8, 111.7, 111.3, 112.1, 111.7, 111.3, 111.7, 111.3, 111.3, 111.8, 110.8, 110.8, 111.3, 111.2, 111.3, 111.3, 111.7, 112.1, 111.7, 111.3, 111.8, 111.7, 112.7, 112.7, 112.2, 112.2, 111.2, 111.7, 112.1, 112.1, 112.1, 111.7, 112.1, 112.1, 111.7, 112.1, 112.1, 112.2, 112.1, 111.7, 111.7, 112.1, 111.7, 112.1, 112.7, 112.7, 112.1, 112.7, 112.1, 111.7, 111.7, 112.2, 111.7, 111.7, 111.7, 111.2, 112.1, 111.6, 111.2, 111.7, 111.7, 112.1, 111.7, 111.7, 112.1, 111.8, 111.7, 111.7, 112.1, 111.7, 112.1, 111.7, 111.8, 111.7, 111.3, 111.7, 111.2, 111.3, 111.7, 111.7, 111.2, 112.2, 112.2, 113.2, 113.2, 112.2, 112.7, 111.3, 111.7, 111.2, 111.3, 111.3, 111.3, 111.3, 111.3, 111.7, 111.8, 111.3, 111.3, 111.3, 111.3, 111.8, 111.8, 111.3, 111.3, 111.7, 111.3, 111.7, 111.7, 112.2, 111.3]"
7,"[116.3, 115.3, 114.8, 115.1, 114.2, 113.3, 113.2, 113.2, 112.7, 113.2, 113.2, 113.9, 114.4, 113.9, 114.0, 114.4, 114.4, 113.6, 113.2, 112.2, 112.7, 113.2, 112.7, 112.2, 112.2, 111.7, 111.3, 112.7, 111.8, 112.2, 112.7, 112.2, 112.2, 113.2, 112.7, 112.2, 113.2, 113.6, 113.2, 113.6, 112.2, 112.2, 112.7, 112.2, 112.2, 112.2, 112.2, 112.2, 112.7, 113.2, 113.2, 113.6, 113.7, 112.7, 112.7, 113.6, 114.1, 113.2, 113.7, 113.6, 113.2, 112.7, 112.7, 112.2, 113.3, 112.2, 112.2, 112.7, 113.2, 112.7, 113.7, 113.2, 114.0, 114.4, 114.0, 114.4, 114.4, 113.6, 113.6, 114.0, 115.0, 115.8, 115.5, 115.9, 115.5, 115.5, 115.5, 116.4, 115.7, 116.4, 115.5, 115.5, 115.5, 115.0, 115.0, 114.5, 115.4, 115.0, 114.0, 114.4, 114.1, 114.0, 113.7, 114.4, 114.4, 114.8, 115.0, 114.0, 114.0, 113.6, 114.0, 114.5, 114.4, 115.0, 113.7, 114.1, 113.2, 113.2, 114.5, 114.0, 114.5, 113.9, 114.0, 114.4, 113.9, 113.2, 114.1, 113.7, 114.4, 114.5, 113.9, 114.8, 114.3, 115.0, 115.2, 114.4, 115.5, 116.3, 116.0, 115.5, 116.0, 116.0, 115.3, 116.2, 116.2, 116.7, 114.8, 115.3, 115.5, 114.8, 114.4, 114.1, 113.7, 114.1, 114.4, 113.9, 114.0, 113.9, 114.4, 114.8, 115.4, 115.5, 115.5, 115.5, 115.5, 115.0, 114.5, 114.4, 114.0, 113.5, 114.0, 113.5, 114.4, 115.0, 115.5, 114.4, 114.4, 114.5, 115.0, 115.9, 117.0, 116.6, 116.2, 115.9, 116.0, 115.5, 115.4, 114.4, 113.5, 114.5, 113.9, 114.0, 114.4, 115.4, 115.0, 115.0, 115.5, 114.5, 114.5, 115.0, 115.0, 114.4, 114.4, 113.7, 114.4, 115.0, 114.4, 115.0, 115.0, 113.9, 113.9, 113.6, 113.7, 113.6, 114.1, 113.3, 114.1, 114.2, 114.4, 113.6, 114.5, 113.5, 114.5, 114.4, 115.0, 115.4, 114.4, 114.0, 114.8, 114.8, 113.9, 114.0, 113.5, 113.5, 114.1, 114.0, 114.4, 113.9, 115.0, 116.0, 115.5, 115.9, 116.0, 115.5, 116.0, 116.0, 116.0, 116.4, 116.0, 116.0, 115.0, 115.4, 115.4, 114.4, 114.0, 115.0, 114.4, 114.8, 114.3, 113.9, 114.0, 114.8, 115.0, 114.8, 114.8, 114.4, 115.9, 114.8, 115.4, 114.8, 114.4, 113.6, 113.1, 113.2, 113.6, 113.6, 114.1, 114.1, 114.4, 115.0, 114.5, 115.0, 114.1, 114.4, 114.4, 114.4, 114.4, 113.7, 113.6, 113.2, 114.1, 114.1, 114.4, 114.0, 113.9, 114.4, 113.9, 114.8, 113.9, 113.9, 114.1, 114.4, 114.8, 114.4, 114.4, 114.4, 115.0, 113.6, 115.0, 115.0, 113.9, 114.4, 114.4, 114.4, 114.3, 114.4, 114.0, 114.4, 115.0, 113.7, 113.7, 114.1, 113.6, 113.6, 114.5, 113.7, 113.7, 113.6, 113.1, 114.1, 114.4, 115.0, 114.0, 114.4, 113.2, 113.6, 114.1, 114.1, 114.1, 114.1, 113.9, 113.9, 114.8, 114.0, 113.9, 114.4, 114.1, 113.9, 114.4, 114.7, 113.9, 114.1, 114.4, 115.0, 114.0, 113.2, 113.3, 114.1, 113.6, 113.7, 113.2, 113.6, 112.2, 113.6, 113.9, 113.9, 114.4, 115.0, 113.2, 113.7, 113.7, 113.2, 112.7, 113.2, 113.6, 114.0, 113.6, 113.6, 113.6, 113.6, 112.2, 113.2, 114.5, 113.9, 115.0, 115.0, 114.4, 114.4, 114.7, 114.4, 115.0, 115.0, 114.4, 115.4, 114.8, 114.8, 113.9, 113.9, 114.8, 114.8, 115.4, 114.8, 114.4, 114.8, 114.8, 115.9, 115.4, 115.4, 115.9, 114.5, 115.4, 115.4, 114.4, 114.8, 114.8, 114.8, 114.4, 114.8, 114.8, 114.0, 114.0, 114.4, 114.1, 115.0, 114.4, 114.5, 115.0, 115.0, 116.0, 116.6, 116.0, 115.5, 115.5, 115.1, 115.4, 115.0, 114.4, 114.8, 114.0, 114.4, 114.0, 114.8, 115.4, 114.8, 115.0, 115.5, 115.5, 115.0, 115.5, 114.8, 114.8, 114.8, 115.4, 115.9, 115.4, 115.0, 115.5, 115.4, 115.4, 115.5, 115.4, 115.5, 115.5, 115.4, 115.5, 115.8, 115.5, 115.4, 115.4, 115.4, 115.0, 115.0, 115.9, 115.4, 115.4, 115.4, 115.0, 115.5, 116.0, 116.0, 115.9, 116.4, 115.5, 116.0, 116.0, 116.0, 115.5, 115.5, 115.5, 116.0, 116.0, 115.5, 116.6, 115.5, 115.9, 115.5, 116.3, 116.0, 117.0, 116.4, 117.7, 116.4, 116.4, 115.9, 117.0, 118.1, 117.1, 117.1, 116.7, 116.7, 116.4, 116.0, 116.0, 116.0, 117.0, 115.3, 116.4, 115.9, 117.0, 116.6, 117.1, 118.6, 120.2, 119.0, 119.2, 119.8, 119.8, 120.3, 120.0, 120.3, 120.7, 121.0, 121.2, 121.6, 121.6, 121.0, 122.2, 121.6, 121.0, 121.6, 121.6, 121.4, 122.5, 123.1, 123.4, 123.1, 123.4, 124.0, 123.1, 124.0, 124.0, 124.0, 124.0, 124.5, 124.0, 123.4, 124.3, 123.6, 123.1, 123.1, 124.0, 124.0, 123.1, 124.0, 123.6, 123.7, 124.0, 124.0, 124.0, 124.0, 123.4, 123.4, 123.1, 123.4, 123.7, 124.3, 124.3, 124.6, 124.0, 124.3, 124.6, 124.3, 124.6, 124.6, 124.6, 124.5, 124.9, 125.2, 125.4, 124.9, 124.6, 124.3, 124.3, 125.2, 124.9, 124.9, 125.2, 124.9, 125.2, 125.2]"
7,"[133.0, 133.2, 132.6, 131.7, 131.7, 132.3, 132.6, 133.4, 132.6, 133.0, 133.2, 133.4, 133.4, 133.4, 133.4, 133.2, 133.4, 133.4, 132.8, 132.8, 132.8, 132.8, 132.8, 133.0, 132.8, 132.6, 133.0, 133.0, 132.8, 132.6, 132.8, 133.0, 133.2, 132.8, 132.8, 133.4, 132.8, 133.4, 132.2, 132.6, 133.0, 133.2, 133.0, 132.8, 132.6, 132.6, 132.6, 133.0, 132.8, 132.8, 132.8, 132.8, 132.6, 132.6, 133.6, 132.8, 132.8, 132.8, 132.8, 133.0, 132.6, 132.4, 133.0, 132.4, 132.8, 132.8, 132.8, 133.2, 132.8, 132.6, 132.8, 133.0, 133.6, 132.8, 132.8, 132.8, 132.4, 133.4, 132.8, 132.8, 132.8, 133.4, 132.8, 133.0, 132.2, 132.8, 132.6, 133.4, 133.6, 132.8, 132.2, 132.8, 133.4, 133.4, 132.8, 132.8, 133.0, 132.6, 131.6, 132.2, 132.8, 132.2, 132.8, 132.8, 132.8, 132.2, 132.8, 133.4, 133.4, 132.8, 131.9, 132.4, 132.2, 132.2, 132.2, 132.2, 133.2, 132.2, 132.4, 133.0, 132.8, 132.8, 132.8, 133.4, 133.4, 133.0, 133.4, 133.2, 134.3, 132.8, 133.4, 133.2, 133.4, 133.2, 132.8, 132.8, 132.8, 133.2, 133.4, 132.8, 132.6, 133.4, 132.8, 132.6, 132.6, 132.6, 133.4, 133.2, 132.2, 131.3, 130.5, 130.5, 129.9, 129.6, 129.0, 129.6, 129.0, 129.9, 129.3, 129.5, 129.3, 129.3, 129.3, 129.3, 129.0, 129.3, 129.3, 129.9, 129.9, 129.3, 128.7, 129.3, 129.3, 128.7, 128.7, 128.4, 127.5, 127.8, 127.8, 127.8, 127.8, 127.5, 126.9, 126.6, 125.7, 126.9, 126.3, 126.3, 126.0, 126.3, 125.7, 126.6, 125.4, 125.4, 126.0, 125.4, 125.4, 125.4, 124.9, 125.4, 125.4, 125.7, 125.1, 125.4, 124.9, 125.2, 125.4, 124.9, 124.3, 124.5, 125.4, 124.8, 125.4, 124.9, 124.3, 124.9, 124.9, 125.4, 124.9, 124.9, 124.9, 124.9, 124.9, 125.2, 124.3, 124.0, 123.4, 124.0, 124.0, 123.7, 122.8, 123.4, 123.7, 122.3, 122.8, 123.7, 124.3, 124.0, 123.7, 124.3, 123.1, 124.3, 123.7, 123.7, 122.8, 123.1, 123.4, 123.7, 122.8, 122.8, 122.8, 122.8, 123.7, 122.8, 122.8, 123.1, 123.1, 123.7, 122.8, 122.8, 123.1, 123.7, 122.8, 123.7, 123.4, 124.3, 123.4, 123.7, 122.8, 123.4, 122.8, 123.1, 122.6, 123.1, 123.1, 122.3, 123.1, 123.1, 123.1, 122.8, 123.4, 123.4, 122.8, 123.1, 122.9, 122.8, 122.8, 122.8, 122.8, 124.0, 123.7, 123.4, 123.4, 123.1, 123.1, 123.1, 123.1, 123.4, 123.4, 122.8, 123.1, 122.8, 122.8, 123.1, 123.1, 123.1, 123.1, 123.1, 123.7, 123.4, 123.7, 122.5, 123.7, 123.1, 123.1, 123.1, 122.8, 123.4, 122.8, 123.1, 123.1, 122.3, 123.1, 122.3, 123.7, 123.4, 123.7, 123.7, 124.0, 123.7, 123.4, 123.1, 123.4, 122.8, 122.8, 122.8, 122.8, 122.8, 123.7, 123.4, 122.8, 123.1, 123.4, 123.4, 122.5, 122.8, 122.8, 122.8, 122.8, 123.7, 122.8, 122.8, 123.1, 123.1, 124.0, 123.1, 122.8, 123.7, 123.7, 123.7, 123.1, 123.4, 123.1, 123.1, 123.4, 122.8, 123.7, 123.7, 123.7, 122.5, 122.8, 123.1, 123.1, 122.8, 124.0, 123.7, 124.0, 123.1, 123.7, 123.4, 124.3, 123.4, 123.4, 123.7, 123.7, 124.0, 122.8, 123.4, 123.1, 123.4, 123.1, 123.1, 123.1, 123.1, 123.1, 123.4, 123.4, 123.7, 122.8, 122.8, 123.1, 122.8, 123.1, 123.1, 124.0, 123.4, 122.8, 122.8, 123.7, 123.4, 123.4, 124.0, 123.4, 123.4, 122.8, 123.4, 123.7, 123.4, 123.4, 123.4, 124.5, 124.3, 123.4, 123.4, 123.7, 124.5, 124.0, 124.5, 124.3, 124.9, 124.5, 124.9, 124.9, 124.3, 125.4, 124.9, 124.3, 125.4, 124.5, 124.5, 124.5, 123.6, 124.0, 125.1, 124.0, 124.9, 125.1, 125.4, 124.9, 124.5, 124.9, 126.3, 126.3, 125.7, 126.3, 125.7, 125.7, 126.0, 125.4, 125.7, 125.1, 125.4, 126.3, 125.7, 126.0, 126.0, 125.7, 125.7, 126.0, 125.7, 126.3, 126.3, 126.3, 126.3, 126.3, 126.9, 126.3, 126.3, 126.6, 126.9, 126.3, 126.3, 125.4, 125.7, 126.3, 126.9, 125.7, 125.7, 126.6, 126.0, 126.3, 126.3, 126.3, 126.6, 125.7, 126.3, 126.6, 126.9, 126.9, 126.3, 126.3, 126.3, 125.7, 126.3, 125.4, 126.0, 126.0, 124.5, 125.1, 125.4, 124.9, 125.4, 125.4, 124.5, 125.2, 126.0, 125.7, 125.7, 125.2, 125.4, 124.5, 125.4, 124.9, 125.4, 125.4, 125.1, 124.2, 125.1, 124.2, 124.5, 124.5, 125.1, 124.2, 124.0, 124.0, 124.5, 124.9, 125.1, 125.1, 124.5, 125.1, 124.5, 124.5, 124.9, 123.4, 124.0, 122.5, 123.1, 123.4, 124.3, 124.0, 123.7, 123.1, 123.1, 123.4, 124.0, 124.3, 123.4, 123.4, 124.0, 116.0, 116.3, 113.1, 112.5, 114.2, 116.6, 116.6, 117.5, 117.5, 117.9, 117.0, 116.6, 117.1, 115.3, 115.9, 116.0, 115.3, 115.9, 116.6, 116.0, 115.1, 115.5, 112.3, 110.0, 107.9, 111.8, 113.2, 112.4, 112.7, 109.8, 109.4, 104.4, 103.9, 103.9, 106.9, 108.9, 111.3, 111.7, 112.6, 113.6]"
7,"[130.1, 129.9, 129.9, 130.1, 129.9, 129.9, 129.0, 129.3, 129.3, 129.9, 129.9, 129.9, 129.9, 130.1, 129.9, 129.9, 129.9, 129.9, 129.9, 130.5, 130.5, 130.5, 129.3, 129.9, 130.5, 129.9, 130.1, 130.4, 130.4, 129.9, 129.3, 129.9, 129.9, 129.9, 129.9, 130.4, 129.9, 130.7, 129.9, 129.9, 130.1, 129.9, 130.1, 129.9, 129.9, 130.1, 129.9, 129.9, 129.9, 130.1, 129.9, 130.1, 129.9, 130.1, 130.1, 129.9, 129.9, 129.9, 130.1, 130.1, 130.7, 129.9, 129.9, 129.9, 130.5, 130.7, 130.5, 130.1, 130.1, 129.9, 130.7, 131.0, 129.9, 129.9, 130.5, 130.1, 130.4, 130.5, 130.1, 129.9, 130.1, 129.9, 130.4, 131.1, 130.5, 130.5, 129.9, 130.5, 130.5, 130.7, 130.1, 130.1, 130.1, 129.9, 129.9, 130.1, 130.1, 130.7, 130.1, 130.1, 129.9, 130.5, 130.5, 130.7, 129.9, 130.1, 130.7, 130.5, 130.7, 130.1, 130.5, 130.7, 129.9, 129.9, 130.1, 130.1, 130.1, 129.9, 129.9, 130.1, 130.7, 130.1, 130.5, 130.7, 129.9, 130.7, 130.5, 130.5, 131.3, 129.9, 130.5, 130.7, 130.2, 130.2, 129.6, 130.2, 130.0, 130.2, 129.3, 130.6, 129.3, 129.6, 129.6, 130.0, 130.2, 129.3, 130.0, 129.3, 129.3, 129.3, 129.3, 130.0, 130.0, 130.2, 129.3, 130.2, 129.1, 127.5, 127.8, 126.6, 125.4, 124.5, 124.5, 125.4, 126.0, 126.0, 125.4, 126.0, 124.9, 124.5, 124.3, 125.4, 126.0, 125.4, 126.0, 124.9, 124.9, 125.2, 124.5, 125.2, 124.3, 124.3, 124.9, 124.3, 124.3, 124.9, 124.3, 124.5, 124.0, 123.1, 122.8, 123.4, 124.0, 123.4, 124.0, 123.4, 123.4, 124.0, 123.7, 122.8, 123.1, 123.4, 123.7, 123.5, 123.1, 123.4, 122.8, 124.5, 123.4, 123.4, 123.4, 123.4, 124.3, 123.1, 124.0, 123.7, 123.1, 122.8, 122.6, 123.7, 123.1, 123.7, 123.7, 124.0, 123.4, 123.4, 123.7, 122.8, 122.8, 122.3, 123.4, 123.1, 122.3, 123.1, 122.8, 122.3, 121.9, 122.3, 122.6, 122.6, 123.1, 121.9, 122.2, 121.4, 122.2, 121.0, 122.2, 121.4, 122.8, 121.0, 120.5, 120.7, 120.1, 121.0, 120.5, 120.5, 120.7, 120.7, 121.4, 120.7, 120.7, 121.6, 120.5, 121.9, 120.8, 121.6, 121.9, 121.4, 121.0, 121.4, 121.4, 120.5, 121.0, 120.1, 121.0, 120.7, 120.1, 120.1, 120.7, 121.2, 121.6, 121.0, 121.0, 121.0, 120.5, 121.6, 121.6, 120.7, 121.6, 120.5, 120.7, 120.1, 120.7, 120.1, 120.1, 120.5, 120.5, 120.5, 120.1, 120.5, 120.1, 119.8, 119.9, 120.1, 119.0, 120.1, 119.6, 119.9, 120.5, 120.1, 119.2, 119.8, 119.6, 119.2, 119.2, 119.2, 118.7, 119.2, 119.6, 117.7, 117.7, 118.7, 119.2, 119.2, 119.2, 120.1, 119.0, 119.8, 119.6, 119.2, 119.6, 119.2, 119.2, 119.8, 119.9, 118.8, 119.8, 119.8, 120.7, 120.7, 120.5, 119.8, 121.0, 120.1, 119.6, 120.7, 119.2, 119.6, 118.7, 119.2, 119.8, 120.1, 119.6, 119.9, 120.1, 119.0, 119.6, 120.5, 119.9, 119.2, 120.1, 119.6, 120.3, 120.1, 120.7, 120.5, 120.1, 120.1, 120.1, 121.0, 120.1, 120.1, 120.1, 120.5, 120.3, 119.8, 120.1, 121.0, 120.5, 121.0, 120.7, 121.0, 121.2, 120.7, 120.7, 121.0, 121.6, 121.2, 121.0, 121.4, 121.9, 121.6, 121.6, 121.0, 121.6, 121.2, 121.6, 122.5, 121.6, 121.9, 122.8, 123.4, 124.0, 121.9, 122.5, 122.5, 121.9, 121.4, 122.5, 123.4, 123.7, 122.8, 123.1, 122.3, 122.2, 122.2, 123.4, 123.1, 122.5, 122.5, 124.0, 123.1, 124.5, 123.4, 123.1, 123.6, 124.0, 124.2, 124.2, 124.0, 124.5, 123.6, 123.6, 123.6, 123.6, 124.0, 124.2, 124.0, 123.6, 124.2, 124.3, 124.0, 123.1, 123.1, 123.4, 123.1, 122.3, 123.3, 122.5, 124.0, 123.3, 123.1, 122.5, 122.7, 123.6, 121.8, 122.0, 122.2, 122.2, 121.2, 122.5, 121.8, 122.5, 123.4, 123.1, 124.3, 124.0, 124.0, 123.6, 123.3, 123.3, 121.8, 122.6, 122.4, 123.9, 123.3, 123.3, 122.7, 123.6, 123.6, 123.6, 124.5, 124.0, 123.6, 123.1, 121.2, 121.2, 121.2, 120.9, 121.2, 120.7, 121.8, 121.5, 120.9, 121.8, 122.0, 121.5, 121.5, 121.5, 121.5, 121.6, 121.8, 122.2, 121.8, 121.8, 121.2, 120.9, 121.2, 120.7, 120.7, 120.3, 121.9, 121.6, 121.2, 121.0, 120.1, 119.4, 119.2, 120.3, 120.7, 120.1, 120.1, 119.8, 120.3, 121.0, 120.3, 121.0, 120.3, 120.7, 121.2, 120.1, 119.8, 120.1, 121.2, 121.8, 121.5, 121.2, 120.7, 120.5, 119.4, 118.8, 118.5, 119.4, 119.0, 119.0, 118.8, 118.3, 118.8, 119.8, 120.1, 118.7, 119.8, 118.8, 119.6, 118.7, 118.8, 118.8, 118.7, 118.5, 119.2, 118.5, 119.4, 118.8, 118.6, 118.8, 119.4, 119.4, 119.4, 119.6, 118.7, 118.8, 118.3, 118.7, 119.4, 118.8, 119.4, 118.5, 118.6, 118.3, 119.0, 117.5, 118.8, 118.2, 118.6, 118.8, 118.7, 118.2, 118.5, 118.8, 117.1, 117.3, 117.3, 116.7, 117.5, 117.0, 117.1, 117.7, 119.2, 118.8, 119.2]"
7,"[130.7, 130.8, 131.9, 129.9, 130.5, 130.1, 129.9, 130.5, 130.1, 130.4, 129.9, 131.1, 130.5, 130.5, 131.1, 129.9, 130.1, 130.5, 130.5, 130.5, 130.5, 130.5, 130.7, 130.7, 130.7, 131.6, 130.1, 131.3, 130.4, 130.7, 131.0, 130.7, 130.5, 130.7, 130.7, 130.7, 130.1, 130.5, 131.0, 130.4, 130.7, 131.1, 130.7, 130.1, 131.0, 129.9, 130.5, 130.5, 130.1, 130.7, 131.0, 130.7, 130.4, 131.0, 131.3, 130.1, 131.0, 131.0, 130.7, 131.0, 130.5, 130.7, 130.5, 131.3, 130.7, 130.7, 130.7, 130.1, 130.7, 130.7, 131.0, 130.5, 130.7, 131.3, 130.5, 130.7, 130.1, 130.7, 130.7, 130.7, 130.5, 130.7, 130.1, 131.6, 130.7, 130.1, 130.7, 130.5, 130.5, 130.1, 130.5, 130.7, 131.0, 130.7, 130.5, 130.5, 130.5, 130.7, 130.7, 130.5, 130.5, 130.7, 130.5, 130.7, 130.4, 130.5, 130.5, 130.5, 130.5, 130.5, 131.1, 130.7, 130.7, 130.5, 130.5, 130.5, 130.5, 130.5, 130.7, 130.5, 130.7, 131.0, 130.7, 130.7, 130.7, 130.5, 130.5, 130.1, 129.9, 130.5, 131.1, 130.7, 130.5, 131.3, 131.3, 131.3, 131.3, 130.7, 131.1, 130.2, 130.2, 130.2, 130.5, 130.5, 130.0, 130.0, 129.6, 129.6, 130.0, 127.8, 128.4, 127.2, 128.1, 127.5, 126.9, 126.6, 126.0, 126.0, 126.0, 126.0, 126.0, 125.4, 126.0, 125.7, 126.0, 126.0, 125.1, 125.4, 124.9, 125.4, 125.4, 125.4, 124.9, 124.9, 124.9, 125.2, 124.3, 124.0, 124.3, 125.4, 123.4, 124.3, 124.0, 123.4, 123.1, 123.4, 124.0, 124.3, 124.0, 124.0, 124.5, 124.0, 124.0, 124.3, 124.9, 123.7, 123.7, 122.8, 122.5, 122.8, 122.3, 121.9, 121.4, 121.4, 122.8, 121.9, 121.6, 121.6, 121.6, 122.2, 121.9, 120.7, 121.9, 121.9, 121.4, 121.4, 121.9, 122.5, 121.6, 121.4, 120.5, 121.4, 121.6, 121.9, 121.0, 121.6, 121.0, 122.2, 122.2, 121.9, 121.0, 121.0, 121.4, 121.0, 120.7, 120.1, 120.5, 121.0, 120.5, 120.1, 121.0, 120.5, 121.0, 120.5, 120.1, 119.2, 119.2, 119.8, 120.1, 120.1, 120.1, 120.7, 120.1, 120.1, 119.8, 119.6, 119.9, 119.6, 119.2, 119.6, 119.2, 120.1, 120.1, 118.7, 119.6, 119.6, 119.2, 119.2, 119.2, 118.7, 120.1, 119.6, 120.1, 120.1, 119.0, 119.2, 120.1, 119.0, 118.7, 118.7, 118.7, 119.0, 118.5, 118.1, 118.8, 119.0, 119.6, 117.7, 118.1, 117.2, 117.4, 116.8, 116.4, 116.4, 116.4, 115.9, 116.4, 116.0, 117.4, 118.1, 117.7, 118.3, 118.7, 118.3, 117.9, 118.3, 117.7, 116.8, 117.7, 117.6, 118.5, 118.7, 118.7, 118.1, 118.1, 117.7, 117.6, 117.7, 117.6, 116.8, 117.1, 116.5, 115.2, 114.8, 114.8, 115.4, 115.0, 116.3, 115.0, 116.5, 117.1, 117.1, 115.5, 116.5, 116.3, 115.2, 115.5, 115.4, 115.2, 115.5, 115.0, 115.0, 115.5, 115.5, 115.5, 116.0, 115.4, 115.1, 115.0, 116.7, 116.7, 116.3, 115.8, 115.4, 115.5, 115.9, 115.5, 115.5, 115.5, 116.2, 116.5, 115.4, 115.9, 115.8, 115.4, 115.4, 116.7, 116.5, 116.3, 116.2, 115.4, 116.9, 116.5, 116.5, 116.0, 116.2, 116.5, 116.7, 115.2, 116.2, 116.4, 117.4, 117.7, 117.9, 117.7, 119.2, 119.4, 117.9, 118.3, 117.7, 118.3, 117.7, 117.4, 117.7, 117.4, 117.4, 116.4, 117.5, 118.3, 117.6, 118.3, 118.3, 118.3, 118.7, 119.4, 120.3, 119.4, 119.4, 118.1, 119.0, 118.1, 118.1, 119.2, 118.7, 118.8, 119.2, 119.8, 119.4, 119.4, 119.4, 118.8, 119.8, 119.8, 119.4, 120.1, 119.4, 119.2, 119.4, 118.7, 119.4, 119.2, 120.3, 120.0, 120.3, 119.8, 120.3, 120.3, 120.0, 119.8, 119.2, 119.2, 119.2, 120.3, 121.2, 123.0, 120.3, 121.2, 121.8, 120.9, 121.5, 121.5, 120.9, 121.2, 121.2, 121.2, 121.6, 120.7, 121.2, 121.2, 121.2, 121.2, 121.2, 121.8, 121.2, 121.6, 120.9, 121.8, 121.6, 121.6, 121.6, 122.2, 121.8, 122.2, 121.8, 121.8, 121.8, 121.8, 121.8, 122.2, 122.5, 122.2, 122.2, 122.2, 121.9, 122.5, 122.2, 122.5, 121.6, 122.2, 121.6, 122.2, 122.2, 123.1, 121.8, 123.3, 122.5, 122.5, 122.7, 122.5, 122.5, 122.5, 122.5, 121.9, 121.6, 121.9, 122.5, 122.5, 122.5, 121.6, 123.1, 122.2, 122.7, 122.2, 122.2, 122.7, 122.2, 123.1, 123.1, 122.5, 123.1, 122.2, 122.2, 123.6, 124.0, 122.5, 123.3, 123.6, 123.6, 124.0, 123.6, 123.3, 123.4, 122.5, 122.5, 122.8, 123.7, 123.1, 122.5, 123.6, 123.1, 123.1, 123.3, 123.6, 123.6, 123.4, 123.6, 123.3, 124.0, 123.6, 123.6, 123.6, 123.3, 124.5, 124.2, 123.6, 123.6, 124.0, 122.5, 124.0, 123.4, 123.4, 123.6, 124.0, 123.6, 123.6, 123.9, 123.6, 123.6, 123.9, 123.6, 124.2, 124.2, 124.2, 124.2, 123.6, 123.6, 123.3, 124.0, 123.3, 123.3, 123.6, 124.0, 124.2, 123.6, 124.5, 123.3, 124.0, 123.6, 124.5, 124.0, 124.0, 124.5, 124.0, 124.2, 123.6, 123.6, 124.0, 123.6, 124.5, 123.6]"
7,"[114.9, 113.3, 113.8, 112.7, 113.3, 112.2, 111.3, 111.3, 110.8, 110.8, 110.3, 110.3, 110.8, 110.8, 110.3, 110.3, 111.3, 111.7, 110.8, 111.3, 110.3, 110.8, 110.8, 111.2, 110.8, 110.3, 110.8, 111.7, 110.3, 111.3, 111.3, 110.8, 111.3, 110.8, 110.8, 110.8, 110.8, 110.8, 110.8, 110.8, 110.8, 110.8, 111.2, 111.2, 110.8, 110.8, 110.3, 110.3, 110.3, 110.3, 110.3, 110.3, 110.3, 110.3, 110.3, 110.3, 110.8, 111.3, 110.3, 110.8, 110.3, 110.9, 109.8, 111.3, 110.8, 110.3, 110.8, 110.8, 110.3, 110.9, 110.9, 109.9, 110.9, 110.3, 110.3, 111.3, 111.3, 110.9, 110.8, 110.8, 110.9, 110.9, 110.3, 110.8, 110.8, 110.3, 109.8, 110.8, 110.3, 109.9, 110.3, 110.8, 109.8, 109.3, 109.3, 110.8, 111.3, 109.8, 109.8, 111.3, 109.8, 110.3, 109.3, 110.3, 109.9, 110.9, 110.3, 109.8, 110.8, 109.8, 110.8, 110.3, 109.9, 110.8, 110.8, 111.3, 111.3, 110.9, 111.3, 110.8, 110.8, 110.8, 111.3, 110.8, 110.9, 110.9, 110.3, 110.3, 110.9, 110.9, 110.9, 110.3, 110.4, 109.8, 110.3, 110.3, 110.8, 111.3, 110.8, 110.3, 110.8, 110.9, 110.9, 111.3, 110.9, 110.9, 111.3, 110.9, 110.8, 111.3, 111.3, 111.3, 110.8, 111.3, 110.8, 111.3, 111.3, 111.3, 111.3, 111.3, 110.3, 110.8, 110.3, 110.8, 111.3, 111.8, 110.9, 110.8, 110.8, 110.9, 110.3, 111.3, 110.8, 110.8, 111.3, 110.3, 109.8, 109.8, 110.3, 110.3, 110.3, 110.8, 110.3, 110.8, 110.8, 110.8, 109.9, 109.8, 109.4, 109.4, 108.9, 109.4, 109.4, 109.4, 109.4, 109.4, 109.9, 108.9, 108.9, 108.9, 110.3, 111.3, 110.8, 110.8, 110.8, 110.8, 110.3, 111.3, 110.8, 111.3, 110.8, 110.3, 109.8, 109.8, 109.9, 109.9, 109.8, 109.9, 109.9, 109.4, 109.4, 109.4, 108.9, 108.4, 108.4, 107.9, 108.9, 107.9, 108.4, 109.4, 108.9, 108.4, 107.9, 108.4, 108.9, 107.9, 108.4, 107.9, 109.4, 108.9, 108.9, 108.4, 108.4, 108.4, 107.9, 108.4, 107.9, 108.4, 107.9, 108.4, 108.9, 108.4, 107.4, 108.9, 107.9, 107.9, 107.9, 107.4, 108.4, 108.4, 107.9, 107.9, 107.9, 107.9, 107.9, 107.4, 106.9, 106.9, 106.4, 107.4, 106.9, 106.9, 106.9, 107.9, 107.4, 107.4, 107.9, 106.9, 106.9, 107.9, 107.4, 107.9, 107.9, 107.4, 107.9, 108.9, 108.4, 108.9, 107.4, 107.9, 107.9, 108.9, 107.9, 108.9, 107.9, 108.4, 108.4, 109.4, 108.9, 108.9, 108.9, 108.9, 108.9, 109.9, 108.4, 108.9, 109.4, 108.9, 108.9, 109.4, 109.4, 109.3, 108.9, 109.4, 108.9, 108.9, 109.3, 108.9, 109.4, 109.8, 108.9, 108.9, 108.9, 108.9, 109.9, 109.9, 109.9, 109.9, 109.9, 110.3, 108.9, 108.9, 108.4, 109.4, 109.8, 109.9, 109.8, 109.9, 110.3, 109.9, 109.9, 109.9, 110.3, 109.9, 110.3, 109.9, 110.3, 109.9, 109.9, 108.9, 108.9, 109.9, 109.4, 109.4, 108.9, 109.4, 108.4, 109.9, 109.4, 109.9, 108.9, 109.4, 109.4, 108.9, 109.4, 109.8, 109.9, 109.4, 108.9, 109.9, 109.4, 110.8, 110.8, 110.8, 111.3, 111.3, 111.3, 111.3, 110.8, 111.8, 111.7, 111.3, 110.8, 111.2, 111.7, 112.2, 112.7, 113.3, 113.3, 113.3, 113.7, 114.2, 114.7, 115.0, 115.5, 115.5, 114.5, 115.5, 114.0, 114.1, 114.5, 115.9, 115.5, 115.1, 116.2, 118.2, 120.2, 121.8, 121.1, 121.7, 121.8, 121.5, 120.9, 121.8, 121.2, 121.8, 120.7, 120.5, 119.4, 117.4, 115.9, 116.9, 116.4, 115.9, 115.9, 114.8, 114.3, 114.5, 115.2, 114.5, 115.0, 114.3, 115.0, 117.3, 118.0, 117.3, 116.9, 118.4, 120.0, 120.4, 120.0, 118.4, 118.4, 118.2, 118.8, 118.4, 120.4, 118.8, 117.3, 116.3, 116.4, 115.9, 117.0, 120.2, 120.7, 121.0, 119.6, 119.8, 119.8, 117.8, 119.2, 120.7, 120.4, 121.1, 121.1, 122.0, 121.7, 121.5, 122.0, 120.5, 121.1, 122.0, 122.0, 121.8, 121.8, 122.4, 122.4, 123.0, 123.3, 123.3, 123.6, 123.6, 123.6, 123.6, 124.5, 124.2, 124.0, 123.6, 124.5, 124.5, 124.2, 123.6, 124.2, 124.0, 124.3, 124.5, 124.9, 124.0, 124.5, 124.5, 124.2, 124.3, 125.4, 125.1, 125.4, 124.9, 126.3, 126.3, 126.3, 126.3, 126.0, 125.4, 126.3, 126.3, 125.4, 125.4, 125.7, 124.5, 124.5, 124.2, 123.6, 123.3, 123.9, 123.9, 123.8, 123.6, 123.6, 123.8, 123.2, 124.2, 123.0, 123.6, 124.5, 123.2, 124.2, 123.6, 123.3, 123.3, 123.0, 123.0, 122.4, 122.0, 121.3, 121.9, 121.7, 121.2, 121.9, 122.0, 123.2, 124.2, 123.6, 123.6, 123.2, 122.6, 122.6, 121.7, 122.6, 122.6, 121.9, 122.9, 122.9, 121.3, 121.3, 122.6, 123.2, 123.8, 123.0, 123.6, 124.2, 122.6, 123.8, 123.2, 123.5, 123.6, 123.8, 122.3, 121.7, 122.0, 122.0, 123.2, 122.6, 123.2, 123.2, 122.3, 122.9, 123.2, 121.7, 121.3, 121.6, 122.2, 123.6, 122.4, 123.0, 123.0, 123.2, 122.6, 123.2, 123.2, 123.6, 123.6]"
7,"[119.4, 118.8, 118.6, 118.2, 118.1, 117.8, 119.2, 118.8, 117.3, 117.7, 116.3, 115.9, 115.6, 117.0, 116.6, 116.3, 115.7, 116.3, 116.4, 116.3, 116.3, 116.3, 118.2, 118.8, 119.4, 119.4, 118.2, 119.4, 120.2, 120.0, 121.1, 120.7, 120.7, 121.3, 121.3, 120.4, 120.4, 120.2, 118.8, 119.8, 120.0, 120.7, 120.4, 121.1, 120.5, 121.1, 121.5, 120.7, 121.3, 121.7, 121.7, 121.0, 121.3, 122.0, 121.5, 121.5, 121.5, 122.4, 122.2, 122.4, 121.8, 122.4, 122.7, 122.5, 123.6, 122.7, 122.7, 123.6, 123.3, 123.3, 123.6, 123.6, 123.3, 123.3, 123.0, 123.6, 124.2, 123.3, 123.9, 122.7, 123.6, 123.6, 124.2, 124.2, 123.4, 123.6, 124.2, 123.3, 124.0, 123.3, 123.3, 123.6, 122.7, 124.2, 123.6, 123.6, 124.2, 123.6, 123.6, 124.5, 124.5, 124.2, 124.5, 125.1, 125.4, 124.5, 124.3, 124.5, 124.9, 124.9, 125.4, 124.9, 124.9, 124.5, 124.5, 125.1, 124.5, 124.9, 124.9, 124.5, 125.1, 125.1, 125.4, 125.1, 125.1, 124.9, 126.0, 124.9, 124.9, 124.9, 125.4, 124.8, 125.1, 125.1, 125.1, 125.1, 125.4, 125.7, 125.7, 124.5, 124.8, 125.1, 126.0, 125.4, 125.7, 125.4, 126.0, 126.6, 125.7, 125.7, 126.0, 125.7, 125.7, 126.0, 126.3, 125.7, 125.7, 125.7, 126.3, 125.7, 125.1, 125.4, 125.7, 126.0, 126.3, 126.3, 125.1, 126.6, 125.4, 125.7, 126.6, 125.7, 125.7, 125.7, 126.6, 125.1, 126.0, 125.7, 125.7, 125.7, 125.4, 126.3, 126.0, 125.1, 125.7, 126.0, 125.1, 125.7, 125.7, 125.1, 126.0, 125.7, 125.7, 126.3, 126.3, 125.7, 126.3, 126.3, 126.3, 125.7, 126.3, 126.3, 126.3, 126.3, 126.3, 126.3, 126.3, 126.3, 126.0, 126.3, 126.6, 125.7, 125.7, 126.6, 126.3, 126.6, 126.3, 126.3, 126.0, 125.7, 126.0, 125.1, 126.0, 125.7, 126.3, 126.0, 125.7, 125.4, 126.0, 126.0, 125.7, 126.0, 126.0, 125.1, 126.0, 125.4, 126.0, 125.4, 126.0, 126.0, 126.0, 125.4, 126.0, 125.1, 125.1, 126.0, 126.0, 125.4, 126.0, 126.0, 126.0, 126.0, 125.7, 126.3, 126.0, 126.3, 126.0, 126.0, 126.0, 126.6, 126.0, 126.3, 126.0, 127.2, 126.9, 125.7, 126.6, 126.0, 126.6, 126.6, 126.0, 126.9, 126.6, 126.6, 127.2, 126.6, 126.0, 126.9, 126.0, 126.9, 126.0, 126.0, 126.6, 127.2, 127.2, 126.0, 126.6, 126.6, 126.6, 126.6, 126.9, 126.6, 126.6, 126.9, 126.0, 126.6, 126.0, 126.6, 126.6, 127.2, 127.2, 127.2, 127.2, 126.6, 126.6, 126.6, 127.2, 126.6, 126.9, 125.7, 126.6, 126.3, 127.2, 126.6, 126.6, 127.2, 126.9, 127.2, 127.2, 126.6, 126.6, 126.6, 126.6, 126.6, 126.6, 126.6, 127.2, 127.2, 126.9, 127.5, 126.9, 127.8, 127.8, 127.2, 127.2, 127.2, 127.2, 127.2, 128.1, 127.2, 126.9, 127.2, 126.9, 127.2, 127.2, 127.5, 127.2, 127.8, 127.2, 128.1, 127.5, 127.2, 127.8, 127.2, 128.1, 127.2, 128.1, 127.8, 128.1, 127.2, 128.1, 127.8, 127.8, 127.5, 128.1, 128.1, 128.1, 127.8, 128.1, 128.1, 127.8, 126.9, 128.7, 128.1, 127.8, 128.7, 128.1, 128.1, 128.1, 128.7, 128.4, 127.8, 127.8, 127.2, 127.5, 128.4, 127.5, 127.5, 128.1, 128.4, 128.1, 127.5, 128.1, 128.7, 127.8, 128.4, 128.7, 127.5, 129.0, 127.8, 128.1, 128.4, 128.7, 128.7, 127.8, 128.7, 128.7, 128.1, 128.7, 129.3, 128.4, 128.4, 128.4, 128.1, 128.1, 129.3, 129.0, 128.7, 129.0, 129.0, 129.0, 129.0, 129.0, 128.7, 129.3, 129.6, 129.3, 129.6, 129.0, 129.0, 129.0, 129.0, 128.7, 129.6, 129.0, 128.7, 128.7, 129.6, 129.6, 129.6, 129.0, 129.6, 129.9, 129.6, 129.6, 129.0, 129.6, 129.0, 129.0, 129.0, 129.6, 129.3, 129.6, 129.6, 130.2, 129.6, 128.7, 129.6, 129.6, 129.0, 129.0, 129.0, 128.4, 129.0, 129.6, 129.0, 129.6, 129.0, 129.6, 130.2, 129.6, 129.6, 129.0, 129.0, 129.0, 129.3, 129.0, 129.9, 129.0, 129.0, 130.1, 129.0, 129.6, 129.6, 129.6, 129.6, 129.6, 129.0, 129.6, 129.0, 129.0, 129.6, 129.6, 130.2, 129.6, 129.6, 129.9, 129.6, 129.6, 129.6, 129.6, 129.0, 129.6, 129.6, 129.6, 129.9, 129.6, 129.6, 129.6, 129.9, 129.9, 129.6, 129.6, 129.6, 129.3, 129.3, 129.9, 129.3, 129.9, 129.9, 129.6, 129.0, 129.3, 129.6, 129.6, 130.2, 129.6, 130.2, 129.9, 130.2, 129.6, 130.2, 129.6, 129.9, 129.9, 129.9, 129.6, 129.9, 129.6, 129.6, 130.5, 130.5, 129.9, 129.9, 129.6, 129.3, 129.9, 129.9, 129.9, 129.6, 129.6, 130.5, 129.9, 129.9, 130.5, 130.5, 131.1, 129.6, 129.9, 130.5, 130.2, 129.9, 129.9, 130.2, 129.9, 130.5, 130.8, 129.9, 129.6, 130.5, 129.9, 130.5, 130.5, 130.5, 129.6, 130.5, 129.9, 130.5, 129.9, 131.1, 129.9, 129.9, 129.6, 131.1, 130.5, 130.5, 130.5, 130.5, 130.5, 130.5, 129.9, 130.5, 131.1, 130.5, 130.5, 130.7, 130.5, 131.1, 131.1, 129.9]"
7,"[132.6, 132.6, 132.8, 131.1, 130.5, 131.9, 131.9, 133.0, 133.0, 133.2, 132.6, 132.6, 133.4, 133.2, 133.2, 133.0, 133.0, 133.2, 132.6, 133.0, 133.2, 133.6, 133.8, 133.8, 133.8, 133.4, 133.2, 134.0, 133.8, 134.0, 133.6, 133.8, 133.4, 133.2, 132.6, 132.6, 132.6, 132.3, 133.2, 132.6, 133.2, 132.6, 133.4, 132.8, 134.0, 134.0, 132.8, 133.4, 132.6, 133.2, 133.4, 133.4, 132.8, 132.6, 131.9, 132.3, 132.6, 133.6, 133.2, 133.2, 133.8, 133.4, 132.8, 132.8, 132.8, 133.4, 132.8, 132.8, 133.4, 133.4, 133.8, 134.0, 133.4, 133.4, 132.6, 132.6, 133.4, 132.8, 134.0, 133.4, 133.2, 132.6, 134.0, 133.2, 133.0, 132.6, 133.2, 133.4, 132.8, 132.8, 132.8, 132.8, 132.8, 132.6, 132.3, 132.3, 132.8, 132.6, 132.8, 133.4, 133.4, 132.8, 132.8, 132.8, 133.4, 133.4, 133.4, 132.8, 134.0, 133.4, 133.4, 132.6, 133.4, 133.2, 133.4, 133.4, 132.8, 133.4, 134.0, 132.8, 133.4, 133.2, 132.6, 133.2, 133.2, 134.0, 133.4, 133.4, 133.0, 132.6, 133.2, 131.7, 131.9, 132.6, 132.6, 132.6, 132.6, 132.6, 133.0, 132.3, 132.6, 132.6, 131.9, 132.6, 132.6, 133.2, 132.3, 131.9, 132.6, 132.6, 132.6, 132.6, 133.2, 132.6, 132.6, 133.2, 132.6, 133.2, 133.2, 133.2, 132.6, 133.2, 132.6, 132.6, 132.8, 132.8, 132.3, 131.1, 131.1, 131.1, 131.1, 131.5, 131.1, 131.1, 131.3, 130.8, 130.8, 131.3, 131.5, 130.8, 131.1, 130.8, 131.7, 131.3, 130.5, 131.3, 130.5, 130.7, 131.3, 130.7, 130.7, 130.5, 131.3, 130.8, 130.5, 130.0, 130.0, 129.3, 129.3, 130.0, 130.6, 130.6, 130.6, 130.6, 130.0, 130.0, 129.3, 129.3, 130.0, 130.6, 129.3, 130.0, 129.1, 129.1, 129.1, 129.7, 130.0, 130.0, 130.2, 130.8, 129.3, 129.3, 130.6, 130.6, 130.6, 130.0, 130.0, 129.7, 130.0, 129.7, 129.1, 129.7, 129.7, 130.3, 129.1, 130.0, 129.3, 128.7, 128.4, 128.4, 128.4, 128.2, 127.5, 128.4, 128.1, 129.3, 129.7, 128.4, 128.4, 129.3, 129.3, 128.4, 129.1, 129.1, 129.1, 129.1, 128.4, 128.2, 128.4, 128.8, 128.2, 128.4, 128.4, 128.4, 129.3, 128.7, 128.1, 128.4, 128.7, 129.1, 127.2, 128.2, 128.7, 128.4, 128.4, 127.2, 127.8, 128.1, 128.4, 127.5, 127.5, 127.5, 127.5, 127.8, 127.5, 127.5, 127.2, 127.2, 127.2, 127.2, 127.5, 126.6, 126.9, 126.6, 127.2, 126.9, 126.6, 127.2, 128.1, 127.5, 127.5, 128.1, 127.5, 128.1, 127.5, 126.9, 127.2, 126.6, 127.5, 127.5, 126.9, 126.6, 127.5, 127.5, 127.2, 127.2, 128.2, 127.2, 126.0, 127.2, 126.0, 126.6, 126.6, 126.6, 126.6, 127.2, 127.2, 128.4, 128.4, 128.4, 128.8, 128.4, 128.4, 128.1, 128.4, 128.1, 127.8, 128.7, 128.4, 127.8, 128.4, 128.4, 128.1, 128.4, 129.3, 128.4, 128.4, 128.4, 127.5, 129.3, 129.1, 129.3, 128.7, 129.3, 127.8, 128.4, 127.8, 127.8, 128.1, 127.8, 127.5, 129.0, 128.4, 128.4, 127.5, 128.7, 128.7, 128.4, 128.4, 128.7, 129.1, 128.4, 128.4, 128.7, 128.4, 127.5, 128.4, 128.4, 128.4, 129.1, 129.3, 129.1, 129.7, 128.8, 129.7, 128.4, 128.4, 127.2, 128.4, 127.5, 127.8, 127.2, 127.5, 127.2, 127.2, 127.2, 128.4, 129.1, 128.4, 127.2, 127.2, 127.8, 126.9, 127.2, 127.2, 127.2, 126.6, 127.2, 127.2, 128.2, 128.8, 129.1, 129.1, 129.1, 128.4, 128.8, 127.8, 128.2, 127.5, 128.2, 128.4, 128.4, 128.2, 128.4, 128.4, 128.4, 128.4, 128.4, 128.4, 129.1, 129.1, 129.1, 128.8, 129.3, 129.3, 129.3, 129.1, 129.1, 129.1, 129.1, 127.5, 128.2, 128.4, 127.5, 128.2, 127.2, 129.1, 128.4, 129.1, 129.1, 128.7, 129.1, 128.4, 130.0, 129.1, 129.7, 129.1, 128.7, 128.4, 129.1, 129.1, 129.7, 129.7, 129.1, 129.7, 129.1, 129.3, 128.8, 129.1, 129.1, 129.7, 129.1, 129.1, 130.0, 129.7, 129.1, 129.1, 130.0, 129.7, 129.7, 129.7, 129.3, 130.0, 130.0, 130.0, 130.3, 130.0, 130.0, 130.2, 130.0, 129.6, 129.6, 130.2, 129.6, 129.6, 129.6, 129.6, 129.6, 130.2, 129.3, 129.3, 129.6, 130.0, 130.0, 130.6, 130.0, 130.8, 130.0, 129.3, 130.0, 129.3, 130.0, 130.0, 130.0, 129.3, 129.3, 129.1, 130.2, 129.3, 130.2, 130.2, 130.0, 130.0, 130.2, 129.6, 130.2, 129.6, 130.2, 130.2, 129.3, 130.2, 130.2, 130.0, 129.6, 130.2, 129.3, 130.2, 130.2, 129.6, 130.2, 129.3, 129.3, 129.6, 130.2, 130.2, 129.6, 129.3, 129.3, 129.3, 129.9, 129.6, 129.9, 129.6, 129.9, 130.2, 130.2, 130.8, 130.2, 130.2, 129.6, 129.9, 130.2, 129.6, 130.2, 130.2, 130.2, 130.2, 129.6, 129.6, 129.6, 129.9, 130.5, 129.9, 130.2, 131.1, 129.6, 131.1, 129.9, 129.6, 129.6, 130.2, 129.6, 130.5, 130.2, 130.5, 130.2, 130.5, 130.2, 130.5, 130.5, 130.2, 130.2, 130.5, 130.5, 129.9, 130.5, 129.9, 130.2, 130.5, 130.2]"
7,"[133.2, 133.2, 132.8, 131.9, 132.6, 131.9, 132.3, 133.2, 132.3, 133.0, 133.2, 132.3, 132.6, 133.2, 133.4, 133.2, 132.8, 132.6, 132.3, 132.3, 132.6, 132.6, 132.3, 132.6, 133.2, 132.6, 132.6, 133.0, 133.4, 132.6, 132.6, 133.4, 133.4, 132.6, 133.0, 132.8, 133.2, 133.2, 132.8, 132.8, 132.6, 132.3, 132.6, 131.7, 132.6, 132.6, 133.4, 133.2, 132.8, 132.6, 132.8, 131.7, 132.6, 132.3, 132.8, 132.6, 133.0, 133.2, 132.6, 132.6, 132.6, 133.2, 132.3, 133.2, 132.6, 133.2, 132.6, 132.6, 133.2, 132.8, 132.8, 132.3, 132.6, 133.2, 132.6, 132.8, 131.7, 133.2, 132.8, 133.2, 132.3, 132.6, 132.8, 132.3, 132.3, 132.6, 132.6, 132.8, 132.8, 133.2, 132.6, 132.6, 132.6, 132.8, 132.8, 132.6, 133.2, 132.6, 132.6, 132.3, 133.2, 132.8, 132.6, 132.6, 132.6, 132.8, 132.3, 132.6, 132.3, 132.6, 132.3, 132.6, 132.8, 132.6, 131.9, 132.8, 133.2, 132.6, 132.6, 131.9, 131.3, 130.8, 131.7, 130.0, 130.8, 129.7, 130.0, 130.0, 130.0, 130.6, 130.0, 129.6, 130.2, 130.2, 130.2, 131.7, 131.1, 131.1, 131.5, 131.3, 131.1, 131.1, 130.5, 130.8, 131.1, 131.3, 130.8, 131.1, 131.1, 130.8, 130.6, 130.6, 129.3, 129.3, 128.4, 128.4, 127.8, 127.5, 127.8, 127.5, 127.2, 126.9, 125.7, 125.4, 125.7, 125.7, 125.1, 125.7, 126.3, 125.1, 125.4, 125.7, 125.1, 125.1, 124.8, 125.1, 125.1, 123.6, 123.6, 123.6, 124.2, 124.5, 124.2, 123.6, 124.8, 124.0, 124.8, 124.8, 124.2, 124.2, 124.8, 124.2, 124.2, 124.2, 124.5, 123.6, 123.6, 123.6, 123.6, 124.2, 123.6, 124.8, 124.2, 124.8, 124.2, 124.2, 124.2, 124.5, 123.9, 123.9, 124.5, 123.6, 123.6, 123.9, 123.0, 124.0, 123.3, 123.6, 123.1, 123.3, 122.7, 122.7, 123.1, 123.6, 123.6, 123.7, 123.6, 124.0, 124.5, 124.0, 124.5, 123.6, 124.2, 124.3, 123.3, 123.6, 123.3, 122.2, 121.8, 122.2, 121.6, 120.3, 122.2, 121.2, 121.8, 121.9, 121.6, 122.2, 122.2, 122.2, 121.8, 122.2, 122.5, 121.6, 122.2, 122.5, 122.7, 123.6, 122.2, 122.7, 121.2, 121.6, 121.6, 121.8, 122.7, 122.2, 121.6, 121.6, 121.9, 121.2, 121.2, 121.6, 121.6, 121.5, 121.6, 121.2, 120.7, 121.2, 120.7, 121.2, 121.2, 121.2, 121.6, 121.9, 122.2, 121.2, 121.6, 121.2, 121.0, 120.7, 121.4, 121.0, 120.7, 120.7, 121.0, 120.5, 120.1, 120.8, 120.7, 120.7, 121.2, 120.5, 121.0, 120.7, 120.3, 120.3, 121.2, 120.7, 120.1, 121.4, 121.6, 121.0, 121.0, 121.2, 119.8, 120.1, 120.7, 120.7, 120.3, 120.3, 120.3, 119.8, 120.0, 120.7, 119.8, 120.7, 120.1, 119.8, 120.1, 119.2, 120.1, 120.1, 119.8, 121.2, 119.8, 120.1, 119.2, 119.2, 120.0, 118.8, 119.8, 120.1, 120.7, 120.1, 119.8, 119.8, 119.2, 119.2, 119.2, 120.7, 120.1, 119.8, 119.8, 119.2, 119.0, 118.8, 118.8, 119.8, 119.2, 119.2, 118.7, 118.8, 118.3, 119.8, 118.8, 117.9, 118.5, 117.1, 118.1, 119.8, 120.5, 121.1, 120.5, 121.5, 121.8, 121.8, 122.0, 122.0, 122.0, 121.5, 120.9, 121.8, 120.3, 121.2, 121.8, 121.0, 120.9, 121.5, 120.9, 121.8, 121.5, 121.8, 121.2, 121.8, 121.8, 121.8, 122.4, 120.9, 122.0, 120.5, 120.5, 121.8, 122.2, 121.6, 122.2, 121.6, 121.6, 121.2, 121.2, 121.8, 122.2, 122.7, 124.0, 124.3, 124.2, 123.1, 123.4, 122.5, 122.7, 122.5, 122.7, 122.7, 123.1, 122.5, 123.1, 124.0, 124.0, 122.5, 122.7, 122.7, 123.3, 123.4, 123.6, 124.5, 124.2, 124.5, 125.1, 124.5, 124.0, 124.2, 123.6, 123.6, 123.6, 123.6, 124.5, 124.2, 124.5, 124.2, 124.2, 123.9, 123.6, 124.2, 124.0, 124.2, 124.2, 123.3, 124.5, 123.6, 124.5, 124.5, 124.2, 124.5, 124.9, 125.4, 125.4, 124.5, 124.5, 124.9, 125.4, 124.5, 125.1, 124.0, 124.3, 124.9, 124.9, 124.0, 124.5, 125.4, 124.5, 125.4, 126.0, 125.7, 126.3, 126.6, 126.3, 126.3, 126.0, 126.3, 126.3, 126.3, 126.6, 126.3, 126.0, 125.4, 124.2, 124.5, 125.1, 125.1, 125.4, 125.1, 125.1, 125.1, 125.4, 126.0, 126.3, 126.9, 126.3, 126.6, 126.9, 126.6, 126.6, 126.6, 126.9, 127.2, 127.2, 126.6, 127.5, 126.6, 127.2, 127.2, 126.6, 127.2, 126.6, 126.6, 127.2, 126.3, 126.6, 126.6, 126.3, 126.6, 126.9, 127.2, 126.3, 126.6, 126.9, 127.2, 127.2, 126.9, 127.5, 126.6, 127.2, 126.6, 127.5, 127.5, 127.5, 127.8, 127.8, 126.9, 127.5, 126.9, 127.5, 127.5, 126.9, 127.8, 127.2, 127.2, 127.5, 127.2, 127.8, 127.2, 127.8, 126.6, 127.2, 128.2, 127.8, 127.5, 127.5, 127.2, 127.8, 126.6, 127.5, 126.6, 127.3, 127.5, 127.5, 127.2, 126.9, 127.5, 127.2, 127.2, 127.5, 127.5, 128.2, 127.3, 126.6, 127.8, 127.2, 127.5, 128.2, 126.6, 127.2, 125.7, 126.3, 126.3, 126.6, 126.3, 127.5, 127.5, 127.5, 127.2]"
7,"[129.3, 128.7, 129.0, 128.4, 128.4, 129.0, 129.0, 129.0, 129.0, 129.0, 129.6, 129.3, 129.6, 129.0, 129.6, 129.9, 129.0, 129.6, 130.5, 129.0, 129.6, 129.0, 129.0, 129.6, 129.6, 129.9, 129.0, 129.3, 129.3, 129.9, 129.9, 129.9, 130.1, 129.5, 129.6, 129.9, 129.9, 129.9, 130.5, 129.6, 129.6, 129.9, 130.5, 129.9, 129.9, 129.9, 129.6, 129.9, 129.9, 129.3, 129.9, 129.9, 129.9, 129.9, 129.9, 129.9, 129.9, 130.5, 130.5, 130.5, 129.9, 129.9, 130.5, 129.9, 130.5, 129.9, 130.5, 129.9, 130.5, 130.5, 130.5, 129.9, 130.5, 129.9, 130.7, 130.7, 130.7, 130.7, 130.7, 130.7, 130.7, 130.5, 130.5, 131.1, 130.5, 131.3, 130.5, 130.5, 131.1, 130.5, 130.5, 130.7, 130.5, 130.7, 130.5, 130.7, 130.7, 131.6, 130.5, 129.9, 130.5, 130.1, 130.7, 131.3, 131.1, 131.3, 131.1, 131.1, 130.5, 130.7, 130.7, 130.5, 131.3, 131.3, 131.0, 131.3, 131.3, 131.0, 130.7, 130.4, 131.0, 131.3, 131.0, 131.1, 131.3, 131.3, 130.7, 130.5, 131.1, 130.5, 130.5, 129.6, 130.2, 129.9, 130.8, 130.0, 129.3, 130.0, 129.3, 130.2, 130.0, 130.0, 130.5, 130.2, 130.2, 129.9, 130.5, 129.6, 129.9, 129.6, 129.6, 129.6, 129.6, 129.6, 130.2, 130.2, 129.6, 129.9, 129.9, 130.1, 130.5, 129.9, 130.1, 130.5, 129.9, 129.9, 130.5, 129.9, 130.5, 128.7, 129.7, 129.1, 127.5, 128.4, 127.2, 127.8, 128.4, 128.4, 127.5, 128.4, 128.4, 128.2, 128.7, 127.5, 127.5, 126.9, 125.4, 126.0, 125.1, 124.8, 125.4, 126.0, 124.5, 124.5, 124.8, 124.5, 124.5, 124.5, 123.3, 123.1, 123.3, 124.5, 124.0, 123.4, 124.0, 124.0, 124.2, 123.6, 124.2, 124.5, 124.5, 124.2, 124.2, 123.9, 124.5, 124.5, 123.6, 124.2, 123.6, 122.2, 123.3, 123.1, 122.4, 122.4, 122.7, 123.3, 122.2, 122.2, 122.2, 121.2, 121.6, 122.7, 121.6, 121.9, 121.6, 122.3, 122.5, 122.7, 122.2, 123.4, 122.5, 122.3, 122.3, 122.5, 122.2, 122.5, 123.1, 121.0, 121.6, 121.6, 122.7, 122.5, 121.6, 121.8, 122.5, 122.7, 122.5, 122.2, 123.4, 123.4, 123.4, 122.8, 122.8, 121.9, 122.2, 122.5, 123.1, 122.5, 121.6, 121.8, 121.5, 120.9, 120.3, 120.0, 120.1, 121.2, 120.5, 121.1, 120.9, 120.5, 120.0, 119.8, 120.2, 119.8, 120.5, 120.5, 122.4, 121.8, 120.3, 120.3, 120.7, 120.1, 120.1, 119.8, 120.7, 118.7, 118.8, 118.3, 118.5, 119.8, 119.2, 118.8, 119.4, 119.6, 118.7, 119.0, 118.5, 117.0, 116.6, 117.5, 117.0, 117.9, 117.0, 117.0, 117.0, 116.0, 116.0, 115.6, 115.5, 116.5, 115.4, 115.0, 115.8, 116.2, 115.9, 116.5, 116.6, 116.6, 116.6, 115.6, 115.5, 116.2, 115.8, 115.8, 116.0, 115.4, 115.4, 115.9, 115.9, 116.3, 115.4, 115.5, 115.9, 115.5, 115.6, 115.5, 115.8, 115.1, 115.5, 115.4, 116.2, 115.0, 115.0, 115.4, 114.4, 115.0, 114.0, 115.0, 113.9, 114.5, 114.4, 114.4, 114.5, 114.0, 114.0, 114.4, 113.1, 114.0, 114.0, 114.4, 114.0, 114.5, 115.0, 115.0, 114.5, 115.0, 115.4, 114.8, 115.5, 115.8, 116.8, 115.5, 115.9, 115.9, 115.9, 115.4, 116.4, 116.0, 115.6, 115.8, 117.7, 118.3, 118.7, 119.2, 119.2, 118.8, 118.3, 118.8, 118.8, 119.8, 120.1, 119.8, 119.2, 119.2, 119.4, 120.1, 119.8, 119.8, 120.7, 120.7, 119.2, 119.2, 119.2, 119.2, 119.2, 118.8, 119.2, 119.2, 119.8, 119.8, 119.8, 119.8, 119.2, 120.3, 119.0, 119.0, 118.2, 118.1, 117.5, 117.0, 118.5, 117.9, 117.0, 116.0, 118.6, 117.7, 118.8, 119.8, 119.4, 119.0, 119.2, 119.4, 119.2, 119.6, 119.4, 118.5, 119.4, 119.4, 119.8, 119.4, 118.5, 119.4, 119.8, 119.8, 118.3, 118.8, 118.8, 119.2, 118.8, 119.8, 119.0, 118.6, 118.1, 119.6, 119.6, 118.6, 119.0, 118.5, 117.3, 118.2, 118.5, 119.0, 119.4, 120.3, 120.3, 120.3, 120.0, 120.9, 120.3, 119.2, 120.3, 119.6, 118.6, 118.8, 118.2, 118.6, 118.1, 119.0, 119.8, 120.7, 119.8, 119.8, 119.2, 120.0, 120.0, 119.4, 119.4, 118.3, 119.2, 119.0, 118.2, 118.5, 117.5, 119.2, 118.8, 119.2, 119.8, 120.7, 119.2, 120.7, 119.8, 120.1, 120.7, 119.8, 121.0, 119.2, 119.2, 118.8, 118.8, 119.2, 118.5, 118.8, 117.9, 118.1, 117.1, 118.1, 118.3, 118.8, 118.8, 118.3, 119.4, 119.0, 119.0, 117.9, 119.0, 118.1, 118.5, 119.2, 119.8, 118.8, 118.3, 118.8, 118.8, 118.3, 118.7, 118.8, 118.8, 118.3, 118.8, 119.2, 120.0, 119.6, 119.6, 119.8, 119.2, 119.2, 118.7, 118.7, 120.1, 119.8, 119.0, 120.5, 119.8, 120.7, 119.0, 119.2, 117.7, 118.7, 117.9, 116.8, 117.6, 118.7, 118.7, 120.1, 120.5, 120.5, 122.3, 122.3, 121.7, 121.4, 122.3, 121.7, 121.4, 121.4, 121.4, 121.4, 120.5, 120.5, 120.1, 120.5, 120.5, 119.9, 119.6, 120.5, 120.5, 120.1, 120.1, 120.1, 119.6, 120.5]"
7,"[131.0, 130.8, 130.5, 129.6, 129.6, 129.9, 129.9, 131.3, 130.7, 130.7, 130.7, 130.7, 130.1, 130.7, 130.5, 130.7, 130.7, 131.1, 130.7, 131.1, 130.7, 129.9, 131.1, 130.7, 131.3, 130.7, 130.7, 130.1, 130.7, 130.5, 130.7, 130.8, 130.7, 130.7, 130.7, 130.5, 131.3, 131.3, 131.3, 131.3, 131.3, 131.1, 130.5, 131.1, 131.3, 131.1, 130.7, 130.5, 131.3, 131.1, 130.1, 130.7, 130.1, 130.7, 130.1, 131.1, 130.5, 130.5, 131.3, 130.5, 130.7, 130.7, 130.7, 131.3, 130.2, 130.7, 130.7, 131.1, 130.5, 130.1, 131.1, 130.5, 130.5, 130.5, 130.5, 131.1, 131.1, 131.3, 131.3, 131.3, 131.3, 130.7, 130.7, 131.3, 131.3, 130.7, 131.3, 130.7, 131.3, 130.7, 130.7, 130.7, 130.7, 130.7, 131.3, 130.7, 131.3, 130.8, 130.1, 130.1, 130.7, 129.9, 129.5, 130.2, 129.9, 129.9, 130.5, 130.7, 131.1, 130.5, 129.9, 130.5, 130.5, 130.5, 130.7, 130.5, 130.5, 129.9, 130.5, 130.5, 130.5, 130.5, 131.3, 130.5, 130.4, 130.5, 130.1, 129.9, 130.1, 130.5, 130.5, 130.5, 129.9, 130.7, 131.1, 130.5, 130.2, 129.6, 130.0, 129.3, 130.0, 130.0, 129.3, 130.3, 130.3, 129.3, 130.0, 129.3, 128.7, 127.8, 126.9, 125.4, 125.7, 125.7, 126.9, 126.0, 126.6, 126.6, 126.0, 126.3, 125.7, 125.4, 124.9, 125.1, 124.5, 124.5, 123.3, 123.6, 124.2, 124.2, 124.5, 123.3, 124.0, 122.7, 123.3, 123.1, 123.3, 123.0, 122.7, 123.0, 122.7, 122.4, 122.4, 121.5, 120.9, 120.5, 121.1, 120.5, 120.2, 121.3, 120.4, 119.6, 119.4, 119.8, 119.0, 120.2, 120.7, 120.7, 119.8, 118.6, 117.0, 116.7, 115.9, 115.3, 116.0, 115.6, 116.0, 115.6, 115.0, 115.0, 116.0, 116.0, 116.0, 116.0, 115.0, 116.0, 115.5, 116.0, 115.5, 115.5, 115.2, 114.5, 115.1, 114.7, 114.7, 114.2, 114.2, 115.2, 114.2, 114.7, 113.8, 114.1, 112.7, 112.8, 112.3, 112.7, 112.7, 111.7, 113.2, 112.2, 113.2, 112.2, 112.7, 112.3, 112.2, 112.7, 111.7, 111.2, 111.2, 110.3, 111.2, 110.8, 111.7, 111.7, 111.2, 111.3, 111.2, 110.7, 111.7, 111.2, 111.2, 111.7, 111.7, 111.7, 111.8, 112.1, 112.2, 112.2, 111.7, 111.3, 111.7, 111.7, 111.2, 110.8, 111.3, 110.8, 110.8, 110.3, 111.3, 111.3, 111.3, 111.8, 111.3, 111.8, 111.3, 111.3, 111.8, 111.3, 110.3, 111.3, 110.3, 110.8, 111.3, 110.9, 110.8, 110.3, 110.8, 111.8, 111.3, 111.3, 111.3, 111.3, 111.3, 111.8, 111.3, 111.3, 110.8, 111.8, 111.3, 110.8, 111.3, 110.8, 110.8, 110.8, 110.8, 110.8, 110.8, 110.9, 110.8, 110.8, 110.8, 110.3, 111.3, 110.9, 110.9, 110.8, 111.3, 109.9, 109.9, 109.9, 110.3, 110.3, 110.3, 108.9, 109.9, 110.3, 109.9, 109.8, 109.9, 110.4, 109.9, 109.8, 109.8, 110.3, 109.9, 109.8, 110.3, 109.9, 109.9, 110.8, 109.9, 110.3, 110.3, 110.9, 109.9, 109.4, 109.4, 109.4, 108.9, 108.4, 108.9, 108.9, 109.4, 108.9, 110.3, 109.4, 109.4, 110.9, 109.9, 109.9, 108.9, 108.9, 109.9, 110.3, 110.9, 110.3, 110.3, 110.9, 110.9, 110.9, 109.8, 109.9, 109.4, 110.3, 111.3, 111.3, 111.3, 110.8, 110.8, 111.2, 111.3, 110.8, 110.3, 110.3, 109.8, 109.4, 109.8, 109.4, 109.4, 109.4, 109.8, 110.3, 109.4, 109.4, 109.8, 110.3, 109.9, 109.8, 110.3, 110.3, 110.3, 110.3, 111.8, 111.3, 111.3, 111.3, 111.3, 111.8, 110.8, 110.8, 110.8, 110.3, 110.8, 110.3, 110.3, 110.3, 110.3, 110.3, 110.3, 110.3, 109.8, 109.9, 109.9, 109.9, 110.3, 110.3, 110.3, 109.9, 109.9, 109.8, 110.3, 110.3, 109.4, 109.4, 109.8, 109.9, 110.3, 109.4, 109.9, 109.9, 110.4, 109.9, 110.3, 109.9, 109.9, 110.3, 110.3, 110.3, 110.8, 110.3, 110.9, 111.4, 110.3, 111.3, 111.3, 111.3, 110.8, 110.8, 111.3, 110.3, 111.3, 111.8, 110.8, 111.3, 111.3, 111.4, 110.8, 110.8, 111.3, 110.8, 110.8, 110.8, 110.9, 111.3, 111.3, 110.8, 110.8, 110.8, 111.3, 111.3, 111.8, 110.8, 110.8, 110.8, 110.8, 110.8, 110.8, 110.8, 110.8, 110.8, 110.8, 110.8, 111.3, 111.3, 111.3, 110.3, 111.3, 111.8, 111.3, 110.3, 110.9, 111.3, 110.9, 110.9, 110.9, 110.9, 110.9, 111.3, 111.8, 111.3, 110.3, 111.3, 110.9, 110.3, 111.8, 111.3, 110.9, 111.3, 111.3, 110.9, 110.4, 111.4, 110.9, 110.3, 111.3, 111.8, 110.8, 110.8, 110.8, 111.3, 111.3, 111.3, 111.4, 110.8, 111.3, 111.3, 111.8, 110.8, 111.8, 111.8, 111.3, 111.3, 112.3, 110.8, 110.8, 111.3, 111.8, 110.8, 111.8, 111.3, 110.8, 111.3, 110.8, 111.8, 111.8, 110.8, 110.8, 110.8, 110.8, 111.3, 110.9, 111.8, 111.3, 111.3, 110.8, 111.3, 111.3, 111.3, 110.9, 111.3, 111.3, 110.8, 110.8, 110.8, 110.8, 110.3, 110.8, 110.8, 110.8, 110.8, 110.3, 111.3, 110.9, 110.3, 110.8, 110.8, 111.8, 110.9, 110.9, 110.8]"
7,"[114.2, 113.7, 113.7, 112.8, 112.8, 111.8, 112.3, 112.2, 111.7, 111.3, 111.3, 111.7, 111.8, 110.8, 111.7, 110.8, 110.3, 110.8, 110.8, 110.8, 111.3, 111.3, 110.9, 110.8, 110.8, 111.8, 111.8, 112.2, 111.8, 111.3, 110.8, 110.8, 110.8, 110.8, 111.3, 110.8, 109.9, 110.9, 110.3, 110.8, 110.8, 111.4, 111.3, 112.2, 112.2, 111.8, 112.3, 112.2, 112.2, 110.8, 110.3, 110.8, 110.8, 110.8, 110.3, 110.9, 111.3, 110.3, 111.3, 110.8, 110.3, 110.8, 110.3, 110.8, 110.3, 111.3, 111.3, 111.3, 110.3, 110.3, 110.4, 110.3, 110.3, 110.3, 110.4, 110.8, 110.8, 110.8, 110.3, 111.3, 110.3, 111.3, 110.3, 110.9, 111.3, 110.9, 110.3, 110.8, 110.3, 111.3, 111.8, 111.3, 111.8, 110.8, 111.3, 111.3, 110.9, 111.3, 111.8, 110.4, 111.3, 111.8, 111.4, 110.9, 111.4, 111.3, 111.4, 110.9, 110.4, 110.3, 111.8, 111.3, 110.8, 111.8, 110.9, 110.8, 110.8, 110.8, 111.3, 110.3, 111.3, 111.3, 111.3, 112.2, 111.8, 111.3, 112.2, 112.2, 113.2, 112.7, 113.7, 113.7, 114.1, 114.0, 114.4, 114.5, 114.0, 114.0, 114.0, 114.4, 115.0, 114.4, 115.0, 115.0, 114.4, 115.0, 115.9, 115.9, 115.4, 116.3, 116.8, 117.5, 119.4, 120.0, 120.0, 120.0, 119.0, 119.6, 120.0, 120.5, 120.7, 120.3, 120.3, 120.0, 120.3, 120.0, 119.6, 117.7, 115.7, 115.9, 114.5, 113.3, 114.2, 114.2, 114.2, 114.7, 113.8, 114.7, 114.2, 114.2, 114.8, 113.8, 111.8, 113.2, 112.2, 111.3, 111.7, 110.8, 111.3, 111.3, 110.8, 112.2, 112.7, 112.2, 112.2, 111.3, 111.7, 110.8, 110.8, 110.3, 111.3, 111.3, 111.3, 110.8, 111.2, 110.8, 110.8, 110.8, 110.8, 110.8, 111.8, 111.3, 110.8, 111.3, 110.8, 111.3, 111.3, 110.8, 111.3, 111.8, 111.3, 111.8, 111.8, 110.8, 111.3, 110.8, 111.8, 110.3, 110.3, 110.3, 110.3, 109.9, 108.9, 109.9, 110.3, 110.3, 109.9, 110.3, 110.8, 111.8, 110.8, 110.8, 110.8, 110.3, 109.8, 110.3, 110.3, 110.3, 109.8, 108.9, 108.9, 109.4, 109.8, 110.8, 110.8, 110.8, 111.3, 110.3, 110.3, 109.8, 109.4, 109.4, 109.9, 109.4, 108.9, 108.4, 109.8, 109.4, 109.4, 111.3, 110.3, 109.4, 107.9, 108.9, 108.4, 108.4, 108.9, 108.9, 108.4, 108.9, 108.4, 107.9, 108.9, 109.8, 109.9, 110.8, 110.3, 110.8, 110.3, 109.8, 109.8, 110.3, 109.8, 109.4, 109.9, 110.3, 109.8, 110.3, 110.3, 110.8, 110.8, 110.8, 110.3, 110.8, 109.4, 108.9, 109.4, 109.4, 109.4, 107.9, 107.9, 108.9, 107.9, 107.9, 106.9, 108.4, 109.4, 110.3, 109.4, 109.8, 109.4, 109.4, 108.4, 107.9, 108.9, 107.4, 107.9, 107.4, 108.4, 109.4, 108.9, 109.4, 110.3, 110.3, 109.4, 108.9, 109.4, 108.9, 107.9, 107.9, 107.9, 107.9, 107.9, 107.9, 107.4, 106.4, 109.4, 109.8, 110.3, 109.4, 109.4, 109.3, 110.8, 111.3, 110.8, 110.3, 108.9, 109.4, 109.4, 109.4, 108.9, 108.9, 108.4, 109.8, 109.9, 110.8, 110.3, 110.8, 110.3, 111.3, 111.7, 111.7, 110.8, 111.2, 111.3, 110.8, 111.3, 110.8, 111.3, 111.3, 111.8, 110.3, 111.3, 109.8, 110.8, 110.3, 110.3, 110.8, 110.8, 111.3, 111.3, 111.8, 111.7, 110.8, 110.8, 111.3, 111.3, 110.8, 111.3, 110.8, 111.3, 110.8, 111.2, 112.7, 113.2, 114.2, 113.5, 114.1, 112.7, 111.3, 111.7, 110.8, 110.8, 111.2, 111.3, 110.8, 110.8, 110.8, 111.3, 111.8, 112.2, 113.2, 113.7, 112.7, 113.7, 112.3, 113.7, 112.7, 111.7, 111.8, 111.3, 110.3, 113.2, 113.2, 113.7, 114.2, 115.0, 115.0, 115.0, 115.0, 115.0, 114.0, 113.7, 112.7, 113.3, 112.3, 111.8, 111.8, 112.7, 114.2, 114.1, 113.6, 114.2, 113.6, 114.2, 113.3, 114.7, 114.7, 114.2, 114.0, 114.0, 113.7, 114.2, 112.7, 113.3, 113.3, 113.2, 113.2, 113.2, 114.2, 113.7, 113.8, 113.7, 113.7, 114.1, 114.1, 114.2, 112.7, 113.7, 113.7, 114.1, 113.6, 113.7, 114.1, 114.5, 114.5, 114.5, 115.5, 115.1, 115.0, 115.0, 114.1, 114.1, 115.0, 115.9, 114.4, 116.0, 116.4, 115.9, 115.9, 115.5, 116.0, 115.9, 116.0, 115.0, 115.1, 113.6, 114.1, 114.5, 114.1, 113.7, 113.7, 114.1, 113.2, 113.2, 113.6, 114.5, 114.5, 116.0, 116.0, 115.3, 115.3, 115.3, 115.1, 116.0, 115.1, 114.7, 114.2, 113.3, 112.7, 113.3, 112.3, 112.7, 112.3, 113.2, 113.8, 113.7, 113.7, 114.7, 114.7, 113.7, 114.1, 113.2, 113.3, 113.8, 114.2, 114.3, 114.2, 114.5, 114.1, 113.7, 114.1, 114.1, 114.8, 114.1, 114.7, 114.5, 113.7, 114.2, 113.3, 112.8, 113.8, 114.7, 116.6, 116.6, 115.6, 115.1, 115.1, 115.1, 115.1, 114.8, 114.2, 113.2, 114.2, 113.8, 113.3, 113.8, 113.3, 114.1, 114.1, 114.5, 114.7, 115.1, 114.7, 114.7, 114.7, 114.7, 113.7, 113.7, 113.8, 113.7, 113.8, 113.3, 113.3, 113.7, 113.4, 113.3, 113.4, 114.3, 113.3]"
8,"[145.6, 146.1, 146.7, 146.1, 146.7, 146.1, 145.8, 146.7, 145.6, 146.3, 146.5, 145.6, 145.8, 146.3, 146.3, 146.1, 146.0, 146.5, 145.8, 145.6, 145.8, 146.9, 146.1, 145.4, 146.1, 145.2, 146.1, 146.1, 145.2, 146.1, 145.2, 145.4, 143.9, 144.6, 144.6, 144.6, 145.0, 144.7, 145.2, 145.8, 145.2, 145.0, 143.7, 143.9, 143.5, 142.7, 141.7, 141.4, 141.4, 143.5, 143.9, 143.5, 144.8, 143.3, 143.5, 142.1, 142.1, 142.1, 141.5, 142.1, 141.2, 141.5, 142.1, 141.2, 142.7, 141.9, 140.9, 142.1, 142.1, 141.2, 142.3, 142.4, 142.1, 141.8, 141.5, 141.7, 142.7, 140.9, 140.0, 141.0, 142.3, 141.4, 142.1, 142.1, 141.4, 142.7, 140.8, 141.1, 141.4, 141.4, 142.1, 142.1, 141.7, 141.4, 142.1, 142.1, 140.6, 141.4, 141.5, 140.9, 140.6, 142.1, 142.7, 142.7, 142.3, 140.8, 142.1, 140.8, 141.4, 142.1, 142.7, 141.4, 141.4, 141.2, 141.7, 141.7, 142.3, 141.4, 142.1, 142.1, 142.7, 142.3, 141.7, 142.6, 141.4, 141.7, 141.1, 141.4, 141.1, 140.5, 140.8, 140.8, 141.4, 139.4, 140.2, 139.1, 141.0, 141.3, 141.4, 141.2, 142.9, 142.7, 140.9, 141.2, 140.6, 140.0, 140.0, 142.1, 140.9, 140.4, 140.0, 141.2, 139.4, 140.0, 140.6, 140.4, 140.7, 140.8, 141.7, 139.4, 139.1, 138.5, 139.7, 139.7, 138.1, 138.8, 138.8, 139.1, 139.4, 139.7, 138.5, 138.5, 139.1, 138.8, 137.8, 139.1, 138.8, 137.5, 137.2, 136.9, 137.8, 137.8, 137.2, 138.8, 137.8, 139.1, 138.5, 138.1, 137.5, 138.5, 138.1, 138.1, 137.2, 137.8, 138.5, 137.5, 138.1, 137.8, 138.1, 137.5, 136.8, 137.2, 137.8, 137.8, 138.1, 138.1, 137.8, 137.8, 137.2, 137.5, 137.8, 137.5, 137.8, 138.1, 137.5, 136.8, 136.6, 137.8, 136.8, 137.8, 138.5, 138.1, 137.2, 137.2, 138.1, 137.8, 137.8, 137.8, 136.8, 136.8, 136.8, 136.8, 137.5, 137.5, 137.5, 136.2, 138.5, 137.2, 137.5, 137.5, 137.8, 136.8, 137.8, 136.8, 137.8, 137.5, 137.5, 137.5, 136.2, 137.2, 136.8, 136.6, 137.8, 136.8, 137.2, 138.1, 137.8, 136.6, 137.2, 136.8, 137.2, 136.6, 138.5, 138.1, 138.5, 137.8, 137.8, 137.5, 138.5, 138.5, 137.8, 138.8, 137.5, 138.1, 138.5, 138.5, 137.5, 137.8, 137.8, 137.8, 138.5, 138.8, 139.1, 140.0, 140.2, 141.4, 139.7, 139.1, 139.1, 138.5, 138.5, 137.2, 137.2, 138.1, 137.5, 138.8, 137.5, 139.9, 138.5, 138.8, 138.8, 140.0, 138.1, 138.5, 137.2, 137.5, 137.8, 138.8, 137.5, 138.5, 138.5, 137.8, 138.1, 138.8, 139.1, 139.7, 140.3, 141.0, 139.7, 141.2, 140.1, 140.3, 139.7, 140.7, 141.0, 141.2, 138.8, 139.4, 140.9, 143.3, 142.8, 143.4, 142.8, 141.9, 140.6, 140.7, 140.7, 142.5, 143.4, 144.1, 143.7, 143.8, 143.9, 143.7, 143.7, 143.7, 143.9, 143.7, 143.7, 144.3, 144.3, 145.2, 145.4, 145.2, 145.4, 145.4, 145.4, 146.1, 145.4, 145.6, 145.4, 145.4, 144.6, 145.6, 145.0, 144.8, 144.8, 145.2, 145.4, 145.0, 145.4, 144.8, 145.2, 145.6, 145.4, 144.6, 145.6, 145.6, 146.7, 146.1, 145.8, 146.7, 146.1, 146.1, 146.5, 146.7, 146.7, 146.7, 146.7, 146.9, 146.7, 146.9, 146.7, 147.3, 146.7, 147.1, 147.1, 147.1, 147.3, 146.7, 146.5, 146.9, 146.9, 146.9, 146.7, 146.7, 145.6, 146.7, 146.7, 146.7, 146.9, 146.7, 146.7, 146.7, 146.7, 146.7, 146.7, 146.7, 147.3, 146.7, 146.7, 146.9, 146.7, 146.1, 146.7, 146.7, 146.5, 147.3, 146.7, 146.5, 146.9, 146.5, 146.7, 146.5, 146.5, 146.5, 147.1, 147.1, 147.1, 147.1, 147.1, 147.3, 146.9, 146.9, 146.5, 147.1, 147.8, 147.6, 147.1, 146.9, 147.8, 147.8, 147.8, 147.8, 147.1, 147.1, 147.1, 147.1, 146.9, 147.3, 147.1, 146.9, 147.1, 146.3, 147.1, 147.1, 147.8, 147.1, 148.0, 146.9, 147.1, 147.1, 147.3, 148.2, 148.2, 147.3, 148.0, 147.8, 147.1, 147.8, 147.6, 147.6, 147.3, 147.8, 147.8, 147.3, 146.9, 147.3, 147.1, 147.1, 147.1, 147.1, 148.0, 147.3, 147.3, 147.3, 147.8, 148.0, 147.5, 148.0, 148.2, 147.3, 147.1, 147.3, 147.3, 147.1, 147.1, 148.0, 147.1, 147.1, 147.3, 147.1, 146.7, 146.9, 146.9, 146.9, 147.8, 147.1, 147.8, 147.3, 146.5, 148.0, 147.8, 148.2, 148.2, 147.8, 148.0, 147.6, 147.6, 148.0, 148.2, 148.0, 148.2, 148.2, 149.0, 148.6, 148.8, 149.0, 148.6, 148.2, 148.6, 149.0, 149.0, 148.6, 148.6, 148.8, 148.8, 148.6, 148.6, 148.6, 148.6, 148.4, 147.8, 148.8, 148.6, 148.8, 148.2, 149.5, 149.5, 149.7, 149.7, 149.7, 150.3, 149.3, 149.5, 149.5, 150.0, 149.5, 148.8, 148.8, 150.1, 149.7, 149.7, 150.1, 150.1, 150.8, 149.7, 150.3, 149.5, 149.5, 150.3, 149.7, 149.7, 149.5, 150.3, 150.1, 150.3, 150.0, 150.1, 149.7, 150.3, 150.1, 149.7, 150.3, 150.1, 150.1, 149.5, 150.1, 150.8, 150.8]"
8,"[152.1, 152.7, 152.7, 151.5, 150.2, 151.3, 150.5, 150.7, 151.5, 152.0, 151.5, 152.6, 152.0, 152.1, 152.0, 151.5, 152.1, 151.5, 152.3, 152.4, 152.1, 152.3, 152.1, 152.1, 152.4, 152.4, 152.3, 152.9, 152.3, 152.3, 153.0, 152.3, 152.4, 152.3, 153.5, 153.8, 152.4, 153.7, 153.0, 154.3, 153.0, 152.4, 153.0, 153.5, 152.9, 153.5, 153.8, 153.8, 153.3, 153.9, 153.2, 153.8, 153.7, 153.2, 152.9, 152.4, 151.9, 153.0, 151.8, 153.2, 153.0, 153.2, 152.9, 152.3, 152.4, 151.2, 152.5, 152.4, 152.4, 153.0, 153.2, 152.4, 152.9, 152.9, 152.4, 152.4, 152.4, 152.9, 151.9, 152.4, 152.9, 153.0, 152.4, 151.9, 152.3, 152.3, 152.3, 152.9, 152.3, 152.3, 152.7, 152.4, 152.4, 153.0, 152.4, 153.0, 152.4, 152.9, 152.3, 152.4, 151.9, 151.6, 152.3, 150.8, 152.1, 150.7, 150.0, 151.5, 151.0, 151.6, 152.4, 151.6, 151.8, 151.0, 151.6, 151.6, 151.0, 151.0, 151.2, 151.0, 151.5, 151.2, 151.5, 150.8, 150.0, 149.9, 150.0, 149.7, 149.2, 149.7, 149.5, 147.8, 147.1, 147.6, 147.6, 146.7, 146.9, 146.9, 146.5, 145.8, 146.5, 146.3, 146.3, 145.6, 146.3, 146.0, 145.6, 146.5, 146.5, 146.9, 146.3, 146.5, 145.4, 145.0, 144.6, 145.6, 145.4, 144.3, 144.7, 145.2, 145.8, 145.2, 145.2, 145.0, 144.3, 145.0, 144.1, 144.6, 144.6, 145.1, 143.7, 144.2, 144.7, 143.8, 143.2, 143.5, 143.5, 143.3, 143.0, 143.8, 142.9, 142.9, 143.7, 142.6, 143.3, 143.7, 143.0, 143.5, 143.5, 143.3, 143.3, 143.7, 143.3, 143.3, 143.3, 143.7, 144.2, 143.5, 143.9, 143.8, 143.3, 143.0, 142.3, 142.9, 142.6, 143.7, 142.7, 142.7, 143.0, 142.7, 142.0, 142.7, 142.9, 142.6, 142.6, 142.4, 143.4, 142.7, 142.6, 142.6, 143.3, 142.6, 143.3, 143.4, 142.6, 143.0, 143.1, 143.4, 143.4, 143.4, 143.4, 144.1, 142.7, 142.4, 143.4, 143.1, 143.4, 143.9, 144.4, 143.4, 144.4, 144.1, 143.4, 143.4, 143.7, 144.6, 144.4, 143.4, 143.4, 143.8, 143.3, 143.3, 142.7, 143.5, 143.7, 144.4, 144.4, 144.9, 145.3, 144.4, 144.6, 145.3, 144.6, 144.9, 143.9, 143.9, 143.9, 144.9, 145.8, 144.9, 145.3, 145.3, 144.6, 143.7, 144.2, 143.9, 143.3, 144.6, 144.2, 144.9, 144.9, 144.9, 143.9, 143.7, 143.9, 143.9, 144.2, 144.9, 144.6, 143.8, 143.7, 143.7, 143.9, 144.6, 143.9, 143.9, 144.9, 144.6, 144.6, 144.9, 144.2, 144.1, 144.5, 144.5, 144.4, 144.2, 143.3, 143.0, 143.7, 142.7, 143.1, 143.1, 143.7, 143.7, 143.7, 143.7, 143.9, 144.4, 144.4, 144.4, 144.4, 144.6, 144.4, 143.9, 144.4, 143.9, 143.9, 144.4, 144.4, 143.7, 144.4, 143.4, 144.4, 143.7, 144.4, 143.7, 144.6, 144.4, 143.9, 144.1, 143.7, 144.6, 143.5, 144.5, 143.9, 143.9, 143.7, 143.9, 143.7, 143.7, 144.1, 144.4, 144.6, 143.7, 144.1, 144.4, 144.4, 144.6, 143.9, 143.9, 143.9, 144.2, 144.6, 144.9, 144.1, 144.7, 144.6, 145.2, 145.8, 145.2, 145.0, 144.8, 144.6, 145.2, 145.2, 144.7, 145.2, 144.6, 144.8, 145.0, 145.2, 145.0, 145.4, 145.6, 145.8, 145.6, 145.8, 146.5, 146.5, 146.7, 146.5, 146.7, 146.7, 146.3, 146.7, 146.1, 146.5, 146.9, 146.9, 146.5, 146.7, 146.3, 145.6, 146.5, 146.7, 146.7, 146.5, 147.1, 147.1, 146.7, 147.8, 147.8, 147.1, 146.9, 147.3, 148.4, 147.8, 147.8, 148.4, 147.8, 148.4, 147.8, 146.5, 146.9, 147.1, 147.6, 147.6, 147.4, 147.6, 147.6, 147.6, 147.6, 147.6, 147.8, 147.8, 148.0, 147.8, 148.0, 149.3, 148.0, 148.6, 149.5, 148.8, 148.4, 148.0, 148.6, 148.0, 148.4, 147.3, 148.6, 148.8, 148.8, 149.7, 149.7, 150.0, 149.0, 150.3, 150.5, 150.5, 149.7, 149.9, 150.5, 149.9, 150.5, 149.9, 149.7, 149.7, 149.9, 150.3, 150.3, 151.3, 151.3, 150.7, 151.1, 151.3, 151.3, 150.8, 151.3, 151.3, 151.0, 150.7, 150.7, 150.7, 150.5, 150.7, 151.0, 151.6, 150.2, 151.3, 151.5, 150.7, 150.8, 150.7, 151.3, 151.3, 150.8, 150.8, 151.5, 150.8, 150.8, 151.5, 150.0, 150.7, 150.7, 150.8, 151.0, 151.0, 151.6, 152.3, 151.6, 151.6, 150.8, 152.1, 152.3, 151.8, 151.5, 151.5, 151.6, 151.0, 151.5, 151.0, 151.6, 152.1, 152.1, 152.1, 151.5, 151.5, 152.1, 152.3, 152.3, 152.7, 151.8, 151.6, 151.6, 151.6, 152.4, 152.3, 151.6, 151.6, 151.6, 151.9, 151.6, 152.3, 151.5, 151.6, 151.6, 151.6, 151.6, 151.0, 152.3, 151.6, 151.6, 151.6, 152.1, 152.3, 152.1, 152.3, 152.3, 152.4, 152.3, 150.8, 151.5, 152.3, 152.1, 151.6, 152.3, 152.3, 152.9, 152.7, 152.3, 152.4, 152.4, 152.4, 152.3, 152.5, 152.4, 152.1, 152.4, 152.1, 152.3, 152.1, 153.0, 152.1, 151.6, 151.8, 152.3, 152.9, 151.6, 152.3, 152.7, 151.8, 151.6, 152.3, 151.8, 152.3, 152.3, 151.6, 151.6, 152.3, 151.6]"
8,"[152.3, 152.3, 153.7, 153.0, 152.7, 151.5, 151.5, 152.1, 151.0, 151.8, 152.3, 152.3, 152.3, 151.8, 151.8, 151.5, 152.4, 152.4, 152.3, 152.5, 152.4, 152.3, 152.3, 152.4, 152.4, 152.4, 152.4, 152.9, 152.4, 152.4, 152.4, 153.0, 151.8, 152.3, 152.4, 152.4, 152.4, 152.4, 152.3, 152.4, 151.6, 152.5, 152.4, 152.3, 152.3, 152.5, 151.9, 151.8, 152.3, 152.3, 152.3, 151.2, 151.5, 152.4, 152.4, 151.6, 152.4, 152.4, 152.4, 152.3, 151.8, 152.4, 152.3, 152.3, 152.3, 151.6, 153.0, 152.9, 151.6, 151.6, 151.6, 152.4, 151.8, 152.1, 152.4, 152.3, 151.8, 151.6, 152.3, 151.8, 152.3, 151.6, 152.3, 152.3, 152.9, 152.4, 152.9, 152.3, 152.9, 152.3, 152.3, 152.3, 152.3, 152.3, 152.3, 152.4, 152.3, 152.3, 152.3, 152.4, 152.4, 152.4, 152.4, 153.0, 152.9, 152.9, 152.3, 152.9, 153.5, 152.9, 153.7, 152.5, 152.9, 152.3, 153.0, 152.3, 152.9, 152.4, 153.0, 152.9, 153.7, 153.0, 153.7, 152.9, 153.5, 152.7, 152.7, 153.2, 153.0, 152.3, 152.4, 152.3, 153.0, 152.4, 153.4, 152.0, 151.3, 150.8, 150.1, 149.5, 149.5, 149.1, 147.8, 146.9, 147.6, 146.9, 146.7, 148.4, 148.2, 147.3, 147.3, 147.1, 147.3, 147.3, 147.3, 146.7, 146.9, 146.9, 146.9, 146.7, 146.5, 146.0, 146.0, 146.7, 146.5, 145.1, 145.8, 146.3, 146.0, 146.3, 146.7, 146.7, 147.1, 145.2, 145.6, 145.6, 146.3, 146.3, 145.0, 145.4, 145.6, 145.6, 145.4, 145.1, 146.0, 144.5, 144.7, 145.4, 145.6, 145.6, 145.2, 145.6, 145.6, 145.0, 144.7, 144.7, 144.7, 145.4, 145.4, 145.0, 145.6, 144.6, 144.7, 144.5, 144.7, 144.7, 144.1, 144.5, 144.5, 144.9, 144.5, 143.5, 143.9, 143.5, 143.5, 143.5, 143.5, 144.5, 144.5, 143.0, 143.5, 143.3, 142.6, 143.5, 143.3, 143.3, 143.3, 142.6, 143.3, 143.5, 143.5, 142.9, 142.6, 143.4, 142.6, 143.3, 143.4, 143.3, 143.3, 143.9, 143.3, 143.5, 143.7, 143.4, 142.3, 143.4, 143.7, 143.0, 143.3, 142.6, 142.6, 143.4, 142.7, 143.7, 142.7, 143.7, 143.0, 143.4, 143.4, 142.6, 143.0, 143.4, 142.6, 143.7, 143.9, 143.4, 143.4, 143.4, 143.0, 142.1, 142.4, 141.8, 141.2, 142.4, 143.5, 142.4, 142.4, 142.4, 142.7, 143.1, 142.4, 142.4, 142.1, 142.1, 143.1, 143.0, 142.4, 142.4, 141.8, 142.7, 142.4, 142.4, 143.1, 142.1, 142.4, 142.4, 142.4, 143.1, 142.4, 143.1, 143.4, 143.1, 142.8, 143.4, 143.0, 143.1, 143.1, 143.1, 143.1, 143.1, 143.1, 143.1, 143.8, 143.4, 143.4, 143.1, 143.4, 142.4, 143.8, 143.1, 143.4, 143.4, 143.4, 143.7, 142.7, 143.0, 143.7, 142.4, 142.7, 142.7, 144.4, 144.5, 144.8, 143.8, 144.1, 145.0, 143.8, 144.1, 143.4, 143.4, 143.1, 142.4, 143.1, 142.7, 143.1, 143.1, 143.8, 143.1, 143.7, 143.4, 143.1, 143.4, 142.7, 143.1, 143.1, 142.7, 142.7, 143.1, 142.1, 142.1, 142.1, 143.1, 142.4, 142.4, 143.4, 143.4, 143.9, 144.6, 143.9, 144.6, 144.9, 145.1, 145.8, 144.5, 144.9, 145.8, 144.5, 144.2, 144.2, 144.5, 144.2, 144.6, 143.9, 144.5, 144.9, 145.8, 145.1, 144.9, 145.8, 145.8, 145.8, 145.1, 145.4, 146.0, 145.8, 145.8, 145.8, 145.8, 145.8, 145.8, 145.8, 145.1, 145.1, 145.4, 144.2, 144.2, 145.1, 145.1, 145.1, 144.9, 144.5, 145.4, 144.1, 144.5, 145.1, 144.5, 145.4, 144.7, 145.2, 145.4, 145.0, 145.4, 146.0, 146.7, 146.7, 146.9, 147.1, 146.7, 147.3, 148.0, 147.5, 148.0, 148.6, 148.6, 148.2, 148.2, 147.6, 148.0, 148.0, 148.6, 149.3, 150.7, 150.5, 151.5, 151.3, 151.5, 151.6, 151.5, 151.6, 151.8, 152.1, 151.6, 151.6, 151.6, 151.6, 151.8, 151.6, 152.4, 152.5, 151.8, 151.9, 152.5, 151.9, 151.2, 153.2, 153.0, 152.7, 152.4, 152.4, 151.8, 152.5, 152.4, 151.9, 152.5, 153.0, 152.4, 152.4, 152.3, 152.4, 152.4, 153.2, 152.4, 152.4, 152.5, 152.7, 153.3, 152.5, 152.4, 153.0, 151.8, 151.9, 151.9, 151.9, 151.9, 151.8, 152.5, 152.4, 151.5, 151.8, 151.3, 151.8, 151.6, 150.7, 151.2, 151.0, 151.6, 151.0, 151.2, 151.2, 151.0, 151.6, 151.8, 151.6, 151.6, 151.6, 150.8, 150.8, 150.8, 151.2, 151.5, 152.3, 151.5, 151.6, 151.8, 151.8, 152.4, 151.6, 151.5, 151.6, 151.5, 150.2, 151.5, 151.3, 150.7, 150.8, 150.8, 151.6, 151.6, 150.8, 150.8, 151.5, 150.8, 150.8, 151.2, 151.0, 151.6, 151.6, 151.0, 151.2, 151.2, 151.8, 151.8, 151.8, 152.3, 152.1, 151.8, 152.4, 152.4, 152.4, 153.2, 153.2, 153.2, 153.0, 152.5, 152.7, 152.5, 152.5, 151.9, 151.8, 152.7, 152.5, 153.0, 152.5, 152.7, 153.2, 151.9, 151.9, 152.5, 152.5, 151.8, 152.9, 152.5, 151.9, 152.5, 152.5, 152.4, 152.7, 152.5, 152.5, 152.5, 152.7, 151.9, 152.5, 153.2, 151.9, 152.7, 153.2, 152.5, 151.9, 152.2]"
8,"[139.4, 141.6, 140.3, 140.0, 137.5, 136.6, 136.6, 136.8, 137.2, 137.2, 136.8, 137.1, 138.5, 137.8, 137.2, 138.1, 137.5, 137.8, 137.2, 138.1, 138.8, 139.1, 139.1, 139.4, 138.8, 139.1, 139.1, 138.8, 137.2, 137.8, 138.1, 138.8, 138.1, 138.5, 138.8, 138.5, 139.1, 138.8, 139.4, 139.1, 139.1, 139.1, 138.5, 137.5, 137.2, 139.1, 137.5, 139.1, 138.5, 138.1, 138.1, 138.5, 139.1, 139.8, 139.1, 139.1, 139.8, 140.7, 142.7, 143.3, 143.5, 143.0, 144.2, 143.4, 142.3, 144.6, 143.7, 143.9, 144.4, 144.9, 144.5, 145.1, 145.8, 144.2, 144.9, 145.5, 144.9, 144.9, 144.9, 144.9, 144.5, 144.5, 144.7, 145.0, 143.8, 144.1, 145.0, 144.6, 145.6, 144.7, 144.7, 143.9, 144.1, 144.6, 145.2, 143.4, 145.2, 144.6, 145.2, 143.9, 143.9, 143.7, 145.4, 145.2, 144.6, 145.0, 144.3, 144.3, 145.2, 145.0, 145.0, 144.3, 144.3, 144.3, 144.3, 144.6, 144.7, 145.2, 145.0, 144.3, 145.0, 144.6, 145.6, 145.2, 145.8, 147.1, 146.3, 146.3, 145.6, 145.2, 145.0, 145.2, 144.7, 145.0, 144.7, 144.6, 145.0, 145.2, 143.9, 145.2, 145.4, 145.2, 144.6, 144.7, 144.7, 144.6, 145.0, 145.0, 145.0, 144.7, 145.4, 145.4, 145.4, 144.7, 145.6, 145.4, 145.4, 145.1, 145.4, 144.7, 145.0, 145.0, 145.4, 145.6, 145.6, 145.8, 146.0, 145.6, 145.8, 145.6, 145.6, 145.6, 146.3, 145.8, 145.0, 145.6, 145.0, 145.6, 145.6, 145.4, 145.6, 145.4, 146.0, 146.0, 146.0, 145.4, 145.8, 145.8, 146.0, 145.1, 145.4, 145.6, 145.6, 145.6, 145.6, 146.3, 145.4, 146.0, 145.4, 146.0, 145.6, 146.3, 145.4, 145.4, 146.3, 145.8, 146.3, 146.3, 146.0, 146.0, 146.5, 146.3, 145.4, 146.9, 146.3, 146.5, 146.3, 147.1, 146.3, 146.9, 145.6, 146.3, 146.3, 145.8, 146.7, 146.3, 146.5, 146.3, 146.0, 146.3, 146.0, 146.0, 145.4, 146.0, 144.7, 146.3, 146.5, 146.3, 145.6, 146.5, 146.5, 145.6, 145.6, 146.0, 146.3, 146.0, 146.3, 146.3, 146.5, 146.0, 146.3, 145.6, 146.3, 146.0, 146.3, 146.3, 146.3, 146.0, 145.6, 146.3, 146.3, 146.5, 145.8, 146.3, 146.0, 146.0, 146.0, 146.0, 146.0, 146.0, 146.0, 146.3, 146.0, 146.3, 146.0, 146.0, 146.0, 146.3, 146.0, 146.3, 145.6, 146.3, 145.4, 146.9, 146.9, 146.0, 146.0, 145.6, 146.5, 146.7, 146.0, 146.3, 145.6, 146.3, 146.5, 146.3, 146.3, 146.5, 146.3, 146.0, 146.3, 146.3, 146.5, 146.3, 146.9, 146.5, 146.5, 147.3, 146.7, 146.7, 146.9, 146.9, 146.9, 147.3, 147.5, 147.8, 147.3, 147.5, 147.8, 147.5, 147.3, 147.3, 148.0, 148.2, 148.2, 148.8, 147.3, 147.8, 148.0, 147.1, 146.5, 147.1, 148.0, 147.3, 146.5, 147.3, 147.8, 147.8, 148.0, 147.3, 147.1, 147.3, 148.0, 148.0, 147.1, 146.7, 146.9, 146.9, 147.3, 147.8, 147.3, 147.8, 147.1, 147.1, 148.0, 147.8, 147.5, 147.3, 147.1, 146.7, 147.1, 147.1, 147.1, 147.1, 147.6, 147.3, 147.1, 148.6, 148.0, 148.0, 148.0, 147.8, 147.8, 148.4, 148.4, 149.1, 148.7, 148.9, 148.2, 148.9, 149.6, 149.1, 149.8, 148.9, 149.1, 150.0, 150.0, 149.8, 149.3, 150.0, 149.8, 150.8, 150.8, 150.8, 151.6, 150.1, 150.3, 150.1, 151.0, 150.8, 150.3, 150.5, 151.1, 150.3, 150.1, 150.5, 149.7, 151.5, 150.3, 149.7, 150.3, 151.0, 150.5, 150.5, 150.3, 150.5, 150.7, 150.5, 150.5, 150.5, 151.0, 150.3, 151.0, 151.6, 152.3, 151.6, 151.0, 151.6, 151.1, 151.1, 151.1, 152.0, 151.3, 151.1, 152.0, 151.8, 152.0, 152.0, 152.6, 151.8, 152.0, 151.8, 152.0, 152.0, 152.6, 152.0, 152.6, 152.0, 152.6, 152.6, 152.7, 152.6, 152.6, 152.6, 153.3, 153.1, 153.4, 152.6, 152.6, 152.7, 152.1, 153.3, 152.3, 152.0, 152.3, 151.5, 151.5, 152.3, 152.7, 152.3, 152.1, 152.1, 151.5, 152.7, 152.1, 152.3, 151.8, 152.4, 151.8, 152.5, 152.3, 151.8, 151.2, 152.1, 151.6, 151.6, 151.8, 152.3, 152.3, 152.9, 151.8, 152.9, 151.5, 151.8, 151.6, 151.8, 152.3, 152.4, 152.4, 151.8, 152.4, 151.8, 151.6, 151.8, 151.6, 152.3, 151.6, 152.3, 153.0, 152.3, 152.3, 152.9, 151.8, 152.3, 152.4, 152.4, 153.0, 153.0, 152.4, 152.3, 152.5, 152.5, 152.4, 151.8, 152.5, 152.5, 152.5, 152.4, 152.4, 151.6, 152.4, 152.4, 152.5, 152.5, 152.4, 152.4, 153.0, 152.9, 152.4, 152.3, 152.4, 152.3, 152.3, 152.3, 151.8, 152.3, 152.4, 152.4, 153.0, 152.5, 151.8, 151.8, 153.2, 153.0, 153.2, 152.3, 152.4, 153.7, 152.5, 152.4, 152.4, 152.4, 152.4, 152.5, 153.0, 152.4, 153.2, 152.4, 152.4, 152.4, 153.0, 152.9, 152.4, 153.0, 152.5, 152.4, 153.7, 153.2, 153.2, 153.2, 153.8, 153.2, 153.2, 153.2, 153.2, 153.0, 152.4, 152.4, 152.9, 152.4, 152.4, 152.3, 153.2, 152.4, 153.0, 152.4, 152.9, 153.7, 152.4, 153.2]"
8,"[153.0, 153.7, 152.9, 153.8, 153.2, 153.2, 153.4, 153.2, 153.0, 153.2, 153.2, 153.2, 153.3, 152.5, 153.3, 153.3, 153.7, 153.3, 153.2, 153.9, 153.8, 153.8, 153.8, 153.8, 153.3, 153.2, 153.2, 153.2, 153.2, 153.2, 152.7, 152.7, 153.2, 153.0, 153.2, 152.7, 153.3, 153.2, 153.2, 153.2, 152.5, 153.3, 152.5, 153.2, 153.2, 153.2, 153.2, 153.2, 153.2, 152.7, 153.2, 153.2, 152.7, 152.5, 153.0, 153.7, 153.0, 153.2, 152.5, 153.2, 152.5, 153.0, 152.3, 152.9, 152.9, 153.2, 152.9, 151.6, 152.3, 151.6, 152.9, 153.0, 152.9, 153.0, 152.3, 152.4, 152.4, 151.8, 152.4, 152.1, 152.3, 152.5, 152.3, 152.7, 152.1, 151.3, 151.3, 149.7, 151.0, 151.0, 150.3, 150.5, 151.6, 150.3, 149.5, 150.1, 150.0, 149.3, 149.3, 149.1, 149.5, 149.5, 148.6, 150.0, 150.1, 149.5, 149.2, 149.3, 149.3, 149.5, 149.3, 149.3, 149.5, 150.1, 150.0, 149.3, 150.0, 149.3, 148.4, 149.1, 150.1, 149.3, 150.0, 149.3, 149.3, 149.1, 149.1, 149.1, 148.6, 148.4, 148.6, 148.4, 148.9, 148.6, 148.0, 148.4, 148.2, 147.6, 147.8, 147.8, 148.0, 148.0, 148.0, 147.3, 147.1, 147.1, 146.9, 146.7, 147.4, 146.5, 146.7, 146.9, 146.0, 146.9, 146.5, 146.5, 146.7, 146.7, 146.7, 145.8, 146.5, 146.2, 147.4, 146.5, 146.7, 146.7, 146.0, 146.0, 145.4, 145.6, 145.0, 144.5, 144.5, 144.3, 144.7, 144.7, 144.2, 142.6, 143.0, 143.7, 143.1, 143.7, 143.3, 143.5, 143.5, 144.2, 143.5, 144.7, 144.2, 144.2, 143.3, 143.0, 143.7, 143.9, 143.7, 143.0, 143.4, 142.4, 142.7, 143.4, 143.4, 143.8, 143.7, 143.7, 143.7, 143.9, 144.1, 143.0, 142.7, 142.7, 142.7, 142.7, 144.4, 143.0, 142.7, 142.4, 142.4, 142.7, 142.7, 142.1, 142.4, 142.1, 142.1, 142.1, 142.8, 142.1, 142.8, 142.4, 141.8, 141.8, 141.8, 142.1, 142.1, 142.1, 141.5, 142.1, 141.5, 141.5, 141.8, 142.4, 143.1, 142.1, 142.4, 141.5, 141.1, 140.8, 141.1, 140.8, 140.1, 140.1, 141.1, 141.1, 140.4, 140.4, 140.4, 140.4, 141.5, 141.1, 141.5, 141.4, 141.8, 141.8, 142.1, 142.1, 141.8, 141.8, 141.1, 140.4, 140.8, 140.8, 142.8, 142.1, 142.1, 141.8, 141.5, 142.1, 141.1, 140.8, 141.8, 141.8, 141.8, 141.1, 140.8, 141.5, 141.8, 142.4, 141.5, 141.5, 141.8, 140.5, 141.5, 141.1, 141.1, 140.8, 141.5, 141.5, 140.8, 140.8, 140.4, 140.8, 141.8, 142.4, 142.1, 141.8, 141.1, 141.8, 141.5, 141.8, 141.1, 142.5, 142.4, 142.7, 143.1, 142.1, 142.4, 142.1, 143.1, 142.1, 142.1, 142.4, 141.8, 142.4, 142.4, 143.4, 143.9, 143.9, 144.2, 143.9, 144.9, 143.3, 143.5, 143.3, 143.7, 143.7, 143.4, 143.4, 143.0, 144.1, 143.4, 142.7, 143.7, 143.7, 143.4, 143.7, 143.7, 143.4, 143.4, 143.1, 143.1, 143.4, 144.6, 144.2, 144.2, 145.0, 145.0, 145.0, 144.3, 144.5, 144.7, 144.5, 144.9, 143.9, 144.2, 144.5, 144.7, 144.7, 145.0, 144.7, 145.0, 144.7, 143.8, 144.7, 144.7, 145.1, 145.6, 146.3, 146.5, 146.9, 146.3, 146.7, 146.7, 146.7, 146.0, 145.8, 146.5, 146.9, 145.8, 147.1, 146.5, 146.5, 146.0, 146.0, 145.8, 146.7, 146.3, 147.3, 148.2, 147.3, 147.6, 148.8, 148.4, 148.0, 147.5, 148.0, 148.0, 148.6, 148.6, 148.2, 148.0, 148.6, 148.4, 148.4, 148.6, 149.1, 148.6, 148.8, 148.8, 148.2, 148.8, 148.8, 149.7, 148.8, 149.0, 149.9, 149.0, 148.8, 148.2, 147.8, 148.4, 148.6, 148.0, 148.8, 148.6, 149.5, 148.6, 149.1, 149.7, 148.8, 148.6, 148.0, 148.8, 149.3, 149.3, 148.0, 149.3, 148.0, 148.6, 149.5, 148.6, 148.8, 149.7, 150.5, 150.5, 150.3, 150.0, 150.5, 149.9, 151.1, 150.0, 150.7, 150.7, 151.3, 151.5, 151.5, 151.5, 151.6, 151.6, 152.3, 151.8, 151.8, 151.8, 151.6, 151.5, 151.6, 151.8, 151.6, 151.8, 151.2, 151.6, 151.3, 152.1, 151.9, 151.6, 151.9, 151.6, 151.9, 151.8, 151.9, 151.8, 152.4, 152.3, 151.8, 151.2, 152.1, 152.5, 151.8, 151.5, 152.5, 151.8, 151.9, 151.8, 151.6, 152.4, 152.5, 151.9, 152.7, 152.5, 152.4, 152.5, 152.5, 152.1, 151.9, 151.8, 152.4, 151.6, 152.5, 152.5, 151.8, 151.2, 151.8, 151.0, 151.2, 151.8, 151.6, 151.8, 151.2, 151.9, 151.8, 151.8, 151.8, 151.9, 151.9, 151.8, 152.1, 151.8, 152.1, 151.9, 151.8, 151.9, 151.3, 151.8, 151.9, 151.8, 151.9, 151.9, 152.4, 152.4, 151.8, 152.4, 153.0, 152.4, 151.8, 151.2, 151.8, 152.3, 153.0, 152.3, 151.2, 152.4, 152.4, 152.3, 151.8, 151.9, 151.9, 151.8, 151.8, 151.9, 152.1, 151.8, 151.8, 151.8, 152.7, 152.4, 152.1, 152.7, 151.9, 152.7, 151.9, 151.9, 151.8, 151.9, 152.7, 152.4, 152.7, 152.4, 151.3, 151.8, 151.8, 152.4, 152.5, 151.9, 151.3, 151.8, 152.5, 151.9, 152.4, 151.9, 152.4, 152.5, 152.4]"
8,"[150.1, 149.0, 149.0, 148.8, 147.3, 147.8, 148.6, 149.0, 149.0, 149.7, 148.2, 148.6, 148.0, 148.4, 148.4, 148.2, 148.6, 149.1, 148.8, 149.3, 149.1, 149.1, 149.1, 149.8, 149.3, 149.3, 149.5, 150.1, 150.1, 149.7, 149.7, 149.5, 149.5, 149.5, 149.3, 149.0, 148.2, 148.4, 148.4, 147.8, 147.8, 147.1, 147.1, 147.1, 147.1, 146.3, 146.7, 146.9, 147.4, 146.9, 146.7, 147.4, 146.7, 146.7, 146.5, 146.7, 147.4, 146.7, 147.4, 146.0, 146.9, 146.9, 146.3, 146.7, 146.5, 146.2, 146.9, 145.8, 147.4, 146.7, 146.7, 146.2, 146.5, 145.5, 146.5, 146.7, 147.4, 147.1, 146.5, 146.5, 146.3, 146.5, 145.6, 146.5, 145.8, 146.3, 147.1, 147.1, 147.1, 147.1, 147.6, 147.1, 147.1, 146.7, 147.4, 147.3, 146.9, 146.9, 146.3, 145.6, 145.6, 145.1, 144.3, 145.8, 146.5, 146.3, 145.2, 145.6, 144.7, 145.2, 144.7, 145.4, 145.4, 145.1, 144.9, 145.1, 144.2, 145.0, 143.5, 144.6, 142.9, 142.9, 143.2, 142.9, 142.3, 142.9, 141.6, 140.6, 141.7, 141.9, 143.2, 143.2, 143.2, 143.8, 143.8, 143.5, 142.9, 143.5, 144.5, 143.8, 143.3, 143.5, 143.5, 144.2, 142.9, 143.5, 145.0, 144.5, 144.5, 144.5, 142.9, 143.8, 144.1, 144.5, 144.3, 144.1, 143.8, 143.8, 143.5, 144.2, 142.9, 143.8, 142.9, 143.5, 143.5, 143.8, 143.2, 142.5, 144.1, 142.0, 142.6, 142.9, 142.9, 142.5, 143.8, 143.8, 144.1, 143.9, 143.3, 143.5, 141.6, 142.2, 142.5, 142.0, 142.8, 140.7, 141.5, 141.6, 141.6, 141.2, 144.2, 143.4, 142.2, 142.1, 143.2, 142.2, 143.5, 142.6, 142.9, 142.9, 142.0, 141.3, 140.7, 141.7, 142.1, 142.6, 142.6, 142.0, 142.6, 140.7, 141.3, 142.5, 143.7, 142.8, 141.7, 142.3, 142.9, 142.6, 141.6, 141.6, 142.8, 142.9, 142.2, 141.6, 141.3, 141.9, 141.3, 141.6, 141.6, 142.0, 141.6, 141.6, 142.6, 142.0, 141.3, 141.0, 141.7, 141.0, 140.7, 139.7, 140.4, 139.1, 140.4, 140.4, 140.4, 140.0, 139.1, 140.3, 140.7, 140.0, 140.7, 140.7, 140.7, 139.7, 140.4, 140.1, 140.0, 140.4, 142.3, 139.7, 139.7, 139.4, 139.4, 140.0, 140.7, 140.0, 139.4, 140.0, 140.1, 139.7, 140.4, 140.1, 139.7, 140.1, 140.4, 141.0, 141.0, 141.0, 142.6, 143.2, 143.2, 144.1, 143.5, 143.5, 143.8, 144.3, 145.0, 144.3, 144.3, 143.4, 143.9, 143.2, 143.2, 143.4, 143.2, 143.9, 144.1, 143.8, 143.5, 144.3, 144.7, 144.3, 144.1, 144.2, 144.5, 143.8, 143.8, 142.3, 143.5, 144.1, 144.1, 144.1, 144.5, 144.5, 144.5, 144.7, 144.5, 143.5, 144.2, 144.2, 143.5, 143.8, 143.8, 144.7, 143.8, 144.5, 144.5, 145.1, 144.5, 144.5, 144.7, 144.7, 145.0, 145.4, 144.5, 145.4, 144.7, 145.0, 145.4, 145.0, 145.2, 145.0, 145.8, 144.7, 145.4, 145.8, 145.1, 145.6, 145.0, 145.0, 145.4, 145.0, 145.0, 144.7, 145.0, 145.6, 145.4, 145.0, 145.6, 145.6, 145.6, 145.8, 145.8, 145.8, 145.6, 145.6, 145.6, 145.8, 145.6, 145.6, 145.6, 145.8, 146.1, 145.6, 146.3, 146.3, 146.1, 145.4, 145.8, 146.5, 145.8, 145.8, 146.5, 146.1, 145.8, 146.5, 146.3, 146.5, 146.7, 146.3, 146.1, 145.6, 146.5, 146.1, 146.9, 146.1, 145.8, 146.1, 146.1, 145.6, 145.8, 145.8, 145.6, 145.6, 146.3, 146.0, 145.8, 145.6, 145.8, 145.8, 146.3, 145.8, 145.8, 145.8, 145.8, 146.3, 145.6, 145.8, 145.8, 146.5, 145.8, 145.8, 145.8, 145.8, 145.8, 145.6, 145.6, 145.8, 145.8, 145.8, 145.8, 145.6, 146.5, 146.5, 146.7, 146.5, 146.5, 146.5, 146.7, 146.5, 146.5, 146.5, 146.3, 146.5, 146.7, 146.5, 146.5, 145.6, 146.3, 147.1, 145.6, 146.5, 145.8, 145.8, 146.1, 145.6, 145.8, 145.8, 146.3, 146.3, 145.6, 146.5, 146.3, 145.6, 145.6, 145.6, 146.3, 145.6, 146.3, 146.3, 146.3, 146.3, 146.3, 146.3, 146.3, 146.0, 146.3, 146.0, 146.0, 146.3, 146.3, 146.3, 146.0, 146.3, 146.9, 146.7, 146.0, 146.7, 146.9, 146.7, 146.7, 146.9, 146.9, 146.7, 146.9, 146.3, 146.7, 146.9, 146.0, 146.9, 146.7, 146.0, 146.9, 146.7, 146.9, 146.7, 146.9, 146.9, 146.7, 146.9, 146.9, 146.7, 146.9, 146.0, 146.9, 146.9, 146.9, 146.9, 146.9, 146.9, 146.9, 146.9, 146.7, 146.0, 147.6, 147.8, 147.1, 146.7, 146.9, 146.7, 146.0, 146.0, 146.7, 146.0, 146.0, 146.3, 146.0, 146.7, 146.3, 146.0, 146.3, 146.9, 146.3, 146.3, 146.7, 146.0, 146.7, 146.0, 146.9, 146.5, 146.9, 146.7, 146.7, 147.1, 146.3, 146.9, 146.7, 147.1, 146.7, 146.9, 146.0, 146.5, 146.0, 146.5, 146.3, 146.3, 146.5, 146.7, 146.9, 146.9, 146.9, 146.9, 147.8, 147.1, 147.1, 147.8, 147.8, 147.8, 147.1, 146.9, 147.8, 147.1, 147.1, 146.9, 147.4, 146.9, 147.1, 146.7, 146.9, 146.9, 146.9, 147.1, 146.7, 146.9, 146.9, 146.3, 146.9, 146.7, 146.9, 146.9]"
8,"[150.0, 150.5, 149.9, 149.0, 149.0, 148.2, 149.7, 149.2, 150.3, 149.7, 149.7, 149.7, 149.3, 150.3, 149.7, 149.7, 150.5, 149.5, 149.7, 149.5, 149.7, 149.7, 151.0, 149.9, 150.3, 149.7, 149.7, 149.7, 149.7, 149.7, 150.8, 150.8, 150.3, 149.7, 150.3, 151.1, 150.3, 150.8, 150.3, 151.0, 150.5, 149.7, 149.7, 150.5, 150.5, 150.8, 151.0, 151.0, 151.0, 151.0, 150.8, 151.0, 151.0, 150.8, 150.5, 150.8, 150.1, 150.8, 151.0, 149.9, 151.0, 150.3, 150.3, 150.1, 151.0, 150.3, 150.3, 150.8, 150.8, 151.0, 151.1, 151.0, 150.8, 151.0, 150.5, 151.0, 150.1, 150.5, 151.0, 149.9, 151.0, 150.3, 151.0, 151.0, 151.0, 151.1, 151.0, 151.1, 151.0, 150.5, 151.0, 151.0, 151.6, 151.1, 151.0, 150.1, 151.1, 150.5, 151.6, 151.1, 150.5, 150.3, 150.5, 150.5, 151.0, 151.0, 151.1, 150.5, 150.5, 151.6, 150.5, 150.5, 150.5, 150.3, 150.5, 150.5, 150.7, 151.0, 150.3, 150.5, 151.0, 150.5, 151.3, 151.1, 151.3, 153.0, 152.5, 152.3, 151.5, 151.0, 149.5, 148.6, 148.6, 149.3, 150.0, 149.3, 149.3, 148.9, 148.2, 148.2, 147.3, 147.3, 147.3, 146.9, 146.9, 147.4, 146.5, 146.7, 146.9, 146.7, 146.7, 147.1, 147.8, 147.8, 147.3, 146.7, 146.9, 146.7, 146.9, 146.7, 147.6, 146.5, 146.7, 146.7, 146.7, 146.3, 145.6, 145.6, 146.3, 146.0, 146.3, 145.4, 146.0, 145.8, 145.6, 145.8, 145.6, 145.0, 145.4, 144.5, 145.6, 145.1, 145.1, 145.8, 146.3, 145.8, 145.6, 145.4, 145.4, 143.8, 144.9, 143.8, 143.3, 143.9, 143.3, 144.2, 144.5, 144.2, 144.5, 144.9, 143.3, 144.2, 144.2, 143.9, 143.9, 143.5, 143.7, 143.3, 143.5, 143.3, 144.2, 143.3, 143.3, 143.5, 144.5, 143.9, 143.8, 143.7, 143.3, 143.3, 143.5, 143.0, 143.7, 143.3, 143.4, 143.7, 143.3, 143.4, 142.3, 142.3, 143.4, 143.4, 143.4, 143.4, 143.4, 143.4, 142.7, 142.6, 142.7, 144.1, 144.4, 143.0, 143.9, 143.7, 142.3, 142.6, 143.0, 142.4, 142.7, 142.8, 142.1, 142.8, 143.5, 142.7, 143.3, 143.5, 143.0, 143.4, 143.1, 143.1, 143.1, 143.4, 143.4, 143.1, 142.8, 143.4, 143.1, 142.8, 144.1, 142.4, 143.5, 143.8, 143.5, 143.1, 143.1, 143.7, 143.3, 143.8, 143.4, 143.1, 143.1, 143.4, 142.8, 143.1, 142.8, 142.4, 143.1, 143.4, 143.1, 143.5, 142.4, 143.1, 143.1, 142.4, 142.1, 142.1, 143.1, 143.1, 143.8, 143.8, 143.5, 142.8, 142.8, 142.8, 143.4, 143.1, 143.1, 143.1, 143.4, 143.1, 143.1, 142.8, 143.5, 143.5, 143.4, 143.1, 143.5, 143.5, 142.8, 142.8, 142.8, 143.8, 144.1, 143.7, 144.4, 143.4, 142.4, 143.5, 143.4, 143.4, 143.4, 143.4, 143.5, 143.1, 143.5, 143.8, 143.4, 143.7, 143.7, 143.9, 143.1, 143.4, 143.4, 143.4, 143.4, 142.8, 142.8, 142.8, 142.8, 142.5, 143.4, 143.1, 142.8, 143.1, 142.8, 142.8, 143.5, 143.1, 143.5, 143.4, 143.8, 143.4, 143.5, 143.7, 143.7, 143.7, 143.7, 143.7, 143.3, 143.7, 143.3, 143.7, 143.9, 143.9, 143.9, 144.2, 144.2, 144.6, 145.5, 144.7, 145.8, 144.7, 144.5, 145.1, 146.0, 146.0, 146.7, 146.5, 146.0, 147.1, 147.6, 146.5, 145.6, 145.6, 146.3, 146.0, 146.0, 145.6, 146.3, 146.0, 146.0, 145.6, 145.0, 145.8, 146.0, 146.5, 145.4, 145.4, 146.5, 145.6, 145.4, 146.3, 147.1, 145.8, 146.5, 146.3, 146.5, 146.5, 146.3, 146.7, 146.3, 146.9, 147.6, 148.2, 147.6, 147.6, 147.6, 148.0, 146.7, 148.2, 147.6, 148.0, 148.2, 148.2, 147.1, 147.1, 147.1, 147.4, 147.4, 146.7, 147.4, 147.6, 148.2, 148.2, 148.2, 148.0, 148.2, 148.2, 148.2, 147.6, 147.8, 148.0, 147.8, 146.7, 147.6, 147.6, 146.7, 147.6, 146.9, 147.8, 147.1, 147.6, 147.8, 147.1, 147.6, 147.8, 146.9, 146.9, 147.4, 147.8, 147.6, 147.6, 146.9, 147.8, 146.9, 147.8, 148.4, 147.3, 148.4, 147.6, 147.6, 147.1, 146.5, 147.1, 147.6, 147.8, 147.1, 147.1, 147.3, 147.4, 147.8, 147.6, 147.6, 147.6, 147.8, 147.6, 146.9, 147.6, 146.3, 146.7, 146.9, 147.4, 146.9, 147.1, 147.3, 147.1, 147.6, 147.8, 147.1, 147.3, 147.1, 146.9, 147.8, 148.0, 147.3, 147.1, 148.0, 147.1, 147.1, 147.1, 148.0, 147.3, 147.8, 148.0, 148.6, 148.6, 147.8, 147.8, 148.0, 148.0, 148.6, 148.0, 147.8, 148.0, 147.1, 147.1, 147.8, 148.0, 147.8, 148.0, 148.6, 148.6, 147.8, 147.3, 148.6, 148.0, 148.6, 148.6, 148.6, 148.2, 148.6, 148.2, 148.4, 148.4, 149.3, 148.6, 148.6, 149.0, 148.6, 148.4, 148.4, 148.6, 148.8, 148.6, 148.8, 148.0, 147.1, 148.0, 148.8, 148.8, 148.6, 149.5, 148.8, 149.9, 149.7, 149.3, 148.6, 149.7, 148.6, 149.3, 149.5, 149.3, 149.5, 149.3, 149.3, 149.3, 149.7, 149.7, 149.7, 148.8, 149.3, 149.7, 148.6, 148.8, 149.0, 149.7, 149.3, 148.6, 149.0, 149.5]"
8,"[139.1, 144.2, 143.2, 141.2, 137.8, 138.1, 137.8, 137.6, 138.1, 139.1, 139.4, 138.8, 139.4, 141.4, 139.7, 139.1, 139.7, 142.1, 138.8, 139.7, 138.8, 138.5, 138.8, 139.1, 139.1, 140.8, 140.0, 139.1, 138.8, 138.5, 138.8, 139.7, 138.1, 139.7, 138.1, 138.1, 138.8, 139.7, 138.5, 139.1, 139.4, 138.5, 139.1, 139.1, 139.1, 138.8, 139.1, 139.4, 139.1, 138.8, 138.8, 139.7, 139.4, 138.5, 140.0, 139.1, 139.4, 139.4, 139.4, 138.5, 139.1, 138.8, 139.4, 138.8, 138.8, 139.4, 138.8, 139.1, 139.7, 138.8, 139.1, 138.5, 138.8, 139.1, 138.5, 139.4, 140.1, 139.4, 138.1, 139.7, 139.1, 138.1, 138.5, 139.1, 139.1, 139.1, 139.1, 140.1, 139.7, 139.7, 138.5, 138.1, 139.4, 138.8, 139.7, 139.4, 139.1, 139.4, 139.7, 138.5, 138.8, 139.4, 138.8, 138.5, 137.5, 139.1, 138.1, 138.1, 139.4, 138.8, 139.1, 138.5, 138.5, 138.5, 138.1, 138.8, 138.5, 139.1, 139.4, 138.1, 139.7, 138.8, 137.5, 138.8, 138.5, 137.5, 137.8, 139.1, 138.1, 137.8, 138.1, 138.1, 138.1, 137.8, 138.5, 138.8, 137.8, 138.1, 138.1, 138.1, 137.8, 138.1, 138.5, 138.5, 138.8, 138.5, 138.1, 139.4, 138.1, 139.4, 138.1, 138.5, 137.8, 138.1, 139.1, 139.7, 140.7, 140.7, 139.7, 138.8, 139.1, 139.1, 139.7, 138.5, 139.4, 138.5, 138.5, 138.5, 137.8, 137.8, 137.5, 137.8, 137.8, 137.8, 136.8, 137.5, 137.5, 136.8, 137.5, 137.5, 137.2, 136.8, 136.5, 138.5, 138.1, 137.5, 137.1, 138.1, 137.4, 137.8, 137.8, 137.1, 137.2, 136.8, 138.1, 137.8, 138.1, 138.1, 138.5, 137.1, 136.5, 137.8, 137.5, 137.8, 138.1, 137.5, 137.8, 138.1, 138.1, 138.4, 137.1, 137.1, 136.8, 136.8, 137.5, 137.2, 138.8, 137.5, 137.1, 137.5, 137.5, 138.1, 137.5, 137.1, 136.2, 137.2, 137.5, 137.5, 137.5, 137.8, 137.5, 137.5, 138.1, 139.1, 137.5, 138.5, 138.1, 137.5, 137.2, 137.5, 138.1, 137.1, 136.5, 137.1, 138.1, 137.8, 137.1, 136.8, 136.5, 136.8, 137.5, 137.5, 137.5, 136.8, 137.1, 136.8, 137.1, 137.5, 137.8, 136.5, 137.8, 135.9, 136.2, 136.2, 137.2, 137.1, 135.2, 136.5, 136.8, 136.8, 138.1, 137.1, 137.5, 137.1, 137.5, 136.8, 136.8, 137.2, 137.2, 137.2, 137.5, 136.8, 138.1, 137.5, 138.1, 137.1, 137.5, 137.8, 138.5, 138.5, 139.1, 137.8, 137.8, 137.8, 138.5, 137.1, 137.8, 137.5, 136.8, 137.1, 138.1, 137.5, 136.8, 136.8, 137.5, 136.8, 137.1, 137.8, 137.8, 137.5, 137.5, 137.1, 136.8, 137.8, 136.5, 138.5, 137.5, 138.1, 138.5, 137.8, 137.8, 138.1, 138.1, 137.8, 138.1, 137.5, 137.1, 137.5, 136.8, 137.5, 137.1, 136.8, 137.5, 137.8, 137.1, 137.5, 136.8, 137.1, 136.5, 136.5, 137.5, 136.8, 137.8, 136.5, 137.5, 136.8, 138.1, 138.5, 138.1, 137.1, 137.1, 137.1, 137.1, 137.1, 137.5, 137.1, 137.5, 137.5, 136.8, 137.1, 137.1, 137.2, 137.2, 138.5, 138.5, 137.8, 136.8, 137.8, 137.8, 138.8, 142.1, 143.3, 143.7, 143.9, 145.8, 144.3, 143.7, 145.2, 144.6, 145.4, 144.6, 144.8, 145.2, 144.8, 145.0, 145.4, 145.0, 145.2, 144.8, 145.2, 145.0, 144.8, 145.2, 146.1, 145.8, 146.3, 145.8, 145.8, 145.8, 146.5, 146.7, 146.7, 146.5, 146.5, 146.5, 146.5, 146.5, 146.3, 146.5, 146.3, 146.5, 146.3, 146.5, 145.6, 145.0, 145.2, 145.2, 145.8, 145.8, 146.3, 146.9, 145.8, 146.3, 146.3, 146.5, 147.3, 148.0, 146.5, 146.5, 146.5, 147.1, 146.5, 147.1, 147.3, 147.1, 147.3, 147.3, 148.0, 148.0, 148.2, 147.3, 147.8, 147.3, 146.5, 147.3, 146.5, 147.3, 147.3, 147.5, 147.5, 148.2, 147.8, 147.3, 148.0, 147.1, 147.3, 147.1, 147.3, 147.1, 147.8, 147.8, 148.4, 149.1, 148.4, 149.1, 148.4, 148.2, 148.2, 148.4, 149.1, 149.1, 149.1, 149.3, 149.1, 148.9, 148.4, 149.5, 149.5, 149.7, 149.7, 149.5, 149.7, 149.1, 149.3, 149.0, 148.8, 149.3, 149.5, 148.8, 149.0, 149.7, 149.5, 149.5, 149.5, 150.0, 149.3, 149.5, 150.1, 150.1, 150.0, 150.1, 149.3, 149.7, 149.3, 151.5, 150.0, 149.3, 149.1, 149.3, 149.8, 150.1, 149.5, 149.5, 150.1, 149.8, 150.0, 149.7, 149.5, 149.7, 149.3, 149.5, 150.5, 149.9, 150.3, 150.3, 150.3, 151.0, 151.0, 150.3, 149.7, 151.0, 149.5, 149.7, 149.7, 150.3, 149.7, 150.3, 151.0, 149.7, 150.3, 151.0, 149.9, 149.9, 150.1, 149.7, 149.7, 150.3, 150.5, 149.9, 150.5, 149.7, 149.9, 150.7, 149.7, 150.3, 149.9, 150.1, 149.9, 150.1, 149.9, 149.7, 149.9, 150.1, 150.5, 150.3, 150.5, 150.0, 150.5, 150.5, 150.7, 151.3, 151.1, 150.7, 151.1, 150.7, 151.3, 151.3, 151.3, 150.7, 150.7, 151.3, 151.5, 150.7, 151.5, 152.1, 151.1, 152.0, 152.1, 152.1, 152.0, 152.1, 152.1, 152.0, 152.0, 152.6, 152.1, 152.1, 152.0, 152.0, 152.1]"
8,"[152.9, 153.5, 153.3, 152.9, 152.4, 152.1, 152.1, 152.1, 152.1, 152.9, 153.5, 152.9, 152.9, 152.9, 152.9, 152.9, 152.9, 152.3, 152.9, 152.7, 152.7, 152.7, 152.4, 152.9, 152.9, 152.7, 152.1, 152.7, 153.5, 153.0, 152.9, 153.0, 153.0, 152.1, 152.9, 152.9, 152.9, 152.7, 152.9, 152.7, 152.9, 152.7, 152.7, 152.9, 153.4, 152.7, 152.7, 152.9, 152.3, 152.9, 153.0, 153.0, 152.1, 152.7, 152.1, 152.1, 152.3, 152.9, 152.3, 152.4, 152.4, 152.3, 152.9, 152.4, 152.9, 152.9, 152.3, 152.1, 152.9, 152.7, 153.4, 153.0, 152.3, 152.3, 152.9, 152.9, 152.9, 152.9, 152.9, 152.7, 153.4, 152.7, 153.4, 152.9, 152.4, 152.3, 152.7, 152.1, 152.1, 152.9, 152.7, 153.5, 152.9, 152.9, 152.7, 152.3, 152.9, 152.1, 152.7, 152.9, 153.0, 152.9, 152.3, 152.7, 153.0, 152.9, 152.3, 152.1, 152.1, 152.3, 152.9, 153.4, 152.7, 152.4, 152.7, 152.9, 152.9, 153.0, 152.9, 152.7, 152.1, 152.7, 152.9, 152.9, 153.8, 152.1, 153.5, 153.8, 152.5, 152.4, 152.1, 151.8, 150.8, 149.3, 149.1, 148.6, 149.3, 148.6, 148.4, 147.8, 147.8, 147.1, 146.7, 147.3, 146.5, 146.5, 146.5, 146.3, 145.8, 146.3, 146.9, 146.9, 146.3, 146.7, 146.0, 146.0, 146.2, 146.0, 147.1, 146.0, 146.5, 146.3, 145.8, 146.0, 146.5, 146.2, 145.5, 145.8, 146.0, 145.8, 145.5, 146.5, 145.4, 145.1, 144.9, 145.5, 145.8, 145.4, 145.1, 145.8, 144.9, 144.9, 143.9, 143.3, 143.3, 143.9, 143.7, 143.7, 143.0, 143.4, 143.9, 143.9, 143.7, 143.9, 143.0, 143.4, 143.9, 143.7, 142.6, 144.2, 144.1, 143.0, 144.4, 144.4, 143.9, 144.4, 143.7, 143.9, 143.3, 143.9, 143.3, 143.7, 143.9, 143.9, 143.7, 143.7, 143.0, 144.1, 143.7, 143.5, 143.7, 143.9, 143.3, 143.9, 143.5, 143.7, 143.9, 143.4, 143.0, 143.1, 144.2, 143.7, 143.5, 143.5, 144.4, 143.5, 144.6, 143.9, 144.6, 143.0, 144.2, 142.9, 144.4, 144.4, 143.5, 143.5, 143.5, 143.3, 143.3, 142.7, 143.3, 142.7, 143.7, 143.3, 144.2, 143.7, 143.3, 143.9, 143.9, 143.7, 144.2, 142.9, 144.2, 143.5, 143.3, 143.3, 144.5, 143.3, 144.2, 143.3, 142.6, 143.7, 143.0, 143.4, 144.1, 143.1, 143.7, 143.9, 143.9, 143.7, 143.4, 143.3, 143.0, 143.7, 143.5, 143.3, 143.0, 143.3, 143.7, 143.4, 143.3, 143.3, 142.7, 143.3, 143.0, 143.9, 144.2, 144.5, 144.2, 143.9, 143.5, 143.7, 143.7, 142.6, 143.0, 143.3, 143.3, 143.7, 143.9, 144.2, 143.9, 143.9, 143.0, 143.7, 142.3, 142.3, 143.0, 143.7, 143.4, 143.0, 143.4, 143.7, 142.7, 142.7, 142.7, 143.7, 143.4, 143.3, 143.0, 143.5, 144.2, 144.5, 145.0, 144.7, 144.7, 144.1, 144.7, 144.7, 144.5, 144.2, 143.3, 143.0, 143.9, 144.2, 143.3, 144.2, 144.9, 144.2, 144.2, 144.7, 144.1, 144.9, 143.9, 143.0, 143.9, 144.9, 143.5, 144.5, 143.3, 144.9, 144.1, 144.1, 144.9, 144.7, 144.3, 144.5, 145.1, 144.9, 144.5, 144.9, 144.9, 144.1, 144.9, 144.9, 144.7, 143.4, 144.2, 144.2, 145.1, 145.8, 145.4, 145.8, 146.9, 146.7, 146.0, 146.5, 146.7, 146.9, 146.0, 146.3, 146.0, 145.8, 146.0, 146.3, 146.0, 146.3, 146.3, 146.0, 146.3, 146.0, 146.0, 146.3, 146.3, 146.5, 147.1, 147.1, 146.5, 148.0, 148.2, 148.2, 148.6, 147.8, 148.2, 148.0, 148.9, 148.9, 148.0, 148.9, 148.7, 148.0, 148.2, 148.0, 147.8, 148.0, 147.8, 148.2, 148.4, 148.7, 148.4, 147.6, 148.0, 148.2, 148.0, 147.6, 148.2, 148.2, 147.8, 148.6, 148.4, 147.6, 147.6, 147.8, 148.4, 148.9, 148.4, 148.0, 147.8, 149.1, 148.4, 148.6, 148.4, 148.4, 148.4, 148.2, 148.2, 148.4, 147.8, 147.6, 148.9, 148.2, 148.6, 149.1, 149.1, 149.3, 148.6, 149.1, 149.1, 148.6, 148.4, 148.9, 148.4, 148.9, 149.3, 149.3, 148.2, 149.1, 148.2, 148.6, 149.1, 149.3, 149.3, 149.3, 149.3, 149.5, 149.3, 149.5, 149.3, 149.5, 149.1, 149.3, 149.1, 150.0, 148.8, 149.5, 150.1, 150.1, 150.0, 150.1, 150.1, 149.3, 150.0, 149.3, 149.0, 150.3, 150.0, 149.1, 150.1, 149.5, 150.3, 150.3, 149.5, 150.3, 150.3, 150.3, 149.7, 149.5, 150.3, 149.3, 150.3, 149.7, 149.0, 149.3, 149.5, 149.8, 148.8, 149.3, 150.0, 149.3, 149.8, 149.5, 149.5, 150.3, 149.5, 149.9, 150.5, 151.1, 150.5, 150.5, 150.3, 150.5, 151.1, 150.3, 150.5, 150.3, 150.7, 150.7, 150.5, 152.0, 150.8, 151.6, 152.1, 151.0, 151.6, 151.8, 151.8, 151.6, 151.6, 151.6, 151.8, 151.8, 151.6, 151.8, 151.8, 151.0, 151.8, 151.8, 151.6, 151.3, 151.0, 151.6, 151.8, 151.0, 151.6, 151.6, 150.8, 151.5, 151.6, 151.2, 151.0, 151.6, 151.6, 152.1, 151.8, 151.6, 151.8, 151.6, 151.6, 152.4, 152.4, 152.4, 151.2, 151.8, 151.9, 151.6, 151.8, 150.7, 150.5, 149.9, 150.0, 150.5]"
8,"[140.4, 141.9, 143.2, 143.2, 142.3, 142.3, 142.3, 143.7, 142.7, 142.3, 143.0, 143.7, 143.7, 143.9, 143.0, 143.7, 142.1, 141.7, 141.4, 140.7, 140.7, 141.0, 139.4, 141.4, 141.4, 141.0, 141.0, 143.0, 142.7, 143.0, 144.4, 143.4, 143.0, 143.9, 144.2, 143.9, 144.9, 144.2, 144.6, 144.2, 144.9, 143.9, 143.9, 143.3, 143.8, 144.2, 144.9, 144.7, 143.8, 144.3, 144.1, 144.5, 144.7, 144.1, 144.1, 144.1, 145.0, 145.0, 144.3, 144.6, 145.0, 145.0, 145.0, 145.0, 144.3, 145.2, 143.7, 144.3, 144.7, 144.3, 144.6, 144.1, 145.2, 144.6, 143.7, 144.3, 143.9, 143.7, 143.9, 144.1, 144.3, 144.6, 144.3, 144.1, 144.3, 144.1, 144.3, 144.3, 144.3, 144.3, 144.3, 144.3, 144.3, 145.0, 144.3, 144.3, 144.3, 144.3, 144.6, 144.3, 145.0, 144.7, 145.0, 144.3, 144.1, 144.1, 144.6, 144.3, 144.3, 145.0, 145.0, 145.0, 144.7, 144.3, 143.4, 145.0, 144.3, 144.5, 144.5, 144.9, 144.2, 144.3, 144.1, 144.1, 144.7, 143.8, 144.1, 145.0, 145.4, 145.4, 143.8, 144.5, 144.7, 143.8, 144.7, 144.2, 143.5, 144.2, 144.2, 144.5, 143.8, 144.2, 143.5, 143.9, 144.2, 143.3, 143.3, 144.9, 143.3, 144.9, 143.3, 144.9, 143.8, 143.9, 144.1, 143.9, 144.2, 144.2, 144.5, 144.7, 144.3, 144.7, 144.3, 145.0, 144.7, 145.0, 145.2, 144.7, 144.1, 144.1, 144.6, 145.0, 144.1, 145.0, 144.6, 144.7, 144.7, 145.2, 144.1, 144.3, 144.7, 144.1, 144.1, 145.0, 144.7, 145.0, 145.0, 145.0, 145.0, 144.7, 144.7, 145.0, 145.0, 144.3, 145.0, 144.7, 144.7, 145.8, 145.0, 144.3, 145.2, 144.7, 144.3, 145.2, 145.0, 145.0, 145.0, 145.2, 144.7, 145.0, 145.2, 144.6, 144.3, 145.0, 145.0, 145.2, 144.3, 144.7, 145.0, 144.7, 145.4, 145.4, 144.7, 145.1, 145.4, 145.1, 145.8, 145.1, 144.7, 145.5, 145.4, 145.4, 144.5, 145.0, 144.7, 145.4, 145.1, 146.0, 145.8, 145.4, 146.0, 145.8, 145.8, 146.0, 144.9, 145.3, 145.8, 145.1, 145.8, 146.0, 144.9, 145.3, 144.5, 145.1, 144.9, 145.1, 145.8, 145.8, 145.4, 144.5, 144.9, 145.0, 145.8, 145.4, 144.9, 145.5, 145.5, 145.4, 144.9, 144.9, 145.4, 145.1, 145.1, 144.7, 145.5, 145.8, 145.5, 145.1, 145.8, 145.4, 145.8, 144.9, 145.1, 146.3, 146.3, 145.4, 146.2, 145.4, 145.5, 145.8, 145.1, 145.4, 145.1, 146.0, 145.1, 145.5, 146.0, 145.4, 145.6, 145.4, 145.4, 145.4, 146.5, 146.5, 146.3, 145.4, 146.5, 146.0, 145.6, 145.6, 146.0, 146.3, 146.3, 146.0, 146.3, 146.0, 146.3, 145.4, 145.8, 145.8, 145.6, 146.1, 146.1, 145.6, 145.6, 145.8, 145.6, 145.1, 146.3, 145.4, 145.6, 145.4, 145.6, 145.6, 145.6, 145.4, 145.6, 145.4, 145.6, 145.8, 145.6, 146.5, 146.5, 146.3, 146.3, 146.3, 146.5, 146.9, 145.8, 145.6, 145.0, 145.0, 144.7, 145.4, 145.2, 145.6, 145.2, 146.0, 146.0, 146.0, 145.8, 145.6, 145.4, 145.4, 145.4, 145.4, 146.3, 146.3, 146.3, 146.3, 146.3, 146.7, 146.9, 147.8, 146.7, 147.1, 148.2, 146.9, 146.9, 148.0, 148.2, 147.8, 148.2, 148.6, 148.6, 149.3, 148.6, 149.3, 148.6, 148.4, 148.4, 149.3, 149.1, 148.6, 148.4, 148.4, 148.6, 149.1, 149.3, 150.0, 149.5, 149.3, 149.0, 149.7, 149.8, 149.3, 149.1, 149.1, 149.1, 149.7, 149.7, 150.3, 149.3, 150.3, 149.3, 149.5, 149.9, 150.3, 149.7, 150.3, 149.7, 151.0, 150.5, 150.5, 150.5, 150.0, 150.5, 149.9, 149.7, 150.3, 150.5, 150.5, 151.6, 150.5, 150.8, 150.7, 149.9, 150.5, 150.5, 151.8, 152.5, 152.3, 150.5, 150.5, 151.3, 151.6, 150.3, 150.7, 150.7, 150.0, 150.3, 150.7, 151.0, 150.5, 149.9, 150.5, 151.3, 150.5, 151.0, 150.5, 150.0, 150.2, 150.8, 150.7, 151.1, 150.7, 151.3, 151.3, 150.2, 151.5, 151.6, 151.3, 151.8, 151.3, 151.5, 151.3, 151.5, 151.6, 151.8, 151.3, 151.8, 152.0, 151.8, 151.8, 151.1, 152.0, 151.3, 151.1, 151.8, 151.3, 151.3, 150.7, 151.3, 152.0, 152.0, 151.3, 151.8, 152.0, 150.2, 150.2, 151.1, 150.2, 151.6, 151.3, 151.1, 150.7, 151.3, 150.7, 151.3, 150.2, 151.1, 151.5, 150.8, 151.3, 151.1, 152.0, 152.1, 152.1, 151.5, 151.5, 150.8, 151.5, 152.1, 152.1, 151.6, 151.6, 151.6, 152.1, 152.0, 152.6, 152.0, 152.0, 152.0, 151.5, 152.3, 152.1, 151.3, 152.0, 152.7, 151.6, 151.5, 151.5, 151.5, 152.7, 151.6, 152.1, 151.5, 152.1, 152.1, 151.5, 151.5, 152.1, 152.3, 151.5, 151.5, 151.5, 152.1, 151.6, 152.3, 151.5, 151.6, 152.3, 152.1, 152.4, 152.1, 152.1, 151.6, 151.6, 152.3, 152.1, 151.6, 152.1, 152.3, 151.5, 152.3, 152.3, 152.3, 152.7, 152.1, 152.9, 152.3, 151.6, 152.1, 152.9, 152.4, 152.4, 152.1, 152.3, 151.5, 152.1, 152.3, 152.6, 152.3, 152.1, 152.3, 152.4, 152.1, 152.3, 152.1, 152.4]"
8,"[146.7, 146.9, 147.1, 147.1, 147.5, 146.5, 147.1, 147.8, 147.1, 146.9, 147.1, 146.9, 147.3, 147.3, 146.9, 147.8, 147.1, 147.5, 147.3, 148.2, 147.8, 148.0, 148.6, 148.2, 147.8, 147.8, 147.8, 147.1, 147.6, 147.6, 147.6, 147.6, 146.0, 147.8, 148.0, 147.8, 147.8, 147.6, 147.1, 147.6, 147.6, 147.6, 148.0, 147.8, 147.8, 148.0, 146.9, 147.6, 147.4, 147.4, 148.2, 146.9, 148.0, 148.2, 148.2, 148.4, 147.6, 146.9, 147.6, 148.2, 147.6, 148.2, 146.9, 147.6, 146.9, 147.1, 146.9, 147.6, 146.7, 147.1, 147.6, 147.6, 146.7, 146.9, 147.6, 147.4, 146.9, 148.2, 148.0, 147.4, 147.8, 147.6, 147.6, 146.9, 147.6, 146.9, 147.4, 147.6, 147.1, 147.4, 146.9, 147.1, 146.9, 146.9, 147.1, 148.0, 146.9, 147.1, 147.8, 148.4, 148.6, 147.8, 147.8, 147.3, 147.6, 147.6, 147.3, 147.6, 147.8, 147.6, 148.0, 147.6, 147.8, 147.8, 147.8, 147.8, 147.8, 147.8, 147.8, 147.6, 147.8, 147.6, 147.8, 147.8, 148.6, 149.5, 149.1, 149.1, 148.4, 147.1, 148.4, 147.1, 147.1, 147.8, 147.8, 147.8, 147.8, 146.9, 146.9, 146.3, 146.9, 146.7, 146.0, 146.5, 145.8, 145.8, 146.3, 146.3, 145.6, 145.6, 146.0, 146.3, 145.6, 144.7, 143.8, 143.5, 143.8, 143.3, 143.4, 143.3, 143.0, 142.2, 142.5, 142.6, 142.5, 142.3, 142.6, 142.7, 142.7, 143.4, 143.7, 143.9, 143.7, 143.5, 143.5, 143.7, 144.6, 144.5, 144.3, 145.4, 145.2, 145.0, 144.7, 144.6, 145.6, 144.7, 145.6, 144.6, 145.6, 144.3, 144.6, 144.8, 145.0, 144.3, 145.2, 144.6, 145.2, 144.3, 144.6, 145.0, 145.2, 145.2, 144.8, 145.0, 145.0, 145.0, 145.0, 145.2, 144.7, 145.0, 145.0, 145.2, 144.7, 145.2, 145.2, 145.2, 145.6, 145.0, 144.7, 145.6, 145.0, 145.4, 145.4, 145.6, 145.6, 145.6, 145.6, 145.4, 146.0, 146.0, 146.3, 145.8, 146.0, 146.3, 145.6, 146.3, 146.0, 146.3, 146.5, 145.6, 146.3, 145.0, 146.5, 146.7, 146.3, 146.0, 146.3, 146.3, 146.3, 146.3, 145.0, 145.6, 146.3, 146.3, 146.3, 146.5, 146.3, 146.5, 146.3, 146.0, 146.3, 146.3, 146.5, 146.3, 146.3, 146.5, 146.0, 146.0, 146.3, 146.5, 146.5, 146.3, 147.1, 147.3, 146.3, 146.3, 146.3, 146.3, 145.8, 145.6, 145.8, 146.9, 145.6, 147.1, 147.1, 146.5, 146.0, 146.3, 146.3, 146.3, 146.9, 146.3, 146.3, 146.3, 146.3, 146.3, 146.0, 146.9, 146.3, 146.3, 146.5, 146.3, 146.3, 146.3, 146.3, 146.3, 146.5, 146.5, 146.5, 146.0, 146.9, 146.3, 146.9, 147.1, 146.7, 146.9, 146.9, 146.9, 147.1, 146.9, 146.9, 146.7, 146.9, 146.7, 147.4, 146.9, 147.6, 147.1, 146.7, 147.4, 147.6, 146.7, 147.4, 146.9, 147.4, 146.5, 147.4, 146.7, 146.9, 146.5, 146.9, 147.4, 147.4, 147.4, 147.4, 146.9, 146.5, 147.6, 146.7, 146.7, 146.9, 147.6, 146.7, 146.7, 147.1, 147.1, 146.9, 146.9, 146.9, 146.9, 147.8, 147.8, 146.9, 146.9, 147.1, 146.9, 147.8, 146.9, 148.2, 147.8, 147.1, 147.8, 147.8, 148.4, 147.8, 147.6, 147.8, 147.6, 147.8, 147.8, 148.4, 148.4, 149.1, 150.0, 150.1, 149.5, 149.3, 149.3, 149.3, 149.1, 148.6, 150.0, 149.3, 149.5, 150.3, 150.3, 150.8, 150.8, 150.1, 150.3, 149.5, 150.0, 149.7, 149.7, 149.7, 149.5, 149.0, 149.7, 150.3, 149.0, 150.3, 149.0, 150.3, 150.3, 149.3, 149.5, 149.5, 148.8, 150.1, 150.1, 149.7, 150.0, 149.7, 150.0, 150.1, 149.7, 149.5, 148.8, 149.8, 149.7, 150.3, 149.7, 150.1, 150.1, 149.0, 149.5, 149.7, 149.0, 149.7, 149.2, 150.3, 149.7, 149.7, 150.1, 149.5, 150.3, 149.7, 150.5, 149.7, 149.7, 150.3, 150.3, 150.3, 149.9, 149.9, 149.9, 150.0, 149.7, 150.1, 151.0, 150.5, 150.1, 151.0, 150.3, 149.5, 151.8, 151.0, 151.0, 150.1, 150.3, 150.3, 150.8, 151.0, 149.5, 151.0, 150.8, 150.1, 150.1, 149.7, 149.0, 150.0, 150.1, 151.0, 149.7, 150.8, 149.7, 150.1, 149.5, 150.3, 150.5, 151.8, 151.3, 151.6, 150.5, 150.5, 151.0, 150.3, 151.1, 150.5, 150.5, 151.3, 150.0, 150.3, 150.5, 151.0, 151.0, 150.7, 151.1, 150.5, 151.8, 151.6, 152.0, 150.7, 150.5, 150.5, 150.5, 150.7, 151.3, 151.1, 151.1, 151.8, 152.0, 152.0, 152.0, 150.7, 151.6, 151.3, 151.3, 151.3, 152.1, 151.3, 151.3, 151.3, 151.3, 151.3, 152.1, 151.5, 151.5, 151.5, 151.5, 151.3, 151.3, 152.1, 150.8, 150.7, 150.2, 150.7, 150.5, 150.3, 151.0, 151.1, 150.3, 151.6, 150.7, 150.1, 150.0, 150.5, 150.0, 149.3, 149.3, 150.3, 150.1, 150.0, 150.3, 150.1, 150.3, 150.3, 150.3, 150.3, 150.3, 150.5, 150.5, 149.7, 150.3, 150.3, 150.3, 150.3, 150.5, 150.3, 150.3, 150.1, 149.9, 149.7, 149.5, 151.0, 150.3, 150.1, 150.3, 150.3, 150.3, 150.3, 150.3, 150.5, 150.3, 151.1, 150.5, 150.3, 150.3, 150.0, 149.7]"
8,"[150.1, 149.7, 151.3, 149.5, 149.7, 148.8, 148.6, 149.3, 149.5, 150.0, 149.7, 150.0, 150.0, 149.6, 149.5, 150.0, 148.9, 149.8, 149.3, 149.5, 150.0, 149.7, 149.1, 150.1, 150.0, 149.3, 150.6, 149.0, 149.5, 149.1, 149.5, 149.3, 150.0, 150.0, 150.1, 150.1, 150.0, 150.1, 149.3, 149.5, 149.5, 149.3, 149.3, 149.5, 148.8, 149.3, 148.8, 149.0, 150.0, 149.2, 149.7, 148.6, 150.5, 150.1, 150.0, 150.1, 150.1, 150.8, 150.1, 149.5, 150.3, 150.1, 150.1, 149.5, 150.1, 150.1, 149.7, 150.3, 150.8, 150.1, 149.5, 150.0, 150.1, 150.1, 149.7, 150.3, 150.1, 149.7, 150.1, 150.3, 150.1, 150.3, 150.1, 149.7, 150.1, 149.5, 149.7, 149.7, 149.0, 149.7, 149.7, 149.0, 150.3, 149.9, 149.7, 149.7, 149.5, 150.3, 149.7, 150.3, 150.3, 150.3, 150.3, 150.3, 150.1, 150.1, 150.1, 151.0, 150.8, 149.9, 150.5, 149.7, 149.7, 149.7, 149.9, 149.7, 149.7, 149.9, 149.7, 149.9, 150.3, 149.9, 149.7, 149.5, 151.5, 151.6, 152.0, 152.0, 152.0, 150.3, 149.8, 148.0, 147.6, 146.7, 147.6, 147.4, 146.7, 147.1, 146.7, 146.3, 145.8, 145.4, 146.3, 146.3, 146.3, 146.0, 146.3, 146.0, 146.3, 146.0, 146.0, 146.0, 145.8, 146.3, 146.3, 146.7, 146.0, 146.7, 146.0, 146.7, 145.5, 146.5, 145.8, 145.4, 146.0, 145.6, 145.6, 144.7, 145.1, 144.7, 144.7, 144.7, 144.1, 143.8, 144.7, 144.5, 144.5, 144.3, 143.5, 143.5, 144.2, 143.3, 144.5, 144.2, 144.2, 144.2, 144.5, 143.9, 143.8, 144.9, 144.5, 144.2, 144.7, 144.1, 144.7, 144.5, 144.9, 144.9, 143.3, 143.3, 144.9, 143.8, 144.5, 143.5, 144.2, 144.2, 143.9, 143.9, 143.5, 143.7, 143.3, 143.7, 143.5, 143.9, 143.5, 143.3, 143.3, 143.0, 143.0, 142.7, 143.0, 143.3, 143.7, 142.3, 142.6, 143.0, 142.7, 143.0, 143.4, 142.7, 143.0, 143.4, 142.7, 143.7, 143.7, 143.9, 143.4, 143.0, 143.4, 142.4, 142.7, 142.7, 142.7, 142.7, 142.7, 142.7, 142.4, 143.4, 142.7, 142.7, 143.0, 142.1, 142.7, 141.7, 142.7, 142.3, 142.1, 141.7, 142.1, 141.8, 141.8, 142.1, 141.8, 141.8, 142.1, 141.1, 141.1, 141.8, 141.1, 141.8, 141.8, 141.8, 140.4, 140.4, 140.8, 141.8, 140.4, 141.1, 141.5, 139.8, 140.4, 139.4, 139.4, 140.1, 139.4, 140.1, 140.8, 141.1, 140.1, 140.8, 141.1, 140.4, 140.8, 140.8, 140.4, 140.8, 141.1, 141.1, 140.1, 140.1, 140.8, 141.2, 140.8, 141.5, 140.1, 140.1, 140.8, 140.1, 140.1, 140.5, 139.1, 139.4, 139.1, 138.8, 138.8, 139.8, 140.4, 140.4, 140.4, 142.1, 141.8, 140.8, 141.1, 140.1, 139.8, 139.4, 139.1, 139.1, 140.1, 139.8, 140.4, 139.4, 139.8, 140.8, 140.1, 139.1, 140.1, 139.4, 139.8, 139.1, 139.1, 139.4, 140.1, 139.8, 139.4, 139.8, 140.1, 140.1, 139.1, 139.8, 139.1, 138.8, 138.4, 139.4, 139.4, 139.1, 138.8, 139.4, 138.1, 138.8, 140.1, 140.1, 140.5, 139.4, 139.8, 141.1, 141.5, 143.1, 142.4, 143.5, 143.4, 143.1, 143.4, 143.7, 143.4, 143.4, 143.0, 143.4, 143.1, 143.4, 143.4, 143.4, 143.7, 143.4, 143.0, 143.7, 143.5, 144.2, 144.2, 144.2, 144.2, 144.2, 144.7, 144.1, 144.5, 144.7, 144.5, 144.5, 144.5, 145.0, 144.7, 144.7, 144.7, 144.5, 144.7, 144.7, 144.7, 144.7, 145.2, 144.7, 145.0, 144.7, 145.1, 145.4, 144.7, 145.4, 144.7, 145.0, 144.7, 144.7, 145.1, 144.7, 145.1, 144.7, 144.7, 144.7, 144.3, 145.1, 144.5, 145.6, 144.7, 144.7, 145.4, 144.5, 144.5, 144.6, 144.7, 144.5, 145.1, 145.4, 145.4, 144.7, 145.4, 145.1, 145.4, 144.5, 145.1, 145.1, 145.1, 144.5, 145.1, 144.7, 145.4, 145.4, 144.1, 145.1, 144.5, 144.5, 144.5, 145.1, 145.1, 145.4, 144.5, 145.4, 144.7, 144.7, 145.4, 144.7, 143.8, 145.1, 144.7, 144.7, 145.1, 144.5, 144.5, 145.4, 145.1, 145.4, 145.1, 144.9, 145.1, 145.4, 145.1, 144.9, 145.4, 146.5, 146.0, 146.5, 145.6, 145.6, 146.0, 146.0, 146.5, 146.3, 145.6, 145.6, 146.5, 145.6, 146.3, 145.8, 145.6, 146.3, 146.3, 145.8, 146.3, 145.6, 145.8, 146.9, 145.6, 145.4, 145.6, 145.6, 145.6, 146.0, 145.4, 145.0, 145.6, 146.2, 145.8, 145.8, 145.8, 146.0, 145.1, 146.0, 146.0, 145.6, 146.0, 146.0, 146.0, 146.0, 145.6, 146.0, 146.0, 146.3, 146.0, 144.9, 145.4, 146.0, 145.8, 146.0, 145.6, 145.6, 146.0, 145.8, 145.1, 145.4, 146.0, 145.4, 145.1, 145.6, 146.0, 146.0, 145.8, 145.6, 145.4, 146.0, 146.0, 145.1, 145.4, 145.4, 145.8, 146.7, 145.6, 145.4, 145.4, 145.4, 146.3, 146.0, 145.6, 145.4, 145.4, 145.0, 146.9, 146.0, 146.3, 146.9, 146.0, 146.0, 146.7, 146.7, 146.3, 146.5, 146.0, 146.3, 146.7, 146.7, 147.4, 146.3, 147.4, 147.4, 146.7, 147.4, 147.6, 147.4, 147.4, 147.6, 147.4, 147.4, 146.9, 148.0]"
8,"[153.5, 153.9, 154.5, 153.3, 153.3, 153.2, 153.2, 153.8, 153.9, 153.2, 153.8, 153.3, 153.9, 153.3, 153.9, 153.7, 153.3, 153.9, 153.3, 153.2, 153.0, 153.0, 153.9, 153.3, 153.3, 152.4, 152.4, 153.0, 153.2, 152.4, 153.7, 152.7, 153.9, 153.3, 153.3, 153.8, 153.3, 153.2, 153.3, 153.8, 153.2, 153.0, 153.0, 153.9, 153.0, 152.9, 152.4, 152.3, 153.3, 153.2, 153.0, 153.2, 153.2, 153.0, 153.3, 153.2, 153.3, 152.5, 153.0, 153.0, 152.7, 152.5, 151.9, 152.7, 152.5, 152.1, 152.5, 152.5, 153.2, 153.2, 153.3, 153.7, 153.7, 153.8, 153.0, 153.9, 153.3, 153.8, 153.3, 153.9, 153.3, 153.3, 153.2, 153.2, 153.3, 153.2, 153.3, 153.3, 153.3, 153.3, 153.3, 153.3, 153.8, 153.2, 152.7, 153.2, 153.3, 153.4, 153.3, 153.3, 153.2, 153.2, 152.7, 153.3, 153.2, 153.8, 152.7, 153.8, 153.3, 153.0, 153.2, 153.0, 153.0, 153.0, 153.3, 153.2, 153.2, 153.2, 153.2, 153.0, 152.5, 152.4, 153.2, 153.7, 153.0, 153.2, 153.2, 153.0, 153.3, 152.4, 153.5, 152.3, 151.3, 151.0, 150.1, 149.3, 149.1, 149.1, 148.0, 148.4, 148.0, 147.1, 146.9, 146.9, 146.7, 146.7, 146.7, 146.3, 146.9, 146.9, 146.9, 146.7, 146.7, 146.9, 146.7, 146.5, 146.0, 146.3, 146.7, 146.5, 146.9, 146.0, 146.0, 145.6, 145.4, 145.6, 145.0, 145.4, 144.1, 144.5, 144.5, 144.2, 143.9, 143.5, 143.9, 144.2, 143.9, 144.2, 143.3, 143.7, 143.4, 144.4, 143.4, 142.6, 143.3, 143.3, 143.9, 143.0, 143.1, 142.4, 141.8, 142.1, 142.1, 142.3, 142.3, 141.8, 141.9, 142.3, 142.1, 142.3, 142.1, 142.1, 141.7, 141.4, 142.3, 141.4, 140.7, 140.7, 140.4, 139.8, 139.8, 140.4, 139.8, 140.1, 139.1, 138.8, 139.4, 138.8, 138.8, 139.4, 139.4, 140.1, 140.4, 141.4, 140.7, 140.4, 141.1, 141.1, 140.4, 140.8, 139.1, 139.8, 139.4, 138.8, 139.4, 138.4, 138.8, 139.4, 138.8, 139.4, 140.1, 139.4, 138.8, 138.8, 138.8, 140.1, 141.4, 141.7, 142.3, 142.1, 141.1, 140.1, 139.4, 139.8, 141.1, 140.8, 140.4, 141.1, 140.4, 139.8, 140.8, 140.4, 141.1, 139.8, 139.1, 139.1, 139.4, 140.8, 140.8, 139.4, 140.1, 138.8, 140.8, 141.1, 141.1, 140.1, 140.1, 139.4, 139.4, 139.8, 139.1, 139.4, 140.8, 140.8, 140.8, 140.4, 140.1, 139.4, 139.1, 139.4, 139.4, 139.8, 140.8, 139.4, 139.4, 139.4, 138.8, 139.4, 140.1, 139.4, 140.4, 139.4, 138.8, 138.8, 139.1, 139.4, 139.4, 139.4, 140.8, 140.4, 139.8, 140.1, 140.4, 139.4, 139.4, 138.8, 138.1, 138.4, 138.4, 138.8, 139.1, 138.8, 138.8, 139.1, 139.4, 139.8, 140.5, 139.4, 140.1, 139.4, 139.4, 139.4, 138.4, 139.4, 138.8, 139.4, 139.1, 138.8, 140.1, 139.4, 139.4, 139.1, 139.1, 139.4, 139.1, 140.1, 139.4, 138.8, 139.8, 139.1, 139.4, 138.8, 138.8, 138.8, 139.4, 140.1, 139.1, 140.5, 140.8, 139.1, 140.1, 139.4, 139.1, 139.4, 139.4, 141.1, 140.8, 140.8, 142.1, 142.1, 143.1, 143.4, 143.3, 143.4, 143.7, 143.4, 143.5, 143.3, 143.3, 143.5, 143.5, 144.5, 144.1, 145.2, 145.0, 145.0, 144.3, 144.3, 145.0, 145.2, 145.2, 145.6, 145.6, 145.0, 145.4, 145.0, 145.4, 144.7, 144.7, 145.1, 144.7, 144.5, 145.0, 144.1, 144.9, 144.9, 144.6, 144.2, 143.9, 143.5, 145.1, 145.1, 144.5, 145.4, 145.4, 144.5, 145.3, 145.1, 145.4, 146.3, 146.3, 146.5, 146.3, 146.3, 146.3, 146.5, 146.3, 146.5, 145.8, 146.7, 146.3, 146.3, 146.3, 146.7, 146.3, 146.9, 146.9, 146.9, 146.9, 147.8, 147.8, 147.6, 147.8, 146.9, 146.9, 147.6, 147.6, 147.4, 147.6, 147.6, 147.8, 147.6, 148.2, 147.4, 147.8, 148.2, 147.8, 148.0, 148.4, 148.9, 148.4, 148.6, 149.3, 147.8, 148.4, 148.4, 148.4, 148.2, 148.4, 149.1, 149.1, 149.1, 149.1, 148.9, 150.0, 149.1, 149.1, 149.1, 149.3, 149.1, 148.4, 147.8, 147.8, 147.6, 147.6, 148.4, 148.0, 148.4, 147.8, 146.5, 147.3, 146.5, 146.5, 145.6, 146.3, 145.2, 145.6, 146.9, 146.0, 146.0, 145.4, 146.7, 146.3, 146.9, 146.3, 146.0, 146.0, 146.7, 146.0, 146.3, 146.5, 147.3, 146.9, 147.8, 148.2, 146.3, 147.6, 146.9, 146.7, 148.0, 148.9, 148.9, 147.4, 148.9, 149.6, 149.1, 148.4, 148.2, 148.4, 148.2, 148.0, 149.1, 148.6, 148.4, 148.4, 148.6, 149.3, 148.4, 148.8, 148.2, 148.6, 148.6, 147.8, 148.6, 149.1, 149.5, 148.8, 148.8, 148.4, 148.2, 148.4, 147.8, 147.6, 147.8, 147.8, 147.6, 147.1, 146.0, 146.5, 147.1, 147.6, 146.9, 147.6, 147.4, 148.2, 147.6, 148.2, 147.6, 148.4, 148.2, 148.6, 148.4, 148.4, 148.4, 148.4, 149.1, 149.1, 148.6, 149.1, 149.1, 148.4, 148.6, 148.9, 148.4, 148.4, 147.8, 147.6, 148.4, 148.0, 148.2, 147.6, 147.6, 147.6, 148.4, 148.2, 148.4, 148.6, 148.4, 148.4, 148.2]"
8,"[142.2, 141.2, 141.5, 140.6, 138.5, 137.8, 137.8, 138.8, 139.7, 138.8, 139.4, 139.4, 139.1, 138.5, 139.7, 139.4, 138.8, 138.5, 138.8, 138.5, 138.5, 139.4, 138.5, 138.5, 138.8, 138.8, 138.1, 138.5, 139.1, 138.1, 138.5, 138.5, 139.1, 138.8, 138.5, 137.8, 138.1, 138.8, 137.8, 139.7, 138.5, 140.1, 139.7, 138.1, 139.4, 140.1, 138.5, 137.8, 139.7, 139.7, 138.5, 138.5, 138.1, 138.8, 139.1, 139.1, 137.8, 138.5, 139.4, 138.8, 137.8, 138.5, 138.1, 138.8, 139.4, 138.8, 138.8, 138.8, 138.1, 139.1, 139.1, 140.4, 140.4, 141.0, 140.1, 140.7, 141.0, 140.4, 140.7, 141.7, 143.0, 142.3, 142.9, 143.7, 143.5, 143.3, 143.0, 143.0, 143.0, 141.0, 140.1, 139.4, 140.7, 140.7, 141.0, 142.6, 143.7, 142.9, 143.4, 142.3, 142.7, 142.1, 141.8, 141.8, 140.7, 140.7, 141.4, 141.4, 141.0, 141.4, 141.4, 141.4, 142.1, 142.1, 142.1, 141.4, 142.1, 142.1, 142.7, 142.6, 143.4, 143.7, 143.7, 143.7, 143.7, 144.9, 143.9, 143.4, 143.4, 143.0, 141.7, 141.4, 140.1, 140.4, 140.7, 140.7, 140.4, 140.7, 141.1, 139.8, 141.4, 140.7, 139.8, 142.1, 141.0, 141.7, 141.1, 141.4, 141.4, 141.3, 141.7, 142.0, 141.4, 141.4, 140.7, 140.7, 139.1, 140.1, 139.4, 140.1, 138.8, 139.1, 139.8, 141.0, 141.3, 141.7, 141.0, 141.0, 139.8, 139.7, 140.4, 139.4, 139.1, 139.4, 139.4, 140.1, 139.1, 140.1, 140.1, 139.8, 140.0, 142.2, 143.2, 143.2, 143.2, 142.9, 142.9, 142.2, 142.0, 140.1, 140.7, 139.4, 139.1, 139.4, 139.1, 140.1, 139.4, 138.5, 139.4, 139.4, 139.4, 140.4, 140.4, 140.7, 142.2, 143.2, 143.2, 143.5, 143.5, 142.9, 142.6, 143.8, 143.2, 142.9, 142.2, 142.3, 141.7, 141.3, 141.0, 142.0, 140.4, 140.7, 141.0, 141.0, 141.3, 140.4, 141.0, 140.7, 142.3, 141.7, 142.3, 142.1, 142.0, 141.7, 141.7, 141.7, 142.1, 141.7, 141.0, 141.7, 142.3, 143.0, 142.3, 142.3, 142.3, 141.7, 142.3, 141.0, 142.2, 141.4, 142.3, 141.7, 141.4, 140.7, 140.1, 140.1, 139.4, 140.7, 142.0, 142.6, 142.2, 142.2, 142.0, 142.0, 142.9, 142.0, 142.0, 142.6, 142.9, 142.6, 142.9, 142.6, 142.6, 142.9, 142.6, 143.3, 143.3, 143.5, 142.6, 142.9, 142.6, 142.6, 143.3, 142.6, 143.3, 143.3, 143.5, 143.3, 143.5, 143.3, 143.3, 143.5, 142.6, 142.6, 142.9, 143.3, 143.5, 143.5, 143.9, 144.2, 144.2, 144.6, 144.9, 143.5, 144.2, 144.9, 143.9, 143.5, 144.2, 144.2, 145.1, 144.6, 144.5, 144.9, 144.6, 144.2, 143.5, 144.2, 143.5, 143.8, 144.5, 143.5, 144.7, 144.2, 144.2, 144.1, 144.5, 144.9, 144.1, 144.5, 144.1, 144.2, 144.1, 144.2, 144.1, 144.7, 144.5, 144.5, 144.5, 144.5, 144.5, 144.2, 144.9, 144.2, 144.5, 144.1, 144.5, 144.5, 144.7, 145.0, 144.7, 144.7, 145.0, 145.4, 145.0, 144.7, 145.0, 144.3, 145.0, 145.0, 144.7, 145.0, 145.0, 145.0, 145.0, 145.0, 145.2, 145.6, 145.0, 144.6, 145.2, 144.1, 144.6, 144.3, 144.6, 145.6, 144.6, 144.7, 145.0, 144.7, 144.3, 145.0, 145.0, 145.0, 145.2, 145.0, 144.3, 145.0, 144.7, 144.7, 145.8, 145.6, 145.2, 145.6, 145.6, 145.6, 145.6, 145.6, 146.3, 145.6, 146.3, 146.3, 146.3, 145.6, 146.3, 146.3, 145.8, 146.3, 145.8, 146.3, 145.6, 146.0, 146.9, 145.6, 146.3, 146.3, 145.2, 146.5, 146.5, 145.8, 145.8, 146.7, 146.7, 146.5, 146.5, 146.5, 146.7, 145.8, 146.7, 146.5, 146.7, 146.5, 147.1, 147.3, 146.5, 146.5, 146.7, 146.7, 147.3, 146.3, 146.7, 146.7, 146.7, 146.5, 146.7, 147.8, 146.7, 146.7, 146.7, 146.7, 146.7, 146.7, 146.9, 146.7, 146.7, 147.3, 146.7, 146.7, 146.9, 147.5, 146.9, 147.3, 147.5, 147.3, 147.3, 147.5, 147.3, 147.5, 146.3, 146.7, 146.9, 147.5, 146.9, 146.3, 147.3, 147.3, 147.5, 147.3, 147.5, 147.5, 147.5, 147.3, 147.3, 147.3, 148.0, 148.2, 148.0, 147.3, 146.9, 146.9, 147.3, 147.1, 148.4, 147.1, 148.2, 146.9, 148.2, 148.6, 148.2, 147.5, 147.8, 148.2, 148.2, 147.5, 148.0, 148.4, 148.4, 148.0, 148.4, 148.4, 148.0, 147.8, 147.5, 148.2, 147.3, 147.5, 148.4, 148.0, 148.4, 148.4, 148.2, 148.2, 148.4, 148.6, 148.4, 148.4, 147.8, 147.1, 148.0, 147.3, 148.4, 147.6, 148.4, 148.2, 147.6, 148.0, 148.4, 148.2, 148.2, 148.9, 147.6, 148.9, 148.9, 148.9, 148.2, 148.2, 148.7, 148.0, 148.9, 148.2, 148.2, 148.2, 148.2, 148.2, 148.2, 148.2, 147.6, 147.6, 148.0, 148.2, 148.2, 148.0, 148.2, 148.7, 148.4, 149.1, 148.9, 148.0, 148.7, 148.9, 148.7, 148.9, 148.9, 148.9, 148.9, 149.1, 148.9, 148.7, 148.7, 148.7, 148.7, 148.9, 148.7, 148.7, 148.9, 148.9, 148.5, 148.0, 148.2, 147.6, 147.6, 147.6, 147.6, 148.2, 148.2, 148.4, 148.0, 148.7, 148.2, 148.2]"
8,"[152.9, 153.0, 153.0, 152.4, 152.9, 151.8, 151.5, 152.1, 152.1, 151.5, 152.1, 152.3, 152.3, 152.3, 152.3, 151.8, 152.1, 152.3, 152.9, 151.8, 152.3, 151.6, 152.3, 151.6, 152.3, 151.5, 152.3, 152.4, 152.4, 152.3, 152.4, 151.8, 152.5, 152.1, 151.8, 152.4, 152.3, 152.9, 153.0, 152.3, 152.9, 153.0, 152.9, 152.4, 152.5, 152.3, 152.9, 153.2, 152.3, 152.3, 152.9, 152.9, 152.7, 152.4, 153.5, 152.3, 152.4, 152.3, 152.9, 151.6, 151.8, 152.4, 152.3, 152.4, 152.9, 152.5, 153.0, 152.3, 153.2, 153.0, 152.4, 151.6, 151.8, 152.9, 152.9, 153.0, 153.0, 152.9, 152.4, 153.0, 152.9, 152.4, 152.9, 152.3, 152.9, 152.9, 152.3, 152.7, 152.7, 152.3, 152.1, 153.0, 152.9, 152.3, 153.4, 153.0, 152.9, 153.0, 152.9, 152.9, 153.0, 153.0, 153.7, 153.0, 153.0, 152.9, 152.3, 152.9, 152.7, 152.9, 152.9, 152.9, 152.3, 153.0, 152.9, 153.0, 153.0, 153.0, 153.0, 152.9, 153.0, 153.0, 152.4, 152.9, 153.2, 153.2, 151.6, 152.4, 151.6, 151.2, 151.1, 151.1, 151.0, 150.0, 150.0, 148.4, 148.4, 147.8, 147.6, 147.8, 147.1, 147.1, 147.1, 147.1, 146.5, 146.5, 146.5, 146.3, 146.5, 147.3, 145.8, 146.5, 145.6, 146.3, 146.3, 146.3, 146.3, 146.3, 146.0, 145.4, 145.6, 145.6, 146.0, 146.0, 145.8, 145.5, 145.8, 145.5, 145.5, 145.1, 146.0, 145.4, 145.1, 145.4, 144.7, 145.1, 145.1, 144.5, 143.3, 144.5, 145.1, 144.2, 144.2, 143.9, 143.3, 144.2, 144.2, 144.5, 143.9, 143.3, 143.0, 143.7, 143.0, 143.4, 143.7, 142.7, 143.4, 143.4, 142.7, 143.3, 143.0, 143.9, 143.7, 144.4, 142.3, 143.7, 143.7, 143.9, 143.9, 143.0, 142.7, 143.4, 143.1, 143.1, 143.4, 143.4, 143.4, 143.4, 143.4, 143.4, 143.1, 143.4, 143.8, 143.4, 143.0, 142.7, 142.7, 142.4, 143.4, 143.4, 143.4, 143.3, 143.1, 143.1, 143.4, 143.1, 143.1, 143.8, 143.8, 143.8, 143.1, 143.1, 142.7, 143.4, 142.7, 143.4, 144.1, 143.4, 143.4, 143.1, 142.7, 143.1, 142.4, 143.4, 143.5, 143.8, 143.5, 143.5, 142.8, 143.1, 143.4, 143.8, 143.5, 142.8, 142.4, 142.4, 143.4, 143.0, 142.7, 143.7, 143.1, 142.7, 143.1, 142.4, 143.5, 143.5, 142.8, 143.8, 142.8, 142.8, 142.5, 142.5, 142.5, 143.1, 142.8, 143.5, 142.7, 143.4, 143.4, 144.1, 143.5, 142.8, 143.1, 142.8, 143.4, 143.5, 143.1, 143.5, 143.5, 142.8, 142.8, 142.8, 143.1, 143.5, 142.5, 143.3, 142.8, 142.8, 142.1, 142.8, 142.8, 142.8, 142.8, 143.1, 143.5, 143.8, 143.5, 143.1, 143.5, 143.5, 143.8, 142.8, 142.8, 142.8, 142.8, 142.1, 142.8, 142.5, 142.8, 141.8, 141.8, 141.2, 141.5, 142.1, 142.1, 142.5, 143.3, 142.5, 142.8, 142.8, 141.8, 141.8, 141.5, 140.5, 140.1, 140.8, 140.8, 140.8, 140.8, 140.4, 140.8, 140.5, 140.8, 141.1, 141.5, 140.8, 142.1, 141.5, 142.1, 140.8, 140.8, 140.1, 140.1, 141.5, 141.8, 141.8, 142.4, 142.8, 142.8, 142.8, 142.4, 142.4, 142.7, 143.0, 143.4, 143.9, 143.9, 143.3, 143.7, 143.4, 143.4, 143.7, 143.7, 142.6, 143.3, 143.9, 144.6, 144.7, 145.1, 144.5, 144.5, 144.1, 144.5, 144.1, 145.0, 145.4, 145.0, 144.7, 145.4, 144.7, 145.1, 144.5, 145.4, 145.4, 146.3, 146.5, 145.6, 145.8, 145.8, 145.8, 145.6, 146.1, 146.3, 145.8, 146.7, 147.8, 147.1, 147.3, 146.3, 146.0, 146.9, 147.6, 147.6, 146.9, 147.6, 147.4, 147.6, 147.6, 146.9, 148.2, 148.2, 148.2, 147.6, 148.0, 147.6, 148.2, 148.9, 148.4, 148.2, 149.1, 149.1, 148.6, 150.0, 149.1, 148.4, 148.4, 148.4, 148.6, 148.6, 148.6, 149.0, 148.6, 148.8, 149.5, 149.5, 148.6, 148.2, 148.6, 148.6, 149.7, 150.0, 149.3, 149.5, 150.1, 149.7, 150.1, 150.3, 149.7, 150.1, 150.1, 150.1, 149.5, 149.7, 149.7, 150.1, 150.3, 150.8, 150.8, 150.1, 150.3, 150.3, 150.3, 150.8, 150.3, 149.2, 150.5, 150.3, 151.1, 150.3, 150.3, 150.3, 150.3, 150.3, 150.3, 150.5, 150.3, 149.7, 150.5, 150.3, 151.0, 151.0, 150.5, 151.0, 150.3, 151.1, 151.6, 151.6, 151.0, 150.5, 150.7, 151.0, 151.8, 151.6, 151.1, 151.6, 151.1, 152.5, 151.8, 151.1, 152.3, 151.6, 150.1, 151.5, 151.6, 151.0, 151.1, 151.1, 151.0, 151.0, 151.1, 152.5, 152.0, 152.6, 152.6, 152.5, 152.6, 152.7, 152.0, 152.1, 152.6, 152.1, 153.3, 152.7, 152.7, 152.9, 153.5, 152.9, 152.9, 153.7, 153.5, 153.0, 153.2, 153.5, 153.7, 152.5, 152.5, 152.4, 152.4, 152.3, 152.4, 153.0, 153.8, 153.2, 153.5, 153.7, 153.8, 152.9, 153.0, 153.0, 153.0, 153.0, 153.0, 153.2, 153.2, 153.0, 153.2, 153.0, 153.2, 153.2, 152.4, 152.4, 153.2, 152.4, 152.5, 152.3, 152.4, 152.4, 152.4, 152.4, 151.9, 152.4, 152.9, 153.7, 153.2, 152.4, 152.4, 152.4, 153.2, 151.6, 152.3]"
8,"[140.4, 143.8, 144.4, 141.0, 140.0, 137.5, 137.6, 137.8, 138.5, 137.8, 138.5, 138.2, 139.1, 138.5, 138.8, 138.1, 138.5, 137.8, 137.5, 137.5, 138.1, 138.1, 137.2, 137.2, 137.8, 138.1, 137.5, 136.3, 135.9, 137.8, 137.2, 136.6, 137.5, 137.8, 136.6, 136.6, 136.8, 135.6, 136.2, 136.6, 135.9, 137.2, 137.5, 137.8, 137.2, 136.2, 136.9, 138.1, 136.6, 136.6, 137.2, 138.8, 138.8, 139.1, 138.8, 139.1, 138.5, 138.8, 138.1, 137.8, 136.2, 137.5, 138.1, 136.9, 137.2, 136.6, 138.1, 136.9, 137.8, 137.5, 136.9, 137.8, 136.6, 137.5, 138.1, 136.6, 137.2, 136.9, 138.8, 138.1, 138.8, 137.8, 139.4, 138.1, 136.9, 136.8, 138.1, 138.5, 138.1, 138.1, 139.1, 138.5, 138.8, 139.7, 138.8, 139.1, 138.1, 138.8, 138.5, 137.8, 139.1, 138.1, 138.8, 138.1, 139.1, 137.5, 137.5, 138.1, 138.5, 138.1, 137.2, 137.5, 137.2, 136.6, 137.2, 136.8, 137.2, 136.8, 136.6, 137.2, 137.8, 137.5, 138.5, 138.5, 137.5, 139.4, 138.1, 139.1, 138.8, 139.1, 137.8, 137.5, 138.8, 138.5, 138.1, 138.1, 137.5, 137.8, 137.8, 137.8, 138.5, 139.1, 138.1, 139.1, 138.8, 138.5, 139.4, 138.8, 138.1, 138.1, 138.5, 138.5, 138.1, 138.8, 139.1, 138.8, 138.1, 138.1, 139.7, 137.5, 138.5, 138.5, 138.8, 137.2, 137.2, 139.4, 137.8, 138.8, 138.5, 138.1, 137.5, 139.4, 138.5, 137.8, 138.5, 137.5, 137.8, 137.5, 137.8, 137.5, 138.5, 137.5, 137.5, 138.1, 138.5, 138.5, 138.5, 138.8, 137.1, 138.5, 138.5, 137.8, 138.5, 138.5, 137.8, 138.1, 137.5, 137.2, 136.8, 138.1, 137.8, 136.8, 137.8, 138.1, 137.5, 137.8, 138.1, 138.1, 137.8, 137.8, 137.2, 137.8, 138.1, 136.8, 137.5, 137.5, 138.1, 138.1, 137.8, 139.1, 137.2, 138.5, 137.8, 138.1, 137.5, 137.8, 138.1, 137.8, 138.1, 137.5, 136.8, 137.8, 138.1, 137.8, 137.8, 138.8, 137.1, 138.1, 138.5, 138.1, 137.2, 138.1, 138.1, 137.5, 138.5, 137.5, 138.5, 138.1, 138.1, 138.1, 137.8, 138.1, 138.5, 138.5, 138.5, 137.5, 138.5, 138.5, 137.8, 137.5, 137.5, 137.2, 137.5, 137.5, 138.1, 137.5, 138.1, 137.5, 137.8, 137.8, 137.5, 137.8, 137.2, 137.2, 136.8, 137.8, 137.2, 138.5, 137.8, 138.5, 137.8, 137.5, 137.2, 136.8, 137.8, 136.6, 137.5, 137.8, 136.8, 137.8, 138.5, 137.8, 137.5, 138.1, 137.5, 137.2, 137.8, 137.8, 138.1, 137.8, 138.8, 138.1, 137.5, 137.8, 138.8, 136.8, 137.5, 136.9, 138.1, 138.5, 137.2, 137.8, 136.8, 136.8, 137.5, 136.6, 136.8, 137.5, 137.2, 137.5, 136.6, 138.5, 137.2, 136.8, 137.2, 137.2, 138.1, 138.1, 137.8, 137.8, 136.9, 137.8, 137.8, 138.5, 137.8, 136.8, 137.8, 137.8, 136.6, 137.2, 138.5, 137.2, 136.9, 136.6, 137.2, 137.5, 137.2, 137.5, 137.8, 137.2, 136.6, 138.8, 137.2, 137.8, 136.9, 136.6, 137.5, 136.8, 137.8, 137.2, 136.9, 136.6, 137.2, 137.2, 137.2, 137.8, 137.8, 137.5, 137.8, 138.5, 137.8, 137.5, 138.8, 138.5, 139.4, 139.4, 139.1, 139.1, 139.8, 140.4, 141.7, 141.7, 143.3, 143.5, 144.2, 143.9, 144.2, 143.3, 142.9, 143.3, 143.0, 142.7, 142.0, 141.7, 143.7, 144.9, 144.3, 145.0, 144.3, 145.0, 145.4, 144.6, 145.2, 144.8, 145.2, 145.2, 145.2, 145.8, 145.6, 145.8, 145.6, 145.6, 146.7, 146.1, 146.1, 146.5, 146.3, 146.3, 146.3, 146.5, 146.5, 146.3, 145.6, 146.5, 146.3, 146.5, 146.3, 145.6, 146.5, 147.1, 146.7, 147.3, 146.7, 146.7, 147.1, 147.3, 146.9, 146.9, 146.7, 146.9, 147.3, 146.9, 146.9, 146.9, 147.5, 147.8, 146.9, 147.5, 147.5, 147.5, 148.0, 147.5, 147.5, 147.5, 146.9, 147.1, 146.7, 146.1, 146.5, 146.5, 146.7, 146.5, 145.6, 146.1, 145.6, 146.1, 146.5, 146.1, 145.8, 146.1, 146.5, 146.7, 146.5, 146.5, 146.5, 145.4, 146.5, 146.7, 145.6, 146.1, 146.3, 146.3, 146.7, 147.1, 146.9, 147.5, 147.3, 147.3, 147.1, 147.1, 147.1, 147.3, 147.8, 147.1, 147.1, 146.7, 146.7, 146.7, 147.1, 147.1, 147.3, 147.1, 147.8, 147.8, 147.3, 148.0, 148.2, 147.3, 147.8, 147.3, 147.8, 147.5, 147.3, 147.6, 146.9, 146.9, 148.0, 147.3, 147.1, 147.3, 147.1, 147.3, 147.3, 147.1, 147.3, 147.1, 147.1, 147.1, 146.5, 147.3, 148.0, 148.0, 147.1, 148.0, 147.8, 147.8, 147.1, 147.1, 147.8, 147.1, 147.1, 147.1, 147.3, 147.8, 147.8, 147.8, 147.1, 147.6, 147.3, 148.0, 146.7, 147.1, 148.2, 146.9, 147.8, 147.8, 147.3, 147.3, 146.5, 146.5, 147.3, 147.1, 146.7, 147.3, 147.1, 147.1, 147.5, 147.3, 147.3, 147.3, 147.3, 147.3, 146.7, 146.5, 146.5, 146.3, 146.1, 145.8, 145.8, 145.8, 145.6, 145.6, 145.8, 146.3, 145.8, 146.5, 146.5, 146.1, 146.1, 145.8, 146.9, 146.5, 145.8, 146.1, 145.4, 146.1, 146.1, 145.6, 145.6, 145.8]"
8,"[154.0, 154.2, 153.4, 153.2, 152.8, 151.6, 152.2, 152.8, 152.9, 152.8, 152.8, 152.9, 152.9, 152.9, 152.4, 152.9, 152.7, 152.8, 152.7, 152.8, 152.8, 152.9, 152.9, 152.7, 152.2, 153.4, 152.8, 152.8, 152.7, 153.3, 153.4, 152.4, 152.7, 152.7, 152.7, 152.8, 152.7, 152.7, 153.4, 152.8, 152.7, 153.2, 153.3, 152.7, 152.8, 152.8, 153.4, 153.4, 153.4, 152.7, 152.7, 152.5, 152.4, 152.7, 152.7, 153.6, 152.9, 152.7, 153.4, 152.8, 153.4, 152.8, 153.4, 153.9, 153.9, 152.8, 153.4, 154.0, 152.9, 152.2, 151.8, 151.9, 152.5, 152.4, 151.8, 151.3, 152.1, 151.8, 152.1, 151.5, 151.5, 152.1, 152.4, 151.3, 151.8, 151.0, 151.0, 151.6, 151.0, 150.8, 151.0, 151.0, 151.0, 150.2, 151.0, 150.2, 150.4, 150.8, 150.5, 151.0, 151.0, 151.0, 151.0, 150.2, 150.7, 150.8, 151.0, 150.7, 151.6, 152.4, 152.4, 151.9, 152.5, 153.0, 152.4, 152.4, 152.4, 152.4, 152.3, 152.3, 152.3, 152.4, 151.8, 152.3, 152.3, 152.1, 152.0, 151.1, 151.3, 150.3, 149.2, 148.8, 150.5, 150.3, 149.3, 148.4, 148.6, 148.4, 148.6, 148.4, 148.4, 148.4, 146.9, 147.8, 147.1, 147.1, 147.1, 147.1, 147.8, 147.8, 147.1, 147.1, 146.5, 146.5, 146.3, 146.7, 146.5, 147.3, 147.1, 146.7, 146.7, 146.3, 146.5, 145.8, 146.5, 146.7, 145.8, 146.5, 146.9, 147.3, 146.5, 147.1, 147.3, 147.3, 146.7, 146.7, 146.1, 147.1, 146.1, 146.5, 145.2, 146.3, 146.3, 146.3, 145.8, 145.6, 145.2, 145.2, 145.2, 144.3, 145.0, 145.2, 145.0, 145.8, 145.2, 145.2, 145.2, 145.6, 145.2, 145.6, 145.2, 145.2, 145.8, 145.8, 144.7, 145.8, 145.6, 145.0, 145.0, 145.0, 144.1, 144.2, 145.0, 144.5, 143.7, 144.3, 145.0, 143.7, 144.8, 144.1, 144.5, 143.5, 144.2, 143.3, 144.2, 143.9, 144.5, 144.5, 143.9, 143.8, 144.2, 143.2, 144.3, 143.4, 144.5, 143.9, 143.3, 142.6, 143.5, 143.5, 144.2, 143.9, 145.1, 144.9, 143.8, 144.2, 144.2, 144.2, 144.2, 144.5, 144.2, 144.2, 143.2, 143.5, 143.8, 143.3, 142.6, 142.3, 141.7, 141.7, 140.7, 140.1, 138.8, 140.7, 140.4, 140.0, 141.0, 140.1, 139.4, 138.5, 137.5, 139.4, 139.1, 140.1, 138.5, 139.1, 138.8, 139.4, 138.8, 139.1, 139.8, 139.4, 138.8, 138.1, 138.5, 138.5, 139.1, 138.1, 137.8, 138.5, 137.5, 138.1, 138.8, 138.5, 138.1, 137.8, 137.8, 137.2, 137.5, 137.2, 137.8, 136.8, 138.1, 139.1, 137.2, 138.1, 137.8, 137.8, 137.8, 138.1, 137.5, 137.5, 137.5, 137.8, 137.8, 137.8, 137.5, 138.8, 137.5, 137.1, 137.5, 138.1, 137.8, 138.5, 137.8, 137.8, 138.5, 137.1, 137.8, 137.8, 137.8, 138.1, 137.2, 138.1, 137.8, 138.4, 137.1, 137.5, 137.8, 138.1, 137.8, 138.1, 136.8, 136.8, 139.1, 137.5, 137.4, 137.4, 138.1, 137.4, 138.8, 138.1, 138.1, 137.5, 137.8, 137.1, 137.1, 138.1, 136.8, 137.5, 138.1, 138.5, 137.4, 137.1, 138.8, 137.4, 138.1, 137.5, 138.4, 137.1, 137.1, 138.8, 137.8, 138.4, 138.1, 137.8, 137.1, 136.5, 137.5, 137.8, 136.8, 137.8, 138.1, 138.1, 137.8, 137.5, 138.4, 138.4, 137.4, 137.5, 138.4, 137.8, 139.1, 139.1, 139.1, 140.1, 139.4, 139.8, 140.1, 139.1, 139.4, 139.4, 139.1, 139.4, 140.4, 139.1, 139.1, 139.8, 140.4, 142.1, 142.1, 142.3, 142.3, 142.1, 141.1, 142.4, 141.5, 141.8, 141.8, 142.4, 142.7, 142.4, 142.4, 142.7, 142.7, 142.3, 143.0, 143.0, 142.7, 143.3, 144.5, 143.3, 143.3, 142.9, 143.2, 143.3, 143.7, 143.8, 144.2, 143.9, 144.2, 144.2, 144.2, 144.2, 144.4, 143.3, 142.6, 142.7, 144.2, 143.4, 142.6, 143.3, 142.6, 142.1, 143.2, 143.8, 142.8, 142.3, 142.6, 142.0, 142.9, 140.7, 142.6, 140.0, 142.3, 139.4, 139.7, 140.0, 139.7, 139.4, 138.8, 138.8, 139.4, 140.7, 139.7, 139.1, 140.0, 138.8, 138.8, 139.7, 140.4, 139.1, 139.1, 142.3, 142.3, 142.0, 141.7, 139.1, 139.7, 141.7, 140.0, 139.7, 140.1, 141.0, 141.3, 141.0, 142.9, 143.5, 143.5, 144.5, 144.5, 144.1, 144.2, 144.5, 142.9, 142.9, 142.2, 142.5, 141.3, 141.0, 140.4, 140.0, 140.0, 141.7, 139.1, 139.4, 139.1, 138.8, 139.1, 139.7, 139.4, 138.8, 138.8, 139.1, 139.4, 139.1, 140.1, 140.1, 139.1, 141.7, 139.4, 139.4, 139.7, 139.4, 139.4, 139.1, 138.5, 139.1, 140.1, 138.5, 138.8, 141.0, 139.7, 140.7, 139.4, 139.4, 140.1, 138.8, 139.1, 140.1, 139.4, 140.1, 139.4, 139.1, 139.1, 139.4, 138.1, 138.5, 139.8, 139.1, 138.8, 139.1, 138.1, 139.1, 138.1, 138.8, 139.1, 138.8, 138.8, 139.1, 138.8, 140.1, 139.1, 139.4, 140.1, 139.4, 139.4, 139.8, 140.4, 139.8, 139.1, 139.4, 138.8, 138.8, 138.5, 139.4, 139.1, 139.4, 139.4, 139.1, 139.1, 139.4, 139.8, 139.4, 138.1, 139.4, 139.4, 139.4, 140.1, 138.8]"
8,"[140.4, 142.5, 142.5, 142.6, 141.4, 139.8, 140.7, 140.7, 141.1, 141.1, 141.1, 140.8, 141.1, 141.1, 141.1, 140.4, 140.8, 140.8, 141.8, 140.4, 140.8, 141.1, 141.5, 140.4, 141.1, 141.1, 140.8, 141.8, 142.3, 141.1, 141.8, 142.1, 141.4, 141.1, 140.4, 140.4, 140.7, 141.5, 142.1, 141.4, 140.4, 141.4, 141.4, 142.1, 141.1, 141.4, 140.8, 140.1, 141.2, 141.5, 141.5, 141.1, 141.5, 140.8, 140.7, 141.1, 139.8, 141.5, 140.8, 141.1, 140.8, 140.8, 141.1, 141.8, 140.8, 142.4, 141.8, 141.4, 140.8, 140.8, 141.8, 142.4, 142.1, 141.8, 142.1, 142.3, 142.1, 141.1, 142.4, 141.8, 142.4, 141.8, 141.7, 142.7, 141.8, 142.1, 141.4, 142.1, 142.7, 142.4, 141.4, 142.7, 141.8, 141.1, 141.4, 141.4, 142.1, 141.1, 142.7, 142.1, 142.1, 141.8, 141.4, 141.4, 141.4, 141.8, 141.4, 142.1, 141.4, 142.7, 142.4, 142.1, 141.8, 141.8, 142.1, 141.8, 141.4, 141.8, 142.1, 142.1, 141.8, 141.4, 141.8, 141.8, 141.4, 141.1, 141.4, 141.1, 141.5, 140.1, 140.1, 141.5, 141.8, 142.4, 141.4, 141.1, 140.4, 140.4, 140.4, 140.1, 140.1, 140.8, 139.8, 140.1, 140.1, 139.8, 140.1, 139.4, 139.4, 139.8, 141.1, 141.1, 141.1, 141.4, 141.8, 141.4, 142.3, 142.7, 141.1, 140.4, 141.1, 140.4, 140.4, 140.7, 140.4, 140.4, 139.4, 140.1, 139.8, 138.8, 139.4, 138.1, 138.1, 138.1, 139.4, 138.8, 139.1, 138.5, 139.4, 139.4, 140.1, 138.8, 138.1, 139.4, 138.1, 138.4, 138.1, 138.8, 139.1, 139.4, 139.8, 139.4, 138.1, 138.8, 138.8, 138.8, 138.1, 138.8, 139.4, 139.1, 139.1, 139.8, 139.8, 138.4, 138.1, 139.1, 139.8, 138.4, 138.8, 139.4, 139.4, 138.8, 138.1, 138.8, 139.1, 139.4, 138.8, 138.8, 138.5, 138.1, 138.1, 138.1, 139.4, 139.4, 139.4, 138.4, 138.4, 139.4, 139.4, 140.1, 139.4, 139.4, 139.4, 139.8, 139.4, 139.8, 139.8, 139.1, 138.8, 139.4, 138.8, 139.4, 139.4, 138.1, 138.4, 138.8, 139.4, 139.8, 139.8, 139.8, 139.8, 139.8, 139.4, 139.8, 140.1, 139.1, 139.1, 138.8, 138.8, 138.8, 139.4, 139.4, 138.8, 139.4, 139.4, 138.8, 138.1, 138.8, 138.4, 140.1, 139.4, 138.8, 139.8, 138.8, 138.4, 139.8, 138.8, 138.8, 137.8, 138.8, 138.8, 139.8, 138.8, 139.4, 139.4, 138.8, 139.8, 140.4, 140.1, 140.1, 140.1, 139.4, 140.1, 139.4, 138.8, 138.4, 139.1, 139.4, 139.1, 138.8, 138.1, 138.4, 138.8, 138.8, 138.8, 139.4, 139.1, 138.8, 139.4, 140.1, 139.8, 140.4, 140.7, 141.1, 141.1, 139.8, 139.8, 139.4, 138.4, 139.1, 138.8, 139.8, 138.4, 140.1, 139.8, 139.1, 140.7, 141.4, 140.7, 141.7, 141.4, 141.1, 141.4, 141.1, 141.1, 140.4, 140.4, 140.1, 140.1, 140.4, 140.1, 140.4, 140.4, 140.1, 139.4, 139.8, 138.8, 138.8, 139.4, 139.4, 138.8, 139.8, 138.8, 140.4, 140.1, 142.7, 142.1, 142.7, 141.4, 141.1, 141.4, 141.4, 141.7, 141.0, 141.4, 142.1, 142.1, 141.8, 142.3, 142.7, 143.0, 141.7, 143.0, 143.0, 143.2, 143.8, 142.3, 143.0, 143.9, 144.2, 144.9, 144.1, 144.7, 144.7, 144.7, 145.6, 144.7, 145.0, 144.5, 144.7, 145.6, 146.3, 146.3, 146.0, 145.6, 146.5, 145.8, 146.5, 146.1, 145.6, 145.4, 145.6, 146.5, 146.3, 145.6, 146.0, 146.3, 146.9, 146.9, 146.9, 147.6, 147.8, 147.8, 148.4, 148.6, 148.4, 147.8, 148.4, 148.0, 148.4, 148.2, 148.4, 148.6, 149.3, 148.8, 149.5, 149.1, 148.6, 148.6, 149.1, 149.5, 149.1, 149.5, 149.1, 149.1, 149.7, 149.3, 149.3, 149.3, 149.5, 149.5, 148.8, 149.5, 149.3, 149.7, 150.0, 148.6, 150.0, 149.3, 149.7, 149.7, 149.3, 149.7, 149.5, 149.5, 149.5, 149.5, 149.5, 149.7, 150.3, 148.8, 149.7, 149.7, 150.3, 149.7, 149.7, 149.5, 149.7, 149.7, 150.1, 150.1, 149.7, 149.5, 150.1, 150.1, 149.7, 149.5, 149.0, 149.7, 150.1, 149.7, 149.7, 150.3, 149.7, 148.8, 149.7, 149.7, 149.7, 149.9, 149.7, 149.3, 148.8, 149.7, 149.7, 149.7, 149.7, 150.3, 149.7, 149.7, 149.7, 149.0, 149.7, 149.7, 150.1, 149.7, 150.3, 149.5, 149.7, 149.0, 149.9, 149.7, 149.7, 150.1, 150.3, 150.1, 150.5, 149.7, 150.3, 150.3, 150.5, 150.5, 151.0, 150.3, 150.7, 150.7, 150.7, 150.5, 150.5, 149.7, 149.7, 149.9, 150.7, 150.3, 151.0, 150.5, 149.9, 150.3, 150.3, 150.3, 150.3, 150.5, 150.8, 150.3, 149.7, 149.7, 150.3, 149.7, 150.5, 150.3, 149.9, 151.1, 150.3, 151.0, 150.5, 150.3, 150.5, 150.1, 149.7, 150.3, 149.7, 149.9, 149.9, 149.7, 149.9, 150.3, 151.0, 150.3, 149.7, 150.3, 150.8, 150.3, 150.3, 149.0, 149.9, 150.3, 149.0, 150.1, 150.3, 150.3, 150.3, 149.7, 149.7, 149.5, 150.5, 149.7, 149.7, 149.7, 149.9, 150.5, 151.0, 150.3, 151.0, 150.7, 151.0, 150.3, 150.3, 149.9, 149.7, 150.3, 150.3]"
8,"[156.7, 156.7, 156.0, 155.5, 154.2, 154.2, 154.2, 153.7, 153.7, 154.3, 153.7, 153.8, 154.3, 154.3, 154.3, 155.5, 154.3, 154.3, 154.9, 154.9, 154.3, 154.9, 155.6, 154.8, 154.8, 154.9, 154.9, 155.5, 154.9, 154.3, 154.2, 154.9, 154.9, 154.9, 154.8, 154.4, 155.4, 154.9, 154.3, 154.3, 155.6, 154.3, 154.8, 154.4, 153.7, 155.5, 154.9, 154.4, 154.3, 154.9, 153.8, 154.3, 153.7, 153.8, 153.2, 154.3, 153.7, 154.3, 154.3, 154.3, 153.7, 153.7, 154.4, 154.3, 154.9, 154.3, 154.3, 155.0, 154.3, 153.7, 154.9, 154.3, 154.9, 154.9, 154.3, 154.9, 154.4, 154.9, 155.4, 154.9, 154.4, 153.8, 154.3, 154.4, 153.7, 154.8, 154.3, 154.9, 154.3, 154.2, 153.8, 154.4, 153.7, 154.4, 153.6, 154.3, 153.7, 153.7, 154.3, 154.3, 154.9, 154.3, 153.8, 153.7, 154.3, 154.3, 154.2, 154.3, 154.3, 154.9, 154.3, 154.3, 154.9, 153.8, 154.3, 155.4, 154.3, 155.4, 154.3, 154.3, 154.3, 154.8, 154.9, 155.0, 154.3, 154.3, 154.3, 153.8, 154.4, 154.4, 153.7, 153.7, 153.7, 153.8, 153.7, 154.3, 153.8, 153.8, 153.7, 153.7, 154.3, 154.2, 154.3, 153.9, 154.4, 154.4, 154.9, 153.7, 154.3, 153.8, 154.2, 154.3, 154.4, 153.7, 154.3, 154.3, 153.6, 154.8, 154.9, 154.9, 153.7, 154.4, 153.7, 153.8, 154.3, 153.8, 153.7, 153.3, 154.3, 153.8, 153.8, 153.7, 153.6, 153.6, 153.8, 153.7, 154.3, 154.3, 154.3, 154.3, 155.0, 154.3, 154.3, 154.3, 154.8, 154.8, 154.3, 154.2, 153.7, 153.7, 153.7, 154.3, 153.8, 154.3, 153.7, 154.3, 154.3, 153.7, 153.8, 153.6, 153.7, 153.8, 154.3, 153.8, 153.7, 154.3, 154.3, 154.4, 153.8, 154.3, 153.7, 154.2, 154.4, 154.3, 154.3, 154.3, 154.9, 154.9, 155.0, 153.7, 155.0, 154.3, 154.4, 154.5, 154.2, 154.8, 153.8, 153.8, 153.8, 154.4, 153.7, 153.7, 153.8, 154.3, 153.8, 153.7, 153.8, 153.7, 154.3, 153.7, 153.7, 154.9, 154.4, 153.7, 154.8, 153.7, 154.3, 154.3, 154.3, 154.2, 154.2, 154.3, 154.2, 154.3, 154.9, 154.2, 154.9, 154.3, 153.8, 153.2, 153.8, 154.3, 153.9, 153.9, 153.8, 153.8, 153.1, 154.3, 153.2, 153.7, 153.7, 153.7, 153.8, 153.7, 153.7, 153.7, 154.3, 154.3, 153.9, 153.8, 153.8, 153.8, 153.7, 153.2, 153.7, 153.1, 153.7, 153.7, 152.9, 153.1, 153.8, 153.8, 153.8, 153.2, 153.1, 153.7, 153.1, 153.7, 153.7, 152.9, 153.2, 153.1, 153.7, 154.3, 154.2, 153.2, 153.6, 153.7, 153.6, 154.3, 153.7, 153.7, 153.6, 154.3, 154.9, 154.3, 153.6, 153.7, 154.3, 154.3, 153.7, 154.3, 153.7, 153.7, 153.2, 153.2, 153.1, 152.9, 153.2, 152.9, 152.9, 153.1, 153.1, 153.1, 153.6, 153.7, 153.6, 153.8, 153.7, 154.3, 153.2, 153.7, 153.8, 153.7, 154.3, 153.7, 154.3, 153.7, 154.3, 153.6, 154.3, 154.3, 154.9, 154.2, 154.3, 154.3, 154.3, 154.9, 153.6, 153.1, 153.1, 153.1, 153.1, 153.2, 154.3, 153.1, 153.1, 153.7, 154.3, 153.7, 154.4, 153.7, 153.2, 153.3, 153.7, 153.9, 154.3, 153.7, 153.2, 153.1, 153.6, 153.7, 154.2, 154.3, 153.8, 154.2, 153.2, 153.6, 154.3, 154.3, 153.8, 153.7, 153.8, 153.7, 154.3, 154.3, 153.8, 153.6, 153.7, 153.7, 153.8, 153.7, 153.6, 152.9, 153.9, 153.8, 154.3, 153.8, 153.7, 153.8, 153.1, 154.3, 153.2, 153.7, 153.1, 153.7, 153.1, 153.8, 153.8, 153.1, 153.1, 154.3, 153.8, 153.7, 153.7, 154.3, 153.2, 153.6, 153.7, 153.6, 153.7, 153.2, 153.8, 153.7, 153.7, 153.7, 153.6, 154.3, 153.2, 153.8, 153.6, 153.3, 152.9, 153.8, 153.2, 153.8, 154.3, 153.7, 153.7, 153.8, 153.8, 153.8, 153.7, 154.2, 153.7, 154.3, 153.6, 153.2, 153.1, 152.6, 154.3, 154.4, 153.2, 154.4, 153.9, 154.4, 154.4, 153.1, 153.2, 153.3, 153.7, 153.8, 153.2, 153.6, 153.1, 153.2, 153.2, 153.8, 153.8, 153.2, 153.2, 153.8, 153.8, 153.2, 153.8, 153.8, 153.7, 153.2, 153.2, 153.8, 153.8, 153.3, 153.3, 153.7, 152.6, 153.9, 153.8, 153.8, 153.8, 153.7, 153.2, 153.8, 153.2, 153.7, 153.8, 153.2, 153.8, 153.8, 153.3, 154.3, 153.8, 154.4, 153.9, 153.8, 153.8, 153.2, 153.7, 153.7, 153.8, 153.8, 153.7, 154.3, 153.8, 153.8, 153.8, 153.9, 154.3, 154.3, 153.8, 153.7, 153.7, 154.4, 154.3, 153.7, 153.7, 153.7, 153.7, 153.7, 154.3, 153.9, 153.8, 153.8, 153.7, 154.3, 153.9, 153.9, 153.8, 155.0, 155.0, 155.0, 154.3, 154.3, 153.9, 154.3, 153.8, 153.2, 153.8, 153.8, 153.8, 153.8, 154.4, 153.3, 153.8, 153.2, 153.7, 153.2, 154.5, 153.9, 154.4, 153.9, 154.3, 153.7, 154.3, 154.4, 154.4, 154.3, 153.8, 155.0, 154.4, 154.4, 154.3, 154.3, 154.4, 153.9, 153.8, 155.0, 154.3, 153.8, 153.8, 153.2, 153.9, 153.7, 153.7, 155.0, 155.0, 153.7, 154.3, 154.3, 154.4, 153.7]"
8,"[154.8, 155.3, 155.5, 154.8, 152.5, 153.2, 153.7, 153.2, 154.4, 154.0, 154.6, 154.5, 154.5, 155.2, 154.4, 153.9, 154.0, 154.0, 153.8, 153.9, 154.5, 153.9, 153.9, 154.0, 154.5, 153.9, 154.5, 154.5, 154.1, 153.5, 153.2, 153.5, 154.0, 154.5, 154.0, 153.9, 153.9, 153.2, 153.9, 153.2, 152.8, 153.2, 153.2, 153.2, 152.6, 153.5, 152.8, 152.9, 153.5, 153.2, 153.5, 153.3, 154.0, 152.9, 153.3, 153.9, 153.8, 153.9, 153.3, 153.2, 153.2, 153.8, 153.9, 153.9, 154.4, 154.5, 153.2, 153.1, 153.9, 153.2, 153.8, 153.3, 153.3, 153.3, 153.2, 153.3, 153.3, 153.3, 153.8, 154.3, 154.4, 154.4, 154.4, 153.2, 153.9, 153.3, 153.3, 153.2, 153.9, 153.2, 152.8, 153.3, 153.3, 152.6, 153.2, 153.2, 153.8, 153.8, 153.2, 153.9, 153.8, 153.2, 152.0, 152.8, 153.2, 153.3, 153.3, 153.9, 153.2, 153.2, 153.3, 153.9, 153.2, 154.4, 153.8, 153.1, 153.9, 153.9, 153.9, 153.8, 153.9, 153.3, 153.3, 153.3, 152.6, 152.5, 152.9, 152.8, 153.4, 152.8, 152.8, 152.2, 152.2, 151.6, 152.1, 152.7, 153.2, 154.4, 154.4, 153.5, 153.0, 153.7, 153.2, 152.5, 153.0, 152.9, 153.7, 153.8, 153.2, 152.4, 153.0, 152.4, 152.4, 152.9, 154.4, 153.7, 154.4, 153.0, 153.8, 152.9, 153.0, 154.5, 153.7, 153.7, 153.5, 154.4, 153.8, 153.8, 154.9, 154.5, 154.4, 153.8, 154.4, 154.4, 154.3, 153.8, 153.8, 153.2, 153.0, 153.7, 152.5, 153.3, 153.4, 152.7, 153.9, 153.3, 153.3, 153.3, 152.7, 153.3, 153.9, 153.3, 153.2, 152.7, 153.3, 153.8, 153.9, 153.3, 153.3, 153.3, 153.3, 153.3, 153.9, 153.3, 153.3, 153.3, 153.2, 153.2, 153.8, 153.0, 153.2, 153.2, 151.8, 153.0, 153.0, 152.9, 152.9, 152.3, 152.3, 152.3, 152.3, 152.3, 151.6, 152.0, 152.1, 151.3, 151.6, 152.0, 152.6, 151.8, 152.6, 152.1, 152.1, 152.1, 152.1, 152.0, 152.6, 152.1, 152.7, 152.3, 153.4, 152.7, 152.0, 152.7, 152.6, 152.6, 152.0, 151.1, 151.6, 150.3, 150.3, 149.7, 150.7, 151.1, 150.5, 150.5, 149.9, 150.7, 150.7, 149.9, 150.3, 150.5, 150.5, 150.5, 149.7, 150.3, 150.5, 150.5, 150.3, 150.3, 150.1, 148.8, 149.9, 150.3, 149.9, 150.5, 150.3, 149.7, 150.5, 149.0, 150.3, 149.2, 150.3, 149.3, 150.1, 148.8, 149.5, 148.6, 149.5, 148.8, 148.8, 148.8, 148.0, 148.6, 148.8, 147.8, 147.8, 147.1, 147.3, 147.3, 148.6, 148.0, 147.8, 147.1, 147.3, 147.6, 147.1, 146.5, 147.1, 146.7, 147.8, 147.1, 147.6, 146.5, 147.8, 147.8, 147.8, 147.6, 147.8, 147.8, 148.4, 148.4, 147.8, 148.0, 148.2, 147.3, 147.3, 146.3, 146.9, 146.7, 146.9, 146.9, 146.7, 146.3, 146.7, 146.7, 147.6, 147.4, 147.1, 146.9, 147.1, 146.3, 146.9, 146.7, 147.1, 146.3, 146.9, 147.1, 146.5, 146.7, 146.7, 147.1, 147.3, 146.5, 146.5, 146.5, 147.1, 146.5, 147.1, 146.9, 146.9, 146.9, 147.1, 146.9, 147.1, 147.3, 147.1, 147.1, 147.1, 147.1, 147.1, 147.1, 146.9, 147.8, 147.3, 147.1, 146.1, 146.1, 146.5, 146.1, 146.9, 146.5, 146.5, 146.1, 145.8, 146.3, 147.1, 146.7, 147.1, 146.5, 146.7, 146.5, 146.1, 145.8, 146.5, 145.8, 146.5, 146.5, 146.5, 147.1, 146.3, 146.5, 145.8, 145.4, 145.6, 146.1, 145.4, 146.3, 145.6, 146.1, 145.8, 146.1, 146.1, 146.1, 145.6, 145.6, 145.8, 145.4, 145.2, 145.6, 145.2, 145.2, 145.6, 144.8, 144.6, 145.4, 145.8, 144.3, 144.6, 145.0, 145.2, 145.2, 145.4, 145.2, 145.2, 144.6, 145.2, 145.2, 145.0, 144.8, 145.2, 145.4, 144.3, 145.0, 145.8, 145.4, 144.3, 144.6, 145.2, 145.0, 143.7, 144.7, 144.3, 145.0, 145.2, 144.8, 145.8, 145.2, 145.2, 145.8, 144.6, 145.2, 145.4, 145.4, 145.0, 144.6, 145.4, 146.5, 145.4, 147.1, 145.8, 145.8, 146.1, 146.5, 146.5, 146.9, 146.7, 146.5, 146.9, 146.7, 147.3, 147.1, 147.3, 147.3, 147.3, 147.3, 146.7, 146.9, 146.7, 146.7, 146.7, 146.5, 147.8, 147.3, 146.5, 147.1, 146.5, 147.1, 146.7, 147.1, 147.1, 146.5, 146.7, 147.1, 148.0, 147.3, 147.1, 147.5, 147.3, 148.2, 148.2, 147.5, 148.2, 148.2, 148.2, 148.2, 148.4, 148.4, 148.4, 148.4, 148.8, 148.4, 149.0, 148.4, 148.8, 148.4, 148.4, 149.0, 149.0, 149.0, 149.0, 149.0, 149.2, 149.0, 149.2, 149.9, 149.9, 149.0, 149.4, 149.7, 149.7, 149.0, 149.7, 149.7, 149.7, 149.7, 150.3, 149.7, 149.9, 149.7, 149.7, 149.7, 149.7, 149.7, 150.3, 149.9, 149.9, 149.7, 149.0, 150.3, 149.5, 149.7, 150.3, 150.1, 149.0, 149.5, 149.7, 149.7, 148.8, 149.9, 149.7, 149.7, 149.9, 149.0, 149.0, 148.2, 148.0, 148.8, 146.9, 147.3, 148.0, 147.3, 147.1, 146.3, 146.3, 147.1, 147.1, 146.1, 146.3, 147.1, 147.1, 146.5, 146.1, 145.6, 145.0, 145.1, 144.7, 143.9, 144.7, 143.8]"
8,"[154.9, 154.9, 154.4, 153.5, 153.8, 154.4, 154.5, 155.0, 155.2, 155.8, 155.2, 155.8, 155.2, 155.0, 155.2, 154.5, 155.2, 155.2, 155.3, 154.4, 155.2, 154.5, 154.4, 155.3, 155.2, 153.9, 153.9, 154.0, 154.0, 153.8, 153.9, 154.5, 154.6, 154.5, 153.4, 153.3, 153.9, 153.2, 152.8, 153.3, 153.3, 153.0, 153.3, 153.3, 154.5, 155.8, 155.0, 155.2, 154.5, 154.4, 154.5, 154.4, 153.3, 153.8, 154.5, 154.4, 153.9, 153.9, 153.9, 155.2, 154.6, 154.0, 154.5, 154.5, 154.5, 154.4, 154.6, 154.6, 154.5, 154.4, 154.0, 154.5, 153.9, 154.4, 153.8, 154.5, 154.5, 153.9, 153.8, 153.9, 153.9, 153.8, 153.8, 153.8, 153.8, 153.9, 153.8, 154.5, 154.4, 153.2, 154.4, 154.6, 154.0, 154.6, 154.4, 153.8, 153.8, 153.9, 154.4, 153.8, 153.2, 153.3, 153.3, 153.2, 153.4, 153.3, 154.4, 153.3, 153.3, 153.8, 153.3, 153.3, 153.8, 153.8, 153.9, 154.4, 154.4, 154.5, 153.8, 153.9, 153.8, 153.8, 153.9, 153.9, 153.8, 153.3, 153.9, 153.8, 153.8, 153.8, 153.8, 153.8, 153.8, 152.9, 151.5, 152.5, 151.3, 151.1, 150.8, 151.0, 150.3, 150.3, 150.3, 150.1, 149.7, 150.3, 149.5, 149.7, 149.7, 149.7, 150.1, 149.7, 150.3, 149.7, 150.3, 149.7, 149.9, 149.7, 149.9, 149.7, 149.5, 149.0, 149.7, 149.0, 149.0, 148.8, 149.0, 148.6, 148.2, 148.8, 148.2, 148.4, 148.4, 149.0, 149.0, 149.0, 148.2, 148.6, 148.6, 147.8, 148.2, 148.2, 147.6, 148.4, 147.8, 146.9, 148.0, 146.9, 148.2, 147.8, 147.1, 147.3, 147.1, 147.1, 146.9, 146.5, 146.5, 147.3, 146.5, 146.9, 147.6, 146.5, 147.1, 146.5, 147.1, 146.3, 146.3, 146.5, 146.5, 147.1, 146.5, 147.1, 146.9, 147.1, 146.3, 146.5, 146.3, 146.5, 146.5, 146.3, 146.3, 146.0, 146.3, 146.5, 146.9, 146.3, 146.7, 146.5, 146.3, 146.7, 145.8, 146.1, 145.4, 145.4, 145.6, 145.4, 145.4, 145.2, 144.8, 144.8, 145.4, 145.4, 145.6, 146.3, 145.6, 145.4, 145.6, 145.4, 144.8, 144.6, 145.4, 144.8, 145.6, 145.4, 145.4, 145.4, 145.6, 145.2, 145.2, 144.8, 145.2, 145.4, 144.8, 144.6, 144.6, 144.3, 144.5, 144.6, 145.4, 144.3, 144.6, 144.2, 144.6, 144.2, 144.3, 144.6, 144.8, 144.6, 144.3, 143.9, 143.7, 145.0, 143.7, 144.5, 144.3, 145.0, 144.3, 144.2, 143.8, 142.9, 143.4, 144.5, 143.9, 143.3, 143.5, 143.3, 143.5, 143.2, 143.3, 143.5, 142.6, 142.6, 143.5, 143.3, 142.2, 143.0, 143.3, 142.9, 142.6, 143.5, 143.5, 143.3, 142.6, 142.6, 143.5, 142.6, 142.7, 143.0, 143.3, 142.6, 142.6, 142.6, 142.7, 143.0, 143.0, 143.0, 143.0, 142.6, 143.0, 143.2, 143.0, 141.7, 142.3, 141.7, 141.0, 140.4, 141.7, 141.3, 140.7, 141.0, 140.7, 140.7, 141.3, 140.7, 140.1, 141.0, 140.7, 141.7, 141.0, 140.7, 142.1, 141.7, 141.4, 142.6, 141.7, 141.0, 140.7, 140.7, 139.8, 138.8, 140.4, 138.5, 139.1, 139.8, 139.1, 139.4, 139.1, 140.1, 140.1, 140.1, 140.4, 141.0, 140.1, 140.4, 140.1, 140.4, 140.1, 140.7, 140.4, 139.7, 139.1, 139.8, 139.4, 141.7, 142.0, 141.7, 141.7, 142.6, 142.5, 142.9, 142.9, 143.3, 143.0, 143.0, 142.6, 142.6, 142.9, 142.7, 142.9, 142.3, 142.3, 142.5, 142.3, 142.3, 142.1, 142.3, 143.0, 142.9, 143.0, 143.3, 142.9, 143.7, 142.9, 142.9, 142.7, 142.3, 142.3, 143.0, 143.0, 142.7, 142.2, 143.0, 143.3, 142.3, 143.0, 143.2, 142.6, 142.9, 142.9, 143.5, 143.5, 143.5, 142.9, 142.9, 143.8, 143.5, 143.3, 143.2, 142.9, 143.0, 143.3, 142.9, 142.6, 143.3, 142.3, 142.6, 141.4, 141.0, 141.4, 141.7, 142.3, 141.4, 141.7, 142.0, 140.7, 141.7, 141.7, 141.7, 141.0, 140.7, 140.7, 139.4, 140.4, 139.1, 140.0, 140.0, 139.4, 139.4, 140.1, 139.4, 140.4, 139.7, 139.4, 139.7, 139.7, 139.7, 140.0, 139.4, 138.5, 139.7, 139.7, 139.4, 140.4, 139.7, 140.0, 139.1, 139.7, 139.7, 139.4, 139.7, 140.7, 139.7, 139.7, 138.5, 139.4, 140.7, 140.0, 139.4, 139.4, 138.5, 139.7, 139.4, 140.0, 139.7, 139.7, 139.4, 141.1, 140.3, 139.7, 139.7, 140.0, 139.4, 139.7, 139.7, 138.8, 140.0, 140.3, 140.0, 139.7, 140.0, 139.7, 138.8, 139.4, 140.0, 139.1, 139.1, 139.1, 139.7, 138.8, 139.7, 140.3, 139.4, 139.1, 139.1, 139.7, 138.1, 138.5, 139.7, 139.1, 138.1, 138.5, 138.8, 137.8, 138.8, 138.5, 139.4, 139.1, 138.8, 138.8, 138.8, 139.4, 138.5, 138.5, 138.1, 138.1, 138.1, 138.1, 140.5, 138.8, 138.1, 137.5, 138.8, 139.1, 138.1, 137.8, 138.1, 138.5, 138.1, 138.8, 138.1, 139.1, 138.8, 138.5, 138.8, 138.1, 139.7, 138.8, 139.4, 138.8, 139.4, 139.1, 137.5, 137.8, 139.1, 138.1, 138.5, 139.4, 139.1, 139.4, 137.8, 139.1, 138.8, 138.1, 138.1, 138.8, 139.4, 138.8, 139.7, 139.4, 139.7]"
8,"[148.6, 148.6, 149.0, 148.8, 149.0, 148.8, 149.7, 149.0, 150.3, 150.1, 150.7, 150.3, 150.3, 150.3, 149.7, 150.3, 150.3, 150.3, 149.9, 150.3, 150.3, 150.3, 150.3, 150.5, 150.3, 150.3, 150.3, 150.3, 150.3, 150.5, 150.1, 150.5, 150.1, 150.3, 150.1, 149.9, 150.5, 151.0, 151.0, 151.0, 151.0, 150.3, 151.1, 151.1, 151.0, 150.8, 151.0, 150.3, 150.1, 150.3, 150.5, 150.5, 151.6, 151.1, 151.8, 150.3, 151.6, 150.3, 151.1, 150.3, 151.0, 150.3, 151.0, 150.8, 150.8, 150.7, 151.6, 151.8, 151.1, 151.0, 151.3, 151.6, 150.5, 151.0, 151.1, 151.1, 150.3, 150.3, 151.1, 151.6, 151.6, 151.0, 150.5, 151.0, 151.6, 151.6, 151.5, 151.6, 151.6, 151.1, 151.6, 151.5, 151.6, 151.0, 151.0, 151.6, 151.8, 151.6, 151.6, 152.5, 151.1, 150.8, 151.0, 151.0, 151.0, 151.0, 151.0, 151.1, 151.0, 151.0, 150.1, 151.0, 151.0, 151.1, 151.0, 151.5, 151.5, 151.0, 151.1, 151.0, 151.0, 151.0, 151.0, 151.5, 151.8, 150.3, 151.0, 150.8, 150.3, 149.5, 149.7, 148.0, 149.0, 149.5, 148.4, 149.7, 149.7, 149.2, 149.5, 150.3, 149.7, 149.0, 149.2, 149.0, 149.5, 149.5, 148.8, 148.6, 148.8, 148.2, 148.8, 148.4, 148.2, 148.2, 148.2, 149.0, 148.8, 148.8, 149.0, 148.4, 148.2, 148.4, 148.6, 149.0, 149.0, 148.6, 148.2, 148.0, 148.0, 147.8, 148.0, 148.0, 148.0, 147.5, 147.3, 147.5, 147.5, 147.3, 147.1, 147.3, 147.3, 147.1, 148.0, 147.3, 146.5, 147.1, 146.5, 146.5, 146.3, 145.6, 146.5, 145.8, 145.2, 145.8, 145.6, 145.2, 145.2, 145.2, 145.0, 145.4, 144.6, 145.2, 144.6, 145.2, 145.0, 145.2, 144.3, 145.0, 145.0, 144.1, 144.2, 144.6, 144.2, 143.5, 143.9, 143.5, 143.8, 144.5, 144.2, 144.2, 144.7, 144.5, 144.2, 144.2, 144.5, 144.5, 144.5, 144.5, 144.2, 144.7, 143.9, 143.5, 143.5, 142.9, 143.5, 142.6, 143.3, 143.5, 143.8, 143.3, 143.5, 143.8, 143.2, 143.5, 142.9, 143.0, 143.2, 141.0, 140.7, 140.1, 140.1, 139.8, 139.7, 139.8, 140.1, 140.1, 139.4, 139.1, 139.4, 139.1, 139.4, 139.8, 139.1, 140.4, 139.7, 139.1, 139.8, 141.0, 141.0, 141.0, 141.0, 141.0, 140.7, 140.7, 140.1, 140.1, 140.4, 139.4, 139.8, 140.1, 139.8, 139.1, 139.1, 139.8, 138.5, 139.1, 140.4, 140.7, 140.4, 140.7, 140.4, 140.7, 140.7, 141.7, 140.7, 141.3, 141.0, 140.4, 140.7, 141.3, 141.3, 141.3, 140.7, 141.3, 140.7, 141.3, 141.0, 142.0, 142.0, 142.0, 142.0, 142.0, 142.9, 142.9, 143.8, 143.2, 143.3, 142.8, 143.5, 143.4, 144.6, 143.7, 143.7, 144.1, 144.6, 143.2, 142.3, 143.0, 141.0, 140.7, 138.8, 141.0, 140.1, 139.1, 139.4, 139.1, 138.8, 138.8, 139.1, 138.5, 139.8, 140.4, 141.0, 141.0, 139.4, 138.5, 138.1, 137.1, 138.8, 139.1, 139.1, 138.5, 137.5, 138.5, 138.5, 138.8, 138.5, 137.8, 138.5, 138.8, 138.1, 138.1, 138.8, 139.1, 139.1, 139.1, 139.8, 139.4, 139.8, 138.8, 139.4, 139.4, 140.1, 140.1, 140.7, 141.3, 141.4, 140.4, 138.8, 138.8, 139.1, 138.5, 139.1, 139.7, 140.7, 141.0, 141.0, 141.0, 141.0, 143.3, 142.6, 142.3, 142.3, 142.3, 142.5, 142.9, 143.0, 142.9, 141.7, 142.6, 143.3, 143.8, 144.1, 143.5, 144.5, 144.7, 144.2, 144.5, 144.5, 144.1, 143.8, 143.8, 143.5, 144.5, 145.1, 144.7, 145.4, 145.4, 145.0, 145.0, 144.1, 144.7, 145.2, 145.0, 145.0, 145.0, 144.7, 144.7, 144.7, 144.5, 143.3, 143.3, 142.9, 142.9, 143.7, 143.0, 143.3, 143.3, 143.3, 143.3, 143.3, 143.3, 142.3, 143.3, 143.5, 143.0, 143.5, 143.3, 143.9, 143.5, 143.3, 143.3, 143.3, 143.3, 142.9, 142.6, 142.9, 142.6, 142.3, 142.6, 142.6, 143.5, 143.8, 143.9, 143.9, 143.9, 143.9, 144.2, 143.3, 143.7, 143.5, 143.3, 144.9, 144.5, 143.8, 143.5, 143.5, 144.2, 143.8, 144.2, 144.2, 144.5, 144.2, 144.1, 143.8, 143.5, 144.2, 144.5, 143.5, 142.9, 143.5, 142.9, 143.5, 143.7, 143.7, 143.7, 143.5, 143.9, 142.6, 142.9, 142.6, 143.5, 143.5, 143.5, 143.5, 143.5, 143.7, 143.4, 143.2, 143.2, 142.6, 142.5, 142.8, 142.5, 141.8, 141.8, 140.9, 140.6, 141.5, 141.5, 140.7, 141.5, 141.0, 141.2, 141.5, 141.0, 140.7, 140.9, 140.7, 140.4, 141.0, 140.0, 140.7, 141.0, 140.7, 141.2, 142.0, 141.2, 141.0, 140.7, 141.4, 141.8, 142.3, 141.7, 142.0, 141.0, 140.9, 141.7, 141.7, 141.7, 141.2, 142.3, 141.7, 141.2, 140.4, 141.7, 141.7, 141.0, 140.7, 140.7, 140.7, 141.7, 140.0, 140.0, 140.0, 140.1, 140.0, 141.7, 140.7, 140.7, 141.7, 140.0, 139.7, 140.0, 140.4, 139.7, 139.7, 142.3, 140.7, 141.7, 139.4, 139.1, 140.4, 139.4, 139.7, 139.4, 140.0, 140.7, 139.7, 140.0, 140.7, 140.0, 141.7, 140.0, 141.4, 140.8, 140.4, 142.0, 140.4, 140.7]"
8,"[150.0, 149.7, 149.7, 148.8, 149.4, 149.9, 151.0, 150.3, 151.6, 150.5, 150.3, 150.8, 150.3, 150.1, 151.0, 150.5, 150.3, 150.1, 151.0, 151.0, 150.8, 151.1, 150.3, 151.0, 151.0, 151.6, 150.3, 151.6, 151.0, 151.6, 150.5, 150.3, 151.1, 150.3, 151.0, 151.0, 150.1, 151.0, 150.8, 150.8, 150.3, 151.8, 150.3, 151.0, 150.8, 150.8, 150.3, 150.3, 150.5, 150.1, 150.3, 151.5, 151.6, 151.0, 150.1, 151.1, 150.3, 150.3, 150.3, 150.3, 150.1, 151.0, 151.0, 150.3, 151.0, 151.6, 151.6, 150.8, 151.6, 150.3, 151.5, 151.6, 151.6, 151.6, 151.0, 150.3, 150.3, 150.1, 151.0, 150.8, 150.8, 151.0, 151.0, 151.0, 150.8, 150.3, 150.8, 151.0, 150.8, 150.8, 151.0, 151.0, 151.0, 151.0, 150.3, 151.0, 151.0, 151.0, 150.5, 151.0, 151.1, 151.1, 151.6, 151.8, 151.1, 150.8, 151.6, 151.6, 151.6, 151.6, 151.8, 151.5, 151.0, 151.0, 150.5, 150.8, 151.0, 151.6, 151.0, 151.0, 151.0, 151.0, 151.0, 151.0, 151.0, 151.1, 151.1, 149.9, 151.5, 150.5, 150.5, 151.0, 151.1, 149.9, 150.1, 149.0, 149.5, 150.3, 150.8, 150.1, 150.1, 150.3, 149.7, 150.3, 150.1, 150.0, 148.8, 148.8, 150.0, 148.6, 148.6, 148.0, 148.8, 147.5, 148.8, 148.4, 148.4, 149.3, 148.2, 149.3, 147.8, 148.2, 148.4, 147.3, 147.8, 147.8, 147.8, 148.6, 148.4, 148.4, 147.8, 148.2, 147.8, 148.4, 148.2, 147.8, 146.9, 147.8, 148.0, 147.6, 148.4, 147.8, 147.8, 147.8, 147.6, 146.9, 147.6, 146.3, 147.1, 146.3, 146.9, 146.9, 146.7, 146.3, 147.3, 146.1, 145.8, 146.7, 146.5, 147.3, 147.3, 147.6, 147.6, 147.1, 147.4, 146.3, 147.1, 146.9, 146.7, 146.9, 147.1, 147.3, 146.7, 146.7, 146.1, 145.4, 146.1, 145.8, 145.8, 146.3, 146.9, 145.4, 145.6, 146.0, 146.0, 146.0, 146.7, 145.6, 146.0, 145.4, 144.7, 144.9, 145.1, 145.0, 145.4, 145.4, 145.6, 145.6, 145.4, 145.1, 145.0, 145.6, 144.7, 145.0, 145.0, 145.4, 144.7, 144.7, 144.7, 145.4, 145.6, 145.6, 144.3, 144.7, 145.0, 145.1, 145.1, 145.1, 144.7, 144.7, 144.7, 145.0, 145.1, 144.6, 144.9, 144.7, 144.9, 145.4, 145.5, 145.1, 144.5, 144.7, 145.1, 144.7, 145.0, 145.4, 144.7, 145.8, 144.7, 144.7, 144.7, 145.4, 145.6, 145.4, 145.6, 146.3, 145.6, 145.6, 145.8, 145.8, 145.8, 146.5, 145.8, 146.5, 147.1, 146.5, 146.5, 146.5, 147.3, 147.3, 146.7, 147.1, 147.3, 147.3, 146.5, 146.5, 146.5, 146.7, 146.5, 146.5, 146.7, 145.8, 145.8, 145.8, 146.3, 145.6, 146.7, 146.5, 146.7, 146.9, 146.9, 146.5, 146.5, 146.5, 146.1, 145.2, 145.6, 145.6, 145.6, 145.8, 146.7, 146.1, 145.6, 146.5, 146.7, 145.6, 146.0, 146.0, 145.6, 146.5, 146.7, 146.7, 147.1, 146.9, 146.9, 146.7, 146.9, 146.9, 146.7, 147.1, 146.1, 145.8, 146.1, 146.3, 146.7, 146.5, 146.5, 147.1, 146.5, 146.7, 146.7, 146.7, 147.3, 146.5, 146.5, 146.7, 146.3, 146.5, 145.6, 145.8, 145.8, 145.6, 145.6, 145.6, 145.8, 145.2, 146.5, 146.5, 145.6, 147.1, 146.5, 146.1, 146.9, 146.7, 146.1, 146.7, 146.7, 146.7, 146.7, 146.5, 145.8, 146.5, 145.2, 146.5, 146.7, 145.8, 146.1, 146.7, 146.1, 146.3, 146.7, 146.1, 146.9, 147.1, 146.1, 146.3, 146.1, 146.3, 146.9, 146.1, 146.1, 146.1, 146.1, 146.7, 146.7, 146.9, 146.9, 146.7, 146.9, 146.7, 146.7, 147.3, 146.9, 146.7, 146.7, 146.7, 146.9, 146.7, 146.7, 146.7, 146.7, 147.3, 147.1, 147.3, 146.7, 147.1, 146.5, 146.5, 146.5, 146.5, 146.5, 147.3, 146.5, 147.1, 148.0, 147.1, 147.1, 147.1, 147.1, 147.1, 147.1, 146.7, 147.1, 147.1, 147.1, 147.3, 146.3, 146.7, 146.3, 146.5, 146.5, 146.9, 146.7, 146.3, 146.5, 146.9, 147.3, 147.1, 146.5, 146.5, 146.9, 147.1, 147.5, 148.0, 146.3, 147.6, 147.8, 147.1, 147.3, 147.1, 148.2, 147.8, 148.0, 147.1, 147.3, 147.3, 147.1, 147.3, 148.0, 148.0, 146.9, 147.3, 147.3, 147.8, 148.2, 147.3, 147.8, 147.8, 148.4, 148.0, 148.4, 148.2, 148.2, 148.4, 149.1, 149.7, 149.0, 149.5, 149.7, 149.7, 149.7, 149.7, 150.3, 148.8, 148.6, 148.8, 148.0, 148.2, 148.0, 148.4, 148.0, 148.2, 148.6, 148.8, 148.8, 149.7, 149.7, 149.9, 149.7, 149.5, 148.8, 149.7, 149.5, 149.5, 149.5, 149.5, 151.0, 151.0, 150.3, 150.1, 149.5, 149.3, 149.5, 149.7, 150.1, 149.3, 149.2, 149.5, 149.1, 149.8, 149.5, 149.5, 149.5, 149.5, 149.5, 149.5, 149.5, 149.5, 150.1, 150.1, 149.5, 150.3, 150.3, 150.3, 149.5, 150.5, 151.0, 152.0, 150.7, 151.3, 150.7, 151.3, 151.0, 150.5, 151.1, 151.1, 150.5, 150.7, 150.7, 151.3, 151.1, 151.1, 151.0, 151.0, 151.1, 150.3, 150.3, 150.7, 150.5, 150.5, 150.5, 150.5, 150.7, 150.5, 150.7, 150.7, 151.3, 150.7, 150.5, 150.5]"
9,"[164.1, 163.6, 165.0, 163.8, 163.0, 161.0, 160.6, 161.7, 163.0, 162.5, 163.7, 163.1, 163.8, 163.7, 163.6, 163.1, 163.6, 163.2, 163.0, 163.2, 162.5, 163.0, 163.2, 163.0, 162.6, 163.1, 161.9, 163.1, 163.0, 163.1, 162.5, 162.5, 163.0, 163.0, 162.6, 163.2, 162.6, 163.1, 163.7, 163.6, 163.1, 162.5, 162.3, 162.9, 163.1, 163.1, 163.0, 163.1, 163.1, 163.1, 162.3, 162.3, 163.1, 162.3, 162.5, 162.5, 163.0, 163.0, 163.6, 163.6, 163.0, 163.0, 163.6, 163.1, 163.5, 163.6, 163.6, 164.2, 163.0, 163.6, 162.9, 163.6, 163.5, 163.0, 163.7, 163.1, 163.6, 163.7, 163.6, 162.5, 163.0, 162.9, 163.0, 163.1, 161.9, 163.0, 163.7, 162.5, 163.2, 163.0, 163.7, 164.4, 163.6, 163.5, 163.6, 164.2, 163.6, 162.9, 163.7, 163.8, 163.0, 164.2, 163.6, 163.6, 163.5, 163.6, 163.0, 163.6, 163.0, 164.2, 163.5, 163.6, 163.0, 163.0, 164.4, 164.2, 164.3, 163.6, 163.6, 163.5, 163.0, 164.3, 164.3, 163.1, 163.6, 163.3, 162.7, 163.2, 162.6, 163.3, 162.6, 162.5, 162.5, 163.2, 162.3, 162.6, 161.9, 162.5, 162.5, 162.5, 163.2, 162.5, 162.6, 162.5, 163.1, 163.1, 163.1, 163.7, 162.5, 162.5, 163.0, 163.0, 162.5, 163.7, 163.7, 163.1, 162.5, 162.5, 163.0, 162.3, 163.2, 163.1, 163.1, 163.2, 163.0, 162.3, 162.5, 163.1, 163.1, 163.0, 163.1, 162.3, 163.0, 163.1, 163.0, 163.1, 163.7, 162.6, 162.5, 163.1, 163.1, 163.1, 163.1, 163.1, 163.0, 163.6, 163.1, 163.1, 163.1, 163.7, 163.1, 163.1, 163.1, 163.0, 162.5, 163.1, 163.0, 162.5, 163.1, 163.0, 163.1, 162.6, 162.5, 163.0, 163.1, 163.1, 163.1, 162.6, 163.1, 163.0, 163.2, 163.0, 162.3, 163.1, 162.5, 162.5, 162.6, 163.1, 163.1, 163.1, 163.0, 162.3, 162.3, 162.6, 163.0, 163.1, 163.0, 163.0, 162.3, 162.9, 163.5, 162.3, 163.5, 163.4, 163.0, 163.5, 162.5, 162.9, 163.6, 163.5, 162.3, 163.1, 163.0, 163.1, 163.1, 162.3, 163.0, 162.5, 162.5, 162.5, 162.6, 162.6, 163.1, 162.5, 163.3, 162.6, 163.2, 162.6, 162.5, 162.6, 161.9, 163.2, 162.6, 161.9, 161.9, 162.6, 162.6, 162.1, 162.1, 161.9, 162.7, 162.7, 163.1, 162.6, 163.2, 162.6, 162.6, 162.6, 162.6, 162.7, 162.7, 162.7, 162.6, 162.6, 162.5, 161.9, 162.7, 162.6, 162.7, 162.7, 162.1, 162.5, 161.9, 162.5, 162.5, 162.7, 162.6, 162.7, 162.1, 162.5, 162.5, 162.6, 162.3, 162.5, 162.5, 162.5, 162.3, 162.5, 162.5, 162.2, 162.5, 162.9, 162.3, 162.9, 162.2, 162.2, 162.8, 162.2, 162.0, 162.5, 162.0, 162.4, 161.9, 161.7, 162.0, 161.9, 161.9, 161.9, 162.6, 162.5, 161.9, 162.5, 161.9, 161.9, 162.5, 162.6, 162.0, 162.6, 162.6, 162.0, 162.2, 162.0, 162.6, 162.0, 161.9, 162.5, 162.6, 163.0, 162.0, 163.1, 162.6, 162.6, 163.3, 161.9, 162.0, 162.0, 162.0, 162.0, 162.6, 162.0, 162.0, 161.5, 161.9, 162.6, 162.0, 162.5, 162.5, 161.9, 162.5, 162.5, 162.0, 161.2, 161.9, 161.9, 161.7, 161.9, 161.9, 161.9, 161.7, 162.0, 162.5, 162.0, 162.0, 162.0, 161.9, 162.3, 161.7, 161.9, 162.5, 163.1, 162.6, 162.5, 162.6, 162.6, 162.5, 161.9, 162.6, 162.6, 161.9, 162.4, 162.5, 162.4, 162.0, 162.6, 162.6, 162.4, 161.9, 162.6, 161.2, 161.9, 162.6, 162.5, 162.4, 162.5, 162.6, 161.9, 161.2, 161.7, 162.5, 161.9, 161.9, 161.9, 162.5, 161.3, 162.0, 161.5, 162.0, 163.3, 162.8, 162.1, 162.8, 162.1, 162.1, 162.1, 162.2, 162.9, 162.9, 162.8, 162.2, 162.9, 162.2, 162.2, 162.9, 163.0, 163.0, 162.9, 163.1, 162.9, 162.5, 162.9, 163.0, 163.0, 163.0, 163.0, 163.1, 163.6, 162.3, 163.1, 163.1, 162.5, 162.5, 162.6, 163.1, 162.5, 163.1, 162.5, 162.5, 162.3, 162.5, 162.5, 162.5, 162.3, 161.9, 162.5, 161.8, 162.6, 162.6, 163.1, 162.6, 162.6, 162.6, 162.5, 161.8, 163.2, 162.7, 163.7, 163.2, 163.2, 162.6, 162.6, 162.5, 161.9, 161.3, 161.3, 161.3, 161.8, 161.1, 161.8, 161.8, 161.9, 162.3, 161.8, 161.9, 161.9, 161.8, 161.9, 162.3, 161.8, 162.5, 162.3, 162.5, 162.6, 161.9, 161.8, 161.2, 161.9, 161.8, 162.3, 161.9, 162.5, 161.2, 161.2, 162.3, 162.3, 162.5, 162.1, 161.6, 162.1, 162.6, 161.5, 162.7, 162.1, 162.1, 162.5, 162.6, 162.5, 162.6, 163.6, 161.9, 162.1, 161.9, 162.1, 161.9, 162.1, 162.7, 163.3, 162.1, 163.3, 161.5, 162.7, 161.3, 162.1, 163.3, 162.1, 163.1, 163.1, 163.2, 163.1, 163.7, 163.5, 163.7, 162.5, 162.5, 161.8, 161.9, 163.2, 163.2, 162.6, 161.9, 161.9, 163.1, 162.1, 162.5, 162.6, 162.6, 162.7, 162.6, 162.1, 161.3, 162.7, 163.1, 162.6, 162.7, 162.3, 162.1, 162.2, 163.2, 162.6, 163.7, 162.7, 163.0, 162.6, 163.2, 162.7, 163.0, 162.6, 163.2, 162.6, 163.1, 161.9]"
9,"[163.3, 165.0, 164.1, 160.4, 162.5, 159.5, 159.8, 160.4, 160.7, 161.8, 161.9, 162.6, 161.8, 163.2, 163.1, 163.1, 162.6, 162.6, 163.0, 163.0, 162.6, 163.8, 162.7, 162.6, 162.5, 161.9, 161.8, 161.3, 161.8, 162.5, 161.9, 162.5, 162.1, 161.9, 162.7, 161.8, 160.8, 162.1, 161.9, 161.9, 161.9, 162.6, 162.6, 162.6, 162.6, 161.9, 162.6, 162.6, 162.6, 162.5, 163.0, 161.7, 161.7, 163.0, 162.5, 162.3, 161.9, 162.6, 162.3, 161.9, 162.5, 162.6, 163.2, 161.8, 161.8, 161.7, 161.3, 161.9, 162.5, 162.5, 162.6, 162.5, 162.3, 162.6, 162.6, 162.5, 162.5, 162.5, 162.6, 161.2, 161.8, 161.9, 162.5, 162.5, 161.8, 161.2, 161.9, 162.3, 162.5, 162.5, 162.5, 162.5, 162.5, 162.5, 162.5, 162.5, 161.8, 163.1, 163.0, 161.9, 161.7, 163.1, 162.3, 162.5, 162.5, 161.9, 161.8, 161.3, 161.8, 161.9, 163.1, 163.0, 162.5, 161.7, 162.5, 161.8, 161.7, 161.8, 161.8, 162.5, 162.5, 161.8, 161.8, 162.5, 161.8, 164.2, 162.9, 162.3, 161.9, 161.9, 161.8, 161.8, 161.6, 161.6, 161.6, 161.7, 160.6, 161.1, 160.9, 160.9, 160.9, 161.2, 160.4, 160.4, 160.9, 161.2, 161.1, 161.2, 161.1, 161.2, 161.7, 161.2, 161.7, 161.1, 161.7, 161.7, 161.1, 162.5, 161.1, 161.7, 161.2, 161.7, 161.3, 161.7, 162.3, 162.2, 162.5, 161.8, 161.1, 161.2, 161.6, 161.2, 161.1, 161.7, 161.1, 161.1, 161.1, 161.8, 161.2, 160.9, 161.1, 161.1, 161.2, 161.1, 161.2, 161.1, 160.9, 161.8, 161.1, 161.2, 161.2, 161.1, 161.2, 161.2, 161.2, 161.1, 161.1, 160.9, 161.7, 160.8, 161.3, 162.1, 162.1, 161.6, 162.2, 162.3, 161.6, 162.2, 162.8, 162.1, 160.4, 162.1, 162.0, 162.2, 162.0, 161.3, 161.7, 162.3, 162.4, 162.3, 161.9, 161.9, 161.9, 162.0, 162.0, 162.0, 162.0, 161.9, 161.2, 161.2, 161.9, 161.9, 161.9, 161.9, 162.4, 162.5, 161.9, 161.2, 161.7, 162.5, 161.7, 161.7, 162.4, 161.7, 161.6, 161.6, 161.6, 160.9, 162.3, 160.6, 161.2, 160.6, 161.3, 161.3, 160.8, 160.9, 160.6, 160.6, 159.8, 159.9, 159.8, 159.9, 159.1, 159.2, 159.6, 158.9, 158.9, 159.6, 160.3, 158.9, 159.8, 159.8, 159.8, 160.3, 158.9, 158.9, 159.1, 158.9, 158.0, 158.0, 157.8, 158.5, 158.7, 158.0, 158.7, 158.7, 159.9, 159.8, 159.9, 159.9, 161.0, 159.8, 160.3, 158.9, 159.9, 159.6, 159.6, 159.4, 158.7, 158.5, 158.9, 159.4, 158.7, 158.0, 158.7, 158.0, 157.3, 157.6, 157.6, 156.9, 157.6, 156.2, 156.0, 156.2, 156.0, 156.7, 156.7, 156.2, 155.5, 156.2, 156.2, 156.0, 156.0, 156.0, 154.8, 156.0, 154.6, 156.2, 154.8, 154.6, 154.6, 155.3, 155.3, 156.2, 156.2, 156.7, 156.2, 156.9, 156.0, 156.0, 156.2, 155.5, 157.1, 155.5, 155.5, 156.2, 156.9, 155.3, 156.0, 156.2, 155.5, 156.2, 156.7, 155.3, 156.2, 156.9, 156.9, 156.0, 155.3, 154.8, 154.8, 154.8, 154.8, 154.8, 154.8, 154.1, 154.1, 154.1, 154.1, 154.8, 154.3, 154.1, 154.1, 154.1, 154.3, 155.0, 154.6, 153.9, 154.1, 153.9, 154.1, 154.8, 154.1, 153.4, 153.4, 153.6, 154.1, 154.3, 153.9, 153.4, 153.4, 153.4, 154.1, 154.1, 153.9, 154.1, 155.0, 153.4, 154.6, 153.4, 153.9, 154.6, 153.6, 154.1, 153.6, 154.3, 153.6, 153.4, 153.2, 154.1, 153.9, 154.6, 155.0, 153.6, 153.4, 153.9, 153.4, 153.6, 153.9, 154.3, 154.8, 153.4, 153.9, 153.2, 153.9, 154.1, 154.8, 153.4, 154.1, 153.4, 153.2, 153.4, 154.1, 153.9, 153.9, 153.4, 154.1, 153.9, 153.4, 154.6, 153.6, 154.1, 154.1, 153.9, 153.4, 153.4, 153.9, 154.1, 154.1, 153.4, 153.9, 153.9, 154.1, 154.1, 154.1, 154.3, 154.1, 153.4, 154.1, 154.6, 153.2, 154.1, 154.1, 153.9, 153.9, 153.4, 153.9, 153.9, 153.9, 153.6, 153.6, 152.7, 154.1, 153.2, 153.9, 153.4, 153.9, 154.1, 153.4, 154.6, 153.4, 154.1, 153.4, 153.9, 153.9, 153.2, 153.9, 153.9, 153.6, 154.6, 153.4, 153.9, 154.1, 154.8, 154.3, 154.1, 153.4, 153.9, 154.1, 154.1, 153.9, 153.4, 154.3, 154.3, 153.2, 153.4, 153.9, 154.6, 154.8, 154.1, 153.9, 154.1, 153.9, 153.9, 153.6, 153.9, 153.9, 153.6, 154.1, 153.9, 154.1, 154.8, 153.9, 153.2, 154.6, 153.6, 153.9, 153.9, 153.2, 154.6, 153.2, 154.6, 154.6, 153.9, 153.6, 154.8, 154.6, 154.1, 154.6, 154.3, 153.9, 154.6, 153.9, 153.6, 153.9, 154.8, 153.9, 153.2, 153.6, 154.1, 154.6, 154.8, 154.1, 155.0, 154.3, 154.8, 154.8, 155.7, 155.5, 155.7, 156.2, 156.0, 155.3, 155.3, 156.0, 156.2, 156.4, 157.1, 156.2, 156.0, 156.2, 156.2, 155.3, 156.2, 156.2, 156.4, 156.2, 156.2, 156.2, 156.4, 156.9, 156.9, 156.9, 156.9, 157.1, 156.9, 157.1, 157.6, 157.1, 156.4, 157.3, 157.1, 157.8, 157.1, 157.1, 157.1, 156.9, 157.1, 157.3, 157.8]"
9,"[164.9, 166.1, 165.4, 163.0, 164.1, 165.2, 163.4, 163.3, 163.4, 164.1, 164.7, 164.7, 164.7, 164.7, 164.2, 164.7, 164.7, 164.2, 164.1, 163.5, 164.7, 163.4, 163.3, 163.5, 162.8, 164.1, 163.9, 164.1, 163.3, 163.5, 163.4, 162.9, 162.8, 164.0, 164.1, 164.2, 164.0, 164.1, 164.6, 164.1, 164.6, 164.8, 164.6, 164.0, 165.4, 163.9, 163.4, 164.1, 164.1, 164.7, 164.7, 163.3, 164.6, 164.0, 164.7, 164.3, 164.1, 164.7, 163.4, 163.5, 164.1, 164.3, 163.4, 164.5, 165.4, 164.1, 163.4, 164.1, 162.9, 163.4, 163.5, 163.5, 163.6, 162.9, 163.5, 163.5, 164.6, 164.1, 163.4, 164.2, 164.2, 164.2, 164.7, 164.8, 164.2, 165.5, 164.7, 164.7, 164.7, 165.4, 164.7, 165.4, 165.5, 164.7, 164.2, 164.7, 165.4, 164.7, 164.7, 164.6, 164.7, 164.8, 165.3, 164.1, 164.1, 164.8, 165.4, 164.1, 163.3, 164.1, 164.1, 164.0, 164.1, 164.3, 164.1, 164.2, 163.5, 164.2, 164.2, 164.1, 164.2, 164.1, 164.3, 163.5, 166.1, 165.5, 164.1, 164.9, 163.6, 163.1, 162.5, 161.3, 161.8, 160.7, 160.7, 159.8, 160.7, 160.6, 160.7, 162.5, 161.3, 161.3, 161.9, 161.9, 160.6, 161.9, 162.5, 161.5, 162.7, 162.6, 162.6, 161.9, 161.9, 161.5, 160.8, 161.0, 160.8, 160.7, 160.0, 160.7, 160.0, 160.7, 159.8, 160.7, 160.7, 160.0, 160.6, 160.7, 160.6, 160.2, 160.8, 161.3, 160.7, 160.6, 161.2, 160.7, 161.1, 160.7, 161.8, 161.8, 161.2, 161.7, 161.7, 161.3, 161.5, 162.5, 162.3, 161.7, 162.2, 162.8, 162.3, 162.3, 162.2, 161.1, 162.3, 162.3, 162.3, 162.2, 162.2, 162.2, 163.0, 162.9, 162.2, 162.3, 162.3, 162.3, 162.2, 162.2, 162.2, 162.2, 162.8, 162.1, 163.3, 163.3, 162.6, 162.6, 162.8, 162.6, 162.6, 162.9, 162.1, 163.3, 163.3, 162.8, 162.8, 162.1, 163.3, 162.8, 163.3, 162.0, 163.2, 162.0, 161.9, 162.5, 162.3, 162.3, 162.0, 160.6, 160.6, 160.6, 161.3, 160.6, 161.6, 160.8, 161.5, 160.6, 160.6, 161.3, 159.9, 160.6, 160.5, 160.1, 159.1, 159.2, 158.9, 158.9, 159.6, 158.9, 159.2, 160.3, 159.2, 159.9, 159.2, 160.3, 159.6, 158.9, 158.7, 158.0, 157.8, 158.0, 158.9, 158.0, 158.7, 158.9, 158.7, 158.7, 158.9, 158.7, 158.0, 158.7, 158.9, 158.9, 158.9, 158.2, 158.9, 158.2, 158.0, 158.0, 158.2, 158.0, 156.6, 157.3, 158.7, 158.0, 158.0, 158.2, 156.6, 157.3, 156.4, 157.3, 158.0, 157.8, 158.0, 156.6, 157.3, 157.1, 157.3, 157.1, 156.6, 156.6, 156.4, 156.6, 156.4, 156.6, 157.3, 156.4, 156.4, 155.9, 156.2, 157.3, 158.0, 156.4, 156.6, 156.4, 155.7, 155.5, 156.2, 156.9, 156.2, 156.2, 156.9, 155.7, 155.7, 156.4, 155.7, 155.7, 155.5, 156.4, 156.4, 155.5, 156.9, 156.2, 155.0, 155.0, 154.8, 154.8, 155.7, 155.5, 154.8, 154.8, 155.0, 154.3, 154.8, 154.1, 154.3, 154.8, 155.0, 154.1, 155.5, 154.8, 153.9, 153.4, 154.8, 154.1, 154.6, 154.8, 154.6, 154.1, 154.8, 155.5, 153.9, 154.8, 154.1, 154.8, 155.5, 154.8, 155.0, 154.1, 154.1, 154.8, 154.8, 154.1, 154.1, 154.8, 154.6, 154.8, 155.5, 154.8, 154.8, 154.8, 154.8, 154.8, 154.1, 154.8, 153.9, 154.3, 154.8, 154.1, 154.1, 153.9, 154.1, 153.9, 154.3, 154.8, 154.1, 155.0, 154.1, 154.6, 154.8, 154.6, 154.1, 154.8, 155.5, 154.1, 154.8, 155.0, 154.8, 154.6, 154.6, 154.8, 154.1, 154.8, 153.9, 154.1, 153.9, 154.1, 154.1, 154.3, 154.3, 155.3, 154.8, 154.8, 154.8, 154.8, 154.8, 154.1, 154.8, 153.9, 153.9, 153.9, 153.9, 154.1, 154.1, 154.1, 154.8, 153.9, 154.6, 154.6, 154.6, 154.8, 154.8, 153.9, 154.8, 154.8, 155.0, 154.3, 154.8, 154.3, 153.9, 154.6, 154.1, 153.9, 154.6, 154.1, 154.1, 153.9, 154.1, 154.8, 154.1, 154.1, 153.9, 154.3, 153.9, 153.2, 154.1, 153.4, 153.9, 154.8, 154.8, 154.1, 154.1, 153.9, 154.1, 154.1, 153.9, 153.9, 154.1, 154.1, 154.1, 154.1, 154.1, 154.1, 154.3, 154.1, 154.6, 155.5, 154.1, 153.9, 154.6, 154.1, 154.8, 154.6, 153.9, 154.8, 153.9, 154.6, 154.3, 154.6, 153.9, 154.6, 154.3, 153.2, 153.2, 153.9, 153.9, 154.6, 154.6, 155.0, 153.6, 155.3, 154.1, 154.6, 153.2, 153.6, 153.9, 154.6, 153.9, 154.6, 153.9, 154.1, 154.1, 154.3, 154.1, 154.1, 154.1, 153.9, 153.6, 154.3, 154.6, 153.2, 153.6, 154.3, 154.6, 154.8, 154.8, 154.6, 155.5, 154.6, 154.1, 154.6, 153.4, 153.2, 153.6, 153.9, 153.6, 155.0, 153.6, 153.9, 154.6, 154.8, 154.8, 154.1, 153.9, 153.9, 154.1, 155.0, 153.6, 154.6, 153.9, 153.9, 153.9, 153.9, 153.6, 153.6, 153.6, 153.2, 153.9, 154.6, 154.1, 154.8, 154.1, 154.8, 154.3, 154.1, 153.9, 154.1, 153.9, 153.9, 154.6, 153.2, 153.6, 155.3, 153.9, 154.6, 153.4, 154.1, 154.6, 154.8, 153.6, 153.6]"
9,"[163.5, 160.6, 158.4, 165.1, 159.8, 159.7, 160.8, 161.1, 162.9, 163.4, 163.0, 162.9, 163.0, 163.5, 163.0, 163.5, 163.4, 163.5, 163.4, 163.5, 163.0, 163.1, 163.4, 163.5, 163.0, 163.0, 163.0, 163.5, 163.6, 163.5, 163.0, 162.9, 162.9, 163.5, 163.5, 163.0, 164.2, 163.5, 163.6, 163.5, 163.7, 163.0, 162.9, 162.9, 163.0, 163.1, 163.5, 163.6, 163.6, 163.0, 163.6, 163.6, 163.1, 163.6, 163.0, 164.3, 163.1, 163.7, 162.9, 164.4, 163.6, 163.7, 163.7, 163.7, 163.7, 163.6, 163.7, 163.5, 163.5, 163.0, 163.7, 163.7, 163.7, 163.7, 163.0, 163.7, 163.6, 163.6, 163.7, 163.7, 163.5, 163.0, 163.1, 163.0, 162.9, 163.6, 163.0, 163.5, 164.2, 163.5, 163.6, 162.3, 163.0, 163.2, 162.3, 163.0, 163.6, 163.7, 162.9, 163.5, 163.0, 162.5, 161.1, 161.1, 162.9, 160.9, 162.2, 160.9, 162.3, 161.5, 162.9, 162.2, 162.2, 161.5, 161.1, 161.6, 160.3, 160.3, 159.7, 161.7, 160.8, 160.8, 159.5, 159.4, 162.2, 162.2, 161.6, 158.9, 158.9, 158.7, 159.4, 158.6, 158.1, 158.7, 159.1, 157.9, 157.9, 158.7, 158.7, 158.3, 158.7, 158.6, 159.7, 159.5, 159.7, 159.7, 159.8, 159.5, 160.9, 160.4, 159.7, 160.0, 160.9, 161.1, 161.7, 161.6, 161.6, 161.6, 160.8, 161.2, 161.2, 161.3, 160.7, 160.5, 161.2, 160.7, 160.0, 160.7, 161.2, 160.4, 160.4, 160.2, 159.7, 160.4, 160.2, 159.6, 160.2, 159.9, 159.7, 158.9, 160.4, 159.6, 159.4, 159.4, 159.4, 159.4, 159.4, 159.2, 160.1, 160.1, 159.9, 160.6, 160.5, 160.5, 160.5, 161.9, 160.3, 158.9, 159.6, 158.7, 159.9, 159.2, 159.9, 159.9, 159.8, 160.6, 159.9, 159.9, 159.2, 159.2, 159.8, 159.1, 159.1, 159.6, 159.6, 159.4, 157.8, 158.7, 158.7, 158.5, 157.3, 158.0, 158.0, 159.4, 158.9, 159.8, 159.1, 160.5, 159.6, 158.7, 158.7, 158.5, 158.7, 158.7, 157.8, 157.8, 156.9, 157.6, 157.1, 157.8, 157.8, 158.4, 158.4, 157.6, 157.4, 158.4, 158.2, 156.7, 156.7, 157.6, 157.1, 157.8, 158.5, 157.6, 158.4, 157.8, 156.9, 157.8, 157.1, 157.4, 157.1, 158.4, 158.4, 157.6, 157.1, 157.4, 157.8, 157.4, 157.4, 157.4, 157.1, 157.8, 157.8, 158.2, 157.6, 157.4, 157.6, 157.4, 156.0, 156.9, 157.4, 158.4, 157.6, 157.4, 156.9, 156.2, 156.0, 156.2, 156.9, 156.7, 156.0, 157.4, 156.7, 156.2, 156.9, 156.7, 156.2, 155.5, 155.5, 155.5, 156.2, 155.5, 156.2, 155.5, 156.2, 154.8, 155.5, 155.5, 156.2, 155.5, 155.7, 156.2, 155.5, 154.6, 155.0, 154.8, 154.1, 154.8, 155.5, 154.8, 154.8, 155.0, 155.5, 156.2, 155.5, 155.7, 154.8, 155.5, 155.0, 154.8, 154.8, 155.0, 155.7, 155.0, 154.8, 155.0, 154.3, 155.5, 155.0, 154.1, 155.0, 155.0, 155.5, 155.0, 154.6, 154.8, 155.0, 155.0, 155.0, 154.1, 155.7, 155.0, 154.1, 154.8, 154.6, 154.3, 154.8, 154.3, 155.5, 154.8, 155.5, 154.6, 154.8, 154.8, 154.8, 155.0, 155.5, 154.8, 154.1, 154.8, 155.0, 154.1, 154.3, 155.5, 155.5, 154.8, 155.5, 154.8, 154.8, 155.0, 154.1, 155.0, 155.0, 154.8, 154.3, 154.8, 154.8, 155.0, 154.3, 154.8, 155.0, 154.1, 154.1, 155.0, 155.0, 155.0, 154.8, 154.8, 155.0, 155.0, 155.0, 155.5, 155.7, 156.9, 156.2, 155.3, 156.0, 156.7, 156.2, 157.4, 156.2, 156.2, 155.5, 155.5, 155.5, 154.8, 155.5, 155.7, 157.6, 156.0, 156.9, 156.0, 156.2, 154.1, 154.3, 155.3, 155.5, 156.0, 156.2, 156.2, 156.0, 157.4, 156.7, 156.2, 157.6, 157.6, 157.8, 157.6, 158.4, 157.6, 157.6, 157.6, 157.4, 157.6, 156.9, 156.0, 156.9, 157.6, 156.9, 157.6, 156.9, 156.2, 156.9, 157.6, 157.1, 156.2, 157.8, 157.6, 158.4, 157.8, 157.6, 156.9, 157.6, 157.8, 157.8, 157.8, 157.6, 156.9, 157.6, 157.6, 157.8, 157.6, 156.9, 157.6, 158.4, 157.8, 157.8, 157.8, 156.9, 156.9, 157.6, 157.8, 157.1, 157.8, 157.6, 157.1, 158.4, 157.1, 157.1, 156.9, 157.1, 156.9, 157.1, 156.9, 157.6, 157.6, 157.6, 157.6, 157.8, 157.1, 157.6, 157.1, 156.9, 156.9, 157.8, 157.1, 158.5, 158.5, 158.5, 158.9, 158.5, 158.9, 158.7, 158.9, 158.5, 157.8, 158.9, 158.7, 157.5, 158.7, 158.7, 158.7, 160.0, 158.7, 159.2, 159.1, 158.4, 159.1, 158.4, 159.1, 158.6, 159.4, 159.2, 159.1, 159.2, 160.5, 158.7, 159.2, 159.6, 159.6, 159.9, 159.6, 159.2, 159.6, 159.8, 160.6, 160.6, 160.6, 160.2, 160.8, 160.8, 160.9, 160.8, 160.6, 160.8, 160.8, 160.6, 160.8, 160.8, 160.8, 161.5, 160.9, 162.3, 161.6, 162.3, 160.8, 160.9, 161.0, 161.7, 160.2, 161.6, 160.9, 162.3, 161.6, 161.6, 160.8, 162.4, 160.9, 161.7, 161.6, 161.6, 160.9, 160.9, 160.9, 161.6, 160.9, 161.0, 161.6, 161.6, 160.9, 161.7, 161.7, 161.6, 161.0, 160.4, 160.9, 161.6, 161.0, 161.0, 160.9]"
9,"[163.5, 163.5, 164.7, 162.1, 164.2, 161.6, 160.9, 163.1, 164.8, 164.1, 163.7, 165.3, 163.6, 163.5, 162.9, 162.9, 163.0, 162.9, 162.9, 162.9, 163.6, 163.6, 163.4, 163.0, 163.5, 163.5, 163.5, 162.2, 163.3, 163.5, 163.5, 163.5, 163.5, 162.9, 163.5, 164.2, 163.0, 163.6, 162.9, 162.8, 163.5, 163.5, 163.5, 163.6, 166.1, 165.5, 162.9, 162.9, 164.2, 163.6, 163.5, 164.2, 163.1, 164.2, 163.0, 164.8, 162.9, 163.1, 162.9, 164.8, 164.2, 162.8, 164.1, 163.3, 160.9, 161.2, 162.8, 162.8, 161.3, 162.3, 163.4, 162.8, 162.0, 162.6, 162.2, 162.1, 161.6, 162.1, 163.2, 162.5, 162.5, 163.3, 164.6, 162.8, 161.3, 159.7, 161.3, 160.7, 162.1, 161.3, 161.5, 162.9, 163.3, 162.6, 162.5, 162.5, 162.1, 161.3, 161.6, 162.2, 162.1, 162.2, 162.5, 162.9, 163.3, 164.8, 163.4, 164.7, 164.8, 164.8, 165.5, 165.5, 165.4, 165.4, 165.4, 164.8, 164.8, 164.2, 164.9, 165.5, 166.1, 167.3, 166.6, 166.0, 167.4, 167.4, 164.8, 164.2, 164.2, 162.9, 162.1, 162.2, 162.9, 161.3, 161.3, 160.1, 160.7, 160.0, 160.6, 159.3, 159.8, 159.8, 160.4, 161.1, 161.1, 161.2, 162.6, 163.1, 161.7, 160.6, 161.1, 160.0, 161.2, 160.9, 160.6, 160.7, 161.2, 159.7, 160.9, 161.1, 161.8, 161.2, 161.2, 160.6, 161.1, 161.2, 160.4, 160.3, 161.1, 161.2, 160.1, 160.7, 160.6, 161.9, 160.1, 160.7, 160.8, 159.3, 159.5, 160.1, 161.2, 159.3, 158.7, 159.3, 158.6, 160.0, 159.0, 159.0, 158.9, 158.9, 158.9, 158.1, 158.1, 158.7, 158.6, 158.9, 159.3, 159.3, 159.3, 159.2, 160.4, 159.5, 159.5, 158.7, 160.0, 160.0, 159.8, 160.6, 160.7, 160.6, 160.9, 159.2, 160.0, 160.4, 160.4, 160.4, 160.4, 160.0, 160.4, 161.1, 160.6, 160.9, 160.9, 160.7, 160.9, 161.3, 161.0, 161.5, 160.4, 160.9, 160.4, 160.9, 160.2, 160.9, 160.4, 160.5, 160.4, 160.8, 160.1, 160.2, 160.2, 160.1, 160.2, 160.2, 160.9, 160.2, 160.2, 160.1, 160.6, 160.5, 160.2, 159.6, 159.4, 160.3, 161.6, 161.5, 162.0, 161.3, 161.3, 161.3, 160.5, 160.5, 160.6, 160.5, 159.8, 160.6, 160.6, 160.3, 159.6, 159.2, 160.5, 161.2, 160.6, 159.8, 160.1, 159.6, 159.6, 159.8, 159.6, 159.2, 159.6, 159.8, 159.6, 160.6, 159.9, 160.6, 161.3, 160.1, 159.9, 160.6, 159.9, 159.9, 159.8, 159.9, 160.3, 160.3, 159.8, 159.8, 160.5, 157.5, 158.5, 157.6, 157.6, 159.4, 159.4, 159.6, 158.9, 159.4, 159.6, 159.4, 158.9, 158.7, 159.6, 158.7, 158.9, 158.2, 158.7, 159.4, 159.4, 158.9, 159.1, 158.9, 159.6, 159.6, 159.2, 159.9, 159.8, 160.5, 159.6, 160.5, 159.8, 159.6, 159.9, 160.5, 159.8, 159.6, 159.6, 159.9, 159.9, 159.8, 160.6, 159.8, 160.3, 160.6, 159.2, 161.3, 159.9, 160.6, 161.7, 161.6, 160.6, 161.3, 160.6, 161.3, 161.2, 161.5, 160.6, 161.3, 160.8, 161.5, 160.6, 161.3, 161.5, 162.1, 162.1, 161.5, 161.5, 161.6, 161.3, 161.3, 160.5, 161.2, 161.2, 161.2, 160.8, 159.9, 160.5, 160.6, 160.6, 160.6, 161.2, 161.3, 161.3, 161.0, 160.5, 160.5, 160.5, 159.8, 160.5, 159.2, 160.3, 160.6, 160.6, 160.5, 160.5, 160.5, 160.6, 160.2, 161.2, 161.2, 160.3, 160.6, 162.0, 161.3, 161.2, 161.2, 161.3, 160.6, 160.6, 161.0, 161.0, 161.0, 161.0, 161.2, 161.3, 160.8, 161.3, 161.3, 160.6, 161.3, 160.6, 160.6, 161.3, 161.2, 161.5, 161.3, 162.0, 161.3, 161.2, 161.3, 162.1, 161.3, 162.0, 161.3, 162.1, 160.8, 160.8, 160.6, 161.3, 160.6, 161.3, 161.5, 161.3, 161.3, 162.1, 161.3, 161.3, 162.1, 161.3, 161.5, 161.2, 160.9, 161.5, 162.3, 161.5, 161.6, 161.6, 162.3, 162.8, 162.1, 161.3, 160.8, 161.3, 160.8, 161.3, 162.0, 161.5, 161.3, 160.8, 161.2, 161.5, 162.1, 161.3, 161.3, 161.5, 160.5, 161.3, 161.2, 160.5, 159.9, 161.2, 159.8, 161.5, 160.8, 161.5, 161.3, 162.0, 162.0, 161.3, 161.3, 161.3, 161.5, 161.2, 161.5, 160.6, 161.3, 160.8, 159.9, 160.6, 160.6, 160.6, 160.6, 159.2, 159.9, 159.9, 159.8, 159.9, 159.9, 160.6, 160.5, 160.6, 160.6, 160.6, 159.8, 159.9, 159.9, 159.2, 159.9, 159.9, 159.6, 159.9, 160.6, 159.9, 159.1, 159.2, 159.2, 159.2, 159.2, 159.2, 159.2, 159.9, 159.1, 159.2, 159.2, 159.6, 158.9, 159.9, 159.2, 160.2, 160.3, 158.9, 159.6, 159.9, 159.6, 160.3, 159.6, 158.9, 158.9, 158.9, 158.9, 158.9, 158.2, 158.2, 158.2, 158.2, 157.3, 158.0, 158.0, 158.2, 158.0, 158.7, 158.9, 159.3, 158.9, 158.2, 158.0, 158.2, 157.8, 157.1, 157.8, 157.8, 158.0, 157.8, 157.8, 157.8, 158.0, 158.0, 158.9, 157.1, 158.0, 157.8, 157.8, 157.8, 157.8, 157.6, 158.0, 156.9, 157.1, 157.6, 157.1, 156.9, 157.1, 157.8, 158.5, 157.1, 157.1, 157.1, 157.1, 156.9, 156.9]"
9,"[164.6, 163.9, 164.6, 164.0, 160.4, 158.9, 160.2, 161.6, 162.2, 164.2, 163.0, 163.1, 163.0, 163.0, 163.6, 164.4, 163.0, 162.5, 162.6, 163.0, 164.3, 163.0, 163.5, 163.0, 162.3, 163.5, 163.0, 162.3, 163.5, 163.0, 163.6, 163.6, 163.5, 163.0, 163.5, 163.7, 163.6, 163.7, 163.5, 162.3, 163.1, 161.6, 162.2, 163.5, 162.2, 162.2, 163.0, 163.1, 162.9, 162.9, 163.0, 163.6, 162.9, 162.9, 163.5, 163.1, 163.0, 163.0, 162.9, 162.9, 162.5, 162.2, 162.3, 163.5, 163.5, 163.5, 162.9, 163.6, 163.7, 164.3, 164.2, 162.9, 163.6, 163.5, 163.0, 162.9, 162.9, 162.9, 163.6, 163.0, 162.9, 162.9, 162.9, 163.1, 162.8, 163.6, 162.8, 162.9, 163.6, 163.6, 163.5, 163.5, 163.5, 162.8, 162.3, 162.9, 163.0, 163.6, 163.6, 163.6, 163.6, 163.6, 163.5, 164.2, 163.5, 163.6, 164.7, 163.6, 164.1, 163.5, 163.0, 162.9, 163.5, 163.4, 163.4, 163.5, 163.5, 163.5, 163.5, 163.4, 162.9, 162.9, 163.5, 163.5, 165.6, 163.6, 162.6, 162.2, 162.9, 162.2, 160.9, 161.1, 160.3, 160.4, 161.1, 161.6, 160.8, 161.6, 161.6, 161.5, 161.5, 161.7, 161.1, 160.8, 161.6, 160.3, 161.5, 161.5, 160.9, 160.8, 162.0, 161.1, 161.5, 160.9, 160.4, 160.3, 160.9, 160.2, 161.5, 161.6, 161.5, 161.3, 162.1, 162.1, 160.9, 161.5, 161.5, 160.8, 160.8, 161.5, 160.8, 160.9, 160.2, 161.6, 160.2, 160.7, 160.7, 161.3, 160.8, 161.5, 161.6, 160.9, 161.5, 161.3, 160.9, 160.3, 160.8, 160.7, 161.5, 161.5, 161.3, 161.3, 160.7, 161.2, 160.5, 161.0, 161.2, 161.0, 161.2, 160.9, 160.9, 161.0, 160.4, 160.9, 161.6, 162.1, 161.9, 162.6, 162.0, 161.9, 161.3, 161.5, 161.3, 161.3, 161.5, 161.5, 160.8, 161.5, 161.5, 161.6, 161.5, 161.5, 160.6, 162.1, 162.1, 161.5, 162.8, 161.9, 161.2, 162.6, 161.9, 161.2, 159.6, 159.8, 158.9, 160.3, 159.8, 160.5, 160.6, 161.2, 159.9, 159.8, 159.1, 159.9, 159.8, 159.6, 159.9, 159.8, 159.9, 159.8, 159.8, 159.8, 159.8, 159.8, 159.8, 160.3, 160.5, 160.6, 159.8, 159.9, 160.6, 160.5, 159.2, 159.8, 159.6, 159.1, 159.2, 159.9, 158.9, 159.2, 158.9, 159.4, 159.6, 158.7, 159.1, 158.7, 158.9, 158.0, 157.6, 158.5, 156.9, 156.9, 157.8, 157.8, 158.0, 157.1, 157.8, 158.0, 158.5, 158.0, 158.7, 158.0, 156.8, 158.7, 158.7, 158.9, 158.9, 158.2, 158.9, 158.9, 160.3, 158.9, 158.9, 158.6, 159.6, 158.9, 158.9, 158.9, 159.8, 159.6, 158.9, 159.6, 159.6, 158.9, 159.6, 159.4, 159.2, 159.2, 159.8, 159.6, 159.6, 159.6, 159.6, 158.6, 159.2, 159.6, 159.2, 159.2, 158.6, 159.2, 159.1, 159.2, 158.4, 159.2, 158.4, 159.8, 159.2, 158.6, 159.2, 158.6, 158.6, 158.6, 159.2, 158.7, 159.8, 160.1, 159.2, 159.1, 159.2, 158.7, 159.2, 159.8, 159.9, 159.2, 159.2, 159.9, 159.9, 159.8, 159.2, 159.9, 160.6, 159.6, 159.8, 160.5, 160.1, 159.9, 160.8, 160.6, 158.9, 159.2, 160.1, 159.9, 160.1, 159.9, 159.9, 160.5, 160.8, 160.5, 160.5, 159.9, 161.0, 160.6, 160.5, 160.5, 159.9, 159.9, 159.9, 159.1, 159.4, 159.1, 159.6, 159.6, 159.2, 159.6, 159.6, 159.6, 159.2, 159.1, 159.2, 158.6, 158.6, 159.1, 159.2, 159.9, 159.9, 159.2, 159.9, 159.4, 159.9, 159.9, 159.8, 158.6, 160.1, 160.1, 160.6, 160.5, 160.6, 160.6, 160.6, 160.1, 160.1, 159.9, 159.4, 159.8, 159.8, 159.9, 160.6, 159.9, 158.6, 160.5, 159.2, 159.1, 159.9, 159.2, 159.1, 159.2, 158.7, 159.2, 159.2, 159.4, 159.9, 159.2, 159.9, 159.6, 159.9, 159.2, 160.6, 159.9, 159.1, 159.4, 159.9, 159.8, 160.1, 158.7, 159.9, 159.4, 159.2, 159.9, 160.6, 159.8, 159.1, 159.9, 159.2, 159.4, 159.4, 159.4, 159.4, 159.4, 159.2, 159.2, 159.2, 159.9, 159.9, 159.4, 159.2, 158.6, 159.2, 158.2, 158.6, 157.9, 159.2, 158.9, 159.1, 158.9, 158.7, 159.4, 159.2, 159.2, 159.2, 158.1, 159.4, 158.6, 159.2, 159.4, 158.6, 159.2, 159.1, 158.9, 159.1, 158.6, 159.2, 159.6, 159.2, 158.6, 160.1, 159.2, 159.2, 159.2, 159.4, 158.6, 158.1, 158.6, 158.6, 158.2, 158.6, 158.1, 158.2, 157.9, 159.2, 158.2, 157.9, 159.2, 158.6, 158.6, 158.6, 159.2, 159.2, 159.2, 159.2, 159.2, 158.6, 158.6, 158.2, 158.6, 158.2, 158.2, 158.7, 158.0, 158.2, 158.2, 158.2, 158.2, 158.2, 157.5, 157.1, 158.0, 157.1, 157.3, 157.3, 157.3, 157.3, 157.5, 157.3, 157.3, 156.8, 157.5, 158.0, 157.3, 157.1, 157.5, 158.2, 159.2, 158.2, 158.6, 158.6, 158.6, 158.6, 157.9, 158.6, 159.9, 158.6, 159.2, 159.2, 158.6, 158.1, 158.6, 159.2, 159.2, 159.2, 158.6, 159.2, 159.1, 159.2, 159.2, 158.9, 158.6, 159.6, 158.6, 158.9, 158.0, 157.1, 156.6, 157.3, 156.6, 158.7, 157.3, 157.1, 157.3, 157.1, 157.1]"
9,"[160.9, 162.5, 164.1, 163.9, 163.5, 160.3, 161.1, 161.6, 161.6, 163.0, 163.0, 163.0, 163.5, 162.5, 163.5, 162.5, 161.2, 162.3, 163.6, 164.2, 163.0, 163.0, 164.8, 163.6, 163.0, 162.2, 162.9, 161.6, 163.6, 163.1, 162.2, 162.3, 164.1, 161.7, 161.6, 161.8, 161.7, 162.9, 163.0, 161.7, 161.8, 161.7, 162.5, 163.1, 163.0, 163.5, 163.0, 163.0, 162.3, 162.2, 162.2, 163.5, 162.9, 163.5, 163.0, 163.6, 163.0, 163.6, 165.4, 163.6, 163.0, 163.0, 162.9, 163.0, 163.5, 163.6, 161.7, 163.6, 163.5, 162.3, 162.3, 162.9, 162.9, 162.9, 163.0, 162.3, 163.5, 163.1, 162.3, 163.7, 163.0, 163.6, 163.0, 163.6, 162.9, 162.3, 163.0, 162.9, 163.5, 163.6, 163.4, 163.0, 162.9, 163.0, 162.5, 162.3, 162.6, 163.0, 163.1, 162.5, 161.8, 162.2, 163.5, 162.9, 163.4, 163.5, 162.9, 164.7, 162.9, 163.5, 163.6, 163.5, 163.4, 163.0, 163.5, 163.4, 163.5, 164.2, 163.6, 163.5, 163.6, 162.8, 162.3, 163.5, 164.2, 163.0, 161.9, 162.3, 161.7, 161.6, 161.7, 161.6, 161.6, 161.1, 161.6, 161.5, 161.6, 161.6, 161.6, 161.6, 161.5, 161.7, 160.4, 160.9, 161.1, 161.5, 161.6, 160.9, 160.9, 161.2, 161.8, 161.7, 162.2, 161.6, 161.7, 161.6, 161.6, 161.6, 161.6, 162.1, 161.7, 161.6, 161.7, 162.2, 162.3, 161.6, 160.9, 161.5, 161.6, 161.6, 161.6, 161.1, 161.1, 161.6, 161.7, 161.6, 161.6, 161.5, 161.6, 161.7, 161.6, 161.7, 161.2, 161.1, 160.6, 161.7, 161.6, 161.5, 161.7, 161.7, 160.9, 161.7, 161.7, 160.9, 160.9, 161.3, 161.3, 160.9, 161.5, 162.1, 161.3, 160.8, 161.3, 161.5, 160.8, 161.5, 160.0, 160.9, 160.8, 160.2, 160.7, 161.5, 160.3, 160.8, 162.0, 160.9, 160.2, 160.2, 160.8, 160.9, 160.3, 160.7, 160.2, 160.7, 160.9, 160.0, 160.5, 161.3, 160.8, 160.0, 160.7, 160.3, 160.7, 160.8, 160.5, 161.3, 160.8, 160.5, 160.8, 160.5, 160.4, 161.7, 161.0, 161.0, 161.0, 161.0, 161.0, 160.9, 161.0, 160.9, 161.0, 161.0, 160.2, 160.9, 160.4, 161.5, 160.6, 160.9, 161.5, 161.5, 160.8, 161.5, 160.6, 160.5, 161.2, 160.6, 160.6, 160.6, 160.6, 160.2, 160.8, 159.6, 160.8, 161.0, 161.7, 161.0, 160.5, 160.5, 160.4, 161.0, 160.4, 161.3, 160.3, 158.9, 158.0, 159.4, 159.1, 159.6, 159.1, 159.8, 159.8, 159.8, 159.1, 158.9, 159.6, 159.9, 158.9, 160.5, 159.9, 159.6, 159.6, 159.2, 159.1, 159.6, 159.6, 159.6, 159.6, 157.3, 157.6, 157.4, 158.4, 157.8, 158.4, 159.3, 159.4, 158.5, 158.5, 158.5, 157.8, 157.1, 158.5, 157.1, 157.8, 157.8, 158.4, 156.9, 156.9, 158.2, 158.4, 158.4, 158.4, 156.9, 158.5, 157.6, 157.6, 156.9, 157.4, 157.6, 156.0, 156.2, 156.2, 156.9, 155.7, 156.4, 156.9, 156.4, 155.5, 156.2, 156.2, 156.2, 155.5, 156.9, 156.9, 156.0, 156.2, 156.0, 156.4, 156.4, 156.2, 155.0, 155.0, 155.5, 156.0, 156.4, 156.0, 156.2, 156.7, 156.2, 155.5, 156.4, 156.2, 156.7, 156.9, 156.7, 156.7, 156.7, 157.4, 156.9, 156.9, 157.6, 157.6, 157.6, 156.4, 156.9, 156.9, 157.6, 156.9, 156.2, 157.6, 156.9, 157.8, 156.9, 158.4, 158.5, 157.8, 158.5, 157.8, 157.8, 157.8, 158.0, 158.7, 158.2, 158.7, 158.7, 158.2, 159.6, 159.6, 159.6, 159.6, 159.6, 159.9, 159.6, 159.9, 159.1, 159.2, 159.1, 158.6, 158.6, 158.6, 159.9, 158.7, 159.2, 159.4, 160.3, 159.1, 159.9, 159.6, 159.9, 159.6, 159.4, 160.6, 160.6, 159.9, 160.1, 161.5, 160.2, 160.2, 160.1, 160.6, 161.3, 160.1, 160.8, 160.9, 160.2, 160.8, 160.9, 160.9, 161.7, 160.9, 161.6, 161.0, 160.9, 160.9, 160.9, 160.9, 161.0, 160.8, 160.2, 161.0, 161.0, 160.9, 161.7, 161.6, 161.6, 160.9, 161.0, 161.6, 161.2, 161.0, 161.0, 160.4, 160.5, 160.9, 160.9, 161.0, 161.3, 160.5, 160.4, 160.4, 160.4, 160.5, 161.7, 160.4, 161.0, 160.9, 160.4, 161.0, 161.2, 161.2, 160.7, 160.7, 161.3, 160.5, 160.7, 160.5, 160.8, 159.9, 160.8, 160.8, 160.8, 161.5, 160.7, 161.5, 161.3, 161.3, 160.2, 160.8, 160.8, 160.8, 160.8, 160.2, 161.5, 161.5, 160.9, 160.8, 161.7, 160.8, 161.5, 161.6, 160.9, 161.7, 160.9, 160.8, 160.9, 161.5, 160.9, 161.5, 161.7, 160.9, 161.1, 160.0, 161.7, 160.9, 161.5, 160.3, 161.6, 162.3, 161.7, 161.7, 161.6, 160.9, 162.2, 161.6, 161.6, 160.9, 161.7, 161.6, 161.7, 161.6, 161.5, 161.1, 161.7, 161.1, 160.9, 161.6, 161.7, 161.1, 160.9, 160.9, 161.8, 161.6, 161.6, 161.7, 162.2, 161.7, 161.7, 161.7, 162.1, 161.7, 162.2, 160.9, 161.2, 161.2, 162.1, 162.1, 162.1, 162.2, 161.7, 162.3, 162.2, 162.2, 161.6, 161.6, 162.1, 162.3, 162.2, 161.7, 162.3, 162.2, 162.2, 162.3, 162.5, 162.3, 162.3, 162.5, 162.9, 162.5, 162.3, 162.5, 162.3]"
9,"[166.1, 160.4, 162.5, 164.2, 164.8, 162.9, 162.3, 163.0, 164.3, 164.9, 164.3, 163.7, 164.4, 164.4, 164.9, 162.3, 163.7, 163.6, 163.0, 164.7, 162.5, 163.4, 164.2, 163.0, 161.6, 161.6, 161.6, 162.2, 163.4, 164.2, 164.1, 161.5, 162.8, 162.9, 160.9, 162.2, 162.2, 162.6, 160.8, 161.5, 160.8, 160.8, 160.8, 160.8, 160.8, 161.3, 162.8, 161.5, 160.8, 159.7, 161.5, 162.2, 162.1, 162.1, 162.8, 162.0, 162.8, 162.0, 162.1, 161.6, 161.6, 161.5, 162.0, 160.3, 162.2, 162.1, 162.1, 162.0, 162.6, 162.9, 163.4, 163.5, 162.9, 163.5, 162.3, 164.3, 164.2, 163.6, 164.3, 164.2, 164.7, 164.7, 164.8, 164.8, 166.1, 166.2, 166.1, 166.1, 165.5, 163.1, 163.6, 163.6, 164.8, 164.9, 164.3, 163.4, 165.3, 164.2, 164.1, 163.5, 163.5, 164.2, 164.3, 164.3, 165.4, 164.2, 163.5, 164.7, 166.1, 164.8, 164.8, 164.3, 164.9, 165.4, 164.3, 165.5, 165.4, 164.7, 164.8, 164.7, 164.7, 164.8, 164.8, 164.8, 164.7, 164.8, 164.9, 164.9, 164.3, 162.2, 161.6, 161.2, 161.2, 161.7, 161.3, 160.1, 159.8, 160.6, 161.8, 160.7, 163.1, 161.2, 161.2, 160.7, 160.6, 160.6, 161.2, 160.6, 162.5, 161.9, 161.9, 161.5, 162.6, 160.0, 160.6, 161.9, 161.6, 161.8, 160.0, 162.5, 161.2, 160.7, 159.5, 159.3, 160.8, 160.8, 161.8, 161.2, 160.0, 159.8, 161.3, 160.4, 160.0, 159.8, 159.5, 160.1, 160.0, 160.4, 159.3, 159.2, 160.4, 161.7, 161.1, 161.6, 162.2, 160.0, 160.4, 161.2, 160.4, 161.8, 161.2, 160.0, 161.6, 161.8, 160.7, 160.4, 161.2, 161.7, 160.6, 161.2, 160.6, 160.4, 160.0, 159.8, 160.3, 160.0, 160.4, 160.4, 161.8, 161.7, 162.3, 161.8, 161.7, 161.9, 162.9, 162.9, 161.8, 161.7, 161.2, 161.7, 162.2, 162.2, 162.5, 160.6, 162.5, 160.6, 161.8, 162.5, 161.8, 161.3, 161.8, 162.5, 161.7, 162.5, 161.9, 161.9, 161.7, 161.5, 162.1, 160.0, 160.9, 161.1, 161.7, 161.7, 161.8, 160.6, 162.6, 161.7, 162.3, 161.7, 161.6, 162.1, 161.6, 161.3, 160.9, 160.9, 160.9, 161.5, 161.5, 160.7, 160.8, 160.7, 160.7, 160.8, 160.2, 160.0, 160.2, 160.0, 160.4, 160.0, 159.9, 160.5, 159.9, 161.3, 160.9, 160.9, 160.9, 161.5, 160.8, 161.5, 161.1, 160.8, 160.9, 161.5, 160.8, 161.2, 161.2, 161.6, 161.6, 160.9, 160.4, 161.5, 160.9, 162.0, 161.5, 160.8, 161.5, 160.9, 160.9, 160.8, 161.1, 161.2, 161.1, 161.1, 161.6, 160.3, 161.1, 161.1, 160.9, 160.7, 160.7, 160.6, 161.2, 161.1, 160.9, 161.5, 160.9, 161.1, 160.6, 160.3, 160.9, 160.8, 161.6, 160.8, 161.6, 161.2, 161.1, 160.4, 161.1, 160.8, 160.4, 160.3, 161.8, 160.6, 161.1, 161.7, 160.2, 160.9, 160.9, 160.6, 160.9, 159.8, 161.6, 160.9, 160.7, 159.5, 160.4, 160.3, 159.7, 160.8, 160.8, 161.1, 159.8, 160.8, 160.7, 162.1, 161.7, 160.9, 160.2, 160.3, 160.0, 160.8, 160.9, 160.8, 160.0, 159.2, 160.0, 160.2, 159.5, 160.8, 160.7, 159.4, 159.7, 159.2, 159.4, 160.0, 159.9, 160.0, 160.3, 158.7, 159.5, 158.7, 158.9, 159.0, 159.5, 160.2, 159.7, 160.0, 159.4, 159.4, 160.2, 159.4, 160.8, 159.8, 159.7, 159.5, 158.9, 160.3, 159.7, 159.8, 158.0, 158.6, 158.7, 158.7, 158.7, 159.2, 158.9, 159.5, 160.0, 160.6, 161.1, 161.2, 161.2, 160.6, 161.3, 162.2, 162.3, 161.2, 161.1, 161.6, 161.6, 160.9, 160.9, 161.1, 161.7, 162.3, 161.1, 161.7, 160.6, 161.2, 161.8, 161.1, 160.4, 160.4, 162.3, 163.0, 161.8, 160.7, 159.3, 158.7, 158.9, 158.7, 159.8, 159.2, 159.8, 159.8, 160.0, 158.4, 159.3, 159.7, 159.3, 158.9, 159.6, 159.5, 159.5, 158.7, 159.6, 160.0, 159.3, 159.3, 159.3, 159.5, 160.0, 159.3, 160.4, 160.1, 160.0, 158.7, 159.3, 160.0, 159.5, 160.6, 160.3, 159.0, 159.8, 159.3, 160.6, 161.1, 161.6, 160.9, 159.7, 161.7, 161.1, 160.4, 162.1, 161.6, 159.8, 160.4, 160.2, 160.3, 159.5, 159.7, 159.8, 160.8, 160.3, 160.0, 160.2, 159.7, 160.9, 158.4, 158.7, 159.3, 159.7, 160.3, 159.7, 158.7, 159.3, 160.0, 158.7, 160.0, 160.4, 158.1, 157.3, 160.0, 160.0, 160.7, 160.0, 159.8, 159.3, 158.7, 159.5, 159.5, 159.5, 159.5, 159.5, 160.0, 159.3, 159.3, 160.1, 159.7, 160.5, 160.8, 162.0, 161.3, 161.3, 161.3, 161.6, 161.6, 160.5, 160.5, 160.4, 160.7, 159.9, 159.2, 160.4, 160.5, 160.4, 160.4, 160.4, 159.7, 160.4, 160.4, 159.2, 160.5, 160.4, 159.1, 161.0, 160.4, 160.2, 160.4, 160.9, 160.2, 160.2, 160.6, 161.3, 160.5, 161.3, 161.0, 161.0, 161.3, 160.1, 160.6, 162.0, 161.3, 160.8, 161.5, 161.5, 160.8, 161.3, 160.8, 161.6, 161.5, 161.5, 160.6, 161.5, 160.8, 161.6, 161.7, 161.2, 160.4, 161.0, 160.5, 161.0, 160.9, 160.7, 160.5, 160.4, 160.0, 160.5, 160.7]"
9,"[160.9, 162.5, 163.0, 161.7, 163.2, 158.9, 159.5, 160.0, 162.6, 160.2, 162.8, 161.3, 162.2, 162.1, 162.1, 163.4, 162.8, 162.3, 162.9, 163.8, 163.0, 162.2, 163.4, 162.9, 163.6, 163.6, 164.8, 164.3, 164.2, 164.1, 163.6, 163.6, 162.9, 163.4, 163.5, 164.2, 162.9, 163.5, 163.4, 163.4, 164.1, 164.2, 164.7, 164.2, 164.2, 164.2, 164.4, 163.6, 163.7, 164.3, 163.6, 163.7, 163.1, 163.6, 163.6, 164.2, 164.8, 164.3, 164.4, 164.4, 164.3, 164.3, 164.4, 164.3, 163.5, 164.3, 163.8, 163.6, 163.6, 163.1, 163.6, 163.6, 163.7, 164.2, 164.7, 164.2, 165.4, 165.4, 163.1, 164.2, 164.4, 164.4, 164.8, 164.3, 165.5, 165.6, 164.3, 164.7, 164.9, 165.1, 164.2, 165.6, 165.0, 164.9, 163.6, 163.6, 163.7, 163.7, 163.6, 163.5, 164.1, 163.6, 164.3, 164.2, 163.5, 163.5, 164.3, 164.7, 163.6, 164.2, 165.5, 164.4, 164.2, 163.6, 163.5, 163.6, 163.1, 163.6, 164.4, 163.6, 163.6, 163.5, 163.5, 163.6, 164.2, 164.7, 163.7, 161.3, 161.2, 161.2, 162.3, 161.7, 160.6, 161.1, 160.9, 161.1, 161.3, 161.7, 160.6, 161.1, 160.6, 161.1, 160.6, 160.6, 160.3, 161.1, 161.2, 161.6, 161.6, 160.6, 160.4, 161.3, 160.4, 161.2, 161.8, 160.6, 160.9, 161.1, 161.6, 161.1, 161.2, 161.2, 161.7, 163.1, 161.1, 161.1, 161.9, 161.8, 161.2, 162.2, 161.7, 162.2, 162.2, 161.8, 161.1, 161.2, 161.2, 162.5, 160.6, 161.2, 161.2, 161.2, 161.3, 161.2, 160.6, 160.6, 160.4, 161.2, 161.3, 161.3, 161.3, 160.8, 160.7, 160.8, 160.8, 160.8, 160.7, 160.8, 160.0, 160.7, 160.1, 160.6, 160.2, 160.1, 160.8, 160.1, 159.5, 160.1, 160.2, 160.6, 160.8, 160.2, 160.6, 161.9, 161.3, 161.3, 161.5, 160.1, 160.7, 160.8, 160.8, 160.2, 160.2, 161.5, 161.5, 160.7, 160.8, 160.8, 162.1, 162.2, 162.7, 160.8, 162.7, 161.5, 161.3, 161.9, 160.8, 162.1, 162.1, 162.2, 162.1, 162.8, 161.5, 162.1, 161.6, 162.2, 161.1, 162.2, 160.7, 162.2, 162.1, 160.8, 161.6, 160.8, 160.8, 162.8, 162.8, 162.2, 161.6, 161.5, 161.5, 161.5, 159.6, 160.7, 162.1, 161.5, 160.8, 160.8, 162.8, 162.7, 162.1, 162.1, 162.8, 162.2, 161.0, 160.7, 161.9, 160.7, 161.0, 161.3, 161.8, 161.0, 162.1, 160.8, 160.2, 161.3, 161.3, 160.8, 160.8, 161.2, 161.3, 160.6, 162.1, 160.8, 160.8, 160.2, 161.0, 160.8, 160.2, 160.8, 161.3, 162.1, 161.3, 161.3, 161.3, 161.3, 161.2, 160.7, 160.8, 161.5, 162.2, 161.0, 162.8, 161.9, 162.1, 161.5, 160.1, 160.1, 161.5, 160.1, 160.8, 160.7, 161.9, 160.8, 160.8, 161.9, 160.2, 160.2, 160.2, 161.3, 161.9, 161.9, 161.5, 161.5, 160.7, 161.0, 160.1, 160.7, 160.8, 160.7, 160.2, 161.0, 160.2, 160.8, 160.8, 160.8, 160.8, 161.0, 162.1, 161.0, 160.8, 160.8, 161.5, 161.9, 161.5, 161.9, 161.3, 161.6, 162.1, 162.1, 162.2, 160.2, 163.3, 161.6, 160.8, 160.6, 161.9, 161.2, 160.7, 161.9, 160.8, 160.8, 160.1, 160.2, 159.5, 160.1, 160.7, 159.5, 160.8, 160.8, 161.0, 160.8, 161.3, 160.6, 160.0, 160.8, 161.0, 160.1, 160.7, 162.6, 160.2, 160.2, 160.8, 160.7, 161.6, 160.8, 159.5, 160.1, 158.9, 159.6, 161.0, 160.1, 161.9, 160.8, 160.8, 161.3, 161.9, 161.3, 160.8, 161.2, 160.8, 160.0, 160.1, 161.5, 161.3, 160.1, 161.3, 161.3, 162.1, 162.5, 162.6, 162.1, 162.6, 162.1, 161.2, 162.3, 162.9, 161.9, 162.6, 161.9, 162.3, 161.9, 162.5, 161.9, 163.0, 162.6, 162.3, 162.9, 163.6, 163.1, 162.5, 163.1, 162.5, 163.0, 162.5, 162.5, 163.1, 161.7, 163.2, 163.2, 163.8, 163.3, 163.2, 163.2, 163.2, 163.2, 163.2, 163.6, 163.2, 162.6, 162.6, 163.2, 163.2, 163.1, 163.2, 163.2, 162.7, 163.1, 161.2, 162.5, 162.5, 161.7, 162.5, 162.3, 162.5, 163.1, 162.6, 161.9, 162.6, 162.6, 162.6, 163.0, 162.6, 162.6, 162.5, 162.6, 162.3, 162.6, 161.9, 162.3, 162.6, 163.6, 162.5, 162.6, 162.6, 161.9, 163.1, 162.5, 162.3, 161.8, 162.1, 162.5, 163.1, 161.9, 161.8, 163.1, 163.1, 162.5, 161.8, 161.9, 162.6, 163.1, 162.3, 162.3, 162.3, 162.5, 162.3, 162.5, 163.8, 162.3, 162.6, 160.0, 161.8, 161.6, 161.8, 162.3, 163.1, 163.5, 164.8, 163.5, 163.5, 163.0, 163.6, 164.4, 163.6, 163.0, 163.6, 163.5, 163.0, 162.9, 162.9, 162.9, 163.5, 164.8, 163.0, 163.0, 162.3, 162.9, 163.1, 163.1, 163.7, 164.5, 164.8, 164.9, 163.7, 164.4, 164.5, 163.1, 163.0, 164.2, 163.1, 163.0, 163.6, 163.5, 163.5, 163.1, 163.0, 163.0, 163.6, 163.5, 163.0, 163.5, 163.5, 163.0, 162.2, 163.0, 163.1, 162.5, 163.0, 162.5, 163.0, 162.3, 162.3, 162.2, 162.3, 162.5, 162.3, 162.3, 162.3, 162.3, 162.2, 162.9, 163.0, 162.3, 163.0, 163.5, 163.0, 162.9, 163.7, 163.0]"
9,"[162.3, 164.6, 164.5, 162.2, 163.5, 159.0, 161.1, 160.7, 162.3, 162.6, 163.1, 163.1, 163.1, 164.3, 162.5, 162.6, 163.2, 163.2, 163.7, 162.7, 163.2, 162.6, 162.6, 164.3, 164.2, 163.1, 162.6, 163.2, 163.1, 163.1, 162.5, 161.9, 161.2, 162.6, 162.6, 163.1, 163.2, 162.5, 163.1, 162.6, 161.3, 161.9, 161.8, 161.2, 161.3, 161.8, 161.5, 161.9, 161.8, 161.3, 162.5, 163.2, 163.0, 162.6, 161.8, 163.1, 163.0, 163.5, 164.2, 163.0, 163.7, 163.0, 162.5, 161.8, 161.8, 161.8, 162.5, 161.7, 163.6, 163.6, 164.1, 162.5, 163.1, 164.8, 163.6, 163.5, 163.0, 162.5, 162.3, 163.5, 162.6, 163.0, 163.6, 163.0, 163.0, 162.5, 162.3, 162.6, 162.3, 163.1, 163.6, 163.5, 164.8, 163.7, 163.7, 163.0, 162.2, 160.4, 161.6, 161.7, 162.3, 162.2, 163.0, 162.5, 163.1, 163.7, 164.4, 163.7, 163.0, 162.3, 161.8, 162.5, 161.3, 163.6, 163.6, 163.6, 164.2, 163.6, 162.5, 164.8, 164.1, 162.9, 163.0, 163.1, 162.9, 162.5, 161.2, 160.6, 160.6, 161.1, 160.9, 161.7, 161.7, 161.1, 160.9, 161.8, 161.7, 162.2, 162.5, 161.7, 161.7, 160.4, 161.3, 160.6, 161.7, 160.6, 161.7, 161.1, 160.4, 160.6, 160.4, 161.1, 160.9, 161.1, 162.3, 163.0, 161.7, 161.7, 161.6, 161.6, 161.7, 161.2, 161.1, 160.6, 161.2, 161.2, 160.9, 161.7, 161.7, 161.7, 162.5, 161.1, 161.6, 160.6, 160.4, 161.2, 160.3, 160.3, 162.2, 161.6, 161.8, 160.0, 161.2, 163.0, 161.8, 162.1, 162.3, 161.7, 162.2, 161.2, 161.1, 162.3, 161.1, 162.2, 161.7, 161.1, 160.9, 161.1, 160.9, 161.1, 161.1, 161.1, 161.1, 162.2, 161.8, 162.5, 162.5, 162.5, 163.0, 161.8, 161.7, 160.9, 161.1, 161.7, 161.7, 161.1, 161.7, 161.7, 161.9, 161.8, 160.4, 161.3, 162.3, 162.5, 162.5, 161.9, 162.5, 162.5, 162.6, 162.6, 163.0, 162.5, 162.6, 162.5, 161.8, 162.6, 162.5, 161.9, 161.8, 161.9, 161.8, 162.6, 162.3, 162.1, 161.9, 161.9, 161.9, 161.9, 161.9, 161.3, 161.8, 162.5, 161.9, 161.9, 160.6, 160.7, 161.8, 161.3, 161.9, 161.9, 160.7, 160.1, 161.2, 161.9, 161.8, 160.6, 160.7, 160.7, 161.2, 160.6, 160.4, 160.6, 160.0, 161.2, 160.6, 160.1, 160.1, 160.1, 159.3, 159.5, 161.2, 160.6, 161.8, 160.7, 159.3, 160.7, 160.7, 160.7, 160.1, 160.6, 160.0, 160.1, 160.0, 160.7, 161.9, 160.7, 161.3, 160.7, 162.5, 161.1, 162.6, 162.5, 161.9, 161.3, 160.7, 160.6, 160.7, 161.8, 161.3, 160.1, 161.2, 160.7, 160.7, 160.7, 161.7, 161.8, 160.7, 161.8, 160.7, 161.3, 161.3, 160.8, 161.9, 161.5, 161.3, 160.6, 161.3, 160.7, 160.2, 160.7, 160.7, 160.8, 162.7, 161.5, 161.5, 160.7, 161.2, 160.8, 161.5, 161.2, 160.8, 161.2, 161.2, 160.8, 161.2, 160.7, 161.3, 160.7, 161.2, 160.7, 160.7, 160.7, 161.3, 161.2, 161.2, 160.8, 160.0, 160.8, 161.2, 161.3, 160.1, 160.8, 160.2, 160.0, 161.5, 160.6, 160.6, 160.7, 160.8, 161.8, 161.2, 160.7, 160.7, 160.7, 161.5, 160.6, 160.8, 161.9, 161.9, 161.8, 161.1, 161.2, 161.5, 161.3, 160.6, 161.3, 161.3, 161.2, 161.8, 161.1, 160.7, 161.2, 162.1, 161.5, 161.8, 161.2, 161.5, 161.5, 160.6, 161.9, 161.8, 161.8, 160.7, 162.6, 161.9, 161.8, 161.3, 161.8, 162.1, 163.1, 162.5, 162.5, 162.7, 162.6, 162.5, 163.1, 163.2, 163.1, 163.1, 161.3, 162.5, 161.9, 162.6, 161.9, 161.9, 163.8, 162.6, 162.5, 163.2, 163.2, 163.1, 163.1, 163.2, 163.1, 163.1, 163.1, 163.1, 163.1, 163.1, 162.1, 163.1, 161.8, 162.6, 164.4, 162.6, 162.5, 162.6, 162.6, 161.9, 160.7, 161.9, 162.5, 162.7, 164.3, 162.6, 163.1, 163.2, 163.1, 163.1, 164.2, 163.7, 163.1, 163.1, 161.8, 161.3, 163.1, 163.1, 161.9, 163.1, 162.3, 161.2, 163.1, 162.5, 161.1, 162.5, 162.5, 161.9, 163.1, 162.5, 162.6, 161.9, 163.8, 163.1, 163.1, 162.3, 163.1, 161.8, 161.5, 161.8, 164.3, 163.2, 162.5, 163.2, 163.7, 163.6, 164.2, 163.1, 163.1, 163.0, 163.6, 163.1, 163.1, 163.7, 163.8, 163.1, 163.6, 164.2, 164.9, 163.0, 162.5, 162.5, 163.7, 162.9, 163.6, 162.3, 162.1, 163.5, 163.6, 164.8, 163.5, 163.0, 163.2, 164.3, 163.0, 163.0, 163.7, 163.1, 164.2, 164.4, 164.4, 163.7, 163.7, 163.6, 163.6, 163.0, 163.1, 164.2, 164.2, 164.3, 163.5, 163.0, 163.6, 164.8, 164.3, 163.5, 163.6, 163.5, 164.3, 164.1, 163.2, 162.5, 163.0, 162.5, 161.3, 162.2, 163.7, 164.2, 163.0, 163.0, 163.2, 161.8, 161.2, 161.8, 161.9, 161.3, 161.8, 161.8, 162.5, 163.1, 164.8, 163.6, 162.1, 161.8, 163.0, 162.3, 162.3, 162.3, 163.6, 162.3, 161.2, 161.9, 161.2, 163.0, 163.5, 162.2, 163.0, 163.1, 162.3, 161.7, 161.7, 163.0, 161.7, 162.9, 161.7, 161.2, 163.0, 163.0, 163.7, 164.9, 163.5]"
9,"[164.2, 164.0, 165.7, 165.1, 162.6, 159.2, 160.9, 160.6, 162.5, 162.3, 164.1, 164.1, 163.5, 164.3, 164.3, 163.1, 163.7, 164.2, 164.9, 163.4, 163.4, 163.5, 163.0, 162.9, 163.5, 163.6, 164.1, 164.7, 164.2, 163.0, 162.9, 162.9, 163.6, 163.4, 164.2, 164.8, 162.9, 162.9, 163.5, 163.5, 162.5, 163.0, 163.5, 163.5, 163.6, 163.5, 163.5, 161.8, 161.7, 162.3, 163.0, 162.2, 163.0, 162.9, 162.9, 162.3, 163.5, 163.6, 165.6, 164.9, 164.8, 164.9, 163.6, 163.6, 163.0, 162.2, 162.2, 162.9, 160.9, 162.2, 161.1, 162.2, 160.6, 163.0, 161.8, 162.3, 162.9, 162.2, 163.1, 163.5, 163.5, 162.3, 161.6, 162.3, 163.0, 163.7, 163.6, 163.7, 163.0, 163.5, 163.5, 162.9, 161.7, 162.2, 162.2, 162.3, 162.9, 162.2, 161.7, 162.9, 162.2, 163.3, 162.2, 162.2, 162.2, 162.9, 162.1, 162.2, 162.9, 161.1, 162.8, 162.9, 162.3, 162.5, 163.0, 163.6, 162.9, 163.6, 163.0, 162.9, 163.0, 163.6, 163.1, 164.2, 163.0, 163.6, 162.3, 163.2, 163.0, 161.7, 161.7, 160.6, 160.1, 161.7, 162.3, 161.8, 163.1, 162.6, 162.3, 162.6, 162.6, 163.1, 163.0, 162.5, 162.1, 161.8, 161.5, 161.9, 162.5, 161.2, 161.3, 161.3, 163.1, 163.2, 161.8, 162.5, 162.5, 161.9, 162.5, 161.8, 161.8, 161.8, 161.2, 161.2, 162.3, 161.2, 160.6, 161.9, 162.1, 161.3, 161.9, 161.9, 160.6, 161.2, 160.7, 161.8, 161.7, 160.1, 160.7, 160.6, 159.8, 160.6, 161.7, 162.5, 162.5, 161.8, 162.3, 163.2, 163.1, 161.8, 162.3, 161.9, 162.3, 161.7, 162.2, 162.9, 162.5, 162.5, 162.5, 161.8, 160.7, 162.3, 162.5, 160.6, 161.1, 161.7, 161.8, 160.6, 161.7, 162.3, 161.8, 161.7, 161.8, 162.5, 163.1, 162.3, 162.3, 162.3, 162.3, 161.7, 161.1, 161.9, 162.3, 162.5, 161.8, 162.6, 163.6, 163.2, 162.6, 164.3, 165.0, 163.7, 163.8, 163.8, 163.2, 165.0, 163.2, 162.7, 163.2, 163.7, 163.1, 164.4, 164.3, 163.9, 163.8, 163.2, 163.8, 163.7, 164.3, 163.1, 163.2, 163.2, 163.7, 163.3, 163.8, 161.9, 162.6, 163.2, 162.6, 162.8, 163.1, 163.2, 163.1, 163.6, 163.5, 162.6, 161.2, 162.6, 163.7, 163.6, 163.1, 163.1, 164.4, 163.2, 161.3, 162.5, 161.2, 161.9, 161.8, 161.7, 161.8, 161.8, 161.8, 162.5, 163.6, 163.0, 163.0, 162.5, 161.8, 161.2, 161.7, 161.2, 160.6, 161.3, 162.6, 160.6, 162.6, 163.1, 162.6, 163.2, 163.2, 161.8, 163.1, 161.9, 161.8, 162.3, 162.1, 163.5, 161.9, 161.2, 161.9, 161.8, 161.8, 160.7, 161.8, 163.1, 163.6, 162.9, 162.5, 161.7, 162.5, 163.5, 163.0, 161.8, 161.7, 160.1, 161.8, 161.2, 161.8, 161.9, 163.0, 161.7, 163.1, 162.6, 163.0, 161.9, 161.1, 162.5, 161.9, 162.3, 161.2, 160.9, 161.2, 162.5, 162.6, 162.6, 163.0, 161.8, 160.0, 160.7, 161.1, 161.8, 161.2, 161.9, 163.1, 162.5, 162.6, 161.8, 162.5, 162.5, 164.3, 162.5, 161.2, 160.7, 161.2, 162.3, 161.8, 162.5, 162.5, 163.7, 163.1, 163.1, 162.5, 162.5, 161.3, 161.2, 163.1, 162.5, 161.7, 162.5, 162.5, 163.2, 162.6, 161.2, 161.2, 160.1, 158.9, 160.0, 161.1, 159.5, 160.0, 160.4, 161.9, 161.2, 162.5, 160.7, 159.8, 162.3, 161.8, 162.5, 162.5, 162.3, 161.8, 163.1, 163.0, 161.8, 161.8, 163.0, 163.0, 163.0, 162.3, 163.2, 162.9, 161.2, 163.0, 162.3, 161.2, 162.3, 161.8, 161.7, 162.5, 162.5, 162.2, 161.3, 161.8, 163.0, 163.1, 161.8, 162.5, 163.1, 162.5, 163.1, 162.3, 163.1, 161.8, 163.0, 163.1, 162.5, 162.3, 162.9, 162.2, 163.0, 161.1, 162.1, 162.9, 162.9, 163.0, 163.4, 163.1, 162.9, 162.5, 163.1, 161.2, 161.6, 163.0, 162.9, 163.6, 163.7, 161.8, 163.6, 163.0, 163.1, 161.1, 162.9, 160.4, 162.3, 161.2, 160.1, 160.6, 161.1, 160.6, 161.7, 161.1, 163.0, 161.2, 162.2, 162.3, 161.2, 162.9, 163.0, 163.6, 163.0, 163.0, 162.3, 163.0, 162.9, 163.0, 162.3, 162.2, 162.9, 162.2, 163.5, 163.5, 162.5, 162.2, 163.0, 163.1, 162.3, 162.2, 162.2, 163.1, 162.2, 163.6, 164.7, 161.6, 162.3, 160.9, 162.2, 162.8, 162.9, 163.0, 162.5, 162.9, 162.9, 162.2, 161.2, 163.4, 161.6, 162.9, 162.9, 163.0, 162.9, 162.3, 161.1, 163.1, 162.5, 163.0, 162.9, 161.1, 163.0, 162.3, 160.9, 163.6, 163.6, 164.1, 162.5, 162.9, 163.0, 163.0, 163.1, 162.8, 164.1, 163.5, 163.6, 163.6, 163.6, 160.9, 160.6, 162.3, 161.8, 161.7, 162.9, 162.3, 161.9, 163.1, 163.7, 162.5, 164.1, 163.0, 163.1, 163.1, 162.3, 163.0, 163.0, 163.6, 163.1, 162.9, 162.9, 163.6, 162.8, 164.2, 162.9, 162.9, 163.6, 163.0, 163.5, 162.9, 162.3, 162.9, 162.9, 162.9, 163.0, 161.2, 161.8, 161.8, 163.0, 160.9, 162.5, 162.2, 161.2, 163.1, 163.0, 162.5, 162.2, 159.8, 163.0, 163.5, 164.2, 162.3, 161.1]"
9,"[164.7, 159.0, 163.9, 162.5, 164.6, 159.0, 159.7, 161.7, 163.0, 163.6, 164.8, 165.4, 163.1, 163.7, 164.9, 164.7, 163.7, 164.8, 163.6, 164.8, 164.3, 163.6, 163.6, 163.7, 163.6, 163.7, 163.0, 163.6, 163.7, 163.6, 163.6, 163.6, 163.7, 165.6, 164.3, 163.7, 163.5, 165.6, 163.5, 164.9, 164.6, 164.1, 162.9, 163.5, 162.9, 164.1, 163.5, 164.2, 164.8, 164.1, 164.1, 163.4, 162.2, 163.0, 162.9, 162.8, 163.5, 163.5, 163.0, 163.6, 163.5, 162.9, 162.9, 163.0, 164.1, 163.6, 163.5, 161.7, 163.6, 163.0, 164.3, 164.2, 163.6, 163.6, 163.4, 162.9, 163.6, 162.9, 164.7, 163.6, 163.6, 164.7, 163.4, 163.0, 163.6, 163.4, 162.2, 162.9, 162.3, 163.6, 161.6, 163.5, 163.5, 163.6, 161.8, 163.0, 162.8, 163.6, 162.9, 163.6, 163.5, 163.0, 162.9, 162.9, 163.0, 163.0, 163.6, 163.5, 163.6, 163.1, 163.1, 164.8, 163.6, 164.2, 163.0, 163.1, 163.6, 163.6, 163.6, 164.7, 163.6, 164.8, 163.5, 163.6, 163.6, 163.5, 163.0, 163.4, 162.9, 162.9, 162.3, 163.1, 164.2, 162.9, 161.2, 162.5, 162.8, 161.7, 161.8, 161.7, 162.3, 163.4, 162.2, 163.0, 163.1, 162.2, 163.1, 163.1, 162.5, 161.9, 162.5, 163.2, 163.1, 162.6, 161.8, 163.5, 163.0, 164.2, 163.5, 163.1, 162.3, 162.2, 163.5, 162.3, 162.3, 163.0, 161.7, 162.2, 162.5, 161.2, 161.8, 163.0, 162.6, 161.9, 162.3, 161.2, 161.7, 162.5, 161.9, 161.8, 161.9, 161.7, 161.8, 161.2, 161.8, 161.1, 161.8, 161.8, 161.2, 160.6, 161.9, 161.2, 161.2, 161.2, 160.6, 160.4, 160.6, 161.1, 161.1, 160.6, 161.1, 161.1, 160.7, 161.3, 160.4, 160.4, 160.6, 160.4, 160.4, 160.4, 160.6, 160.6, 161.1, 161.1, 160.9, 160.6, 160.4, 160.3, 160.3, 159.8, 160.3, 160.2, 160.3, 161.1, 160.2, 161.6, 160.9, 160.3, 161.1, 159.7, 160.4, 160.4, 160.9, 160.9, 161.7, 160.9, 161.7, 160.3, 160.3, 160.9, 160.9, 160.9, 161.6, 161.7, 161.5, 162.2, 163.0, 162.1, 162.2, 162.3, 163.0, 162.1, 161.6, 162.2, 161.6, 163.0, 161.6, 162.9, 162.3, 162.3, 161.7, 162.1, 161.6, 162.2, 162.0, 162.0, 162.0, 162.1, 162.6, 161.5, 160.3, 161.6, 162.1, 161.6, 160.9, 161.6, 160.9, 161.6, 161.6, 162.1, 162.2, 161.1, 160.9, 161.7, 161.5, 161.5, 161.6, 161.6, 160.9, 160.9, 161.7, 161.7, 161.5, 161.6, 161.5, 161.1, 161.6, 161.6, 161.6, 160.9, 160.4, 161.6, 161.5, 161.7, 160.9, 161.1, 161.1, 160.4, 161.2, 161.1, 161.1, 161.1, 161.7, 161.7, 161.2, 160.6, 160.4, 161.2, 161.3, 161.1, 161.2, 161.6, 161.7, 161.1, 161.7, 161.6, 162.2, 161.6, 161.6, 163.0, 161.7, 161.6, 161.7, 162.2, 162.3, 162.2, 162.1, 162.2, 162.1, 163.0, 162.5, 162.3, 162.1, 161.7, 163.4, 162.9, 162.2, 162.9, 161.7, 161.6, 161.7, 160.7, 160.0, 160.6, 160.6, 160.0, 160.7, 161.3, 161.7, 161.1, 161.7, 161.8, 160.4, 160.0, 161.1, 160.6, 161.6, 161.1, 160.9, 160.4, 161.5, 160.9, 161.5, 160.9, 160.9, 160.9, 161.1, 161.1, 160.9, 160.9, 161.6, 161.1, 160.3, 161.1, 161.1, 161.7, 161.7, 161.6, 160.3, 160.9, 160.9, 161.1, 160.9, 160.6, 160.4, 161.1, 160.6, 160.4, 160.0, 160.4, 161.1, 161.1, 161.1, 161.2, 161.2, 161.1, 161.1, 161.8, 161.8, 161.2, 161.1, 161.9, 160.6, 160.1, 159.3, 160.0, 159.3, 160.6, 160.1, 161.9, 160.7, 160.0, 161.9, 162.1, 160.7, 161.9, 161.1, 161.8, 162.6, 160.7, 162.5, 160.2, 160.2, 161.5, 161.9, 160.8, 161.3, 161.8, 160.7, 162.1, 161.7, 162.5, 162.5, 163.2, 162.7, 163.2, 164.3, 162.2, 163.2, 163.7, 163.1, 163.6, 163.2, 163.7, 163.1, 163.7, 163.9, 163.2, 162.6, 164.3, 162.5, 163.2, 163.2, 163.1, 164.3, 163.6, 163.2, 163.1, 163.1, 163.2, 163.2, 163.8, 162.6, 163.2, 163.2, 161.9, 163.7, 163.1, 163.2, 163.1, 163.8, 163.1, 164.2, 164.2, 164.2, 163.6, 164.3, 164.2, 164.4, 164.3, 163.7, 164.3, 164.2, 163.0, 164.2, 164.2, 163.1, 163.1, 163.7, 163.8, 163.6, 164.2, 164.9, 164.4, 164.4, 163.1, 164.9, 164.3, 164.3, 163.2, 164.3, 163.7, 163.0, 164.3, 163.6, 164.2, 164.8, 163.6, 163.0, 163.5, 164.2, 164.2, 165.0, 164.9, 164.3, 163.1, 163.1, 164.7, 164.2, 163.6, 164.7, 163.5, 164.3, 164.8, 163.0, 164.7, 163.6, 164.7, 164.2, 162.9, 164.8, 164.8, 162.2, 162.9, 164.2, 163.0, 164.9, 163.5, 163.1, 161.7, 162.9, 162.9, 164.4, 163.6, 164.2, 164.0, 162.9, 164.2, 164.2, 164.1, 163.0, 162.9, 162.8, 164.2, 164.7, 164.8, 163.7, 164.6, 163.0, 164.2, 164.2, 163.6, 161.7, 164.2, 164.2, 164.2, 162.2, 161.7, 162.8, 162.9, 161.6, 161.7, 164.0, 162.9, 164.0, 163.1, 164.2, 163.0, 164.2, 161.7, 161.1, 162.9, 162.9, 162.9, 162.9, 164.1, 164.2, 164.1, 164.6, 164.1]"
10,"[152.8, 153.2, 154.5, 153.4, 153.7, 154.0, 154.2, 154.8, 154.4, 154.2, 154.8, 154.8, 154.4, 155.0, 154.2, 154.4, 155.0, 155.0, 154.2, 154.2, 154.2, 154.8, 154.8, 154.4, 154.8, 155.0, 154.4, 154.2, 154.8, 155.0, 154.8, 155.0, 155.0, 154.5, 154.8, 154.5, 154.4, 154.4, 154.4, 155.0, 154.4, 154.4, 154.4, 154.4, 154.4, 154.4, 154.2, 155.0, 154.2, 154.4, 154.2, 154.8, 154.5, 154.5, 154.2, 154.4, 153.7, 154.8, 154.8, 154.8, 154.4, 154.4, 153.9, 154.4, 154.5, 154.5, 154.4, 154.4, 154.4, 155.0, 154.4, 154.2, 153.7, 153.9, 154.4, 154.4, 153.7, 154.4, 153.7, 154.4, 153.9, 154.5, 154.5, 154.4, 154.4, 153.9, 155.0, 154.4, 154.4, 155.0, 154.5, 155.0, 154.4, 154.4, 155.0, 155.0, 154.4, 155.0, 154.5, 155.2, 153.9, 154.4, 154.4, 154.5, 153.9, 155.0, 155.0, 154.5, 155.2, 155.0, 155.0, 155.2, 154.4, 155.0, 155.0, 154.5, 154.5, 154.5, 155.0, 154.5, 154.4, 154.5, 154.7, 155.2, 154.5, 154.7, 155.2, 155.3, 154.4, 155.0, 154.2, 154.0, 154.0, 154.5, 153.9, 153.9, 154.0, 153.9, 153.7, 153.7, 153.7, 153.9, 153.7, 153.0, 153.0, 153.0, 153.0, 152.8, 153.0, 153.0, 153.7, 153.9, 153.7, 153.7, 153.5, 153.9, 153.0, 154.0, 153.9, 154.0, 155.5, 154.2, 154.0, 154.4, 154.2, 154.2, 154.5, 154.5, 154.7, 154.2, 153.9, 154.5, 154.5, 153.9, 153.3, 153.9, 153.9, 154.1, 154.1, 153.5, 154.2, 154.1, 154.2, 154.1, 154.5, 154.1, 154.8, 155.2, 154.7, 154.5, 154.4, 155.0, 154.5, 155.0, 155.0, 155.2, 155.0, 154.5, 153.9, 154.4, 155.0, 154.8, 154.5, 155.6, 154.5, 154.4, 154.5, 154.4, 154.5, 154.5, 155.2, 154.5, 155.0, 154.5, 154.1, 154.5, 154.5, 153.9, 154.5, 154.7, 154.7, 154.7, 154.7, 154.7, 154.5, 154.7, 155.3, 155.2, 154.7, 154.1, 154.5, 154.7, 154.8, 154.8, 154.5, 153.9, 154.5, 153.7, 154.7, 154.7, 154.7, 153.8, 153.8, 154.2, 152.8, 152.2, 152.6, 151.9, 152.4, 152.6, 152.6, 152.4, 152.6, 152.2, 152.4, 153.0, 153.0, 153.0, 153.0, 153.2, 153.2, 153.0, 152.4, 153.2, 153.2, 152.4, 153.0, 153.0, 152.6, 152.2, 152.6, 152.6, 151.9, 150.7, 150.4, 150.4, 150.7, 150.7, 151.3, 150.7, 150.4, 150.4, 151.1, 151.1, 151.3, 150.4, 150.7, 151.1, 151.1, 151.9, 151.9, 151.9, 152.4, 152.4, 152.6, 152.1, 151.3, 151.5, 150.4, 150.2, 150.2, 149.6, 149.6, 148.5, 148.3, 147.5, 147.7, 147.5, 147.8, 147.8, 147.0, 147.8, 147.2, 147.0, 147.5, 147.5, 147.5, 147.5, 147.2, 148.1, 149.6, 150.0, 149.4, 149.6, 149.4, 149.1, 148.3, 148.3, 147.5, 147.0, 146.6, 146.1, 146.3, 147.0, 146.3, 147.2, 147.2, 147.7, 147.2, 148.7, 148.1, 147.5, 147.5, 147.0, 147.6, 146.3, 146.1, 146.3, 146.1, 145.8, 145.1, 145.1, 145.1, 145.1, 145.4, 145.7, 146.1, 147.0, 146.3, 147.0, 147.2, 147.2, 147.5, 147.0, 147.6, 146.1, 146.3, 147.0, 147.2, 147.2, 147.0, 147.2, 147.2, 147.6, 147.8, 147.5, 147.5, 147.5, 147.2, 147.2, 149.1, 148.7, 148.5, 148.7, 148.7, 149.4, 148.5, 149.4, 150.4, 150.7, 151.5, 151.7, 151.5, 151.9, 150.9, 150.7, 150.4, 150.2, 150.4, 151.1, 150.0, 150.4, 150.4, 150.2, 150.0, 149.6, 150.2, 150.4, 150.9, 151.5, 152.4, 151.7, 152.2, 152.2, 152.4, 152.4, 152.2, 152.6, 151.5, 151.5, 151.7, 151.1, 151.5, 152.4, 153.2, 153.9, 153.7, 153.7, 154.2, 153.5, 154.4, 153.9, 153.9, 154.2, 153.7, 153.7, 154.2, 154.2, 153.5, 154.0, 154.4, 153.5, 153.7, 153.7, 153.5, 153.5, 153.7, 153.5, 153.7, 153.7, 154.2, 153.7, 153.7, 153.0, 153.2, 153.2, 153.7, 153.0, 153.0, 153.0, 153.0, 153.7, 153.0, 153.2, 153.7, 153.7, 153.0, 153.0, 153.7, 153.2, 153.9, 153.9, 153.7, 153.4, 154.2, 154.7, 154.7, 154.2, 155.5, 154.8, 154.8, 154.8, 154.2, 155.3, 154.8, 155.6, 154.2, 154.5, 154.8, 154.4, 154.8, 154.8, 154.4, 155.5, 155.5, 155.0, 155.0, 154.8, 154.8, 154.4, 154.8, 154.5, 154.4, 154.5, 154.4, 154.4, 154.4, 154.4, 154.0, 153.6, 153.6, 154.2, 154.8, 154.8, 154.4, 154.8, 154.8, 154.0, 154.8, 154.8, 154.8, 154.8, 154.7, 154.8, 154.2, 154.8, 154.4, 154.4, 153.9, 154.5, 153.9, 154.1, 153.9, 154.5, 154.1, 153.5, 154.5, 154.5, 155.2, 154.4, 154.5, 153.6, 154.4, 153.9, 154.1, 154.1, 154.7, 154.5, 154.2, 154.7, 154.1, 153.5, 153.9, 154.2, 153.5, 153.5, 153.5, 154.1, 153.6, 154.1, 154.2, 154.7, 153.6, 154.1, 154.2, 154.1, 153.6, 154.2, 154.8, 154.4, 154.2, 154.2, 153.8, 154.2, 154.4, 153.2, 153.6, 153.2, 153.4, 154.0, 154.0, 153.8, 154.0, 154.5, 154.5, 154.0, 153.2, 153.8, 154.4, 153.8, 154.0, 153.8, 153.8, 153.4, 154.0, 154.4, 153.8, 153.8, 153.4, 153.8]"
10,"[158.5, 158.2, 158.3, 158.6, 158.7, 158.1, 158.2, 156.5, 156.5, 157.1, 156.5, 156.5, 157.1, 157.1, 155.9, 157.1, 157.1, 157.1, 157.1, 157.1, 156.5, 157.1, 156.5, 157.1, 157.1, 157.1, 156.5, 155.9, 157.1, 157.1, 157.1, 157.2, 156.5, 157.2, 157.7, 157.2, 157.1, 157.7, 157.1, 157.1, 156.6, 156.5, 157.1, 157.2, 156.6, 157.1, 157.2, 157.1, 157.2, 157.2, 156.4, 156.5, 157.1, 156.5, 157.0, 157.1, 157.6, 157.1, 157.1, 157.1, 157.1, 157.1, 156.5, 157.1, 157.1, 156.5, 157.1, 157.1, 157.1, 157.1, 157.2, 157.1, 157.7, 157.2, 157.2, 157.1, 157.1, 157.2, 156.5, 157.1, 157.2, 157.1, 157.2, 157.2, 157.2, 157.1, 157.2, 157.1, 156.5, 156.5, 157.1, 157.1, 156.6, 157.0, 157.2, 157.1, 157.2, 156.5, 157.2, 157.1, 157.2, 156.5, 157.1, 157.1, 157.2, 157.2, 156.5, 155.9, 157.1, 155.9, 157.1, 157.1, 157.2, 157.1, 157.1, 156.0, 156.5, 156.5, 157.1, 157.1, 156.4, 155.9, 157.6, 156.4, 157.1, 157.7, 157.1, 157.8, 157.2, 157.7, 157.7, 156.5, 156.5, 155.8, 156.4, 156.4, 155.8, 154.4, 155.0, 155.0, 154.4, 154.8, 154.2, 154.8, 154.8, 154.8, 153.8, 154.2, 155.0, 153.8, 154.4, 153.8, 153.8, 154.4, 153.8, 154.4, 154.0, 153.8, 153.8, 153.8, 154.4, 154.4, 154.4, 154.4, 154.8, 154.2, 153.6, 153.6, 154.2, 153.5, 154.2, 153.6, 154.2, 154.2, 153.8, 153.6, 154.1, 154.7, 155.3, 155.2, 155.2, 155.3, 155.2, 154.7, 154.7, 154.1, 154.7, 154.1, 154.7, 154.1, 153.9, 154.4, 155.2, 155.0, 155.2, 154.7, 155.2, 154.2, 154.4, 154.5, 154.8, 155.2, 154.1, 154.5, 155.0, 154.4, 154.7, 154.8, 154.2, 154.5, 155.2, 153.9, 154.5, 154.7, 154.8, 154.7, 154.7, 153.7, 153.9, 153.9, 153.5, 153.9, 153.9, 153.2, 153.2, 153.2, 153.9, 153.7, 153.7, 153.7, 153.9, 152.8, 153.0, 153.2, 153.0, 153.5, 152.8, 153.7, 153.5, 152.8, 153.0, 152.8, 152.4, 152.4, 151.7, 151.7, 152.2, 152.8, 153.5, 153.7, 153.7, 153.5, 153.5, 153.9, 152.8, 153.7, 153.7, 153.0, 153.5, 152.8, 152.8, 152.7, 153.7, 154.4, 154.2, 152.8, 153.7, 153.7, 153.0, 152.8, 154.0, 153.7, 153.7, 153.7, 152.8, 153.5, 152.8, 154.4, 153.5, 153.3, 152.8, 152.8, 152.8, 152.2, 152.4, 151.7, 151.1, 151.7, 150.2, 150.2, 151.3, 151.9, 153.0, 153.0, 152.8, 152.4, 152.6, 152.4, 151.9, 152.4, 152.2, 153.0, 153.0, 152.2, 152.2, 152.2, 152.8, 152.8, 153.2, 153.0, 153.9, 153.9, 153.7, 154.4, 153.7, 154.0, 154.0, 153.2, 154.5, 153.4, 153.9, 154.0, 154.0, 154.2, 154.8, 154.2, 154.2, 154.7, 154.2, 154.2, 154.0, 154.0, 154.2, 154.0, 154.2, 154.7, 154.0, 153.4, 154.0, 153.9, 153.9, 154.4, 153.9, 153.7, 153.7, 153.0, 153.7, 153.7, 153.7, 153.7, 153.0, 153.9, 153.0, 153.2, 153.7, 153.5, 153.7, 153.7, 153.7, 153.5, 152.8, 153.0, 154.4, 153.2, 153.7, 152.8, 153.0, 153.5, 152.8, 153.7, 153.7, 153.7, 152.4, 153.7, 153.0, 153.9, 153.2, 153.0, 153.0, 152.8, 153.5, 153.5, 153.2, 152.8, 153.7, 153.9, 153.9, 153.4, 153.9, 153.9, 153.9, 152.8, 153.2, 153.4, 154.0, 153.4, 153.4, 153.2, 153.4, 153.9, 153.2, 153.4, 153.9, 154.7, 154.0, 154.0, 155.3, 154.2, 154.2, 154.2, 154.4, 154.2, 155.0, 153.9, 152.7, 153.5, 153.0, 153.6, 153.0, 154.2, 152.9, 153.0, 153.6, 153.8, 153.0, 153.0, 153.6, 153.0, 153.8, 153.8, 153.6, 154.4, 153.8, 153.6, 153.6, 154.4, 154.4, 153.8, 153.8, 153.8, 153.6, 153.2, 154.4, 153.6, 153.6, 153.8, 154.4, 153.0, 154.4, 154.4, 154.4, 154.4, 154.4, 155.0, 155.0, 154.4, 154.4, 155.6, 155.6, 155.0, 155.5, 155.5, 155.0, 155.5, 154.8, 155.0, 155.0, 155.0, 155.0, 155.1, 154.8, 155.6, 154.8, 155.0, 155.0, 155.0, 154.8, 155.0, 155.0, 154.8, 155.0, 155.0, 155.0, 154.4, 155.0, 155.0, 155.0, 155.6, 155.0, 155.6, 155.6, 155.0, 155.8, 155.6, 155.6, 155.6, 155.0, 154.8, 154.8, 155.6, 155.6, 155.6, 155.0, 155.0, 155.6, 155.0, 155.5, 155.6, 156.4, 155.0, 156.1, 156.2, 156.2, 156.2, 156.2, 155.6, 155.6, 155.6, 155.6, 155.5, 155.6, 155.6, 155.8, 155.0, 155.0, 155.1, 155.6, 155.6, 155.1, 155.8, 155.6, 155.8, 155.8, 155.6, 155.8, 155.8, 155.8, 155.6, 155.8, 155.8, 155.8, 155.8, 155.8, 155.6, 155.8, 155.6, 155.8, 155.8, 155.8, 155.6, 155.8, 155.6, 156.2, 155.8, 155.8, 156.4, 155.6, 156.4, 155.8, 155.8, 156.2, 157.0, 155.8, 156.4, 155.8, 156.4, 156.4, 156.4, 156.4, 156.4, 156.5, 156.4, 157.0, 156.4, 155.8, 156.4, 155.8, 156.2, 156.4, 156.4, 156.2, 156.4, 156.2, 156.2, 156.2, 156.2, 155.6, 156.2, 156.2, 156.8, 156.8, 157.0, 156.8, 156.8, 156.8, 157.0, 157.0, 155.8, 156.2, 155.6]"
10,"[155.5, 154.7, 155.9, 154.7, 153.6, 153.2, 153.4, 152.8, 152.8, 152.2, 153.4, 152.4, 152.8, 153.4, 153.4, 154.1, 154.0, 154.0, 154.5, 153.5, 153.5, 153.2, 154.0, 152.8, 152.2, 152.2, 152.2, 152.0, 152.4, 152.8, 152.6, 152.0, 152.0, 152.4, 151.8, 150.8, 150.8, 151.2, 151.8, 150.6, 151.8, 151.2, 151.4, 151.4, 151.8, 151.4, 152.0, 151.2, 152.0, 151.2, 150.6, 150.6, 151.2, 151.2, 151.4, 151.2, 150.6, 150.6, 150.4, 151.2, 151.2, 152.0, 151.8, 152.6, 151.4, 151.6, 152.2, 152.2, 151.0, 152.4, 152.8, 152.8, 153.2, 153.4, 153.4, 153.4, 153.4, 154.0, 152.8, 152.9, 152.8, 152.2, 153.4, 153.4, 152.9, 152.9, 152.9, 153.5, 153.5, 153.5, 152.9, 153.5, 153.4, 152.8, 153.2, 152.8, 153.2, 152.8, 152.8, 152.8, 153.4, 152.8, 152.8, 152.2, 152.8, 152.8, 153.4, 153.5, 153.5, 153.5, 153.5, 153.5, 152.9, 152.8, 154.0, 153.4, 154.0, 153.4, 152.8, 152.8, 153.4, 153.4, 154.1, 153.5, 153.5, 154.5, 153.4, 153.4, 152.8, 153.2, 153.2, 152.6, 152.6, 152.8, 153.2, 152.6, 152.6, 152.6, 155.0, 154.4, 154.0, 154.4, 154.4, 154.0, 154.0, 153.5, 153.2, 153.8, 153.4, 153.2, 153.4, 153.8, 153.5, 152.9, 153.4, 153.2, 152.8, 152.6, 152.6, 153.4, 152.6, 152.8, 152.8, 153.4, 152.2, 152.2, 152.2, 151.6, 151.8, 151.8, 152.4, 152.4, 152.7, 153.1, 153.6, 153.6, 152.1, 152.8, 153.4, 154.2, 153.1, 153.1, 153.6, 153.6, 153.6, 153.1, 153.1, 153.6, 153.6, 153.4, 153.4, 153.4, 153.6, 152.5, 152.9, 152.9, 152.4, 152.4, 152.4, 152.4, 151.8, 152.0, 152.0, 152.8, 153.4, 152.2, 152.2, 152.8, 152.4, 152.8, 152.8, 151.8, 153.5, 152.8, 152.9, 152.4, 152.2, 152.2, 152.8, 152.8, 152.0, 152.0, 152.6, 152.0, 152.0, 151.8, 151.8, 151.8, 152.2, 152.9, 153.1, 153.2, 153.0, 153.0, 153.0, 153.0, 153.2, 152.4, 152.8, 152.6, 153.0, 152.6, 153.0, 153.2, 153.0, 153.2, 152.6, 152.4, 153.2, 152.6, 153.0, 151.9, 153.2, 152.4, 152.4, 153.2, 152.6, 153.2, 151.9, 153.2, 152.8, 152.8, 153.2, 153.0, 153.2, 152.4, 153.7, 153.2, 152.6, 152.6, 152.6, 153.0, 153.0, 153.0, 152.4, 152.4, 152.2, 152.0, 152.0, 152.0, 151.5, 150.2, 150.0, 150.0, 149.1, 148.9, 148.0, 147.1, 146.4, 145.2, 145.2, 145.6, 145.2, 145.9, 146.2, 146.5, 146.2, 145.5, 145.2, 145.2, 145.2, 144.9, 145.5, 144.9, 144.6, 144.6, 145.8, 145.2, 145.2, 145.5, 146.2, 145.2, 145.5, 145.2, 144.9, 144.2, 143.3, 143.9, 143.9, 143.6, 142.6, 143.0, 143.0, 144.6, 144.2, 144.2, 144.6, 144.6, 143.6, 143.6, 143.0, 143.3, 143.6, 143.3, 143.9, 143.3, 143.0, 143.9, 143.6, 143.0, 143.0, 142.3, 143.0, 142.3, 142.3, 142.6, 143.0, 142.3, 142.3, 143.3, 143.0, 142.3, 142.6, 142.0, 142.3, 142.3, 142.0, 143.9, 143.0, 143.3, 143.3, 144.6, 143.9, 143.9, 143.6, 143.0, 142.3, 142.3, 143.0, 143.3, 143.9, 144.6, 143.9, 144.6, 144.6, 144.6, 144.6, 144.2, 143.9, 144.3, 144.3, 143.3, 144.2, 144.6, 144.6, 145.2, 144.3, 144.6, 144.3, 145.2, 145.2, 144.6, 144.9, 144.6, 144.6, 144.9, 146.2, 147.1, 146.7, 148.0, 148.9, 148.5, 148.9, 147.3, 148.0, 147.3, 147.3, 146.8, 147.1, 148.2, 149.4, 149.6, 150.2, 150.0, 150.2, 150.0, 149.4, 149.4, 150.0, 150.0, 149.4, 148.2, 147.0, 148.5, 149.4, 149.4, 149.1, 149.6, 149.4, 149.4, 149.6, 148.7, 149.0, 148.5, 148.5, 147.8, 147.8, 147.6, 147.2, 147.8, 148.3, 149.6, 149.6, 149.0, 149.0, 149.2, 150.4, 150.4, 149.8, 149.6, 149.8, 149.8, 149.6, 149.4, 149.0, 149.0, 148.7, 149.6, 149.6, 149.0, 149.4, 150.0, 149.8, 151.1, 152.2, 152.8, 152.2, 152.2, 152.8, 152.8, 152.2, 152.2, 150.9, 150.9, 150.9, 151.7, 152.8, 152.8, 153.7, 153.7, 153.2, 152.8, 153.7, 153.7, 153.0, 153.7, 153.9, 153.7, 153.7, 153.9, 153.9, 153.7, 153.9, 153.7, 153.2, 154.0, 153.5, 153.5, 153.0, 153.0, 152.8, 153.2, 153.7, 153.7, 153.7, 154.2, 153.5, 153.5, 153.7, 153.7, 153.9, 153.9, 153.9, 153.2, 153.0, 153.9, 153.9, 153.9, 153.9, 153.2, 153.2, 153.9, 153.7, 154.4, 153.9, 153.9, 153.9, 153.9, 154.5, 153.7, 155.2, 154.4, 154.5, 153.7, 153.7, 154.5, 153.9, 153.9, 153.9, 153.9, 153.9, 154.5, 154.5, 153.9, 153.9, 153.9, 153.9, 153.2, 153.9, 153.7, 153.9, 154.5, 153.7, 154.5, 154.0, 154.5, 154.0, 153.2, 153.9, 154.5, 153.4, 153.4, 153.9, 154.0, 154.0, 154.5, 154.0, 153.9, 153.9, 154.5, 153.9, 153.9, 154.5, 154.5, 154.5, 153.9, 153.9, 154.5, 153.9, 153.9, 154.7, 154.5, 153.9, 153.9, 154.5, 154.5, 154.5, 153.9, 153.9, 153.9, 153.9, 153.9, 154.4, 153.2, 153.7, 153.7, 153.9, 154.0, 153.2, 153.9]"
10,"[153.9, 155.9, 155.2, 156.7, 155.6, 155.0, 154.0, 154.0, 153.8, 153.4, 154.0, 154.7, 153.5, 153.2, 154.0, 154.0, 153.8, 154.1, 154.5, 154.7, 154.5, 153.5, 154.1, 154.1, 154.5, 154.1, 154.1, 154.7, 154.5, 154.0, 153.5, 153.4, 153.2, 153.5, 153.6, 152.9, 153.9, 154.2, 154.4, 154.8, 154.0, 154.0, 154.0, 153.9, 154.5, 154.0, 154.0, 154.0, 154.8, 154.0, 153.9, 153.9, 153.2, 153.2, 153.7, 154.5, 153.7, 153.7, 154.4, 154.2, 154.4, 153.5, 153.0, 152.6, 151.1, 150.4, 150.4, 151.3, 150.7, 151.9, 152.6, 151.9, 150.4, 150.2, 149.6, 149.0, 148.5, 147.0, 146.2, 146.7, 146.4, 146.2, 146.7, 146.2, 145.5, 144.9, 144.6, 143.9, 143.9, 144.2, 144.6, 144.6, 144.2, 144.6, 143.9, 143.9, 143.9, 144.2, 143.9, 143.9, 143.9, 142.9, 144.5, 144.5, 143.9, 143.3, 143.6, 143.3, 143.6, 142.6, 142.6, 142.3, 142.3, 143.6, 143.3, 143.3, 143.3, 143.3, 143.6, 142.6, 142.6, 143.6, 143.3, 144.2, 144.9, 145.1, 144.2, 143.9, 145.1, 145.5, 144.9, 145.1, 145.1, 145.8, 148.5, 148.7, 148.7, 147.6, 145.8, 145.8, 147.5, 148.1, 148.7, 148.7, 148.7, 149.8, 149.8, 151.3, 151.7, 152.6, 152.8, 153.2, 153.7, 153.0, 152.2, 151.7, 151.3, 150.4, 149.8, 149.8, 149.8, 149.0, 148.7, 148.1, 147.8, 147.8, 147.5, 147.0, 146.3, 146.1, 147.0, 149.4, 150.4, 151.7, 152.6, 152.8, 153.9, 153.7, 153.9, 153.2, 153.2, 152.4, 151.3, 149.8, 150.4, 151.3, 151.7, 151.9, 151.9, 151.3, 151.1, 150.4, 149.0, 147.8, 146.1, 145.8, 146.1, 147.8, 148.1, 148.7, 148.7, 148.7, 149.6, 149.8, 149.6, 149.0, 147.8, 146.7, 145.8, 145.1, 144.6, 144.6, 144.9, 145.1, 145.8, 146.3, 146.1, 145.5, 144.9, 144.9, 145.1, 144.6, 144.3, 145.1, 144.9, 143.9, 144.2, 143.9, 143.9, 143.9, 143.3, 143.9, 143.9, 143.6, 143.6, 143.9, 143.3, 142.3, 143.0, 143.9, 143.9, 144.3, 144.6, 145.5, 146.3, 146.1, 144.9, 144.2, 143.0, 143.6, 142.9, 142.6, 142.3, 142.6, 142.6, 143.3, 144.2, 144.6, 143.9, 144.2, 143.9, 143.3, 143.3, 143.3, 143.6, 142.9, 142.9, 142.9, 142.6, 142.6, 143.2, 143.9, 143.9, 145.1, 145.4, 146.3, 147.2, 146.3, 145.8, 145.5, 145.1, 144.2, 143.9, 143.3, 143.9, 143.6, 143.0, 143.9, 143.6, 143.9, 143.9, 144.6, 146.1, 147.0, 145.8, 145.8, 144.5, 145.1, 145.8, 146.7, 145.8, 145.8, 144.9, 144.6, 144.5, 145.1, 145.1, 145.1, 145.1, 144.6, 145.1, 144.9, 144.9, 145.8, 146.6, 147.6, 149.4, 150.2, 151.3, 153.0, 153.9, 153.5, 152.6, 151.1, 150.4, 149.6, 147.8, 149.4, 149.2, 150.7, 150.7, 150.4, 150.4, 151.1, 152.6, 152.8, 152.8, 153.9, 153.2, 153.9, 153.7, 153.5, 152.4, 152.4, 151.5, 151.9, 151.9, 152.4, 151.7, 151.3, 151.1, 150.4, 150.2, 151.7, 152.2, 152.8, 153.5, 153.7, 153.0, 151.7, 150.2, 149.6, 149.6, 149.0, 149.8, 150.7, 151.7, 152.4, 151.3, 151.7, 151.5, 151.7, 151.7, 152.4, 153.2, 153.7, 153.0, 153.0, 152.4, 152.8, 153.0, 152.2, 151.9, 153.2, 153.2, 152.6, 152.6, 152.4, 152.4, 153.0, 153.2, 153.0, 153.2, 152.6, 153.0, 153.2, 153.2, 153.0, 153.9, 153.0, 153.9, 153.9, 153.0, 153.7, 153.5, 153.7, 153.9, 153.4, 153.2, 153.7, 153.9, 154.2, 153.0, 153.2, 153.2, 153.2, 153.0, 152.4, 153.2, 152.4, 152.2, 151.7, 151.1, 151.1, 151.7, 151.7, 151.1, 150.4, 150.2, 150.4, 150.9, 150.9, 151.7, 152.6, 151.9, 152.1, 150.7, 151.5, 151.3, 151.1, 151.5, 151.7, 152.1, 152.1, 151.5, 151.9, 152.8, 152.3, 152.1, 150.9, 151.7, 152.3, 151.7, 151.1, 151.7, 151.1, 151.1, 151.3, 151.9, 152.1, 151.3, 152.7, 153.3, 152.7, 152.7, 152.7, 152.1, 152.7, 151.9, 151.9, 152.7, 152.7, 152.7, 152.1, 152.5, 152.9, 152.2, 152.2, 152.2, 152.2, 152.4, 153.0, 153.0, 153.2, 153.2, 152.4, 152.6, 153.6, 153.0, 152.4, 152.4, 153.0, 152.9, 152.6, 152.0, 152.4, 151.8, 152.4, 151.0, 151.2, 151.8, 151.6, 151.0, 151.0, 151.5, 151.5, 151.5, 151.0, 151.5, 151.3, 152.2, 151.0, 150.9, 150.9, 150.9, 151.0, 150.9, 151.5, 151.5, 152.2, 150.7, 150.9, 150.7, 150.9, 151.3, 152.1, 152.2, 151.5, 151.6, 152.9, 152.2, 153.3, 152.9, 152.4, 152.7, 153.0, 152.9, 151.6, 152.2, 152.9, 152.9, 152.9, 152.9, 153.5, 153.2, 152.9, 152.9, 152.4, 151.5, 150.4, 150.4, 151.6, 151.2, 152.2, 152.9, 152.4, 151.8, 151.2, 151.8, 151.6, 152.4, 151.8, 152.2, 151.8, 151.6, 152.4, 153.0, 153.6, 152.6, 152.6, 152.6, 152.4, 152.4, 151.6, 151.8, 151.8, 152.4, 150.4, 151.8, 152.2, 151.0, 151.6, 151.6, 151.0, 151.0, 151.8, 152.2, 151.8, 151.0, 151.8, 151.2, 151.8, 153.0, 151.2, 151.8, 151.8, 151.2, 151.0, 151.8, 151.8]"
10,"[157.1, 157.2, 157.6, 157.2, 156.8, 156.2, 155.5, 155.0, 155.1, 155.0, 155.1, 155.1, 155.0, 155.3, 154.7, 155.3, 155.3, 155.8, 155.3, 155.3, 155.0, 155.3, 155.1, 155.3, 155.1, 155.3, 155.3, 155.3, 155.3, 155.9, 155.9, 155.9, 155.3, 154.7, 154.5, 155.1, 155.3, 155.1, 155.1, 155.3, 155.8, 155.1, 155.3, 155.3, 155.1, 155.8, 155.0, 154.5, 155.3, 155.3, 155.1, 155.1, 155.9, 155.9, 155.8, 155.9, 155.9, 156.5, 155.9, 155.8, 155.9, 155.3, 155.1, 155.9, 155.9, 155.8, 155.9, 155.9, 155.3, 155.9, 155.9, 155.9, 155.1, 155.9, 155.3, 154.7, 155.1, 155.0, 154.5, 155.0, 155.3, 155.3, 155.1, 155.3, 156.5, 155.8, 155.9, 155.9, 155.8, 155.9, 155.9, 155.9, 155.9, 155.9, 155.9, 156.4, 156.5, 155.9, 156.4, 155.8, 155.9, 156.4, 156.4, 156.2, 155.9, 155.3, 156.4, 156.5, 155.8, 155.1, 155.1, 155.8, 155.1, 155.6, 155.6, 155.9, 155.9, 156.5, 155.8, 155.8, 155.9, 155.9, 155.9, 156.5, 155.9, 155.8, 156.4, 156.4, 156.4, 155.9, 155.9, 155.9, 155.9, 156.4, 155.8, 155.8, 155.1, 155.1, 155.8, 156.4, 156.4, 156.4, 155.8, 156.4, 156.4, 155.8, 155.8, 156.4, 157.0, 155.8, 156.4, 155.8, 156.4, 157.1, 155.8, 156.4, 156.5, 156.2, 156.8, 155.8, 156.5, 156.5, 156.4, 156.4, 155.9, 155.8, 155.9, 155.9, 156.5, 155.3, 156.4, 156.4, 156.4, 156.4, 155.8, 156.4, 156.5, 155.9, 156.4, 156.5, 155.9, 155.9, 155.3, 155.9, 156.4, 155.9, 155.3, 154.5, 154.4, 154.0, 154.0, 154.0, 154.0, 153.8, 153.2, 153.8, 153.4, 154.5, 153.8, 153.8, 153.8, 153.4, 153.8, 153.2, 153.4, 153.4, 153.4, 152.8, 153.4, 153.4, 153.4, 153.4, 152.8, 152.8, 153.8, 153.2, 154.0, 152.6, 153.2, 152.8, 153.2, 152.2, 153.2, 153.4, 153.4, 153.2, 153.2, 152.6, 152.6, 153.2, 153.2, 152.8, 152.6, 152.8, 152.8, 152.8, 153.2, 152.9, 154.0, 153.8, 154.0, 153.5, 152.6, 153.4, 153.2, 153.2, 153.2, 153.4, 152.6, 152.8, 152.6, 153.2, 152.8, 152.8, 153.4, 152.6, 152.6, 153.4, 152.8, 152.6, 152.6, 153.8, 153.4, 153.4, 153.8, 154.0, 154.0, 154.4, 153.8, 154.5, 154.0, 154.5, 154.1, 154.0, 153.4, 153.4, 153.8, 154.0, 154.0, 152.8, 153.4, 153.5, 153.4, 153.4, 154.0, 154.7, 154.5, 153.4, 154.0, 154.0, 153.4, 153.4, 153.4, 153.4, 153.4, 153.4, 153.4, 154.0, 154.0, 154.0, 154.5, 154.5, 153.4, 153.4, 153.4, 154.0, 153.4, 153.4, 154.0, 154.8, 154.5, 154.0, 154.1, 154.5, 153.4, 154.0, 153.4, 153.4, 152.8, 152.8, 152.8, 152.8, 153.2, 153.8, 153.5, 153.8, 153.4, 152.8, 152.8, 152.8, 153.4, 153.2, 153.2, 153.4, 153.5, 152.8, 153.5, 152.6, 153.2, 152.8, 152.8, 153.2, 153.4, 153.5, 154.0, 154.0, 154.0, 154.5, 154.0, 154.5, 154.5, 153.4, 152.8, 153.4, 153.4, 153.5, 153.4, 152.8, 153.5, 153.5, 153.4, 153.4, 154.1, 153.5, 153.4, 153.4, 153.4, 153.4, 153.5, 154.0, 154.1, 154.0, 153.4, 154.1, 154.1, 153.5, 153.4, 153.8, 154.1, 154.1, 154.0, 154.0, 154.1, 154.7, 154.7, 155.9, 154.7, 155.8, 155.3, 154.4, 155.3, 155.8, 155.3, 154.7, 154.7, 154.1, 154.7, 154.5, 154.7, 155.0, 154.7, 154.5, 154.5, 154.5, 154.5, 154.7, 154.7, 154.0, 154.1, 154.5, 155.3, 155.1, 154.8, 155.9, 155.3, 155.3, 155.3, 154.7, 154.7, 155.3, 155.3, 155.1, 155.1, 155.3, 154.7, 155.8, 155.1, 156.4, 155.8, 155.9, 155.3, 155.3, 155.3, 155.9, 155.8, 155.8, 156.5, 155.9, 155.8, 155.8, 154.7, 155.9, 154.7, 155.3, 155.3, 155.1, 154.5, 156.4, 155.1, 155.9, 154.5, 155.9, 155.3, 155.9, 155.8, 155.9, 155.8, 156.4, 155.6, 156.4, 155.6, 156.4, 156.2, 155.8, 156.2, 156.4, 156.4, 156.4, 155.9, 156.5, 156.5, 156.4, 156.4, 156.4, 156.4, 155.8, 156.4, 156.4, 156.5, 155.9, 156.4, 156.4, 155.6, 155.9, 156.2, 155.6, 155.8, 155.0, 156.2, 156.2, 156.2, 156.2, 155.6, 155.8, 155.8, 155.1, 156.4, 156.4, 155.9, 156.8, 156.4, 156.4, 156.2, 156.2, 156.4, 155.6, 156.4, 156.2, 156.2, 156.4, 156.2, 157.0, 156.4, 156.4, 156.4, 155.8, 156.2, 155.9, 155.8, 155.8, 155.6, 156.5, 155.6, 155.6, 155.6, 156.2, 155.6, 155.6, 155.6, 156.2, 155.8, 155.8, 155.8, 155.9, 155.9, 155.9, 155.8, 155.8, 155.1, 155.1, 155.8, 155.0, 155.8, 155.8, 155.1, 154.5, 155.1, 155.8, 155.8, 154.5, 155.1, 155.1, 155.1, 155.8, 155.3, 155.9, 155.1, 155.9, 155.8, 155.8, 154.5, 155.1, 155.1, 155.8, 155.8, 155.3, 155.1, 155.8, 154.5, 154.5, 155.1, 154.7, 155.9, 155.3, 155.9, 155.9, 155.9, 156.4, 155.8, 155.9, 155.1, 155.8, 154.5, 155.1, 154.5, 154.5, 155.9, 155.1, 155.1, 154.5, 155.1, 155.1, 155.3, 155.3, 155.1, 154.5, 155.1, 155.9, 154.5, 155.1]"
10,"[151.3, 151.8, 150.9, 151.5, 151.7, 152.2, 152.0, 152.2, 151.7, 152.8, 152.7, 151.8, 152.0, 152.0, 152.5, 151.8, 151.6, 151.8, 151.8, 151.8, 151.1, 151.6, 151.6, 151.6, 151.6, 151.1, 151.3, 150.7, 151.1, 150.7, 151.8, 151.3, 151.5, 152.4, 152.4, 152.2, 153.0, 151.9, 152.2, 151.6, 151.3, 151.8, 152.5, 151.8, 150.4, 150.9, 151.8, 151.6, 150.9, 151.1, 150.2, 150.2, 150.2, 150.2, 150.2, 150.2, 149.6, 149.3, 148.7, 148.9, 148.0, 148.2, 148.2, 147.7, 148.2, 148.7, 148.9, 148.7, 148.9, 148.9, 148.9, 148.9, 148.9, 148.9, 148.9, 148.9, 149.3, 148.9, 148.9, 148.9, 149.1, 148.9, 148.9, 148.9, 148.7, 149.1, 148.9, 149.8, 149.8, 150.4, 149.8, 149.8, 149.6, 148.9, 149.8, 149.8, 149.4, 149.1, 150.2, 150.4, 150.7, 150.4, 151.5, 152.0, 152.7, 152.4, 152.2, 152.0, 151.5, 152.0, 151.8, 152.0, 151.1, 150.9, 151.1, 151.5, 152.0, 151.1, 151.3, 151.3, 151.3, 151.3, 152.2, 152.4, 152.4, 152.6, 152.4, 152.8, 152.2, 152.4, 153.0, 152.4, 153.0, 152.6, 152.4, 152.2, 152.4, 152.4, 152.2, 152.2, 152.0, 152.0, 152.0, 151.3, 151.3, 151.1, 152.0, 152.4, 151.9, 153.2, 153.7, 153.2, 153.2, 153.2, 153.0, 153.7, 152.6, 152.4, 153.0, 152.4, 152.6, 152.3, 152.1, 152.4, 152.6, 152.4, 152.6, 152.8, 152.6, 152.4, 152.6, 152.6, 151.9, 152.8, 152.6, 152.6, 152.8, 152.6, 153.0, 152.6, 151.7, 151.7, 152.8, 152.4, 153.4, 153.2, 152.6, 153.4, 152.8, 153.4, 152.4, 152.6, 152.8, 152.6, 151.9, 152.4, 152.4, 152.2, 152.2, 152.2, 152.0, 152.4, 152.4, 151.7, 152.2, 152.2, 151.5, 150.7, 149.4, 149.4, 150.2, 150.0, 150.0, 150.2, 151.7, 151.7, 151.1, 150.9, 150.9, 150.9, 150.2, 149.6, 150.2, 151.3, 150.9, 150.9, 150.0, 150.2, 150.9, 150.9, 151.5, 151.5, 150.7, 151.5, 150.9, 150.9, 151.5, 152.4, 152.4, 151.7, 152.6, 153.0, 152.6, 152.4, 152.2, 152.4, 152.6, 152.2, 152.4, 152.4, 151.5, 151.5, 151.5, 152.2, 152.2, 152.4, 152.4, 152.4, 151.5, 152.4, 151.7, 151.7, 152.2, 152.2, 151.9, 151.7, 152.8, 151.7, 151.1, 152.4, 151.9, 152.2, 151.5, 152.4, 152.6, 152.2, 152.0, 152.2, 152.2, 152.4, 151.7, 152.0, 152.2, 151.3, 151.3, 152.2, 151.5, 151.5, 152.2, 151.7, 151.7, 151.7, 152.2, 152.4, 152.6, 151.7, 151.9, 151.9, 152.6, 152.6, 153.7, 152.8, 152.8, 152.6, 153.2, 153.2, 152.6, 153.2, 153.2, 153.2, 153.9, 154.0, 153.4, 154.0, 154.0, 154.0, 154.0, 152.9, 153.4, 152.9, 152.9, 153.6, 152.9, 153.6, 153.4, 154.0, 152.9, 154.0, 153.4, 153.2, 152.6, 153.2, 154.0, 153.4, 153.2, 153.4, 153.2, 153.2, 153.2, 152.6, 152.6, 152.6, 153.2, 152.8, 152.9, 152.8, 152.8, 152.8, 152.8, 153.4, 153.2, 153.2, 153.2, 153.2, 152.8, 153.4, 153.4, 152.9, 153.4, 153.4, 152.8, 154.0, 153.9, 153.2, 153.6, 153.6, 153.6, 153.6, 153.4, 153.6, 153.2, 153.6, 154.0, 154.8, 153.4, 154.7, 154.2, 154.0, 153.6, 154.4, 153.7, 154.4, 153.9, 153.9, 153.7, 154.5, 153.5, 153.3, 153.0, 153.6, 153.0, 152.4, 153.0, 153.0, 153.0, 153.0, 153.0, 152.6, 152.9, 153.0, 153.0, 153.0, 152.9, 152.6, 152.6, 153.2, 153.2, 152.0, 152.6, 152.6, 152.2, 152.6, 152.6, 152.0, 152.2, 152.2, 152.2, 152.2, 152.8, 152.4, 152.8, 152.2, 151.6, 152.6, 152.6, 152.6, 152.6, 152.6, 152.2, 152.8, 152.6, 153.2, 153.2, 154.0, 152.6, 153.2, 153.4, 152.8, 153.2, 152.6, 153.4, 152.8, 153.2, 153.2, 153.2, 153.2, 153.2, 152.8, 153.4, 153.8, 154.2, 153.4, 154.0, 154.0, 154.0, 153.8, 154.5, 153.2, 153.4, 153.4, 153.2, 153.2, 153.4, 154.0, 153.8, 153.8, 153.2, 153.2, 153.8, 153.2, 152.8, 153.2, 153.8, 153.2, 153.2, 153.2, 153.5, 153.2, 153.2, 153.2, 154.0, 153.4, 154.0, 153.8, 153.8, 153.5, 152.8, 152.8, 153.8, 154.0, 152.6, 153.2, 153.8, 153.2, 153.8, 153.2, 153.8, 153.8, 154.0, 154.0, 153.2, 153.4, 154.0, 153.8, 153.4, 154.0, 153.8, 153.4, 153.4, 153.8, 154.0, 154.5, 153.8, 153.8, 154.4, 153.8, 153.2, 154.0, 153.8, 153.8, 154.0, 154.4, 153.8, 153.2, 153.8, 153.2, 153.8, 153.8, 153.8, 154.0, 153.8, 153.8, 153.8, 153.8, 153.2, 154.4, 154.4, 153.2, 153.8, 154.0, 154.0, 154.4, 154.4, 154.4, 154.4, 154.5, 154.0, 154.4, 154.4, 154.4, 153.8, 154.4, 153.4, 154.4, 154.4, 153.8, 153.8, 153.6, 154.4, 153.8, 153.8, 153.8, 153.8, 154.5, 154.4, 154.5, 154.4, 153.4, 154.5, 154.5, 153.8, 154.4, 153.4, 153.8, 154.5, 154.4, 153.8, 153.8, 153.8, 153.8, 154.0, 154.0, 154.0, 154.4, 153.6, 154.4, 154.5, 154.2, 153.8, 153.8, 154.0, 153.8, 154.0, 154.5, 154.4, 153.8, 154.4, 154.2, 153.8, 153.8]"
10,"[146.5, 150.7, 152.2, 152.2, 152.1, 151.9, 153.0, 153.2, 152.4, 151.3, 150.9, 150.9, 151.3, 151.3, 151.3, 150.7, 151.7, 151.5, 152.4, 152.6, 152.6, 153.0, 152.2, 153.0, 151.7, 152.6, 152.6, 152.1, 152.6, 152.1, 151.9, 152.8, 152.6, 152.6, 152.8, 153.0, 151.9, 152.4, 152.1, 153.0, 153.2, 152.6, 152.6, 153.2, 152.2, 153.0, 152.6, 152.6, 153.0, 153.0, 152.4, 152.6, 152.4, 153.0, 152.4, 153.0, 152.8, 152.8, 152.4, 153.0, 153.0, 151.7, 153.0, 151.9, 153.0, 152.4, 152.6, 151.7, 152.4, 152.4, 152.4, 153.0, 152.4, 152.6, 152.4, 153.0, 152.4, 153.0, 153.2, 152.4, 151.5, 152.6, 151.9, 152.6, 152.6, 153.2, 153.2, 153.2, 152.4, 153.0, 152.6, 153.0, 152.6, 153.2, 153.2, 152.4, 153.2, 152.4, 153.2, 153.2, 153.0, 153.0, 152.6, 153.0, 152.6, 152.8, 152.4, 152.4, 153.0, 152.4, 151.9, 152.4, 153.0, 151.9, 152.6, 152.6, 152.4, 153.0, 153.0, 153.0, 152.7, 152.4, 152.4, 152.4, 153.2, 152.6, 152.4, 153.0, 152.6, 152.4, 153.0, 153.0, 153.7, 153.0, 153.0, 153.7, 153.7, 153.0, 153.0, 153.7, 153.0, 153.7, 153.7, 153.7, 153.7, 154.5, 153.7, 153.7, 153.7, 153.0, 153.7, 153.7, 153.7, 153.9, 153.9, 154.5, 153.2, 154.4, 153.9, 154.5, 153.9, 154.5, 153.9, 154.5, 153.9, 153.9, 154.0, 153.9, 154.5, 153.9, 153.9, 153.9, 153.9, 153.9, 153.9, 154.7, 154.5, 154.7, 154.0, 153.4, 154.0, 153.6, 154.0, 154.0, 154.0, 154.5, 154.5, 154.5, 153.9, 153.7, 154.5, 154.4, 154.5, 154.5, 153.7, 153.7, 153.7, 153.2, 153.9, 153.7, 153.7, 153.0, 154.5, 153.0, 153.7, 153.9, 153.7, 153.0, 153.0, 153.0, 153.7, 153.0, 153.7, 153.0, 153.7, 153.0, 153.7, 153.7, 153.7, 153.0, 153.7, 153.7, 153.9, 153.9, 153.7, 153.7, 153.7, 153.0, 153.2, 153.7, 153.7, 153.9, 153.7, 153.7, 153.2, 153.9, 153.9, 153.7, 153.7, 153.7, 153.7, 153.0, 154.5, 153.0, 154.5, 153.7, 153.7, 153.7, 153.9, 153.7, 153.9, 153.9, 153.9, 153.9, 153.7, 153.2, 153.7, 153.7, 153.9, 153.0, 153.9, 153.7, 153.9, 153.0, 153.7, 153.9, 153.9, 153.7, 153.9, 153.9, 153.9, 153.9, 153.9, 153.9, 153.9, 153.9, 153.9, 153.9, 154.5, 153.9, 153.9, 153.9, 153.7, 153.9, 154.5, 153.9, 153.9, 153.9, 153.9, 153.9, 153.9, 153.7, 153.7, 153.7, 153.7, 153.7, 154.4, 153.7, 153.0, 153.0, 153.0, 153.7, 153.2, 153.7, 153.0, 153.9, 153.9, 153.0, 153.7, 153.9, 153.9, 153.9, 153.7, 153.9, 153.9, 154.5, 153.9, 153.9, 153.2, 153.2, 153.9, 153.9, 153.9, 153.6, 154.2, 154.0, 153.9, 154.7, 153.9, 153.9, 153.0, 153.7, 153.7, 153.7, 153.7, 153.7, 153.9, 153.4, 153.7, 153.9, 153.4, 153.9, 153.9, 153.9, 154.5, 153.4, 153.9, 153.9, 153.9, 153.9, 154.5, 152.8, 154.0, 154.0, 154.2, 153.9, 153.9, 154.0, 154.0, 153.9, 153.9, 153.9, 154.5, 153.9, 153.9, 154.5, 153.9, 153.9, 154.0, 153.9, 154.5, 154.5, 154.5, 154.2, 153.9, 154.5, 154.0, 154.7, 154.7, 154.7, 154.7, 154.7, 154.0, 154.7, 154.0, 154.7, 154.0, 154.7, 154.7, 154.7, 154.0, 154.7, 154.7, 154.0, 154.7, 154.0, 154.7, 154.7, 154.2, 154.0, 154.8, 154.4, 154.2, 154.4, 154.2, 154.4, 154.8, 154.0, 154.4, 154.4, 154.0, 153.1, 153.6, 153.6, 152.9, 154.2, 154.8, 154.4, 154.5, 154.4, 153.4, 153.7, 155.0, 154.0, 154.2, 154.2, 153.6, 153.1, 153.6, 153.6, 152.9, 153.6, 153.6, 152.9, 153.4, 153.4, 153.7, 153.6, 154.4, 154.4, 154.4, 154.2, 153.3, 154.2, 153.7, 154.5, 153.7, 154.2, 153.7, 153.7, 153.1, 153.9, 153.9, 153.9, 154.1, 153.9, 153.9, 153.9, 153.3, 153.3, 153.9, 153.3, 153.3, 153.5, 154.7, 154.5, 154.7, 154.7, 154.7, 154.2, 154.2, 153.9, 153.9, 154.5, 154.1, 153.3, 154.1, 153.3, 153.9, 153.9, 153.9, 153.3, 153.3, 153.3, 153.3, 153.3, 153.3, 153.3, 153.3, 153.5, 153.9, 153.3, 152.7, 153.5, 152.9, 154.1, 154.1, 153.5, 153.9, 153.0, 152.7, 152.9, 152.9, 152.9, 152.4, 153.0, 153.0, 153.5, 153.2, 153.2, 151.8, 153.0, 153.8, 153.2, 153.6, 153.8, 154.0, 153.8, 153.4, 153.4, 153.8, 153.8, 153.2, 154.4, 153.2, 153.4, 152.6, 153.2, 153.2, 152.6, 153.4, 153.8, 153.2, 153.8, 153.4, 154.0, 153.4, 153.6, 153.2, 154.0, 153.4, 153.4, 154.0, 153.2, 154.4, 153.2, 154.0, 154.5, 154.0, 154.0, 153.8, 153.8, 154.4, 153.8, 153.8, 153.8, 154.4, 154.4, 153.2, 154.0, 154.4, 154.5, 154.4, 154.0, 154.4, 154.4, 154.4, 153.8, 153.8, 153.8, 154.4, 153.8, 153.2, 154.4, 153.8, 153.4, 154.4, 153.8, 154.4, 154.2, 154.4, 154.4, 153.8, 153.8, 153.8, 153.8, 154.4, 153.8, 153.8, 154.4, 154.0, 153.2, 154.4, 153.8, 153.8, 154.4, 153.8, 153.6, 153.2, 153.8]"
10,"[155.3, 155.6, 155.3, 156.6, 154.2, 153.6, 153.6, 153.8, 152.8, 152.8, 154.0, 154.0, 153.4, 153.4, 152.8, 154.0, 154.5, 154.0, 153.8, 154.0, 154.0, 154.0, 154.0, 153.4, 154.5, 154.7, 153.8, 154.0, 154.0, 154.5, 154.0, 154.5, 154.0, 154.0, 154.0, 154.0, 153.8, 153.8, 153.8, 154.0, 152.8, 153.8, 154.2, 154.0, 153.8, 153.8, 153.8, 153.2, 153.2, 153.8, 153.2, 153.2, 153.8, 154.5, 154.0, 153.2, 153.8, 153.8, 153.2, 154.0, 152.6, 153.2, 154.0, 153.2, 153.8, 153.2, 154.0, 153.8, 154.4, 153.8, 153.6, 154.4, 153.8, 154.0, 153.8, 153.8, 154.4, 153.8, 153.8, 154.2, 154.8, 154.4, 154.0, 154.4, 154.0, 153.2, 154.2, 153.8, 153.8, 153.6, 153.8, 153.8, 153.2, 153.8, 153.8, 153.8, 153.8, 153.2, 154.2, 153.2, 153.8, 153.8, 154.0, 153.6, 153.6, 153.8, 154.0, 153.8, 154.0, 154.0, 154.0, 154.4, 153.8, 153.8, 154.0, 153.2, 153.4, 152.0, 153.2, 152.0, 153.0, 153.0, 152.4, 153.0, 152.9, 153.6, 152.9, 152.1, 152.1, 151.9, 151.9, 151.7, 151.9, 151.3, 153.3, 152.4, 152.4, 152.1, 151.5, 151.6, 150.9, 151.0, 151.2, 151.6, 152.0, 151.8, 151.2, 150.6, 151.0, 152.6, 152.2, 151.0, 152.9, 151.2, 152.6, 153.8, 154.0, 154.5, 154.5, 154.5, 154.0, 153.8, 153.0, 153.6, 154.2, 153.0, 152.9, 153.5, 154.1, 153.5, 152.9, 153.5, 152.9, 152.9, 153.2, 153.8, 153.8, 154.2, 153.8, 153.8, 153.5, 153.7, 153.7, 153.3, 153.7, 154.4, 154.4, 153.6, 153.2, 153.9, 153.9, 154.7, 154.7, 153.9, 154.7, 154.0, 154.0, 154.2, 154.0, 154.5, 154.7, 153.4, 153.4, 153.2, 152.8, 152.8, 153.2, 153.0, 153.0, 153.0, 153.0, 153.7, 153.2, 153.7, 153.7, 153.0, 153.7, 153.7, 153.7, 153.7, 153.9, 153.7, 153.2, 153.0, 153.7, 153.9, 153.0, 153.0, 151.3, 152.4, 153.0, 153.0, 152.8, 153.0, 152.6, 153.0, 152.2, 152.4, 153.0, 153.0, 152.8, 153.0, 153.0, 153.0, 153.0, 152.6, 153.0, 152.4, 151.7, 151.9, 152.6, 152.2, 153.0, 153.0, 153.5, 153.7, 152.8, 153.0, 152.6, 151.1, 150.9, 152.4, 153.5, 154.0, 153.1, 153.0, 152.8, 152.8, 153.0, 152.2, 151.5, 151.5, 151.5, 151.5, 151.5, 150.2, 151.1, 152.4, 153.0, 153.2, 152.8, 153.0, 153.7, 152.8, 153.5, 152.8, 153.7, 153.7, 153.7, 152.4, 153.0, 152.4, 152.4, 153.2, 152.4, 152.7, 153.3, 152.8, 152.7, 152.8, 153.3, 153.3, 152.8, 153.3, 153.3, 152.8, 153.0, 153.7, 153.7, 153.5, 152.8, 153.0, 153.0, 153.0, 152.8, 152.8, 153.7, 153.7, 153.0, 153.7, 153.5, 153.7, 153.7, 153.7, 152.8, 153.7, 153.7, 153.9, 153.7, 153.9, 154.0, 154.5, 154.7, 154.2, 154.0, 154.2, 153.4, 153.6, 153.4, 153.6, 153.6, 153.7, 153.7, 153.6, 154.2, 153.6, 153.9, 153.7, 153.2, 153.2, 153.7, 154.2, 153.2, 153.7, 153.9, 153.2, 153.9, 153.2, 153.9, 153.4, 153.4, 153.4, 154.0, 154.0, 153.4, 153.4, 154.2, 154.7, 154.0, 154.0, 153.4, 154.7, 153.7, 154.0, 154.7, 153.4, 154.7, 154.2, 153.9, 153.4, 153.2, 152.8, 153.2, 154.0, 153.2, 153.4, 153.6, 153.4, 153.4, 153.2, 153.6, 153.6, 153.4, 154.0, 154.2, 154.2, 153.6, 153.6, 153.6, 152.9, 153.6, 153.6, 153.3, 153.9, 154.7, 153.6, 154.1, 154.1, 154.2, 153.9, 153.9, 153.3, 153.5, 153.5, 152.9, 153.3, 154.1, 153.5, 153.5, 154.2, 154.2, 154.2, 154.7, 153.5, 154.1, 152.9, 153.8, 152.9, 153.8, 153.6, 153.5, 153.6, 153.2, 153.6, 153.6, 154.2, 153.5, 154.2, 153.8, 153.8, 153.5, 153.8, 154.2, 154.2, 153.8, 153.6, 153.6, 154.2, 154.2, 154.5, 153.6, 154.2, 154.4, 154.4, 155.0, 154.4, 154.4, 155.0, 155.0, 155.0, 155.5, 154.4, 155.8, 155.1, 155.6, 155.0, 155.8, 155.8, 155.6, 155.0, 154.5, 154.5, 155.0, 155.0, 154.7, 155.0, 155.8, 155.0, 155.0, 155.8, 155.3, 155.1, 155.0, 155.0, 155.8, 155.8, 155.8, 155.8, 155.6, 155.8, 155.6, 155.8, 155.8, 155.6, 155.1, 155.1, 155.6, 155.6, 155.8, 155.8, 155.6, 155.1, 155.6, 155.6, 155.8, 156.2, 156.1, 155.6, 155.6, 155.0, 155.6, 156.4, 155.1, 155.8, 155.1, 154.5, 155.8, 155.1, 155.1, 155.6, 155.5, 155.8, 155.0, 155.9, 156.4, 155.1, 155.8, 155.0, 155.8, 155.1, 155.8, 155.1, 155.1, 155.1, 155.1, 155.1, 155.8, 156.5, 155.1, 155.8, 155.1, 155.8, 154.5, 154.5, 154.5, 154.5, 155.1, 155.1, 155.8, 155.9, 155.1, 155.8, 155.3, 155.3, 155.1, 155.8, 155.9, 155.1, 155.8, 155.6, 155.8, 155.1, 155.8, 155.8, 154.5, 155.1, 155.8, 154.5, 155.1, 155.1, 155.0, 155.1, 155.1, 155.1, 155.1, 155.1, 155.0, 154.5, 154.5, 155.1, 155.6, 155.1, 154.5, 155.0, 154.5, 154.8, 155.0, 155.1, 154.4, 155.1, 154.5, 155.1, 154.4, 154.5, 154.5, 155.1, 154.5, 154.5, 154.4, 154.5]"
10,"[158.5, 159.1, 159.0, 158.0, 158.0, 158.0, 158.1, 158.1, 157.0, 157.5, 157.6, 157.6, 158.2, 157.6, 157.5, 157.0, 157.6, 157.6, 157.6, 157.6, 157.6, 157.6, 157.5, 156.4, 157.0, 157.0, 157.0, 156.8, 157.7, 157.5, 157.0, 156.8, 156.8, 157.0, 156.2, 156.4, 157.5, 157.0, 157.0, 156.4, 157.0, 156.4, 157.1, 156.2, 156.8, 156.8, 157.0, 156.5, 157.1, 157.6, 157.6, 157.0, 157.6, 157.5, 157.6, 156.8, 157.5, 157.6, 157.6, 157.5, 157.6, 157.6, 157.6, 156.8, 156.8, 157.7, 157.6, 157.0, 156.4, 156.2, 156.4, 156.2, 156.2, 156.4, 156.4, 156.4, 156.2, 156.4, 156.4, 157.5, 156.8, 156.4, 156.2, 156.2, 156.8, 157.0, 156.8, 157.0, 157.1, 157.6, 157.0, 157.6, 157.0, 157.7, 157.6, 157.7, 157.0, 157.6, 157.6, 156.4, 157.1, 157.5, 157.0, 157.6, 157.5, 156.2, 157.5, 157.0, 157.5, 157.5, 156.8, 156.5, 156.4, 156.8, 156.8, 156.2, 156.4, 156.2, 156.4, 157.0, 156.5, 156.4, 156.4, 156.4, 157.1, 157.3, 157.7, 157.1, 157.7, 156.8, 155.8, 155.0, 155.5, 154.2, 154.2, 154.1, 154.7, 154.7, 154.7, 154.7, 154.1, 154.1, 154.7, 154.1, 154.4, 154.4, 153.1, 153.7, 153.9, 154.5, 153.1, 153.1, 153.3, 153.7, 154.4, 153.7, 153.7, 153.7, 153.7, 153.7, 153.7, 154.2, 153.9, 153.0, 153.0, 153.0, 153.2, 153.0, 153.0, 153.9, 152.8, 153.9, 153.4, 153.2, 153.0, 153.2, 153.4, 152.8, 153.2, 153.0, 153.2, 153.2, 153.4, 152.6, 153.0, 153.2, 153.0, 153.0, 153.7, 152.8, 153.0, 153.9, 152.8, 153.2, 153.2, 153.2, 152.8, 153.7, 153.9, 154.0, 152.9, 154.0, 154.8, 154.8, 154.2, 153.7, 154.4, 153.9, 154.1, 153.3, 153.5, 154.4, 154.5, 154.5, 154.4, 153.7, 153.7, 153.6, 153.1, 154.2, 153.6, 154.0, 153.4, 153.4, 154.0, 153.2, 153.6, 153.6, 154.0, 154.4, 154.0, 153.4, 153.4, 153.2, 153.2, 153.0, 153.0, 152.6, 152.2, 151.5, 151.5, 152.4, 152.8, 152.8, 151.7, 152.8, 152.2, 152.2, 152.0, 152.2, 150.7, 150.9, 151.1, 150.9, 150.7, 150.2, 150.9, 151.3, 152.0, 151.5, 152.2, 152.2, 152.4, 152.4, 152.8, 153.2, 153.2, 153.2, 152.6, 153.2, 153.2, 153.0, 153.0, 152.6, 152.2, 152.8, 151.5, 151.7, 152.2, 152.8, 152.8, 152.4, 153.0, 152.4, 152.4, 152.2, 153.0, 153.0, 151.7, 152.4, 152.2, 152.2, 152.2, 152.2, 151.9, 152.4, 151.7, 152.0, 151.5, 150.9, 150.4, 151.1, 151.1, 151.1, 151.9, 151.7, 151.1, 150.0, 148.3, 147.8, 147.8, 147.0, 146.7, 146.1, 145.8, 145.8, 145.5, 145.5, 147.6, 147.2, 145.8, 146.7, 145.5, 146.1, 145.8, 147.0, 147.8, 149.0, 149.0, 148.7, 149.0, 148.7, 148.7, 148.5, 148.5, 148.7, 148.7, 148.5, 148.5, 148.5, 148.5, 148.5, 148.5, 147.6, 146.3, 145.9, 145.5, 145.2, 145.5, 145.5, 145.5, 145.5, 145.5, 145.5, 144.9, 144.9, 145.2, 145.5, 145.6, 144.6, 144.9, 145.8, 146.7, 147.2, 148.1, 147.8, 147.0, 145.8, 144.9, 144.9, 144.5, 143.9, 144.2, 143.6, 143.9, 143.6, 143.9, 144.2, 144.5, 146.1, 146.4, 145.8, 145.5, 144.9, 144.9, 144.6, 144.9, 145.2, 145.8, 147.0, 146.7, 146.7, 146.1, 145.8, 146.1, 146.2, 145.5, 145.8, 146.7, 147.2, 148.5, 147.8, 148.1, 147.8, 147.6, 147.8, 146.7, 145.8, 145.8, 146.4, 147.8, 148.5, 148.5, 147.6, 147.8, 148.5, 149.4, 149.4, 149.4, 149.4, 149.0, 149.6, 150.9, 150.9, 150.7, 150.2, 150.9, 149.4, 149.1, 147.8, 147.8, 148.2, 147.6, 148.2, 148.5, 148.5, 148.7, 148.7, 149.1, 148.5, 149.4, 149.0, 150.2, 151.1, 151.5, 150.4, 149.0, 148.7, 148.7, 148.3, 148.5, 148.7, 148.2, 147.8, 147.0, 147.6, 148.5, 148.7, 148.5, 148.7, 148.5, 149.4, 148.7, 148.5, 149.6, 150.0, 149.8, 149.6, 150.9, 152.2, 152.6, 152.6, 152.8, 153.2, 153.2, 152.8, 152.8, 153.4, 154.0, 154.4, 154.2, 154.4, 154.0, 154.0, 154.8, 154.2, 154.0, 154.0, 154.7, 154.2, 154.0, 154.4, 153.6, 154.2, 153.3, 153.3, 153.1, 152.9, 152.9, 152.9, 152.7, 152.7, 152.7, 152.7, 152.9, 152.7, 152.1, 153.0, 152.9, 153.7, 154.1, 154.1, 153.9, 152.9, 152.7, 152.9, 153.6, 153.5, 153.5, 152.9, 153.5, 152.9, 152.9, 153.0, 153.5, 153.5, 153.6, 153.5, 153.9, 153.5, 153.5, 153.3, 153.3, 153.5, 153.0, 153.5, 152.9, 153.0, 153.0, 152.7, 152.9, 152.9, 154.1, 153.0, 152.9, 152.9, 153.0, 153.5, 153.0, 153.0, 153.0, 154.2, 153.6, 153.5, 153.6, 153.6, 152.9, 153.0, 153.6, 153.5, 153.5, 153.6, 153.5, 153.0, 153.6, 153.0, 153.8, 153.0, 153.2, 153.5, 153.6, 154.2, 153.5, 153.6, 153.5, 153.0, 154.1, 154.2, 153.0, 153.6, 153.8, 153.2, 153.6, 154.1, 153.6, 154.1, 154.1, 154.4, 154.1, 153.5, 154.2, 154.1, 154.1, 154.2, 154.1, 154.2, 154.2, 154.4, 154.8, 154.2]"
10,"[157.4, 157.6, 157.6, 157.6, 157.2, 157.2, 156.1, 156.8, 155.6, 155.6, 156.4, 156.8, 156.7, 156.2, 156.2, 155.5, 156.8, 155.6, 156.1, 156.1, 155.6, 156.2, 156.1, 156.7, 155.6, 157.0, 156.7, 156.7, 156.2, 156.2, 156.4, 156.2, 156.2, 156.2, 156.2, 156.2, 156.2, 156.1, 156.4, 156.4, 156.8, 156.4, 157.5, 156.2, 156.4, 157.0, 157.0, 156.8, 156.2, 157.0, 156.8, 157.0, 156.4, 156.8, 157.0, 157.0, 157.0, 156.8, 156.4, 156.4, 157.0, 156.8, 156.4, 156.4, 156.8, 156.2, 156.8, 156.8, 156.2, 156.1, 156.2, 156.4, 156.4, 156.1, 156.4, 156.2, 156.2, 156.2, 155.5, 156.2, 156.7, 155.8, 156.1, 156.7, 157.0, 156.8, 157.0, 156.8, 156.8, 156.4, 157.0, 156.4, 156.2, 157.0, 157.0, 156.8, 156.4, 156.4, 156.2, 156.4, 156.4, 156.4, 157.0, 157.0, 156.8, 155.8, 156.4, 156.8, 157.0, 156.2, 156.4, 156.4, 156.2, 156.1, 156.8, 156.7, 156.4, 156.4, 155.6, 156.4, 156.2, 157.0, 156.8, 156.8, 157.6, 156.7, 156.2, 155.5, 155.5, 154.4, 154.2, 154.1, 153.9, 153.3, 153.9, 153.1, 153.1, 153.1, 153.1, 153.1, 153.6, 153.1, 153.1, 153.7, 153.1, 153.3, 153.3, 152.9, 152.9, 152.9, 153.3, 153.0, 153.5, 153.5, 153.5, 154.1, 153.5, 153.5, 152.9, 153.2, 154.1, 153.6, 153.5, 153.5, 153.5, 153.6, 154.1, 153.5, 154.1, 154.1, 154.1, 154.1, 154.1, 154.1, 154.1, 154.1, 153.5, 154.1, 152.9, 154.1, 154.1, 154.1, 153.5, 153.5, 154.1, 154.1, 154.1, 153.5, 152.9, 153.5, 153.5, 153.9, 154.1, 154.1, 153.3, 153.1, 153.5, 153.3, 153.7, 154.2, 154.0, 153.4, 153.6, 153.4, 153.6, 153.4, 153.6, 154.5, 154.2, 154.2, 154.2, 154.2, 153.6, 154.2, 154.4, 154.2, 154.2, 154.2, 154.0, 154.2, 153.9, 153.2, 153.4, 153.4, 154.0, 154.2, 154.4, 153.6, 154.0, 153.4, 154.0, 154.0, 154.0, 154.2, 153.2, 154.2, 154.2, 154.2, 154.0, 153.6, 153.4, 154.2, 154.7, 154.2, 154.2, 154.2, 153.4, 153.6, 154.0, 153.4, 153.4, 153.2, 152.6, 153.0, 153.0, 153.2, 152.6, 154.0, 153.2, 153.4, 153.2, 152.6, 153.4, 153.6, 154.0, 152.9, 153.6, 153.6, 153.1, 154.2, 153.1, 153.6, 153.1, 153.6, 153.6, 153.6, 153.2, 152.8, 153.2, 152.6, 152.8, 152.6, 152.6, 152.8, 152.8, 153.2, 152.6, 152.9, 153.4, 153.6, 153.4, 153.2, 152.6, 152.6, 153.4, 152.8, 152.4, 151.9, 152.1, 152.6, 153.4, 152.6, 152.4, 153.2, 153.4, 153.4, 152.8, 153.6, 153.9, 154.0, 152.9, 153.4, 152.8, 152.8, 152.8, 153.6, 153.4, 153.4, 153.2, 153.2, 152.8, 153.2, 153.4, 153.4, 152.8, 152.8, 152.8, 153.4, 152.8, 152.9, 152.9, 152.8, 153.6, 153.6, 153.4, 153.6, 152.9, 153.6, 152.9, 153.6, 153.4, 153.6, 153.4, 153.6, 153.6, 153.6, 154.2, 153.6, 153.1, 153.6, 154.2, 153.9, 153.9, 153.3, 153.7, 153.9, 153.1, 153.7, 153.7, 153.7, 153.7, 153.3, 153.3, 153.1, 153.9, 153.6, 153.9, 154.4, 153.9, 153.9, 153.9, 153.5, 153.5, 153.3, 152.7, 152.9, 153.5, 153.5, 153.5, 153.5, 153.3, 153.9, 154.7, 152.9, 153.5, 154.1, 153.5, 154.1, 153.9, 153.5, 153.8, 153.5, 153.8, 154.1, 153.8, 153.6, 154.4, 153.6, 153.6, 153.6, 154.2, 154.2, 154.4, 153.6, 153.8, 154.4, 153.8, 155.0, 155.0, 154.8, 154.4, 153.8, 154.5, 154.7, 155.0, 154.4, 154.8, 154.4, 154.2, 154.4, 155.0, 154.8, 154.8, 154.4, 155.5, 154.2, 154.7, 155.0, 154.8, 154.2, 154.8, 155.5, 154.8, 155.0, 154.4, 154.8, 154.8, 155.0, 154.8, 154.2, 155.0, 155.0, 155.0, 155.0, 155.6, 155.0, 155.0, 155.1, 155.6, 155.6, 155.6, 156.2, 156.2, 156.2, 156.2, 156.2, 156.2, 156.2, 156.2, 156.2, 156.4, 155.6, 156.8, 156.8, 156.4, 156.2, 156.2, 156.2, 156.2, 155.6, 156.2, 155.6, 156.2, 156.2, 156.2, 156.2, 156.2, 156.2, 156.2, 156.2, 156.2, 156.8, 156.8, 156.2, 156.2, 155.6, 156.2, 156.2, 156.2, 156.2, 156.8, 156.2, 156.8, 156.8, 157.5, 157.5, 156.8, 156.8, 156.2, 156.2, 156.8, 156.2, 156.2, 156.7, 156.2, 156.8, 156.7, 156.8, 156.7, 157.0, 156.2, 157.5, 156.8, 157.5, 156.8, 157.5, 156.8, 156.2, 157.5, 156.8, 156.8, 157.0, 156.8, 157.0, 155.8, 156.8, 156.8, 155.6, 156.2, 156.2, 156.8, 156.8, 156.2, 156.2, 156.8, 156.2, 156.2, 156.8, 157.0, 156.2, 156.8, 156.2, 156.8, 156.8, 156.2, 156.2, 156.2, 156.8, 156.8, 156.7, 156.4, 157.0, 156.8, 157.0, 156.2, 156.8, 156.8, 156.8, 156.2, 156.2, 156.4, 156.8, 156.2, 156.1, 156.2, 156.4, 155.6, 155.6, 155.6, 155.0, 154.8, 154.8, 155.5, 154.7, 154.5, 153.9, 153.1, 152.9, 153.1, 154.2, 154.2, 152.9, 153.4, 153.2, 152.6, 152.6, 153.7, 153.2, 152.6, 152.4, 153.0, 152.4, 152.6, 153.0, 153.9, 152.2, 152.8, 152.8, 152.4, 151.7]"
10,"[147.3, 147.1, 148.1, 147.5, 147.1, 147.2, 146.3, 147.2, 147.2, 147.8, 147.3, 147.6, 147.6, 147.6, 147.6, 147.6, 148.5, 148.5, 148.5, 148.9, 148.5, 148.5, 148.2, 148.5, 148.2, 147.6, 148.2, 147.8, 147.8, 148.5, 148.5, 148.7, 147.8, 149.1, 148.5, 149.4, 148.7, 149.4, 148.7, 149.4, 148.7, 150.0, 150.0, 150.0, 149.4, 149.4, 148.7, 150.0, 150.0, 149.8, 150.0, 149.4, 149.4, 149.4, 149.1, 148.5, 148.9, 148.5, 148.5, 148.7, 147.8, 148.5, 148.7, 147.8, 148.5, 148.5, 149.1, 149.4, 149.1, 149.8, 148.5, 149.1, 147.8, 148.2, 148.7, 147.6, 147.6, 147.2, 147.2, 147.6, 147.2, 147.2, 148.2, 148.5, 148.5, 148.5, 148.5, 148.5, 147.8, 147.8, 147.3, 147.8, 147.6, 146.7, 147.6, 147.2, 147.5, 148.7, 148.0, 148.2, 147.8, 147.2, 148.2, 148.5, 148.5, 149.1, 149.4, 149.1, 149.1, 148.5, 149.1, 149.4, 150.0, 149.4, 150.0, 149.4, 150.2, 150.0, 150.0, 150.0, 150.0, 150.0, 150.0, 150.0, 150.4, 149.8, 147.3, 147.0, 146.1, 146.3, 145.4, 145.4, 145.4, 145.4, 146.1, 145.1, 145.1, 146.1, 145.4, 145.8, 145.1, 145.4, 145.1, 144.8, 143.9, 145.1, 145.1, 144.5, 145.1, 144.8, 145.4, 144.5, 145.1, 143.9, 145.1, 144.5, 144.5, 144.5, 144.2, 144.5, 143.6, 143.9, 143.9, 144.2, 143.6, 144.2, 144.2, 144.2, 143.9, 144.5, 144.5, 143.9, 144.5, 143.3, 143.3, 143.9, 144.2, 143.9, 144.2, 144.2, 144.8, 144.5, 143.9, 144.5, 144.5, 144.2, 144.5, 144.5, 143.6, 144.2, 144.2, 143.6, 144.2, 144.9, 143.9, 143.9, 143.6, 144.5, 143.6, 143.6, 144.2, 144.5, 144.5, 144.2, 143.3, 143.9, 144.2, 143.3, 143.6, 143.6, 143.9, 143.6, 143.6, 143.6, 143.6, 143.3, 143.6, 143.3, 144.5, 144.2, 144.5, 144.5, 144.2, 144.2, 144.2, 144.2, 144.2, 145.1, 144.2, 144.5, 145.1, 145.1, 145.4, 145.1, 145.4, 145.5, 146.7, 146.1, 146.7, 147.0, 147.0, 147.0, 146.7, 148.5, 147.0, 147.0, 148.5, 147.8, 148.5, 149.1, 149.1, 148.5, 148.5, 148.5, 149.4, 149.4, 149.1, 149.1, 149.1, 149.1, 149.4, 149.6, 149.6, 149.4, 150.2, 150.2, 150.2, 150.2, 150.9, 150.9, 150.2, 150.2, 150.4, 149.4, 149.4, 149.4, 149.0, 149.4, 149.4, 148.5, 148.5, 147.8, 147.8, 147.6, 147.6, 147.2, 145.8, 145.4, 145.4, 145.4, 144.8, 145.4, 144.8, 145.7, 144.5, 144.8, 145.4, 145.1, 146.1, 146.4, 147.0, 146.7, 146.7, 146.7, 146.3, 146.1, 146.1, 146.1, 146.1, 145.4, 145.7, 144.8, 145.4, 144.8, 145.8, 146.1, 145.7, 145.7, 146.3, 146.3, 146.6, 146.6, 146.1, 146.3, 147.0, 147.0, 146.3, 145.7, 146.1, 146.3, 145.1, 145.4, 144.8, 145.4, 146.1, 146.1, 147.0, 147.2, 147.8, 147.8, 148.1, 148.5, 147.8, 148.7, 149.4, 149.6, 149.6, 150.2, 150.2, 150.9, 150.2, 149.6, 150.0, 150.0, 150.2, 150.9, 150.2, 150.2, 150.2, 150.2, 150.2, 150.9, 150.2, 150.2, 150.9, 150.2, 150.9, 150.2, 151.1, 150.2, 150.9, 151.7, 151.5, 151.9, 152.6, 151.9, 153.0, 153.2, 152.6, 152.4, 152.6, 152.6, 152.6, 152.6, 151.7, 150.9, 150.7, 150.0, 150.0, 149.1, 150.0, 150.0, 150.2, 150.2, 150.9, 150.0, 150.2, 150.0, 150.9, 150.9, 150.2, 150.0, 150.2, 150.2, 150.9, 149.8, 150.2, 149.6, 149.8, 149.4, 149.8, 150.9, 150.9, 151.5, 150.7, 150.9, 151.1, 150.2, 150.0, 150.4, 150.2, 150.9, 151.5, 151.7, 152.6, 152.4, 151.7, 152.4, 153.2, 152.4, 153.9, 153.2, 153.2, 153.2, 153.2, 153.2, 153.2, 153.2, 153.0, 152.4, 151.9, 151.7, 151.7, 151.1, 151.7, 150.9, 150.9, 150.9, 150.2, 150.9, 150.2, 150.7, 150.9, 150.9, 151.7, 151.7, 151.7, 151.7, 151.7, 151.7, 151.7, 151.9, 151.7, 151.1, 152.6, 152.4, 152.4, 151.7, 152.4, 152.4, 152.6, 152.4, 152.4, 152.4, 152.4, 151.9, 152.4, 152.4, 152.6, 153.0, 153.0, 153.2, 152.6, 152.6, 153.9, 152.4, 153.2, 153.0, 153.2, 153.0, 153.2, 153.7, 153.0, 153.9, 153.0, 153.2, 153.0, 153.2, 153.0, 153.0, 153.7, 153.7, 153.2, 153.2, 153.7, 153.0, 153.2, 153.0, 153.4, 153.7, 153.7, 153.7, 153.9, 153.0, 153.0, 153.9, 153.0, 153.0, 153.7, 153.5, 153.7, 153.2, 153.2, 153.2, 153.2, 153.0, 153.0, 153.2, 153.0, 153.2, 153.2, 153.9, 152.6, 153.2, 153.7, 153.2, 153.2, 152.4, 153.4, 153.9, 153.2, 152.6, 153.2, 152.6, 153.2, 153.9, 153.2, 153.4, 153.2, 153.2, 153.2, 153.2, 153.9, 153.7, 153.9, 153.2, 153.9, 153.9, 153.7, 153.2, 153.9, 153.9, 154.0, 153.7, 153.2, 153.4, 153.7, 153.7, 153.2, 153.2, 153.9, 153.7, 153.4, 152.8, 153.2, 153.7, 154.5, 153.2, 152.1, 153.2, 152.8, 153.9, 153.0, 152.8, 153.0, 152.6, 153.0, 153.2, 154.4, 153.2, 153.0, 153.7, 152.6, 154.4, 153.7, 153.7, 153.9, 153.7, 153.2, 153.7]"
10,"[151.9, 150.9, 152.3, 152.7, 152.2, 151.2, 152.4, 152.6, 151.8, 152.6, 152.6, 152.6, 152.6, 152.6, 152.6, 153.2, 152.6, 153.2, 153.4, 152.8, 153.0, 152.4, 152.6, 152.4, 153.2, 152.6, 153.2, 153.2, 153.2, 153.4, 153.2, 153.2, 153.0, 153.0, 153.0, 153.8, 153.0, 153.6, 154.0, 153.8, 153.2, 153.6, 153.8, 153.8, 153.6, 153.2, 153.2, 153.8, 153.2, 153.2, 153.2, 153.2, 153.8, 153.4, 153.6, 153.6, 153.8, 153.2, 153.2, 153.0, 153.6, 152.9, 152.4, 153.2, 152.9, 153.2, 152.6, 153.0, 153.0, 153.2, 152.4, 152.4, 153.2, 152.9, 152.6, 153.0, 153.2, 153.0, 153.0, 152.6, 153.2, 153.2, 153.0, 153.0, 153.0, 153.2, 153.2, 153.2, 153.2, 153.2, 153.0, 153.2, 153.2, 153.2, 153.2, 153.8, 153.2, 153.2, 153.2, 153.2, 153.2, 153.0, 153.2, 152.6, 153.2, 153.2, 153.8, 153.8, 153.6, 153.8, 153.2, 153.6, 153.8, 153.0, 153.0, 153.0, 151.8, 151.6, 152.2, 151.6, 151.6, 150.9, 151.6, 152.2, 151.6, 151.6, 151.1, 151.1, 152.4, 151.7, 151.7, 151.3, 151.5, 150.4, 150.7, 150.7, 149.6, 149.8, 149.8, 148.7, 148.9, 148.7, 148.3, 148.3, 149.0, 148.7, 149.6, 149.6, 149.4, 150.0, 150.7, 150.7, 150.9, 150.9, 151.1, 151.3, 150.7, 150.2, 149.8, 149.0, 149.4, 148.7, 149.1, 148.5, 147.6, 147.8, 147.6, 148.5, 150.0, 151.1, 151.9, 151.9, 151.3, 150.9, 151.3, 151.3, 151.3, 151.1, 149.8, 149.4, 147.8, 147.6, 147.0, 147.8, 147.2, 147.8, 148.5, 148.5, 148.7, 148.5, 149.1, 149.0, 148.7, 148.5, 148.7, 147.8, 147.8, 147.6, 147.8, 147.2, 148.1, 149.6, 149.8, 149.4, 149.6, 149.6, 148.7, 148.7, 149.0, 149.0, 148.7, 148.6, 148.1, 148.1, 149.0, 148.7, 148.7, 147.8, 147.0, 147.2, 147.0, 146.7, 147.5, 148.1, 148.1, 148.5, 148.7, 149.0, 148.7, 147.8, 148.1, 147.6, 148.5, 148.7, 150.0, 149.4, 149.1, 149.1, 149.0, 148.7, 149.4, 150.0, 148.7, 148.7, 148.2, 148.5, 149.1, 147.6, 147.3, 147.6, 147.0, 147.0, 146.7, 146.1, 145.1, 144.5, 144.5, 144.2, 143.9, 144.5, 143.6, 143.9, 144.2, 144.2, 143.9, 143.6, 143.6, 143.3, 143.3, 145.1, 145.8, 147.6, 148.0, 148.2, 148.5, 148.5, 147.8, 148.5, 148.2, 146.7, 145.4, 145.4, 144.8, 143.9, 143.6, 143.6, 143.6, 144.2, 144.2, 145.1, 147.0, 147.0, 147.0, 146.7, 144.5, 144.5, 145.4, 144.5, 144.5, 144.5, 144.2, 144.2, 144.2, 144.2, 143.6, 144.2, 143.6, 142.9, 143.6, 144.2, 144.2, 145.5, 146.1, 146.4, 145.8, 145.8, 144.9, 143.9, 143.6, 143.6, 143.6, 143.6, 143.9, 143.3, 143.6, 144.2, 143.9, 144.9, 146.4, 146.4, 146.4, 145.8, 144.9, 144.9, 143.9, 143.6, 143.9, 143.3, 143.6, 143.6, 143.6, 143.6, 144.5, 143.6, 143.9, 144.2, 144.2, 143.6, 144.9, 144.6, 144.2, 143.9, 143.6, 144.9, 143.9, 143.3, 143.3, 145.1, 144.2, 144.2, 144.2, 144.9, 144.6, 145.8, 145.1, 145.5, 144.2, 144.6, 144.9, 143.3, 143.9, 144.9, 143.9, 143.6, 144.2, 144.6, 144.9, 144.9, 144.2, 144.9, 144.2, 144.2, 144.2, 144.2, 144.6, 143.9, 144.3, 144.2, 143.6, 143.6, 144.6, 144.9, 145.5, 145.5, 146.4, 147.6, 147.6, 147.6, 148.2, 148.2, 148.0, 147.6, 147.3, 147.6, 146.4, 147.3, 147.3, 146.7, 147.3, 147.3, 148.2, 148.7, 148.7, 148.7, 149.8, 149.4, 150.4, 150.0, 150.4, 149.8, 149.6, 148.9, 148.9, 148.9, 149.8, 150.2, 150.2, 150.2, 150.2, 150.9, 150.0, 150.2, 149.8, 150.2, 150.4, 150.0, 150.0, 150.2, 150.2, 150.0, 150.2, 150.4, 151.1, 152.6, 153.4, 152.9, 153.4, 154.0, 153.2, 153.4, 153.4, 153.4, 153.4, 153.4, 153.4, 153.4, 152.8, 153.6, 152.9, 153.6, 152.8, 152.9, 153.6, 153.4, 152.8, 153.4, 152.8, 153.1, 153.6, 153.4, 153.6, 152.9, 153.4, 153.2, 153.4, 153.4, 153.6, 153.4, 152.9, 153.4, 153.4, 153.6, 152.9, 153.6, 153.3, 153.1, 153.1, 153.1, 153.1, 152.9, 153.1, 153.1, 153.7, 152.9, 153.1, 153.7, 153.1, 153.1, 152.9, 153.7, 153.1, 153.1, 153.3, 153.7, 152.9, 153.7, 153.3, 153.1, 153.4, 153.1, 153.1, 153.1, 152.9, 152.9, 153.6, 152.6, 153.2, 152.6, 153.2, 153.4, 153.9, 153.9, 154.0, 154.0, 153.6, 154.2, 154.0, 154.2, 154.2, 154.2, 153.6, 153.4, 153.6, 153.4, 153.2, 153.6, 153.6, 153.6, 153.4, 154.2, 154.2, 154.2, 153.4, 154.0, 153.9, 154.0, 153.4, 153.4, 154.0, 153.4, 154.0, 153.4, 153.4, 153.2, 153.4, 152.8, 153.4, 153.4, 152.8, 153.4, 153.4, 154.0, 154.0, 153.4, 152.8, 153.4, 154.0, 154.5, 153.4, 153.2, 153.2, 153.9, 153.7, 153.4, 153.4, 153.9, 153.9, 153.2, 153.4, 153.9, 153.0, 153.7, 152.8, 152.8, 152.1, 151.9, 151.9, 151.9, 152.1, 152.6, 151.9, 152.1, 151.3, 152.6, 152.6, 152.6, 152.9, 152.9, 153.2, 152.6]"
10,"[154.2, 154.1, 153.9, 154.1, 153.6, 153.6, 154.2, 154.5, 153.8, 153.8, 154.4, 153.8, 153.6, 153.8, 153.8, 153.8, 153.4, 154.2, 154.2, 153.8, 153.6, 153.8, 153.2, 153.8, 153.8, 153.8, 153.8, 153.8, 154.2, 154.4, 153.6, 153.8, 153.6, 154.2, 153.8, 153.8, 153.8, 153.8, 153.2, 153.8, 153.8, 153.8, 153.8, 153.8, 153.8, 153.2, 153.2, 153.8, 153.8, 154.4, 154.4, 153.8, 153.8, 154.4, 154.4, 153.8, 154.2, 153.8, 153.8, 153.8, 155.0, 153.8, 153.8, 153.8, 153.8, 154.0, 154.0, 153.8, 154.4, 153.8, 154.4, 153.8, 154.4, 154.4, 155.0, 153.8, 154.4, 153.8, 154.4, 154.0, 154.5, 154.4, 154.4, 154.4, 154.4, 154.5, 154.5, 154.5, 154.4, 154.5, 154.4, 154.5, 154.0, 154.4, 155.1, 153.8, 154.0, 154.0, 154.4, 154.5, 154.0, 154.4, 153.8, 153.8, 153.8, 154.5, 154.0, 154.0, 155.1, 154.0, 154.0, 154.5, 155.0, 155.0, 154.4, 153.8, 154.4, 154.0, 154.5, 154.7, 155.0, 154.5, 154.5, 154.5, 154.5, 154.5, 155.1, 154.4, 154.5, 154.4, 154.4, 155.0, 154.4, 154.4, 153.8, 154.0, 154.4, 154.4, 155.0, 154.4, 155.1, 155.1, 155.0, 155.1, 155.1, 155.0, 155.0, 155.0, 155.6, 155.1, 155.1, 155.0, 155.8, 155.0, 155.1, 155.6, 154.5, 155.6, 155.8, 155.6, 155.1, 154.4, 155.6, 155.0, 155.0, 154.4, 154.5, 155.0, 154.4, 155.0, 154.4, 154.5, 155.1, 155.0, 155.6, 154.4, 154.4, 155.0, 155.0, 154.5, 155.0, 154.4, 155.0, 154.4, 154.4, 155.6, 155.6, 154.7, 155.6, 155.8, 155.1, 155.6, 155.8, 155.6, 155.0, 155.8, 155.1, 155.1, 155.5, 155.0, 155.6, 155.0, 155.8, 155.0, 155.1, 155.6, 155.6, 155.6, 155.8, 155.8, 155.6, 155.6, 155.1, 156.2, 155.0, 155.1, 155.1, 155.0, 155.8, 155.0, 155.8, 155.6, 155.6, 155.1, 155.6, 155.1, 155.0, 155.0, 155.6, 155.6, 155.1, 155.8, 155.1, 155.1, 155.6, 155.0, 155.6, 155.8, 155.1, 155.0, 155.6, 155.0, 155.0, 155.1, 155.1, 155.6, 155.1, 155.1, 155.8, 156.2, 155.0, 155.0, 156.2, 155.8, 155.1, 155.1, 154.5, 155.3, 155.0, 155.1, 155.0, 154.4, 155.6, 155.0, 155.0, 155.1, 155.0, 155.6, 155.1, 155.0, 155.0, 155.0, 155.0, 155.6, 155.1, 155.0, 156.2, 155.0, 155.0, 155.0, 155.0, 155.1, 154.4, 155.0, 154.8, 155.0, 155.0, 155.0, 155.0, 153.8, 154.4, 155.0, 155.0, 155.0, 155.0, 155.0, 155.0, 155.0, 154.4, 155.0, 153.8, 154.4, 155.1, 155.0, 155.1, 154.4, 155.0, 154.4, 154.4, 154.5, 155.0, 155.0, 155.0, 155.0, 155.0, 155.0, 155.0, 155.0, 155.0, 154.4, 155.1, 155.0, 155.0, 155.0, 155.0, 155.1, 155.0, 155.1, 155.0, 154.4, 154.4, 154.2, 154.2, 154.4, 154.4, 154.4, 154.4, 154.4, 155.0, 154.4, 154.4, 155.0, 154.4, 154.4, 154.5, 155.0, 155.1, 155.0, 155.0, 155.0, 155.0, 155.0, 154.4, 155.0, 154.4, 154.5, 154.4, 154.4, 154.4, 154.4, 154.4, 154.4, 154.4, 154.2, 154.4, 154.4, 154.4, 155.0, 154.4, 155.0, 155.0, 155.0, 155.0, 154.2, 155.0, 155.0, 154.4, 154.4, 154.4, 155.6, 155.8, 155.1, 155.8, 155.8, 154.4, 155.1, 154.4, 155.1, 154.4, 155.1, 154.5, 154.4, 155.0, 155.0, 154.5, 154.4, 154.7, 155.0, 154.4, 154.5, 154.4, 154.5, 154.4, 154.5, 154.4, 154.4, 155.1, 154.4, 155.0, 154.7, 155.0, 154.4, 155.1, 155.0, 155.1, 153.8, 154.4, 155.0, 155.0, 154.4, 155.0, 155.6, 155.0, 155.6, 155.0, 155.1, 155.3, 154.7, 155.1, 155.1, 155.0, 155.0, 155.1, 155.0, 155.1, 155.6, 155.1, 155.0, 155.1, 155.0, 155.0, 155.1, 155.0, 155.1, 155.0, 155.0, 155.1, 155.0, 155.0, 155.6, 154.5, 154.4, 155.0, 155.0, 155.6, 155.6, 155.1, 155.1, 155.6, 155.0, 155.0, 155.0, 154.4, 155.0, 155.6, 155.0, 155.1, 154.4, 154.5, 154.5, 155.1, 154.5, 155.6, 155.0, 155.1, 155.1, 155.1, 155.6, 155.0, 154.7, 155.1, 155.8, 155.1, 155.8, 155.0, 154.7, 155.8, 154.7, 155.1, 154.4, 154.5, 154.5, 155.1, 155.0, 154.5, 154.4, 154.5, 155.1, 155.1, 155.0, 155.1, 155.1, 155.1, 154.5, 155.0, 155.1, 154.7, 155.1, 155.1, 154.4, 155.0, 154.5, 154.4, 155.0, 155.1, 154.5, 155.3, 155.1, 155.0, 155.1, 155.3, 154.7, 155.3, 155.1, 155.8, 154.7, 155.1, 155.3, 155.1, 155.3, 155.9, 155.9, 155.1, 155.9, 155.1, 155.3, 155.3, 155.1, 155.1, 155.3, 155.9, 155.8, 155.6, 155.1, 155.8, 155.3, 154.5, 155.6, 155.8, 154.7, 155.8, 155.1, 155.1, 155.6, 155.0, 155.8, 155.6, 155.6, 155.6, 155.1, 155.8, 155.0, 155.8, 155.8, 155.1, 155.8, 155.1, 155.8, 155.8, 155.0, 155.8, 155.8, 154.4, 155.6, 155.0, 155.8, 155.8, 155.1, 155.8, 155.6, 154.5, 155.1, 155.1, 155.6, 155.8, 155.1, 154.5, 155.8, 155.8, 155.6, 155.6, 155.0, 155.8, 155.1, 155.8, 155.8, 155.8, 155.6, 155.8, 155.6]"
10,"[152.8, 152.9, 152.8, 152.3, 152.6, 153.7, 153.2, 153.6, 153.2, 154.0, 152.8, 152.8, 152.8, 152.9, 152.8, 153.4, 153.4, 154.0, 154.0, 153.4, 153.4, 153.6, 152.9, 153.4, 154.2, 152.8, 153.6, 153.6, 153.4, 153.4, 153.4, 153.6, 153.4, 153.6, 153.4, 154.0, 154.2, 153.6, 153.7, 153.7, 153.6, 153.4, 153.6, 153.7, 154.2, 154.4, 153.7, 154.2, 153.6, 153.7, 153.7, 154.4, 154.0, 154.4, 154.4, 153.7, 154.0, 154.2, 153.6, 153.6, 153.4, 154.0, 153.6, 153.6, 153.6, 153.4, 153.6, 154.2, 154.4, 153.6, 154.4, 154.4, 154.8, 154.4, 155.0, 153.9, 154.4, 153.7, 153.9, 153.7, 154.5, 154.7, 153.5, 153.9, 154.5, 154.1, 154.1, 154.1, 154.7, 154.7, 154.1, 154.7, 153.9, 154.1, 154.1, 154.7, 154.7, 154.7, 154.5, 154.1, 154.7, 154.8, 154.1, 154.1, 154.2, 154.7, 154.8, 154.1, 154.8, 154.1, 154.8, 154.7, 155.0, 154.8, 154.8, 154.7, 153.8, 154.2, 155.3, 154.4, 154.2, 154.2, 154.2, 154.2, 153.6, 154.2, 154.1, 153.3, 153.7, 152.9, 152.8, 152.8, 153.2, 153.4, 153.9, 153.2, 153.7, 153.2, 153.0, 153.2, 154.4, 154.4, 153.7, 153.0, 153.0, 153.4, 153.2, 155.0, 153.4, 153.0, 153.2, 153.9, 153.7, 154.4, 153.9, 153.7, 153.7, 153.7, 153.7, 153.0, 152.8, 153.7, 153.9, 153.5, 154.4, 153.9, 153.7, 153.9, 153.4, 153.9, 154.7, 154.0, 153.4, 153.9, 153.4, 153.0, 152.4, 152.4, 151.7, 151.7, 151.7, 152.6, 152.4, 152.4, 153.0, 153.9, 154.0, 153.4, 153.9, 153.7, 153.7, 153.2, 153.2, 153.9, 153.2, 153.2, 153.2, 152.6, 153.2, 153.2, 153.4, 152.8, 153.4, 153.2, 152.8, 153.2, 153.4, 153.2, 153.4, 154.0, 153.9, 153.9, 153.2, 153.9, 153.9, 152.8, 153.9, 153.6, 154.0, 153.4, 153.4, 153.4, 154.0, 154.0, 153.4, 153.6, 154.0, 153.4, 153.4, 153.2, 152.9, 152.1, 153.4, 153.2, 153.6, 153.4, 153.4, 154.0, 152.9, 154.0, 153.4, 153.2, 153.4, 154.0, 152.8, 153.4, 154.7, 153.4, 153.6, 153.6, 152.6, 153.6, 153.6, 153.6, 152.9, 153.6, 153.6, 153.4, 153.6, 153.4, 153.6, 153.2, 154.2, 154.2, 154.2, 153.4, 153.6, 153.6, 153.6, 154.0, 154.2, 154.2, 152.8, 153.7, 153.4, 153.6, 153.6, 153.4, 153.6, 153.4, 153.6, 154.2, 152.9, 152.9, 153.6, 153.6, 153.7, 153.6, 154.0, 152.9, 154.2, 152.9, 153.6, 153.6, 153.6, 152.9, 153.7, 153.7, 153.6, 153.6, 153.6, 153.3, 153.6, 153.6, 153.6, 153.9, 153.6, 153.1, 153.1, 153.7, 153.3, 154.4, 153.7, 153.3, 153.3, 153.9, 153.9, 153.9, 153.7, 153.9, 153.9, 154.1, 154.1, 155.0, 153.9, 153.7, 154.1, 154.5, 153.7, 154.4, 153.9, 153.9, 154.1, 154.1, 153.9, 154.5, 154.1, 153.9, 154.1, 153.5, 154.1, 153.5, 154.1, 153.9, 153.9, 154.1, 154.1, 153.9, 154.1, 153.9, 154.1, 154.1, 153.9, 153.9, 154.1, 154.1, 153.9, 153.5, 153.9, 154.1, 154.7, 155.2, 154.5, 154.7, 154.7, 153.9, 154.7, 154.7, 154.5, 154.7, 154.5, 154.7, 154.7, 154.7, 154.7, 154.7, 154.7, 155.0, 154.7, 154.1, 154.7, 154.7, 155.3, 155.3, 154.7, 154.7, 155.3, 155.3, 155.3, 155.5, 155.3, 154.7, 154.7, 155.0, 155.5, 154.8, 154.8, 154.8, 155.5, 154.8, 155.3, 154.7, 155.3, 155.5, 155.5, 154.4, 155.3, 154.7, 154.8, 154.8, 155.0, 155.0, 154.8, 155.0, 155.0, 155.5, 155.5, 155.5, 154.7, 154.7, 154.5, 153.7, 154.2, 153.6, 154.2, 154.2, 154.2, 154.0, 153.4, 154.0, 153.2, 153.7, 153.2, 153.0, 154.0, 153.4, 154.4, 154.2, 154.8, 153.6, 154.0, 153.4, 153.4, 154.2, 153.6, 153.4, 153.4, 153.9, 153.4, 153.9, 154.8, 153.7, 153.2, 153.9, 153.0, 153.4, 153.2, 153.9, 153.4, 153.2, 154.0, 153.9, 153.4, 153.2, 153.7, 153.7, 153.7, 153.0, 153.9, 153.7, 153.2, 153.7, 153.2, 153.4, 153.0, 153.7, 153.9, 154.5, 154.2, 153.9, 154.4, 154.4, 153.7, 153.7, 154.4, 153.9, 154.4, 154.5, 153.9, 153.2, 153.9, 153.2, 151.7, 151.7, 151.1, 151.7, 150.4, 150.9, 150.4, 150.2, 150.0, 149.1, 150.0, 150.4, 151.1, 151.1, 150.2, 149.4, 149.4, 148.5, 149.4, 148.7, 148.5, 148.5, 147.6, 147.0, 147.6, 147.6, 147.0, 147.6, 147.0, 147.6, 147.6, 147.6, 147.0, 146.7, 147.0, 145.8, 145.1, 145.4, 145.4, 145.4, 145.4, 144.5, 145.4, 144.5, 145.1, 145.1, 145.4, 144.5, 145.1, 144.5, 144.5, 144.5, 144.8, 144.8, 145.1, 145.7, 144.8, 144.8, 145.4, 144.8, 145.4, 143.9, 144.5, 144.8, 143.9, 144.5, 144.2, 143.6, 143.9, 144.2, 144.9, 143.9, 144.5, 144.6, 143.9, 144.9, 143.6, 143.6, 143.9, 144.5, 146.3, 144.5, 145.4, 145.1, 145.1, 145.1, 145.4, 144.5, 144.2, 144.2, 145.7, 145.1, 145.4, 145.7, 145.4, 145.7, 145.1, 145.1, 145.4, 145.1, 145.1, 145.4, 144.5, 144.8, 145.4, 145.4, 145.4, 144.8]"
10,"[151.3, 152.3, 153.4, 151.9, 153.1, 153.7, 154.4, 153.1, 152.9, 153.1, 153.7, 153.9, 153.9, 152.3, 153.7, 153.7, 154.2, 153.6, 153.7, 153.9, 153.9, 154.1, 154.1, 153.5, 152.7, 153.9, 153.9, 153.1, 154.4, 153.7, 153.7, 153.9, 152.7, 153.9, 153.1, 153.5, 153.5, 153.3, 153.3, 154.5, 154.1, 154.1, 154.1, 153.5, 153.5, 153.9, 154.1, 154.1, 153.9, 154.1, 154.2, 154.1, 153.1, 153.5, 154.1, 154.1, 153.5, 153.5, 154.1, 153.5, 153.9, 153.7, 154.5, 154.5, 154.1, 154.7, 154.1, 154.1, 153.5, 154.8, 154.1, 154.7, 154.1, 154.1, 154.1, 154.1, 154.1, 154.1, 153.5, 153.5, 154.1, 154.7, 153.5, 153.5, 153.3, 153.9, 153.3, 153.3, 153.5, 153.9, 153.1, 153.3, 152.5, 153.1, 152.9, 153.7, 152.5, 152.5, 152.5, 152.9, 152.9, 151.7, 151.7, 152.1, 151.5, 152.1, 151.5, 151.5, 151.5, 151.7, 151.5, 151.1, 151.5, 151.1, 151.1, 151.7, 151.1, 151.1, 151.7, 150.2, 150.4, 151.1, 151.7, 151.9, 151.3, 151.5, 151.3, 153.6, 152.3, 152.8, 152.8, 152.9, 152.9, 153.4, 153.6, 154.2, 153.6, 154.2, 154.2, 153.7, 153.1, 154.2, 152.5, 153.6, 153.1, 153.7, 153.9, 153.7, 153.6, 154.2, 153.7, 153.1, 153.4, 153.1, 153.1, 153.6, 153.7, 153.6, 153.1, 153.7, 153.6, 153.6, 153.1, 153.1, 153.9, 153.1, 153.7, 153.7, 153.1, 153.9, 153.7, 153.7, 153.7, 153.7, 153.1, 153.9, 154.2, 153.1, 154.4, 153.9, 154.5, 154.5, 153.9, 153.9, 154.5, 154.4, 153.7, 153.7, 153.7, 154.2, 154.5, 153.7, 153.7, 154.5, 153.9, 153.3, 154.4, 154.4, 153.7, 154.4, 154.5, 154.4, 154.5, 153.7, 154.2, 154.5, 154.5, 154.4, 154.4, 154.5, 154.4, 153.9, 154.4, 154.5, 154.2, 154.5, 154.5, 153.7, 154.4, 154.5, 153.9, 154.5, 154.4, 153.9, 154.5, 154.5, 154.4, 153.9, 153.1, 153.1, 152.8, 151.9, 152.9, 152.9, 151.9, 152.3, 152.3, 151.1, 151.7, 151.3, 151.7, 151.1, 151.1, 152.1, 150.9, 151.5, 151.1, 150.9, 151.5, 152.3, 152.3, 151.5, 151.7, 151.7, 150.9, 151.5, 151.1, 152.1, 152.3, 151.9, 151.7, 151.7, 151.5, 151.7, 152.3, 151.5, 151.5, 151.5, 150.2, 150.9, 150.7, 151.3, 151.9, 151.5, 152.9, 152.8, 152.9, 152.9, 152.5, 153.1, 152.7, 152.8, 152.3, 152.5, 152.5, 153.3, 153.1, 153.1, 153.1, 152.7, 153.7, 153.1, 153.1, 153.1, 153.9, 153.3, 153.3, 153.1, 153.1, 153.3, 153.9, 153.3, 153.9, 153.3, 152.9, 153.9, 153.9, 153.9, 153.9, 153.9, 154.4, 153.3, 153.9, 153.9, 153.9, 153.7, 154.4, 153.7, 153.3, 153.1, 152.1, 152.7, 153.3, 153.1, 152.7, 153.1, 152.7, 153.3, 153.5, 153.1, 152.5, 152.7, 152.7, 153.1, 154.1, 153.9, 153.5, 153.3, 153.3, 152.7, 153.3, 153.5, 153.9, 152.5, 153.7, 153.9, 153.3, 152.3, 153.1, 152.9, 153.1, 152.5, 152.9, 152.5, 153.3, 153.1, 153.1, 153.3, 153.3, 153.9, 154.5, 154.5, 153.1, 153.9, 154.5, 154.5, 153.3, 153.3, 153.1, 153.1, 153.3, 153.3, 153.9, 153.9, 153.9, 152.5, 153.1, 152.5, 152.3, 151.7, 151.7, 151.9, 152.1, 152.8, 152.5, 152.3, 152.9, 152.3, 152.1, 152.3, 151.5, 152.3, 151.3, 152.3, 152.1, 152.1, 152.3, 151.7, 152.8, 152.9, 152.8, 152.1, 152.9, 152.3, 151.9, 153.1, 152.9, 152.3, 152.3, 152.5, 152.3, 152.3, 152.3, 152.3, 152.9, 152.3, 152.3, 152.3, 153.1, 153.1, 153.7, 153.1, 152.7, 153.3, 153.5, 153.5, 153.6, 153.6, 153.6, 153.6, 153.3, 154.7, 154.1, 154.7, 154.7, 154.7, 154.7, 154.7, 155.3, 155.5, 154.1, 155.3, 154.8, 154.7, 154.2, 154.1, 154.1, 154.2, 154.7, 154.7, 153.5, 153.9, 153.5, 154.1, 153.5, 153.5, 154.1, 154.1, 153.6, 153.5, 153.5, 153.5, 153.5, 153.3, 154.1, 154.1, 154.1, 153.3, 154.1, 153.9, 154.1, 153.5, 154.1, 153.5, 154.1, 153.5, 154.1, 154.1, 154.7, 154.2, 153.9, 154.1, 154.1, 153.5, 154.1, 154.1, 154.1, 154.1, 154.1, 153.5, 154.1, 154.1, 153.5, 153.6, 153.5, 153.9, 154.1, 154.1, 154.1, 154.1, 154.1, 154.1, 154.1, 153.3, 154.1, 154.1, 154.1, 154.1, 154.1, 152.9, 153.3, 154.1, 153.6, 153.5, 153.9, 153.5, 153.5, 154.2, 154.2, 153.5, 154.2, 153.6, 154.2, 153.6, 154.1, 153.5, 154.1, 154.2, 153.5, 153.6, 154.1, 154.1, 153.6, 153.5, 153.6, 153.6, 153.6, 154.7, 153.6, 153.6, 153.6, 154.2, 153.0, 152.9, 152.9, 152.2, 152.1, 152.7, 152.9, 152.7, 152.9, 152.2, 152.4, 153.0, 154.1, 152.9, 153.5, 152.7, 152.7, 153.5, 154.1, 154.1, 153.9, 153.5, 153.9, 153.9, 153.1, 152.5, 152.7, 153.3, 153.3, 153.3, 152.7, 152.5, 152.7, 153.1, 152.2, 152.7, 152.5, 153.0, 152.7, 153.5, 151.5, 152.7, 153.1, 152.7, 153.3, 153.3, 153.3, 152.1, 152.7, 152.7, 154.1, 152.9, 152.9, 153.5, 152.2, 152.9, 152.2, 152.9]"
10,"[152.7, 153.6, 153.4, 152.3, 152.1, 152.7, 151.9, 152.7, 153.1, 153.7, 153.7, 153.3, 153.3, 154.5, 152.7, 153.3, 152.7, 153.1, 153.1, 152.7, 152.1, 152.5, 151.9, 152.3, 152.9, 152.1, 152.5, 151.6, 151.7, 152.7, 152.5, 151.7, 151.1, 152.1, 151.7, 152.5, 152.7, 152.5, 151.9, 151.3, 151.1, 151.9, 152.1, 152.9, 152.1, 152.7, 152.5, 152.5, 151.9, 152.7, 152.9, 153.1, 152.9, 151.7, 152.3, 152.9, 153.7, 153.1, 153.1, 153.3, 153.1, 153.1, 152.5, 153.3, 152.3, 151.9, 153.1, 153.1, 152.9, 152.7, 153.1, 152.5, 152.5, 153.1, 152.5, 152.5, 152.7, 152.7, 153.3, 152.7, 152.5, 152.7, 152.7, 152.7, 151.9, 152.1, 151.9, 152.1, 152.5, 152.7, 152.5, 152.5, 152.5, 151.9, 152.5, 151.7, 152.5, 152.1, 151.9, 151.9, 152.1, 151.9, 152.5, 151.9, 152.9, 152.5, 153.3, 152.7, 152.5, 153.3, 152.7, 152.5, 152.7, 152.7, 152.7, 153.1, 152.7, 152.7, 153.3, 153.5, 152.5, 153.1, 152.9, 152.9, 153.3, 152.9, 152.3, 152.5, 152.3, 152.8, 152.8, 152.1, 152.8, 152.1, 152.8, 152.8, 151.9, 152.3, 151.5, 152.8, 152.1, 153.4, 152.8, 153.4, 153.4, 153.4, 152.8, 153.4, 152.9, 151.9, 151.7, 152.8, 152.6, 152.6, 152.9, 152.9, 152.3, 152.6, 152.9, 152.3, 152.3, 152.3, 152.9, 152.8, 152.1, 152.3, 151.7, 151.9, 151.7, 151.3, 151.9, 151.7, 151.9, 151.9, 152.6, 152.6, 152.3, 151.7, 152.9, 152.1, 152.3, 152.3, 151.7, 152.3, 152.3, 152.3, 152.3, 151.7, 152.3, 152.3, 152.9, 152.9, 153.6, 152.9, 152.9, 153.6, 152.9, 152.9, 152.9, 153.1, 153.1, 152.9, 152.5, 153.1, 153.7, 153.7, 152.5, 153.7, 153.1, 153.1, 153.7, 153.7, 152.9, 152.9, 152.9, 153.6, 152.9, 153.7, 153.4, 152.8, 152.8, 152.9, 152.6, 151.3, 150.7, 149.1, 150.9, 151.9, 152.9, 152.1, 152.8, 152.3, 152.3, 152.5, 153.6, 152.9, 152.9, 153.6, 152.9, 153.1, 153.1, 152.3, 153.1, 153.1, 152.5, 152.9, 151.7, 151.9, 152.3, 152.3, 151.7, 151.9, 152.9, 151.9, 150.4, 151.5, 151.3, 151.3, 151.9, 151.9, 151.9, 153.2, 151.9, 151.9, 152.6, 151.7, 151.7, 153.2, 152.6, 153.0, 152.6, 152.6, 153.4, 154.0, 153.2, 154.2, 152.9, 153.1, 153.1, 152.9, 153.7, 152.9, 153.4, 152.9, 154.2, 153.6, 153.6, 153.4, 154.0, 152.8, 153.6, 154.2, 153.6, 153.4, 152.8, 153.6, 152.9, 153.6, 152.8, 153.4, 153.4, 152.9, 153.4, 153.9, 152.9, 153.4, 152.9, 153.6, 153.6, 153.6, 153.4, 153.6, 152.9, 153.1, 153.6, 152.9, 153.6, 153.6, 153.6, 153.4, 153.6, 153.4, 153.4, 154.0, 154.0, 153.4, 153.2, 153.7, 153.7, 152.9, 152.9, 153.6, 153.4, 153.4, 153.4, 152.8, 153.4, 152.6, 152.6, 152.1, 151.3, 151.1, 150.4, 150.4, 149.8, 150.4, 150.4, 151.3, 151.1, 151.1, 151.3, 151.3, 151.3, 150.7, 151.3, 150.7, 150.4, 150.9, 150.4, 150.9, 151.3, 151.7, 151.3, 152.6, 151.3, 151.3, 151.3, 152.1, 151.3, 151.3, 151.9, 151.9, 151.3, 151.9, 151.3, 151.3, 150.7, 151.3, 151.3, 150.7, 150.4, 150.4, 150.7, 150.4, 150.7, 150.0, 150.0, 149.8, 149.8, 150.0, 149.8, 149.6, 149.8, 149.8, 150.0, 150.4, 150.7, 150.4, 150.4, 149.8, 150.4, 150.4, 149.8, 149.8, 150.7, 150.2, 150.4, 150.0, 150.4, 150.4, 151.1, 150.4, 150.4, 150.4, 149.6, 150.4, 149.6, 149.0, 149.8, 149.6, 149.6, 149.6, 149.6, 149.6, 149.6, 149.6, 149.6, 149.4, 149.6, 149.0, 149.0, 149.0, 149.6, 149.4, 149.0, 148.7, 149.0, 148.7, 149.4, 148.7, 148.1, 149.4, 148.7, 149.4, 148.7, 148.7, 148.7, 148.7, 149.0, 148.7, 149.4, 149.4, 148.7, 148.2, 146.3, 146.7, 147.0, 146.4, 145.4, 145.7, 145.4, 145.7, 145.4, 144.8, 145.7, 145.4, 145.1, 145.4, 146.3, 145.7, 145.4, 145.7, 145.7, 145.7, 144.8, 145.1, 145.1, 145.4, 145.4, 146.3, 145.4, 145.4, 145.1, 145.7, 145.4, 145.7, 145.7, 145.7, 146.0, 146.0, 145.7, 145.7, 145.7, 145.1, 146.3, 145.7, 145.7, 146.0, 145.7, 145.4, 145.7, 145.7, 145.7, 145.7, 145.7, 146.6, 146.0, 146.6, 146.0, 145.3, 145.1, 144.2, 145.1, 144.8, 144.7, 145.3, 144.2, 144.2, 145.6, 144.2, 144.8, 145.1, 145.7, 144.8, 144.8, 144.4, 144.4, 144.2, 144.2, 145.1, 144.4, 144.7, 144.2, 144.2, 144.2, 144.8, 144.5, 144.5, 145.1, 144.2, 144.2, 144.2, 145.7, 145.7, 144.2, 144.2, 143.6, 144.8, 144.5, 143.5, 143.5, 144.8, 143.8, 144.4, 144.8, 144.8, 144.8, 145.7, 144.2, 144.5, 144.4, 144.4, 145.7, 144.2, 144.8, 144.2, 144.5, 145.1, 144.8, 145.1, 145.1, 145.1, 145.7, 144.2, 144.8, 145.1, 144.5, 144.2, 143.9, 144.5, 145.1, 144.8, 145.4, 145.4, 144.8, 145.7, 146.3, 144.8, 145.1, 145.7, 144.8, 146.1, 145.4, 145.4, 146.1, 146.3, 146.3, 146.1, 146.3, 145.4]"
10,"[145.1, 145.7, 145.4, 145.7, 146.6, 144.8, 145.7, 145.1, 145.4, 145.8, 145.1, 145.1, 144.2, 145.8, 145.5, 145.5, 146.1, 146.4, 146.4, 146.4, 146.4, 146.4, 146.7, 146.4, 145.8, 146.4, 146.2, 146.7, 146.4, 146.2, 146.7, 146.2, 146.2, 146.4, 146.4, 146.4, 146.7, 146.4, 146.7, 146.7, 146.4, 146.4, 146.7, 146.4, 146.4, 146.4, 146.4, 146.7, 146.4, 146.4, 146.7, 146.4, 146.4, 145.5, 147.1, 147.1, 147.1, 147.7, 147.3, 147.6, 147.6, 147.7, 147.3, 147.6, 148.7, 148.5, 148.2, 148.5, 147.6, 148.5, 148.5, 148.5, 148.5, 148.5, 148.5, 148.5, 148.5, 148.2, 148.5, 148.5, 149.1, 149.1, 148.5, 149.1, 149.1, 149.4, 149.1, 149.1, 149.1, 149.1, 149.8, 149.6, 149.6, 149.4, 150.0, 149.6, 149.6, 149.8, 150.7, 150.2, 150.0, 149.8, 150.0, 150.0, 150.0, 149.8, 150.2, 150.2, 150.7, 150.2, 150.0, 150.7, 150.2, 150.2, 150.0, 150.2, 149.6, 150.0, 149.1, 148.2, 148.5, 148.2, 148.2, 147.6, 146.7, 146.1, 145.4, 144.8, 144.8, 144.5, 145.1, 146.1, 145.7, 146.1, 145.4, 145.8, 144.5, 145.1, 144.5, 144.5, 144.5, 144.2, 143.9, 143.9, 144.2, 143.9, 143.6, 143.9, 144.5, 145.4, 145.4, 146.4, 146.4, 146.1, 145.8, 145.5, 145.4, 145.8, 144.8, 144.5, 145.4, 145.1, 144.2, 144.9, 144.5, 144.2, 144.2, 144.2, 145.1, 144.5, 144.2, 144.5, 144.5, 145.1, 145.1, 145.1, 145.1, 145.1, 145.8, 145.1, 145.8, 145.1, 145.4, 145.8, 146.1, 145.1, 144.9, 145.4, 145.1, 145.8, 146.1, 145.1, 143.6, 143.6, 143.6, 143.6, 144.2, 145.8, 145.8, 145.8, 144.2, 144.9, 144.2, 143.9, 143.6, 144.5, 146.1, 146.1, 145.8, 146.1, 146.7, 145.4, 145.8, 146.4, 145.4, 146.1, 145.8, 145.8, 144.5, 144.2, 143.6, 144.2, 145.8, 144.9, 144.2, 144.2, 143.9, 143.6, 144.5, 143.9, 143.6, 144.2, 144.2, 145.1, 144.5, 144.2, 144.2, 144.2, 144.2, 143.9, 144.2, 144.2, 143.6, 143.6, 143.9, 144.9, 143.9, 143.6, 144.2, 144.9, 144.2, 143.6, 143.6, 143.6, 145.1, 145.1, 146.1, 145.4, 147.0, 146.4, 147.0, 146.1, 146.1, 146.7, 145.1, 144.5, 144.5, 143.6, 143.6, 143.3, 143.9, 144.2, 143.6, 144.8, 144.2, 144.2, 144.5, 144.2, 143.6, 143.6, 143.9, 145.1, 145.1, 145.8, 145.1, 145.8, 145.8, 145.4, 145.1, 145.8, 146.2, 146.7, 145.8, 146.1, 146.4, 146.7, 147.3, 147.0, 146.7, 148.0, 148.2, 149.1, 148.9, 148.7, 148.5, 149.1, 149.4, 149.4, 150.7, 150.0, 149.8, 150.0, 150.0, 150.7, 150.7, 150.2, 150.7, 150.0, 150.2, 150.0, 150.0, 150.7, 150.4, 150.4, 149.8, 149.8, 149.4, 149.8, 149.8, 149.6, 149.6, 150.0, 149.4, 149.4, 149.4, 150.0, 150.0, 149.1, 149.1, 149.8, 149.1, 149.1, 149.1, 149.1, 149.4, 149.8, 150.9, 150.2, 150.0, 149.4, 149.1, 150.0, 149.1, 149.4, 149.1, 149.1, 149.1, 149.1, 149.1, 149.4, 148.7, 149.1, 149.8, 150.0, 149.8, 149.4, 148.5, 149.1, 149.4, 149.4, 149.6, 150.0, 150.0, 149.4, 149.4, 149.4, 149.6, 148.7, 150.2, 149.4, 150.0, 150.2, 150.0, 150.4, 149.4, 149.8, 149.4, 148.5, 148.7, 149.1, 148.7, 149.4, 149.4, 149.4, 149.6, 149.6, 149.6, 150.9, 150.4, 149.6, 150.2, 150.0, 149.1, 149.4, 149.4, 149.4, 149.8, 149.8, 150.4, 150.9, 150.2, 150.4, 150.4, 150.7, 151.1, 150.4, 150.4, 150.7, 150.4, 151.1, 151.1, 151.1, 151.1, 151.1, 150.2, 150.2, 151.1, 150.2, 150.9, 150.4, 150.2, 151.1, 150.4, 151.1, 150.4, 150.2, 150.4, 150.0, 150.4, 150.4, 150.4, 150.4, 150.7, 150.4, 150.7, 150.7, 150.4, 150.7, 151.3, 151.3, 150.9, 150.7, 150.7, 150.9, 150.4, 150.4, 150.7, 150.4, 150.4, 151.9, 151.9, 151.9, 151.9, 150.7, 151.9, 151.5, 151.3, 151.5, 151.3, 152.1, 151.5, 151.5, 151.5, 151.5, 151.3, 151.5, 151.9, 151.9, 151.5, 151.3, 151.5, 151.3, 150.7, 150.7, 151.3, 151.3, 151.1, 150.7, 150.7, 151.3, 151.7, 151.3, 151.3, 151.1, 151.3, 151.3, 151.1, 151.9, 151.9, 151.9, 151.9, 151.9, 152.1, 152.8, 151.9, 151.3, 151.9, 151.5, 151.3, 151.7, 151.9, 151.9, 152.3, 151.3, 151.9, 152.3, 151.9, 152.1, 152.1, 152.3, 151.9, 151.9, 152.3, 152.1, 151.9, 151.7, 152.1, 152.1, 152.3, 152.3, 152.1, 151.7, 151.5, 152.1, 152.3, 152.1, 152.1, 152.1, 152.1, 151.9, 151.9, 151.9, 152.1, 151.9, 152.1, 151.5, 151.9, 151.5, 152.1, 151.3, 152.3, 151.3, 152.1, 151.9, 152.1, 151.7, 151.5, 152.1, 152.3, 152.1, 152.1, 152.3, 152.1, 152.1, 152.3, 152.1, 152.1, 152.1, 152.1, 152.1, 152.1, 151.3, 151.3, 151.5, 151.3, 151.3, 151.5, 151.5, 151.1, 151.5, 150.7, 150.4, 150.7, 149.8, 150.4, 150.4, 150.4, 150.0, 149.6, 149.8, 147.8, 148.5, 148.7, 149.0, 148.1, 148.1, 147.6, 147.6, 147.0, 146.3]"
10,"[152.8, 153.2, 152.9, 152.9, 153.7, 153.9, 153.9, 154.5, 155.3, 154.5, 154.5, 155.2, 155.2, 154.2, 154.7, 154.5, 154.7, 154.7, 154.5, 154.7, 154.2, 154.0, 155.3, 154.2, 154.7, 154.0, 154.0, 154.8, 154.7, 154.7, 155.3, 155.3, 155.3, 155.3, 154.8, 154.5, 154.0, 154.2, 154.0, 154.2, 154.7, 154.0, 154.2, 154.8, 154.2, 154.0, 154.0, 154.0, 154.0, 154.0, 154.0, 154.0, 154.2, 154.0, 154.0, 154.0, 154.7, 154.2, 154.0, 154.0, 154.0, 154.7, 154.7, 154.0, 154.0, 154.0, 154.0, 154.0, 154.0, 154.0, 154.7, 154.0, 154.0, 154.0, 154.7, 154.8, 154.0, 154.0, 154.7, 154.0, 154.2, 154.2, 154.7, 153.9, 153.9, 154.7, 154.0, 154.8, 154.7, 154.5, 154.4, 154.0, 154.0, 154.0, 154.0, 154.0, 154.7, 154.0, 154.7, 154.7, 154.2, 154.2, 154.0, 154.7, 154.7, 154.8, 154.2, 154.7, 154.7, 153.4, 154.2, 154.2, 154.0, 155.0, 154.7, 154.7, 154.2, 154.8, 154.8, 154.2, 154.8, 154.2, 154.0, 154.7, 154.7, 154.8, 154.5, 155.2, 155.0, 154.7, 154.0, 154.8, 154.2, 154.8, 154.2, 154.0, 154.0, 154.0, 154.0, 154.2, 154.2, 154.0, 154.0, 154.2, 154.0, 154.0, 154.0, 154.2, 154.0, 154.0, 154.2, 154.7, 154.2, 154.8, 154.2, 154.4, 154.8, 154.8, 154.2, 153.6, 154.7, 154.8, 154.8, 154.8, 154.8, 154.8, 154.8, 154.8, 154.2, 154.8, 154.8, 153.6, 154.4, 154.2, 154.8, 153.6, 154.8, 154.7, 154.8, 154.2, 153.7, 153.4, 154.2, 154.8, 154.0, 154.0, 154.0, 154.2, 154.0, 154.0, 154.7, 154.0, 154.7, 154.7, 154.7, 154.7, 154.0, 154.7, 154.0, 154.7, 154.7, 154.0, 155.2, 155.2, 155.3, 154.7, 155.3, 154.0, 154.2, 154.0, 154.2, 154.0, 154.0, 154.0, 154.2, 154.2, 154.8, 154.2, 154.0, 154.2, 154.7, 153.4, 155.3, 155.3, 154.5, 154.5, 154.7, 154.0, 154.0, 154.0, 154.8, 154.5, 153.9, 154.5, 154.5, 154.7, 154.0, 154.7, 153.7, 153.4, 154.7, 154.7, 154.0, 154.5, 154.2, 153.9, 154.7, 154.7, 154.2, 153.9, 154.0, 154.2, 153.6, 154.2, 154.2, 153.6, 154.0, 154.0, 154.7, 154.2, 154.0, 153.9, 152.9, 154.0, 154.2, 153.6, 154.2, 154.0, 154.7, 153.4, 153.9, 153.4, 153.6, 153.6, 153.6, 153.6, 154.2, 154.2, 153.4, 154.0, 154.2, 154.0, 154.2, 154.0, 154.2, 153.6, 154.0, 153.6, 153.4, 154.0, 154.2, 153.6, 153.6, 153.6, 153.4, 152.9, 154.2, 153.6, 154.2, 154.0, 154.0, 153.4, 153.2, 152.9, 152.9, 153.4, 153.6, 154.0, 154.0, 154.2, 154.0, 153.6, 153.6, 153.6, 154.2, 154.0, 154.2, 154.2, 154.0, 153.4, 154.2, 154.0, 154.2, 154.2, 154.0, 154.0, 153.4, 153.6, 153.4, 153.6, 152.9, 153.4, 154.2, 153.6, 154.0, 154.2, 153.6, 153.6, 153.6, 153.9, 152.9, 152.6, 153.4, 153.6, 153.4, 152.9, 153.4, 153.6, 154.0, 153.4, 153.4, 152.9, 153.4, 153.6, 153.6, 154.2, 153.6, 154.0, 152.9, 154.0, 154.0, 154.2, 154.0, 154.2, 154.0, 154.0, 153.6, 154.2, 153.6, 154.0, 154.0, 154.0, 153.6, 154.0, 153.4, 153.2, 153.4, 153.4, 153.4, 153.4, 153.4, 153.4, 153.6, 153.4, 153.4, 152.8, 152.6, 151.7, 151.9, 152.6, 153.4, 153.4, 152.8, 152.8, 152.6, 151.9, 151.7, 151.1, 151.5, 150.9, 151.1, 151.5, 151.5, 151.7, 151.7, 151.9, 152.4, 151.9, 152.4, 152.6, 152.6, 151.9, 152.1, 151.3, 151.7, 151.7, 151.9, 151.1, 151.1, 151.9, 151.7, 151.5, 151.7, 151.7, 151.5, 151.7, 151.5, 150.9, 150.9, 150.0, 149.8, 150.2, 150.0, 149.8, 150.2, 150.7, 150.0, 150.0, 150.7, 150.0, 150.0, 150.0, 150.7, 150.2, 150.7, 150.0, 150.2, 150.7, 150.9, 149.6, 150.0, 150.0, 150.0, 150.0, 149.8, 149.4, 149.4, 150.0, 150.0, 150.0, 150.0, 148.7, 148.5, 149.4, 149.4, 150.0, 150.0, 150.0, 149.4, 149.4, 149.4, 149.8, 150.9, 150.0, 149.8, 150.0, 150.0, 150.0, 149.4, 150.0, 150.0, 150.7, 150.7, 150.0, 150.7, 150.9, 151.5, 151.7, 151.7, 151.1, 151.9, 151.5, 151.9, 150.9, 151.1, 150.9, 150.9, 151.5, 150.9, 151.1, 151.5, 151.5, 151.7, 151.9, 151.9, 151.7, 152.6, 151.7, 151.5, 151.1, 151.3, 151.7, 151.7, 151.7, 151.7, 150.9, 150.9, 150.9, 150.7, 151.5, 151.1, 150.9, 151.1, 151.7, 151.5, 151.1, 151.1, 150.9, 150.9, 150.9, 151.7, 151.1, 151.9, 151.7, 151.9, 150.9, 151.1, 150.9, 151.7, 151.3, 151.9, 151.5, 151.5, 151.1, 150.9, 151.3, 150.7, 150.9, 151.5, 151.5, 150.9, 150.0, 151.3, 151.3, 151.5, 151.5, 151.5, 151.7, 150.9, 151.5, 151.7, 150.9, 151.5, 150.7, 151.5, 151.3, 151.3, 150.7, 150.0, 150.7, 150.9, 150.2, 150.0, 151.3, 150.9, 150.7, 150.0, 150.0, 150.0, 150.0, 150.0, 150.0, 149.8, 150.7, 150.7, 150.7, 150.7, 150.7, 150.7, 150.7, 150.7, 150.7, 150.7, 150.4, 150.2, 150.7, 150.7, 151.1, 150.4, 150.7]"
10,"[148.7, 149.6, 149.6, 149.0, 149.8, 149.6, 150.0, 150.9, 150.0, 152.0, 150.9, 151.3, 151.3, 151.1, 150.9, 151.1, 151.7, 150.9, 151.5, 150.9, 151.1, 150.7, 151.3, 151.5, 150.0, 151.3, 150.9, 151.1, 151.1, 151.7, 151.3, 151.1, 151.1, 151.1, 151.1, 151.3, 151.9, 150.9, 151.3, 151.1, 151.7, 151.5, 151.7, 150.9, 151.3, 151.5, 151.1, 150.9, 150.4, 151.1, 151.1, 151.7, 151.5, 151.1, 150.7, 151.3, 151.1, 151.1, 151.7, 151.1, 150.9, 151.1, 151.7, 150.9, 150.9, 151.7, 151.1, 151.7, 151.1, 151.1, 150.9, 151.5, 150.9, 151.7, 150.9, 151.1, 151.1, 151.9, 151.9, 151.1, 151.1, 151.7, 151.7, 151.7, 151.7, 151.9, 151.5, 151.7, 152.4, 151.7, 151.9, 151.7, 151.7, 152.1, 151.7, 151.3, 151.7, 151.7, 151.9, 151.9, 152.4, 151.7, 151.7, 151.7, 151.5, 151.7, 151.9, 151.9, 151.1, 151.7, 151.5, 151.7, 151.9, 151.7, 151.5, 151.5, 151.1, 151.1, 150.4, 150.2, 150.2, 149.1, 149.1, 149.4, 148.5, 147.2, 146.1, 145.8, 145.1, 145.1, 145.5, 145.5, 145.8, 145.8, 146.1, 145.8, 145.8, 145.8, 146.4, 145.8, 146.4, 146.4, 147.3, 146.7, 148.0, 146.7, 146.4, 146.2, 146.4, 147.0, 147.0, 147.0, 147.3, 145.5, 145.1, 145.8, 144.9, 145.5, 146.2, 145.8, 145.8, 144.5, 144.6, 145.1, 145.5, 146.2, 145.5, 144.9, 145.5, 145.8, 145.8, 145.8, 145.5, 147.3, 147.6, 146.7, 146.7, 147.0, 146.4, 147.1, 146.7, 147.1, 146.7, 147.0, 147.6, 147.6, 147.0, 146.7, 147.0, 147.3, 148.2, 148.2, 147.3, 147.1, 146.2, 145.1, 144.9, 144.9, 144.9, 143.9, 144.5, 145.8, 145.1, 144.2, 144.2, 144.9, 145.1, 144.8, 144.8, 145.1, 145.1, 144.5, 146.1, 145.1, 147.1, 146.3, 146.1, 146.7, 145.4, 144.5, 144.2, 145.1, 145.1, 145.8, 145.5, 146.1, 145.5, 145.5, 146.1, 146.4, 147.6, 146.7, 146.1, 146.2, 145.8, 145.4, 145.1, 145.1, 144.9, 145.1, 144.6, 145.1, 145.8, 145.8, 145.5, 144.9, 144.9, 145.5, 145.5, 146.1, 145.5, 145.1, 145.4, 146.4, 145.8, 146.4, 145.8, 145.8, 147.1, 147.0, 147.0, 148.2, 148.2, 147.3, 147.1, 147.1, 147.3, 147.3, 147.6, 147.3, 147.6, 146.1, 146.1, 145.8, 144.9, 145.1, 145.1, 145.8, 145.4, 145.1, 145.5, 145.1, 145.4, 146.4, 145.8, 145.4, 146.2, 145.5, 146.1, 146.4, 147.1, 146.4, 145.8, 146.2, 145.8, 146.7, 146.4, 146.3, 145.1, 145.1, 145.8, 146.4, 148.5, 148.5, 147.8, 148.2, 147.6, 147.6, 146.4, 147.3, 147.3, 147.6, 147.2, 146.7, 146.1, 146.3, 146.7, 147.3, 147.3, 146.7, 147.3, 147.8, 147.3, 147.0, 148.2, 148.2, 148.2, 148.5, 148.0, 148.5, 148.5, 149.1, 149.1, 150.2, 149.4, 150.0, 150.0, 149.1, 148.5, 148.7, 148.5, 148.2, 148.5, 148.5, 149.4, 149.1, 149.4, 150.7, 150.0, 150.0, 150.7, 150.0, 150.2, 150.0, 149.4, 149.4, 149.1, 148.5, 149.4, 150.0, 150.2, 151.3, 150.9, 150.7, 150.2, 149.6, 149.4, 149.1, 149.4, 148.5, 149.6, 150.0, 149.4, 150.0, 150.7, 150.9, 150.9, 151.3, 151.7, 151.1, 151.1, 151.7, 151.9, 151.7, 151.9, 151.9, 151.9, 152.4, 151.9, 151.9, 152.4, 151.1, 151.1, 151.1, 151.7, 151.7, 151.9, 151.9, 151.9, 151.7, 151.7, 151.9, 151.1, 151.7, 151.9, 151.9, 151.9, 152.6, 151.9, 151.9, 151.9, 151.9, 151.9, 151.9, 151.7, 151.7, 151.3, 151.7, 151.7, 151.9, 151.9, 151.9, 151.7, 152.4, 151.9, 151.9, 151.9, 151.9, 151.9, 151.9, 151.9, 151.9, 151.9, 151.7, 151.9, 152.6, 151.9, 152.6, 152.4, 152.1, 152.1, 152.1, 152.1, 151.5, 151.9, 151.9, 151.9, 151.7, 151.9, 152.8, 152.6, 152.1, 152.1, 152.6, 152.6, 152.8, 152.6, 152.6, 152.8, 151.9, 152.1, 152.6, 151.3, 152.1, 151.5, 152.3, 152.1, 151.9, 152.3, 152.1, 152.1, 152.1, 152.3, 152.6, 152.8, 152.1, 152.3, 152.1, 152.8, 152.3, 152.9, 153.6, 152.1, 152.1, 152.3, 151.5, 152.8, 152.1, 151.9, 152.8, 153.4, 152.8, 152.9, 152.8, 152.6, 151.9, 153.4, 152.9, 152.9, 153.2, 152.8, 153.6, 152.1, 152.9, 153.2, 152.3, 152.6, 152.3, 152.8, 152.3, 152.8, 152.1, 153.2, 152.6, 152.8, 152.8, 152.8, 152.6, 152.1, 152.9, 153.4, 153.4, 152.8, 153.2, 152.8, 152.6, 152.6, 152.6, 152.8, 152.8, 152.8, 152.6, 152.8, 152.8, 152.8, 152.8, 153.6, 152.8, 152.3, 152.3, 152.8, 152.8, 152.8, 152.8, 152.1, 152.8, 152.8, 152.8, 152.8, 152.8, 152.8, 152.6, 152.8, 152.8, 153.4, 152.8, 152.8, 152.8, 152.8, 152.8, 153.4, 152.8, 152.8, 152.6, 152.8, 153.6, 152.8, 153.9, 153.4, 152.8, 152.6, 152.9, 152.6, 152.8, 152.8, 152.8, 152.8, 152.6, 152.8, 152.6, 153.2, 153.4, 153.9, 153.4, 153.2, 153.2, 153.2, 153.2, 153.2, 153.2, 152.6, 152.6, 152.6, 152.8, 152.8, 153.4, 152.8, 152.6, 153.2, 152.8]"
10,"[152.5, 154.2, 154.8, 153.7, 154.1, 154.4, 154.4, 154.4, 154.4, 153.7, 154.4, 154.4, 153.9, 154.4, 153.7, 154.4, 154.5, 154.4, 154.5, 153.7, 154.5, 153.7, 154.5, 153.9, 154.7, 154.4, 154.5, 153.7, 154.5, 154.5, 154.4, 153.7, 154.4, 154.5, 154.4, 154.5, 153.9, 153.7, 153.7, 153.9, 154.5, 154.4, 154.5, 153.9, 154.1, 153.7, 154.1, 153.9, 154.7, 154.1, 154.1, 153.9, 153.7, 153.9, 154.1, 153.7, 153.9, 155.0, 154.4, 153.9, 154.5, 153.9, 153.7, 153.7, 153.7, 153.7, 154.5, 154.5, 154.4, 153.7, 154.7, 153.7, 153.9, 154.1, 154.4, 154.7, 153.9, 154.1, 153.9, 154.5, 154.5, 154.7, 154.7, 154.5, 154.5, 154.7, 154.1, 155.2, 154.7, 154.7, 154.7, 154.5, 154.7, 155.3, 154.7, 154.5, 154.7, 154.7, 154.7, 154.7, 155.3, 154.5, 155.0, 155.2, 155.2, 154.4, 154.4, 154.4, 154.5, 154.4, 155.0, 155.2, 154.7, 154.4, 154.5, 154.5, 154.5, 154.5, 155.0, 155.0, 155.0, 154.4, 154.5, 154.4, 154.2, 153.4, 154.2, 154.0, 154.7, 154.7, 154.5, 154.0, 153.9, 154.7, 154.7, 153.4, 153.4, 154.0, 153.9, 154.2, 154.0, 154.0, 153.4, 153.6, 154.0, 154.0, 152.8, 153.4, 154.0, 154.0, 153.6, 153.4, 153.4, 152.8, 154.2, 152.8, 153.9, 153.6, 153.4, 153.4, 153.4, 154.0, 152.8, 153.4, 153.6, 153.4, 153.4, 152.9, 152.8, 154.0, 152.9, 153.6, 153.6, 154.0, 154.0, 153.4, 152.9, 152.9, 153.4, 152.9, 153.6, 152.9, 154.2, 153.6, 153.4, 152.8, 153.6, 153.4, 153.4, 152.9, 152.8, 152.8, 152.8, 152.8, 153.4, 153.4, 153.4, 153.4, 152.9, 152.9, 153.4, 153.6, 152.8, 152.9, 152.8, 153.4, 153.6, 152.9, 153.1, 152.8, 152.9, 152.9, 152.9, 152.8, 152.8, 152.9, 152.8, 153.6, 153.6, 153.4, 152.8, 152.8, 152.6, 153.4, 153.4, 152.8, 153.4, 152.8, 152.8, 152.8, 152.8, 152.9, 153.4, 153.4, 152.8, 152.9, 152.8, 153.6, 152.8, 152.8, 152.9, 152.8, 153.4, 153.4, 152.8, 152.8, 152.8, 153.1, 152.8, 152.9, 152.8, 152.8, 154.2, 152.8, 153.4, 153.4, 153.4, 152.1, 153.4, 152.9, 153.4, 152.8, 152.8, 152.8, 153.6, 152.9, 152.9, 152.1, 152.8, 152.9, 152.8, 152.8, 153.6, 153.4, 152.8, 152.8, 152.9, 152.6, 152.8, 152.8, 153.4, 152.8, 153.4, 153.4, 153.4, 153.4, 154.0, 153.4, 152.9, 152.8, 152.8, 152.9, 152.8, 152.8, 153.4, 152.9, 152.8, 152.8, 152.9, 152.9, 152.9, 152.9, 153.2, 153.4, 152.8, 152.8, 153.4, 152.9, 152.9, 152.8, 152.8, 152.8, 153.4, 152.8, 152.8, 152.8, 152.8, 152.9, 152.8, 152.9, 153.4, 152.9, 152.8, 153.4, 152.8, 152.8, 152.8, 152.8, 152.9, 152.8, 152.9, 152.8, 152.9, 152.8, 152.8, 152.9, 152.8, 152.8, 153.4, 153.4, 152.8, 153.6, 153.4, 152.9, 153.4, 152.8, 154.0, 152.8, 152.9, 152.8, 153.6, 153.6, 152.8, 153.6, 154.2, 152.9, 153.4, 153.4, 153.4, 152.8, 153.4, 153.6, 153.4, 153.4, 153.4, 153.4, 153.4, 153.2, 153.9, 153.2, 154.0, 153.4, 153.9, 153.2, 153.4, 153.4, 154.5, 154.2, 152.8, 154.2, 154.2, 153.4, 153.6, 153.2, 153.6, 153.6, 153.4, 153.9, 153.4, 153.4, 153.4, 153.4, 154.0, 152.6, 154.7, 153.4, 154.0, 153.4, 154.0, 154.2, 152.8, 153.4, 152.8, 152.1, 151.9, 151.9, 151.9, 151.9, 151.3, 152.1, 151.5, 152.8, 152.1, 152.1, 151.5, 151.9, 151.7, 151.1, 151.1, 151.1, 151.1, 151.7, 151.3, 151.7, 151.1, 151.3, 152.1, 152.1, 152.8, 151.5, 151.1, 151.3, 151.3, 151.7, 151.3, 151.5, 152.1, 152.1, 151.3, 152.1, 152.1, 152.1, 152.1, 151.3, 152.8, 152.8, 152.9, 152.8, 152.8, 152.8, 153.4, 154.2, 153.4, 153.6, 153.1, 153.6, 153.6, 153.6, 152.9, 153.6, 153.6, 153.6, 153.6, 153.2, 153.4, 153.2, 153.4, 153.4, 153.2, 152.9, 153.4, 153.4, 154.0, 153.6, 153.9, 154.0, 153.6, 154.2, 153.9, 153.9, 153.9, 154.7, 154.0, 154.0, 154.5, 153.4, 154.7, 154.5, 154.5, 154.7, 154.0, 154.5, 154.7, 153.6, 154.0, 154.2, 154.2, 154.0, 153.6, 153.6, 153.6, 154.0, 154.0, 154.0, 153.4, 154.2, 154.0, 154.0, 154.0, 154.0, 154.0, 154.2, 154.2, 155.3, 154.0, 153.6, 153.6, 153.6, 154.0, 154.2, 153.6, 154.5, 154.0, 154.0, 154.0, 153.4, 154.7, 154.0, 154.2, 154.0, 153.9, 154.7, 154.2, 153.4, 154.2, 153.6, 153.6, 154.8, 153.6, 153.6, 153.6, 153.9, 153.6, 154.0, 155.3, 154.2, 153.6, 154.0, 154.2, 153.6, 153.6, 154.2, 153.6, 154.7, 154.7, 154.7, 154.0, 154.7, 154.0, 154.0, 154.0, 153.4, 153.4, 153.4, 154.0, 153.9, 153.9, 153.4, 154.0, 154.0, 153.9, 153.4, 153.4, 153.9, 154.0, 153.2, 153.6, 153.4, 153.4, 154.0, 153.4, 153.6, 153.4, 153.4, 153.4, 154.2, 153.6, 154.0, 153.9, 153.9, 153.2, 153.4, 154.0, 153.4, 154.0, 154.0, 154.0, 154.0, 154.7, 154.7]"
10,"[152.8, 152.9, 152.3, 152.3, 153.1, 152.9, 153.7, 154.0, 154.0, 153.4, 152.6, 153.4, 153.9, 153.2, 154.0, 153.4, 153.4, 153.4, 153.4, 153.9, 152.8, 152.6, 152.8, 154.2, 153.4, 152.9, 152.8, 152.8, 152.9, 152.8, 154.2, 153.6, 154.2, 154.0, 152.8, 153.4, 154.0, 153.4, 153.4, 153.4, 152.8, 152.8, 153.4, 152.8, 153.4, 153.4, 153.4, 152.8, 152.8, 152.8, 153.6, 152.9, 153.1, 153.1, 152.8, 152.8, 153.4, 153.4, 153.2, 154.0, 153.4, 154.0, 153.4, 154.0, 152.8, 153.4, 153.4, 154.0, 154.0, 154.0, 153.4, 154.0, 154.0, 153.4, 153.4, 153.4, 152.8, 153.4, 153.4, 154.0, 153.9, 154.0, 153.7, 154.0, 154.0, 153.4, 153.2, 153.4, 153.4, 153.2, 154.0, 153.2, 154.0, 153.2, 153.4, 154.0, 153.4, 153.2, 153.4, 153.4, 153.4, 153.4, 153.4, 153.9, 153.2, 154.0, 154.0, 152.8, 154.7, 153.2, 153.2, 153.4, 154.0, 153.2, 153.4, 153.4, 153.4, 153.4, 153.4, 153.9, 153.2, 153.4, 153.4, 154.0, 153.4, 153.2, 152.8, 154.0, 153.4, 154.0, 154.2, 154.0, 154.2, 153.4, 154.2, 154.0, 154.2, 153.6, 154.2, 153.6, 154.2, 154.0, 154.0, 153.4, 154.2, 154.2, 153.4, 154.2, 153.6, 154.2, 154.0, 154.0, 154.0, 153.6, 154.2, 154.2, 154.2, 153.6, 154.0, 153.6, 154.2, 154.2, 153.6, 154.0, 154.2, 153.6, 154.2, 153.6, 154.0, 154.4, 153.4, 154.7, 154.2, 154.2, 153.6, 154.7, 154.0, 154.2, 154.2, 153.6, 154.2, 153.6, 154.2, 153.6, 153.6, 153.4, 154.2, 154.2, 154.2, 153.6, 153.6, 154.0, 153.6, 152.9, 154.0, 153.4, 154.2, 153.6, 152.9, 153.4, 154.2, 153.6, 154.0, 153.6, 154.2, 153.4, 153.6, 154.2, 154.0, 154.2, 154.2, 153.6, 153.6, 153.4, 152.9, 154.2, 153.6, 153.9, 153.4, 153.9, 153.6, 153.6, 154.0, 154.0, 154.2, 153.6, 154.0, 154.0, 154.2, 153.9, 154.7, 154.2, 154.2, 154.2, 153.6, 153.4, 152.8, 152.6, 152.1, 152.1, 152.1, 153.4, 152.8, 153.4, 154.0, 154.0, 154.0, 153.9, 154.0, 154.0, 153.6, 154.0, 153.4, 153.6, 153.6, 153.6, 153.6, 153.4, 153.6, 154.2, 154.2, 153.6, 153.6, 153.6, 153.6, 154.0, 154.0, 153.9, 154.0, 153.6, 154.0, 154.0, 154.0, 153.4, 153.4, 153.4, 153.2, 153.4, 153.4, 153.4, 153.4, 153.4, 153.4, 153.9, 154.0, 153.9, 153.2, 153.4, 152.8, 152.6, 152.8, 152.1, 152.8, 151.9, 152.8, 152.1, 152.6, 152.4, 152.6, 151.9, 151.7, 151.1, 151.3, 150.9, 151.5, 151.7, 151.1, 151.7, 151.1, 151.9, 151.9, 152.1, 151.9, 151.9, 151.7, 151.1, 150.9, 151.5, 150.9, 150.2, 149.6, 148.7, 150.0, 150.0, 150.2, 150.9, 150.9, 151.1, 151.7, 151.7, 151.1, 151.1, 150.2, 150.2, 149.6, 150.0, 149.4, 150.2, 149.8, 149.1, 149.1, 148.5, 149.1, 149.1, 149.6, 149.0, 149.6, 149.6, 149.4, 149.1, 148.5, 148.5, 147.6, 147.6, 148.2, 147.8, 148.0, 147.8, 148.2, 147.6, 147.8, 147.0, 146.7, 146.7, 145.8, 145.8, 146.4, 146.7, 146.7, 145.8, 145.8, 147.3, 148.5, 148.2, 148.5, 147.8, 147.0, 147.3, 148.0, 146.7, 146.7, 146.1, 146.1, 145.8, 145.5, 145.8, 145.8, 146.7, 146.4, 145.8, 145.8, 146.7, 146.1, 146.4, 146.4, 146.7, 147.6, 147.6, 148.5, 149.4, 148.2, 149.1, 149.4, 148.7, 148.7, 148.7, 149.1, 149.4, 149.6, 149.4, 149.4, 149.0, 149.1, 149.0, 150.2, 149.4, 148.7, 149.1, 149.4, 149.6, 149.8, 148.5, 149.8, 149.4, 148.7, 149.6, 149.6, 149.4, 149.0, 148.7, 149.1, 149.4, 148.7, 148.7, 149.6, 148.7, 148.7, 149.4, 150.0, 149.6, 149.1, 150.2, 149.6, 149.4, 150.2, 150.9, 151.7, 151.3, 151.5, 151.5, 151.5, 151.3, 151.3, 151.3, 152.8, 152.1, 152.8, 151.9, 153.4, 153.4, 153.2, 153.4, 153.2, 152.9, 152.8, 152.8, 154.0, 154.0, 154.2, 152.6, 154.0, 154.2, 153.9, 153.9, 153.4, 154.0, 154.5, 153.4, 154.0, 154.0, 154.0, 154.0, 154.0, 153.6, 154.0, 154.0, 153.2, 154.5, 154.7, 153.9, 154.4, 154.0, 153.9, 154.2, 154.7, 153.6, 152.8, 154.0, 153.4, 154.0, 153.6, 153.4, 153.4, 154.2, 153.6, 153.4, 153.2, 152.8, 154.0, 153.4, 153.6, 153.4, 153.6, 153.4, 153.6, 153.4, 152.9, 153.4, 152.9, 153.6, 153.6, 153.4, 152.9, 152.9, 153.4, 153.4, 154.0, 153.4, 153.4, 153.4, 153.4, 153.6, 154.0, 153.9, 153.4, 153.2, 153.4, 153.4, 153.4, 152.8, 153.4, 153.4, 154.0, 153.9, 154.0, 153.4, 153.9, 153.2, 154.0, 153.2, 152.9, 153.4, 152.8, 152.8, 153.4, 154.0, 153.9, 153.4, 154.0, 154.0, 153.9, 153.2, 153.4, 153.9, 152.6, 152.8, 152.8, 152.8, 153.4, 153.4, 153.4, 153.4, 153.1, 153.4, 152.8, 153.6, 152.6, 152.8, 153.4, 153.2, 153.4, 153.4, 153.4, 153.4, 153.4, 153.4, 153.4, 153.4, 153.4, 153.4, 153.6, 153.4, 153.9, 153.4, 153.4, 153.6, 153.6, 153.4, 153.6, 153.9]"
10,"[153.9, 154.8, 154.0, 154.0, 153.6, 153.2, 153.0, 153.9, 153.0, 153.2, 153.2, 152.6, 153.0, 153.2, 152.8, 154.5, 153.7, 153.9, 153.2, 153.2, 153.2, 153.9, 153.4, 152.6, 152.8, 152.8, 152.6, 153.0, 153.9, 153.2, 153.7, 153.7, 153.7, 152.6, 152.6, 152.1, 152.8, 153.4, 152.8, 153.4, 153.4, 153.2, 153.2, 153.2, 153.4, 153.9, 153.2, 154.0, 153.2, 153.2, 153.2, 153.4, 153.4, 153.9, 153.9, 153.9, 153.0, 153.0, 153.4, 153.4, 152.8, 152.8, 152.6, 152.6, 152.8, 152.6, 151.3, 151.3, 151.5, 151.3, 150.7, 151.1, 152.6, 152.8, 152.1, 152.8, 153.4, 152.6, 152.6, 151.7, 151.7, 151.9, 151.3, 151.3, 151.9, 151.9, 152.6, 152.4, 151.9, 151.9, 151.9, 151.9, 152.6, 151.3, 151.3, 151.3, 151.3, 151.1, 150.4, 151.1, 150.7, 150.2, 150.9, 150.4, 150.4, 150.0, 150.4, 149.6, 149.4, 150.7, 150.9, 150.0, 149.6, 149.6, 150.0, 149.4, 149.4, 149.1, 149.4, 149.4, 148.5, 149.4, 148.5, 149.4, 149.4, 147.6, 146.7, 146.7, 145.4, 146.1, 146.1, 145.8, 146.7, 146.7, 147.6, 147.0, 147.0, 146.7, 146.7, 146.7, 146.7, 146.4, 145.8, 145.8, 146.3, 145.4, 145.1, 145.1, 146.1, 145.1, 145.7, 146.7, 146.7, 146.1, 145.4, 145.4, 146.4, 146.7, 146.1, 147.0, 146.7, 146.3, 146.1, 145.4, 145.1, 146.7, 145.1, 145.1, 146.7, 146.7, 146.7, 147.0, 147.0, 146.7, 146.1, 146.4, 147.3, 146.7, 147.3, 147.0, 147.0, 146.7, 146.7, 147.0, 146.7, 147.0, 146.7, 146.7, 147.0, 146.7, 146.1, 146.7, 146.7, 146.3, 147.0, 147.6, 147.6, 148.2, 147.6, 147.8, 146.7, 147.0, 145.7, 146.4, 147.3, 147.0, 147.3, 147.0, 147.6, 147.6, 147.6, 146.7, 147.6, 147.8, 147.6, 147.8, 147.6, 147.0, 147.8, 147.8, 147.8, 148.5, 147.8, 149.4, 148.2, 147.8, 147.6, 147.0, 147.6, 147.8, 148.5, 148.7, 148.5, 148.5, 149.4, 150.0, 149.1, 149.6, 149.1, 149.1, 149.4, 149.4, 149.6, 149.6, 150.2, 150.2, 150.0, 150.0, 150.9, 150.9, 150.9, 151.5, 150.4, 151.5, 151.3, 151.3, 151.5, 151.3, 151.7, 151.5, 151.3, 151.5, 150.9, 151.1, 150.9, 151.5, 150.4, 151.1, 151.1, 151.1, 150.2, 150.7, 150.9, 150.2, 150.7, 150.4, 150.9, 150.4, 150.0, 150.9, 150.4, 150.4, 150.4, 150.9, 150.4, 150.2, 149.4, 148.5, 148.7, 148.7, 149.4, 150.7, 150.2, 150.9, 151.1, 151.3, 151.1, 151.1, 151.1, 151.7, 150.9, 150.9, 150.0, 150.0, 149.6, 149.4, 149.6, 149.6, 149.1, 148.7, 149.4, 148.7, 148.7, 149.1, 148.5, 150.2, 149.4, 149.6, 150.0, 150.0, 150.9, 150.4, 149.8, 150.2, 150.2, 149.4, 149.4, 149.6, 148.7, 148.7, 149.4, 148.7, 147.8, 147.8, 148.2, 148.2, 147.8, 147.6, 147.8, 148.7, 148.7, 149.4, 149.6, 149.8, 150.4, 150.2, 150.2, 149.4, 150.2, 150.2, 149.6, 149.4, 150.4, 149.6, 150.4, 150.9, 150.0, 151.1, 151.5, 151.9, 151.5, 151.9, 151.9, 151.9, 151.9, 152.3, 151.9, 151.3, 151.1, 151.1, 151.1, 151.1, 151.1, 151.1, 150.7, 150.7, 150.2, 151.1, 151.5, 151.1, 151.1, 151.3, 150.4, 151.1, 150.2, 150.9, 150.2, 150.4, 150.9, 151.1, 150.2, 150.2, 150.0, 150.0, 150.2, 150.2, 150.4, 149.6, 150.9, 150.2, 150.2, 150.2, 150.4, 151.1, 150.9, 150.9, 150.7, 151.1, 151.7, 150.2, 150.9, 150.2, 151.1, 150.4, 151.1, 150.4, 151.1, 151.7, 151.1, 151.3, 151.3, 150.9, 151.5, 150.9, 151.1, 151.7, 151.1, 151.9, 151.7, 151.9, 152.1, 151.9, 151.5, 151.3, 151.7, 151.7, 151.9, 151.9, 151.9, 152.1, 151.7, 151.7, 151.5, 150.2, 150.2, 149.6, 148.7, 149.4, 149.4, 150.7, 148.7, 149.6, 149.6, 150.2, 149.4, 149.4, 150.2, 149.8, 150.2, 150.2, 150.9, 149.6, 150.2, 150.2, 149.0, 149.1, 148.7, 148.5, 147.6, 147.8, 147.6, 147.3, 147.0, 146.7, 147.6, 147.0, 146.7, 147.6, 147.6, 147.3, 147.0, 147.0, 147.3, 146.4, 146.7, 146.1, 147.3, 147.6, 147.6, 147.6, 147.6, 147.0, 147.6, 146.7, 146.3, 146.1, 146.7, 146.7, 146.4, 145.1, 145.1, 144.5, 145.4, 144.5, 145.4, 145.4, 145.1, 145.8, 145.4, 145.4, 144.8, 144.8, 144.5, 144.8, 144.5, 144.8, 144.8, 144.8, 144.2, 144.5, 144.8, 144.5, 144.5, 144.8, 145.1, 145.1, 145.8, 145.4, 144.8, 145.1, 144.5, 144.5, 144.5, 144.8, 144.8, 145.1, 144.8, 144.8, 145.1, 144.8, 144.2, 144.2, 144.8, 144.8, 144.5, 144.5, 144.8, 145.4, 144.5, 146.1, 146.1, 145.8, 145.5, 146.7, 147.3, 147.6, 147.3, 147.0, 147.3, 147.3, 147.3, 147.6, 147.8, 148.5, 147.6, 147.8, 147.8, 148.1, 148.1, 148.1, 148.1, 147.8, 147.2, 147.8, 147.8, 147.6, 147.3, 146.7, 146.3, 145.8, 146.3, 146.6, 146.1, 147.0, 145.4, 145.1, 145.1, 145.5, 145.8, 146.1, 145.4, 145.1, 146.1, 145.8, 144.8, 145.1, 145.1, 145.1, 145.1, 146.1]"
