fly,aa
11,"[156.0, 154.0, 154.8, 154.0, 151.9, 151.9, 152.5, 152.2, 152.2, 153.0, 153.0, 153.2, 152.4, 152.2, 151.6, 151.8, 152.9, 153.0, 153.0, 152.9, 153.0, 152.4, 153.2, 153.2, 153.2, 153.0, 153.0, 152.4, 152.9, 153.0, 153.2, 152.4, 153.8, 153.0, 152.4, 152.9, 152.2, 152.2, 152.9, 152.4, 152.4, 152.2, 152.6, 153.8, 151.6, 153.0, 153.0, 153.2, 153.2, 152.6, 153.4, 152.6, 153.0, 153.4, 152.6, 152.4, 152.4, 153.0, 152.4, 152.9, 153.8, 153.0, 153.2, 152.9, 153.2, 153.0, 151.6, 153.2, 152.2, 153.0, 153.0, 153.0, 153.2, 151.6, 152.4, 153.0, 152.4, 153.0, 153.0, 152.2, 152.2, 152.2, 152.2, 152.2, 153.0, 153.0, 153.0, 153.0, 152.9, 153.0, 152.4, 152.9, 152.6, 152.9, 152.9, 152.4, 152.9, 151.8, 152.2, 153.8, 153.0, 152.9, 152.2, 152.4, 153.0, 152.2, 152.2, 152.9, 152.4, 152.2, 153.0, 152.6, 153.2, 153.2, 152.2, 152.4, 152.4, 153.0, 153.2, 153.7, 153.0, 153.2, 152.9, 152.2, 152.4, 152.2, 152.9, 152.4, 152.4, 153.7, 152.2, 152.9, 152.9, 153.0, 152.4, 152.4, 152.9, 151.6, 153.0, 151.4, 153.0, 153.0, 152.4, 152.4, 151.8, 153.0, 153.0, 153.7, 153.0, 153.0, 153.8, 154.0, 153.0, 153.5, 154.3, 153.0, 153.2, 154.4, 153.7, 152.9, 153.7, 153.7, 153.7, 153.7, 153.7, 153.7, 153.7, 153.7, 154.3, 154.9, 154.3, 154.3, 154.3, 154.9, 154.9, 154.8, 155.3, 155.3, 155.4, 156.0, 155.9, 156.8, 158.1, 158.1, 158.1, 158.8, 158.9, 160.9, 162.2, 162.2, 162.1, 163.5, 162.9, 164.1, 164.1, 164.8, 164.8, 164.7, 166.0, 166.0, 166.0, 165.4, 166.0, 166.0, 166.7, 166.0, 166.1, 166.0, 166.7, 166.7, 166.7, 166.7, 166.7, 166.7, 166.1, 166.0, 166.1, 166.1, 166.1, 166.1, 166.7, 166.1, 166.1, 166.7, 166.1, 166.7, 166.7, 167.4, 168.0, 166.7, 168.0, 166.7, 167.4, 167.4, 168.0, 168.0, 168.0, 168.0, 168.0, 168.0, 168.0, 167.4, 167.4, 168.0, 167.4, 167.4, 166.7, 167.4, 168.0, 167.4, 168.0, 167.4, 167.4, 167.4, 167.4, 167.3, 166.7, 168.0, 167.4, 167.4, 166.7, 166.1, 167.4, 166.1, 166.7, 166.7, 166.7, 166.7, 167.4, 166.1, 164.8, 163.5, 164.8, 166.1, 166.1, 166.1, 166.7, 166.7, 166.1, 166.1, 166.1, 167.4, 166.1, 167.4, 168.0, 166.7, 168.0, 167.3, 167.4, 167.3, 167.4, 168.0, 167.4, 167.4, 167.3, 168.0, 167.4, 168.0, 168.0, 167.4, 167.4, 166.7, 168.0, 167.4, 168.0, 168.0, 166.7, 166.7, 167.3, 166.7, 167.4, 167.3, 167.3, 167.3, 167.3, 166.7, 166.0, 167.4, 167.4, 167.4, 166.0, 167.3, 166.7, 166.7, 166.7, 167.4, 166.7, 168.0, 168.0, 167.3, 167.3, 167.3, 168.0, 167.3, 167.4, 167.4, 167.4, 167.3, 167.4, 167.4, 166.7, 166.7, 167.4, 166.7, 166.7, 168.0, 166.7, 167.4, 168.0, 167.3, 166.7, 165.4, 166.7, 166.0, 166.1, 165.4, 166.0, 166.0, 166.7, 166.1, 167.3, 168.0, 167.4, 166.7, 167.4, 167.4, 167.4, 167.3, 168.0, 168.0, 167.4, 167.4, 166.7, 166.7, 167.3, 167.3, 167.4, 166.7, 167.4, 167.4, 167.4, 167.4, 167.3, 167.3, 167.4, 168.0, 167.4, 168.0, 166.7, 166.7, 167.4, 166.1, 166.0, 166.1, 166.1, 166.1, 166.7, 165.5, 166.7, 166.1, 166.1, 165.5, 165.4, 164.8, 166.0, 165.5, 165.4, 165.4, 165.5, 164.8, 166.1, 165.5, 165.4, 165.5, 164.9, 164.8, 164.8, 164.8, 164.2, 163.6, 163.6, 162.9, 163.5, 163.6, 162.9, 162.9, 162.9, 162.9, 162.3, 162.9, 163.5, 162.2, 162.2, 162.2, 162.2, 161.6, 159.6, 160.3, 161.0, 160.3, 160.9, 161.0, 160.3, 160.3, 160.3, 159.6, 160.3, 158.9, 158.9, 158.2, 158.0, 157.6, 157.5, 157.5, 156.8, 157.3, 156.0, 156.8, 156.8, 157.3, 156.2, 156.8, 156.8, 156.2, 156.8, 155.7, 156.3, 156.3, 155.5, 156.3, 156.3, 155.7, 155.5, 155.7, 156.8, 156.3, 156.8, 156.3, 156.8, 155.5, 156.3, 156.2, 156.2, 155.7, 156.9, 156.9, 155.7, 156.8, 156.2, 156.3, 156.9, 156.8, 156.8, 157.5, 156.0, 156.3, 156.8, 156.2, 156.2, 156.9, 156.8, 156.8, 156.3, 156.8, 156.2, 156.9, 156.7, 156.2, 156.0, 156.2, 156.8, 156.9, 156.8, 156.2, 156.7, 156.9, 155.5, 155.7, 156.8, 156.2, 156.9, 156.2, 156.3, 156.2, 156.7, 156.2, 156.3, 156.2, 156.2, 155.5, 156.2, 156.3, 156.3, 155.5, 156.2, 156.2, 155.5, 156.2, 156.3, 156.2, 156.4, 156.2, 156.2, 157.1, 156.3, 156.2, 156.8, 156.8, 156.3, 156.9, 156.2, 156.2, 156.9, 156.2, 155.5, 156.8, 156.9, 156.8, 156.2, 156.3, 156.2, 156.2, 155.5, 155.5, 156.2, 156.2, 156.2, 155.5, 156.3, 156.2, 156.2, 156.3, 156.8, 156.2, 156.3, 156.2, 156.2, 155.5, 156.3, 155.5, 156.2, 156.8, 156.3, 156.2, 156.2, 156.8, 156.2, 155.5, 156.3, 155.5, 156.2, 156.2, 156.3, 156.3, 156.2, 156.8, 156.9, 156.2, 156.8, 156.8]"
11,"[158.2, 158.0, 158.1, 156.7, 156.7, 155.9, 156.7, 157.6, 156.9, 156.4, 156.9, 157.1, 157.1, 157.2, 156.4, 157.2, 157.2, 157.7, 157.1, 156.9, 156.9, 156.4, 156.4, 157.6, 157.1, 157.8, 156.4, 157.2, 156.4, 156.9, 157.7, 156.3, 156.3, 156.9, 157.2, 156.9, 157.1, 157.1, 157.2, 156.3, 155.8, 156.4, 157.1, 157.1, 156.3, 156.9, 156.4, 157.6, 157.1, 156.9, 156.4, 156.9, 157.1, 157.1, 156.9, 157.1, 157.2, 157.1, 157.2, 157.6, 156.6, 157.1, 157.1, 156.4, 157.2, 156.4, 157.7, 156.4, 157.1, 156.9, 157.1, 156.3, 157.7, 156.3, 157.1, 156.3, 157.1, 156.9, 157.1, 156.3, 156.9, 156.9, 157.1, 156.4, 157.1, 156.4, 157.1, 157.1, 156.3, 156.4, 157.1, 157.1, 157.1, 157.1, 157.1, 157.1, 156.4, 157.1, 157.1, 157.7, 156.9, 157.1, 157.6, 156.9, 156.9, 157.7, 157.1, 156.3, 157.1, 156.9, 157.2, 155.8, 157.8, 156.9, 157.6, 156.9, 156.9, 157.7, 157.2, 157.1, 157.7, 157.8, 157.8, 157.1, 156.9, 157.1, 157.1, 156.9, 156.6, 157.7, 157.7, 158.4, 157.2, 157.7, 157.7, 157.6, 157.5, 157.6, 158.3, 157.6, 157.5, 158.2, 157.6, 158.2, 158.2, 157.5, 157.6, 157.6, 158.2, 158.3, 157.6, 158.2, 156.8, 157.5, 158.3, 158.2, 157.6, 158.2, 158.2, 158.9, 158.2, 158.2, 158.2, 158.9, 158.2, 158.2, 158.9, 158.1, 158.1, 159.6, 158.9, 158.9, 160.2, 159.5, 160.9, 160.2, 160.9, 160.9, 160.9, 162.9, 163.6, 164.2, 164.2, 164.2, 164.2, 163.5, 163.6, 164.8, 164.2, 164.9, 164.8, 165.4, 164.8, 165.5, 165.5, 166.1, 164.7, 164.8, 166.1, 166.7, 166.1, 166.7, 166.1, 166.1, 165.4, 166.7, 166.1, 166.7, 166.1, 164.7, 166.7, 166.7, 166.7, 167.4, 166.7, 167.4, 166.7, 167.4, 167.4, 168.0, 166.1, 166.7, 167.4, 166.7, 166.7, 167.4, 167.4, 168.0, 167.4, 167.4, 167.4, 167.4, 167.4, 168.0, 167.4, 166.7, 167.4, 167.4, 166.1, 166.7, 166.7, 165.4, 164.8, 165.4, 165.4, 166.1, 166.7, 166.7, 166.7, 167.4, 167.4, 168.0, 167.4, 168.0, 168.0, 167.4, 168.0, 168.0, 167.4, 168.0, 168.0, 168.0, 168.0, 167.4, 167.4, 166.7, 167.4, 167.4, 168.0, 167.4, 168.0, 168.0, 167.4, 167.4, 168.0, 167.4, 166.7, 167.4, 166.1, 166.7, 166.7, 166.7, 166.7, 166.7, 166.7, 167.4, 167.4, 167.4, 166.7, 166.7, 167.4, 167.4, 167.3, 166.1, 165.4, 164.8, 164.8, 165.4, 165.4, 164.7, 165.4, 164.8, 165.4, 166.1, 166.7, 166.7, 166.1, 166.1, 166.7, 166.1, 166.7, 166.7, 166.1, 166.7, 166.7, 168.0, 168.0, 168.0, 167.4, 168.0, 167.4, 168.0, 167.4, 167.4, 167.4, 167.4, 168.0, 167.4, 167.4, 167.4, 168.0, 168.0, 167.3, 166.7, 167.4, 167.3, 167.4, 166.7, 167.3, 168.0, 167.4, 166.7, 168.0, 167.4, 167.4, 167.4, 167.4, 167.4, 168.0, 167.4, 168.0, 167.4, 167.4, 167.4, 167.4, 168.0, 167.4, 166.7, 166.7, 168.0, 167.4, 168.0, 166.7, 167.4, 167.4, 167.4, 168.0, 167.4, 168.0, 166.7, 166.7, 166.7, 166.7, 167.3, 167.3, 168.0, 166.1, 166.7, 167.4, 166.1, 167.3, 166.0, 166.1, 165.5, 165.5, 165.5, 164.8, 165.5, 165.5, 165.5, 165.4, 164.8, 164.8, 164.1, 162.9, 163.5, 162.9, 162.9, 163.6, 162.9, 162.9, 162.9, 162.9, 162.9, 162.9, 163.6, 162.9, 162.9, 162.9, 162.9, 162.2, 162.9, 162.9, 162.3, 160.9, 161.0, 161.0, 161.0, 160.2, 160.1, 159.6, 160.2, 159.6, 159.5, 159.6, 159.6, 158.9, 158.9, 158.9, 158.2, 158.1, 158.3, 157.6, 157.6, 158.9, 159.0, 158.2, 157.6, 157.6, 158.1, 156.8, 157.6, 157.6, 157.5, 156.8, 156.8, 157.3, 156.3, 156.9, 156.3, 156.9, 156.0, 156.8, 156.3, 156.3, 156.8, 156.2, 156.8, 156.8, 156.8, 156.2, 156.2, 156.8, 156.0, 156.2, 156.8, 156.3, 156.2, 156.0, 156.8, 156.2, 157.3, 156.8, 156.8, 156.2, 156.2, 156.2, 156.2, 156.9, 156.7, 156.8, 156.2, 156.8, 156.2, 156.7, 157.5, 157.6, 156.2, 157.5, 156.3, 156.7, 156.8, 156.8, 157.6, 156.7, 156.8, 156.8, 156.2, 156.8, 157.5, 156.8, 157.5, 156.7, 157.5, 156.8, 156.2, 156.7, 156.2, 156.2, 157.5, 156.8, 156.8, 156.8, 156.7, 156.9, 156.8, 156.8, 156.2, 156.8, 156.7, 156.8, 156.2, 156.2, 156.8, 156.2, 156.7, 156.0, 156.7, 157.3, 157.3, 156.7, 156.8, 156.7, 156.7, 157.5, 157.6, 156.8, 156.8, 156.8, 156.8, 157.5, 157.6, 156.8, 156.8, 156.8, 156.2, 156.8, 156.8, 156.8, 156.7, 157.3, 157.5, 156.9, 156.9, 156.8, 156.8, 156.8, 156.8, 156.8, 156.2, 156.2, 156.2, 156.3, 156.2, 156.9, 156.2, 156.8, 155.7, 156.8, 156.3, 157.5, 156.9, 156.8, 156.8, 155.5, 156.8, 156.8, 156.8, 156.9, 156.8, 156.3, 156.8, 156.2, 156.9, 156.8, 156.9, 156.2, 156.8, 156.8, 156.9, 156.9, 156.8, 156.9, 156.3, 156.8, 156.3, 156.8, 156.8, 156.8, 156.2]"
11,"[158.0, 158.0, 157.3, 158.0, 157.2, 158.0, 156.7, 156.2, 156.9, 157.6, 157.8, 156.9, 158.3, 157.7, 157.7, 157.2, 157.7, 157.1, 157.6, 157.2, 158.3, 157.8, 157.7, 157.7, 156.9, 156.9, 157.7, 157.7, 158.2, 157.7, 157.7, 156.3, 157.6, 157.1, 157.6, 157.7, 157.6, 157.1, 157.6, 157.8, 157.7, 157.1, 157.8, 157.7, 157.8, 157.1, 157.7, 157.7, 157.7, 157.8, 157.8, 158.3, 158.3, 157.7, 157.7, 157.7, 156.9, 157.1, 159.0, 157.7, 157.7, 157.8, 157.8, 157.8, 157.7, 157.7, 157.1, 158.3, 157.7, 157.1, 156.3, 157.1, 157.7, 157.8, 157.7, 156.4, 157.1, 157.1, 157.1, 157.7, 157.6, 157.7, 157.7, 158.4, 156.9, 157.1, 157.7, 157.7, 157.7, 157.1, 157.8, 158.3, 156.9, 157.7, 157.8, 157.2, 157.1, 157.1, 157.7, 157.7, 157.6, 157.7, 157.7, 157.8, 157.1, 156.4, 157.1, 156.3, 157.7, 157.7, 157.1, 157.2, 157.7, 157.2, 157.1, 157.1, 157.8, 157.7, 156.9, 157.7, 157.7, 158.3, 157.7, 157.6, 156.9, 157.7, 157.7, 156.9, 157.7, 157.7, 157.7, 157.7, 157.6, 158.2, 158.3, 157.6, 157.7, 157.7, 157.1, 157.7, 157.7, 157.7, 157.7, 157.7, 157.1, 157.7, 157.7, 157.7, 156.9, 156.9, 157.1, 157.1, 157.8, 157.8, 157.7, 157.1, 157.8, 157.6, 157.7, 157.6, 158.1, 160.1, 160.8, 160.8, 160.9, 161.5, 161.5, 161.4, 160.9, 160.2, 159.6, 159.5, 159.6, 159.6, 159.6, 159.5, 159.6, 159.6, 159.6, 159.5, 159.5, 159.5, 159.6, 159.0, 159.0, 159.0, 160.2, 160.2, 159.5, 160.2, 159.0, 159.4, 158.9, 160.2, 160.9, 160.7, 162.1, 162.1, 162.1, 162.2, 162.1, 162.7, 162.8, 162.8, 162.1, 162.8, 162.8, 163.5, 162.8, 162.7, 162.8, 162.2, 162.2, 162.2, 162.2, 160.8, 160.2, 160.2, 160.2, 160.3, 160.9, 160.2, 159.6, 160.2, 159.5, 160.9, 159.6, 160.2, 160.2, 160.8, 162.2, 162.8, 164.1, 164.1, 163.5, 162.7, 164.1, 163.5, 162.8, 163.5, 163.5, 163.5, 162.7, 162.2, 162.8, 162.8, 162.8, 162.2, 162.9, 162.9, 162.2, 162.9, 162.9, 162.2, 162.2, 162.2, 163.5, 162.8, 163.4, 164.7, 164.1, 164.1, 164.1, 164.1, 164.1, 164.1, 164.1, 164.1, 163.5, 164.1, 164.1, 164.1, 162.8, 163.5, 163.5, 163.5, 162.8, 162.9, 162.2, 162.9, 162.9, 162.2, 162.9, 163.5, 162.9, 163.5, 163.5, 163.5, 163.5, 162.9, 162.9, 163.5, 164.7, 165.4, 166.0, 167.3, 167.3, 167.3, 166.7, 166.7, 166.7, 167.3, 166.7, 166.7, 166.7, 166.7, 167.4, 166.7, 166.7, 166.1, 164.8, 164.1, 164.1, 164.1, 164.1, 164.1, 164.2, 163.5, 164.1, 163.5, 163.5, 164.1, 164.2, 165.4, 165.4, 168.0, 167.3, 168.0, 167.3, 168.0, 168.0, 168.0, 168.0, 167.3, 166.7, 166.7, 167.3, 166.7, 166.7, 166.7, 167.4, 167.4, 166.7, 166.7, 166.1, 166.1, 166.1, 166.7, 165.5, 165.5, 165.5, 166.1, 166.7, 166.1, 167.4, 167.4, 166.7, 166.7, 167.4, 166.7, 167.3, 167.4, 167.3, 167.4, 167.3, 168.0, 168.0, 167.4, 167.4, 166.1, 166.7, 166.1, 165.5, 164.8, 164.9, 164.8, 164.2, 164.2, 163.6, 163.6, 162.9, 162.9, 162.9, 162.9, 162.9, 162.2, 162.9, 162.2, 161.5, 160.9, 162.2, 161.6, 161.0, 161.0, 159.6, 160.1, 160.3, 160.2, 160.1, 160.2, 159.6, 159.5, 159.5, 160.2, 160.2, 159.5, 158.3, 159.0, 158.3, 158.2, 157.5, 157.7, 158.2, 157.6, 156.9, 156.3, 156.3, 156.3, 156.3, 156.4, 156.3, 156.3, 156.9, 156.9, 156.9, 156.3, 156.3, 155.7, 155.5, 155.5, 154.9, 155.7, 154.9, 154.9, 155.1, 155.1, 155.1, 155.7, 155.1, 155.5, 155.7, 155.8, 155.8, 155.7, 155.5, 155.5, 155.1, 154.9, 155.7, 155.7, 155.5, 155.7, 156.3, 155.2, 155.5, 155.5, 154.9, 155.7, 155.5, 154.9, 155.8, 155.7, 155.5, 155.7, 155.7, 155.5, 155.7, 155.5, 155.5, 155.7, 155.5, 155.5, 155.7, 154.9, 155.5, 155.5, 156.3, 156.3, 155.1, 156.2, 155.5, 155.7, 155.5, 155.7, 156.9, 156.3, 156.2, 156.3, 155.5, 156.2, 156.3, 156.3, 155.7, 156.2, 155.7, 156.2, 155.7, 156.3, 155.5, 155.7, 155.7, 156.4, 155.5, 155.5, 155.5, 155.5, 155.7, 155.5, 156.3, 156.3, 155.7, 155.5, 155.7, 155.7, 155.7, 156.3, 155.7, 156.3, 156.3, 155.7, 155.7, 155.7, 156.9, 155.7, 156.3, 155.7, 156.3, 156.3, 155.7, 155.7, 155.7, 155.7, 155.7, 156.3, 155.7, 155.7, 156.3, 155.7, 155.5, 155.7, 156.3, 155.7, 155.7, 155.5, 156.3, 156.9, 156.4, 155.7, 156.8, 156.8, 156.9, 156.3, 157.7, 157.6, 156.4, 157.1, 156.3, 156.9, 157.1, 157.7, 157.1, 156.3, 157.1, 156.9, 156.9, 156.4, 156.4, 156.3, 157.1, 157.1, 156.9, 156.8, 157.6, 156.9, 156.9, 157.1, 157.6, 156.9, 156.9, 157.1, 156.9, 156.9, 156.9, 156.9, 156.9, 158.2, 156.9, 157.1, 156.4, 157.6, 157.1, 156.9, 157.1, 157.7, 156.8, 157.1, 156.3, 157.1, 156.2, 156.2]"
11,"[159.3, 158.5, 157.9, 157.1, 156.3, 156.3, 155.9, 156.6, 156.0, 156.8, 156.0, 156.2, 156.7, 156.7, 156.9, 156.9, 156.2, 156.7, 156.8, 156.2, 156.2, 156.2, 157.1, 156.3, 156.8, 156.2, 155.9, 156.2, 155.5, 155.4, 156.8, 156.2, 155.5, 156.8, 156.8, 156.8, 156.2, 156.2, 156.9, 156.8, 156.2, 156.2, 156.9, 156.9, 156.9, 156.2, 156.2, 156.2, 156.9, 155.5, 156.2, 156.9, 156.3, 156.2, 156.9, 156.2, 156.8, 156.8, 156.7, 156.2, 156.9, 156.9, 156.3, 156.9, 156.2, 156.9, 156.2, 157.6, 156.8, 157.6, 156.9, 157.6, 156.8, 156.4, 156.9, 156.9, 156.9, 156.8, 156.8, 156.2, 156.8, 156.8, 156.8, 156.8, 156.8, 156.8, 156.8, 156.2, 156.7, 157.5, 156.8, 156.9, 156.2, 156.8, 156.8, 156.9, 156.8, 156.8, 156.8, 156.8, 156.9, 157.6, 156.8, 156.9, 156.9, 156.8, 156.8, 157.3, 156.8, 156.8, 156.8, 156.8, 156.8, 156.8, 156.8, 156.9, 157.7, 157.7, 156.8, 157.7, 156.9, 156.9, 156.9, 157.5, 156.9, 156.9, 156.8, 156.8, 157.5, 157.5, 157.3, 156.7, 157.3, 158.0, 157.5, 157.5, 157.3, 157.5, 156.8, 156.2, 157.5, 156.8, 157.3, 156.8, 157.5, 157.5, 157.5, 156.8, 156.3, 157.5, 156.8, 156.8, 156.8, 158.1, 158.8, 159.4, 161.4, 161.4, 162.8, 162.1, 162.7, 162.8, 163.5, 162.7, 164.1, 164.1, 164.1, 165.4, 165.4, 165.4, 164.7, 165.4, 164.8, 164.7, 164.8, 164.1, 164.1, 164.8, 164.8, 164.1, 163.5, 162.9, 163.5, 162.9, 163.5, 162.2, 162.9, 163.5, 163.5, 164.8, 165.4, 165.4, 166.1, 166.7, 166.1, 166.1, 165.5, 165.4, 164.8, 166.1, 165.4, 164.8, 165.5, 164.8, 164.2, 164.1, 165.4, 164.2, 165.5, 164.8, 164.2, 163.6, 163.6, 163.6, 165.4, 166.1, 166.7, 167.3, 167.3, 166.7, 166.7, 166.1, 166.1, 165.5, 165.5, 165.5, 165.5, 164.8, 164.8, 166.1, 164.8, 164.8, 164.8, 164.2, 164.8, 165.5, 164.8, 165.5, 165.5, 165.5, 165.5, 165.5, 165.5, 164.8, 164.8, 164.8, 164.2, 165.5, 164.8, 166.1, 166.7, 167.3, 167.3, 168.0, 168.0, 167.3, 168.0, 166.7, 166.0, 166.7, 166.7, 166.1, 165.5, 165.4, 166.1, 166.1, 166.1, 165.4, 166.7, 166.1, 166.1, 165.5, 164.8, 164.8, 165.5, 165.5, 164.8, 165.5, 166.1, 166.7, 167.3, 167.3, 166.7, 167.3, 167.3, 168.0, 168.0, 168.0, 167.3, 168.0, 168.0, 167.4, 167.3, 166.7, 167.3, 168.0, 167.4, 167.3, 167.4, 167.4, 166.7, 167.4, 166.1, 166.7, 166.7, 166.1, 166.1, 166.7, 166.7, 166.1, 166.7, 166.1, 166.0, 167.3, 168.0, 167.4, 167.4, 166.7, 166.7, 167.3, 167.4, 166.7, 166.7, 166.0, 165.4, 165.4, 166.0, 165.4, 166.1, 165.4, 165.4, 165.4, 166.0, 166.1, 166.7, 166.1, 166.7, 166.7, 165.5, 166.1, 165.4, 166.7, 165.5, 166.1, 166.7, 166.7, 166.7, 166.7, 166.7, 166.7, 164.7, 166.0, 164.1, 164.1, 165.4, 164.1, 163.5, 164.8, 164.8, 164.1, 164.8, 164.8, 164.1, 164.1, 163.5, 164.1, 164.8, 165.4, 166.1, 166.1, 166.7, 166.7, 167.4, 167.4, 167.4, 167.4, 168.0, 167.4, 168.0, 168.0, 167.4, 167.4, 167.4, 167.4, 168.0, 168.0, 166.7, 166.7, 166.7, 166.7, 166.1, 165.5, 166.1, 166.1, 166.1, 165.5, 164.8, 165.5, 165.5, 164.8, 164.8, 164.8, 163.6, 163.5, 163.5, 163.6, 163.6, 163.6, 163.6, 164.2, 163.6, 163.6, 163.5, 163.5, 162.9, 162.9, 162.9, 162.9, 163.5, 162.9, 162.9, 162.9, 162.9, 162.3, 162.3, 161.5, 161.6, 162.2, 162.2, 162.3, 162.2, 161.6, 161.6, 161.6, 161.6, 161.0, 161.0, 161.5, 160.9, 160.9, 160.9, 161.6, 160.9, 160.8, 160.9, 160.3, 160.9, 160.1, 160.3, 160.2, 160.2, 160.3, 159.6, 160.2, 160.2, 160.2, 159.5, 159.4, 159.5, 159.5, 159.5, 159.4, 159.4, 158.8, 158.8, 159.4, 158.1, 158.1, 158.8, 158.8, 158.1, 158.8, 158.1, 158.8, 158.8, 158.2, 159.4, 158.1, 158.8, 158.8, 158.8, 158.8, 158.9, 158.1, 158.6, 158.9, 158.8, 158.1, 158.1, 158.1, 158.1, 158.8, 158.1, 158.1, 158.1, 158.1, 158.1, 158.1, 158.8, 158.1, 158.8, 158.1, 158.1, 158.1, 158.1, 158.1, 158.9, 158.1, 158.1, 158.8, 158.1, 158.1, 158.2, 158.0, 158.1, 158.8, 158.2, 158.8, 158.1, 158.8, 158.0, 158.1, 158.8, 158.1, 158.0, 158.1, 158.1, 158.8, 158.8, 158.8, 158.2, 158.1, 158.1, 158.1, 158.8, 158.8, 158.8, 158.8, 157.5, 158.9, 157.5, 158.1, 158.1, 157.5, 158.1, 158.2, 158.9, 158.0, 158.8, 158.1, 158.0, 158.8, 158.1, 158.2, 158.1, 158.2, 158.2, 158.2, 158.1, 158.2, 158.1, 158.1, 158.1, 158.1, 158.1, 158.8, 158.1, 158.1, 158.1, 157.5, 158.8, 158.1, 158.9, 157.5, 158.1, 158.1, 158.2, 158.8, 157.3, 157.5, 158.2, 158.8, 158.8, 158.8, 158.8, 158.1, 158.1, 158.0, 158.2, 158.1, 157.5, 158.8, 158.8, 158.8, 158.1, 158.1, 158.1, 157.5, 158.1, 158.8]"
11,"[158.5, 158.0, 157.9, 158.0, 157.5, 157.2, 156.7, 158.0, 157.5, 157.6, 158.3, 158.2, 158.2, 157.7, 157.6, 156.9, 158.3, 156.9, 157.6, 158.3, 157.7, 158.2, 158.3, 156.9, 156.9, 156.9, 157.1, 157.6, 157.6, 157.6, 157.1, 157.6, 157.1, 156.9, 156.8, 156.9, 157.1, 157.6, 157.7, 157.7, 156.9, 156.8, 157.1, 156.9, 157.7, 157.1, 156.9, 157.7, 157.6, 157.7, 157.1, 157.7, 157.7, 157.7, 157.7, 156.4, 157.1, 157.7, 157.1, 157.1, 157.1, 157.7, 157.1, 157.5, 156.9, 158.3, 156.9, 157.6, 157.6, 157.6, 157.7, 157.6, 157.1, 157.7, 156.9, 157.7, 157.1, 157.6, 156.9, 156.9, 157.7, 156.9, 158.3, 156.8, 157.7, 157.1, 156.9, 157.7, 157.7, 156.9, 157.1, 157.1, 158.2, 157.7, 157.5, 156.8, 157.7, 157.1, 157.7, 156.9, 157.7, 156.9, 158.3, 157.6, 157.6, 157.1, 158.3, 157.5, 157.6, 156.9, 156.9, 157.7, 157.6, 157.6, 157.7, 157.1, 157.7, 156.8, 158.3, 157.6, 157.6, 158.3, 158.3, 157.7, 157.7, 158.3, 158.3, 158.0, 158.8, 158.1, 158.1, 158.1, 158.0, 158.8, 157.3, 157.3, 158.2, 158.0, 157.6, 158.3, 158.9, 158.2, 158.2, 158.1, 157.7, 157.7, 158.4, 157.6, 158.1, 157.6, 157.6, 158.2, 158.2, 157.6, 156.8, 157.6, 158.1, 158.1, 157.3, 158.0, 158.8, 158.9, 158.8, 158.8, 159.5, 159.5, 160.8, 159.5, 160.9, 160.2, 160.8, 162.1, 162.8, 165.4, 166.0, 166.7, 165.4, 164.7, 166.1, 165.4, 165.4, 165.4, 165.4, 166.1, 164.7, 164.8, 165.4, 164.8, 164.1, 164.1, 164.8, 165.5, 165.5, 164.2, 164.1, 164.7, 165.4, 165.4, 166.1, 167.3, 168.0, 168.0, 166.7, 168.0, 168.0, 167.3, 167.3, 166.7, 166.7, 165.4, 166.7, 166.7, 166.7, 166.0, 166.0, 166.0, 166.0, 166.0, 165.4, 166.0, 164.8, 164.8, 165.4, 165.4, 165.4, 165.4, 166.0, 166.1, 166.0, 166.0, 166.0, 168.0, 167.4, 168.0, 168.0, 168.0, 168.0, 167.3, 167.3, 166.7, 167.3, 166.7, 166.0, 166.7, 166.1, 165.5, 164.8, 165.4, 164.8, 165.5, 165.4, 165.4, 165.4, 165.4, 166.1, 166.7, 168.0, 168.0, 168.0, 168.0, 168.0, 168.0, 168.0, 167.3, 168.0, 168.0, 167.3, 167.3, 167.3, 167.4, 167.3, 167.4, 166.7, 166.7, 168.0, 166.7, 166.0, 167.3, 168.0, 166.7, 166.0, 167.3, 168.0, 168.0, 168.0, 167.3, 168.0, 167.3, 168.0, 167.3, 168.0, 167.4, 168.0, 167.3, 167.4, 168.0, 167.4, 166.0, 166.7, 166.7, 166.7, 167.4, 166.7, 166.7, 166.1, 166.7, 166.7, 166.7, 166.7, 167.4, 166.7, 167.3, 167.3, 166.7, 166.0, 166.0, 166.0, 166.0, 166.7, 167.3, 167.4, 167.3, 168.0, 167.3, 168.0, 167.3, 168.0, 168.0, 168.0, 167.3, 168.0, 167.4, 167.4, 167.4, 167.4, 166.1, 166.7, 165.4, 167.3, 166.7, 166.7, 168.0, 166.7, 166.7, 167.4, 166.7, 166.7, 168.0, 166.7, 166.7, 166.0, 166.7, 166.7, 165.4, 167.3, 166.0, 166.0, 166.0, 166.0, 166.7, 166.0, 166.1, 166.1, 166.0, 166.0, 168.0, 167.4, 166.7, 165.5, 164.2, 164.1, 162.9, 163.6, 163.5, 163.5, 163.6, 163.5, 163.6, 163.6, 162.9, 162.9, 163.5, 162.9, 163.5, 162.9, 163.6, 162.9, 162.9, 162.2, 162.2, 161.6, 161.5, 160.9, 160.9, 159.6, 160.1, 159.6, 159.6, 160.2, 160.2, 159.5, 159.6, 158.9, 160.2, 159.5, 159.0, 158.2, 158.2, 158.2, 158.2, 158.3, 157.6, 157.6, 158.2, 157.5, 156.8, 157.6, 157.6, 158.3, 156.9, 156.3, 156.9, 156.3, 156.3, 156.3, 156.4, 156.4, 156.4, 155.8, 155.7, 156.6, 157.2, 155.7, 155.8, 155.8, 155.8, 156.0, 156.0, 155.8, 155.2, 155.2, 155.2, 155.2, 155.7, 155.1, 155.2, 155.8, 155.1, 155.2, 155.8, 155.1, 155.8, 155.1, 155.7, 155.7, 155.1, 155.1, 155.1, 155.7, 155.7, 155.8, 155.7, 155.8, 155.7, 154.9, 155.7, 155.8, 155.7, 155.8, 155.7, 155.8, 156.4, 156.3, 155.7, 155.1, 155.8, 155.7, 155.1, 155.7, 155.7, 154.9, 155.5, 155.7, 155.5, 156.3, 154.9, 155.5, 156.3, 155.5, 155.5, 155.5, 156.4, 155.5, 156.3, 156.4, 157.1, 156.9, 155.7, 155.5, 156.2, 155.5, 156.2, 156.3, 156.2, 155.5, 155.5, 156.3, 156.3, 156.9, 156.2, 156.4, 156.2, 156.3, 156.3, 156.9, 156.3, 157.1, 156.3, 155.7, 156.2, 156.3, 157.1, 155.7, 155.5, 156.9, 156.2, 156.3, 156.3, 156.2, 156.3, 156.9, 156.2, 156.2, 156.9, 156.9, 156.8, 156.8, 156.2, 157.6, 156.2, 156.9, 156.3, 156.2, 156.9, 156.9, 156.8, 156.2, 156.0, 156.9, 156.2, 156.8, 156.8, 156.8, 156.2, 156.7, 156.7, 156.7, 157.6, 157.5, 156.7, 157.3, 156.7, 157.5, 158.1, 158.0, 158.0, 157.3, 157.5, 157.5, 157.3, 157.5, 157.5, 157.5, 158.0, 157.5, 157.5, 157.3, 156.7, 157.5, 157.5, 156.8, 157.3, 157.3, 157.3, 156.7, 156.7, 157.5, 157.5, 157.5, 156.8, 156.8, 157.5, 156.0, 157.5, 157.5, 157.5, 156.8, 156.9, 157.5, 156.8]"
11,"[158.4, 159.1, 157.9, 157.9, 157.9, 156.6, 157.5, 157.5, 157.5, 158.1, 158.2, 157.6, 157.6, 158.1, 158.2, 158.2, 158.2, 156.9, 157.6, 158.2, 157.7, 156.9, 157.7, 157.6, 157.1, 157.6, 157.7, 157.6, 158.3, 157.6, 157.6, 157.6, 157.7, 157.6, 158.2, 158.2, 158.1, 157.6, 157.7, 156.9, 158.4, 157.6, 157.8, 157.7, 157.7, 157.7, 156.9, 157.1, 157.1, 157.6, 157.7, 157.6, 157.6, 157.6, 157.6, 157.7, 157.6, 157.6, 157.6, 158.3, 157.6, 157.6, 157.6, 157.6, 157.6, 158.2, 158.2, 158.3, 158.3, 158.3, 157.6, 158.2, 157.6, 157.7, 158.2, 157.7, 157.7, 157.7, 157.6, 157.6, 157.3, 158.3, 158.2, 157.6, 157.6, 158.2, 157.6, 157.6, 158.2, 157.6, 157.7, 158.2, 157.6, 158.3, 157.7, 157.6, 158.2, 158.2, 158.2, 158.3, 157.6, 157.6, 157.7, 157.1, 157.6, 157.7, 157.7, 158.2, 157.6, 158.2, 157.7, 158.2, 158.2, 158.2, 158.2, 157.6, 157.6, 158.2, 158.2, 158.2, 157.6, 157.7, 158.3, 158.2, 158.2, 158.1, 157.5, 158.0, 158.1, 158.1, 158.0, 158.9, 158.0, 158.1, 158.1, 158.1, 158.1, 158.0, 157.5, 157.5, 157.5, 157.5, 157.6, 157.6, 157.1, 157.5, 157.6, 157.6, 157.6, 157.5, 158.2, 157.5, 158.2, 158.2, 158.2, 158.1, 157.5, 158.1, 158.8, 160.1, 162.2, 164.1, 165.4, 166.1, 166.0, 166.0, 166.0, 165.4, 165.4, 166.0, 166.0, 166.7, 166.7, 166.0, 166.0, 166.7, 166.7, 166.0, 166.7, 166.7, 166.0, 166.7, 166.7, 167.3, 168.0, 168.0, 167.3, 168.0, 167.3, 167.3, 166.1, 166.7, 166.1, 166.1, 165.5, 165.5, 164.8, 164.8, 165.5, 164.8, 164.8, 165.5, 165.5, 165.5, 164.8, 165.4, 165.4, 166.7, 168.0, 168.0, 168.0, 167.3, 167.3, 167.3, 168.0, 167.3, 167.3, 166.1, 166.7, 166.1, 166.1, 166.1, 166.1, 165.4, 165.4, 165.5, 165.4, 164.8, 164.8, 165.5, 166.1, 164.8, 164.8, 164.8, 165.4, 165.5, 165.5, 166.1, 166.0, 167.3, 167.3, 166.7, 167.3, 167.3, 168.0, 168.0, 168.0, 168.0, 167.3, 166.7, 166.7, 166.7, 166.0, 166.0, 166.7, 166.7, 166.0, 166.1, 165.4, 166.1, 166.1, 166.1, 166.0, 166.7, 168.0, 167.3, 166.7, 167.3, 166.7, 167.3, 168.0, 167.3, 166.7, 167.3, 167.4, 168.0, 168.0, 167.3, 167.3, 167.3, 168.0, 167.3, 166.7, 166.7, 166.7, 167.4, 166.1, 166.1, 166.1, 166.7, 166.7, 167.4, 166.7, 166.7, 167.4, 168.0, 167.3, 167.3, 167.3, 168.0, 168.0, 168.0, 168.0, 167.3, 168.0, 167.3, 168.0, 167.3, 166.0, 166.7, 167.3, 166.7, 167.3, 167.4, 166.7, 166.7, 166.7, 166.7, 166.7, 166.7, 166.7, 166.7, 166.7, 166.7, 166.7, 166.7, 166.7, 166.7, 167.4, 166.7, 167.4, 167.3, 167.3, 168.0, 168.0, 167.3, 166.7, 166.7, 168.0, 167.3, 168.0, 168.0, 167.3, 168.0, 167.3, 166.7, 168.0, 167.3, 167.4, 168.0, 166.7, 168.0, 168.0, 168.0, 168.0, 167.4, 166.7, 165.4, 166.7, 166.7, 166.7, 166.7, 166.7, 167.4, 167.4, 168.0, 168.0, 168.0, 168.0, 168.0, 166.7, 166.7, 166.0, 165.4, 166.0, 165.4, 164.8, 164.1, 164.8, 164.1, 163.5, 163.5, 162.9, 161.4, 162.8, 162.2, 162.2, 161.5, 162.2, 162.2, 162.3, 161.6, 161.0, 161.0, 161.5, 161.0, 161.0, 161.0, 160.3, 159.6, 160.2, 160.9, 160.2, 159.5, 160.1, 159.6, 160.1, 159.5, 158.9, 158.9, 158.8, 157.5, 158.1, 157.3, 158.1, 158.1, 158.1, 157.5, 157.5, 157.6, 156.8, 156.8, 156.9, 156.8, 156.8, 156.8, 156.8, 156.2, 156.8, 156.3, 156.8, 156.3, 156.9, 156.3, 155.5, 156.8, 156.3, 156.2, 154.9, 156.2, 155.5, 155.5, 154.9, 154.9, 155.7, 155.5, 154.9, 155.5, 154.9, 154.9, 154.9, 154.4, 155.7, 155.7, 154.9, 154.3, 155.7, 155.7, 154.9, 154.9, 154.9, 154.9, 154.3, 154.3, 154.9, 154.9, 154.9, 154.3, 154.9, 155.5, 154.3, 155.1, 154.9, 154.4, 154.3, 154.9, 155.5, 155.7, 154.9, 154.9, 154.4, 154.9, 154.9, 154.9, 155.5, 154.9, 154.3, 154.9, 154.9, 155.5, 154.9, 155.5, 154.9, 155.5, 155.4, 156.3, 154.9, 154.9, 155.5, 155.4, 155.4, 155.4, 155.4, 155.4, 154.8, 154.9, 155.5, 155.5, 155.5, 155.4, 155.4, 155.4, 155.4, 155.5, 155.4, 155.5, 155.4, 154.8, 155.4, 154.8, 156.2, 155.4, 155.5, 156.3, 156.7, 156.2, 156.0, 156.2, 155.7, 156.2, 156.3, 156.0, 156.2, 154.8, 155.5, 156.0, 155.5, 155.5, 155.5, 156.3, 155.5, 156.2, 155.4, 156.2, 156.8, 155.4, 155.5, 155.5, 156.0, 156.2, 156.0, 156.0, 156.7, 156.0, 156.6, 156.8, 157.3, 156.7, 157.2, 156.0, 156.7, 156.7, 156.0, 156.0, 156.7, 156.6, 156.7, 157.2, 156.4, 157.3, 157.2, 156.6, 157.3, 156.7, 156.6, 157.2, 156.7, 157.3, 156.6, 156.7, 156.7, 157.2, 156.7, 157.5, 156.7, 156.8, 156.0, 157.2, 156.7, 156.7, 156.7, 156.7, 156.7, 156.7, 156.0, 156.8, 156.8, 156.7, 156.8, 156.8]"
11,"[159.4, 157.9, 157.9, 158.5, 156.6, 157.1, 156.4, 157.3, 157.3, 157.3, 158.1, 158.1, 157.5, 158.1, 157.3, 158.0, 157.3, 157.3, 158.1, 157.5, 157.5, 158.2, 157.5, 157.3, 158.1, 157.5, 157.5, 158.0, 157.5, 158.2, 156.7, 158.2, 157.3, 158.2, 157.5, 157.5, 156.8, 156.8, 156.8, 158.1, 158.2, 158.2, 157.5, 156.7, 157.5, 158.8, 158.1, 156.7, 158.1, 158.2, 158.1, 158.1, 157.5, 157.6, 157.7, 157.3, 158.2, 157.3, 157.3, 158.8, 157.3, 156.8, 158.2, 156.8, 158.0, 158.1, 158.1, 158.1, 158.1, 158.2, 157.5, 157.5, 158.2, 157.5, 156.6, 158.2, 157.3, 157.3, 157.3, 157.5, 157.5, 157.6, 158.1, 157.3, 157.5, 157.5, 157.6, 158.0, 158.0, 157.3, 157.2, 157.5, 157.5, 156.8, 157.3, 156.8, 158.2, 157.3, 157.5, 157.5, 156.8, 156.8, 156.8, 156.8, 156.8, 156.8, 156.9, 156.8, 157.5, 156.7, 157.5, 157.5, 156.7, 156.9, 156.8, 157.5, 156.9, 156.7, 156.8, 157.6, 156.8, 156.7, 157.6, 156.9, 158.2, 157.5, 158.1, 158.8, 158.0, 158.1, 158.1, 158.1, 158.1, 157.6, 157.5, 157.3, 158.1, 157.6, 158.1, 156.7, 157.5, 157.5, 158.2, 158.0, 158.2, 158.1, 158.1, 158.1, 157.5, 158.9, 157.5, 158.1, 157.5, 157.5, 158.1, 158.0, 158.1, 158.8, 158.0, 158.1, 158.1, 157.5, 157.5, 158.1, 158.1, 157.3, 158.1, 158.1, 158.1, 158.8, 158.1, 158.9, 158.9, 159.5, 159.7, 159.5, 159.5, 160.1, 159.5, 159.5, 159.5, 160.2, 160.1, 160.1, 159.5, 160.2, 160.8, 161.0, 160.9, 161.4, 160.9, 161.6, 162.2, 162.2, 163.5, 165.4, 165.4, 167.4, 168.0, 168.0, 166.7, 167.3, 167.3, 167.3, 166.7, 166.7, 167.3, 166.7, 166.7, 166.1, 166.0, 166.7, 166.7, 166.7, 166.7, 166.7, 165.4, 165.4, 166.1, 164.8, 165.4, 166.7, 166.0, 166.0, 166.1, 166.1, 166.7, 165.4, 167.3, 166.7, 167.3, 167.3, 168.0, 166.7, 166.7, 166.7, 168.0, 167.3, 167.3, 167.4, 167.3, 168.0, 167.3, 167.3, 168.0, 167.3, 167.3, 168.0, 167.4, 167.3, 168.0, 166.7, 166.7, 166.7, 167.3, 167.3, 166.7, 167.3, 167.3, 166.7, 166.0, 166.7, 166.7, 167.3, 166.7, 167.3, 167.4, 167.4, 168.0, 168.0, 168.0, 166.7, 166.1, 166.1, 164.8, 164.7, 166.0, 166.1, 164.1, 164.8, 164.7, 164.1, 164.1, 164.8, 164.1, 164.7, 163.5, 164.8, 165.4, 165.4, 166.1, 166.1, 165.4, 166.7, 166.7, 166.0, 166.7, 166.1, 166.1, 167.4, 166.1, 167.4, 166.1, 166.1, 166.1, 165.4, 166.1, 165.4, 165.4, 164.1, 163.5, 163.5, 164.7, 164.7, 165.4, 165.4, 164.1, 164.1, 163.5, 163.5, 164.1, 163.5, 163.5, 162.9, 162.2, 162.2, 162.7, 162.8, 163.5, 162.8, 162.9, 163.5, 162.9, 164.1, 163.4, 163.5, 163.5, 163.5, 163.5, 164.8, 164.1, 164.8, 164.8, 164.8, 164.2, 162.3, 164.2, 162.9, 162.2, 161.6, 161.5, 162.2, 162.9, 162.2, 162.9, 162.2, 162.9, 162.2, 162.2, 161.0, 162.2, 162.9, 162.2, 161.7, 162.9, 162.9, 162.2, 162.2, 162.9, 164.1, 164.1, 165.5, 165.5, 166.1, 166.1, 166.7, 166.1, 167.4, 167.4, 166.7, 167.4, 168.0, 166.7, 167.4, 168.0, 168.0, 167.4, 166.7, 167.4, 166.7, 166.7, 166.7, 166.1, 166.1, 166.1, 166.7, 166.1, 166.1, 165.5, 164.8, 164.2, 164.8, 164.8, 164.8, 164.8, 164.2, 164.8, 164.8, 164.8, 164.1, 163.5, 164.2, 163.5, 164.1, 162.9, 163.6, 162.8, 162.9, 162.9, 162.9, 162.9, 163.6, 162.9, 161.5, 162.2, 162.2, 162.9, 162.2, 162.2, 162.2, 162.2, 162.2, 162.2, 160.9, 161.5, 161.5, 161.6, 161.6, 161.0, 160.9, 161.0, 161.0, 160.1, 160.2, 160.1, 159.5, 160.2, 159.5, 160.9, 160.1, 160.1, 159.4, 160.1, 159.4, 158.9, 159.5, 159.5, 159.6, 159.4, 160.1, 159.5, 159.4, 158.8, 158.9, 158.8, 158.8, 158.8, 158.1, 158.8, 158.1, 158.9, 159.5, 158.0, 158.0, 158.1, 158.8, 158.1, 158.0, 158.8, 158.0, 158.0, 158.1, 158.8, 158.8, 159.5, 158.8, 158.1, 158.1, 158.8, 158.6, 158.8, 158.0, 158.6, 159.4, 158.8, 158.8, 158.8, 157.3, 157.3, 158.1, 157.2, 158.0, 157.3, 158.6, 157.3, 158.0, 158.6, 158.0, 157.3, 157.3, 158.0, 157.3, 157.3, 157.3, 158.0, 158.0, 158.0, 158.6, 158.1, 158.6, 158.0, 157.3, 158.0, 158.0, 158.1, 158.1, 158.0, 158.0, 158.0, 158.0, 158.0, 158.6, 157.9, 158.0, 158.6, 158.0, 158.0, 158.0, 158.0, 158.0, 158.1, 158.0, 157.3, 158.0, 158.0, 156.6, 158.0, 158.0, 157.3, 157.3, 158.0, 158.0, 158.0, 157.3, 156.7, 157.3, 157.3, 157.3, 157.3, 158.0, 157.3, 157.3, 157.3, 156.6, 158.0, 156.6, 157.3, 157.5, 156.6, 157.3, 157.5, 157.3, 158.1, 157.3, 157.5, 157.2, 158.0, 157.5, 157.3, 157.3, 156.7, 156.7, 157.5, 157.5, 156.7, 158.0, 156.7, 156.7, 157.3, 156.7, 156.7, 157.3, 157.5, 157.3, 158.1, 157.3, 156.8, 156.7, 157.3, 157.3]"
11,"[160.7, 160.6, 159.9, 159.1, 158.4, 159.2, 158.6, 159.3, 159.4, 159.4, 158.8, 158.8, 158.8, 158.1, 158.8, 159.4, 159.6, 159.6, 159.6, 159.5, 159.5, 159.5, 158.1, 159.5, 158.8, 159.4, 158.8, 158.9, 159.4, 158.9, 158.8, 158.9, 159.4, 158.9, 158.8, 158.8, 159.5, 159.5, 159.5, 158.8, 158.8, 158.1, 158.8, 158.1, 159.5, 158.9, 159.4, 159.4, 158.9, 159.4, 159.5, 159.4, 159.4, 159.5, 159.5, 160.1, 159.4, 159.5, 159.5, 158.9, 158.8, 159.4, 159.5, 160.1, 159.6, 159.4, 159.5, 159.3, 158.9, 159.5, 159.5, 159.4, 159.5, 159.4, 159.4, 159.5, 158.9, 159.5, 158.9, 159.6, 159.5, 159.5, 159.5, 159.6, 158.8, 159.4, 159.5, 159.4, 159.6, 159.4, 159.4, 159.5, 159.4, 159.4, 158.9, 159.4, 158.8, 159.4, 159.5, 159.6, 159.5, 158.9, 159.4, 159.6, 159.4, 158.8, 159.4, 159.5, 159.6, 160.2, 159.4, 160.2, 159.6, 159.5, 159.6, 160.1, 159.5, 159.6, 158.9, 160.2, 160.1, 159.6, 160.2, 160.2, 159.5, 159.5, 161.5, 161.5, 162.2, 161.6, 160.8, 160.2, 160.8, 160.1, 159.5, 160.2, 160.2, 159.5, 160.1, 160.1, 160.9, 160.9, 160.2, 159.5, 160.1, 160.1, 160.9, 160.9, 160.9, 160.2, 160.9, 160.9, 160.8, 160.9, 161.0, 160.2, 161.4, 160.9, 160.8, 160.9, 161.6, 161.0, 162.2, 161.5, 161.5, 162.2, 162.9, 162.9, 162.9, 163.5, 162.8, 162.2, 163.6, 163.6, 162.8, 163.6, 163.5, 162.2, 162.2, 163.5, 164.1, 163.6, 164.2, 163.5, 164.2, 164.2, 164.8, 165.5, 164.9, 164.9, 164.2, 164.2, 164.2, 164.8, 164.8, 164.8, 164.8, 164.8, 164.8, 165.5, 164.8, 165.5, 165.5, 166.1, 168.0, 168.0, 166.7, 166.7, 166.1, 166.7, 166.7, 166.7, 166.7, 166.7, 167.4, 167.4, 168.0, 166.7, 167.4, 166.7, 167.4, 168.0, 167.3, 166.7, 168.0, 167.4, 168.0, 167.4, 167.4, 167.4, 168.0, 168.0, 168.0, 168.0, 168.0, 167.4, 167.4, 166.1, 165.4, 166.7, 167.3, 166.7, 166.1, 166.0, 166.7, 166.1, 166.7, 166.0, 166.1, 166.7, 165.4, 165.4, 166.7, 168.0, 167.4, 167.4, 168.0, 168.0, 168.0, 167.4, 167.4, 167.4, 167.4, 166.1, 167.3, 166.7, 166.7, 166.7, 166.7, 167.3, 167.3, 167.3, 167.3, 167.3, 166.1, 166.0, 166.0, 166.0, 165.4, 166.1, 166.1, 166.1, 167.3, 167.4, 167.4, 166.1, 166.7, 166.7, 166.7, 167.4, 166.1, 166.7, 166.7, 166.7, 166.7, 168.0, 168.0, 168.0, 166.7, 166.0, 166.0, 165.4, 164.7, 164.7, 164.2, 164.1, 164.1, 164.1, 164.7, 162.9, 164.1, 163.5, 164.1, 163.5, 164.7, 164.1, 163.6, 164.7, 165.4, 165.4, 165.4, 165.4, 166.0, 166.1, 166.1, 165.5, 166.1, 165.5, 166.1, 165.5, 166.0, 166.1, 165.5, 166.1, 166.1, 164.8, 166.7, 165.4, 166.1, 165.5, 164.7, 164.1, 163.6, 162.9, 164.1, 163.5, 163.6, 164.1, 164.1, 162.9, 162.9, 162.2, 162.3, 164.1, 164.1, 164.1, 164.1, 164.8, 164.1, 164.1, 164.1, 164.1, 164.8, 164.8, 165.4, 165.4, 165.5, 165.4, 166.1, 166.7, 167.4, 167.4, 167.4, 168.0, 167.4, 166.7, 167.4, 167.4, 167.4, 167.4, 167.4, 167.4, 167.4, 167.4, 166.7, 166.7, 166.7, 166.1, 166.1, 166.1, 166.1, 166.7, 166.1, 166.1, 166.7, 166.1, 166.7, 166.1, 166.1, 166.1, 165.5, 165.5, 164.9, 165.5, 165.5, 165.5, 165.5, 164.8, 164.9, 164.8, 164.8, 164.9, 164.2, 164.2, 164.1, 163.6, 163.5, 163.5, 163.6, 162.8, 162.9, 162.9, 162.8, 162.8, 162.9, 163.6, 162.9, 162.9, 162.2, 163.0, 162.2, 162.2, 162.2, 162.2, 162.2, 162.9, 162.9, 163.0, 162.2, 162.9, 161.7, 162.9, 162.9, 162.2, 162.2, 162.3, 162.2, 162.2, 161.6, 161.7, 162.3, 162.3, 162.2, 161.7, 162.9, 162.3, 162.2, 162.2, 162.9, 162.9, 162.3, 162.2, 162.9, 161.6, 161.6, 161.5, 161.6, 162.2, 160.9, 160.9, 161.0, 161.5, 161.5, 161.0, 161.0, 160.2, 160.3, 159.6, 160.1, 159.6, 159.4, 159.5, 160.1, 160.1, 160.1, 159.5, 160.2, 159.4, 159.5, 160.8, 159.4, 159.5, 160.1, 159.5, 159.5, 160.1, 160.2, 160.2, 159.4, 160.1, 159.4, 159.4, 158.8, 159.5, 158.8, 159.5, 159.5, 159.4, 159.4, 159.4, 159.5, 158.8, 160.1, 159.6, 160.1, 159.5, 159.5, 159.5, 159.4, 159.4, 159.4, 158.8, 159.4, 159.4, 159.5, 158.8, 159.3, 159.4, 159.4, 158.8, 158.8, 160.1, 159.4, 159.4, 159.4, 158.8, 159.5, 159.4, 158.8, 159.5, 159.4, 159.5, 158.8, 159.4, 159.4, 159.4, 158.8, 159.3, 158.8, 158.8, 159.4, 159.4, 159.5, 159.4, 158.8, 158.8, 159.4, 159.4, 158.6, 159.3, 159.4, 159.5, 159.4, 159.5, 159.4, 159.5, 158.8, 159.4, 159.4, 158.8, 158.6, 158.8, 158.8, 158.8, 158.1, 159.4, 158.9, 159.3, 159.4, 158.8, 158.6, 158.8, 158.9, 159.4, 158.8, 158.8, 159.4, 158.8, 159.4, 159.4, 158.1, 159.4, 158.6, 159.3, 158.8, 158.6, 158.8, 158.8, 159.3, 158.1]"
11,"[160.6, 160.6, 160.5, 159.2, 157.9, 159.1, 158.5, 160.1, 159.5, 159.4, 160.1, 158.8, 160.2, 159.5, 159.6, 160.2, 160.9, 160.1, 159.5, 159.6, 160.1, 159.6, 160.2, 159.6, 159.5, 160.2, 160.1, 160.2, 160.1, 160.2, 160.1, 159.4, 159.5, 159.5, 160.2, 159.4, 160.9, 159.5, 159.4, 160.1, 160.2, 159.5, 160.1, 160.2, 160.2, 160.2, 159.6, 160.2, 159.6, 160.2, 160.2, 160.1, 159.5, 159.5, 159.4, 159.5, 160.1, 159.5, 159.4, 160.1, 160.1, 159.5, 160.1, 159.5, 160.2, 160.2, 160.9, 160.2, 159.4, 159.6, 159.6, 160.2, 160.1, 160.8, 159.5, 159.6, 160.1, 159.4, 160.2, 159.4, 158.9, 159.4, 160.1, 160.2, 159.4, 160.2, 159.5, 158.9, 158.9, 160.1, 160.1, 160.1, 160.2, 159.5, 159.5, 160.2, 159.6, 159.5, 160.1, 159.5, 158.8, 159.5, 159.5, 159.4, 158.8, 159.6, 159.4, 159.4, 159.5, 159.5, 159.6, 159.6, 159.5, 159.6, 159.6, 159.5, 159.5, 159.6, 159.5, 161.5, 160.9, 160.2, 160.9, 160.1, 160.9, 160.9, 160.1, 160.9, 161.5, 160.8, 160.8, 160.8, 160.2, 160.8, 160.7, 160.8, 160.8, 160.9, 159.6, 161.5, 160.9, 160.9, 161.5, 161.6, 160.9, 161.5, 161.5, 160.9, 161.6, 161.5, 163.0, 161.5, 161.5, 161.5, 162.2, 162.2, 162.9, 162.2, 162.9, 162.9, 162.8, 162.2, 162.2, 162.9, 163.6, 163.5, 163.5, 162.2, 163.5, 162.3, 162.9, 163.5, 162.9, 163.5, 163.5, 163.5, 163.5, 163.5, 164.1, 163.5, 163.5, 164.2, 164.2, 164.2, 164.8, 164.8, 164.8, 165.5, 166.1, 166.1, 166.1, 165.5, 164.8, 166.1, 166.1, 166.7, 167.4, 168.0, 168.0, 166.7, 166.1, 166.1, 165.4, 165.4, 165.5, 166.1, 165.5, 166.1, 165.5, 165.5, 165.5, 165.5, 166.1, 165.5, 166.1, 166.1, 165.5, 166.1, 165.4, 165.4, 166.1, 166.1, 166.1, 166.7, 166.7, 166.1, 166.7, 166.1, 166.1, 166.1, 164.8, 166.1, 166.7, 166.1, 166.1, 166.7, 166.1, 166.1, 164.8, 163.5, 164.1, 164.1, 164.8, 165.5, 164.8, 164.1, 164.8, 164.8, 163.6, 164.1, 164.8, 164.8, 164.8, 164.8, 164.8, 164.8, 164.2, 164.2, 164.8, 164.1, 165.5, 165.5, 165.5, 166.1, 164.2, 165.5, 164.8, 164.2, 165.5, 165.5, 164.9, 165.5, 164.2, 165.5, 164.9, 165.5, 166.1, 165.5, 165.5, 166.1, 166.1, 165.5, 164.8, 164.9, 164.2, 164.1, 163.6, 164.2, 164.8, 164.8, 164.8, 164.8, 165.4, 164.2, 163.6, 163.6, 163.6, 164.2, 164.8, 164.2, 164.2, 164.8, 164.2, 164.9, 164.8, 165.5, 164.2, 164.8, 164.2, 164.2, 164.1, 164.2, 164.8, 164.2, 165.4, 165.4, 164.2, 165.5, 164.2, 165.5, 165.5, 164.3, 164.8, 164.9, 164.8, 165.5, 166.1, 164.2, 164.8, 165.5, 165.5, 164.8, 165.5, 166.1, 165.5, 165.5, 165.5, 164.9, 163.5, 164.2, 163.6, 164.1, 164.2, 163.6, 164.8, 164.2, 164.1, 164.1, 162.9, 162.3, 162.9, 163.5, 163.5, 163.6, 164.2, 162.9, 163.5, 163.5, 163.5, 164.2, 164.8, 163.6, 164.1, 163.5, 164.8, 166.1, 166.1, 166.1, 166.7, 167.4, 167.4, 167.4, 167.4, 167.4, 168.0, 168.0, 167.4, 168.0, 167.4, 168.0, 168.0, 167.4, 168.0, 168.0, 168.0, 167.4, 168.0, 168.0, 166.7, 166.7, 167.4, 166.7, 167.4, 166.7, 167.4, 166.7, 166.8, 166.7, 167.4, 166.7, 166.1, 166.1, 165.5, 165.5, 165.5, 165.5, 164.8, 164.2, 163.5, 163.6, 163.6, 162.9, 162.9, 162.9, 162.9, 163.6, 162.9, 163.5, 163.5, 162.9, 162.2, 162.2, 162.9, 162.3, 162.9, 162.9, 163.6, 162.2, 162.2, 162.2, 162.9, 162.2, 162.9, 162.9, 162.2, 163.6, 162.9, 163.5, 163.0, 162.9, 162.9, 162.9, 162.9, 162.2, 162.2, 162.9, 162.2, 161.6, 162.9, 162.3, 162.9, 162.2, 162.9, 162.2, 162.2, 162.2, 162.2, 162.8, 162.2, 162.2, 162.2, 160.9, 160.8, 160.9, 160.9, 161.4, 161.6, 160.9, 160.8, 160.2, 160.1, 160.1, 160.1, 158.9, 159.5, 160.1, 160.7, 158.9, 159.4, 159.4, 159.5, 159.5, 160.1, 159.5, 159.5, 159.5, 159.5, 159.5, 159.5, 159.5, 159.4, 159.5, 159.5, 159.5, 159.4, 158.8, 159.5, 159.4, 159.4, 159.4, 159.5, 159.4, 159.5, 159.5, 159.4, 160.1, 160.1, 159.5, 159.6, 158.9, 159.6, 159.4, 160.1, 159.4, 158.8, 158.8, 159.4, 158.8, 160.1, 159.4, 159.5, 159.4, 159.4, 160.2, 158.8, 160.1, 159.5, 159.5, 159.5, 160.1, 159.6, 159.6, 160.1, 159.5, 159.5, 160.2, 159.6, 159.4, 160.2, 158.8, 160.1, 158.8, 159.5, 158.8, 158.8, 158.8, 159.4, 159.4, 158.8, 159.4, 159.4, 159.5, 158.8, 159.5, 159.4, 159.4, 159.4, 159.4, 158.8, 158.8, 158.1, 158.8, 158.8, 158.8, 158.8, 159.4, 159.5, 158.8, 160.1, 159.4, 158.9, 159.4, 159.5, 158.9, 159.5, 159.6, 159.4, 159.4, 158.8, 158.9, 159.5, 159.5, 160.1, 159.5, 159.5, 159.5, 160.9, 160.2, 159.4, 159.4, 159.4, 158.8, 159.4, 159.4, 158.8, 159.5, 159.6, 159.5, 160.2, 159.5]"
11,"[162.0, 161.2, 162.0, 161.9, 162.6, 161.2, 162.7, 161.4, 162.2, 161.5, 161.6, 161.5, 161.6, 162.2, 161.5, 162.2, 162.2, 161.6, 161.6, 162.2, 162.2, 162.2, 162.2, 162.9, 162.2, 162.2, 162.9, 162.2, 161.6, 162.2, 161.6, 162.2, 162.9, 162.2, 161.5, 161.5, 160.9, 161.6, 161.6, 160.9, 162.9, 161.6, 162.2, 161.5, 160.8, 162.2, 161.6, 161.6, 161.5, 162.2, 162.2, 161.6, 161.6, 161.5, 162.2, 162.2, 162.2, 161.6, 162.2, 162.2, 161.6, 162.2, 161.5, 161.6, 161.4, 162.9, 162.2, 162.2, 161.5, 162.2, 162.8, 161.6, 162.2, 162.2, 161.7, 162.2, 162.2, 161.5, 162.9, 162.2, 161.6, 161.6, 161.6, 161.6, 162.2, 162.2, 162.2, 162.2, 162.2, 162.2, 161.6, 162.2, 161.5, 161.6, 162.2, 162.8, 161.5, 162.2, 161.5, 162.9, 161.6, 162.2, 162.2, 161.5, 162.2, 162.2, 161.5, 161.6, 162.2, 162.9, 161.6, 162.2, 162.9, 162.2, 162.2, 161.5, 162.2, 162.2, 161.6, 161.5, 162.2, 162.2, 162.2, 162.2, 163.5, 163.6, 164.8, 164.8, 164.8, 165.5, 165.5, 164.8, 165.5, 164.8, 164.8, 164.8, 164.8, 164.2, 164.2, 163.6, 164.1, 163.5, 164.1, 164.2, 163.6, 164.2, 164.8, 164.2, 164.2, 164.1, 164.8, 164.8, 164.2, 164.2, 164.8, 164.2, 164.9, 164.8, 164.8, 164.2, 165.5, 165.5, 166.1, 165.5, 165.5, 165.5, 165.5, 165.5, 165.5, 165.5, 165.4, 166.7, 166.1, 166.1, 166.7, 165.5, 167.4, 166.1, 166.7, 166.1, 165.5, 166.1, 166.7, 166.1, 166.7, 166.7, 166.8, 167.4, 166.7, 167.4, 167.4, 168.0, 167.4, 167.4, 168.0, 166.7, 166.7, 165.5, 165.5, 164.2, 164.8, 164.8, 165.5, 164.8, 164.9, 165.5, 164.8, 164.8, 166.1, 166.1, 164.9, 164.2, 164.2, 165.5, 164.8, 164.9, 163.6, 164.8, 164.2, 164.1, 164.9, 164.2, 164.1, 164.8, 164.9, 164.8, 164.9, 164.8, 164.9, 165.5, 165.5, 166.1, 164.9, 165.5, 165.5, 165.5, 166.1, 165.5, 166.1, 165.5, 166.1, 165.5, 164.9, 165.5, 165.5, 165.5, 166.1, 166.7, 164.8, 165.5, 166.1, 164.9, 166.1, 166.1, 165.5, 164.2, 163.6, 164.2, 164.2, 164.8, 164.2, 165.4, 164.8, 164.2, 164.2, 164.2, 163.5, 164.8, 165.4, 164.8, 164.8, 165.5, 164.1, 164.2, 165.5, 164.8, 165.5, 165.5, 166.1, 164.9, 165.5, 165.5, 165.5, 164.8, 165.5, 164.2, 164.9, 164.9, 165.5, 165.5, 165.5, 165.5, 165.5, 165.5, 166.1, 165.5, 166.1, 165.5, 166.1, 165.5, 165.5, 165.5, 165.5, 165.5, 164.1, 163.5, 164.2, 164.2, 164.9, 164.1, 164.1, 164.1, 164.1, 164.8, 165.5, 165.5, 164.7, 164.8, 165.4, 164.8, 164.8, 164.8, 165.4, 165.5, 164.8, 165.5, 165.5, 166.1, 165.5, 165.5, 166.1, 165.5, 166.1, 165.5, 166.1, 166.1, 165.5, 165.5, 165.5, 166.1, 165.5, 165.5, 165.5, 165.5, 165.5, 166.1, 165.5, 164.9, 165.5, 166.1, 164.8, 164.8, 164.8, 164.2, 164.2, 164.8, 163.6, 163.6, 164.2, 164.8, 164.8, 166.1, 164.8, 164.9, 164.8, 164.9, 164.8, 164.8, 166.1, 166.7, 166.1, 166.7, 167.4, 168.0, 166.8, 166.1, 166.7, 168.0, 168.0, 167.4, 167.4, 167.4, 168.0, 166.7, 167.4, 167.4, 168.0, 167.4, 168.0, 167.4, 168.0, 167.4, 168.0, 168.0, 167.4, 168.0, 167.4, 167.4, 168.0, 167.4, 167.4, 166.7, 167.4, 166.7, 166.1, 166.1, 166.1, 166.7, 166.1, 166.8, 167.4, 165.5, 166.1, 166.7, 166.1, 166.1, 166.8, 167.4, 166.1, 166.1, 165.5, 165.5, 164.9, 164.8, 164.2, 164.8, 164.2, 164.2, 164.8, 164.9, 164.8, 164.2, 164.2, 164.9, 164.9, 164.9, 164.9, 163.6, 164.3, 164.8, 165.5, 164.9, 164.8, 164.9, 164.9, 164.9, 164.9, 164.2, 164.9, 164.3, 163.6, 164.2, 164.2, 163.6, 164.2, 164.2, 164.2, 163.6, 163.6, 163.6, 163.6, 162.9, 164.2, 162.9, 163.6, 162.9, 164.2, 162.9, 163.6, 163.6, 163.6, 163.6, 163.6, 164.2, 163.6, 163.6, 164.2, 162.9, 163.6, 163.6, 163.6, 162.9, 163.6, 163.6, 163.6, 162.9, 162.9, 162.9, 163.6, 162.9, 162.9, 163.6, 163.6, 162.9, 163.6, 163.6, 163.0, 162.9, 162.3, 162.3, 162.2, 162.9, 162.9, 162.8, 162.2, 163.6, 163.6, 162.9, 162.9, 162.9, 162.9, 162.9, 162.2, 162.9, 162.9, 161.6, 162.3, 162.2, 162.2, 162.2, 161.6, 162.2, 161.5, 162.2, 162.2, 162.2, 162.2, 162.2, 162.2, 162.9, 162.2, 162.2, 162.2, 162.2, 162.2, 161.6, 161.6, 162.2, 162.2, 161.5, 162.2, 161.0, 162.2, 162.2, 162.2, 161.6, 161.5, 162.2, 162.9, 162.2, 162.2, 162.9, 162.2, 162.2, 162.2, 162.2, 162.2, 162.2, 161.6, 161.6, 161.6, 162.2, 162.2, 162.2, 162.2, 162.2, 162.2, 162.2, 161.5, 160.9, 161.5, 161.5, 161.5, 161.6, 162.2, 162.2, 161.6, 162.2, 161.5, 162.2, 161.6, 161.6, 162.2, 161.5, 161.6, 162.2, 161.5, 161.6, 161.5, 161.6, 160.9, 161.6, 162.2, 161.6, 161.6, 161.6, 162.2, 162.2, 162.2, 162.2]"
11,"[164.0, 163.3, 163.3, 162.0, 162.0, 162.0, 162.0, 162.1, 162.2, 162.2, 162.9, 162.9, 162.9, 162.9, 162.2, 162.8, 162.9, 161.6, 162.9, 162.9, 162.9, 162.2, 162.9, 162.2, 162.9, 162.9, 162.9, 162.9, 162.9, 162.9, 162.3, 162.9, 161.6, 162.9, 162.3, 162.9, 162.2, 162.2, 162.9, 162.8, 162.2, 162.2, 162.2, 162.2, 162.9, 162.9, 162.9, 162.9, 163.5, 163.6, 162.9, 162.9, 162.2, 162.9, 162.9, 162.9, 162.2, 162.9, 162.2, 162.9, 162.2, 162.9, 162.3, 163.5, 162.2, 162.9, 162.9, 162.9, 162.2, 162.9, 162.9, 162.9, 162.9, 163.6, 163.6, 162.9, 163.5, 162.2, 162.9, 162.9, 162.9, 164.2, 163.5, 162.2, 162.3, 162.2, 162.9, 162.9, 162.9, 162.9, 163.6, 163.5, 163.0, 162.3, 163.6, 162.9, 162.2, 162.9, 163.5, 162.9, 163.5, 163.6, 162.8, 163.5, 162.2, 162.9, 162.2, 162.9, 162.9, 162.9, 162.9, 162.9, 163.5, 162.9, 162.9, 162.9, 164.2, 163.6, 162.9, 163.6, 164.1, 163.5, 163.6, 164.2, 164.1, 164.8, 164.9, 165.5, 166.1, 165.5, 164.8, 164.8, 165.5, 165.5, 165.5, 166.1, 166.1, 165.5, 164.9, 164.8, 164.8, 165.5, 166.7, 166.7, 166.1, 166.1, 166.1, 167.4, 166.1, 167.4, 166.1, 166.7, 166.7, 166.7, 166.7, 166.1, 166.1, 166.7, 166.7, 167.4, 166.7, 166.1, 166.7, 167.4, 167.4, 166.7, 166.7, 167.4, 167.4, 167.4, 167.4, 167.4, 167.4, 167.4, 167.4, 166.7, 168.0, 168.0, 168.0, 167.4, 168.0, 167.4, 167.4, 168.0, 168.0, 167.4, 168.0, 168.0, 167.4, 167.4, 168.0, 166.7, 168.0, 168.0, 168.0, 168.0, 167.4, 168.0, 167.4, 168.0, 167.4, 168.0, 168.0, 166.7, 167.4, 166.7, 167.4, 167.4, 168.0, 168.0, 167.4, 167.4, 166.7, 167.4, 166.7, 166.1, 166.7, 167.4, 167.4, 166.7, 166.1, 166.7, 166.1, 166.7, 166.1, 166.7, 166.1, 166.1, 166.1, 166.7, 166.1, 166.7, 166.1, 164.9, 165.5, 165.5, 165.5, 164.9, 164.2, 164.9, 164.9, 165.5, 164.9, 164.2, 164.2, 163.6, 162.9, 162.2, 162.9, 162.9, 162.3, 163.0, 163.6, 164.2, 163.6, 163.6, 163.6, 164.2, 164.3, 164.3, 163.6, 162.9, 163.6, 163.6, 164.2, 163.6, 163.6, 163.6, 163.6, 164.2, 164.2, 163.6, 164.2, 164.3, 164.9, 164.9, 164.9, 165.5, 164.9, 164.9, 164.2, 165.5, 164.9, 165.5, 164.9, 165.4, 164.8, 165.5, 164.2, 164.9, 164.8, 164.9, 165.5, 164.8, 164.9, 164.2, 163.6, 162.9, 163.5, 163.6, 163.5, 163.6, 163.5, 164.8, 164.1, 163.5, 164.1, 163.5, 164.1, 163.6, 164.2, 164.8, 164.8, 165.5, 164.8, 164.2, 164.2, 164.1, 164.2, 164.9, 164.2, 164.2, 164.2, 164.8, 164.2, 164.9, 164.2, 165.5, 164.2, 164.2, 164.9, 164.8, 164.9, 164.9, 164.8, 165.5, 164.2, 164.9, 164.9, 164.8, 165.5, 165.5, 164.9, 164.9, 166.7, 165.5, 164.2, 163.6, 164.2, 164.2, 164.1, 164.8, 164.8, 164.1, 164.8, 164.8, 163.5, 163.6, 164.1, 163.5, 164.1, 163.5, 164.2, 164.1, 164.2, 164.2, 164.2, 164.9, 164.9, 165.5, 165.5, 166.1, 166.1, 166.7, 166.1, 168.0, 167.4, 168.0, 168.0, 167.4, 167.4, 167.4, 167.4, 168.0, 167.4, 168.0, 167.4, 168.0, 166.7, 166.8, 167.4, 167.4, 166.8, 166.8, 166.8, 166.8, 166.1, 166.1, 166.1, 167.4, 166.7, 166.7, 166.8, 165.5, 166.8, 166.1, 165.5, 165.5, 166.1, 166.1, 166.1, 166.7, 166.1, 166.1, 166.8, 166.1, 166.1, 165.5, 165.5, 166.1, 165.5, 166.1, 165.5, 165.5, 164.9, 164.2, 164.9, 165.5, 164.9, 164.9, 164.2, 164.2, 164.2, 164.2, 164.9, 164.9, 163.6, 164.9, 164.2, 164.9, 164.9, 164.2, 163.6, 164.8, 164.2, 163.6, 163.6, 164.2, 164.2, 163.6, 164.2, 163.6, 164.9, 163.6, 164.2, 164.2, 163.5, 163.6, 164.2, 163.6, 163.6, 162.9, 162.9, 162.9, 162.3, 163.0, 163.0, 162.9, 161.6, 162.2, 161.6, 161.7, 161.0, 162.3, 161.7, 161.0, 161.6, 162.9, 162.2, 162.3, 161.6, 161.5, 161.7, 161.6, 161.5, 161.6, 161.0, 161.6, 161.6, 161.7, 162.2, 161.7, 161.0, 161.0, 161.7, 161.0, 161.6, 161.0, 161.0, 161.0, 161.0, 161.5, 161.0, 160.9, 161.5, 162.2, 161.7, 161.7, 161.6, 161.7, 161.7, 161.6, 161.5, 160.9, 160.9, 161.0, 161.6, 161.5, 161.7, 161.5, 161.6, 161.6, 161.6, 161.6, 161.5, 161.6, 161.6, 161.7, 161.7, 161.6, 161.0, 161.5, 162.3, 161.0, 160.9, 161.6, 161.6, 161.6, 160.9, 161.0, 161.0, 160.9, 161.6, 161.5, 160.2, 161.6, 160.9, 160.2, 160.9, 161.0, 161.6, 160.9, 160.9, 161.0, 160.2, 161.6, 161.0, 161.0, 161.5, 160.9, 161.0, 160.9, 161.6, 160.2, 161.5, 160.9, 161.0, 160.2, 161.5, 160.9, 160.9, 160.9, 161.0, 161.0, 161.0, 161.0, 161.0, 161.6, 161.6, 161.6, 161.6, 160.9, 160.9, 160.2, 161.0, 160.9, 161.5, 160.9, 161.0, 160.9, 160.9, 160.9, 161.5, 160.9, 160.9, 160.1, 160.9, 161.0, 161.0, 160.9]"
11,"[164.7, 162.7, 164.1, 162.7, 162.7, 162.1, 162.8, 163.5, 163.6, 163.6, 162.9, 163.0, 162.9, 164.3, 163.6, 163.6, 163.5, 163.6, 163.6, 162.9, 163.6, 162.9, 162.9, 164.2, 164.2, 164.2, 163.0, 164.2, 162.9, 163.6, 163.6, 163.6, 163.6, 163.6, 163.6, 163.6, 163.6, 163.6, 162.9, 163.6, 163.6, 164.2, 163.6, 163.6, 163.6, 163.0, 162.9, 162.9, 163.0, 163.0, 162.9, 162.9, 163.6, 162.9, 163.0, 163.0, 162.9, 163.6, 163.6, 163.6, 164.2, 163.6, 163.6, 162.9, 163.6, 163.6, 163.6, 163.6, 163.6, 163.0, 162.9, 162.9, 163.6, 163.0, 163.6, 163.6, 162.9, 163.6, 163.6, 163.6, 162.9, 163.6, 163.0, 163.6, 163.6, 163.6, 163.6, 163.6, 163.6, 163.6, 163.6, 163.6, 164.2, 162.9, 164.2, 163.6, 163.6, 163.6, 163.6, 163.6, 164.2, 163.6, 164.2, 163.6, 162.9, 163.5, 163.0, 163.6, 164.2, 163.6, 163.6, 163.6, 163.0, 163.6, 163.6, 163.0, 163.6, 163.6, 163.6, 164.2, 163.6, 163.6, 163.0, 163.6, 163.6, 164.2, 166.1, 165.5, 165.5, 164.9, 165.5, 164.9, 165.5, 165.5, 165.5, 165.5, 164.9, 166.1, 165.5, 164.9, 166.1, 166.1, 165.5, 165.5, 164.9, 165.5, 166.1, 165.5, 165.5, 165.5, 165.5, 165.5, 165.5, 166.1, 165.5, 166.8, 165.5, 165.5, 166.2, 166.1, 166.1, 166.1, 167.4, 166.8, 167.4, 167.4, 167.4, 167.4, 167.4, 167.4, 167.4, 167.4, 167.4, 166.7, 168.0, 167.4, 167.4, 167.4, 166.7, 166.7, 167.4, 166.7, 166.7, 167.4, 166.7, 166.7, 167.4, 167.4, 167.4, 166.7, 167.4, 166.8, 166.8, 166.8, 166.8, 166.7, 166.7, 166.7, 166.8, 167.4, 167.4, 167.4, 167.4, 166.7, 166.7, 168.0, 167.4, 166.7, 167.4, 167.4, 167.4, 167.4, 168.0, 167.4, 167.4, 166.7, 167.4, 168.0, 167.4, 166.7, 166.7, 166.1, 166.7, 168.0, 166.7, 166.1, 166.1, 167.4, 168.0, 168.0, 166.7, 166.7, 166.7, 166.7, 166.7, 167.4, 167.4, 168.0, 167.4, 166.7, 168.0, 167.4, 166.7, 167.4, 168.0, 166.7, 167.4, 166.7, 167.4, 167.3, 167.4, 166.7, 166.7, 166.7, 166.7, 167.4, 166.7, 166.7, 168.0, 166.1, 166.7, 166.7, 166.1, 166.1, 165.4, 165.5, 163.5, 164.8, 164.1, 164.8, 164.8, 165.4, 164.9, 165.4, 166.7, 165.4, 165.5, 166.7, 166.7, 165.5, 166.1, 165.5, 166.7, 166.1, 166.1, 166.7, 166.1, 167.4, 165.5, 167.4, 167.4, 166.1, 166.7, 166.1, 166.1, 166.1, 166.7, 167.4, 166.7, 166.7, 166.7, 166.7, 165.5, 166.7, 166.7, 166.7, 166.7, 167.4, 166.7, 166.1, 164.2, 164.1, 164.8, 164.1, 164.2, 164.1, 164.8, 164.8, 164.8, 164.8, 164.8, 164.8, 164.8, 164.8, 164.1, 165.4, 165.4, 166.1, 165.4, 164.8, 165.5, 166.1, 166.0, 166.0, 166.7, 166.7, 166.7, 166.7, 166.1, 166.7, 166.1, 166.7, 166.7, 166.7, 166.1, 166.1, 166.1, 166.1, 166.7, 166.7, 166.7, 166.1, 166.1, 166.7, 166.0, 166.1, 164.8, 164.8, 166.0, 164.7, 166.7, 166.0, 166.7, 166.0, 166.7, 164.8, 164.1, 165.5, 166.1, 165.4, 165.4, 166.1, 166.7, 167.4, 167.4, 168.0, 168.0, 167.4, 166.7, 168.0, 167.4, 167.4, 167.4, 166.7, 166.7, 168.0, 167.4, 166.7, 166.7, 166.7, 166.7, 167.4, 166.7, 166.7, 165.5, 166.1, 165.5, 166.1, 166.7, 166.1, 166.1, 166.1, 166.1, 166.7, 166.1, 166.1, 166.1, 166.1, 166.1, 166.7, 166.1, 166.8, 166.1, 166.1, 166.1, 166.1, 165.5, 165.5, 164.9, 165.5, 164.2, 163.6, 164.2, 164.2, 163.6, 165.5, 165.5, 165.5, 165.5, 164.9, 165.5, 166.1, 165.5, 165.5, 165.5, 165.5, 165.5, 164.9, 164.9, 164.9, 165.5, 165.5, 164.9, 164.2, 164.8, 164.2, 163.6, 163.5, 163.6, 163.6, 163.6, 164.2, 162.9, 164.2, 162.9, 163.6, 163.6, 164.2, 164.2, 162.9, 162.9, 162.9, 162.9, 162.9, 163.6, 163.6, 164.2, 163.6, 163.5, 163.6, 163.5, 162.9, 164.2, 162.9, 163.6, 163.5, 162.9, 162.9, 162.3, 163.6, 163.6, 163.0, 162.9, 162.9, 161.6, 162.9, 161.7, 163.6, 162.2, 162.9, 162.9, 162.3, 162.9, 162.3, 162.9, 161.6, 162.9, 162.9, 162.9, 162.2, 162.9, 162.9, 162.2, 162.2, 162.9, 162.2, 162.3, 163.0, 162.2, 162.3, 162.3, 162.2, 162.9, 161.6, 162.2, 162.2, 162.9, 162.9, 162.3, 162.2, 162.9, 162.9, 162.2, 162.9, 162.3, 162.9, 162.9, 162.9, 161.6, 162.3, 162.3, 162.2, 162.2, 162.9, 161.6, 162.2, 162.2, 162.2, 162.9, 161.6, 161.6, 162.3, 162.2, 162.3, 162.2, 161.0, 162.2, 161.6, 162.2, 162.2, 161.6, 162.9, 161.6, 162.2, 162.2, 162.9, 162.2, 162.2, 161.6, 162.3, 162.9, 162.2, 162.2, 162.2, 162.2, 162.2, 162.2, 162.2, 162.3, 161.6, 161.7, 161.7, 161.6, 161.6, 161.6, 161.6, 162.2, 161.6, 161.6, 161.0, 161.0, 161.5, 160.9, 160.9, 161.6, 161.0, 161.0, 161.6, 161.0, 160.8, 161.0, 161.6, 161.6, 162.2, 160.9, 161.6, 162.2, 162.2, 160.9, 161.6]"
11,"[163.5, 164.1, 163.5, 163.4, 162.7, 162.1, 163.5, 163.6, 163.6, 163.6, 163.6, 164.2, 164.2, 163.6, 164.2, 164.9, 164.2, 164.2, 163.6, 163.6, 163.6, 164.2, 163.6, 163.6, 163.6, 163.6, 162.9, 163.0, 163.6, 162.9, 163.6, 163.6, 163.6, 164.2, 163.6, 163.6, 162.9, 162.9, 163.6, 163.6, 163.6, 163.6, 163.6, 163.6, 163.6, 162.9, 162.9, 162.9, 163.0, 163.6, 163.6, 163.6, 164.2, 163.6, 164.2, 162.9, 163.6, 162.9, 163.6, 162.9, 163.6, 164.2, 163.6, 163.6, 162.9, 163.0, 162.9, 162.9, 163.6, 163.6, 162.9, 163.6, 164.3, 163.6, 163.6, 163.0, 163.6, 163.0, 163.6, 163.0, 162.9, 164.3, 163.6, 163.6, 163.6, 162.9, 162.9, 162.9, 163.0, 163.6, 163.6, 164.2, 164.2, 164.3, 164.2, 163.6, 163.6, 162.9, 163.6, 163.6, 164.2, 163.6, 162.9, 164.3, 164.2, 163.6, 163.6, 163.6, 164.3, 163.6, 163.6, 163.6, 164.2, 164.2, 163.6, 164.2, 164.2, 164.9, 164.2, 163.6, 164.2, 164.2, 164.2, 164.3, 164.2, 164.2, 164.2, 164.9, 164.9, 164.9, 164.9, 165.5, 164.9, 166.1, 164.9, 166.1, 164.9, 164.9, 164.8, 165.5, 165.5, 165.5, 166.1, 164.9, 166.1, 165.5, 166.7, 166.1, 166.1, 165.5, 166.7, 166.1, 165.5, 166.1, 165.5, 166.7, 165.5, 165.5, 166.1, 165.5, 165.5, 165.5, 165.5, 165.5, 166.1, 166.7, 165.5, 166.1, 165.5, 166.1, 166.1, 165.5, 166.1, 166.1, 165.5, 166.1, 166.7, 165.5, 166.1, 166.1, 166.7, 166.1, 166.1, 166.1, 166.1, 166.1, 166.1, 166.1, 166.1, 166.1, 166.7, 167.4, 166.1, 166.1, 166.7, 166.1, 166.7, 166.1, 166.1, 166.1, 166.7, 166.7, 166.7, 167.4, 166.7, 166.8, 166.7, 166.7, 166.7, 166.7, 166.8, 166.8, 167.4, 166.7, 166.7, 166.1, 166.7, 166.7, 167.4, 167.4, 168.0, 167.4, 168.0, 168.0, 167.4, 167.4, 167.4, 167.4, 167.4, 167.4, 168.0, 166.7, 167.4, 167.4, 168.0, 166.7, 168.0, 167.4, 167.4, 166.7, 168.0, 166.7, 167.4, 167.4, 168.0, 168.0, 167.4, 167.4, 167.4, 166.7, 166.7, 168.0, 167.4, 167.4, 168.0, 168.0, 166.7, 167.4, 167.4, 166.7, 168.0, 167.4, 167.4, 167.4, 167.4, 168.0, 167.4, 166.7, 168.0, 166.7, 166.7, 166.1, 166.1, 166.7, 166.7, 168.0, 166.7, 166.7, 166.7, 167.4, 166.7, 166.7, 166.1, 166.7, 166.7, 168.0, 166.7, 167.3, 167.4, 166.1, 166.7, 166.1, 166.7, 167.4, 166.1, 166.7, 166.1, 166.1, 166.1, 168.0, 167.4, 166.7, 166.1, 166.7, 165.4, 166.7, 166.7, 166.7, 167.4, 166.1, 166.1, 166.1, 166.1, 166.7, 165.5, 165.5, 165.5, 165.5, 166.1, 164.8, 166.1, 165.5, 165.5, 165.5, 165.5, 165.5, 165.5, 166.1, 165.5, 165.4, 166.1, 165.5, 166.1, 164.8, 166.1, 164.9, 165.5, 166.1, 164.8, 165.5, 164.9, 165.5, 165.5, 164.8, 165.5, 164.9, 165.5, 166.1, 165.5, 165.5, 165.5, 165.5, 165.5, 164.9, 164.8, 164.8, 164.2, 164.2, 164.2, 164.2, 164.2, 164.2, 164.8, 164.2, 164.9, 164.2, 164.2, 164.2, 166.1, 166.1, 166.1, 166.1, 166.7, 166.1, 167.4, 166.7, 166.7, 168.0, 166.7, 167.4, 167.4, 168.0, 168.0, 168.0, 167.4, 168.0, 166.7, 167.4, 168.0, 166.7, 168.0, 167.4, 168.0, 168.0, 168.0, 167.4, 167.4, 168.0, 168.0, 168.0, 167.4, 167.4, 166.2, 167.4, 167.4, 166.8, 167.4, 166.8, 166.7, 166.7, 166.7, 166.8, 166.8, 166.7, 166.1, 165.5, 166.1, 166.1, 166.1, 164.8, 165.5, 164.8, 164.9, 164.2, 164.2, 164.8, 164.1, 164.2, 164.8, 164.2, 164.8, 164.2, 164.2, 164.2, 163.6, 164.2, 164.8, 164.2, 164.2, 163.6, 163.6, 163.6, 163.6, 164.2, 163.6, 164.2, 163.6, 163.6, 163.6, 164.2, 163.6, 163.6, 162.9, 162.9, 162.9, 162.9, 162.9, 162.9, 162.3, 162.9, 163.5, 163.5, 162.9, 162.3, 162.9, 162.9, 162.9, 162.9, 164.2, 162.8, 163.6, 162.9, 162.9, 162.2, 163.6, 163.6, 163.5, 162.9, 163.6, 163.6, 164.2, 163.6, 163.6, 163.6, 164.2, 162.9, 163.6, 163.6, 163.6, 164.2, 164.2, 164.8, 163.6, 164.2, 164.2, 163.6, 164.2, 163.6, 163.6, 163.0, 162.9, 163.6, 164.2, 164.9, 164.2, 164.2, 164.2, 163.0, 164.2, 163.6, 164.2, 163.6, 163.6, 163.6, 164.2, 163.6, 163.6, 163.6, 163.6, 163.6, 163.6, 163.6, 163.6, 164.2, 162.9, 164.2, 164.2, 164.2, 163.6, 164.2, 164.9, 163.6, 164.2, 164.2, 163.6, 163.6, 164.2, 164.2, 163.6, 164.2, 164.2, 164.9, 164.2, 163.6, 164.2, 164.2, 164.2, 164.2, 163.6, 163.6, 163.6, 163.6, 164.2, 164.2, 163.6, 163.6, 164.2, 163.6, 163.6, 163.6, 164.2, 164.2, 163.6, 163.6, 164.2, 164.2, 163.5, 164.2, 164.2, 164.2, 163.6, 164.2, 163.6, 163.6, 164.2, 164.2, 163.6, 164.2, 164.2, 163.6, 164.2, 163.6, 164.9, 164.2, 163.6, 163.6, 164.2, 164.2, 164.2, 163.6, 163.6, 164.2, 163.6, 163.6, 163.6, 164.2, 164.8, 163.6, 163.6, 164.9]"
11,"[165.4, 166.7, 166.0, 165.4, 164.7, 164.1, 165.4, 165.5, 165.5, 165.5, 165.5, 165.5, 165.5, 165.5, 165.5, 164.2, 165.5, 166.1, 165.5, 164.9, 164.9, 165.5, 164.9, 164.9, 166.1, 165.5, 165.5, 164.9, 165.5, 164.9, 165.5, 165.5, 164.9, 164.9, 165.5, 165.5, 165.5, 166.1, 165.5, 165.5, 165.5, 166.1, 165.5, 165.5, 164.9, 163.6, 164.2, 164.9, 164.9, 164.9, 164.9, 165.5, 165.5, 164.9, 164.9, 165.5, 164.9, 164.9, 165.5, 165.5, 164.9, 165.5, 165.5, 164.9, 165.5, 165.5, 164.2, 165.5, 164.9, 165.5, 165.5, 164.9, 165.5, 164.9, 164.9, 166.1, 164.9, 164.9, 164.9, 165.5, 166.1, 165.5, 165.5, 165.5, 164.2, 165.5, 165.5, 165.5, 166.1, 165.5, 165.5, 164.9, 165.5, 166.1, 165.5, 165.5, 165.5, 166.1, 165.5, 165.5, 164.9, 164.9, 164.2, 164.9, 164.2, 164.9, 164.9, 163.6, 164.9, 164.8, 164.2, 165.5, 164.9, 165.5, 166.1, 165.5, 165.5, 165.5, 165.5, 165.5, 164.9, 164.3, 164.9, 164.9, 165.5, 165.5, 166.7, 166.8, 166.1, 166.1, 166.1, 166.1, 166.1, 166.1, 166.1, 166.7, 166.7, 166.1, 166.1, 165.5, 166.7, 166.1, 166.8, 166.1, 166.8, 166.8, 167.4, 166.8, 166.1, 166.7, 166.7, 166.8, 166.7, 166.8, 166.8, 167.4, 167.4, 167.4, 166.7, 167.4, 166.7, 166.8, 166.7, 166.8, 166.1, 166.7, 166.7, 166.1, 166.1, 166.8, 167.4, 166.8, 166.8, 166.8, 167.4, 166.7, 166.7, 166.1, 166.7, 167.4, 166.7, 166.7, 166.7, 166.7, 166.7, 166.7, 167.4, 166.8, 166.7, 166.7, 166.1, 166.8, 166.1, 167.4, 166.8, 166.8, 166.7, 167.4, 167.4, 168.0, 168.0, 167.4, 167.4, 168.0, 167.4, 167.4, 167.4, 168.0, 168.0, 167.4, 166.7, 167.4, 168.0, 168.0, 167.4, 166.7, 166.7, 168.0, 167.4, 167.4, 167.4, 168.0, 168.0, 167.4, 166.7, 166.7, 166.7, 168.0, 168.0, 166.7, 167.4, 166.7, 167.4, 166.1, 166.7, 166.7, 166.1, 166.1, 166.1, 166.1, 166.1, 166.1, 166.7, 166.7, 166.1, 166.7, 166.7, 165.5, 165.5, 166.1, 165.5, 165.5, 165.5, 165.5, 165.5, 165.5, 165.5, 166.1, 165.5, 166.7, 166.1, 166.8, 166.1, 166.1, 166.1, 165.5, 166.7, 166.1, 166.1, 164.9, 164.9, 165.5, 164.9, 165.5, 164.9, 164.9, 165.5, 164.9, 164.9, 164.8, 165.5, 165.5, 164.9, 164.9, 164.9, 165.5, 164.8, 164.8, 164.9, 165.5, 165.5, 164.8, 164.8, 164.9, 165.5, 164.9, 164.9, 164.9, 165.5, 164.9, 164.9, 164.9, 165.5, 164.3, 164.9, 165.5, 164.8, 164.9, 164.9, 165.5, 165.5, 164.9, 165.5, 164.8, 164.8, 164.2, 165.5, 164.8, 163.6, 164.2, 163.0, 162.9, 163.6, 163.5, 164.2, 164.8, 164.1, 165.4, 164.8, 164.9, 164.8, 164.8, 166.1, 165.5, 165.5, 165.5, 165.5, 164.8, 164.2, 165.5, 164.9, 165.5, 165.5, 165.5, 164.8, 164.9, 165.5, 165.5, 165.5, 164.9, 166.1, 166.1, 166.1, 165.5, 165.4, 166.1, 165.4, 165.4, 165.4, 165.5, 166.1, 165.5, 165.4, 164.8, 165.5, 165.4, 164.8, 166.1, 166.1, 166.1, 166.7, 166.7, 166.1, 166.7, 166.7, 167.4, 166.1, 165.5, 166.7, 166.7, 166.7, 166.7, 166.7, 166.1, 166.7, 168.0, 168.0, 168.0, 167.4, 166.1, 168.0, 167.4, 168.0, 168.0, 167.4, 166.7, 166.7, 165.5, 165.5, 164.2, 165.5, 164.8, 164.8, 164.8, 164.8, 164.8, 164.9, 164.2, 164.2, 164.9, 166.1, 165.5, 165.5, 164.8, 164.2, 164.8, 164.1, 164.2, 165.5, 164.2, 164.9, 164.2, 164.9, 164.2, 164.2, 164.2, 164.2, 163.6, 164.2, 164.2, 164.1, 163.6, 163.5, 163.6, 164.2, 163.5, 164.2, 163.6, 164.2, 163.6, 163.6, 164.2, 162.9, 163.6, 164.2, 162.9, 163.6, 162.9, 162.9, 162.9, 162.9, 162.9, 162.9, 162.2, 162.9, 162.9, 162.2, 162.2, 162.9, 162.9, 162.9, 162.3, 162.9, 162.9, 162.9, 162.9, 162.2, 162.2, 162.2, 162.9, 162.9, 162.9, 162.9, 161.6, 163.6, 162.9, 162.9, 162.9, 162.9, 163.6, 162.9, 162.9, 162.2, 163.5, 162.9, 163.6, 162.9, 162.2, 162.9, 163.6, 162.9, 162.2, 162.9, 163.6, 162.2, 163.6, 163.6, 162.9, 162.9, 162.2, 163.5, 163.6, 162.9, 162.2, 163.6, 162.3, 162.2, 162.9, 162.2, 162.9, 162.9, 161.6, 162.9, 162.2, 162.3, 162.2, 162.3, 162.2, 162.9, 162.9, 162.3, 162.9, 161.5, 162.3, 162.2, 162.3, 162.2, 162.2, 162.2, 161.5, 162.2, 162.2, 161.7, 162.3, 160.9, 161.6, 162.2, 161.7, 161.6, 162.9, 161.6, 162.3, 162.2, 162.2, 161.6, 162.2, 162.2, 162.2, 161.7, 162.3, 162.3, 162.2, 161.6, 162.3, 161.6, 161.6, 161.6, 162.2, 162.2, 162.2, 162.9, 162.3, 162.3, 162.2, 161.6, 162.2, 162.9, 162.2, 162.2, 162.9, 161.5, 161.5, 161.7, 161.5, 161.0, 160.9, 161.5, 161.5, 160.9, 161.0, 160.9, 161.0, 161.5, 162.2, 161.5, 162.3, 161.5, 161.6, 161.6, 160.9, 160.9, 162.2, 161.7, 161.6, 161.5, 162.2, 162.2, 161.5, 161.6, 161.6]"
11,"[162.8, 163.4, 162.0, 163.3, 162.0, 162.7, 162.8, 163.5, 163.6, 162.9, 162.3, 162.9, 163.6, 162.9, 162.3, 162.2, 162.9, 164.2, 163.6, 163.6, 163.6, 163.0, 163.0, 163.0, 162.3, 163.6, 162.9, 163.6, 163.6, 163.6, 163.0, 163.0, 163.0, 163.0, 163.6, 163.0, 162.9, 162.9, 163.6, 163.6, 163.6, 163.0, 163.6, 163.6, 162.9, 162.9, 162.3, 163.6, 163.6, 163.6, 163.6, 162.9, 162.9, 162.3, 162.9, 163.6, 163.6, 163.6, 163.6, 162.9, 163.0, 162.4, 162.9, 162.3, 162.9, 162.4, 163.6, 163.6, 163.0, 163.6, 163.0, 163.6, 163.6, 162.4, 163.6, 162.9, 163.6, 163.6, 162.3, 163.6, 163.6, 163.6, 163.6, 162.9, 163.6, 164.2, 163.0, 163.6, 162.9, 163.6, 163.0, 163.6, 163.6, 163.6, 163.6, 163.6, 163.6, 163.6, 164.2, 163.6, 163.6, 163.6, 163.0, 163.0, 163.0, 163.6, 163.6, 162.9, 163.0, 163.6, 163.6, 163.6, 163.6, 163.6, 162.4, 163.6, 162.9, 163.6, 162.9, 162.9, 162.9, 163.6, 163.6, 163.6, 163.6, 163.0, 164.2, 163.6, 164.2, 163.0, 163.0, 163.6, 162.9, 163.6, 163.0, 163.6, 163.6, 163.0, 162.9, 163.6, 163.0, 162.9, 162.9, 163.6, 164.2, 163.6, 163.5, 163.6, 163.6, 163.6, 163.6, 163.6, 163.6, 164.2, 164.2, 164.2, 163.6, 164.2, 164.9, 164.2, 163.6, 163.6, 164.2, 164.2, 164.2, 164.2, 164.2, 164.9, 165.5, 164.2, 164.8, 165.5, 165.5, 164.9, 164.9, 165.5, 164.9, 165.5, 164.9, 165.5, 165.5, 164.8, 165.5, 164.9, 164.9, 165.5, 164.9, 164.9, 165.5, 165.5, 165.5, 164.8, 166.1, 164.9, 166.1, 165.5, 164.9, 166.1, 165.5, 164.9, 164.9, 164.9, 165.5, 166.1, 166.1, 166.1, 166.1, 166.1, 165.5, 166.1, 165.5, 166.1, 165.5, 166.1, 166.1, 166.1, 166.1, 166.1, 166.1, 166.1, 166.8, 166.8, 166.1, 166.1, 166.8, 166.8, 166.7, 166.1, 166.7, 166.7, 167.4, 166.1, 166.1, 167.4, 166.7, 166.8, 166.7, 166.7, 166.7, 167.4, 166.8, 166.8, 166.7, 167.4, 167.4, 166.7, 166.8, 167.4, 167.4, 167.4, 167.4, 167.4, 167.4, 167.4, 167.4, 167.4, 167.4, 168.0, 168.0, 167.4, 167.4, 167.4, 167.4, 166.7, 168.0, 167.4, 166.7, 166.1, 166.1, 166.1, 166.1, 166.7, 165.5, 166.1, 166.7, 165.5, 166.1, 166.1, 166.1, 166.7, 166.7, 165.5, 166.1, 166.1, 165.5, 166.7, 165.5, 164.8, 165.5, 166.1, 165.5, 166.1, 166.1, 166.7, 166.1, 166.1, 167.4, 166.1, 166.1, 166.1, 166.7, 166.1, 166.7, 166.7, 166.7, 166.1, 166.7, 166.7, 166.1, 166.7, 166.1, 166.7, 166.1, 166.1, 166.7, 166.7, 166.1, 166.7, 166.1, 166.1, 166.1, 166.7, 167.4, 165.5, 166.7, 166.7, 166.7, 166.7, 167.4, 167.4, 166.7, 167.4, 166.7, 166.1, 166.7, 165.5, 164.2, 166.0, 166.1, 166.1, 164.9, 164.8, 164.8, 165.5, 165.4, 165.4, 164.8, 166.1, 166.1, 164.8, 165.4, 165.5, 165.5, 165.5, 164.9, 164.8, 166.1, 164.9, 165.5, 164.9, 166.1, 165.5, 165.5, 166.1, 166.1, 166.7, 166.1, 166.1, 166.1, 166.7, 166.7, 166.7, 167.4, 166.7, 167.4, 167.4, 167.4, 166.7, 167.4, 167.4, 167.4, 168.0, 168.0, 168.0, 167.4, 168.0, 168.0, 167.4, 167.4, 168.0, 168.0, 168.0, 167.4, 167.4, 167.4, 168.0, 168.0, 167.4, 167.4, 167.4, 167.4, 166.7, 166.7, 166.8, 166.1, 166.8, 165.5, 165.5, 166.8, 166.8, 166.1, 166.1, 166.1, 166.7, 166.1, 166.1, 166.1, 166.1, 165.5, 165.5, 166.8, 166.2, 166.2, 166.1, 165.5, 165.5, 165.5, 165.5, 165.5, 165.5, 166.1, 165.5, 165.5, 164.9, 165.5, 165.5, 165.5, 164.3, 165.5, 165.5, 164.9, 165.5, 164.9, 164.2, 164.2, 163.6, 164.9, 164.2, 164.3, 164.9, 164.2, 164.2, 164.2, 164.2, 164.2, 163.6, 164.2, 164.3, 163.0, 163.6, 163.6, 163.6, 163.6, 163.6, 163.6, 163.6, 163.6, 163.6, 163.6, 162.9, 163.6, 163.6, 163.6, 164.2, 163.6, 163.0, 163.6, 163.5, 163.6, 163.6, 163.6, 163.6, 163.6, 163.6, 163.6, 162.9, 163.6, 162.9, 162.9, 162.9, 162.9, 162.9, 163.0, 163.6, 163.6, 163.6, 163.6, 163.6, 164.2, 163.6, 163.6, 163.6, 162.9, 163.6, 163.6, 163.6, 163.6, 162.9, 163.6, 164.2, 163.6, 163.6, 163.6, 163.6, 162.9, 164.2, 163.6, 162.9, 163.6, 163.6, 164.2, 163.6, 163.6, 163.6, 163.6, 162.9, 162.9, 162.9, 163.6, 162.9, 163.6, 162.9, 163.6, 163.6, 163.6, 163.6, 164.2, 163.6, 162.9, 162.9, 163.6, 162.9, 162.3, 162.9, 162.9, 162.2, 162.2, 162.9, 162.9, 163.0, 162.9, 163.6, 162.2, 162.3, 162.9, 163.6, 162.9, 162.9, 162.9, 162.9, 162.9, 162.9, 163.6, 162.9, 162.9, 163.6, 162.9, 162.9, 162.2, 163.6, 162.9, 162.9, 163.6, 162.9, 162.9, 162.9, 162.9, 162.9, 163.6, 162.9, 162.9, 163.6, 163.6, 162.9, 162.9, 162.9, 162.9, 163.6, 163.6, 164.2, 162.9, 162.9, 163.6, 163.6, 162.9, 163.5, 163.6, 163.6, 163.6, 164.2]"
11,"[164.8, 164.1, 166.7, 166.0, 165.4, 164.1, 164.8, 165.5, 165.5, 164.3, 164.3, 164.9, 164.9, 164.3, 164.3, 164.9, 164.9, 164.9, 164.9, 165.5, 164.3, 164.3, 164.3, 164.9, 164.3, 164.3, 164.2, 164.9, 164.9, 164.3, 164.3, 164.9, 165.5, 164.9, 164.9, 165.5, 164.9, 164.2, 164.3, 164.9, 164.3, 164.3, 164.9, 164.9, 164.9, 164.9, 164.9, 164.9, 164.9, 164.3, 165.5, 164.9, 165.5, 164.3, 164.9, 164.9, 164.3, 164.3, 164.3, 164.3, 164.3, 165.5, 164.9, 164.3, 164.9, 164.9, 164.9, 164.9, 164.3, 164.3, 163.6, 165.5, 165.5, 164.9, 164.3, 164.9, 164.9, 164.9, 164.9, 164.9, 164.9, 164.3, 164.3, 163.6, 164.3, 164.2, 164.9, 164.2, 164.3, 164.9, 164.3, 164.3, 164.3, 164.9, 164.9, 164.3, 164.3, 165.5, 164.9, 164.9, 164.3, 165.5, 164.3, 164.3, 164.9, 164.9, 164.3, 164.3, 164.9, 164.3, 164.9, 164.9, 164.3, 164.3, 164.9, 164.9, 165.5, 164.3, 164.3, 163.6, 164.3, 164.3, 164.9, 164.9, 164.9, 164.9, 164.9, 164.9, 166.2, 165.5, 165.5, 165.5, 165.5, 164.9, 165.5, 165.5, 165.5, 164.9, 165.5, 164.2, 165.5, 164.9, 164.9, 164.9, 165.5, 165.5, 165.5, 165.5, 165.5, 164.9, 165.5, 164.9, 166.1, 166.1, 165.5, 164.9, 165.5, 165.5, 165.5, 165.5, 165.5, 165.5, 166.1, 166.1, 166.1, 166.1, 166.1, 165.5, 166.1, 166.1, 166.1, 166.1, 166.1, 165.5, 166.7, 166.1, 165.5, 166.1, 165.5, 166.1, 166.1, 166.1, 165.5, 166.1, 166.1, 166.1, 166.1, 166.1, 166.1, 166.7, 166.1, 166.7, 166.1, 166.1, 166.7, 166.1, 166.7, 166.1, 166.8, 166.1, 166.1, 166.1, 166.1, 166.7, 166.8, 166.1, 166.1, 166.8, 166.1, 166.8, 166.7, 166.1, 166.1, 166.8, 166.7, 166.7, 166.8, 166.8, 166.1, 166.7, 166.8, 166.7, 166.8, 167.4, 166.7, 166.7, 166.7, 167.4, 167.4, 166.7, 167.4, 168.0, 166.7, 167.4, 166.7, 166.7, 167.4, 166.7, 167.4, 166.1, 165.4, 165.4, 166.1, 164.8, 165.5, 165.4, 165.4, 165.5, 165.5, 165.5, 166.1, 164.8, 165.5, 164.8, 164.8, 165.5, 166.1, 165.5, 166.1, 166.1, 166.7, 166.1, 166.1, 165.5, 166.7, 166.7, 166.1, 166.7, 167.4, 166.1, 167.4, 166.1, 167.4, 166.1, 166.7, 167.4, 166.7, 166.7, 167.4, 166.7, 167.4, 166.1, 167.4, 166.1, 167.4, 166.7, 166.1, 166.7, 166.7, 166.1, 166.1, 166.1, 165.5, 164.8, 166.1, 165.4, 166.7, 166.1, 165.4, 166.1, 165.4, 165.5, 166.1, 165.4, 164.9, 166.1, 165.5, 168.0, 162.8, 160.1, 159.2, 157.9, 157.2, 153.5, 152.6, 152.6, 151.8, 150.4, 151.1, 149.8, 149.8, 148.9, 149.1, 149.8, 150.0, 150.0, 148.7, 150.0, 150.0, 148.5, 148.7, 149.4, 149.8, 149.8, 149.4, 149.1, 148.0, 148.5, 147.6, 147.6, 147.4, 148.7, 149.1, 150.6, 152.0, 153.8, 155.4, 155.9, 156.6, 156.7, 157.2, 156.7, 155.8, 157.2, 156.7, 157.3, 157.2, 157.9, 157.9, 158.6, 158.6, 158.6, 158.5, 158.5, 158.6, 157.9, 158.0, 158.8, 158.6, 158.6, 158.0, 157.9, 158.0, 158.6, 158.6, 158.0, 158.0, 158.6, 158.1, 158.0, 158.0, 159.3, 158.6, 158.0, 157.3, 158.0, 158.6, 158.6, 158.8, 158.0, 158.0, 158.0, 158.6, 158.0, 158.6, 158.1, 157.3, 157.3, 157.5, 158.0, 157.3, 158.0, 157.3, 157.3, 157.5, 158.1, 157.5, 157.5, 158.1, 156.9, 157.6, 156.9, 156.9, 157.1, 157.1, 157.1, 155.5, 157.1, 157.1, 156.9, 157.1, 156.9, 157.1, 157.6, 156.8, 157.7, 156.9, 156.9, 157.5, 158.2, 157.6, 156.8, 157.6, 157.6, 156.8, 157.7, 157.6, 158.2, 156.9, 156.9, 156.9, 157.6, 158.3, 157.1, 157.7, 157.6, 157.6, 157.6, 158.2, 156.9, 156.9, 157.5, 157.6, 158.3, 158.2, 156.8, 157.6, 157.6, 158.2, 157.6, 157.6, 156.8, 157.6, 156.9, 156.3, 157.6, 157.6, 157.6, 157.6, 157.6, 156.9, 157.6, 157.6, 156.8, 157.6, 157.6, 158.2, 157.6, 156.8, 157.6, 157.7, 157.6, 157.6, 157.6, 157.6, 157.6, 156.9, 157.6, 157.6, 157.7, 156.9, 157.6, 157.6, 157.6, 157.6, 157.7, 157.6, 157.6, 157.5, 157.6, 156.8, 157.6, 156.8, 156.8, 156.8, 157.6, 157.6, 157.6, 157.5, 158.3, 156.8, 158.3, 158.3, 157.5, 158.3, 157.7, 158.2, 157.7, 156.9, 158.3, 157.5, 158.2, 158.2, 158.3, 158.2, 158.2, 157.5, 157.7, 157.6, 158.2, 157.5, 158.2, 158.2, 158.9, 158.2, 158.9, 157.6, 159.0, 157.7, 158.1, 157.6, 158.3, 158.2, 158.2, 158.2, 158.1, 158.3, 158.1, 158.2, 158.3, 157.6, 157.6, 159.6, 158.2, 158.2, 157.6, 158.2, 158.2, 158.9, 158.1, 158.2, 158.2, 158.2, 158.2, 157.6, 159.3, 158.0, 158.2, 158.9, 158.3, 158.9, 158.3, 158.9, 158.9, 158.8, 158.3, 158.2, 159.0, 158.8, 158.9, 158.1, 159.0, 158.9, 158.9, 158.9, 159.5, 158.9, 158.8, 158.9, 159.4, 159.4, 159.3, 158.9, 158.8, 158.8, 158.9, 158.9, 158.9, 159.3, 158.9]"
11,"[160.1, 159.3, 160.0, 160.6, 158.8, 157.3, 158.8, 158.2, 159.6, 159.6, 159.6, 159.0, 159.0, 159.1, 159.6, 159.0, 159.7, 159.7, 159.7, 160.3, 159.7, 159.6, 159.8, 160.3, 159.7, 159.7, 159.7, 159.7, 159.7, 159.7, 159.7, 159.1, 159.7, 159.7, 160.3, 159.7, 159.7, 159.7, 159.7, 160.4, 159.7, 159.7, 159.7, 159.7, 160.3, 160.4, 160.3, 160.3, 159.7, 159.7, 160.3, 161.0, 159.7, 160.3, 161.0, 161.7, 161.7, 160.3, 161.1, 161.7, 161.7, 161.0, 161.0, 161.0, 161.0, 161.0, 160.4, 161.0, 160.3, 161.1, 161.0, 161.0, 160.3, 160.3, 161.0, 161.0, 161.0, 159.7, 161.0, 161.0, 161.0, 160.4, 160.3, 161.7, 161.7, 161.0, 161.0, 161.7, 161.6, 161.7, 161.7, 162.3, 161.7, 161.7, 162.3, 161.7, 161.7, 161.0, 161.0, 161.0, 160.4, 161.0, 161.0, 161.7, 161.7, 161.7, 161.0, 161.7, 161.7, 161.7, 161.0, 161.0, 161.0, 161.7, 161.7, 161.0, 161.7, 162.3, 162.3, 161.7, 161.7, 161.6, 161.7, 162.4, 162.9, 162.9, 163.6, 163.5, 163.5, 163.6, 162.9, 162.9, 162.9, 162.9, 162.9, 162.9, 162.9, 162.9, 163.5, 162.3, 163.6, 162.9, 162.2, 162.9, 162.9, 163.6, 163.0, 163.0, 163.6, 163.0, 162.3, 163.6, 163.6, 163.5, 162.2, 163.6, 162.9, 162.9, 162.3, 162.9, 162.9, 162.2, 162.2, 161.6, 162.2, 162.3, 162.3, 161.7, 162.3, 161.6, 160.9, 160.3, 161.6, 162.2, 161.6, 161.0, 161.0, 161.6, 161.0, 161.0, 161.0, 160.3, 161.0, 161.0, 160.3, 161.0, 161.7, 161.0, 161.0, 161.6, 161.6, 161.0, 161.0, 160.4, 161.0, 161.6, 160.3, 161.0, 161.6, 161.0, 161.0, 160.3, 161.0, 161.6, 161.6, 161.0, 161.6, 161.0, 161.0, 160.2, 161.0, 161.6, 161.6, 161.0, 161.0, 161.0, 161.0, 161.0, 160.3, 160.3, 161.0, 161.0, 160.3, 161.0, 160.9, 161.0, 161.0, 161.0, 161.0, 160.2, 161.0, 161.0, 161.0, 162.2, 161.7, 161.7, 161.0, 161.6, 162.3, 161.6, 162.3, 162.9, 162.9, 162.3, 162.9, 161.7, 162.3, 162.9, 163.6, 162.9, 162.3, 162.9, 162.9, 162.9, 162.9, 163.6, 163.6, 163.6, 163.6, 164.2, 164.2, 164.2, 163.6, 164.3, 164.9, 164.3, 165.5, 164.2, 164.2, 165.5, 165.5, 164.3, 165.5, 164.9, 164.9, 166.1, 166.2, 164.9, 166.1, 165.5, 164.9, 165.5, 164.9, 166.1, 165.5, 164.9, 164.9, 165.5, 165.5, 164.9, 164.9, 165.5, 164.9, 164.9, 166.1, 165.5, 166.8, 166.1, 166.1, 166.7, 167.4, 168.0, 168.0, 168.0, 168.0, 168.0, 168.0, 168.0, 168.0, 167.4, 168.0, 168.0, 167.4, 168.0, 168.0, 168.0, 167.4, 166.7, 168.0, 167.4, 167.4, 166.7, 167.4, 167.4, 166.7, 166.7, 167.4, 166.7, 167.4, 166.7, 166.7, 166.7, 167.4, 166.1, 166.1, 166.1, 166.7, 166.7, 166.7, 167.4, 166.7, 167.4, 167.4, 166.7, 166.1, 167.4, 167.4, 166.1, 166.8, 166.8, 166.7, 166.1, 166.7, 166.7, 168.0, 167.4, 167.4, 167.4, 167.4, 168.0, 168.0, 168.0, 167.4, 167.3, 167.3, 167.4, 167.4, 166.7, 168.0, 167.4, 168.0, 168.0, 168.0, 166.7, 166.1, 166.1, 166.8, 166.7, 166.1, 166.1, 165.5, 165.5, 165.5, 166.7, 166.2, 166.1, 166.1, 166.2, 166.2, 166.2, 165.5, 164.3, 164.9, 163.7, 162.4, 163.0, 163.0, 163.0, 163.6, 163.0, 163.0, 161.7, 163.0, 163.0, 163.0, 163.0, 162.4, 162.4, 161.7, 163.0, 162.4, 161.8, 162.4, 163.0, 162.4, 163.0, 163.0, 163.0, 163.0, 162.4, 162.4, 162.4, 163.0, 162.4, 162.4, 162.4, 162.4, 162.4, 160.4, 161.0, 161.7, 161.1, 160.5, 161.0, 161.1, 161.7, 160.4, 161.1, 161.0, 160.3, 159.8, 161.1, 161.0, 159.7, 159.8, 159.7, 158.4, 159.1, 159.1, 159.7, 159.1, 159.1, 158.4, 159.0, 159.1, 159.2, 159.7, 159.0, 159.7, 159.1, 159.2, 159.1, 159.2, 159.1, 158.3, 159.1, 159.2, 157.8, 158.4, 157.7, 157.7, 157.8, 157.7, 157.8, 159.0, 157.7, 158.3, 158.3, 158.4, 159.1, 158.3, 158.3, 159.1, 158.3, 157.8, 159.0, 157.7, 158.3, 158.3, 158.3, 159.0, 158.2, 158.4, 158.3, 158.3, 159.0, 158.2, 159.1, 158.4, 159.1, 159.6, 159.1, 159.0, 159.0, 159.1, 158.9, 159.0, 159.1, 158.3, 159.1, 158.3, 158.3, 158.4, 159.1, 159.7, 158.3, 158.3, 159.0, 159.0, 158.4, 158.3, 159.7, 158.3, 159.1, 158.4, 159.7, 158.3, 158.3, 159.1, 159.0, 158.4, 159.7, 159.1, 159.0, 158.4, 158.4, 159.1, 159.0, 159.1, 159.1, 159.0, 159.1, 157.6, 159.1, 159.1, 159.1, 159.0, 159.7, 159.7, 159.0, 159.7, 159.0, 159.0, 159.0, 159.6, 159.6, 159.0, 159.7, 159.6, 159.7, 159.7, 159.7, 159.6, 159.6, 159.7, 159.6, 159.1, 159.6, 159.0, 159.0, 159.0, 158.2, 159.7, 159.0, 159.0, 159.0, 159.0, 159.7, 159.1, 159.1, 159.1, 159.7, 159.7, 159.7, 159.0, 159.7, 159.0, 159.6, 159.6, 159.0, 159.7, 159.0, 159.6, 159.1, 159.6, 159.1, 158.3, 159.6, 159.1, 158.3]"
12,"[152.0, 150.9, 151.2, 149.7, 149.1, 148.2, 147.9, 147.6, 147.1, 147.4, 147.4, 146.5, 146.5, 147.1, 146.8, 146.8, 146.5, 146.5, 147.4, 147.1, 147.1, 147.1, 146.8, 146.5, 147.1, 147.1, 147.1, 147.1, 147.1, 147.1, 147.6, 147.9, 147.1, 147.1, 146.5, 146.8, 146.8, 146.5, 147.1, 146.2, 147.4, 147.4, 147.4, 149.1, 150.6, 151.7, 152.9, 151.7, 151.1, 151.4, 150.6, 149.4, 149.7, 149.4, 148.8, 148.2, 148.5, 149.1, 149.4, 149.1, 148.5, 149.1, 149.1, 149.1, 149.1, 149.1, 149.1, 148.8, 148.2, 148.8, 148.8, 149.4, 148.2, 147.9, 149.1, 149.1, 150.0, 148.5, 150.0, 149.1, 149.1, 149.4, 149.7, 149.7, 149.1, 149.7, 149.1, 150.0, 149.1, 148.5, 149.1, 149.7, 149.1, 150.0, 148.8, 149.1, 150.0, 149.1, 149.1, 150.6, 150.0, 150.6, 150.6, 150.0, 149.7, 149.7, 150.0, 149.7, 149.7, 149.4, 150.0, 148.8, 149.7, 150.0, 150.0, 149.4, 150.0, 149.4, 149.4, 150.0, 149.4, 148.8, 149.7, 149.4, 148.8, 149.7, 150.0, 150.3, 151.1, 152.0, 154.0, 156.2, 157.4, 157.0, 157.0, 156.2, 155.6, 154.6, 154.0, 152.5, 152.5, 152.0, 150.5, 150.8, 150.6, 149.7, 149.4, 150.8, 150.3, 152.0, 154.1, 155.0, 154.3, 156.0, 155.8, 156.6, 156.6, 156.6, 157.4, 157.6, 157.6, 157.0, 156.8, 156.2, 156.0, 155.4, 154.8, 153.4, 153.7, 152.9, 153.1, 153.5, 153.7, 152.6, 154.7, 154.1, 154.1, 154.1, 153.5, 154.3, 154.3, 154.6, 154.0, 154.3, 154.3, 154.3, 154.0, 154.3, 152.9, 154.6, 154.3, 154.3, 154.3, 154.1, 155.2, 154.0, 154.3, 153.7, 153.7, 153.5, 153.7, 152.9, 153.5, 152.5, 152.5, 151.7, 151.4, 150.8, 151.7, 151.4, 152.3, 152.3, 152.3, 152.0, 152.3, 151.4, 151.7, 151.4, 151.7, 150.8, 151.4, 151.1, 152.0, 150.8, 152.3, 151.7, 152.3, 152.3, 152.5, 152.5, 152.8, 153.7, 152.8, 153.4, 153.4, 154.0, 154.2, 154.0, 154.8, 155.4, 156.0, 160.9, 164.4, 166.7, 166.7, 166.7, 166.2, 165.5, 164.2, 163.6, 162.2, 161.6, 160.2, 161.2, 160.4, 160.4, 160.4, 161.0, 159.6, 159.8, 159.8, 159.8, 159.8, 158.4, 158.6, 158.4, 159.0, 159.2, 159.2, 158.2, 157.6, 158.2, 158.2, 158.2, 158.2, 158.2, 158.2, 158.2, 158.4, 158.6, 158.6, 157.8, 159.2, 158.4, 160.2, 164.1, 166.1, 168.0, 168.1, 167.4, 167.4, 166.8, 166.1, 165.5, 164.8, 164.4, 164.1, 163.0, 161.6, 161.2, 161.0, 159.8, 160.0, 159.8, 159.2, 159.8, 159.8, 159.2, 159.2, 159.0, 158.4, 158.4, 158.6, 158.6, 158.6, 158.4, 158.4, 158.4, 159.0, 158.4, 158.6, 158.4, 158.4, 158.6, 157.8, 157.8, 158.0, 158.6, 159.2, 159.2, 158.6, 158.6, 158.6, 158.0, 157.0, 157.2, 157.2, 157.8, 158.4, 157.8, 158.6, 157.8, 159.2, 157.2, 158.6, 157.8, 157.2, 157.8, 157.8, 157.0, 158.0, 157.0, 157.2, 157.8, 156.2, 157.0, 157.2, 156.4, 156.4, 157.0, 157.8, 156.4, 156.2, 156.6, 156.2, 155.6, 154.0, 154.8, 154.8, 154.6, 154.8, 154.8, 154.8, 154.8, 156.4, 156.2, 156.4, 155.6, 155.6, 156.2, 155.4, 154.8, 155.4, 155.4, 154.8, 154.0, 154.0, 154.6, 153.4, 153.1, 153.1, 152.9, 152.9, 152.5, 152.3, 152.3, 152.3, 152.3, 152.5, 153.7, 153.1, 154.0, 154.0, 154.0, 154.0, 154.0, 153.4, 154.0, 154.0, 153.7, 154.3, 154.3, 153.7, 154.6, 154.2, 153.5, 153.7, 153.7, 154.6, 153.1, 153.7, 153.7, 154.1, 154.0, 153.7, 153.7, 154.0, 154.8, 155.4, 154.6, 153.1, 153.7, 155.0, 154.3, 154.8, 154.6, 154.6, 155.2, 156.0, 156.4, 154.6, 156.4, 155.6, 157.0, 156.8, 157.0, 156.2, 156.4, 156.4, 155.8, 157.0, 156.4, 156.4, 156.4, 156.4, 157.0, 155.6, 156.4, 156.4, 156.4, 156.4, 156.4, 157.0, 155.6, 156.0, 155.8, 156.0, 155.6, 157.0, 155.6, 156.4, 156.4, 156.2, 156.4, 157.0, 156.4, 157.8, 157.8, 158.4, 157.8, 158.6, 157.8, 158.4, 157.2, 157.8, 157.8, 157.0, 158.0, 158.6, 158.6, 158.2, 158.4, 159.2, 158.0, 158.0, 158.6, 158.0, 158.6, 158.6, 158.6, 158.6, 158.6, 158.0, 158.6, 158.4, 158.6, 159.4, 159.2, 159.2, 159.2, 158.4, 159.2, 159.2, 159.2, 158.0, 157.8, 158.6, 159.2, 159.2, 159.8, 158.6, 158.4, 159.2, 159.8, 159.8, 159.8, 159.8, 159.0, 159.2, 159.2, 159.2, 159.2, 159.2, 159.2, 159.8, 159.2, 159.2, 159.2, 159.8, 159.8, 159.8, 159.8, 161.0, 160.6, 161.0, 161.2, 161.0, 161.0, 161.0, 161.2, 161.8, 161.0, 161.0, 161.8, 162.4, 163.0, 162.4, 163.1, 163.7, 165.2, 166.3, 168.1, 168.8, 168.8, 168.1, 166.9, 166.9, 166.4, 165.1, 165.7, 166.3, 167.4, 168.7, 170.0, 168.8, 170.0, 170.1, 170.6, 169.5, 169.5, 167.6, 167.7, 167.0, 167.0, 166.4, 166.4, 165.8, 165.8, 166.9, 168.8, 171.3, 173.2, 173.2, 171.9, 170.7, 169.4, 167.6, 167.0, 167.6, 166.4]"
12,"[159.3, 158.7, 158.5, 157.8, 157.2, 156.2, 156.4, 156.8, 157.0, 157.0, 156.2, 156.2, 156.4, 156.2, 156.4, 156.4, 157.0, 155.6, 156.4, 156.4, 157.0, 155.8, 156.4, 156.2, 155.8, 155.8, 157.0, 156.4, 156.4, 156.4, 155.8, 156.4, 156.4, 156.4, 156.4, 156.4, 156.4, 156.6, 155.6, 156.4, 156.4, 155.6, 155.8, 155.8, 155.8, 155.8, 155.6, 155.8, 157.0, 156.4, 156.2, 155.8, 156.4, 155.8, 156.4, 156.8, 156.2, 155.8, 156.2, 155.8, 156.2, 156.2, 156.2, 156.2, 156.2, 156.8, 155.6, 156.4, 156.8, 156.4, 156.4, 157.0, 156.2, 155.6, 156.2, 156.4, 156.2, 155.8, 155.6, 156.2, 157.0, 156.8, 156.8, 156.4, 156.2, 155.6, 156.2, 156.4, 155.6, 156.2, 156.4, 156.2, 156.8, 155.4, 155.4, 155.6, 156.2, 156.2, 155.6, 156.4, 155.6, 156.4, 155.8, 156.4, 157.2, 156.6, 157.2, 156.4, 156.4, 156.4, 155.8, 157.2, 156.4, 155.8, 156.0, 156.6, 156.4, 156.4, 156.4, 156.4, 157.0, 157.0, 158.4, 158.4, 157.8, 158.0, 158.0, 158.6, 158.4, 157.0, 157.4, 157.4, 158.0, 157.8, 157.0, 157.2, 157.6, 157.6, 157.0, 156.0, 156.2, 156.8, 158.8, 161.5, 162.7, 162.2, 160.9, 159.6, 159.2, 157.8, 157.2, 156.4, 156.4, 155.3, 155.8, 154.8, 155.0, 154.8, 155.0, 155.4, 155.6, 156.0, 154.4, 154.8, 155.6, 155.4, 156.2, 156.4, 156.2, 156.0, 155.6, 156.2, 155.6, 156.2, 156.2, 156.2, 155.8, 155.6, 155.6, 155.6, 155.0, 155.8, 155.6, 155.4, 155.8, 155.0, 156.4, 155.0, 155.0, 155.0, 155.0, 155.0, 155.3, 154.8, 155.6, 155.8, 156.4, 156.2, 156.4, 155.6, 155.4, 156.2, 155.6, 155.6, 156.2, 157.0, 159.0, 162.2, 165.0, 167.4, 167.3, 167.3, 168.0, 167.4, 168.1, 168.1, 168.1, 168.6, 168.6, 167.4, 168.1, 168.1, 167.4, 166.8, 168.1, 168.1, 167.4, 167.4, 168.1, 167.4, 166.8, 165.6, 166.2, 164.8, 165.6, 165.6, 165.1, 163.9, 163.7, 163.7, 163.7, 163.0, 162.4, 162.4, 161.6, 161.6, 161.8, 161.5, 160.9, 161.0, 161.0, 161.0, 161.0, 161.0, 161.6, 161.0, 161.6, 161.0, 161.6, 164.4, 167.4, 170.0, 171.8, 172.4, 173.0, 173.1, 171.3, 170.1, 168.1, 166.9, 165.8, 165.1, 164.5, 164.5, 164.4, 163.9, 163.7, 163.7, 163.7, 163.1, 163.7, 163.7, 163.1, 163.7, 163.1, 163.7, 163.7, 163.7, 163.7, 163.1, 163.7, 163.1, 162.5, 163.0, 163.1, 161.9, 162.5, 162.4, 162.4, 163.0, 162.4, 162.4, 162.4, 162.4, 162.4, 162.4, 161.8, 163.1, 163.0, 162.5, 161.9, 162.4, 162.4, 161.8, 162.4, 161.8, 163.0, 162.4, 162.2, 163.0, 162.4, 162.2, 162.2, 162.4, 161.8, 162.4, 162.4, 163.1, 163.1, 162.4, 163.0, 163.0, 163.1, 163.1, 163.1, 162.5, 162.4, 163.0, 162.4, 162.4, 161.9, 162.5, 163.1, 163.3, 163.1, 163.1, 162.5, 163.1, 163.1, 163.1, 163.1, 162.5, 163.1, 163.1, 163.1, 162.5, 162.4, 162.5, 162.5, 162.5, 161.9, 163.1, 162.5, 163.0, 162.5, 162.4, 163.1, 162.5, 162.4, 161.2, 161.2, 161.2, 160.6, 161.2, 161.2, 161.2, 161.2, 160.6, 161.2, 160.6, 160.4, 161.2, 160.6, 160.6, 160.4, 160.4, 161.0, 160.6, 160.0, 160.4, 161.2, 161.2, 160.4, 160.4, 160.4, 159.8, 160.6, 160.4, 159.8, 160.4, 160.4, 160.4, 161.0, 161.2, 161.2, 160.6, 160.6, 160.6, 161.2, 160.6, 160.6, 160.6, 161.2, 160.4, 161.2, 160.6, 160.4, 160.6, 160.6, 161.2, 160.0, 160.6, 160.6, 159.8, 159.8, 160.6, 160.4, 160.4, 159.2, 159.2, 159.2, 160.4, 160.6, 159.8, 159.8, 159.2, 159.8, 159.8, 160.6, 160.6, 159.8, 160.0, 159.8, 159.8, 160.0, 159.4, 160.0, 160.6, 160.6, 160.7, 160.0, 160.0, 159.8, 159.2, 160.0, 160.6, 160.0, 159.8, 159.2, 159.8, 159.2, 159.8, 159.8, 159.2, 160.0, 159.8, 160.4, 159.8, 159.8, 160.6, 160.6, 159.8, 160.0, 160.6, 160.6, 160.7, 159.8, 160.6, 160.7, 159.8, 159.8, 160.0, 160.6, 160.6, 160.0, 160.6, 160.6, 160.6, 160.6, 161.2, 160.6, 160.6, 160.6, 160.6, 160.0, 161.2, 161.2, 160.0, 160.6, 160.0, 160.4, 160.4, 160.4, 161.0, 161.2, 161.8, 160.6, 161.3, 161.2, 161.2, 163.0, 163.0, 163.7, 163.0, 162.5, 161.8, 161.8, 162.4, 162.4, 161.8, 162.5, 161.8, 163.1, 163.7, 163.7, 163.7, 163.6, 163.7, 163.1, 163.7, 162.5, 163.7, 163.9, 163.9, 163.1, 163.7, 163.1, 163.3, 163.9, 163.7, 163.3, 163.1, 163.9, 163.7, 164.5, 166.3, 168.7, 170.0, 170.0, 168.8, 168.2, 168.2, 168.8, 169.5, 169.5, 169.5, 169.5, 168.8, 168.2, 167.1, 165.9, 165.9, 164.5, 164.5, 165.8, 165.8, 165.8, 165.2, 165.8, 165.8, 165.8, 165.2, 165.3, 165.1, 165.2, 165.2, 164.6, 164.6, 164.6, 164.6, 164.6, 165.2, 165.2, 165.2, 165.9, 165.8, 165.8, 165.2, 165.2, 165.8, 165.9, 165.9, 166.4, 165.7, 165.1, 165.1, 165.8, 165.2, 165.7, 165.7]"
12,"[161.6, 163.7, 162.5, 162.2, 161.6, 161.6, 161.0, 159.8, 160.6, 160.0, 159.2, 158.6, 159.2, 160.0, 159.2, 159.4, 159.4, 159.0, 160.0, 160.6, 160.6, 160.6, 160.0, 159.4, 160.4, 159.2, 158.4, 158.6, 158.4, 158.6, 159.2, 159.2, 158.6, 159.4, 158.4, 158.6, 158.4, 159.2, 159.2, 159.2, 159.0, 159.2, 158.6, 159.2, 159.2, 159.0, 158.0, 158.6, 158.4, 158.4, 157.8, 157.8, 158.4, 158.2, 158.0, 158.0, 158.6, 157.4, 157.8, 157.8, 157.0, 155.6, 155.6, 156.8, 156.8, 157.0, 156.0, 157.2, 157.4, 157.8, 156.8, 157.6, 158.2, 157.6, 157.6, 157.8, 157.8, 157.0, 156.8, 157.0, 157.0, 157.6, 157.2, 157.0, 157.0, 157.2, 157.2, 157.0, 157.0, 156.6, 156.4, 157.0, 157.6, 157.2, 157.6, 157.8, 157.8, 157.8, 157.8, 157.8, 157.2, 157.0, 157.8, 157.8, 157.8, 157.8, 157.2, 156.6, 157.2, 156.2, 156.4, 155.6, 156.4, 156.6, 156.4, 155.6, 157.0, 156.4, 156.4, 156.6, 156.4, 158.0, 156.4, 158.0, 159.2, 157.8, 157.0, 157.0, 157.6, 157.2, 157.8, 157.8, 157.2, 156.8, 156.8, 157.6, 157.4, 156.8, 156.8, 157.4, 157.0, 157.2, 157.8, 157.0, 158.4, 158.2, 159.2, 159.8, 160.6, 161.2, 161.2, 161.8, 161.2, 161.9, 161.8, 163.1, 163.1, 162.5, 161.9, 161.8, 161.9, 161.8, 161.2, 161.0, 161.0, 161.2, 159.8, 159.8, 159.8, 159.2, 159.8, 159.6, 159.6, 158.8, 159.0, 158.2, 159.0, 157.6, 157.6, 158.2, 156.8, 157.4, 158.2, 159.0, 158.8, 159.3, 159.5, 157.8, 158.8, 158.2, 158.0, 157.4, 158.4, 157.4, 158.2, 157.6, 157.4, 158.2, 158.2, 157.4, 158.0, 157.2, 158.7, 158.5, 158.7, 158.7, 158.2, 158.2, 158.8, 158.7, 159.3, 158.7, 158.2, 157.6, 157.6, 157.6, 156.8, 157.0, 157.6, 157.4, 157.6, 158.8, 159.5, 159.5, 159.3, 158.8, 159.5, 159.6, 158.8, 158.2, 158.8, 158.7, 158.2, 157.4, 157.4, 157.8, 157.6, 157.6, 158.0, 159.0, 158.8, 158.7, 159.8, 158.8, 159.3, 159.5, 159.6, 159.6, 159.5, 160.1, 159.5, 159.0, 159.6, 159.3, 159.3, 159.5, 159.3, 158.7, 159.5, 158.8, 159.3, 159.5, 159.6, 158.7, 159.5, 158.8, 158.0, 158.7, 158.0, 158.0, 158.0, 158.2, 158.2, 158.2, 158.0, 157.6, 157.6, 157.6, 158.2, 158.8, 159.0, 158.8, 159.5, 160.7, 161.9, 163.3, 162.7, 162.1, 162.7, 162.1, 162.2, 162.1, 162.7, 162.1, 162.1, 160.9, 160.9, 160.2, 160.2, 160.2, 159.6, 161.0, 161.0, 160.4, 160.4, 159.0, 159.0, 159.0, 159.6, 158.8, 158.4, 158.8, 158.8, 159.0, 158.4, 159.0, 159.0, 159.0, 159.0, 159.0, 159.0, 158.4, 159.2, 159.0, 159.0, 158.2, 159.2, 158.2, 158.4, 159.0, 159.2, 158.4, 158.8, 159.2, 159.2, 159.2, 159.0, 158.4, 159.0, 158.4, 158.2, 158.4, 159.0, 158.8, 159.2, 159.2, 159.2, 159.4, 158.6, 159.2, 158.6, 159.2, 158.6, 158.4, 159.2, 157.8, 157.6, 157.6, 157.8, 157.8, 157.6, 157.6, 157.0, 157.6, 157.8, 157.6, 156.8, 157.8, 157.8, 158.2, 158.4, 158.8, 158.8, 157.6, 157.0, 156.2, 156.2, 158.2, 156.4, 156.8, 155.6, 156.2, 156.2, 156.4, 155.6, 156.2, 155.6, 156.0, 155.4, 155.4, 155.4, 155.8, 155.3, 155.6, 155.8, 155.8, 155.6, 155.8, 155.0, 154.8, 155.6, 154.6, 154.0, 153.4, 154.8, 154.0, 154.0, 154.0, 154.2, 154.2, 154.2, 155.0, 154.8, 155.0, 155.4, 155.0, 155.0, 155.0, 154.6, 154.2, 153.1, 153.4, 153.4, 152.9, 154.2, 152.0, 152.0, 152.5, 153.4, 154.0, 154.2, 154.2, 154.8, 154.2, 155.2, 154.8, 154.8, 155.4, 154.8, 154.6, 153.1, 154.0, 154.2, 153.1, 153.4, 153.4, 153.1, 153.4, 153.1, 153.4, 154.0, 154.6, 154.8, 153.4, 153.4, 153.1, 152.5, 152.3, 152.9, 154.0, 152.5, 153.1, 153.4, 152.3, 153.4, 153.4, 153.4, 154.0, 154.0, 152.5, 152.9, 154.0, 153.4, 153.7, 153.1, 152.3, 153.7, 152.3, 152.3, 152.3, 152.3, 153.1, 153.1, 153.1, 152.5, 153.4, 152.3, 152.9, 154.0, 153.7, 153.1, 154.3, 154.0, 154.0, 154.0, 154.0, 153.7, 153.7, 154.6, 154.1, 155.2, 155.0, 155.0, 155.8, 155.4, 155.2, 156.0, 155.8, 156.6, 156.4, 157.0, 157.2, 157.2, 158.3, 157.2, 157.2, 157.2, 157.8, 157.8, 157.8, 157.0, 157.2, 156.6, 156.8, 156.6, 156.6, 156.8, 157.4, 156.0, 156.4, 156.8, 157.6, 158.0, 157.2, 158.7, 159.3, 158.5, 158.5, 157.4, 157.4, 157.4, 157.4, 156.6, 156.0, 156.2, 155.8, 155.8, 157.0, 157.0, 156.6, 158.2, 158.8, 160.2, 160.5, 160.9, 160.1, 160.7, 160.1, 160.1, 160.1, 161.2, 161.0, 161.8, 161.2, 161.3, 161.0, 160.2, 161.6, 161.2, 160.9, 161.0, 160.9, 160.9, 160.9, 161.5, 160.5, 159.9, 161.5, 162.2, 161.3, 161.5, 161.5, 160.7, 160.9, 161.8, 160.1, 160.2, 158.8, 159.5, 159.5, 159.6, 160.2, 160.1, 160.9, 160.9, 162.1, 162.1, 161.6, 161.5, 160.9]"
12,"[156.6, 155.6, 155.0, 155.0, 154.3, 154.3, 153.5, 152.9, 152.9, 153.1, 153.4, 152.5, 153.4, 152.5, 152.5, 153.4, 152.5, 152.5, 152.5, 152.5, 152.5, 151.7, 153.1, 152.5, 153.1, 152.5, 153.4, 152.5, 153.4, 152.5, 153.1, 152.5, 152.5, 152.5, 152.3, 152.3, 152.5, 152.5, 153.7, 154.0, 153.4, 153.4, 153.1, 153.4, 153.1, 152.5, 152.5, 152.8, 152.5, 153.4, 153.4, 154.0, 154.0, 154.6, 153.1, 152.5, 153.1, 153.7, 153.1, 153.7, 152.3, 153.1, 153.4, 153.1, 153.7, 153.1, 153.1, 153.1, 153.1, 153.4, 154.6, 155.4, 156.0, 156.6, 156.2, 158.2, 156.8, 157.4, 157.4, 157.4, 156.8, 157.4, 157.4, 158.0, 157.4, 157.4, 157.4, 156.8, 157.4, 157.4, 156.8, 157.6, 156.0, 155.8, 157.0, 156.6, 156.8, 156.8, 156.8, 157.0, 156.8, 156.0, 156.0, 156.6, 156.0, 156.0, 156.2, 155.4, 155.4, 155.4, 155.4, 155.6, 155.4, 155.4, 156.0, 156.0, 156.0, 155.4, 155.4, 156.2, 155.2, 156.0, 156.8, 156.0, 156.0, 155.6, 156.2, 156.0, 155.6, 155.4, 157.4, 156.2, 155.6, 155.6, 155.0, 155.6, 155.4, 155.6, 155.4, 155.6, 155.4, 155.6, 155.6, 156.0, 156.0, 155.4, 155.4, 156.2, 156.2, 155.6, 156.0, 156.6, 156.6, 157.2, 157.0, 157.4, 156.4, 156.4, 157.0, 157.2, 157.2, 157.2, 156.2, 156.6, 156.6, 156.8, 156.2, 156.2, 156.6, 156.4, 157.6, 157.6, 157.4, 156.8, 157.0, 156.8, 157.0, 156.4, 156.6, 157.2, 157.2, 156.4, 157.0, 155.8, 156.4, 156.2, 156.4, 157.2, 157.0, 156.2, 158.0, 156.0, 156.4, 156.8, 156.4, 156.0, 156.4, 156.0, 155.2, 156.0, 156.0, 155.4, 155.8, 156.2, 155.8, 156.6, 157.6, 157.0, 156.4, 157.0, 156.4, 156.4, 157.2, 156.6, 156.4, 156.6, 157.0, 156.4, 155.8, 156.0, 156.0, 156.4, 155.8, 155.8, 155.6, 155.8, 156.0, 157.0, 157.6, 157.2, 157.0, 157.6, 158.3, 157.6, 157.0, 157.0, 156.6, 155.8, 156.6, 156.0, 156.2, 155.8, 155.8, 156.6, 156.0, 155.8, 155.8, 156.4, 155.8, 156.4, 155.4, 155.8, 155.2, 155.8, 155.4, 155.6, 155.0, 155.2, 155.8, 155.8, 155.8, 157.0, 157.6, 158.3, 157.2, 157.0, 157.0, 157.0, 157.2, 157.2, 157.2, 155.6, 156.6, 156.0, 156.6, 156.4, 156.4, 155.4, 156.0, 155.4, 156.0, 155.8, 155.4, 156.0, 156.0, 155.4, 156.0, 155.4, 155.4, 155.8, 155.0, 155.4, 155.4, 156.0, 155.2, 155.4, 155.4, 156.2, 155.4, 155.2, 155.4, 155.4, 155.6, 155.2, 155.4, 155.4, 155.4, 155.4, 155.0, 156.0, 155.0, 155.4, 155.4, 155.4, 154.6, 155.4, 154.8, 156.0, 154.8, 155.0, 154.6, 155.4, 155.0, 155.4, 155.6, 154.8, 155.0, 155.0, 155.0, 154.8, 154.8, 155.6, 155.2, 155.0, 154.8, 154.2, 154.6, 154.8, 154.2, 155.6, 154.6, 155.2, 155.4, 154.0, 154.8, 154.8, 155.0, 155.4, 155.2, 154.6, 154.8, 154.8, 155.4, 154.0, 155.0, 155.4, 154.8, 155.4, 154.8, 154.4, 155.6, 156.2, 155.6, 155.4, 155.4, 155.4, 154.0, 155.2, 155.0, 154.3, 155.2, 154.8, 154.6, 155.4, 155.6, 155.6, 154.8, 155.4, 155.3, 155.4, 156.6, 155.8, 155.4, 155.4, 155.2, 155.4, 154.8, 154.8, 154.6, 155.2, 154.2, 155.2, 155.8, 155.2, 155.0, 155.0, 155.2, 155.2, 154.6, 154.3, 154.0, 154.6, 153.7, 154.0, 152.9, 153.4, 154.0, 152.9, 152.9, 152.0, 152.0, 153.1, 154.0, 152.9, 152.3, 152.3, 153.1, 151.7, 151.7, 152.9, 151.8, 152.6, 152.6, 152.0, 152.0, 152.0, 152.0, 152.3, 152.9, 151.4, 151.4, 151.4, 151.4, 152.3, 152.0, 151.2, 152.0, 151.4, 152.0, 151.2, 151.4, 152.0, 151.4, 151.2, 151.4, 151.4, 151.2, 151.4, 152.0, 152.9, 151.4, 151.2, 152.0, 151.4, 151.4, 150.6, 151.4, 152.0, 151.4, 151.4, 151.8, 151.4, 152.0, 152.0, 152.0, 151.7, 152.3, 151.7, 152.3, 151.7, 151.4, 152.3, 151.7, 151.7, 151.4, 152.0, 151.4, 152.0, 152.3, 152.3, 153.1, 152.9, 152.5, 152.0, 153.1, 152.9, 152.3, 152.9, 153.1, 152.9, 153.1, 152.9, 152.9, 153.1, 152.9, 153.5, 153.1, 153.5, 153.7, 152.9, 154.6, 155.2, 155.8, 154.6, 155.4, 155.2, 155.2, 155.8, 156.0, 155.8, 156.0, 156.0, 156.0, 156.4, 156.4, 156.4, 156.2, 156.4, 155.8, 156.6, 156.4, 156.4, 157.0, 157.2, 156.6, 157.0, 157.0, 157.6, 158.3, 158.9, 158.3, 158.3, 158.5, 158.1, 158.5, 158.1, 158.3, 159.1, 158.3, 158.7, 158.5, 158.5, 158.5, 158.7, 158.7, 158.7, 158.5, 158.9, 158.7, 158.7, 158.2, 158.0, 157.2, 158.0, 157.0, 158.2, 157.8, 158.2, 157.4, 157.2, 158.0, 158.5, 158.5, 157.6, 158.0, 157.8, 157.8, 158.7, 159.1, 159.1, 159.7, 159.9, 159.9, 159.9, 159.9, 159.3, 160.1, 158.7, 159.3, 160.1, 159.5, 159.9, 159.5, 159.7, 159.3, 158.7, 159.3, 159.3, 159.3, 158.5, 158.7, 158.9, 159.3, 159.5, 159.3, 159.5, 159.9, 159.9, 158.8, 159.5]"
12,"[159.9, 158.3, 159.9, 159.5, 157.6, 157.8, 156.6, 156.8, 157.8, 157.4, 156.8, 157.0, 157.0, 156.8, 156.0, 156.0, 156.6, 156.0, 156.8, 156.2, 156.6, 156.4, 155.6, 156.0, 156.2, 156.8, 156.2, 156.8, 156.2, 156.6, 156.8, 155.6, 156.2, 156.2, 156.2, 155.6, 156.2, 155.6, 156.2, 155.6, 156.2, 155.6, 156.0, 155.6, 155.2, 155.4, 155.6, 155.4, 156.0, 155.4, 155.6, 156.2, 156.0, 156.2, 155.0, 155.4, 156.0, 156.4, 156.0, 156.2, 155.6, 155.4, 155.0, 155.6, 155.4, 155.4, 154.8, 156.0, 156.0, 155.4, 155.4, 156.2, 155.4, 155.6, 155.2, 155.4, 156.0, 155.4, 155.4, 155.4, 154.8, 155.4, 155.2, 155.4, 155.4, 155.4, 155.4, 155.6, 155.4, 154.8, 154.6, 155.2, 155.4, 154.6, 155.4, 154.6, 154.6, 154.6, 154.6, 155.2, 154.8, 155.4, 154.0, 154.6, 154.8, 154.8, 154.8, 154.8, 155.4, 155.4, 155.4, 155.4, 155.4, 155.0, 155.4, 155.2, 154.6, 154.0, 154.2, 155.2, 155.0, 154.8, 155.6, 155.6, 154.8, 154.8, 153.7, 154.0, 153.7, 154.8, 154.2, 154.6, 154.2, 154.6, 154.2, 154.6, 154.8, 153.7, 155.0, 155.4, 154.4, 155.4, 155.4, 155.4, 155.4, 154.8, 154.8, 154.3, 154.6, 154.2, 154.3, 154.8, 153.5, 154.6, 154.0, 154.8, 154.8, 155.8, 156.2, 156.0, 156.2, 156.8, 156.2, 156.2, 156.2, 156.8, 156.8, 157.2, 157.2, 157.2, 157.0, 157.6, 157.6, 158.0, 156.4, 157.8, 158.0, 157.2, 157.0, 157.0, 157.6, 158.3, 158.1, 157.6, 157.0, 156.6, 156.8, 156.8, 157.0, 156.0, 156.8, 156.2, 156.2, 156.0, 156.0, 156.0, 155.6, 156.8, 156.8, 156.8, 158.5, 158.5, 158.3, 159.7, 158.5, 159.1, 158.7, 158.7, 157.8, 158.0, 157.2, 157.4, 157.4, 156.6, 157.2, 158.0, 159.1, 158.5, 158.5, 158.5, 157.4, 157.4, 157.6, 157.2, 156.8, 157.0, 157.0, 157.4, 156.0, 156.8, 156.2, 156.2, 156.2, 155.6, 156.2, 156.2, 155.6, 156.0, 156.2, 155.6, 156.0, 155.6, 156.2, 156.2, 157.2, 158.3, 158.1, 158.5, 158.5, 157.6, 158.7, 158.1, 157.6, 158.5, 158.0, 158.0, 157.4, 157.2, 157.2, 157.2, 156.6, 157.2, 156.8, 156.8, 156.8, 156.8, 156.0, 157.0, 156.6, 156.2, 156.0, 156.0, 156.8, 156.6, 156.0, 155.6, 156.0, 155.4, 156.2, 156.0, 155.6, 155.2, 156.2, 156.0, 156.0, 157.2, 156.4, 156.8, 157.6, 157.0, 157.0, 157.2, 157.0, 156.6, 155.8, 156.6, 156.0, 156.2, 155.6, 156.0, 155.6, 155.4, 156.2, 155.6, 156.2, 155.4, 156.2, 156.0, 156.0, 156.6, 156.0, 155.6, 156.0, 156.6, 156.0, 155.4, 156.0, 156.0, 155.8, 155.4, 155.2, 154.6, 154.3, 154.8, 154.8, 154.6, 154.0, 154.0, 154.8, 155.4, 155.0, 155.4, 155.2, 155.4, 156.0, 155.4, 154.6, 154.8, 155.4, 154.8, 154.8, 155.2, 154.6, 154.8, 155.2, 155.4, 154.8, 155.2, 155.2, 154.6, 155.4, 154.6, 155.2, 154.8, 155.4, 156.4, 156.4, 156.8, 156.8, 157.4, 157.0, 157.4, 158.1, 158.3, 157.8, 157.2, 156.6, 157.2, 157.2, 156.0, 156.6, 156.6, 156.0, 155.4, 155.4, 155.4, 155.4, 156.2, 156.0, 156.0, 155.4, 156.2, 155.4, 155.4, 155.4, 155.6, 156.0, 156.0, 154.6, 155.2, 154.8, 154.6, 155.4, 156.0, 154.8, 155.4, 155.4, 155.4, 155.4, 154.8, 154.6, 155.4, 154.6, 155.4, 154.6, 154.6, 154.6, 154.0, 154.6, 154.0, 154.2, 154.3, 153.1, 153.5, 153.7, 153.7, 152.8, 152.9, 153.7, 152.5, 152.5, 153.1, 153.7, 153.1, 153.1, 153.7, 153.4, 153.1, 153.1, 153.7, 152.9, 152.9, 152.9, 151.8, 152.0, 151.4, 151.4, 152.3, 151.4, 152.0, 151.4, 151.4, 150.6, 151.2, 150.8, 151.4, 150.0, 151.2, 150.8, 150.0, 150.0, 150.6, 150.3, 150.3, 150.8, 150.0, 150.6, 150.0, 148.8, 149.7, 149.7, 149.7, 150.0, 149.7, 149.1, 149.1, 149.7, 149.7, 149.4, 149.4, 150.0, 150.3, 150.0, 150.0, 150.8, 150.3, 150.3, 150.3, 150.0, 150.0, 150.0, 150.3, 150.6, 150.0, 149.4, 150.3, 150.3, 150.3, 151.1, 150.3, 150.8, 150.3, 151.1, 150.8, 151.4, 151.7, 151.2, 151.4, 151.4, 151.7, 150.8, 151.7, 152.0, 151.4, 151.2, 151.4, 152.0, 151.4, 151.2, 150.0, 150.5, 150.6, 150.3, 150.6, 150.6, 151.4, 151.2, 151.4, 151.1, 150.6, 152.0, 151.7, 151.7, 151.4, 151.4, 151.7, 152.0, 152.0, 151.4, 152.0, 152.0, 151.7, 151.4, 152.3, 152.3, 152.3, 151.7, 151.7, 152.3, 151.7, 152.3, 152.9, 152.9, 152.0, 152.3, 152.0, 151.7, 152.3, 152.3, 152.3, 151.4, 152.3, 152.5, 152.3, 153.4, 153.4, 154.1, 155.8, 156.4, 157.8, 157.4, 157.4, 157.4, 157.4, 156.8, 156.8, 156.6, 157.4, 156.2, 157.4, 157.6, 157.2, 156.6, 156.6, 157.4, 157.4, 157.2, 157.2, 157.6, 157.4, 156.8, 158.0, 157.4, 157.4, 158.0, 157.2, 157.8, 157.2, 157.2, 157.8, 156.4, 157.4, 157.2, 158.0, 157.0, 157.8, 158.5, 158.5, 158.7, 159.1]"
12,"[159.5, 157.8, 158.3, 158.5, 155.8, 156.0, 155.4, 155.4, 155.2, 155.4, 155.6, 156.0, 154.8, 155.4, 155.6, 155.4, 154.6, 154.8, 155.4, 155.2, 155.4, 154.8, 154.8, 155.6, 155.6, 155.4, 155.0, 156.2, 155.6, 154.8, 155.4, 154.8, 155.4, 155.0, 155.4, 155.6, 155.4, 154.8, 155.0, 155.2, 155.4, 155.0, 155.4, 154.8, 154.8, 155.4, 155.4, 154.8, 154.8, 155.6, 155.4, 155.0, 155.0, 155.0, 155.6, 155.0, 155.6, 155.4, 154.8, 155.2, 154.6, 155.0, 154.8, 154.2, 154.8, 155.4, 154.6, 155.6, 155.0, 155.0, 155.0, 155.0, 155.6, 155.6, 155.0, 155.0, 155.0, 155.6, 156.4, 155.0, 155.8, 155.6, 155.6, 155.6, 155.3, 155.0, 155.0, 155.8, 155.4, 154.8, 155.6, 155.0, 155.6, 155.6, 155.6, 155.4, 155.0, 155.6, 155.3, 155.0, 155.6, 155.3, 155.4, 155.4, 154.8, 155.4, 154.6, 155.0, 154.8, 154.6, 155.0, 155.0, 155.3, 155.0, 154.8, 154.8, 155.4, 155.6, 155.4, 154.8, 154.8, 155.0, 154.4, 155.0, 155.6, 154.8, 154.8, 154.6, 154.8, 155.4, 156.4, 156.2, 157.0, 156.2, 156.0, 157.4, 156.0, 157.4, 157.2, 157.0, 158.0, 157.8, 157.2, 158.0, 157.8, 157.8, 157.0, 158.3, 159.1, 158.3, 157.8, 158.0, 158.5, 157.2, 158.0, 157.8, 158.0, 157.4, 157.4, 158.3, 158.3, 157.4, 157.2, 157.4, 157.4, 157.0, 156.4, 156.8, 157.6, 157.6, 157.2, 157.0, 157.4, 156.0, 157.0, 156.0, 156.4, 156.2, 156.4, 156.0, 156.4, 156.0, 155.6, 156.0, 157.0, 157.4, 157.4, 158.0, 157.4, 156.8, 157.6, 156.4, 156.2, 155.4, 156.2, 155.8, 155.6, 156.4, 156.2, 155.6, 156.4, 155.4, 155.4, 155.6, 156.2, 155.6, 155.4, 155.6, 155.6, 155.6, 156.4, 155.4, 154.2, 155.2, 155.2, 154.8, 155.6, 155.6, 155.6, 156.4, 155.6, 156.2, 156.2, 156.6, 157.8, 157.4, 157.2, 157.4, 157.2, 157.4, 156.8, 157.4, 157.6, 157.0, 157.2, 156.8, 156.8, 156.8, 156.8, 156.2, 156.2, 156.8, 156.0, 156.0, 156.4, 156.2, 156.2, 156.2, 156.0, 156.4, 155.4, 155.4, 156.0, 155.4, 156.0, 154.8, 155.6, 154.6, 156.0, 155.0, 155.6, 156.2, 155.0, 155.6, 156.0, 156.0, 157.0, 156.0, 156.0, 156.2, 156.0, 155.4, 155.0, 155.4, 155.6, 155.4, 156.0, 156.2, 157.2, 157.4, 157.0, 157.8, 157.8, 157.2, 157.6, 157.2, 157.2, 157.4, 157.4, 157.2, 157.4, 157.2, 156.8, 157.4, 156.8, 157.4, 157.2, 156.4, 157.0, 157.0, 156.8, 156.2, 156.8, 156.6, 157.0, 156.8, 156.2, 156.4, 156.0, 156.2, 156.4, 156.4, 156.0, 155.6, 156.2, 156.2, 156.4, 156.4, 156.2, 157.0, 156.0, 156.4, 156.0, 156.4, 156.8, 156.2, 156.4, 156.2, 156.2, 156.4, 156.8, 156.2, 156.0, 156.0, 156.0, 156.4, 156.2, 156.6, 156.4, 157.4, 157.0, 156.2, 156.2, 156.8, 157.4, 156.2, 157.4, 157.4, 158.0, 158.0, 158.7, 159.5, 160.5, 161.8, 164.2, 165.1, 165.0, 164.5, 164.6, 164.1, 163.3, 162.9, 161.0, 161.0, 161.5, 161.6, 161.6, 161.6, 160.4, 159.6, 160.2, 159.5, 159.0, 159.6, 159.5, 158.8, 159.6, 157.6, 157.4, 157.0, 157.4, 157.0, 157.6, 157.0, 157.0, 157.2, 156.8, 157.4, 157.6, 156.8, 157.8, 157.0, 157.8, 157.6, 157.8, 157.0, 156.2, 156.8, 156.2, 157.0, 156.4, 156.2, 155.6, 156.2, 156.2, 155.4, 155.8, 156.6, 157.2, 157.0, 157.2, 156.4, 156.6, 158.0, 157.8, 157.8, 158.4, 157.8, 157.2, 156.8, 155.4, 155.0, 154.6, 152.5, 153.4, 152.5, 152.5, 152.5, 154.0, 152.8, 153.4, 153.4, 153.6, 152.8, 152.8, 152.0, 152.5, 152.0, 152.5, 152.0, 152.0, 152.3, 151.7, 152.5, 151.7, 151.7, 152.3, 151.1, 152.5, 151.7, 151.7, 152.3, 153.1, 152.0, 152.5, 152.0, 152.0, 151.7, 152.0, 152.3, 152.5, 152.0, 152.3, 151.7, 151.7, 151.7, 151.7, 151.4, 151.1, 154.0, 154.2, 152.8, 152.8, 152.8, 153.4, 152.8, 152.8, 152.8, 152.0, 152.2, 152.5, 153.1, 152.5, 152.2, 152.5, 153.1, 151.7, 151.7, 152.0, 151.1, 152.8, 152.5, 151.4, 152.5, 151.4, 152.5, 152.5, 152.2, 152.5, 152.2, 152.0, 152.2, 152.5, 152.8, 151.7, 152.8, 152.5, 152.8, 152.0, 152.8, 153.6, 152.8, 153.4, 153.4, 152.8, 153.6, 152.2, 154.0, 154.0, 153.7, 153.6, 153.4, 153.4, 152.5, 152.5, 153.4, 153.4, 153.4, 153.4, 154.0, 153.4, 153.4, 153.4, 152.8, 154.0, 152.8, 153.4, 152.8, 152.8, 153.4, 152.8, 152.5, 152.8, 153.6, 153.4, 153.1, 153.4, 153.4, 153.4, 153.4, 153.4, 153.1, 153.1, 153.6, 153.4, 153.6, 154.0, 153.4, 153.1, 153.4, 152.5, 152.5, 153.4, 153.4, 153.4, 153.4, 153.4, 152.8, 153.6, 152.8, 152.5, 152.8, 153.4, 153.4, 154.0, 154.0, 154.2, 153.0, 153.7, 153.1, 154.0, 154.8, 154.4, 154.0, 154.6, 154.2, 154.0, 154.0, 153.4, 154.4, 154.2, 154.6, 154.0, 154.6, 154.0, 154.8, 154.0, 152.9, 153.4, 154.6]"
12,"[159.8, 157.8, 157.6, 157.8, 156.6, 155.2, 155.2, 156.0, 156.4, 155.0, 155.4, 154.8, 154.2, 154.2, 154.2, 154.0, 153.4, 153.1, 154.2, 154.2, 154.6, 154.0, 154.8, 154.8, 154.0, 154.8, 154.8, 154.6, 154.8, 154.8, 154.8, 155.4, 155.6, 155.2, 155.6, 155.0, 154.8, 154.4, 154.8, 155.6, 154.8, 154.8, 155.0, 155.4, 155.3, 154.8, 155.8, 154.8, 155.6, 155.0, 155.6, 155.8, 155.8, 154.8, 155.3, 155.0, 155.0, 155.0, 155.6, 155.0, 154.8, 155.6, 156.4, 155.6, 155.6, 155.6, 155.4, 155.6, 155.6, 155.0, 154.8, 154.8, 155.0, 154.4, 154.8, 154.8, 154.2, 154.2, 154.2, 154.2, 154.2, 154.8, 154.2, 154.0, 154.2, 154.2, 154.4, 154.8, 155.0, 155.6, 154.2, 154.2, 153.6, 154.2, 153.6, 154.0, 154.2, 154.0, 154.2, 154.2, 154.0, 154.2, 153.4, 153.6, 153.4, 153.4, 154.0, 153.6, 154.8, 154.2, 154.2, 154.0, 154.8, 154.6, 155.4, 154.6, 154.2, 154.0, 154.8, 154.2, 154.0, 153.6, 154.2, 155.2, 154.2, 154.8, 154.2, 152.8, 154.2, 155.0, 155.0, 155.6, 155.4, 154.8, 154.8, 155.6, 155.4, 156.0, 156.0, 156.0, 157.4, 157.4, 158.0, 158.0, 157.2, 157.8, 158.8, 158.2, 159.5, 158.7, 158.8, 158.8, 158.8, 158.7, 158.7, 158.2, 158.2, 157.4, 158.2, 157.6, 157.4, 156.8, 156.6, 157.2, 157.4, 156.6, 158.0, 158.7, 159.3, 158.5, 157.0, 157.4, 156.8, 156.2, 156.2, 156.2, 155.8, 156.2, 155.6, 156.8, 156.8, 156.8, 156.8, 156.6, 156.0, 156.8, 157.4, 157.2, 158.0, 157.2, 158.0, 157.2, 157.4, 156.8, 156.8, 156.4, 155.6, 156.0, 155.6, 156.2, 155.8, 155.6, 156.2, 156.0, 156.2, 155.4, 156.2, 155.4, 156.8, 155.6, 155.4, 155.4, 155.4, 155.4, 155.4, 155.6, 155.4, 156.8, 157.4, 158.7, 158.5, 159.3, 159.7, 159.1, 158.0, 158.2, 157.4, 157.4, 157.4, 157.6, 156.8, 156.6, 156.4, 156.0, 155.4, 156.0, 155.6, 156.0, 156.0, 155.4, 156.2, 155.4, 155.0, 155.4, 155.4, 155.4, 156.2, 155.6, 155.6, 156.0, 155.4, 154.2, 155.4, 154.8, 154.8, 155.0, 155.4, 155.2, 156.2, 155.0, 154.8, 154.6, 154.0, 154.2, 154.6, 154.3, 154.6, 154.8, 154.8, 155.4, 154.8, 154.8, 155.4, 155.6, 154.8, 155.4, 155.4, 155.4, 154.8, 154.6, 154.6, 154.6, 155.4, 154.6, 155.4, 155.4, 154.8, 155.2, 154.0, 154.6, 155.6, 155.4, 155.4, 155.4, 154.8, 155.4, 156.0, 155.8, 154.6, 155.4, 155.4, 156.2, 156.2, 155.6, 155.2, 155.6, 154.8, 155.2, 155.4, 154.0, 155.4, 155.6, 156.2, 156.2, 156.4, 156.2, 156.6, 157.4, 158.7, 160.2, 160.5, 161.2, 161.3, 161.2, 161.2, 160.5, 160.7, 160.2, 160.2, 160.2, 160.2, 159.8, 159.6, 159.5, 159.2, 158.8, 159.2, 159.0, 159.0, 159.6, 158.8, 159.6, 158.8, 159.6, 159.5, 158.7, 158.7, 158.0, 157.6, 157.6, 157.8, 158.2, 159.0, 158.0, 158.2, 158.2, 157.8, 157.6, 157.4, 156.8, 158.0, 156.8, 157.6, 158.0, 158.0, 158.0, 157.0, 157.4, 157.4, 157.6, 157.6, 157.4, 158.0, 157.4, 158.2, 157.4, 157.4, 157.0, 156.6, 157.0, 158.0, 156.8, 157.4, 157.0, 157.4, 158.0, 158.0, 156.6, 156.6, 157.4, 157.2, 156.2, 156.2, 156.8, 157.0, 157.0, 156.2, 156.2, 156.0, 156.2, 156.2, 156.0, 156.6, 155.8, 157.0, 155.8, 156.2, 156.2, 156.2, 155.8, 155.4, 155.8, 155.4, 156.4, 155.4, 155.8, 155.8, 155.8, 155.4, 156.2, 155.6, 155.6, 155.0, 155.6, 154.8, 154.8, 154.8, 155.4, 154.6, 155.4, 154.0, 154.2, 154.3, 154.6, 154.6, 154.8, 155.4, 155.2, 154.2, 154.6, 154.0, 154.0, 153.7, 153.5, 153.7, 153.7, 153.1, 153.7, 153.1, 153.1, 152.3, 153.5, 152.3, 153.1, 153.1, 153.7, 152.9, 153.6, 152.9, 154.0, 154.0, 153.4, 153.4, 154.0, 153.1, 153.7, 153.4, 153.1, 152.5, 153.1, 152.9, 153.1, 152.9, 153.1, 152.5, 152.5, 154.0, 153.7, 153.1, 154.0, 153.1, 153.1, 153.4, 153.1, 153.1, 152.3, 152.5, 153.1, 153.7, 153.4, 153.7, 153.7, 153.7, 154.0, 154.0, 153.4, 153.4, 153.6, 154.2, 154.0, 153.6, 153.6, 154.0, 153.4, 153.1, 152.8, 153.4, 153.6, 153.4, 152.8, 154.0, 152.5, 154.2, 154.2, 153.1, 152.9, 153.1, 153.4, 153.6, 153.4, 152.9, 153.1, 153.1, 153.1, 152.5, 152.3, 152.9, 154.0, 154.0, 154.6, 154.6, 154.0, 154.0, 154.8, 154.6, 155.0, 155.6, 155.8, 156.4, 157.8, 157.6, 155.6, 156.2, 155.6, 154.8, 155.6, 155.0, 155.6, 154.8, 154.2, 154.8, 154.0, 155.6, 155.6, 156.4, 156.4, 156.4, 157.0, 157.0, 157.0, 157.0, 157.2, 155.8, 157.2, 157.0, 156.4, 156.4, 157.2, 157.2, 156.6, 157.2, 156.6, 157.2, 156.6, 157.2, 156.4, 156.4, 157.4, 156.6, 157.8, 156.4, 157.2, 157.2, 157.2, 157.0, 157.2, 157.0, 157.8, 157.2, 157.0, 157.8, 157.8, 157.8, 157.0, 157.0, 157.8, 157.0, 157.2, 157.8, 157.8]"
12,"[157.4, 155.8, 158.5, 157.0, 155.8, 156.0, 155.6, 155.6, 154.8, 155.6, 155.0, 155.0, 155.6, 155.0, 154.8, 155.6, 155.6, 155.0, 155.6, 155.0, 155.6, 154.2, 154.8, 154.2, 153.6, 154.0, 154.6, 153.6, 155.0, 155.0, 155.6, 154.2, 154.4, 154.8, 152.8, 154.2, 154.2, 154.8, 155.0, 155.0, 154.8, 154.8, 154.2, 154.2, 153.6, 154.0, 153.6, 154.2, 154.8, 154.2, 154.4, 153.1, 154.2, 154.2, 153.4, 153.6, 154.2, 153.6, 154.2, 154.2, 154.0, 154.2, 153.6, 154.0, 154.2, 154.2, 153.4, 153.0, 153.4, 153.4, 153.4, 154.2, 154.4, 154.2, 155.0, 154.2, 154.2, 155.0, 154.2, 154.4, 154.8, 154.2, 154.8, 154.2, 153.4, 155.0, 154.2, 155.0, 154.8, 154.2, 155.0, 154.8, 153.4, 154.2, 153.4, 154.2, 154.2, 154.8, 153.6, 154.2, 154.4, 153.6, 153.6, 154.2, 154.2, 153.6, 153.6, 153.6, 154.2, 153.6, 153.4, 154.2, 153.4, 153.6, 153.4, 153.6, 153.6, 152.8, 154.2, 154.2, 154.2, 154.0, 153.4, 153.4, 153.6, 153.0, 154.0, 152.8, 153.4, 152.8, 152.8, 153.6, 154.0, 152.5, 152.5, 152.8, 154.0, 153.4, 153.4, 154.2, 154.0, 155.4, 155.4, 156.8, 156.6, 157.6, 157.4, 156.6, 157.4, 158.0, 157.6, 158.0, 158.7, 158.7, 159.3, 158.8, 159.8, 159.6, 160.2, 159.6, 159.0, 159.6, 159.6, 159.0, 158.2, 157.6, 156.4, 156.8, 157.0, 156.0, 156.8, 156.2, 156.2, 156.6, 156.0, 156.2, 157.0, 156.8, 156.2, 157.0, 156.2, 157.0, 158.0, 158.2, 159.5, 159.6, 160.1, 158.8, 157.4, 157.6, 157.4, 156.8, 156.4, 156.8, 157.0, 157.6, 157.0, 157.0, 156.8, 157.8, 156.8, 157.0, 156.0, 156.8, 155.6, 156.2, 156.2, 156.8, 156.2, 155.6, 156.2, 156.2, 156.8, 156.2, 156.2, 156.2, 155.4, 155.6, 156.0, 155.6, 156.2, 155.4, 155.8, 156.2, 155.6, 155.4, 155.6, 156.2, 156.0, 156.2, 156.0, 155.6, 155.6, 156.0, 155.6, 155.6, 155.6, 157.0, 157.4, 158.8, 159.3, 159.0, 158.8, 159.6, 158.8, 158.2, 157.6, 157.4, 157.0, 156.8, 156.8, 156.8, 157.6, 157.0, 156.6, 156.8, 156.0, 157.0, 156.8, 156.0, 156.8, 156.4, 156.8, 156.8, 156.2, 156.6, 156.2, 156.2, 156.2, 155.6, 156.8, 156.0, 156.2, 156.8, 156.8, 156.8, 156.8, 156.2, 156.8, 156.2, 156.2, 156.2, 156.2, 156.2, 156.2, 156.8, 157.6, 156.2, 157.6, 156.0, 156.2, 156.8, 156.8, 156.2, 156.4, 156.2, 156.8, 156.2, 157.0, 156.8, 156.8, 157.0, 157.0, 157.0, 157.0, 156.8, 157.0, 156.2, 156.8, 156.2, 156.8, 156.8, 156.4, 156.2, 157.0, 157.0, 157.6, 158.8, 159.5, 159.5, 160.9, 160.9, 161.0, 160.9, 160.4, 160.9, 160.4, 159.8, 160.2, 159.6, 160.1, 159.6, 159.6, 159.6, 159.6, 159.5, 159.8, 160.0, 159.0, 158.8, 160.2, 159.6, 159.6, 159.0, 159.2, 159.6, 159.0, 159.6, 159.6, 159.8, 159.0, 160.2, 159.6, 158.4, 159.0, 159.0, 159.0, 159.6, 159.0, 159.6, 159.0, 159.6, 159.0, 158.8, 159.6, 158.8, 158.4, 158.4, 158.4, 158.2, 159.0, 159.2, 159.0, 158.2, 158.8, 160.2, 159.6, 159.0, 159.6, 159.6, 158.2, 158.8, 159.6, 159.5, 159.6, 158.2, 157.8, 158.2, 157.8, 157.8, 158.2, 158.2, 157.6, 157.0, 156.8, 157.0, 157.0, 157.8, 156.4, 156.8, 156.8, 156.2, 157.0, 156.2, 156.4, 156.0, 157.6, 156.8, 157.0, 156.2, 156.4, 156.2, 156.4, 156.2, 156.4, 157.2, 156.8, 157.0, 157.8, 157.6, 157.8, 157.8, 157.8, 157.6, 157.0, 157.2, 156.4, 158.4, 157.2, 157.8, 157.8, 157.2, 157.0, 157.0, 156.4, 156.4, 157.0, 157.0, 157.0, 156.8, 156.2, 156.4, 155.8, 156.2, 156.2, 157.0, 156.2, 156.4, 155.6, 156.2, 155.8, 156.8, 156.4, 156.0, 155.8, 155.4, 155.2, 154.8, 153.7, 153.1, 154.0, 153.1, 153.7, 154.0, 154.0, 154.0, 154.0, 154.2, 154.2, 153.1, 154.0, 153.1, 152.8, 153.1, 152.8, 153.1, 153.1, 152.3, 152.9, 153.4, 153.1, 153.4, 154.0, 154.2, 154.0, 154.2, 154.2, 154.8, 154.2, 153.4, 153.6, 154.2, 152.8, 153.4, 153.4, 153.4, 153.1, 154.0, 154.2, 154.2, 154.8, 153.6, 153.4, 154.2, 154.8, 154.6, 154.0, 154.8, 155.4, 154.2, 154.0, 154.2, 154.2, 154.0, 153.4, 154.2, 155.2, 154.2, 154.2, 154.0, 155.2, 154.0, 154.2, 154.8, 154.2, 153.6, 155.0, 153.4, 154.0, 153.4, 154.8, 154.0, 154.8, 154.8, 153.9, 155.0, 154.8, 154.8, 155.6, 154.8, 154.8, 155.4, 155.0, 154.8, 156.2, 155.0, 155.6, 155.6, 156.2, 155.6, 154.8, 155.6, 156.4, 155.6, 156.4, 155.8, 156.6, 156.2, 157.2, 157.8, 157.0, 157.2, 157.2, 156.0, 156.6, 155.6, 156.6, 157.2, 155.8, 156.4, 157.4, 156.6, 156.6, 156.4, 156.2, 157.0, 156.6, 158.6, 160.2, 161.6, 161.8, 161.0, 161.3, 159.8, 159.8, 159.2, 159.0, 159.4, 158.4, 158.4, 158.4, 158.4, 157.8, 157.8, 157.8, 157.8, 157.8, 158.6, 158.0, 158.4]"
12,"[159.8, 157.4, 157.0, 157.8, 155.8, 156.0, 155.4, 156.8, 155.8, 155.4, 155.6, 155.0, 154.4, 155.6, 155.0, 155.0, 155.3, 156.4, 155.0, 154.4, 154.2, 154.8, 154.2, 155.0, 155.0, 154.2, 155.8, 155.6, 155.4, 155.8, 155.3, 155.0, 154.8, 154.4, 154.2, 155.8, 153.9, 154.8, 155.6, 155.6, 155.6, 155.8, 154.8, 155.4, 155.4, 155.0, 155.6, 154.8, 155.3, 155.0, 155.0, 155.0, 155.0, 155.4, 155.0, 154.8, 155.4, 155.0, 155.0, 154.2, 155.0, 154.4, 155.0, 154.2, 155.6, 154.8, 155.0, 156.4, 155.0, 155.0, 155.8, 155.6, 155.6, 154.8, 155.0, 154.8, 155.0, 155.6, 156.4, 154.8, 155.6, 156.4, 155.8, 155.6, 155.6, 155.4, 155.6, 155.0, 154.8, 155.4, 154.2, 155.3, 155.6, 154.2, 155.6, 155.6, 155.8, 154.8, 154.8, 155.0, 155.8, 154.4, 155.0, 156.4, 154.2, 154.8, 155.0, 154.2, 154.4, 155.0, 155.0, 155.6, 154.8, 154.8, 154.4, 155.0, 154.8, 155.0, 155.0, 155.6, 155.0, 155.6, 155.6, 155.6, 154.8, 155.3, 154.4, 154.4, 154.4, 155.0, 154.8, 154.8, 154.2, 154.8, 155.0, 155.0, 154.8, 154.8, 154.8, 155.0, 155.4, 155.0, 154.8, 154.8, 154.8, 155.6, 155.6, 155.0, 155.4, 156.2, 156.0, 155.6, 155.6, 156.2, 155.6, 155.6, 156.2, 157.0, 155.4, 154.8, 155.0, 154.8, 156.0, 155.4, 156.2, 157.6, 157.4, 158.0, 158.0, 157.0, 157.0, 157.0, 157.6, 156.4, 157.0, 156.4, 157.0, 156.2, 157.6, 157.6, 156.2, 156.8, 156.8, 156.4, 156.2, 155.6, 156.6, 156.2, 157.0, 156.2, 156.2, 156.4, 157.0, 156.4, 156.0, 156.2, 155.6, 155.6, 155.4, 156.4, 156.4, 156.2, 156.2, 156.4, 156.2, 156.4, 156.8, 156.2, 155.6, 156.2, 156.8, 156.8, 157.6, 158.2, 159.8, 160.1, 160.7, 160.9, 160.4, 161.6, 161.0, 161.0, 160.2, 160.2, 159.0, 159.0, 159.0, 159.6, 159.6, 159.0, 158.4, 158.4, 158.6, 158.4, 159.0, 158.8, 159.0, 159.0, 159.8, 158.8, 158.4, 158.4, 157.8, 158.8, 159.2, 158.4, 157.8, 158.4, 157.8, 157.6, 157.8, 157.6, 157.8, 157.0, 158.4, 157.2, 157.6, 157.0, 157.4, 157.6, 157.6, 157.2, 159.2, 158.4, 158.4, 158.2, 158.2, 158.4, 157.8, 157.8, 157.6, 158.4, 159.2, 158.4, 157.6, 158.6, 158.4, 158.4, 159.0, 157.6, 158.4, 158.6, 158.2, 159.0, 157.6, 158.2, 158.4, 158.4, 158.4, 159.0, 159.0, 158.4, 158.4, 157.8, 158.4, 158.6, 159.0, 159.2, 159.2, 159.2, 159.0, 159.8, 159.2, 160.2, 159.6, 161.0, 162.1, 162.6, 163.8, 163.1, 163.2, 163.3, 162.6, 162.1, 163.0, 162.1, 161.6, 162.2, 162.9, 161.6, 161.6, 162.2, 162.2, 161.6, 162.4, 162.2, 161.8, 160.9, 161.2, 161.6, 161.8, 161.6, 161.0, 162.4, 161.6, 161.6, 161.6, 161.6, 161.0, 161.0, 161.0, 161.8, 161.6, 161.6, 161.0, 161.8, 161.8, 162.4, 161.8, 161.8, 160.9, 161.8, 161.6, 162.2, 162.4, 163.6, 163.0, 162.4, 161.6, 162.2, 160.9, 161.6, 161.8, 161.6, 160.9, 160.2, 159.8, 159.8, 159.2, 160.4, 160.4, 159.6, 159.8, 159.8, 160.4, 161.0, 161.5, 161.0, 161.0, 160.4, 161.0, 161.0, 161.8, 161.6, 161.6, 161.0, 162.4, 161.9, 161.6, 162.2, 162.2, 161.6, 161.2, 160.9, 160.2, 160.2, 159.6, 160.2, 160.4, 159.8, 158.4, 159.2, 159.6, 159.6, 159.6, 159.8, 158.2, 159.0, 159.0, 159.2, 159.0, 159.2, 158.4, 157.8, 158.2, 156.4, 156.8, 157.0, 156.2, 156.2, 156.2, 156.2, 156.2, 156.4, 156.2, 157.0, 157.0, 156.4, 156.8, 157.6, 156.8, 157.0, 157.0, 158.2, 157.8, 157.0, 156.4, 156.4, 156.2, 156.4, 157.0, 156.2, 157.0, 157.2, 155.6, 156.6, 156.4, 156.2, 154.8, 155.0, 155.0, 154.8, 155.6, 155.8, 155.6, 154.8, 155.6, 155.4, 155.8, 155.6, 155.0, 155.6, 156.2, 155.4, 155.6, 154.8, 155.4, 154.8, 154.2, 156.0, 154.8, 155.4, 154.2, 154.8, 155.2, 154.6, 154.8, 155.4, 155.4, 154.8, 154.2, 154.2, 154.8, 154.8, 154.6, 155.2, 154.8, 154.8, 155.4, 155.4, 154.8, 154.2, 155.4, 155.0, 155.6, 155.6, 155.8, 155.8, 154.6, 155.4, 155.6, 155.0, 155.4, 155.4, 154.8, 154.8, 154.8, 154.4, 154.8, 155.0, 154.8, 154.8, 154.6, 154.2, 154.2, 154.0, 154.8, 154.8, 154.6, 154.8, 154.8, 154.2, 155.2, 154.8, 155.4, 154.2, 155.6, 155.6, 155.4, 154.8, 154.8, 156.4, 157.0, 158.4, 157.6, 157.0, 157.0, 157.2, 157.0, 156.8, 157.0, 157.0, 157.6, 157.0, 157.0, 157.0, 156.4, 157.0, 157.0, 157.0, 157.2, 157.0, 157.6, 157.0, 157.6, 158.6, 157.0, 157.8, 157.8, 157.8, 158.0, 157.2, 157.8, 157.2, 157.2, 157.6, 157.2, 156.4, 156.8, 157.6, 157.0, 157.0, 157.0, 156.4, 157.0, 157.2, 157.6, 157.0, 157.0, 157.0, 157.8, 157.6, 157.8, 158.4, 157.8, 157.8, 157.8, 157.8, 158.0, 157.0, 157.8, 158.4, 157.4, 158.6, 158.6, 157.6, 157.8, 157.8, 158.4, 158.6]"
12,"[157.4, 157.6, 156.4, 157.0, 156.6, 156.0, 154.8, 154.8, 155.6, 155.4, 155.6, 155.4, 154.4, 154.2, 155.4, 154.8, 155.0, 154.2, 154.4, 155.6, 155.6, 154.2, 154.8, 155.0, 154.8, 155.0, 155.0, 155.0, 155.4, 154.8, 154.4, 155.0, 155.0, 155.6, 155.0, 155.6, 155.6, 155.0, 155.0, 155.0, 154.4, 154.2, 154.2, 153.4, 154.2, 154.8, 154.8, 154.8, 155.0, 154.8, 154.2, 154.2, 154.4, 154.2, 154.8, 154.4, 154.8, 154.8, 154.8, 155.6, 155.0, 155.6, 155.6, 155.6, 154.8, 155.4, 155.4, 154.8, 154.2, 155.6, 155.0, 154.2, 155.0, 153.4, 153.7, 154.2, 154.2, 154.2, 155.6, 154.8, 154.8, 155.0, 153.6, 155.0, 155.0, 155.6, 154.4, 154.8, 155.0, 154.8, 155.0, 155.0, 154.2, 154.6, 154.2, 154.8, 154.8, 154.4, 155.0, 155.0, 155.4, 154.8, 155.0, 154.2, 154.2, 154.2, 155.8, 154.4, 155.0, 153.9, 153.9, 154.8, 154.0, 155.4, 155.0, 155.4, 155.6, 155.0, 155.6, 153.6, 154.8, 155.0, 156.0, 154.4, 154.2, 154.0, 155.0, 155.6, 156.6, 158.0, 157.0, 155.8, 155.8, 156.4, 157.8, 157.6, 157.6, 157.0, 157.8, 157.2, 156.6, 156.4, 156.4, 156.4, 157.0, 157.8, 157.2, 157.0, 157.6, 157.0, 157.8, 158.4, 157.6, 158.2, 157.0, 157.0, 157.2, 157.6, 157.8, 158.4, 157.8, 157.6, 157.8, 157.0, 157.6, 157.0, 157.0, 157.6, 157.6, 157.0, 157.6, 157.0, 157.8, 157.8, 157.2, 158.4, 157.6, 157.0, 156.4, 156.4, 156.4, 157.6, 157.0, 156.2, 156.4, 155.8, 157.0, 158.4, 159.5, 160.2, 161.0, 160.9, 160.9, 159.5, 160.4, 160.4, 160.4, 160.4, 160.9, 160.4, 161.2, 161.0, 160.4, 161.0, 160.9, 161.5, 160.9, 160.9, 161.0, 160.9, 161.0, 161.0, 161.2, 161.0, 160.6, 161.8, 160.4, 159.6, 160.2, 159.8, 159.6, 159.6, 159.2, 159.2, 159.2, 159.0, 159.2, 158.8, 158.4, 158.4, 158.6, 158.2, 158.8, 158.4, 158.2, 157.8, 157.6, 158.0, 157.6, 157.4, 158.4, 159.0, 159.6, 160.7, 162.6, 163.7, 163.8, 162.6, 162.6, 161.9, 161.9, 161.8, 161.9, 161.5, 161.5, 160.9, 161.5, 161.5, 159.8, 159.5, 158.7, 159.0, 159.8, 160.2, 159.6, 158.8, 158.8, 159.0, 159.0, 158.8, 158.8, 159.6, 159.3, 159.9, 161.8, 160.9, 161.6, 160.9, 160.2, 160.6, 159.8, 159.8, 159.2, 159.2, 159.8, 159.8, 159.0, 158.6, 158.4, 157.8, 157.6, 157.6, 158.6, 157.6, 157.8, 157.6, 157.6, 157.6, 158.2, 157.0, 157.0, 157.8, 157.0, 157.0, 157.2, 157.0, 157.0, 157.0, 157.0, 157.0, 156.4, 156.8, 156.4, 156.2, 155.6, 157.0, 157.0, 155.6, 155.6, 156.8, 157.0, 157.4, 158.4, 158.2, 159.3, 160.1, 159.5, 159.9, 160.2, 160.2, 159.9, 159.5, 160.1, 159.9, 160.1, 160.1, 160.1, 160.2, 160.4, 159.6, 159.6, 159.6, 159.6, 159.6, 159.0, 159.0, 157.8, 158.4, 159.0, 159.6, 159.0, 159.0, 158.4, 159.0, 158.6, 158.8, 157.6, 158.4, 157.6, 157.6, 157.8, 157.4, 157.6, 158.0, 157.8, 157.8, 157.6, 157.6, 157.6, 158.2, 157.2, 157.2, 157.0, 157.0, 156.4, 157.2, 157.0, 157.0, 157.0, 157.0, 157.6, 157.6, 157.0, 157.6, 157.0, 157.0, 157.0, 156.6, 157.8, 157.0, 157.8, 157.6, 157.2, 157.8, 157.2, 157.0, 156.4, 156.4, 157.0, 156.4, 157.0, 157.0, 157.0, 157.0, 157.6, 156.4, 156.4, 157.0, 157.0, 156.8, 157.0, 157.0, 157.6, 158.2, 157.4, 157.8, 157.8, 157.8, 157.6, 158.4, 157.0, 157.0, 156.4, 157.0, 156.4, 157.2, 157.6, 157.0, 157.0, 156.8, 158.4, 158.8, 158.8, 159.0, 158.4, 159.0, 158.4, 159.0, 157.0, 158.4, 157.4, 157.0, 157.8, 157.8, 157.6, 157.6, 157.6, 156.8, 157.6, 157.8, 157.6, 157.6, 157.6, 158.2, 158.2, 158.4, 157.6, 158.4, 159.6, 160.4, 159.8, 158.8, 158.2, 159.0, 158.4, 158.2, 159.8, 161.0, 161.2, 161.0, 160.2, 161.6, 160.4, 160.9, 160.9, 161.0, 161.6, 161.5, 161.6, 161.0, 161.6, 161.6, 162.7, 163.3, 163.2, 163.3, 163.2, 164.0, 163.3, 163.3, 163.3, 163.3, 164.2, 163.3, 164.8, 163.5, 160.9, 161.6, 161.0, 160.9, 160.1, 160.2, 160.4, 160.9, 160.9, 161.2, 161.8, 161.6, 162.4, 161.6, 161.0, 161.8, 161.6, 161.6, 162.2, 162.2, 161.0, 161.6, 161.2, 162.2, 161.5, 161.8, 161.6, 161.6, 162.2, 162.1, 161.6, 162.2, 161.6, 161.6, 161.6, 161.6, 161.6, 161.8, 162.2, 161.6, 161.6, 161.8, 161.6, 161.2, 161.8, 161.6, 161.6, 161.6, 161.6, 161.6, 161.6, 161.8, 161.6, 161.0, 161.6, 161.6, 161.8, 161.8, 161.6, 161.2, 161.8, 161.0, 161.8, 161.0, 161.0, 161.8, 161.2, 161.2, 161.6, 161.8, 161.2, 161.0, 161.8, 161.6, 161.2, 161.0, 162.2, 161.6, 161.5, 162.1, 162.2, 161.5, 162.2, 162.1, 162.7, 162.7, 162.1, 162.7, 163.3, 162.9, 162.2, 162.1, 162.9, 162.2, 162.2, 162.2, 162.2, 162.1, 162.1, 162.1, 162.2, 162.2, 161.6, 161.2]"
12,"[160.2, 159.3, 158.7, 158.0, 157.4, 156.8, 157.0, 156.4, 157.2, 157.0, 157.2, 156.6, 156.4, 157.2, 156.4, 155.8, 156.4, 157.0, 156.0, 156.4, 157.0, 157.0, 156.4, 156.0, 155.8, 157.2, 156.4, 156.4, 156.4, 157.4, 156.6, 156.6, 155.8, 156.4, 157.2, 156.4, 156.6, 156.4, 156.6, 157.0, 155.6, 155.8, 157.8, 156.4, 157.0, 156.0, 157.2, 157.0, 156.4, 157.2, 156.4, 157.0, 157.2, 156.6, 157.2, 156.4, 156.6, 156.6, 156.6, 156.6, 156.6, 157.0, 156.4, 156.6, 157.2, 157.0, 157.8, 157.2, 157.0, 157.2, 156.6, 156.6, 156.4, 157.0, 157.0, 156.4, 157.2, 157.2, 157.2, 157.8, 158.0, 157.0, 157.2, 157.2, 157.2, 157.0, 157.8, 157.8, 157.2, 157.0, 157.2, 156.4, 157.2, 157.8, 157.0, 156.4, 157.0, 157.0, 157.2, 157.0, 157.6, 156.4, 157.0, 157.2, 157.0, 156.4, 157.2, 157.2, 157.6, 157.8, 157.8, 158.4, 157.6, 157.8, 157.2, 157.0, 157.6, 157.8, 157.8, 157.8, 157.0, 157.8, 157.8, 157.8, 158.4, 158.4, 157.8, 157.2, 158.4, 159.0, 159.8, 158.4, 159.0, 158.4, 158.4, 159.0, 158.8, 159.2, 159.2, 158.6, 158.6, 159.4, 158.0, 158.6, 157.6, 157.8, 157.8, 157.8, 158.6, 159.0, 159.2, 158.4, 159.2, 159.5, 160.2, 161.5, 162.1, 161.6, 160.9, 161.6, 161.0, 161.6, 161.6, 161.6, 161.0, 162.1, 161.6, 161.5, 162.1, 162.2, 161.2, 160.4, 160.4, 160.6, 160.2, 159.0, 160.0, 160.4, 159.2, 159.8, 159.8, 159.8, 160.0, 159.8, 159.0, 159.6, 158.8, 159.0, 161.0, 162.7, 163.8, 164.5, 164.5, 164.6, 164.0, 164.0, 163.5, 163.0, 163.0, 162.4, 161.6, 161.0, 161.0, 161.6, 161.0, 161.0, 160.4, 160.6, 161.6, 161.6, 162.6, 162.6, 163.7, 163.3, 163.5, 162.9, 162.4, 162.2, 162.4, 163.0, 162.4, 163.0, 162.4, 162.4, 162.4, 162.2, 162.4, 161.6, 160.9, 160.4, 161.0, 160.4, 160.7, 161.0, 160.4, 161.0, 161.0, 161.0, 161.0, 160.0, 161.2, 160.9, 160.4, 160.4, 160.9, 160.6, 159.8, 160.6, 161.2, 161.0, 160.4, 160.2, 161.0, 159.8, 159.8, 160.6, 160.4, 159.8, 161.0, 161.0, 160.4, 160.4, 160.4, 159.6, 160.4, 159.0, 160.2, 160.4, 159.8, 160.4, 159.6, 159.8, 160.4, 161.0, 161.2, 160.4, 160.2, 161.0, 160.2, 160.4, 159.8, 160.4, 159.8, 159.2, 160.9, 161.0, 160.9, 161.8, 162.9, 164.7, 164.6, 165.2, 165.4, 164.0, 164.1, 164.2, 163.5, 164.1, 164.7, 165.0, 165.6, 165.0, 164.8, 164.8, 164.1, 165.0, 165.0, 165.5, 164.2, 164.8, 164.1, 163.6, 163.1, 163.0, 163.6, 163.6, 163.0, 163.6, 163.6, 163.6, 164.2, 164.4, 164.8, 164.8, 163.5, 163.7, 163.0, 164.2, 163.0, 163.6, 163.6, 164.2, 163.6, 164.2, 164.4, 163.0, 163.6, 163.6, 163.0, 163.6, 163.0, 163.6, 163.7, 163.0, 162.9, 163.0, 162.9, 163.6, 163.0, 163.6, 163.6, 163.6, 163.6, 163.7, 163.0, 163.0, 163.6, 164.1, 163.6, 163.6, 163.0, 163.0, 163.6, 163.6, 163.6, 163.6, 163.0, 163.1, 162.4, 163.0, 162.2, 162.4, 162.2, 161.8, 161.9, 162.5, 162.4, 163.6, 164.4, 163.1, 163.0, 163.1, 162.2, 163.0, 163.6, 163.0, 163.6, 163.0, 163.0, 163.6, 163.7, 163.6, 163.0, 163.7, 162.5, 162.4, 163.0, 163.1, 163.0, 163.0, 163.0, 162.4, 162.4, 162.4, 163.0, 162.4, 162.4, 163.0, 161.8, 161.8, 162.4, 162.5, 161.6, 161.9, 161.8, 161.6, 162.4, 162.5, 163.0, 162.4, 162.4, 163.0, 161.8, 162.2, 161.8, 162.4, 162.4, 162.4, 162.2, 161.8, 162.2, 161.8, 161.8, 161.2, 160.6, 161.2, 160.6, 159.8, 161.2, 160.0, 160.4, 160.4, 161.2, 160.4, 160.4, 160.6, 161.8, 161.0, 161.2, 161.2, 161.2, 161.8, 161.0, 161.0, 161.0, 161.6, 160.4, 161.0, 160.4, 160.4, 160.4, 160.4, 160.4, 160.6, 160.6, 160.4, 161.2, 161.2, 160.6, 161.2, 161.2, 161.2, 160.6, 160.6, 160.4, 160.4, 160.4, 160.6, 160.4, 160.4, 160.6, 159.8, 160.4, 160.0, 160.0, 160.4, 160.0, 160.0, 159.2, 160.4, 160.0, 159.8, 159.2, 160.4, 159.2, 159.8, 159.4, 159.8, 159.8, 159.4, 159.4, 160.0, 160.0, 160.0, 159.8, 159.8, 160.0, 159.8, 160.6, 160.7, 160.7, 160.6, 160.0, 161.0, 160.0, 161.2, 161.2, 161.2, 161.2, 160.6, 160.4, 160.0, 160.6, 160.4, 161.8, 161.2, 162.2, 163.6, 162.1, 162.7, 162.9, 164.2, 164.7, 164.1, 164.7, 165.4, 165.2, 165.4, 166.5, 166.0, 165.2, 166.0, 165.4, 165.4, 164.6, 165.9, 165.4, 166.0, 165.2, 165.5, 166.1, 166.8, 165.5, 165.4, 165.2, 165.5, 166.0, 166.6, 165.6, 166.8, 166.2, 165.0, 165.7, 165.7, 164.4, 164.4, 164.4, 164.4, 163.6, 163.0, 162.5, 163.0, 163.0, 163.9, 163.6, 163.6, 163.6, 163.7, 163.7, 164.2, 164.2, 163.7, 164.4, 165.1, 163.7, 163.7, 164.4, 165.1, 165.1, 164.4, 165.0, 165.1, 164.4, 164.4, 164.5, 164.4, 165.0, 164.5, 165.0, 165.0]"
12,"[158.0, 157.2, 158.0, 157.0, 157.4, 156.0, 155.4, 156.2, 155.6, 156.2, 155.0, 155.6, 155.6, 155.8, 155.0, 155.6, 156.2, 155.6, 154.4, 155.0, 155.6, 155.8, 155.0, 155.6, 155.6, 154.4, 155.0, 155.3, 155.6, 155.8, 155.6, 155.6, 155.8, 155.6, 155.8, 155.0, 155.8, 155.3, 155.6, 155.8, 155.0, 155.0, 155.3, 155.0, 154.4, 155.0, 155.6, 155.0, 155.6, 156.2, 155.0, 154.8, 155.8, 154.7, 154.4, 154.2, 155.0, 154.8, 154.4, 155.6, 155.8, 154.8, 155.8, 155.6, 155.8, 156.4, 155.8, 156.4, 155.8, 155.8, 155.6, 156.2, 156.4, 156.4, 156.4, 155.8, 155.8, 156.4, 155.0, 155.6, 156.4, 155.8, 156.4, 156.2, 155.8, 155.6, 156.2, 156.4, 155.8, 155.8, 155.6, 155.8, 156.4, 156.4, 155.8, 155.0, 155.6, 155.0, 155.8, 155.0, 155.6, 155.8, 156.2, 155.6, 155.0, 155.8, 155.8, 156.4, 155.6, 155.6, 156.4, 156.4, 155.8, 155.3, 155.8, 155.6, 154.4, 155.8, 155.8, 155.3, 155.3, 155.6, 155.8, 155.8, 155.6, 155.0, 153.6, 154.4, 154.0, 153.6, 153.6, 154.2, 154.4, 155.8, 155.6, 155.3, 155.0, 154.2, 155.0, 155.6, 156.2, 155.6, 155.0, 155.6, 155.0, 156.0, 157.0, 157.2, 157.8, 158.4, 158.4, 158.4, 159.0, 159.2, 160.4, 160.4, 161.0, 160.6, 160.4, 159.2, 159.2, 159.4, 159.2, 159.2, 159.2, 158.6, 159.2, 158.4, 158.4, 159.0, 159.8, 160.4, 161.5, 162.1, 161.5, 161.6, 161.0, 160.4, 161.2, 161.8, 161.8, 162.4, 162.2, 161.0, 161.2, 160.6, 159.4, 160.4, 159.8, 159.2, 161.0, 160.0, 159.6, 160.0, 160.6, 159.8, 159.8, 159.8, 159.8, 159.8, 159.2, 160.6, 159.2, 159.8, 159.2, 160.0, 160.0, 159.8, 159.6, 160.4, 159.8, 159.2, 159.8, 159.2, 160.0, 159.8, 160.4, 159.2, 159.2, 159.8, 159.4, 159.8, 159.0, 159.8, 159.8, 159.8, 159.8, 159.8, 159.8, 160.4, 162.4, 163.5, 164.6, 164.7, 164.0, 163.3, 162.7, 162.7, 163.3, 163.3, 162.7, 162.9, 163.5, 164.4, 164.1, 164.0, 162.9, 162.2, 162.4, 161.8, 161.6, 163.0, 163.1, 163.1, 161.8, 161.0, 161.9, 162.4, 162.4, 162.2, 162.2, 162.4, 162.4, 162.5, 162.4, 161.8, 161.6, 161.0, 161.0, 162.4, 161.2, 161.0, 161.0, 161.9, 160.4, 160.4, 160.4, 160.4, 160.4, 160.4, 160.4, 159.8, 160.4, 159.8, 159.8, 160.4, 159.2, 159.8, 160.1, 159.8, 160.4, 161.2, 160.4, 161.6, 161.2, 161.0, 161.8, 161.3, 161.0, 161.2, 161.0, 161.2, 160.4, 161.0, 160.4, 161.0, 161.2, 161.0, 161.3, 162.4, 161.8, 162.4, 163.5, 165.4, 165.4, 165.1, 166.0, 165.9, 165.1, 163.8, 164.0, 163.8, 164.7, 164.1, 164.7, 164.0, 164.1, 163.5, 162.4, 163.0, 163.0, 163.0, 162.9, 162.9, 163.0, 161.6, 161.2, 160.6, 161.0, 160.4, 159.8, 160.4, 161.2, 160.6, 160.4, 160.6, 160.4, 160.4, 160.4, 161.2, 159.8, 161.0, 161.0, 160.4, 160.4, 160.4, 160.4, 161.0, 161.5, 161.2, 161.0, 161.2, 162.9, 163.3, 164.4, 164.6, 164.5, 163.7, 165.1, 164.6, 165.4, 164.7, 164.1, 164.1, 163.3, 163.3, 164.1, 164.7, 164.7, 164.6, 164.7, 164.7, 164.7, 164.8, 165.5, 165.5, 164.8, 163.5, 163.0, 163.1, 163.6, 163.6, 164.2, 163.6, 163.0, 163.0, 163.6, 164.1, 164.2, 164.2, 163.6, 163.6, 164.2, 163.6, 163.6, 163.0, 162.9, 162.9, 162.9, 164.2, 164.2, 164.8, 164.4, 164.8, 165.5, 165.6, 165.5, 164.8, 164.2, 163.6, 163.0, 162.2, 163.0, 162.2, 163.0, 162.2, 161.8, 163.5, 163.0, 163.6, 163.6, 164.1, 164.1, 162.9, 163.5, 162.7, 162.9, 163.0, 162.2, 162.2, 162.2, 161.6, 162.2, 162.2, 163.0, 162.2, 163.0, 162.9, 162.9, 163.0, 162.9, 162.9, 163.0, 162.4, 161.8, 162.4, 161.6, 161.6, 162.2, 162.4, 161.6, 162.9, 162.2, 162.2, 162.4, 161.8, 162.4, 162.2, 162.2, 162.2, 161.6, 161.8, 162.4, 161.6, 161.8, 161.8, 161.6, 161.8, 161.8, 161.8, 161.8, 161.8, 162.2, 161.6, 162.2, 162.2, 161.6, 161.8, 161.6, 161.6, 161.6, 161.6, 161.8, 161.8, 161.8, 161.6, 161.2, 161.8, 161.8, 161.6, 161.0, 161.0, 161.0, 161.2, 162.4, 161.8, 161.6, 161.2, 161.6, 162.2, 162.4, 162.4, 163.0, 162.4, 162.5, 161.6, 161.8, 161.8, 162.4, 161.6, 161.8, 162.4, 162.4, 162.4, 162.4, 162.4, 162.2, 163.0, 161.8, 161.8, 162.2, 162.4, 162.4, 162.4, 161.9, 161.6, 161.6, 161.6, 161.2, 161.0, 161.8, 161.6, 161.9, 161.8, 161.8, 161.8, 161.8, 161.8, 161.8, 162.5, 162.4, 161.9, 161.6, 161.6, 162.4, 161.8, 161.8, 162.5, 162.4, 161.9, 161.0, 162.4, 162.2, 161.8, 161.2, 161.8, 161.6, 162.4, 161.9, 161.9, 161.8, 161.8, 161.8, 161.8, 161.6, 161.6, 162.4, 162.4, 162.4, 161.9, 163.0, 162.4, 162.5, 162.4, 161.6, 162.4, 162.5, 161.9, 161.8, 161.8, 163.1, 161.6, 161.8, 162.4, 161.8, 161.8, 162.4, 161.8, 161.3, 161.8]"
12,"[158.0, 157.8, 157.6, 157.2, 156.0, 156.8, 156.4, 155.0, 156.2, 155.6, 155.0, 156.2, 155.0, 155.6, 154.8, 155.0, 154.4, 155.6, 155.6, 155.6, 154.8, 155.0, 155.6, 156.2, 155.0, 155.0, 154.4, 155.0, 154.8, 155.0, 155.0, 155.0, 155.6, 154.4, 155.0, 155.0, 155.0, 155.6, 155.6, 155.6, 155.6, 155.0, 155.6, 154.8, 155.0, 154.4, 154.6, 154.8, 155.6, 154.8, 154.4, 155.0, 155.6, 154.2, 155.6, 153.6, 155.6, 154.8, 155.6, 154.4, 154.8, 154.8, 154.4, 154.0, 155.6, 155.4, 154.4, 155.0, 154.4, 154.8, 155.3, 155.8, 155.6, 155.0, 155.6, 154.8, 154.8, 154.4, 154.4, 154.4, 155.0, 154.8, 154.4, 155.0, 155.8, 155.0, 156.2, 156.2, 155.0, 155.0, 155.3, 155.0, 154.2, 154.4, 155.0, 155.0, 155.0, 155.0, 154.4, 154.2, 155.6, 154.2, 154.4, 155.6, 154.4, 154.2, 154.8, 155.0, 155.0, 154.8, 153.9, 154.6, 153.4, 154.4, 155.0, 155.0, 154.2, 154.8, 155.0, 154.4, 155.8, 154.8, 155.3, 155.0, 154.4, 154.2, 155.0, 155.8, 157.0, 156.4, 156.2, 155.0, 155.6, 155.6, 156.8, 156.2, 156.2, 156.4, 156.8, 156.4, 156.4, 156.4, 157.0, 156.8, 157.0, 157.2, 156.4, 156.2, 157.6, 157.0, 157.0, 157.6, 157.0, 157.8, 157.8, 159.2, 158.4, 158.4, 158.4, 160.0, 160.7, 161.2, 163.0, 163.6, 164.4, 164.8, 164.8, 164.4, 164.2, 163.7, 163.0, 162.4, 163.0, 163.7, 163.1, 163.7, 163.1, 163.1, 161.3, 162.5, 162.5, 163.1, 162.5, 162.4, 163.1, 163.1, 162.4, 162.4, 161.2, 162.5, 162.4, 162.5, 161.2, 163.1, 161.9, 162.4, 161.2, 162.4, 162.5, 162.5, 161.8, 161.9, 161.9, 161.3, 161.9, 161.8, 160.6, 161.2, 161.2, 161.2, 161.2, 161.2, 161.8, 161.2, 161.8, 161.8, 161.2, 160.6, 161.8, 161.2, 161.2, 161.2, 161.3, 161.6, 161.9, 161.2, 161.8, 161.0, 161.2, 161.2, 160.4, 161.0, 160.4, 161.2, 161.0, 161.2, 160.6, 161.0, 160.4, 160.4, 160.4, 161.0, 160.4, 161.0, 160.4, 161.2, 161.0, 161.6, 161.0, 160.4, 160.4, 160.4, 161.9, 160.0, 160.4, 160.4, 160.4, 161.3, 161.0, 161.0, 160.6, 161.0, 161.9, 161.2, 160.6, 160.6, 161.2, 161.2, 162.4, 161.8, 161.8, 163.1, 163.1, 161.8, 162.5, 162.5, 163.1, 162.5, 162.5, 163.3, 163.7, 163.1, 163.7, 163.7, 163.7, 163.7, 164.5, 164.5, 163.7, 165.0, 163.7, 164.5, 163.7, 164.4, 164.4, 163.1, 164.4, 163.7, 163.7, 163.7, 163.1, 163.7, 163.7, 163.7, 163.7, 163.7, 163.6, 163.7, 163.1, 163.3, 163.9, 163.7, 164.6, 165.0, 165.0, 165.8, 164.5, 165.0, 165.1, 165.8, 166.4, 166.8, 167.4, 167.4, 167.4, 167.3, 167.4, 167.4, 166.8, 166.0, 166.0, 164.8, 164.8, 164.1, 165.6, 164.8, 163.6, 164.4, 165.0, 163.1, 163.0, 163.0, 163.7, 161.8, 161.9, 162.5, 163.0, 162.5, 163.6, 163.7, 163.7, 162.4, 162.5, 162.5, 162.5, 163.7, 163.6, 164.1, 165.5, 164.7, 165.4, 166.1, 164.7, 165.5, 165.6, 164.4, 164.4, 163.6, 165.0, 165.0, 164.8, 164.2, 165.0, 164.4, 164.4, 165.0, 164.2, 164.4, 164.4, 164.8, 165.5, 164.2, 164.4, 164.2, 164.4, 164.2, 163.6, 163.0, 161.6, 160.4, 159.8, 160.4, 160.4, 160.4, 160.4, 161.0, 159.8, 160.6, 160.4, 160.4, 161.2, 161.2, 163.5, 166.0, 166.0, 166.0, 166.5, 167.2, 167.3, 168.7, 168.1, 167.4, 165.6, 165.7, 166.3, 165.7, 165.6, 165.6, 165.2, 165.6, 165.0, 165.1, 164.2, 164.1, 163.5, 162.9, 163.6, 163.6, 163.6, 164.8, 165.0, 165.0, 165.6, 165.5, 165.5, 165.5, 165.5, 164.8, 164.2, 164.0, 163.6, 162.9, 164.2, 163.3, 162.9, 164.1, 164.1, 164.2, 164.8, 164.7, 164.8, 164.8, 165.6, 164.8, 164.1, 164.8, 164.8, 164.8, 164.8, 164.7, 164.1, 163.5, 163.3, 163.5, 163.3, 162.6, 163.5, 163.5, 163.5, 162.9, 162.9, 162.2, 162.1, 162.2, 161.6, 162.1, 162.2, 161.5, 162.1, 162.7, 162.1, 162.1, 162.1, 162.2, 162.6, 163.3, 162.7, 162.7, 162.7, 162.1, 162.9, 162.2, 162.1, 162.1, 162.2, 162.2, 162.2, 163.5, 162.1, 162.1, 162.9, 162.1, 162.2, 162.7, 163.5, 162.1, 162.2, 162.7, 162.1, 163.3, 162.7, 162.2, 163.5, 163.3, 163.3, 163.5, 164.7, 164.1, 164.1, 163.6, 164.2, 163.5, 163.3, 164.1, 163.5, 164.1, 164.6, 163.6, 164.1, 164.1, 164.7, 165.4, 164.1, 164.6, 164.1, 164.1, 164.7, 165.4, 166.2, 166.8, 166.0, 166.0, 166.7, 167.4, 167.4, 166.7, 168.0, 167.4, 166.7, 166.6, 166.0, 165.5, 166.2, 166.2, 166.1, 165.4, 165.5, 165.2, 165.4, 165.5, 165.4, 165.4, 165.2, 166.1, 166.0, 166.0, 166.0, 166.2, 166.7, 166.2, 165.5, 166.1, 166.0, 165.6, 166.0, 166.1, 166.0, 166.0, 166.0, 166.1, 166.2, 166.1, 165.4, 165.5, 165.5, 166.1, 164.7, 164.7, 165.5, 164.7, 165.5, 164.7, 166.2, 164.8, 165.5, 165.6, 165.4, 165.6, 165.4, 165.5]"
12,"[159.6, 160.7, 160.2, 160.9, 159.6, 158.8, 157.0, 158.6, 158.6, 157.8, 157.8, 158.4, 158.0, 158.4, 157.2, 158.4, 158.6, 157.8, 157.8, 157.2, 158.0, 157.6, 157.2, 157.8, 157.2, 157.2, 158.4, 157.8, 157.8, 158.0, 157.8, 158.0, 157.8, 157.2, 157.2, 157.2, 157.2, 157.0, 157.2, 157.0, 157.2, 157.2, 156.6, 156.4, 157.2, 156.6, 157.8, 158.0, 157.8, 157.2, 157.2, 157.0, 155.6, 157.2, 157.8, 157.2, 157.2, 157.8, 156.6, 157.4, 157.2, 157.2, 157.8, 157.2, 157.8, 157.2, 157.2, 157.2, 156.6, 157.8, 157.8, 157.2, 157.8, 158.0, 158.0, 157.2, 157.8, 157.2, 157.0, 157.8, 158.0, 157.0, 157.8, 157.2, 157.2, 157.0, 156.4, 155.6, 156.4, 156.4, 156.4, 157.2, 157.0, 157.2, 156.6, 157.2, 157.2, 157.2, 157.6, 157.2, 157.2, 156.2, 157.2, 156.4, 156.4, 157.2, 157.2, 157.0, 157.2, 156.4, 155.8, 156.2, 157.0, 156.6, 155.8, 156.4, 157.2, 157.4, 157.2, 157.8, 156.6, 157.2, 157.4, 157.8, 157.8, 157.8, 157.6, 157.8, 157.8, 156.4, 155.6, 156.4, 156.4, 155.8, 157.0, 156.6, 156.4, 156.4, 158.4, 157.2, 158.4, 158.0, 157.8, 157.8, 157.8, 157.6, 157.0, 157.0, 156.4, 157.6, 157.6, 157.6, 157.8, 157.6, 158.6, 158.6, 158.4, 158.4, 157.8, 158.6, 159.2, 159.8, 160.4, 161.8, 162.4, 163.5, 164.8, 164.8, 164.1, 163.6, 163.6, 162.9, 161.6, 163.0, 162.4, 162.4, 163.0, 163.7, 163.0, 163.1, 162.4, 162.4, 162.9, 162.5, 163.1, 162.4, 162.4, 162.2, 162.4, 162.2, 162.4, 162.5, 162.4, 161.2, 161.9, 162.4, 162.5, 161.9, 161.9, 162.5, 162.5, 163.0, 161.8, 161.6, 161.8, 161.9, 161.8, 161.9, 162.5, 161.8, 162.4, 161.0, 161.0, 161.2, 161.9, 161.6, 161.0, 161.2, 161.8, 162.4, 161.8, 161.6, 161.2, 161.6, 161.6, 161.6, 161.0, 160.4, 160.6, 160.4, 161.0, 160.4, 161.2, 160.6, 160.4, 160.2, 162.2, 163.6, 167.4, 168.0, 168.7, 169.2, 169.2, 168.5, 167.9, 168.6, 168.0, 168.1, 167.4, 168.6, 168.5, 169.3, 169.8, 170.5, 169.3, 169.8, 170.4, 171.8, 170.0, 169.9, 171.2, 170.5, 170.0, 169.4, 169.3, 168.8, 168.1, 167.4, 166.7, 166.8, 166.2, 166.2, 166.2, 166.9, 166.2, 165.7, 165.1, 165.6, 166.2, 168.7, 171.1, 171.8, 171.2, 170.6, 170.0, 169.4, 168.1, 167.5, 166.8, 167.4, 167.5, 167.4, 166.9, 166.8, 166.8, 166.2, 166.9, 166.8, 166.9, 166.3, 166.9, 166.4, 165.7, 165.1, 166.3, 166.3, 166.3, 166.2, 166.8, 168.7, 173.1, 175.0, 175.0, 174.4, 174.4, 175.7, 175.7, 174.4, 175.0, 173.8, 171.8, 171.2, 171.3, 171.3, 171.2, 171.3, 170.0, 169.4, 169.3, 169.3, 170.1, 169.4, 168.8, 168.7, 168.1, 168.1, 168.1, 168.7, 168.1, 168.8, 168.8, 168.1, 168.8, 168.1, 168.1, 168.8, 168.1, 168.8, 168.1, 167.5, 168.8, 168.8, 168.7, 169.4, 168.8, 168.8, 170.0, 174.4, 174.4, 173.7, 173.1, 172.3, 171.7, 172.4, 173.0, 173.1, 174.4, 175.0, 175.0, 173.8, 172.4, 172.5, 171.8, 171.8, 172.5, 171.8, 171.8, 171.3, 171.3, 171.9, 170.6, 170.7, 170.0, 170.0, 170.7, 170.7, 170.7, 169.5, 169.5, 170.0, 170.0, 169.4, 169.5, 168.2, 168.2, 168.3, 168.2, 168.8, 168.8, 168.1, 168.2, 168.2, 168.1, 168.1, 167.6, 167.5, 167.5, 166.9, 166.4, 166.4, 167.0, 167.7, 167.5, 167.6, 167.5, 167.6, 167.5, 168.1, 167.5, 168.1, 168.1, 168.1, 168.1, 167.5, 168.1, 167.5, 167.6, 167.5, 167.0, 167.1, 165.8, 165.8, 166.4, 165.8, 165.8, 165.2, 165.8, 165.2, 164.6, 166.5, 166.4, 166.4, 166.4, 165.7, 166.4, 165.7, 166.4, 166.4, 167.0, 166.5, 167.1, 166.5, 167.1, 167.1, 167.0, 166.4, 166.4, 166.4, 165.8, 166.4, 165.8, 165.8, 165.9, 165.8, 165.2, 164.5, 165.2, 165.7, 165.2, 165.1, 165.8, 165.8, 165.8, 165.8, 165.8, 165.8, 165.9, 166.5, 165.8, 165.8, 165.8, 166.4, 165.7, 165.8, 165.8, 166.4, 166.4, 166.4, 166.5, 166.4, 166.4, 166.3, 165.8, 165.2, 165.2, 165.7, 165.8, 165.8, 165.8, 166.4, 165.2, 165.2, 165.8, 165.8, 165.7, 165.2, 165.2, 165.8, 165.2, 165.2, 164.6, 164.5, 164.6, 164.6, 164.5, 163.9, 163.1, 164.5, 163.9, 164.2, 163.7, 163.1, 163.7, 164.5, 164.4, 164.5, 164.4, 165.1, 164.5, 164.5, 164.5, 163.9, 165.2, 165.1, 164.4, 165.0, 164.5, 164.4, 163.7, 164.4, 163.7, 163.9, 164.5, 163.7, 163.7, 164.4, 163.7, 163.1, 164.4, 165.0, 165.2, 165.0, 165.0, 165.0, 165.0, 164.4, 165.2, 165.6, 164.8, 164.5, 164.5, 164.4, 164.5, 164.6, 164.5, 164.5, 165.7, 164.5, 164.5, 165.7, 165.0, 165.1, 165.1, 165.1, 165.1, 165.1, 165.1, 165.6, 165.6, 165.0, 165.7, 165.0, 165.1, 165.2, 166.3, 165.8, 166.4, 165.7, 166.3, 165.1, 167.0, 165.7, 165.8, 165.7, 165.7, 165.7, 165.7, 165.7, 165.7, 165.6]"
12,"[160.7, 159.6, 159.3, 159.5, 159.0, 158.2, 156.8, 157.2, 157.8, 157.0, 156.6, 155.8, 157.2, 157.2, 157.2, 157.8, 157.8, 157.2, 157.2, 157.2, 157.8, 157.2, 156.4, 157.8, 157.2, 157.8, 158.0, 157.0, 157.8, 157.8, 157.2, 157.0, 157.2, 157.8, 157.8, 157.8, 157.2, 157.2, 158.2, 157.2, 157.4, 157.0, 157.2, 157.8, 157.0, 157.8, 157.8, 157.8, 157.2, 157.8, 157.2, 157.2, 157.2, 157.2, 157.2, 157.2, 157.0, 157.2, 157.8, 157.8, 157.2, 157.8, 157.8, 157.2, 157.8, 157.8, 157.2, 157.0, 156.6, 157.8, 157.2, 157.2, 157.4, 157.2, 157.2, 158.0, 157.2, 157.8, 157.0, 157.8, 157.8, 157.8, 158.0, 157.2, 157.2, 157.2, 157.0, 157.8, 157.0, 157.8, 157.8, 157.0, 157.2, 157.0, 157.0, 157.2, 157.0, 156.4, 157.2, 157.2, 157.8, 157.2, 157.2, 157.0, 157.8, 157.8, 157.8, 157.2, 157.4, 158.0, 156.4, 156.4, 156.4, 156.4, 156.4, 157.4, 157.2, 157.2, 156.6, 157.2, 157.8, 157.2, 157.2, 158.0, 158.0, 158.6, 158.6, 157.8, 158.0, 158.0, 158.6, 158.0, 158.0, 158.0, 158.4, 158.0, 158.0, 158.6, 158.4, 158.0, 157.6, 158.0, 157.8, 157.8, 157.8, 158.4, 158.4, 158.4, 158.4, 158.4, 158.4, 158.4, 158.4, 157.8, 158.4, 157.6, 158.6, 157.6, 158.0, 158.2, 158.6, 159.2, 158.4, 159.6, 158.0, 158.6, 159.2, 159.2, 159.2, 159.2, 158.4, 158.4, 159.2, 159.8, 159.2, 159.2, 159.8, 159.2, 159.2, 159.2, 159.0, 158.6, 158.6, 159.2, 158.4, 159.0, 158.4, 159.0, 162.2, 163.5, 164.8, 165.5, 164.8, 164.8, 163.6, 163.1, 163.6, 163.6, 162.9, 163.5, 163.6, 162.2, 162.4, 162.9, 163.5, 164.8, 164.8, 164.2, 164.8, 165.6, 165.6, 165.5, 166.2, 166.1, 166.1, 166.0, 165.5, 164.8, 165.5, 166.0, 165.4, 165.0, 165.5, 166.0, 166.2, 165.0, 164.2, 163.6, 164.2, 162.4, 163.0, 162.4, 163.1, 162.2, 162.2, 162.9, 162.2, 162.9, 162.4, 162.4, 164.1, 166.7, 168.1, 168.1, 167.4, 166.6, 165.6, 166.1, 165.6, 165.0, 164.4, 164.8, 164.2, 165.0, 164.2, 162.9, 163.1, 162.2, 163.0, 162.2, 162.4, 162.4, 162.4, 162.9, 163.0, 164.2, 165.6, 166.8, 168.8, 168.0, 168.1, 168.1, 167.4, 166.1, 165.6, 165.7, 166.2, 165.0, 164.5, 164.2, 163.9, 163.7, 163.7, 163.0, 163.7, 163.6, 163.5, 162.9, 162.2, 162.4, 161.0, 160.6, 161.2, 161.2, 160.2, 160.4, 159.0, 160.4, 162.2, 164.2, 167.2, 168.7, 169.9, 169.3, 168.7, 169.3, 168.7, 167.4, 166.7, 167.4, 167.6, 167.4, 167.4, 168.1, 169.3, 170.0, 170.0, 169.3, 168.7, 168.6, 168.7, 167.4, 166.2, 166.8, 166.2, 166.8, 166.3, 166.2, 165.6, 165.0, 165.0, 164.5, 163.7, 163.1, 163.1, 162.4, 162.4, 162.2, 162.5, 161.8, 162.4, 161.8, 162.4, 161.8, 161.8, 162.4, 162.5, 162.2, 162.4, 162.5, 161.8, 161.6, 162.7, 161.8, 161.9, 161.8, 162.4, 162.4, 162.4, 163.7, 164.4, 166.1, 168.1, 168.7, 169.3, 169.9, 168.6, 169.3, 168.7, 168.6, 168.1, 168.0, 168.7, 168.8, 169.3, 168.7, 169.3, 169.3, 169.3, 171.2, 173.1, 174.4, 174.4, 174.4, 174.4, 173.1, 171.2, 170.0, 168.6, 167.5, 166.9, 166.9, 166.2, 166.3, 165.0, 165.1, 164.4, 164.5, 163.1, 162.5, 162.5, 161.8, 161.6, 160.4, 159.8, 159.0, 159.8, 159.8, 159.2, 159.8, 159.2, 159.8, 159.8, 159.8, 160.4, 159.8, 160.0, 160.7, 161.0, 159.8, 160.6, 161.3, 161.0, 160.4, 160.4, 161.2, 160.6, 160.0, 160.6, 159.8, 159.8, 160.0, 159.2, 159.0, 158.4, 158.4, 158.0, 158.4, 158.8, 159.2, 159.8, 159.2, 158.6, 159.2, 159.2, 158.8, 159.2, 158.6, 158.6, 158.4, 158.6, 158.0, 158.6, 158.6, 159.0, 158.6, 158.6, 159.2, 159.4, 159.2, 159.2, 159.2, 159.2, 159.8, 159.2, 159.2, 159.2, 158.6, 159.2, 158.4, 159.2, 159.2, 159.2, 158.6, 158.6, 158.6, 158.6, 159.2, 159.2, 159.2, 159.4, 159.8, 159.0, 159.2, 159.8, 159.0, 158.4, 159.2, 159.2, 159.0, 159.2, 159.0, 159.0, 159.4, 159.2, 160.0, 159.0, 159.2, 159.8, 159.0, 159.0, 159.4, 159.2, 159.0, 158.6, 159.6, 159.0, 159.0, 159.4, 159.0, 159.2, 159.8, 159.2, 159.2, 159.0, 158.4, 158.6, 159.2, 159.2, 159.2, 159.0, 159.2, 158.6, 158.6, 159.2, 158.6, 159.0, 159.0, 158.4, 158.6, 159.2, 158.6, 158.6, 159.8, 158.6, 158.8, 158.8, 159.2, 159.2, 159.4, 159.0, 159.0, 159.0, 158.6, 158.4, 158.4, 159.2, 159.0, 159.2, 159.2, 159.2, 159.2, 159.0, 158.6, 159.0, 158.4, 159.2, 159.8, 159.2, 159.0, 159.0, 159.4, 159.2, 159.2, 159.8, 159.2, 159.2, 159.0, 159.8, 159.2, 159.8, 160.0, 160.6, 160.4, 159.8, 161.2, 160.4, 161.2, 160.6, 160.4, 160.6, 159.8, 160.6, 159.8, 160.7, 161.3, 161.2, 161.0, 161.3, 161.0, 161.0, 162.5, 163.1, 163.4, 163.1, 163.1, 162.4, 162.5, 163.3, 163.3]"
12,"[159.5, 157.2, 158.0, 159.5, 157.4, 157.4, 155.0, 155.8, 157.2, 156.4, 156.6, 155.8, 155.4, 156.6, 155.8, 156.4, 156.4, 157.2, 156.4, 156.4, 156.0, 156.4, 156.4, 156.4, 156.4, 156.0, 156.6, 155.8, 156.4, 156.6, 156.4, 156.4, 155.8, 157.0, 155.8, 156.4, 155.8, 156.4, 154.8, 155.6, 156.4, 156.4, 156.4, 156.4, 155.8, 155.6, 154.7, 155.6, 155.0, 155.3, 156.2, 156.2, 156.6, 155.8, 156.0, 156.4, 155.8, 155.6, 155.8, 155.8, 155.6, 156.0, 156.4, 156.4, 155.8, 155.8, 155.8, 156.2, 156.2, 156.4, 155.6, 155.8, 155.6, 156.2, 155.0, 155.3, 156.2, 156.0, 155.6, 155.6, 156.2, 155.3, 155.3, 156.6, 155.8, 156.2, 155.6, 155.8, 155.0, 155.8, 155.8, 155.8, 155.0, 156.0, 155.8, 155.3, 155.0, 156.4, 155.3, 155.3, 155.6, 155.6, 155.3, 155.6, 155.8, 155.6, 155.3, 155.8, 155.4, 155.6, 155.6, 156.2, 156.4, 155.3, 156.4, 155.3, 155.6, 155.6, 155.0, 155.8, 155.0, 155.4, 155.0, 156.2, 154.8, 156.4, 157.0, 155.8, 156.6, 157.2, 156.4, 156.6, 156.6, 156.4, 156.4, 156.2, 156.4, 156.4, 155.0, 156.4, 155.6, 157.8, 156.4, 157.6, 157.8, 157.2, 157.8, 157.2, 157.0, 157.0, 157.2, 156.4, 156.6, 156.4, 157.2, 157.0, 157.2, 157.2, 157.2, 156.4, 157.2, 157.0, 155.6, 157.0, 157.0, 157.8, 157.2, 156.4, 157.8, 156.6, 156.4, 157.2, 156.4, 157.2, 157.0, 157.0, 157.6, 157.6, 159.2, 159.0, 160.4, 159.6, 159.6, 159.6, 159.0, 159.2, 159.8, 158.4, 159.0, 158.4, 158.6, 158.4, 158.6, 158.0, 159.0, 158.6, 158.4, 158.4, 158.4, 158.6, 158.6, 157.8, 158.6, 157.8, 158.2, 158.4, 158.4, 158.4, 157.2, 158.0, 157.8, 158.6, 158.4, 158.6, 157.8, 158.4, 157.8, 158.0, 158.0, 157.8, 158.6, 158.6, 158.6, 158.6, 158.4, 158.4, 159.0, 158.4, 159.0, 158.6, 158.6, 158.6, 158.6, 157.8, 158.6, 158.6, 158.4, 158.4, 158.4, 158.4, 158.4, 158.6, 158.6, 158.0, 158.0, 158.6, 158.6, 158.4, 159.6, 163.6, 165.5, 166.2, 166.7, 167.3, 167.4, 166.2, 165.5, 164.2, 163.6, 163.0, 161.6, 162.2, 161.2, 162.2, 163.6, 164.2, 165.6, 166.7, 166.2, 166.1, 166.1, 165.5, 166.2, 165.6, 166.1, 164.8, 164.8, 164.2, 163.6, 164.4, 166.7, 167.4, 168.0, 168.6, 168.1, 167.4, 166.7, 166.7, 167.4, 168.0, 167.4, 166.8, 166.2, 164.4, 163.7, 163.1, 162.4, 161.2, 160.6, 161.0, 159.8, 159.8, 159.8, 159.8, 159.2, 159.2, 158.6, 159.0, 158.6, 159.2, 159.6, 158.6, 158.6, 158.4, 158.6, 157.8, 159.2, 159.8, 163.6, 165.0, 165.6, 166.1, 166.8, 166.2, 166.2, 165.5, 165.0, 164.4, 163.7, 163.0, 163.7, 164.2, 163.0, 165.6, 166.7, 165.6, 165.5, 165.1, 165.0, 164.4, 163.1, 163.7, 161.8, 161.0, 159.8, 159.2, 158.8, 159.2, 159.2, 158.6, 159.2, 159.2, 158.6, 159.2, 159.2, 159.0, 158.4, 158.4, 158.4, 159.2, 157.8, 158.4, 159.0, 158.2, 157.6, 157.8, 157.6, 157.8, 157.6, 157.0, 157.8, 158.4, 157.8, 157.2, 157.8, 158.4, 158.2, 157.0, 158.4, 157.6, 158.2, 158.2, 157.6, 158.4, 157.6, 158.6, 158.6, 157.8, 158.0, 157.6, 157.6, 158.4, 158.2, 157.6, 157.0, 156.4, 157.0, 157.8, 157.8, 157.6, 157.0, 157.6, 157.0, 157.8, 157.6, 157.6, 157.0, 157.6, 157.6, 157.6, 157.6, 157.0, 157.2, 157.6, 157.2, 157.8, 156.6, 155.6, 156.2, 156.0, 155.0, 155.6, 156.4, 155.6, 157.2, 156.2, 157.2, 157.0, 157.8, 157.0, 158.6, 158.0, 157.8, 158.0, 157.2, 157.2, 157.2, 157.2, 157.8, 157.2, 155.6, 157.2, 158.0, 158.0, 158.6, 157.2, 158.6, 157.8, 158.4, 157.2, 158.2, 158.6, 158.6, 158.2, 158.6, 158.6, 158.6, 158.2, 158.0, 158.0, 158.8, 158.2, 158.0, 158.8, 157.8, 157.8, 157.8, 157.4, 157.2, 158.0, 157.8, 157.2, 158.6, 157.8, 158.0, 157.8, 158.4, 158.0, 158.2, 158.0, 158.0, 158.2, 158.6, 158.0, 157.8, 157.8, 158.0, 157.6, 157.8, 158.0, 157.2, 157.8, 157.8, 157.8, 157.8, 157.8, 157.8, 157.8, 157.8, 157.8, 158.4, 158.0, 157.8, 157.2, 157.8, 157.8, 158.0, 158.0, 158.6, 158.0, 158.0, 158.4, 157.8, 158.6, 158.2, 158.4, 159.8, 163.7, 166.8, 168.8, 168.7, 169.3, 169.3, 167.4, 166.8, 166.2, 165.6, 165.5, 164.8, 164.2, 164.2, 164.2, 164.4, 164.8, 164.2, 164.8, 165.5, 164.2, 163.6, 164.2, 163.1, 162.5, 163.1, 162.4, 163.7, 163.6, 163.6, 163.7, 163.1, 162.2, 162.9, 162.4, 162.5, 161.8, 161.6, 161.6, 161.6, 162.2, 162.2, 163.1, 163.7, 164.4, 163.6, 163.6, 163.7, 163.1, 163.0, 163.3, 163.3, 163.9, 163.6, 162.5, 162.5, 163.1, 162.5, 162.5, 163.1, 162.4, 162.5, 161.8, 161.8, 162.5, 162.4, 161.9, 161.8, 161.8, 162.5, 161.9, 162.5, 161.9, 163.0, 163.1, 162.4, 162.5, 161.8, 161.8, 162.5, 162.5, 161.9, 161.8]"
12,"[160.4, 160.1, 159.6, 159.7, 159.6, 157.8, 158.2, 157.8, 158.4, 157.2, 158.0, 157.4, 157.2, 156.6, 157.2, 157.2, 157.8, 157.2, 157.2, 157.8, 157.2, 157.2, 157.2, 157.2, 158.0, 157.8, 158.0, 158.0, 157.2, 157.8, 157.2, 157.4, 156.8, 157.8, 157.4, 157.8, 157.0, 157.8, 157.2, 157.8, 157.8, 157.2, 157.2, 157.2, 157.2, 157.2, 156.4, 157.2, 156.6, 157.2, 157.0, 157.8, 157.8, 157.2, 156.6, 156.4, 156.6, 157.2, 157.2, 157.4, 156.6, 157.2, 157.0, 157.0, 157.2, 157.2, 157.2, 157.2, 156.6, 156.4, 156.6, 156.6, 156.4, 157.2, 156.4, 156.4, 157.2, 156.4, 156.4, 157.2, 157.2, 156.6, 157.2, 156.6, 157.2, 156.4, 156.4, 156.4, 156.6, 156.4, 157.0, 156.4, 157.2, 156.4, 157.2, 155.8, 156.6, 157.2, 156.6, 155.8, 156.4, 155.3, 155.8, 155.0, 155.8, 155.8, 155.8, 155.0, 155.6, 155.8, 155.8, 155.8, 155.8, 156.0, 155.8, 156.4, 156.4, 156.4, 156.4, 155.8, 156.6, 155.8, 156.4, 156.4, 158.6, 157.4, 159.4, 158.2, 158.8, 158.8, 158.0, 158.8, 158.6, 157.8, 158.0, 157.8, 157.8, 157.8, 158.4, 157.2, 157.8, 157.8, 158.0, 157.8, 157.2, 158.0, 157.2, 157.2, 157.0, 157.2, 157.6, 157.8, 157.6, 157.2, 157.8, 157.2, 156.4, 157.2, 157.2, 156.4, 156.4, 157.0, 157.8, 157.0, 156.4, 157.0, 157.0, 157.0, 158.2, 159.6, 162.1, 164.2, 165.4, 164.8, 165.5, 164.8, 163.5, 163.6, 162.9, 162.9, 162.2, 161.0, 161.6, 162.2, 162.2, 162.7, 163.5, 163.3, 163.5, 164.8, 163.6, 163.3, 163.3, 162.9, 162.9, 161.6, 161.6, 161.6, 161.0, 161.0, 160.2, 159.6, 159.8, 159.0, 158.8, 159.0, 158.8, 158.2, 157.6, 157.8, 157.6, 157.6, 158.4, 159.6, 162.1, 163.3, 164.2, 162.9, 163.5, 163.3, 163.3, 162.9, 161.6, 161.5, 161.6, 162.2, 161.6, 162.2, 161.5, 160.9, 161.0, 162.1, 163.3, 163.6, 164.2, 163.5, 163.6, 163.3, 164.1, 166.1, 165.4, 165.4, 164.8, 164.1, 162.9, 162.9, 163.0, 162.7, 162.1, 162.2, 161.6, 161.8, 161.0, 160.9, 160.4, 160.9, 161.6, 163.5, 165.5, 166.6, 167.3, 168.0, 166.7, 166.6, 165.5, 166.0, 166.0, 167.3, 168.0, 167.3, 166.5, 166.1, 165.5, 165.5, 164.8, 166.1, 165.5, 166.7, 166.2, 164.8, 163.6, 163.0, 163.0, 161.8, 161.0, 161.0, 161.0, 161.2, 161.2, 160.4, 159.8, 159.2, 159.6, 158.6, 158.4, 158.4, 158.4, 158.6, 158.4, 158.4, 158.4, 158.4, 158.4, 160.2, 163.0, 164.8, 165.5, 166.1, 167.3, 167.3, 166.5, 165.5, 164.8, 164.2, 165.4, 166.6, 167.3, 167.3, 167.4, 166.0, 165.6, 164.2, 163.7, 163.0, 163.6, 163.0, 161.6, 161.6, 161.2, 161.2, 160.6, 159.2, 159.2, 158.4, 159.2, 159.0, 158.6, 158.6, 158.4, 158.6, 158.4, 160.2, 163.5, 166.7, 168.0, 168.1, 167.3, 168.0, 168.0, 168.0, 167.4, 167.4, 166.7, 167.4, 168.1, 168.8, 168.7, 168.8, 167.4, 166.7, 166.8, 167.4, 168.0, 168.1, 166.8, 165.6, 165.6, 165.6, 164.5, 164.5, 165.0, 165.1, 164.5, 164.5, 164.4, 163.7, 163.7, 163.6, 163.1, 163.0, 163.0, 162.5, 162.2, 162.4, 162.5, 161.8, 161.6, 161.8, 161.6, 161.8, 161.8, 162.2, 161.6, 161.6, 161.6, 161.6, 162.4, 161.6, 161.6, 161.6, 161.2, 161.0, 161.8, 161.2, 161.8, 161.8, 161.2, 161.0, 161.2, 160.4, 159.8, 160.0, 159.8, 161.0, 159.8, 160.6, 160.6, 160.4, 160.6, 160.4, 160.4, 160.4, 160.4, 160.4, 160.4, 160.4, 160.4, 160.4, 160.4, 161.0, 160.4, 160.4, 161.8, 160.0, 161.0, 160.4, 161.0, 160.4, 161.8, 161.2, 161.2, 161.2, 159.8, 161.9, 161.2, 161.0, 161.2, 161.2, 161.2, 161.2, 161.8, 161.2, 161.8, 161.2, 161.0, 161.0, 161.0, 160.6, 160.6, 161.8, 160.1, 160.6, 161.2, 161.3, 160.6, 160.4, 161.0, 161.3, 161.3, 160.7, 161.8, 161.9, 161.3, 160.7, 160.6, 160.4, 161.2, 161.3, 161.2, 161.8, 161.2, 161.2, 161.9, 160.4, 160.6, 160.6, 161.2, 160.7, 160.6, 161.2, 161.2, 161.2, 160.6, 161.9, 161.2, 161.2, 160.6, 161.2, 161.2, 160.6, 161.2, 161.2, 161.2, 160.6, 161.2, 160.6, 160.6, 161.2, 160.7, 161.2, 160.6, 161.2, 160.6, 161.2, 160.6, 160.6, 160.4, 160.4, 160.6, 160.4, 161.0, 160.4, 160.6, 161.2, 161.2, 161.8, 161.0, 161.8, 161.9, 161.8, 161.8, 161.6, 161.9, 162.5, 161.9, 161.2, 162.5, 162.5, 161.9, 162.5, 162.5, 163.1, 163.1, 161.9, 162.5, 162.7, 163.3, 163.1, 163.9, 163.9, 163.9, 163.7, 163.9, 163.7, 164.4, 164.4, 164.5, 163.7, 164.4, 163.7, 163.7, 163.1, 163.7, 163.9, 163.7, 163.7, 163.9, 164.5, 164.5, 164.5, 165.2, 164.5, 164.4, 163.7, 163.7, 163.9, 163.1, 163.7, 163.7, 164.5, 163.9, 163.1, 164.5, 163.9, 163.9, 163.9, 163.9, 163.9, 163.1, 163.1, 163.9, 164.5, 164.5, 163.9, 163.7, 163.1, 163.9, 163.7, 163.7, 164.5]"
12,"[158.7, 157.4, 156.4, 157.2, 156.8, 156.8, 156.0, 156.4, 156.4, 155.0, 155.6, 155.6, 155.6, 155.6, 155.0, 155.8, 155.6, 155.8, 155.8, 155.6, 155.6, 155.8, 155.0, 155.8, 156.2, 156.4, 156.2, 155.8, 155.8, 154.8, 156.4, 155.6, 155.6, 155.0, 154.8, 155.0, 155.6, 155.0, 155.8, 155.0, 156.4, 155.8, 155.8, 156.2, 155.0, 154.8, 155.0, 155.8, 156.2, 155.8, 155.6, 155.0, 155.0, 154.2, 154.2, 154.8, 155.0, 154.8, 154.8, 155.6, 155.6, 155.8, 156.4, 155.0, 155.6, 155.3, 155.6, 155.6, 155.0, 155.4, 155.4, 155.6, 155.8, 154.8, 155.4, 155.6, 154.8, 154.8, 155.6, 154.8, 155.6, 155.8, 155.6, 155.6, 155.6, 154.8, 155.6, 155.8, 155.0, 156.4, 155.8, 155.6, 155.0, 155.4, 155.0, 155.6, 155.6, 155.4, 155.6, 155.8, 154.7, 155.4, 155.6, 155.6, 155.0, 154.8, 155.0, 154.8, 154.2, 154.4, 154.4, 153.6, 154.8, 154.8, 154.8, 155.0, 154.8, 154.2, 154.8, 154.2, 154.2, 154.2, 154.8, 154.8, 155.0, 154.8, 154.2, 154.2, 155.6, 155.0, 155.6, 155.8, 155.6, 155.0, 155.0, 155.6, 155.0, 155.6, 155.6, 156.4, 155.6, 155.0, 155.6, 155.0, 154.8, 155.6, 155.6, 155.0, 155.0, 154.8, 154.4, 155.0, 155.0, 155.6, 155.0, 155.6, 155.0, 155.0, 155.0, 155.0, 155.6, 156.2, 156.2, 156.2, 156.2, 155.6, 155.6, 154.8, 155.6, 155.0, 155.0, 155.6, 155.6, 155.6, 154.8, 156.2, 154.8, 155.6, 156.2, 156.8, 159.5, 161.3, 162.2, 163.5, 164.1, 163.3, 163.5, 163.5, 164.1, 163.5, 162.9, 163.0, 164.1, 165.0, 166.1, 166.6, 166.6, 166.7, 166.2, 165.6, 166.2, 165.5, 165.6, 166.1, 166.7, 166.6, 167.3, 167.9, 166.6, 167.3, 168.0, 168.0, 168.0, 166.6, 167.4, 166.7, 166.7, 168.6, 169.3, 169.3, 168.6, 167.4, 166.7, 166.2, 164.7, 164.8, 164.4, 163.6, 164.2, 163.7, 163.7, 163.7, 163.6, 162.9, 162.2, 162.4, 161.6, 161.2, 161.8, 161.8, 161.6, 161.0, 161.8, 161.2, 161.0, 161.0, 161.6, 161.6, 161.0, 161.6, 161.5, 160.9, 161.0, 160.4, 160.4, 160.4, 160.4, 159.8, 160.2, 159.8, 160.4, 159.6, 159.6, 159.6, 159.8, 160.4, 161.2, 159.8, 161.2, 159.8, 159.8, 159.8, 159.8, 159.8, 159.6, 160.2, 161.6, 163.5, 166.0, 167.3, 168.0, 169.3, 168.1, 168.0, 167.4, 167.4, 168.0, 168.6, 167.9, 168.0, 167.4, 168.1, 167.4, 168.1, 168.6, 169.3, 169.9, 169.3, 170.0, 170.0, 169.3, 168.7, 168.7, 167.4, 168.1, 168.7, 168.1, 168.1, 168.1, 168.1, 168.8, 168.7, 168.8, 171.3, 173.1, 173.7, 173.7, 173.8, 173.7, 173.1, 172.5, 172.5, 173.7, 173.8, 173.8, 173.2, 171.9, 171.9, 172.6, 171.9, 171.4, 170.7, 169.4, 168.1, 167.5, 166.8, 166.9, 165.6, 166.2, 165.6, 166.2, 166.3, 165.6, 165.7, 166.2, 165.0, 165.6, 165.0, 165.6, 165.0, 165.0, 164.4, 164.4, 165.0, 165.0, 165.6, 164.4, 165.0, 164.4, 165.0, 165.0, 164.4, 164.4, 165.0, 165.0, 164.4, 165.0, 163.7, 165.0, 165.0, 164.4, 163.7, 164.4, 165.0, 164.4, 165.0, 165.0, 165.7, 165.7, 166.2, 165.6, 165.6, 165.0, 165.0, 164.4, 164.4, 164.4, 165.0, 165.6, 165.6, 164.4, 165.6, 165.0, 164.4, 165.0, 165.0, 165.0, 164.4, 165.0, 165.0, 164.4, 165.0, 165.0, 165.6, 163.7, 165.0, 165.0, 164.4, 164.5, 164.4, 164.4, 164.4, 164.2, 164.4, 163.6, 163.7, 164.2, 163.6, 163.0, 163.6, 163.6, 163.0, 163.0, 163.6, 163.7, 163.1, 163.7, 164.2, 163.6, 163.6, 164.4, 163.7, 163.7, 163.1, 163.6, 163.0, 163.0, 162.4, 162.4, 161.9, 162.4, 161.8, 161.8, 162.4, 161.8, 161.8, 162.4, 161.8, 162.4, 162.4, 163.0, 162.4, 163.6, 163.7, 163.7, 163.7, 163.1, 163.1, 163.7, 163.7, 163.7, 163.7, 163.1, 162.5, 163.7, 163.7, 163.7, 163.6, 163.7, 163.6, 163.7, 163.7, 164.5, 163.3, 164.4, 163.7, 163.7, 164.4, 163.7, 163.7, 163.1, 163.7, 163.1, 163.7, 163.1, 163.1, 163.9, 162.5, 163.1, 163.7, 163.1, 163.1, 163.7, 163.7, 163.1, 163.7, 163.1, 163.7, 163.1, 163.1, 162.4, 162.5, 163.0, 162.4, 162.4, 162.5, 163.1, 162.4, 162.4, 163.0, 162.4, 162.2, 163.0, 162.4, 163.1, 163.1, 162.4, 163.1, 162.2, 163.1, 163.1, 162.4, 162.5, 162.4, 162.2, 162.5, 162.5, 162.5, 162.2, 162.4, 162.4, 162.2, 162.4, 162.4, 161.6, 162.4, 162.4, 162.4, 162.4, 162.4, 161.8, 161.6, 161.8, 161.8, 162.4, 161.6, 162.4, 162.4, 162.4, 161.8, 161.8, 161.6, 162.4, 162.4, 162.5, 161.8, 162.4, 162.2, 161.8, 162.4, 162.4, 162.4, 161.8, 161.9, 162.5, 162.5, 161.8, 162.5, 162.5, 162.4, 162.4, 162.5, 162.5, 162.5, 163.1, 162.5, 162.5, 163.0, 163.1, 163.1, 163.1, 163.1, 163.7, 162.4, 163.1, 163.1, 163.1, 163.0, 162.5, 163.3, 162.5, 162.5, 163.1, 162.4, 162.5, 162.5, 162.5, 162.5, 163.1, 162.5]"
12,"[160.2, 160.1, 158.7, 159.5, 158.8, 157.8, 157.6, 157.8, 158.4, 157.8, 157.8, 157.8, 157.8, 157.0, 157.8, 157.8, 157.2, 157.8, 157.8, 157.2, 157.8, 157.2, 157.8, 157.2, 157.2, 157.2, 157.2, 158.0, 157.2, 157.8, 157.2, 157.2, 157.2, 158.0, 158.4, 157.4, 157.0, 157.8, 157.2, 157.2, 157.2, 157.0, 157.8, 157.8, 157.2, 157.8, 157.2, 157.2, 156.6, 156.4, 157.2, 157.2, 157.0, 157.0, 157.8, 157.8, 156.6, 156.4, 157.2, 157.0, 157.2, 157.2, 157.2, 157.2, 156.4, 157.0, 156.4, 156.6, 157.8, 157.2, 157.2, 155.8, 156.4, 157.2, 157.0, 156.4, 157.0, 157.8, 157.2, 157.0, 157.0, 157.2, 157.2, 156.4, 157.2, 157.2, 156.0, 156.6, 156.4, 156.4, 155.8, 156.4, 155.8, 155.8, 155.8, 156.6, 155.8, 156.4, 155.8, 157.2, 157.0, 157.4, 156.4, 156.6, 156.4, 155.8, 156.6, 156.4, 156.6, 157.0, 155.8, 156.4, 156.4, 155.8, 155.8, 155.8, 155.8, 156.4, 157.2, 156.4, 156.4, 156.4, 156.4, 156.0, 156.8, 158.0, 157.2, 158.6, 157.8, 158.0, 158.0, 157.0, 156.6, 156.6, 155.8, 156.2, 156.2, 156.2, 156.8, 157.0, 156.2, 156.4, 157.0, 156.2, 156.4, 157.0, 155.6, 156.4, 157.0, 156.4, 157.2, 156.4, 157.0, 157.0, 156.4, 157.0, 156.2, 157.0, 156.4, 157.0, 157.6, 159.6, 162.2, 163.5, 164.8, 165.5, 166.1, 165.5, 166.1, 165.5, 164.8, 165.0, 165.6, 164.8, 165.5, 164.8, 163.6, 164.1, 164.2, 166.1, 166.1, 166.4, 166.6, 166.0, 167.3, 167.9, 166.7, 167.9, 167.2, 167.4, 166.6, 166.6, 166.6, 167.3, 168.0, 168.0, 167.4, 168.6, 168.0, 168.0, 167.4, 168.1, 168.7, 168.0, 168.0, 168.0, 168.7, 168.7, 170.6, 171.2, 170.6, 170.0, 169.4, 170.0, 169.4, 168.6, 168.1, 166.8, 167.4, 166.8, 167.4, 166.8, 165.6, 164.2, 164.2, 163.1, 163.6, 164.2, 166.7, 168.7, 170.6, 170.5, 171.8, 171.8, 170.6, 170.6, 169.3, 169.4, 168.8, 168.8, 168.7, 168.1, 168.0, 167.4, 167.4, 167.4, 167.4, 166.1, 166.1, 165.6, 164.2, 163.6, 163.6, 163.6, 165.5, 167.4, 170.0, 171.3, 172.5, 171.8, 171.2, 170.6, 171.2, 171.9, 171.8, 172.5, 172.4, 172.5, 171.3, 171.9, 171.9, 173.1, 172.5, 170.6, 171.3, 171.9, 172.4, 172.5, 172.5, 172.5, 170.6, 170.0, 170.6, 171.9, 171.9, 170.6, 169.4, 168.1, 167.5, 168.1, 167.4, 167.4, 166.2, 165.6, 166.2, 165.6, 166.2, 165.6, 166.2, 165.6, 165.0, 165.0, 165.0, 165.6, 164.4, 164.4, 165.0, 164.4, 164.4, 165.0, 165.6, 166.7, 168.6, 172.5, 173.1, 173.7, 173.7, 174.4, 173.7, 173.7, 175.0, 175.0, 173.7, 173.7, 173.7, 173.1, 172.6, 171.3, 170.1, 169.4, 169.4, 168.8, 168.8, 168.8, 168.1, 167.5, 168.8, 172.5, 173.7, 175.0, 175.0, 175.7, 175.7, 175.0, 175.0, 174.4, 175.0, 175.0, 173.8, 173.1, 171.9, 171.9, 171.9, 171.3, 170.7, 170.0, 169.5, 169.3, 168.8, 168.1, 168.1, 168.1, 168.1, 168.1, 167.5, 167.5, 167.4, 166.8, 166.8, 166.8, 167.6, 167.5, 167.4, 166.2, 166.8, 166.8, 167.4, 166.8, 166.8, 166.8, 166.3, 165.0, 165.0, 165.0, 164.4, 164.4, 164.4, 164.4, 165.7, 165.1, 165.0, 165.6, 165.0, 164.4, 165.0, 165.6, 164.4, 164.4, 164.4, 164.2, 164.4, 164.4, 163.7, 164.4, 163.7, 163.0, 163.7, 164.4, 164.4, 163.7, 164.4, 164.2, 163.7, 164.4, 164.5, 164.4, 163.7, 163.1, 163.7, 163.1, 163.0, 163.7, 163.1, 163.1, 162.5, 162.5, 163.0, 163.0, 162.5, 161.8, 163.0, 162.4, 161.8, 162.4, 161.8, 161.9, 162.5, 162.4, 163.1, 162.5, 162.5, 161.6, 161.8, 162.4, 163.0, 161.6, 162.2, 163.1, 163.6, 163.1, 163.6, 163.1, 163.9, 163.9, 163.1, 163.1, 164.4, 163.9, 163.7, 163.7, 163.7, 163.0, 163.1, 163.7, 163.6, 162.4, 162.4, 163.1, 163.0, 163.1, 163.6, 163.1, 163.9, 163.6, 163.1, 163.9, 163.7, 164.4, 164.4, 163.7, 164.4, 164.4, 163.9, 163.9, 163.6, 163.7, 164.4, 164.5, 165.1, 164.5, 164.4, 164.4, 164.5, 164.4, 163.1, 164.4, 164.5, 164.4, 164.2, 164.5, 164.4, 164.5, 164.4, 163.9, 163.9, 164.5, 164.4, 163.7, 163.7, 163.7, 164.5, 163.9, 164.5, 163.9, 163.1, 163.7, 163.9, 164.5, 163.7, 163.1, 163.3, 163.1, 165.0, 164.5, 165.1, 164.5, 164.5, 165.1, 164.4, 164.5, 164.4, 164.5, 163.7, 164.4, 164.4, 163.7, 163.7, 164.4, 163.7, 163.7, 163.7, 163.7, 164.4, 163.7, 163.7, 164.5, 165.1, 163.7, 164.5, 163.7, 164.5, 163.7, 164.4, 163.1, 163.7, 164.4, 164.4, 163.7, 163.7, 165.0, 164.4, 164.4, 164.4, 165.1, 164.4, 165.0, 164.4, 164.2, 163.6, 164.5, 163.6, 164.5, 164.4, 163.6, 164.5, 164.4, 164.4, 163.6, 164.4, 165.0, 163.6, 164.2, 163.6, 163.6, 165.0, 163.6, 163.1, 163.7, 164.2, 164.4, 165.0, 165.0, 164.5, 164.4, 164.8, 164.4, 164.4, 164.2, 164.4, 163.7]"
12,"[158.7, 158.8, 158.7, 159.5, 158.2, 158.4, 157.4, 156.4, 157.6, 156.4, 157.8, 157.2, 156.6, 157.2, 156.6, 157.0, 157.2, 156.4, 156.4, 156.4, 156.4, 156.4, 157.2, 156.4, 156.6, 157.0, 157.2, 156.0, 156.4, 157.2, 157.0, 155.8, 157.8, 156.6, 157.0, 157.0, 157.8, 156.4, 157.2, 156.4, 157.2, 156.4, 157.8, 157.0, 157.6, 157.0, 157.8, 157.8, 157.2, 156.6, 157.0, 156.6, 156.4, 157.2, 157.2, 157.2, 156.6, 157.2, 157.8, 157.0, 157.0, 157.2, 157.8, 156.6, 156.6, 156.4, 156.4, 156.6, 156.4, 157.0, 157.2, 157.2, 156.4, 157.2, 157.2, 156.6, 157.2, 156.6, 157.0, 157.2, 157.2, 157.2, 157.2, 157.8, 157.2, 156.8, 157.8, 157.8, 157.2, 156.4, 157.2, 157.2, 157.2, 157.0, 157.2, 157.0, 156.6, 156.6, 157.0, 157.6, 157.6, 156.4, 157.2, 157.0, 156.4, 156.6, 157.2, 157.0, 157.2, 157.2, 156.4, 157.0, 157.2, 156.4, 155.8, 156.4, 156.6, 157.2, 157.0, 157.8, 157.2, 157.2, 157.2, 157.8, 159.4, 159.8, 159.8, 159.8, 160.0, 159.4, 159.4, 158.8, 159.0, 159.4, 159.4, 159.2, 158.4, 158.4, 159.0, 158.4, 158.4, 159.0, 158.4, 158.4, 159.0, 159.0, 157.6, 158.8, 157.8, 158.2, 158.4, 159.0, 159.0, 159.2, 159.8, 162.9, 164.8, 166.2, 167.3, 166.7, 166.0, 166.6, 166.2, 166.8, 167.4, 166.7, 166.7, 166.7, 166.7, 166.7, 167.4, 166.7, 166.2, 165.6, 166.2, 166.0, 166.7, 167.3, 166.7, 167.2, 167.3, 166.1, 166.0, 166.7, 166.2, 166.2, 164.8, 164.8, 164.8, 164.8, 164.2, 164.8, 166.6, 167.3, 168.6, 168.7, 169.3, 168.1, 167.4, 167.4, 166.8, 166.1, 167.3, 167.4, 168.0, 169.3, 169.3, 168.7, 168.7, 169.3, 168.6, 168.7, 169.3, 168.7, 168.6, 168.1, 168.1, 166.8, 167.4, 166.8, 166.8, 167.4, 168.1, 169.3, 168.7, 168.1, 167.4, 167.4, 168.1, 167.4, 166.8, 167.4, 166.8, 166.2, 166.2, 165.5, 166.2, 168.6, 170.0, 170.5, 170.5, 171.2, 170.6, 169.3, 168.1, 167.4, 165.5, 164.8, 164.2, 164.8, 164.2, 164.2, 162.2, 162.4, 162.2, 161.8, 161.6, 161.8, 162.4, 164.2, 166.0, 167.4, 169.3, 168.6, 168.6, 168.1, 168.6, 168.0, 168.0, 168.6, 168.6, 168.7, 169.3, 169.3, 169.3, 168.7, 168.7, 168.8, 168.7, 168.6, 169.8, 169.1, 169.2, 170.5, 169.3, 168.6, 168.0, 167.4, 166.8, 168.0, 168.7, 169.4, 169.3, 168.7, 168.0, 168.0, 167.4, 166.8, 166.2, 165.6, 165.6, 165.0, 164.4, 164.4, 163.0, 162.4, 161.6, 161.6, 162.9, 162.9, 165.6, 167.4, 168.0, 168.0, 168.0, 168.6, 168.7, 168.1, 166.7, 166.2, 165.0, 164.2, 163.5, 163.0, 163.6, 161.6, 163.0, 165.0, 167.3, 168.0, 168.6, 168.1, 167.3, 166.7, 165.5, 164.8, 163.6, 163.6, 163.0, 162.4, 160.9, 161.0, 159.8, 159.6, 160.2, 159.0, 159.2, 159.8, 159.0, 159.6, 159.6, 162.4, 165.4, 167.4, 168.0, 168.7, 169.3, 168.6, 168.6, 167.4, 166.7, 165.5, 165.6, 165.6, 165.5, 166.1, 168.1, 168.7, 168.7, 166.7, 166.2, 166.2, 164.4, 163.6, 163.0, 161.6, 161.0, 159.6, 159.8, 159.2, 158.6, 159.2, 158.6, 158.6, 159.2, 159.2, 159.8, 159.2, 159.2, 159.2, 158.6, 158.6, 159.2, 158.6, 158.6, 158.6, 158.6, 159.4, 158.4, 158.8, 158.0, 158.0, 158.0, 158.6, 158.0, 157.2, 157.2, 157.4, 157.0, 157.8, 156.4, 156.4, 156.4, 155.8, 155.0, 156.4, 157.0, 156.2, 156.2, 156.4, 156.4, 155.8, 155.8, 156.4, 156.4, 155.0, 156.4, 156.4, 156.4, 155.8, 155.8, 155.6, 155.6, 156.0, 155.8, 155.8, 155.0, 156.4, 156.4, 155.6, 155.8, 156.0, 155.8, 156.4, 156.6, 156.4, 156.6, 156.6, 158.0, 157.2, 158.0, 158.6, 158.0, 157.8, 158.4, 158.6, 158.6, 157.6, 157.8, 158.0, 158.6, 158.6, 158.0, 158.6, 158.6, 158.4, 158.6, 158.6, 157.8, 158.6, 157.8, 158.2, 158.6, 157.8, 157.8, 157.8, 157.8, 157.8, 158.6, 159.2, 159.2, 158.6, 158.0, 157.8, 157.8, 157.8, 157.6, 158.8, 158.2, 157.8, 158.4, 157.8, 158.4, 157.8, 158.0, 158.2, 157.2, 157.2, 157.8, 157.8, 157.2, 158.6, 157.2, 157.2, 157.2, 157.8, 158.0, 158.0, 157.4, 158.0, 158.0, 158.6, 158.0, 158.4, 159.2, 158.6, 158.0, 159.2, 158.0, 158.6, 158.4, 158.6, 157.8, 158.8, 158.0, 157.8, 158.4, 158.4, 158.6, 158.6, 158.4, 158.6, 159.2, 158.4, 158.4, 159.2, 158.4, 158.4, 158.4, 157.2, 158.2, 158.4, 159.4, 159.4, 159.2, 159.2, 159.4, 159.4, 159.4, 159.4, 159.4, 158.6, 158.4, 159.2, 159.8, 159.8, 160.0, 160.0, 159.2, 159.2, 159.8, 160.0, 159.6, 159.2, 159.5, 160.0, 159.2, 159.2, 159.8, 159.6, 159.2, 160.0, 160.0, 159.4, 160.1, 160.0, 159.8, 159.2, 159.8, 159.8, 159.8, 159.2, 159.8, 159.2, 159.8, 160.4, 159.2, 159.8, 159.2, 159.8, 159.8, 159.8, 160.6, 160.4, 159.8, 159.8, 160.4, 159.8, 160.4, 160.4]"
12,"[160.2, 159.3, 159.5, 160.1, 158.7, 158.8, 157.4, 157.6, 158.2, 157.8, 157.8, 157.2, 157.0, 157.0, 157.8, 158.6, 158.0, 157.8, 157.8, 158.0, 157.8, 157.8, 157.8, 157.8, 157.8, 157.8, 158.0, 157.2, 157.2, 158.0, 157.8, 158.0, 157.8, 157.8, 158.0, 157.8, 157.8, 158.0, 158.4, 158.0, 157.8, 157.6, 157.8, 157.6, 157.2, 158.0, 157.8, 157.0, 157.0, 158.4, 157.0, 157.8, 157.8, 157.0, 157.0, 157.6, 157.0, 157.2, 157.8, 157.8, 157.2, 157.0, 157.0, 157.8, 157.6, 157.2, 157.6, 156.2, 157.6, 157.0, 157.6, 157.0, 156.2, 157.2, 157.0, 157.2, 157.0, 157.0, 157.8, 157.0, 157.2, 157.0, 157.2, 157.6, 157.0, 157.0, 157.6, 157.0, 157.2, 157.2, 157.6, 157.0, 157.2, 157.0, 157.0, 156.4, 157.2, 157.6, 157.0, 157.2, 156.4, 157.8, 157.0, 157.0, 156.4, 155.8, 156.4, 157.8, 157.2, 155.8, 156.4, 156.4, 157.0, 156.4, 157.6, 157.0, 157.0, 157.0, 156.4, 157.0, 157.8, 156.4, 157.0, 157.8, 157.8, 158.6, 157.8, 158.4, 157.8, 158.0, 158.6, 157.8, 157.8, 158.0, 158.6, 157.8, 158.4, 158.6, 158.6, 157.2, 158.4, 158.6, 157.8, 158.4, 158.4, 158.4, 158.4, 158.4, 158.2, 157.8, 158.4, 158.4, 158.4, 158.4, 158.4, 158.4, 158.2, 158.2, 158.4, 158.4, 158.8, 159.5, 159.8, 161.0, 163.5, 164.8, 167.4, 168.6, 168.6, 168.0, 167.4, 168.0, 168.0, 168.7, 168.1, 168.6, 168.7, 169.3, 169.4, 170.0, 168.6, 169.9, 169.9, 169.2, 169.3, 168.8, 168.7, 168.1, 168.8, 168.0, 168.1, 168.1, 167.5, 166.8, 166.2, 165.6, 166.1, 165.7, 166.2, 167.4, 168.6, 170.0, 168.6, 169.8, 169.3, 169.8, 170.6, 170.0, 169.9, 169.1, 169.8, 169.9, 170.0, 170.0, 169.3, 168.7, 168.7, 169.3, 171.8, 173.7, 174.4, 173.1, 173.7, 173.1, 171.2, 170.6, 170.6, 169.3, 168.0, 168.1, 166.8, 166.8, 166.2, 165.7, 165.0, 164.4, 164.4, 164.4, 165.0, 167.4, 169.9, 171.8, 173.1, 173.7, 173.7, 171.2, 170.6, 169.3, 168.1, 168.1, 168.1, 168.7, 168.1, 167.4, 167.4, 166.7, 168.1, 166.7, 166.2, 166.7, 166.2, 166.8, 166.1, 166.2, 166.1, 166.2, 167.4, 169.4, 173.1, 174.4, 174.4, 174.4, 173.0, 173.1, 171.2, 171.8, 173.1, 174.4, 173.1, 173.7, 174.4, 173.1, 173.7, 173.1, 173.7, 173.1, 173.1, 171.3, 171.9, 173.1, 174.4, 174.4, 175.0, 175.7, 175.0, 175.0, 175.0, 174.4, 173.8, 173.2, 173.1, 171.3, 171.3, 171.3, 170.0, 169.5, 169.4, 168.1, 168.8, 168.8, 168.8, 168.1, 167.4, 166.9, 167.5, 166.8, 167.5, 166.8, 167.4, 166.2, 166.8, 166.3, 165.7, 165.7, 164.4, 165.0, 165.7, 165.6, 165.7, 166.8, 168.7, 171.8, 173.7, 173.1, 173.1, 173.7, 173.1, 172.4, 172.4, 172.5, 170.6, 170.6, 170.6, 170.0, 170.0, 169.4, 170.0, 170.0, 171.2, 173.7, 174.4, 173.7, 174.4, 173.7, 174.4, 173.7, 174.4, 173.8, 172.5, 171.2, 171.3, 170.6, 169.3, 168.7, 167.4, 166.9, 166.3, 166.3, 165.7, 164.5, 165.0, 165.1, 165.0, 165.8, 165.0, 164.4, 164.4, 164.4, 164.4, 164.4, 163.7, 163.9, 163.6, 164.5, 164.4, 163.9, 163.7, 163.7, 163.7, 163.7, 163.6, 163.6, 163.1, 163.6, 163.6, 163.7, 163.0, 163.0, 163.0, 163.1, 162.4, 163.0, 162.4, 162.4, 162.4, 162.4, 162.4, 161.9, 161.8, 161.3, 161.9, 161.8, 161.2, 161.9, 161.8, 161.6, 161.8, 161.2, 162.5, 161.8, 161.9, 161.8, 163.0, 161.8, 161.8, 161.8, 161.2, 161.8, 161.8, 162.5, 162.5, 161.8, 161.8, 161.8, 161.0, 162.4, 161.8, 162.4, 161.6, 162.4, 161.8, 161.0, 162.4, 161.8, 161.8, 161.0, 161.2, 161.0, 161.9, 161.8, 161.6, 161.8, 161.2, 161.2, 161.8, 161.6, 161.3, 161.8, 162.4, 161.0, 161.8, 161.0, 161.2, 161.0, 161.2, 161.3, 161.8, 161.2, 161.0, 161.8, 161.8, 161.2, 161.0, 161.8, 161.8, 160.6, 161.2, 161.2, 160.6, 161.0, 161.2, 160.6, 161.0, 161.2, 161.2, 160.6, 160.6, 160.6, 161.2, 161.2, 160.6, 160.6, 160.0, 160.4, 160.4, 160.7, 160.6, 160.6, 160.6, 161.2, 161.2, 161.2, 161.2, 161.2, 161.2, 161.2, 161.9, 162.4, 161.2, 161.8, 162.5, 162.5, 161.8, 161.2, 161.8, 161.2, 162.4, 161.8, 162.4, 162.4, 161.8, 161.8, 162.4, 161.2, 161.8, 161.8, 161.8, 161.6, 161.8, 161.0, 161.6, 161.8, 161.8, 162.4, 161.8, 161.8, 161.8, 161.6, 161.2, 161.0, 161.6, 161.2, 161.0, 161.0, 161.6, 161.2, 161.9, 161.6, 161.8, 161.8, 161.8, 161.2, 161.2, 161.2, 161.0, 161.2, 161.2, 161.2, 161.6, 161.2, 160.6, 161.0, 161.8, 161.8, 161.6, 161.8, 162.4, 162.2, 161.8, 161.8, 161.8, 161.8, 161.8, 161.2, 161.8, 161.8, 161.6, 161.8, 161.6, 162.2, 161.6, 162.2, 161.8, 161.6, 161.6, 161.8, 161.8, 161.6, 162.2, 161.8, 162.4, 161.6, 161.8, 161.6, 162.2, 162.2, 161.6, 161.6, 161.2, 161.2]"
12,"[158.7, 156.8, 157.0, 157.4, 156.6, 156.0, 154.8, 154.4, 154.8, 155.8, 155.8, 156.0, 155.8, 156.4, 155.8, 155.8, 155.8, 154.8, 155.8, 155.8, 155.6, 155.3, 155.3, 155.6, 155.8, 155.8, 155.6, 155.3, 155.3, 156.4, 155.6, 156.0, 155.8, 155.6, 155.0, 155.6, 155.8, 155.6, 155.8, 156.6, 154.4, 155.8, 156.4, 155.8, 155.8, 156.0, 155.3, 154.8, 155.0, 155.0, 155.0, 155.3, 155.8, 155.8, 155.6, 156.4, 156.2, 155.8, 155.0, 155.8, 155.0, 155.8, 155.3, 155.6, 155.8, 155.8, 155.6, 156.4, 155.6, 155.6, 155.6, 155.8, 155.6, 155.3, 155.0, 155.8, 155.3, 155.0, 156.4, 155.3, 155.6, 155.6, 155.3, 155.3, 155.8, 155.3, 155.3, 155.8, 156.4, 155.6, 155.8, 155.6, 155.8, 155.0, 155.8, 155.6, 156.4, 156.2, 155.8, 156.4, 155.8, 156.4, 155.6, 156.2, 155.6, 155.0, 156.4, 156.4, 157.0, 156.4, 156.4, 156.4, 156.4, 156.4, 156.4, 155.6, 155.8, 155.6, 156.2, 156.2, 155.8, 156.4, 156.4, 156.4, 157.0, 157.0, 158.6, 159.2, 159.2, 159.2, 159.5, 159.2, 158.6, 159.8, 158.6, 159.2, 158.6, 158.6, 158.0, 158.8, 158.4, 158.4, 158.4, 157.8, 158.8, 159.2, 158.6, 158.4, 157.6, 158.4, 158.2, 157.6, 158.4, 158.2, 158.2, 157.6, 157.8, 157.8, 158.2, 160.4, 163.0, 164.1, 164.7, 164.8, 164.8, 164.7, 164.2, 164.8, 164.2, 164.2, 164.2, 164.2, 163.6, 163.6, 162.4, 163.6, 164.2, 164.8, 165.5, 166.6, 167.4, 166.7, 166.8, 167.3, 167.4, 166.7, 166.6, 166.0, 166.6, 167.4, 167.9, 167.4, 168.0, 167.4, 168.0, 166.7, 166.2, 164.2, 164.2, 164.2, 164.2, 164.4, 163.6, 163.7, 164.4, 163.6, 164.2, 164.2, 163.6, 163.6, 163.6, 163.5, 163.0, 163.0, 162.4, 162.2, 164.8, 168.0, 167.9, 169.2, 169.3, 168.6, 168.7, 168.0, 168.6, 168.7, 168.0, 168.6, 168.0, 168.5, 168.5, 168.7, 169.3, 168.6, 170.0, 170.5, 171.1, 170.5, 169.3, 167.4, 168.0, 168.1, 167.4, 166.9, 166.3, 166.2, 166.2, 165.0, 165.7, 165.6, 165.1, 164.8, 165.0, 164.8, 165.0, 164.4, 163.6, 164.4, 162.9, 163.0, 162.9, 162.2, 162.9, 162.4, 162.9, 162.4, 162.4, 163.0, 162.2, 163.0, 162.2, 162.2, 163.6, 166.0, 168.7, 170.6, 171.1, 171.1, 169.8, 169.9, 169.9, 170.0, 169.3, 169.9, 171.2, 171.2, 170.0, 170.6, 169.9, 170.6, 170.5, 171.2, 170.6, 171.2, 171.2, 171.2, 173.1, 172.4, 172.4, 171.8, 170.6, 170.0, 170.6, 170.6, 168.8, 168.8, 169.4, 168.8, 168.1, 167.5, 167.4, 168.1, 168.2, 167.5, 168.1, 166.8, 166.8, 166.8, 166.2, 166.3, 165.6, 165.6, 165.6, 165.6, 165.6, 165.6, 166.2, 166.8, 169.3, 171.8, 173.1, 173.7, 173.1, 173.1, 171.8, 171.9, 171.3, 171.3, 171.3, 171.3, 172.5, 173.1, 173.0, 174.4, 173.1, 173.7, 173.7, 173.1, 173.0, 174.4, 174.3, 174.3, 173.7, 173.1, 172.5, 171.9, 171.3, 170.6, 170.6, 169.4, 168.7, 168.8, 168.8, 168.8, 168.1, 167.5, 168.1, 166.9, 166.8, 166.9, 166.3, 165.7, 165.6, 166.3, 165.6, 165.7, 166.3, 165.0, 165.1, 165.0, 164.4, 164.8, 163.6, 164.4, 164.2, 164.8, 164.2, 164.2, 164.8, 163.6, 163.1, 163.6, 163.6, 163.6, 163.7, 163.6, 163.6, 163.7, 163.0, 163.6, 163.0, 163.0, 163.0, 162.9, 163.0, 163.0, 163.0, 161.8, 163.0, 163.0, 163.0, 163.0, 163.0, 162.4, 163.0, 163.0, 163.6, 163.7, 163.6, 163.7, 164.5, 163.6, 163.7, 164.4, 163.7, 163.7, 163.7, 163.7, 163.0, 163.7, 163.7, 163.9, 164.4, 164.4, 163.7, 163.7, 163.7, 163.7, 163.7, 163.7, 163.7, 163.0, 163.1, 163.1, 163.1, 162.5, 162.5, 162.5, 163.1, 162.4, 161.8, 162.4, 162.4, 162.4, 161.8, 161.8, 161.0, 161.9, 162.4, 161.0, 161.9, 161.8, 161.8, 161.8, 161.2, 161.3, 161.6, 161.0, 161.8, 161.8, 161.8, 161.9, 161.8, 161.9, 161.8, 161.9, 161.6, 161.2, 161.2, 161.2, 161.8, 161.0, 161.3, 161.0, 161.9, 161.8, 161.3, 161.0, 161.3, 161.0, 161.6, 161.2, 161.0, 161.2, 160.6, 161.0, 161.2, 161.0, 161.8, 161.3, 161.3, 161.2, 161.0, 161.2, 161.2, 161.8, 161.2, 161.0, 161.0, 161.8, 161.3, 161.2, 161.9, 161.8, 161.9, 162.2, 163.0, 162.9, 163.0, 162.5, 163.5, 163.1, 163.7, 163.6, 164.2, 163.7, 163.7, 164.4, 163.0, 163.1, 164.4, 164.5, 164.4, 163.6, 163.7, 163.0, 163.1, 164.2, 163.1, 163.6, 163.1, 163.5, 164.1, 163.0, 163.6, 163.6, 163.6, 163.6, 164.2, 165.0, 163.7, 164.2, 163.6, 164.2, 163.6, 163.6, 163.6, 162.9, 163.6, 163.6, 164.1, 163.7, 163.0, 162.9, 163.0, 164.2, 164.2, 162.9, 164.2, 163.6, 163.0, 164.2, 163.9, 164.4, 164.4, 165.0, 164.4, 164.2, 165.0, 164.2, 164.2, 165.0, 164.4, 164.4, 165.0, 164.8, 164.4, 165.0, 165.6, 164.4, 165.0, 165.6, 165.7, 165.0, 165.0, 165.0, 164.4, 164.4, 164.4, 165.0]"
12,"[161.6, 160.2, 160.2, 160.9, 159.6, 158.8, 158.2, 158.4, 158.6, 158.0, 158.6, 158.6, 158.6, 158.8, 159.4, 158.6, 157.8, 158.6, 158.6, 158.4, 159.2, 159.2, 159.0, 158.6, 158.6, 158.6, 158.8, 158.6, 158.6, 158.0, 158.0, 158.8, 158.2, 158.0, 157.2, 158.0, 157.4, 157.8, 158.6, 158.0, 158.0, 157.8, 157.4, 158.0, 158.0, 157.2, 157.8, 157.4, 157.4, 157.2, 157.8, 157.2, 157.4, 157.4, 157.6, 157.8, 157.8, 157.8, 158.0, 158.0, 158.0, 158.6, 158.0, 158.0, 158.0, 157.8, 157.8, 157.8, 157.8, 158.6, 157.8, 158.0, 157.6, 158.0, 157.2, 157.2, 157.2, 157.8, 157.8, 157.8, 157.2, 158.0, 157.8, 158.0, 157.4, 158.0, 157.4, 158.0, 157.8, 158.0, 157.8, 157.8, 157.8, 157.2, 158.0, 158.0, 157.2, 157.8, 157.4, 157.4, 157.4, 157.2, 158.0, 157.2, 157.8, 158.0, 158.6, 158.0, 157.8, 157.6, 157.2, 157.8, 157.8, 157.8, 157.8, 157.8, 157.2, 158.0, 158.6, 157.8, 157.8, 157.8, 158.0, 158.0, 158.6, 158.6, 159.2, 159.4, 160.0, 159.4, 158.6, 158.0, 157.8, 157.8, 157.6, 157.8, 157.8, 157.6, 157.2, 157.8, 157.2, 157.8, 157.8, 157.2, 157.2, 157.0, 157.6, 157.0, 157.0, 157.8, 157.8, 157.8, 156.4, 157.6, 157.2, 157.2, 157.0, 157.2, 156.4, 156.4, 157.6, 157.6, 157.0, 157.0, 157.0, 156.8, 157.6, 157.2, 157.2, 157.2, 157.2, 157.8, 157.6, 158.4, 161.0, 163.6, 165.0, 165.6, 165.6, 165.5, 165.0, 164.2, 164.2, 163.6, 163.6, 163.6, 162.9, 162.9, 163.0, 163.0, 163.0, 163.0, 161.5, 161.0, 162.9, 162.9, 161.8, 161.6, 163.5, 164.8, 165.6, 166.6, 166.7, 166.1, 166.1, 166.1, 165.5, 165.5, 165.6, 165.5, 165.5, 166.6, 167.3, 167.4, 168.0, 167.4, 166.1, 165.6, 165.0, 166.1, 167.4, 169.4, 170.5, 169.3, 170.0, 170.0, 168.7, 168.0, 166.8, 165.5, 165.6, 165.0, 164.4, 164.4, 163.6, 163.6, 163.7, 163.6, 163.0, 163.0, 163.1, 162.9, 162.4, 162.4, 162.4, 163.6, 164.2, 166.1, 167.4, 168.7, 170.0, 169.8, 170.0, 170.0, 170.0, 170.0, 169.3, 168.7, 167.4, 167.4, 168.7, 167.4, 167.4, 166.2, 166.2, 167.4, 168.1, 169.3, 170.0, 171.2, 171.2, 170.5, 171.3, 169.4, 168.6, 168.7, 167.4, 166.8, 165.6, 165.0, 163.5, 162.2, 162.9, 161.6, 162.9, 162.2, 162.2, 163.0, 163.0, 165.6, 168.6, 169.9, 171.2, 171.2, 171.9, 171.8, 172.4, 171.9, 171.2, 171.3, 170.6, 170.0, 169.3, 168.1, 167.4, 166.8, 167.4, 166.9, 166.2, 166.2, 166.8, 166.8, 166.9, 166.2, 166.2, 166.8, 168.8, 171.3, 173.1, 174.4, 175.7, 175.7, 175.7, 175.7, 175.7, 175.0, 175.0, 174.4, 175.0, 175.0, 175.0, 175.7, 175.7, 175.0, 175.7, 175.7, 175.0, 173.8, 173.2, 172.6, 171.9, 170.7, 169.4, 168.8, 168.1, 167.5, 168.1, 167.5, 167.5, 166.8, 167.4, 167.5, 167.5, 167.5, 166.8, 166.2, 166.2, 165.7, 165.6, 165.0, 165.7, 165.6, 165.6, 165.6, 165.0, 165.0, 165.6, 165.0, 164.5, 165.6, 165.0, 165.1, 165.0, 164.8, 165.0, 164.8, 165.0, 164.4, 165.0, 163.6, 165.6, 164.4, 164.2, 164.2, 163.7, 164.2, 163.1, 164.2, 163.7, 163.6, 163.0, 165.0, 163.9, 163.7, 163.1, 163.7, 163.7, 164.4, 163.7, 164.2, 164.5, 164.2, 165.0, 163.6, 164.8, 165.1, 165.1, 164.4, 165.5, 165.0, 165.0, 165.0, 164.5, 164.4, 165.7, 165.0, 165.0, 165.1, 165.6, 165.1, 165.7, 165.1, 165.1, 165.1, 165.1, 164.5, 165.1, 165.1, 165.1, 165.1, 165.1, 165.0, 164.4, 164.4, 164.4, 165.0, 164.4, 163.7, 164.4, 163.7, 163.7, 163.1, 163.0, 163.7, 163.1, 163.7, 163.7, 163.1, 162.4, 162.4, 162.4, 162.4, 161.2, 161.8, 162.4, 162.4, 162.2, 162.4, 162.5, 163.1, 163.1, 161.8, 162.4, 162.4, 161.9, 162.4, 162.5, 162.4, 161.8, 162.5, 162.5, 162.5, 162.5, 163.0, 163.1, 163.1, 163.1, 162.4, 163.0, 163.0, 162.4, 162.4, 163.0, 162.4, 162.5, 163.0, 162.4, 161.8, 163.0, 163.0, 162.4, 162.4, 163.0, 162.4, 161.8, 161.8, 161.2, 161.0, 161.2, 161.8, 161.8, 161.0, 161.2, 161.6, 161.2, 161.2, 161.9, 161.0, 161.9, 161.0, 161.6, 161.0, 161.0, 161.6, 161.8, 161.8, 160.4, 161.8, 161.2, 161.2, 161.0, 160.4, 161.8, 161.2, 161.6, 161.0, 161.9, 161.0, 161.3, 162.4, 161.0, 161.8, 161.0, 161.8, 161.2, 161.2, 161.2, 161.2, 161.0, 161.8, 161.2, 161.2, 161.6, 161.2, 161.9, 161.2, 161.0, 161.6, 161.6, 161.9, 161.8, 161.2, 161.6, 161.2, 161.6, 161.6, 161.6, 161.6, 161.0, 161.2, 161.8, 161.0, 161.6, 161.0, 161.0, 161.0, 161.6, 161.0, 161.0, 161.0, 161.0, 161.2, 161.0, 161.6, 161.0, 161.6, 161.6, 161.2, 161.0, 161.0, 161.6, 161.0, 161.6, 161.2, 161.0, 161.0, 161.2, 161.2, 161.6, 161.6, 161.8, 161.0, 161.6, 161.2, 161.2, 161.8, 161.2, 162.2, 161.8, 161.8]"
12,"[158.2, 158.0, 159.3, 159.5, 156.6, 156.8, 156.4, 157.0, 157.0, 156.4, 157.0, 156.4, 156.4, 156.4, 157.0, 156.4, 157.8, 157.0, 156.4, 155.6, 156.4, 155.8, 155.8, 156.4, 156.6, 156.6, 156.6, 157.0, 156.4, 156.4, 156.2, 156.4, 156.4, 156.4, 156.6, 156.4, 155.8, 155.8, 156.4, 157.0, 157.0, 157.0, 156.2, 157.0, 155.6, 156.4, 156.4, 157.0, 156.4, 156.4, 157.0, 156.4, 155.8, 155.6, 155.8, 156.4, 156.4, 157.2, 156.4, 156.4, 156.4, 156.4, 156.4, 156.4, 155.8, 155.8, 155.8, 155.8, 156.4, 156.4, 157.0, 156.4, 156.6, 156.4, 157.0, 156.4, 156.4, 156.4, 156.4, 156.4, 157.4, 156.4, 156.4, 155.3, 157.0, 157.4, 156.4, 156.4, 156.4, 156.0, 156.4, 157.0, 156.4, 155.8, 156.4, 157.0, 156.4, 155.8, 157.2, 158.0, 156.4, 156.4, 156.6, 157.2, 157.2, 157.0, 157.0, 156.4, 156.4, 156.4, 155.6, 156.4, 156.4, 156.4, 157.6, 155.8, 157.0, 156.4, 156.4, 156.6, 156.4, 155.8, 156.4, 157.2, 157.2, 157.2, 158.0, 157.2, 157.2, 157.2, 157.8, 157.8, 157.0, 158.4, 157.0, 157.2, 157.2, 156.4, 157.6, 157.2, 157.2, 157.0, 157.8, 157.6, 158.4, 158.4, 158.4, 157.8, 158.4, 159.0, 158.4, 159.6, 158.2, 158.4, 158.4, 157.6, 158.4, 157.8, 158.2, 157.8, 158.4, 158.4, 158.4, 158.4, 158.4, 159.0, 158.8, 159.2, 159.2, 159.2, 161.0, 162.9, 164.8, 166.7, 167.4, 167.3, 166.7, 166.1, 166.7, 166.0, 166.0, 165.5, 165.0, 164.8, 164.2, 164.4, 164.2, 164.1, 164.8, 166.0, 166.7, 167.3, 167.4, 167.4, 166.7, 166.7, 167.4, 166.7, 166.7, 166.1, 166.1, 165.5, 165.5, 166.7, 166.0, 166.2, 166.2, 165.5, 166.0, 168.1, 168.7, 168.8, 170.0, 170.0, 169.3, 169.3, 168.7, 168.7, 167.9, 167.4, 167.4, 168.0, 167.4, 166.7, 166.8, 166.7, 168.1, 168.1, 168.7, 168.7, 170.0, 171.2, 171.1, 170.5, 170.5, 170.5, 170.5, 169.3, 168.7, 168.6, 168.1, 168.1, 169.3, 169.9, 169.9, 171.2, 170.6, 169.3, 169.3, 168.1, 167.4, 167.4, 166.7, 166.7, 166.3, 166.3, 166.4, 166.3, 165.7, 165.7, 165.1, 165.1, 165.1, 165.7, 165.6, 165.7, 165.0, 165.1, 164.4, 164.8, 164.4, 165.0, 166.2, 168.1, 168.8, 170.6, 170.6, 171.3, 170.0, 170.0, 169.3, 169.4, 170.0, 170.0, 170.0, 170.0, 170.0, 170.0, 169.3, 170.6, 171.2, 171.3, 170.6, 171.3, 171.2, 171.3, 170.6, 170.0, 169.4, 169.4, 169.4, 168.7, 168.1, 168.7, 168.1, 167.4, 169.3, 170.6, 173.8, 173.7, 174.4, 174.4, 173.7, 173.1, 171.3, 170.0, 170.6, 171.8, 173.1, 173.7, 174.4, 175.0, 173.7, 173.1, 171.3, 170.7, 171.3, 170.7, 168.8, 168.8, 168.1, 167.5, 167.5, 168.1, 168.2, 170.0, 172.5, 173.1, 173.8, 173.7, 175.0, 173.1, 171.9, 171.3, 171.3, 171.3, 170.6, 170.1, 169.5, 168.1, 167.4, 166.8, 168.1, 168.7, 170.1, 171.9, 173.1, 173.1, 174.4, 172.5, 172.5, 171.9, 170.6, 170.0, 168.8, 167.5, 167.5, 167.4, 167.5, 166.8, 166.3, 165.7, 165.7, 164.4, 165.0, 165.0, 165.1, 164.4, 164.4, 164.4, 164.4, 165.0, 164.4, 165.0, 164.4, 164.4, 163.7, 163.7, 164.4, 163.7, 163.0, 163.1, 163.0, 162.2, 161.0, 162.5, 161.6, 161.8, 161.2, 160.6, 160.6, 161.0, 161.2, 161.2, 160.4, 160.4, 161.2, 160.6, 160.6, 161.2, 161.2, 161.2, 160.6, 161.2, 161.2, 160.6, 160.4, 160.6, 160.6, 160.6, 161.2, 160.6, 160.6, 161.0, 160.6, 160.6, 160.4, 160.6, 160.6, 160.2, 161.2, 160.7, 161.0, 160.6, 160.6, 160.0, 160.4, 160.4, 161.2, 159.8, 159.8, 160.4, 159.8, 161.2, 161.2, 160.0, 161.2, 160.6, 160.6, 160.6, 161.2, 161.2, 161.8, 160.6, 161.2, 161.2, 161.2, 161.2, 161.2, 160.7, 161.2, 161.3, 160.6, 161.8, 160.6, 160.6, 160.6, 161.2, 161.2, 161.3, 161.2, 160.6, 161.2, 161.2, 160.6, 161.2, 161.2, 160.6, 160.6, 160.6, 160.6, 161.2, 161.2, 161.3, 160.7, 161.8, 161.2, 160.4, 161.2, 160.6, 161.3, 161.3, 160.6, 161.2, 160.6, 160.6, 160.6, 161.2, 161.0, 160.6, 161.2, 161.2, 161.3, 161.2, 160.6, 161.2, 160.6, 160.7, 160.6, 160.6, 160.6, 160.6, 161.3, 161.2, 160.6, 161.2, 161.3, 161.2, 160.7, 161.2, 161.2, 161.2, 161.3, 161.2, 160.6, 161.2, 160.6, 161.3, 161.9, 161.3, 161.2, 161.2, 161.2, 161.2, 160.6, 161.2, 160.6, 160.7, 161.2, 160.6, 161.3, 161.2, 161.2, 161.0, 161.2, 160.6, 160.7, 160.6, 161.2, 160.7, 160.7, 161.3, 161.3, 161.3, 160.6, 161.0, 161.0, 161.2, 161.2, 160.6, 161.2, 161.2, 161.2, 160.6, 160.6, 160.6, 160.6, 160.6, 160.6, 160.7, 160.6, 160.6, 161.2, 160.7, 161.3, 161.2, 160.6, 160.6, 161.2, 161.3, 161.2, 161.2, 161.2, 161.2, 160.7, 160.7, 161.3, 161.3, 160.7, 161.2, 160.7, 161.2, 160.0, 160.6, 161.3, 160.6, 160.6, 161.2, 160.7, 160.7]"
12,"[160.9, 160.1, 160.2, 159.6, 159.6, 159.6, 159.0, 158.6, 159.2, 158.6, 157.8, 158.0, 158.6, 158.4, 158.6, 157.8, 158.0, 157.2, 157.8, 158.0, 157.8, 157.2, 157.8, 158.0, 158.6, 157.2, 158.0, 158.0, 158.0, 159.0, 157.8, 157.8, 158.6, 157.8, 158.4, 159.2, 158.4, 158.6, 159.2, 158.6, 158.6, 158.6, 158.6, 159.2, 158.6, 157.8, 158.6, 158.6, 158.8, 159.2, 158.8, 158.0, 158.2, 158.8, 158.0, 157.8, 157.8, 158.8, 157.8, 158.4, 158.6, 158.4, 158.0, 158.4, 157.8, 158.4, 158.4, 159.0, 158.6, 158.4, 158.6, 158.4, 158.0, 158.6, 158.6, 158.6, 158.4, 157.8, 158.4, 158.4, 158.0, 158.0, 158.8, 158.8, 158.0, 158.6, 158.8, 158.8, 158.0, 158.6, 158.0, 158.4, 158.6, 157.8, 158.0, 157.8, 158.4, 157.8, 158.8, 158.6, 158.4, 158.4, 157.8, 157.8, 158.4, 158.6, 157.8, 158.6, 158.6, 158.6, 158.0, 159.2, 157.8, 158.6, 157.8, 159.2, 158.4, 158.8, 159.2, 158.8, 158.6, 159.0, 158.6, 159.4, 160.2, 161.2, 160.4, 161.3, 160.4, 161.8, 161.2, 160.6, 160.6, 160.6, 160.6, 160.0, 160.0, 160.0, 160.0, 160.0, 160.0, 160.0, 160.0, 160.0, 160.0, 160.0, 159.4, 160.0, 159.2, 160.0, 160.0, 159.2, 159.2, 160.0, 159.4, 159.2, 159.2, 159.4, 159.6, 159.8, 159.2, 159.4, 159.8, 159.4, 160.0, 160.0, 159.2, 159.8, 159.2, 159.4, 160.0, 159.4, 159.4, 159.4, 159.4, 159.2, 159.0, 159.2, 159.0, 159.8, 159.8, 159.8, 159.2, 159.8, 159.2, 158.4, 159.2, 158.4, 159.8, 159.2, 159.2, 159.8, 158.4, 159.2, 159.0, 158.2, 159.6, 158.6, 159.0, 159.0, 159.8, 159.0, 159.4, 161.8, 163.6, 165.6, 166.7, 167.3, 167.4, 167.3, 166.7, 166.0, 165.6, 165.5, 165.0, 164.7, 164.2, 164.8, 164.2, 164.8, 164.8, 164.8, 165.5, 166.2, 166.6, 168.0, 168.6, 168.5, 168.6, 168.6, 167.3, 168.0, 167.3, 166.7, 167.4, 168.0, 167.9, 167.3, 166.7, 167.4, 168.0, 168.6, 169.2, 168.5, 168.0, 167.4, 166.7, 166.7, 167.4, 167.4, 166.6, 166.7, 166.7, 166.8, 167.4, 168.6, 169.9, 173.1, 172.4, 171.1, 170.5, 170.6, 168.6, 168.7, 168.7, 168.6, 168.1, 168.0, 168.0, 168.1, 167.4, 168.6, 167.4, 167.4, 166.8, 166.8, 166.2, 166.8, 168.7, 169.9, 170.5, 171.2, 171.9, 170.6, 169.3, 169.3, 169.3, 168.7, 168.7, 168.7, 169.3, 171.2, 171.1, 171.8, 172.4, 171.8, 172.4, 173.0, 172.4, 173.1, 174.4, 173.7, 173.1, 171.8, 171.2, 170.5, 170.0, 168.8, 168.7, 168.8, 168.1, 168.7, 168.8, 167.4, 167.5, 168.1, 171.2, 173.7, 173.1, 171.8, 171.8, 171.9, 170.6, 169.3, 169.3, 169.3, 168.7, 168.7, 168.7, 168.8, 168.1, 168.0, 167.4, 167.4, 166.2, 166.3, 166.3, 166.2, 166.2, 166.3, 166.3, 165.6, 165.6, 166.3, 166.2, 166.2, 165.6, 165.6, 165.6, 166.1, 167.4, 168.6, 170.6, 170.5, 171.2, 171.2, 171.1, 171.2, 171.8, 171.8, 170.5, 170.0, 170.6, 171.8, 172.4, 172.4, 171.8, 171.2, 171.2, 170.6, 170.0, 170.0, 169.4, 168.1, 168.1, 167.5, 168.1, 167.5, 168.7, 168.1, 167.5, 167.4, 166.8, 166.8, 166.8, 166.3, 165.6, 165.7, 166.3, 166.3, 165.6, 165.0, 165.7, 164.5, 164.5, 165.1, 164.4, 163.9, 163.7, 163.5, 163.7, 163.0, 163.6, 163.6, 163.6, 163.6, 163.0, 162.4, 163.6, 163.1, 163.6, 162.4, 162.4, 162.4, 162.4, 161.8, 162.4, 161.6, 161.2, 162.4, 162.4, 162.4, 161.8, 162.4, 162.4, 162.4, 162.5, 162.5, 162.4, 161.8, 161.8, 161.9, 161.8, 161.8, 161.8, 162.5, 161.9, 162.4, 161.8, 163.1, 161.8, 162.5, 162.4, 161.8, 161.9, 162.5, 162.5, 161.2, 161.8, 161.2, 162.5, 161.2, 162.4, 161.8, 161.8, 161.2, 161.8, 161.8, 161.8, 161.9, 161.8, 161.8, 161.8, 161.8, 161.2, 161.9, 161.8, 161.8, 161.8, 161.2, 161.8, 161.2, 161.8, 161.2, 161.8, 161.2, 161.8, 162.5, 161.8, 162.5, 161.9, 162.4, 161.8, 161.8, 161.8, 161.8, 161.2, 161.2, 161.8, 161.8, 162.4, 161.2, 161.9, 161.8, 161.9, 162.5, 161.2, 161.2, 161.8, 161.8, 161.8, 161.9, 161.8, 161.8, 162.2, 162.4, 161.8, 162.5, 161.9, 161.9, 161.8, 161.8, 161.9, 162.5, 161.8, 161.8, 161.8, 162.4, 161.8, 161.8, 161.8, 161.9, 161.8, 161.8, 161.8, 161.8, 161.9, 161.8, 162.5, 162.4, 161.8, 161.8, 161.8, 162.5, 162.5, 162.4, 161.8, 161.2, 161.8, 161.8, 162.4, 161.8, 161.9, 161.9, 161.8, 162.4, 161.8, 161.8, 162.5, 162.5, 163.1, 162.5, 163.0, 162.4, 162.5, 163.1, 163.1, 162.5, 163.1, 163.6, 163.0, 163.0, 163.0, 163.1, 163.0, 162.5, 162.5, 163.0, 162.4, 162.5, 163.1, 163.7, 163.0, 163.0, 163.1, 163.7, 163.1, 162.5, 163.0, 163.1, 163.1, 163.1, 163.1, 162.5, 163.1, 163.0, 163.1, 162.4, 162.4, 163.1, 162.4, 163.1, 163.1, 163.1, 163.7, 162.4, 163.1, 163.1, 162.5, 163.1]"
12,"[162.4, 161.0, 161.0, 160.7, 159.8, 159.6, 159.8, 159.4, 159.4, 159.4, 158.8, 158.6, 160.0, 159.4, 158.8, 158.6, 159.4, 158.6, 159.4, 159.2, 159.4, 158.8, 160.0, 159.4, 159.2, 159.4, 158.8, 159.4, 158.6, 158.6, 158.8, 158.6, 159.4, 160.0, 159.2, 159.2, 158.6, 159.4, 159.8, 158.8, 158.6, 159.2, 159.2, 159.8, 159.2, 159.2, 158.6, 159.2, 158.6, 159.4, 158.0, 158.8, 158.6, 158.6, 159.2, 159.2, 158.6, 159.2, 159.2, 159.2, 159.2, 159.4, 159.2, 158.6, 158.6, 159.2, 159.2, 159.8, 158.6, 158.6, 159.8, 158.6, 159.2, 159.4, 159.2, 158.6, 158.6, 158.6, 159.2, 159.2, 159.4, 159.2, 159.2, 158.6, 158.6, 159.2, 159.4, 158.6, 158.6, 158.6, 158.6, 159.0, 158.6, 158.0, 159.0, 158.6, 158.6, 159.2, 158.8, 159.2, 158.6, 158.6, 159.2, 158.6, 158.0, 158.4, 158.6, 159.2, 159.2, 158.4, 159.2, 158.6, 159.2, 159.8, 158.6, 159.2, 158.6, 158.6, 159.2, 158.6, 158.4, 159.2, 158.6, 159.2, 159.2, 158.0, 158.6, 159.2, 159.2, 158.6, 159.8, 159.2, 158.8, 158.8, 158.8, 159.4, 160.0, 159.4, 160.0, 160.0, 160.0, 159.4, 160.0, 159.4, 159.8, 159.4, 160.0, 160.4, 160.6, 160.0, 160.0, 161.2, 160.6, 160.6, 159.8, 160.6, 160.0, 160.6, 160.4, 161.2, 160.4, 160.4, 161.0, 160.6, 161.2, 161.8, 161.8, 161.8, 161.8, 161.9, 161.2, 161.8, 161.8, 161.8, 161.8, 161.2, 161.8, 162.4, 163.1, 163.0, 164.4, 165.6, 166.1, 167.4, 167.4, 168.1, 168.6, 168.1, 167.4, 168.1, 167.4, 166.8, 167.4, 166.1, 167.4, 167.4, 168.7, 168.7, 168.6, 167.4, 168.1, 168.1, 167.4, 166.7, 167.4, 168.0, 166.7, 166.7, 167.4, 168.6, 169.3, 170.5, 170.0, 170.0, 169.3, 169.3, 168.8, 169.4, 168.0, 168.0, 168.1, 168.1, 167.4, 167.4, 166.8, 166.7, 166.2, 165.0, 165.6, 165.0, 165.0, 165.6, 166.8, 168.1, 169.3, 170.0, 169.3, 169.3, 170.0, 170.0, 170.0, 170.0, 170.6, 170.0, 168.7, 169.4, 170.6, 171.8, 170.6, 171.8, 172.5, 172.4, 171.8, 173.1, 171.8, 172.4, 173.1, 171.8, 170.5, 170.0, 170.0, 169.4, 170.6, 171.1, 173.1, 173.1, 171.8, 170.6, 170.6, 169.3, 169.3, 168.1, 167.4, 166.1, 166.8, 166.1, 165.6, 165.7, 165.5, 165.1, 165.6, 165.6, 166.7, 168.1, 169.9, 170.6, 171.3, 170.6, 170.6, 170.0, 170.0, 170.0, 170.0, 169.3, 170.0, 169.4, 168.7, 168.8, 168.1, 168.1, 168.1, 169.3, 170.6, 171.2, 172.5, 171.8, 171.8, 172.4, 171.2, 171.3, 171.2, 171.8, 171.2, 173.1, 173.1, 173.1, 171.3, 171.9, 173.1, 173.8, 170.7, 170.6, 171.3, 170.6, 168.8, 169.3, 170.5, 171.2, 171.2, 172.4, 171.8, 171.2, 171.3, 171.3, 170.1, 169.4, 168.1, 167.4, 167.4, 167.4, 166.8, 166.8, 166.8, 166.8, 168.7, 170.0, 170.0, 171.3, 171.3, 170.6, 170.0, 169.3, 170.0, 169.4, 168.8, 169.3, 170.6, 170.6, 171.9, 172.5, 173.1, 173.1, 173.7, 173.1, 171.3, 170.6, 170.0, 170.0, 168.8, 167.4, 167.4, 166.8, 166.3, 165.7, 164.4, 164.5, 163.7, 163.1, 163.6, 163.7, 163.7, 163.6, 163.7, 162.4, 163.0, 163.7, 163.0, 163.0, 162.2, 162.4, 162.4, 162.4, 161.8, 161.2, 161.2, 161.2, 160.4, 161.2, 161.2, 160.6, 160.0, 160.4, 160.0, 160.6, 161.2, 160.6, 161.2, 160.6, 159.8, 160.0, 159.8, 160.6, 160.0, 160.6, 160.6, 159.8, 159.8, 160.6, 160.6, 161.2, 160.6, 160.6, 160.6, 160.0, 160.6, 159.8, 160.6, 160.6, 160.6, 160.6, 160.6, 160.0, 160.0, 159.2, 159.8, 159.6, 159.2, 159.0, 159.2, 159.2, 159.2, 159.2, 158.6, 159.2, 159.8, 158.6, 159.2, 158.6, 159.2, 158.0, 158.4, 159.2, 159.4, 159.4, 159.2, 159.2, 158.6, 159.2, 158.6, 159.2, 159.2, 158.4, 158.6, 159.2, 158.6, 158.6, 158.6, 158.8, 159.2, 159.2, 159.2, 159.2, 158.6, 159.2, 158.6, 159.2, 158.6, 158.6, 159.2, 158.6, 158.6, 158.6, 158.6, 159.2, 158.6, 159.2, 158.6, 159.2, 159.8, 158.6, 159.2, 159.2, 159.2, 159.2, 159.2, 159.8, 158.6, 158.6, 158.6, 159.2, 159.2, 159.2, 159.8, 159.2, 159.2, 159.2, 158.6, 159.2, 158.6, 158.4, 159.2, 159.8, 159.2, 159.2, 159.2, 159.2, 159.2, 159.2, 159.8, 160.4, 159.2, 159.8, 159.8, 160.0, 160.0, 159.0, 159.8, 160.0, 160.0, 159.2, 160.4, 160.0, 160.6, 160.6, 161.2, 161.9, 161.8, 161.2, 161.2, 161.2, 161.8, 161.2, 161.2, 161.2, 162.5, 161.3, 161.9, 161.2, 162.4, 162.4, 161.9, 161.3, 161.2, 161.2, 161.0, 161.8, 161.2, 161.2, 161.8, 161.2, 161.9, 161.9, 161.2, 161.8, 161.8, 161.9, 161.2, 161.3, 161.9, 161.9, 161.9, 161.2, 161.3, 161.2, 161.3, 161.2, 161.9, 161.2, 161.9, 161.8, 161.8, 162.4, 162.4, 161.2, 161.8, 161.8, 161.8, 161.9, 162.4, 161.2, 161.8, 162.4, 161.8, 161.9, 162.5, 161.8, 162.5, 162.4, 161.9, 161.9]"
12,"[161.8, 160.9, 161.0, 159.8, 159.6, 159.6, 158.6, 159.2, 159.2, 159.0, 158.4, 158.6, 158.6, 159.4, 158.6, 158.6, 158.6, 158.4, 158.6, 158.4, 159.0, 158.4, 159.2, 158.6, 158.6, 158.4, 158.4, 159.0, 159.0, 158.6, 158.4, 158.6, 159.0, 158.4, 158.6, 158.6, 158.6, 158.6, 159.0, 158.8, 158.6, 159.0, 158.0, 158.0, 158.4, 157.8, 158.0, 159.2, 158.6, 158.4, 159.2, 158.6, 158.0, 158.4, 159.2, 158.4, 158.6, 158.6, 158.4, 158.4, 157.8, 157.8, 157.6, 157.8, 158.6, 157.8, 157.8, 157.8, 158.0, 158.8, 158.6, 158.6, 158.4, 158.6, 158.6, 158.8, 158.4, 158.4, 158.6, 157.8, 158.6, 158.4, 158.6, 158.4, 158.6, 158.6, 158.4, 158.6, 158.4, 157.8, 158.2, 158.4, 158.4, 157.6, 158.4, 157.8, 158.4, 157.8, 158.4, 158.6, 158.4, 158.0, 158.0, 157.4, 157.8, 157.8, 157.4, 157.0, 158.6, 157.6, 158.0, 157.6, 157.2, 158.0, 158.4, 158.4, 157.8, 157.8, 157.6, 157.8, 158.2, 157.8, 158.6, 158.6, 160.0, 159.4, 159.4, 159.2, 159.8, 159.2, 159.2, 159.8, 159.4, 158.6, 158.6, 158.6, 159.2, 158.0, 157.8, 158.2, 158.0, 158.4, 158.6, 159.0, 158.4, 158.6, 159.0, 159.2, 158.6, 159.4, 158.8, 159.2, 159.0, 159.2, 158.4, 159.4, 159.4, 159.2, 159.4, 158.6, 158.6, 158.6, 157.8, 159.2, 158.6, 159.0, 158.6, 158.6, 158.6, 158.6, 159.2, 159.8, 159.2, 158.6, 158.4, 158.6, 159.2, 159.8, 159.4, 159.2, 158.4, 159.2, 158.6, 158.4, 158.4, 158.6, 159.2, 159.2, 159.0, 159.2, 159.0, 159.8, 159.0, 158.2, 159.0, 159.2, 158.4, 158.2, 159.0, 158.8, 159.0, 158.4, 158.4, 158.4, 158.2, 158.4, 157.6, 158.8, 159.0, 158.8, 158.8, 159.0, 158.4, 158.2, 159.0, 158.2, 158.8, 158.2, 158.2, 161.5, 160.7, 162.2, 163.5, 164.0, 164.8, 165.5, 166.0, 165.4, 165.8, 167.2, 166.5, 167.4, 166.6, 167.3, 166.0, 165.8, 166.4, 166.5, 166.6, 165.9, 167.2, 167.2, 167.2, 167.1, 167.2, 167.3, 167.3, 167.3, 167.4, 167.3, 166.5, 167.3, 166.6, 166.7, 166.1, 166.2, 167.4, 167.3, 167.9, 167.9, 167.9, 169.2, 168.5, 169.3, 169.2, 169.3, 169.8, 169.8, 169.2, 169.1, 169.2, 169.2, 169.2, 169.8, 169.8, 169.2, 169.3, 169.2, 168.6, 168.5, 167.9, 168.5, 167.8, 167.9, 168.0, 167.9, 169.3, 169.1, 169.3, 169.3, 168.6, 167.9, 168.5, 167.9, 168.0, 167.9, 167.9, 166.8, 167.4, 168.0, 169.3, 169.8, 170.5, 170.5, 169.9, 170.5, 170.5, 169.8, 169.8, 169.8, 169.2, 169.8, 169.2, 169.8, 170.5, 170.4, 170.5, 171.1, 171.8, 171.8, 170.5, 169.8, 170.5, 169.3, 168.7, 168.0, 168.7, 168.1, 167.4, 166.9, 166.8, 166.3, 165.7, 165.7, 166.2, 165.6, 166.8, 168.1, 169.8, 170.5, 171.8, 172.4, 171.1, 171.2, 171.2, 170.5, 169.8, 170.5, 170.5, 169.9, 169.9, 171.8, 171.7, 171.8, 171.8, 171.1, 171.2, 171.2, 171.1, 171.8, 171.8, 171.2, 170.5, 169.3, 168.8, 168.1, 168.1, 166.8, 166.7, 166.2, 166.8, 165.6, 165.6, 165.7, 165.6, 165.0, 165.1, 165.6, 164.5, 165.7, 165.6, 164.4, 164.4, 164.5, 164.2, 163.7, 164.4, 163.7, 163.7, 164.2, 163.6, 163.7, 163.7, 163.1, 163.6, 164.4, 163.7, 163.1, 163.0, 163.0, 163.0, 163.0, 162.5, 162.2, 161.6, 161.0, 161.6, 161.2, 161.6, 160.4, 160.4, 161.0, 161.6, 161.0, 160.4, 160.4, 161.2, 161.0, 161.0, 161.2, 161.2, 160.6, 161.8, 161.2, 160.4, 160.6, 160.6, 159.8, 160.0, 159.8, 160.0, 159.4, 159.2, 160.0, 159.8, 160.0, 160.0, 160.6, 160.0, 160.0, 160.0, 159.4, 160.0, 159.8, 160.0, 160.0, 160.0, 159.2, 160.0, 160.0, 160.0, 159.2, 160.0, 159.4, 160.0, 160.0, 159.4, 159.4, 159.4, 159.4, 159.2, 158.8, 158.8, 159.4, 158.8, 158.6, 158.6, 158.6, 158.8, 158.8, 158.8, 158.8, 158.8, 158.8, 158.8, 158.8, 158.8, 158.6, 159.4, 159.2, 158.6, 159.2, 158.8, 158.6, 158.8, 158.4, 159.0, 158.8, 158.6, 158.6, 158.0, 158.6, 158.6, 158.6, 158.0, 159.0, 158.8, 158.6, 158.8, 157.8, 158.2, 159.2, 157.8, 158.6, 158.4, 157.8, 158.8, 157.8, 158.6, 158.0, 158.6, 158.4, 158.8, 158.6, 159.4, 158.4, 159.2, 159.4, 159.0, 158.6, 159.2, 159.2, 159.2, 158.4, 158.6, 158.6, 159.2, 159.2, 159.8, 160.4, 160.2, 161.9, 161.2, 161.2, 161.2, 160.6, 161.8, 161.2, 161.3, 161.2, 161.8, 161.2, 161.2, 161.2, 161.2, 160.4, 161.3, 161.9, 161.0, 161.2, 160.6, 161.2, 161.2, 161.9, 161.2, 161.3, 160.4, 161.2, 161.0, 161.9, 161.9, 161.8, 161.2, 161.2, 161.0, 161.8, 161.9, 161.8, 161.9, 161.8, 161.9, 162.5, 161.9, 162.4, 163.1, 161.8, 162.5, 162.4, 161.9, 161.8, 161.9, 161.8, 161.2, 161.9, 161.8, 161.8, 161.8, 161.8, 161.9, 161.8, 161.8, 161.0, 162.5, 161.6, 162.5, 161.8, 163.0, 163.1, 163.1, 162.5]"
12,"[159.0, 157.4, 158.0, 159.5, 158.8, 158.2, 156.8, 157.2, 157.2, 156.6, 156.6, 156.6, 157.2, 156.6, 156.4, 156.4, 156.4, 155.8, 156.6, 155.8, 156.6, 156.4, 156.0, 155.8, 155.8, 155.8, 155.8, 156.4, 156.4, 156.6, 155.8, 155.8, 156.4, 156.4, 155.8, 155.8, 155.8, 155.8, 155.8, 156.6, 155.8, 155.8, 156.0, 156.4, 155.8, 155.8, 155.8, 155.8, 155.8, 155.8, 155.6, 156.4, 155.8, 156.2, 155.6, 155.8, 156.4, 155.8, 155.8, 155.3, 156.4, 156.6, 156.4, 156.4, 157.2, 155.8, 156.6, 156.4, 156.0, 157.0, 157.0, 156.4, 156.4, 156.6, 156.6, 156.4, 157.0, 156.4, 155.8, 155.8, 156.4, 155.8, 156.4, 156.4, 155.8, 155.8, 155.8, 155.8, 155.8, 155.8, 157.2, 156.4, 156.6, 156.4, 157.0, 155.8, 156.0, 156.2, 156.4, 156.0, 156.4, 156.4, 157.0, 155.3, 156.4, 155.8, 156.4, 156.4, 155.8, 156.4, 155.8, 155.8, 155.8, 156.4, 155.8, 155.6, 155.8, 155.0, 156.4, 156.4, 156.4, 155.3, 157.0, 157.2, 157.8, 158.4, 160.0, 161.2, 160.6, 160.0, 160.0, 160.0, 159.8, 159.2, 159.2, 160.6, 159.2, 159.2, 159.2, 159.2, 159.4, 159.0, 159.2, 159.2, 159.2, 159.0, 159.2, 159.0, 159.8, 159.4, 159.0, 159.4, 159.0, 159.8, 159.8, 159.8, 160.0, 159.0, 159.8, 159.8, 159.6, 159.8, 159.8, 159.0, 158.4, 158.6, 159.8, 159.0, 159.6, 159.6, 159.6, 159.0, 159.8, 159.8, 159.8, 162.2, 163.6, 164.8, 166.2, 165.6, 165.4, 165.6, 165.5, 166.7, 165.5, 165.4, 166.1, 166.0, 166.1, 166.7, 166.2, 166.0, 166.1, 166.0, 166.7, 167.4, 167.4, 166.7, 167.4, 167.4, 168.7, 166.7, 166.0, 166.8, 166.8, 166.7, 167.4, 166.6, 167.4, 167.4, 167.4, 166.8, 165.6, 165.6, 165.7, 164.8, 165.7, 166.1, 166.2, 165.6, 165.6, 166.2, 165.6, 165.0, 165.6, 165.0, 164.8, 164.4, 164.2, 164.4, 164.5, 164.4, 166.1, 168.7, 170.0, 171.1, 171.1, 170.5, 170.5, 170.5, 170.5, 169.3, 169.3, 169.9, 169.9, 169.9, 170.5, 170.5, 171.2, 171.8, 169.9, 170.0, 170.5, 170.5, 171.8, 171.2, 170.0, 170.0, 169.4, 169.3, 169.3, 169.3, 168.8, 167.5, 167.5, 167.5, 167.4, 166.9, 166.2, 166.9, 166.2, 166.3, 165.6, 166.3, 166.8, 166.2, 166.2, 166.3, 165.6, 165.6, 165.0, 165.6, 165.6, 166.2, 166.3, 165.6, 166.1, 168.7, 169.3, 171.1, 171.8, 171.2, 172.4, 172.4, 172.4, 171.8, 171.8, 173.1, 173.1, 173.7, 173.0, 172.4, 171.8, 172.4, 173.1, 173.1, 173.1, 172.4, 171.8, 170.5, 170.6, 170.0, 169.3, 170.0, 170.0, 169.9, 170.0, 170.6, 171.3, 172.5, 175.7, 174.3, 173.1, 173.1, 170.6, 170.0, 169.4, 169.3, 168.7, 168.1, 168.1, 168.1, 168.7, 167.5, 167.4, 166.9, 167.4, 167.4, 166.7, 166.2, 166.2, 166.1, 166.2, 166.7, 165.6, 165.6, 164.2, 164.2, 164.4, 164.2, 163.6, 163.6, 164.2, 165.0, 167.4, 169.3, 170.0, 171.2, 172.4, 171.8, 172.4, 172.4, 173.1, 173.1, 170.5, 171.3, 170.6, 169.3, 169.3, 168.1, 166.7, 165.6, 164.8, 164.2, 163.6, 163.0, 163.0, 163.1, 163.6, 162.5, 163.0, 162.4, 162.4, 162.4, 161.8, 161.6, 161.8, 161.0, 161.0, 160.6, 160.4, 159.8, 160.0, 159.8, 160.6, 159.8, 160.0, 159.8, 159.0, 159.2, 159.0, 158.4, 158.4, 159.0, 158.4, 159.0, 158.4, 158.4, 158.0, 158.0, 157.2, 157.0, 157.6, 157.6, 157.0, 157.0, 157.6, 158.0, 158.0, 157.8, 158.4, 158.0, 158.0, 157.8, 158.0, 158.6, 158.0, 158.0, 158.6, 158.6, 158.6, 158.8, 158.4, 158.6, 158.4, 159.8, 159.2, 158.0, 158.6, 158.6, 158.6, 158.0, 158.0, 158.0, 158.0, 158.0, 157.8, 158.6, 157.8, 158.6, 158.0, 158.0, 157.8, 158.0, 158.0, 157.8, 157.4, 157.8, 158.6, 157.8, 157.4, 157.0, 157.2, 157.2, 157.2, 157.8, 157.2, 157.8, 157.2, 157.2, 157.2, 157.2, 157.2, 155.5, 156.4, 156.4, 155.8, 157.2, 157.4, 156.6, 157.2, 157.4, 157.4, 157.4, 157.0, 157.2, 157.4, 157.2, 157.2, 156.6, 156.6, 157.2, 156.6, 156.8, 156.6, 157.2, 156.4, 157.2, 156.2, 156.4, 156.6, 155.8, 156.0, 156.4, 156.6, 156.6, 156.4, 156.4, 156.8, 157.4, 156.4, 156.0, 155.8, 155.6, 156.6, 155.8, 155.8, 156.4, 156.4, 157.0, 155.6, 155.8, 155.8, 156.4, 156.6, 156.8, 156.4, 156.0, 156.4, 156.4, 156.6, 156.4, 157.2, 156.6, 157.2, 156.4, 157.2, 157.4, 157.4, 158.0, 157.8, 158.6, 158.8, 158.6, 158.8, 158.6, 158.8, 159.2, 158.6, 159.4, 159.2, 158.2, 159.4, 159.2, 158.6, 159.4, 158.0, 159.2, 158.0, 158.0, 157.8, 158.8, 159.2, 159.4, 159.2, 158.6, 158.4, 158.8, 158.8, 160.6, 159.2, 160.0, 160.0, 160.6, 160.1, 160.6, 160.0, 160.6, 161.2, 160.6, 160.7, 161.3, 160.6, 160.4, 160.6, 160.6, 160.4, 160.4, 160.4, 161.0, 160.6, 160.6, 160.6, 160.1, 161.3, 161.0, 161.2, 161.2, 161.2, 161.0]"
12,"[160.2, 159.6, 159.5, 158.7, 158.8, 158.4, 157.6, 157.2, 158.4, 157.2, 157.2, 156.6, 156.6, 157.2, 158.0, 157.2, 157.2, 157.2, 156.6, 157.2, 157.2, 156.4, 156.6, 157.2, 157.2, 157.2, 155.8, 156.0, 157.2, 156.4, 157.2, 157.0, 157.0, 157.2, 156.4, 155.8, 156.6, 157.2, 156.6, 157.8, 156.6, 155.8, 156.4, 156.6, 155.8, 156.6, 156.4, 156.6, 156.0, 156.4, 156.0, 157.0, 157.2, 157.2, 157.2, 157.8, 157.2, 155.8, 156.6, 156.6, 156.6, 156.6, 157.2, 156.6, 157.0, 156.4, 156.6, 155.6, 156.6, 155.8, 156.4, 156.6, 156.0, 156.6, 156.4, 156.4, 156.6, 155.8, 156.4, 156.6, 156.4, 156.4, 155.8, 155.8, 155.8, 157.0, 155.8, 156.0, 157.2, 156.6, 156.4, 156.4, 156.4, 157.0, 156.4, 155.8, 156.6, 156.4, 156.2, 155.6, 155.8, 156.2, 155.8, 156.6, 155.8, 156.0, 156.4, 155.8, 155.8, 155.8, 156.4, 155.8, 155.6, 156.2, 155.8, 156.2, 155.8, 156.6, 156.0, 155.8, 155.8, 155.8, 155.8, 157.0, 157.0, 158.6, 158.6, 159.2, 159.8, 159.2, 159.8, 159.8, 158.6, 159.0, 159.0, 159.8, 159.8, 159.8, 160.0, 159.8, 160.2, 159.4, 159.6, 159.6, 160.4, 159.8, 159.8, 160.2, 161.8, 161.2, 160.4, 161.2, 161.2, 161.2, 160.2, 161.2, 161.2, 161.2, 161.6, 161.0, 162.4, 162.4, 161.6, 162.4, 162.2, 162.2, 162.2, 163.0, 162.4, 162.2, 162.4, 162.2, 163.0, 163.0, 162.4, 162.4, 162.2, 162.4, 163.0, 163.0, 162.4, 162.2, 163.0, 162.4, 162.4, 163.0, 162.2, 162.4, 162.2, 162.4, 162.4, 161.8, 162.4, 163.0, 163.6, 163.0, 163.6, 164.2, 163.6, 164.2, 164.2, 164.2, 164.4, 164.2, 164.8, 164.8, 165.6, 165.0, 164.4, 164.4, 163.6, 164.8, 165.0, 165.0, 165.0, 165.5, 165.6, 166.1, 165.5, 166.7, 167.4, 168.1, 169.4, 171.8, 171.8, 173.1, 172.4, 172.4, 173.1, 172.4, 172.4, 171.8, 171.1, 171.1, 171.2, 170.5, 171.2, 171.2, 171.2, 171.3, 170.6, 170.6, 170.7, 170.0, 170.0, 170.0, 169.3, 171.2, 170.6, 170.6, 170.5, 170.6, 170.5, 170.6, 171.8, 173.1, 173.1, 173.7, 173.7, 174.4, 174.4, 173.7, 173.7, 173.7, 173.1, 173.7, 173.1, 174.4, 174.4, 172.5, 172.5, 171.8, 172.4, 172.4, 173.1, 175.0, 174.4, 175.0, 174.4, 173.7, 173.7, 173.1, 173.1, 173.7, 173.8, 173.1, 173.1, 173.7, 174.4, 173.1, 173.1, 173.2, 173.1, 173.1, 173.1, 173.1, 172.5, 172.5, 172.5, 172.5, 172.4, 172.5, 172.6, 172.5, 172.5, 173.1, 173.2, 173.1, 175.0, 175.0, 175.0, 175.0, 174.3, 175.7, 175.0, 175.0, 175.0, 175.0, 175.7, 175.0, 175.0, 175.7, 175.7, 175.0, 175.0, 174.4, 175.7, 175.0, 173.7, 173.1, 172.6, 172.6, 172.6, 171.3, 171.9, 171.3, 172.5, 173.2, 172.5, 172.5, 172.5, 172.5, 171.9, 171.9, 171.3, 170.6, 170.6, 170.6, 170.6, 170.0, 170.6, 170.6, 171.2, 170.6, 170.6, 170.6, 170.0, 169.4, 170.0, 170.0, 169.4, 169.4, 168.8, 168.8, 168.8, 168.8, 168.8, 168.8, 168.8, 168.8, 168.8, 168.8, 167.5, 168.2, 167.5, 167.5, 166.4, 166.3, 165.7, 166.4, 166.3, 167.6, 166.3, 166.4, 166.3, 166.3, 166.4, 166.3, 165.7, 165.7, 165.7, 165.6, 165.8, 166.3, 165.6, 165.7, 165.6, 165.1, 165.1, 165.0, 165.7, 165.7, 165.1, 165.7, 165.1, 165.1, 165.6, 165.0, 165.1, 165.1, 165.0, 165.1, 165.7, 165.0, 165.1, 165.1, 165.6, 165.1, 165.1, 165.1, 165.7, 165.1, 165.1, 165.1, 165.1, 165.1, 165.0, 164.5, 163.9, 164.5, 164.5, 163.7, 163.7, 163.7, 163.1, 163.6, 163.7, 164.5, 163.6, 163.6, 163.1, 164.4, 163.1, 163.1, 162.5, 163.1, 163.1, 163.1, 162.5, 163.1, 163.1, 163.7, 163.7, 163.1, 163.7, 163.7, 163.7, 164.5, 163.9, 163.7, 163.7, 163.7, 163.1, 163.1, 163.1, 162.5, 163.1, 163.1, 163.1, 162.5, 162.5, 162.5, 162.5, 162.5, 161.8, 162.5, 161.8, 161.8, 162.5, 161.8, 161.8, 162.5, 163.1, 162.5, 162.4, 162.5, 161.8, 161.9, 161.8, 162.4, 162.4, 162.4, 163.0, 162.5, 162.4, 161.9, 163.1, 161.8, 162.5, 161.8, 162.5, 161.8, 162.5, 162.5, 161.9, 161.9, 161.9, 162.5, 161.9, 161.8, 163.9, 162.5, 162.5, 162.4, 162.5, 162.5, 162.5, 163.1, 162.5, 162.5, 163.1, 163.1, 163.1, 163.1, 163.7, 163.1, 163.7, 164.4, 163.1, 164.4, 164.4, 164.5, 164.4, 165.0, 165.1, 165.7, 164.5, 164.5, 164.5, 164.4, 165.7, 165.2, 165.1, 165.2, 165.1, 164.5, 164.4, 165.0, 164.5, 164.5, 164.5, 164.5, 165.2, 165.0, 165.2, 165.2, 164.5, 165.2, 165.2, 164.6, 165.2, 164.0, 165.1, 164.5, 164.5, 164.5, 164.6, 164.5, 165.1, 165.2, 164.5, 165.2, 165.2, 165.1, 164.5, 165.2, 164.5, 165.1, 165.1, 164.6, 165.0, 165.2, 165.2, 165.1, 165.2, 165.1, 164.6, 165.1, 164.5, 164.4, 164.5, 164.4, 164.5, 164.4, 165.0, 165.1, 165.1, 164.5, 165.0, 165.1]"
12,"[158.8, 158.0, 158.0, 157.4, 157.4, 156.2, 156.2, 155.0, 156.2, 155.6, 155.0, 155.8, 155.3, 155.3, 154.7, 155.0, 154.4, 155.8, 155.8, 154.8, 155.8, 155.8, 155.3, 154.7, 155.3, 155.6, 155.8, 155.0, 155.3, 155.0, 155.8, 155.6, 154.4, 155.0, 155.0, 155.0, 155.0, 155.0, 155.3, 154.4, 155.0, 155.0, 154.4, 155.6, 154.7, 155.0, 155.0, 155.0, 154.4, 155.0, 153.6, 155.0, 155.0, 155.0, 154.4, 154.2, 155.0, 155.0, 155.0, 155.0, 155.0, 154.2, 154.8, 155.0, 155.3, 155.6, 155.4, 155.0, 155.0, 155.6, 155.0, 154.4, 155.8, 155.0, 155.3, 155.8, 155.0, 155.3, 155.8, 155.3, 155.8, 155.8, 155.3, 155.8, 155.0, 155.8, 155.3, 155.8, 155.0, 155.3, 155.6, 155.8, 155.0, 155.0, 155.0, 155.6, 155.0, 155.0, 155.3, 155.0, 155.0, 155.6, 155.0, 155.0, 155.8, 155.0, 155.0, 155.3, 155.0, 155.3, 153.6, 155.0, 154.4, 155.3, 154.4, 154.7, 155.3, 155.8, 155.6, 155.0, 156.4, 155.0, 155.6, 156.4, 156.4, 157.8, 157.8, 159.4, 161.2, 161.2, 161.9, 161.2, 161.8, 160.6, 161.3, 160.6, 160.4, 161.2, 160.7, 160.6, 161.2, 160.4, 160.6, 160.6, 161.2, 161.2, 161.9, 161.8, 161.2, 161.2, 161.8, 161.8, 162.5, 162.4, 163.7, 163.6, 164.8, 165.6, 166.1, 166.0, 165.4, 165.5, 166.2, 165.5, 165.5, 165.4, 166.6, 166.7, 166.6, 166.7, 166.7, 167.4, 167.4, 168.0, 168.7, 167.4, 168.1, 166.8, 166.8, 167.4, 166.1, 167.2, 166.7, 167.4, 168.0, 167.4, 167.4, 167.4, 167.3, 167.4, 167.4, 167.3, 168.7, 167.4, 167.3, 168.0, 167.4, 168.0, 168.6, 168.0, 168.0, 168.1, 168.6, 168.6, 168.0, 168.1, 169.3, 169.4, 169.3, 169.4, 170.1, 170.0, 170.0, 170.0, 170.1, 170.0, 170.0, 170.6, 169.3, 169.4, 170.0, 170.0, 170.6, 170.0, 170.0, 170.0, 170.6, 171.3, 170.6, 170.0, 170.6, 170.0, 170.5, 170.5, 170.5, 170.5, 171.1, 170.5, 170.4, 171.1, 171.1, 171.2, 171.1, 171.2, 171.1, 171.2, 171.1, 171.2, 171.8, 171.2, 171.8, 171.2, 171.8, 171.8, 171.2, 171.1, 171.2, 171.8, 171.8, 172.4, 171.8, 171.8, 171.8, 171.7, 171.2, 172.4, 173.1, 173.7, 173.1, 173.1, 173.1, 173.1, 173.1, 171.8, 172.5, 172.4, 173.1, 172.5, 171.8, 173.1, 172.4, 171.8, 172.5, 171.8, 172.5, 171.8, 173.8, 175.0, 174.4, 175.0, 174.4, 173.8, 174.4, 175.0, 174.4, 175.0, 175.7, 175.0, 175.7, 175.7, 175.0, 175.0, 174.4, 175.0, 175.7, 175.7, 175.7, 175.0, 175.0, 174.4, 175.0, 174.4, 173.8, 174.4, 173.8, 172.5, 173.8, 173.1, 173.1, 173.8, 173.8, 173.1, 173.8, 173.1, 174.4, 173.1, 173.1, 174.4, 174.4, 174.4, 174.4, 174.4, 172.6, 174.4, 175.0, 175.7, 175.7, 175.0, 174.4, 173.1, 173.8, 173.8, 175.0, 175.0, 173.8, 173.1, 173.1, 174.4, 173.1, 174.4, 174.4, 175.0, 174.4, 175.0, 174.4, 173.1, 174.4, 174.4, 173.8, 173.8, 173.8, 174.4, 173.8, 173.1, 173.8, 173.8, 174.4, 174.4, 175.0, 175.7, 175.0, 175.0, 174.4, 174.4, 173.8, 173.8, 173.8, 173.8, 175.0, 173.1, 173.1, 173.1, 173.8, 173.1, 172.6, 171.8, 172.5, 171.3, 171.3, 171.9, 171.2, 170.6, 170.6, 170.6, 170.6, 170.6, 170.6, 171.2, 169.5, 170.1, 168.8, 168.8, 168.1, 168.8, 169.4, 168.8, 168.8, 168.2, 168.8, 167.7, 167.6, 166.5, 167.0, 167.1, 167.0, 167.0, 167.0, 166.4, 167.0, 167.6, 167.7, 167.0, 167.6, 167.0, 167.6, 166.5, 167.0, 167.0, 167.6, 167.5, 167.6, 166.9, 167.7, 168.2, 167.6, 167.6, 167.7, 167.6, 167.0, 168.2, 167.6, 167.6, 167.0, 167.0, 166.4, 166.9, 166.9, 167.6, 167.6, 167.6, 167.0, 168.1, 168.8, 169.5, 169.5, 170.0, 169.4, 169.4, 169.3, 170.0, 170.7, 169.4, 169.4, 169.3, 168.7, 169.4, 168.8, 168.7, 168.8, 169.4, 170.6, 170.6, 171.3, 171.2, 171.2, 171.3, 170.7, 170.0, 170.0, 169.4, 169.5, 168.8, 168.1, 168.2, 168.1, 168.1, 168.2, 168.1, 168.1, 168.8, 169.5, 169.4, 169.4, 169.4, 170.0, 169.4, 169.4, 168.8, 168.1, 168.1, 168.1, 168.8, 170.0, 168.7, 169.3, 169.3, 168.7, 169.4, 169.4, 169.3, 169.3, 170.0, 170.0, 170.0, 170.0, 171.9, 171.2, 171.9, 171.3, 170.6, 170.0, 170.0, 170.0, 170.0, 170.0, 170.0, 170.0, 169.4, 170.0, 169.4, 170.0, 170.0, 170.0, 170.0, 170.0, 170.0, 170.0, 169.4, 169.4, 169.9, 170.0, 170.0, 170.0, 170.0, 169.4, 169.9, 171.2, 171.8, 171.3, 171.3, 171.2, 171.2, 170.6, 170.6, 170.0, 169.4, 170.0, 169.5, 168.8, 168.8, 168.1, 168.1, 169.4, 169.4, 169.4, 168.8, 168.8, 168.8, 169.5, 168.8, 169.5, 169.3, 169.5, 169.5, 169.5, 170.0, 169.4, 169.5, 169.4, 169.4, 169.4, 169.4, 169.5, 169.4, 168.8, 168.8, 169.4, 169.4, 168.8, 169.4, 169.4, 169.4, 169.4, 170.0, 169.4, 168.8, 169.4, 169.4, 169.4, 169.4]"
12,"[161.0, 160.1, 160.4, 159.1, 159.5, 157.6, 156.8, 157.2, 157.8, 157.0, 156.4, 157.2, 157.2, 156.2, 156.4, 157.0, 156.4, 156.4, 155.6, 157.0, 157.0, 156.6, 157.4, 156.6, 156.6, 156.4, 156.4, 156.4, 156.4, 156.2, 155.8, 157.0, 156.4, 157.2, 155.6, 156.4, 156.4, 155.8, 156.8, 156.2, 157.2, 157.0, 156.4, 157.0, 156.6, 157.6, 156.8, 156.4, 157.2, 157.0, 156.4, 156.4, 156.2, 158.0, 156.4, 155.6, 156.4, 157.0, 156.2, 157.2, 157.0, 156.6, 156.4, 156.4, 155.6, 155.6, 156.4, 155.6, 156.4, 157.8, 156.4, 156.4, 155.6, 156.2, 156.6, 156.4, 157.0, 156.2, 156.6, 156.2, 156.4, 156.4, 155.6, 155.0, 156.4, 156.2, 155.6, 157.2, 157.0, 157.0, 156.4, 157.0, 157.2, 156.2, 157.2, 156.6, 156.2, 156.4, 157.0, 156.4, 156.4, 157.2, 155.6, 156.4, 157.6, 156.2, 157.0, 157.0, 156.4, 156.6, 155.6, 156.6, 155.6, 155.6, 156.4, 156.2, 156.4, 156.2, 155.6, 156.2, 156.4, 156.4, 157.0, 158.4, 159.2, 159.2, 159.6, 160.6, 161.2, 160.6, 160.6, 160.4, 161.2, 160.4, 161.0, 161.0, 161.2, 162.2, 161.2, 161.0, 161.9, 161.2, 161.0, 161.9, 162.2, 161.8, 161.2, 161.6, 161.8, 161.8, 161.8, 162.5, 162.4, 161.8, 163.0, 163.6, 163.7, 164.2, 164.2, 165.6, 166.1, 167.5, 169.3, 169.9, 170.6, 169.9, 170.0, 170.0, 168.7, 168.1, 168.7, 168.8, 168.8, 168.2, 168.7, 168.1, 168.7, 168.8, 169.4, 170.6, 171.8, 172.5, 173.7, 173.7, 173.7, 173.7, 172.5, 173.1, 173.7, 173.1, 171.8, 172.5, 172.4, 173.1, 173.7, 173.7, 173.7, 173.7, 174.4, 173.7, 174.4, 175.0, 175.7, 174.3, 175.0, 174.4, 175.0, 174.4, 173.1, 172.5, 173.1, 172.5, 172.5, 171.8, 171.8, 172.5, 171.9, 171.8, 171.2, 170.6, 170.6, 171.8, 171.2, 171.9, 171.9, 172.5, 171.8, 171.3, 170.7, 171.2, 171.2, 171.3, 172.5, 173.1, 173.7, 174.4, 175.7, 174.4, 175.0, 175.0, 175.7, 175.7, 174.4, 173.7, 173.8, 173.1, 173.1, 173.2, 173.8, 173.2, 173.1, 173.1, 173.1, 173.1, 172.5, 172.5, 172.5, 171.9, 171.2, 170.6, 170.7, 171.3, 170.6, 170.6, 170.6, 169.4, 170.6, 172.5, 173.1, 173.8, 174.4, 175.0, 174.4, 175.0, 173.7, 173.7, 173.7, 174.3, 173.7, 174.4, 174.4, 175.7, 174.4, 175.7, 175.0, 174.4, 173.7, 173.8, 173.1, 172.5, 171.8, 171.8, 173.1, 173.1, 174.4, 174.4, 173.8, 173.7, 173.7, 173.1, 173.7, 173.1, 173.1, 174.4, 173.7, 175.0, 173.1, 173.1, 173.1, 173.7, 173.1, 173.1, 173.1, 173.7, 173.7, 175.0, 175.7, 175.0, 175.7, 175.0, 173.8, 173.8, 173.1, 173.8, 173.8, 173.8, 173.8, 173.1, 173.8, 173.8, 173.8, 173.1, 171.9, 172.5, 171.9, 172.5, 172.5, 172.5, 171.8, 171.8, 170.6, 170.6, 170.6, 171.3, 171.2, 171.3, 170.6, 171.9, 171.3, 171.3, 170.6, 170.1, 171.9, 172.5, 172.4, 173.7, 174.4, 175.0, 175.0, 174.4, 175.0, 174.4, 174.4, 174.4, 174.4, 174.3, 175.7, 174.3, 175.0, 175.0, 174.4, 173.1, 171.9, 172.5, 171.9, 172.6, 171.9, 173.2, 172.5, 172.5, 172.5, 172.5, 172.6, 171.9, 171.9, 171.9, 170.7, 170.0, 169.4, 170.0, 168.8, 168.8, 168.8, 168.8, 168.8, 168.1, 168.8, 167.6, 167.6, 167.6, 167.5, 167.5, 167.5, 167.6, 167.5, 166.3, 167.0, 166.4, 165.8, 165.2, 165.7, 165.2, 165.7, 165.7, 165.1, 165.7, 165.7, 165.7, 165.7, 165.7, 165.7, 165.8, 165.7, 165.1, 165.7, 165.8, 165.2, 165.2, 165.8, 165.8, 166.4, 165.8, 165.8, 165.2, 166.4, 165.8, 165.8, 165.3, 165.8, 165.2, 165.1, 165.2, 165.8, 165.8, 165.2, 165.8, 164.6, 165.3, 165.2, 165.2, 165.2, 165.2, 165.2, 165.8, 165.9, 165.8, 165.8, 165.1, 165.2, 165.8, 165.8, 165.7, 165.8, 165.2, 165.8, 165.8, 165.2, 165.8, 165.1, 165.9, 165.8, 165.2, 165.2, 165.2, 165.2, 165.2, 165.2, 165.2, 165.8, 165.1, 165.1, 165.2, 165.1, 164.5, 164.5, 165.2, 165.2, 164.5, 164.7, 164.5, 164.6, 165.2, 164.5, 165.2, 165.1, 165.1, 165.1, 165.2, 165.2, 165.1, 164.5, 164.6, 164.5, 164.6, 164.5, 164.5, 165.2, 164.6, 165.2, 165.2, 164.0, 165.1, 165.1, 165.2, 165.2, 164.6, 164.6, 165.1, 164.6, 165.1, 165.2, 164.6, 165.2, 165.2, 164.6, 165.2, 165.2, 165.2, 165.2, 165.2, 165.2, 165.1, 165.2, 165.2, 165.2, 164.5, 165.2, 164.6, 165.2, 165.1, 165.2, 164.6, 165.2, 165.2, 165.2, 165.3, 165.2, 165.2, 165.8, 165.2, 165.2, 164.5, 165.8, 165.2, 165.2, 165.2, 164.6, 165.2, 165.2, 164.5, 165.2, 164.6, 165.2, 165.2, 165.2, 165.0, 164.6, 165.1, 165.2, 165.2, 165.1, 165.2, 165.2, 165.2, 165.2, 165.2, 165.8, 165.2, 165.9, 165.9, 165.8, 165.1, 165.2, 165.1, 165.8, 165.2, 165.2, 165.2, 165.2, 165.2, 165.2, 165.8, 165.2, 165.2, 165.2, 165.2, 165.8, 165.8, 165.2, 165.2]"
12,"[159.8, 158.2, 158.2, 158.2, 157.6, 157.6, 155.6, 156.4, 157.2, 156.6, 156.6, 156.0, 156.0, 156.6, 155.6, 155.3, 156.4, 156.6, 156.0, 155.8, 156.6, 155.8, 155.6, 155.8, 156.2, 156.6, 156.4, 156.4, 156.0, 157.0, 156.4, 156.6, 157.0, 157.2, 156.4, 156.6, 156.4, 156.4, 156.4, 156.4, 156.4, 156.6, 156.4, 156.6, 156.4, 156.4, 156.4, 156.4, 155.6, 155.8, 155.6, 156.0, 156.4, 156.4, 155.5, 156.6, 156.0, 156.4, 156.4, 156.6, 155.6, 156.4, 156.6, 155.8, 155.8, 155.8, 155.8, 156.0, 156.0, 156.6, 155.8, 155.8, 155.3, 155.8, 155.8, 156.4, 156.2, 155.8, 155.8, 155.6, 155.8, 156.2, 157.2, 155.8, 155.6, 156.0, 155.8, 157.2, 156.4, 155.8, 156.6, 156.4, 156.6, 156.0, 155.8, 155.0, 156.0, 155.3, 155.8, 155.8, 155.8, 155.8, 155.8, 156.4, 155.3, 156.0, 156.0, 156.0, 156.2, 156.6, 156.0, 155.6, 154.8, 155.3, 156.4, 156.4, 155.3, 155.8, 156.0, 155.3, 155.6, 155.6, 155.8, 157.0, 157.8, 158.4, 159.0, 158.6, 160.0, 160.4, 161.2, 162.4, 162.4, 162.4, 162.4, 162.4, 161.8, 162.2, 161.2, 161.6, 160.4, 161.0, 161.8, 161.6, 161.8, 161.8, 161.9, 161.8, 162.4, 162.5, 162.4, 163.1, 162.2, 161.8, 163.0, 163.1, 163.1, 163.6, 163.7, 164.2, 166.2, 167.4, 168.1, 168.8, 168.1, 168.8, 168.1, 168.1, 168.1, 167.4, 166.9, 167.4, 168.1, 168.7, 167.4, 168.1, 168.8, 168.7, 170.1, 170.6, 171.8, 170.6, 170.6, 171.3, 171.3, 171.9, 170.7, 169.4, 169.4, 170.0, 169.4, 170.1, 169.4, 169.4, 170.6, 170.7, 171.3, 171.8, 171.9, 171.9, 171.3, 171.9, 173.2, 171.3, 170.7, 171.9, 170.6, 170.7, 170.0, 170.0, 171.3, 170.0, 170.0, 168.7, 168.8, 170.0, 168.8, 168.8, 168.8, 168.1, 168.7, 169.4, 169.4, 169.5, 169.5, 170.1, 170.6, 170.6, 171.3, 171.3, 171.3, 170.6, 171.3, 171.3, 171.3, 171.3, 171.8, 171.9, 171.9, 171.9, 171.9, 171.9, 171.8, 171.3, 170.6, 170.6, 169.4, 169.3, 169.4, 169.4, 168.7, 168.7, 170.6, 170.6, 171.2, 171.8, 172.5, 172.5, 172.5, 173.1, 172.4, 173.1, 171.9, 171.2, 171.9, 171.8, 171.9, 171.3, 171.2, 172.5, 172.4, 173.1, 173.1, 173.1, 173.7, 173.1, 171.9, 171.9, 171.2, 171.3, 170.6, 170.7, 170.0, 170.6, 169.3, 169.4, 168.8, 168.8, 168.1, 167.4, 167.4, 167.4, 168.1, 168.7, 168.7, 168.8, 168.1, 168.1, 168.1, 169.4, 170.6, 173.1, 173.7, 173.7, 173.7, 173.7, 172.4, 173.8, 173.1, 173.1, 173.1, 173.1, 173.1, 172.4, 173.1, 173.1, 173.1, 172.4, 173.7, 173.7, 173.1, 173.7, 173.1, 171.8, 171.9, 171.3, 171.2, 171.2, 171.2, 170.7, 170.0, 168.8, 170.6, 171.8, 173.2, 173.7, 173.1, 174.4, 173.7, 173.7, 173.7, 173.7, 173.7, 175.0, 173.7, 173.7, 173.7, 173.7, 173.7, 173.7, 174.3, 173.7, 173.7, 173.7, 173.7, 173.7, 173.1, 171.3, 170.7, 171.3, 170.0, 169.4, 168.8, 169.4, 168.8, 168.8, 168.1, 167.5, 167.6, 166.4, 166.9, 166.3, 167.0, 167.0, 166.9, 167.6, 167.0, 167.0, 166.9, 166.4, 167.6, 167.0, 165.8, 165.7, 166.3, 165.1, 166.4, 165.7, 165.7, 165.1, 164.6, 164.4, 163.9, 164.5, 165.1, 164.5, 164.6, 164.5, 164.5, 164.5, 164.5, 164.5, 164.5, 164.4, 164.5, 164.5, 164.5, 164.6, 164.5, 164.4, 163.9, 164.4, 164.0, 164.4, 163.9, 163.7, 163.9, 163.9, 163.1, 163.7, 163.1, 163.1, 163.1, 162.4, 163.9, 163.1, 163.0, 163.1, 163.7, 163.7, 162.5, 163.1, 162.4, 162.4, 161.8, 162.5, 162.4, 162.5, 163.0, 162.4, 163.1, 162.4, 161.8, 161.8, 161.8, 161.8, 160.4, 161.8, 162.4, 161.8, 161.2, 161.2, 161.8, 161.8, 161.2, 161.8, 161.8, 161.2, 162.4, 161.9, 161.9, 162.4, 161.2, 161.8, 162.5, 162.5, 162.5, 163.3, 162.5, 163.3, 162.5, 163.1, 163.7, 163.1, 163.1, 162.5, 161.9, 161.9, 162.5, 161.9, 162.5, 162.5, 162.5, 161.8, 161.9, 161.8, 162.5, 162.5, 161.2, 162.5, 163.1, 162.5, 161.9, 162.5, 162.5, 161.3, 161.8, 161.8, 161.8, 161.8, 162.5, 161.2, 162.4, 161.8, 162.5, 161.8, 161.3, 161.2, 161.8, 161.2, 162.4, 161.9, 161.2, 162.5, 164.4, 165.2, 164.5, 165.1, 164.4, 164.5, 165.8, 166.9, 167.0, 167.0, 166.3, 166.2, 164.5, 165.1, 164.5, 164.5, 164.5, 163.9, 164.5, 164.4, 163.9, 164.4, 164.5, 163.7, 164.5, 163.7, 164.4, 163.1, 163.1, 163.9, 163.7, 163.7, 163.7, 163.7, 163.7, 163.7, 163.1, 163.7, 163.7, 163.7, 163.7, 163.9, 164.4, 163.7, 163.9, 163.7, 163.1, 163.7, 163.1, 163.1, 163.7, 163.1, 163.1, 163.7, 163.1, 163.1, 163.3, 163.1, 163.1, 163.7, 163.7, 162.7, 163.7, 163.7, 163.9, 163.1, 163.1, 163.3, 163.3, 163.1, 163.1, 163.7, 163.3, 163.7, 163.1, 163.1, 162.5, 163.7, 163.7, 164.4, 163.9, 163.1, 163.7, 163.1, 163.7, 163.9]"
12,"[160.9, 159.6, 159.6, 159.9, 158.2, 158.2, 157.6, 157.8, 157.8, 157.8, 157.0, 156.6, 156.6, 157.4, 157.8, 157.0, 157.2, 157.8, 158.0, 157.6, 158.0, 157.8, 156.4, 157.2, 157.4, 158.0, 157.2, 158.0, 157.2, 157.8, 158.6, 158.2, 158.0, 158.0, 157.8, 158.0, 158.4, 158.0, 156.4, 157.8, 157.8, 157.2, 157.8, 157.8, 158.0, 157.2, 157.2, 157.2, 157.2, 157.2, 157.4, 157.2, 157.2, 157.2, 158.0, 157.8, 158.0, 156.6, 156.4, 156.6, 157.8, 156.6, 156.4, 156.6, 156.4, 156.6, 156.6, 156.6, 156.4, 156.6, 156.6, 157.2, 156.6, 156.6, 157.8, 156.4, 157.2, 157.8, 157.2, 157.2, 157.8, 157.0, 157.8, 157.8, 157.8, 157.8, 157.2, 157.8, 157.8, 157.8, 157.0, 158.4, 157.8, 157.8, 158.4, 157.8, 157.8, 157.8, 157.8, 157.6, 158.0, 158.6, 157.6, 157.2, 158.0, 157.8, 157.2, 157.8, 157.2, 158.2, 157.8, 158.0, 157.8, 158.0, 157.8, 157.2, 157.2, 158.0, 157.2, 157.8, 157.2, 157.8, 157.8, 157.2, 158.0, 159.2, 159.2, 160.6, 161.2, 160.0, 160.0, 160.6, 160.0, 161.3, 160.0, 160.0, 160.6, 160.6, 160.4, 160.7, 160.6, 160.0, 160.6, 160.6, 160.6, 160.6, 161.2, 161.2, 161.2, 161.2, 161.2, 161.8, 161.9, 161.2, 161.2, 161.0, 161.3, 161.9, 161.9, 161.3, 161.9, 161.3, 163.0, 162.5, 162.5, 163.3, 163.1, 162.4, 163.7, 163.7, 163.1, 163.7, 163.7, 163.1, 163.0, 164.4, 164.4, 164.4, 165.0, 165.7, 165.6, 166.7, 167.4, 167.4, 168.1, 168.7, 168.1, 168.1, 168.8, 168.8, 169.4, 170.0, 169.4, 169.4, 171.2, 171.9, 171.3, 171.3, 171.8, 171.3, 170.6, 171.3, 170.6, 170.6, 170.0, 170.0, 169.4, 169.4, 169.4, 170.6, 171.8, 172.5, 173.1, 175.0, 174.4, 174.4, 174.4, 174.4, 174.4, 174.4, 175.7, 173.7, 172.5, 173.2, 172.6, 171.9, 172.0, 173.2, 172.6, 171.9, 171.9, 172.5, 174.4, 174.4, 174.4, 173.8, 173.7, 173.8, 172.5, 173.2, 172.6, 173.2, 172.6, 173.1, 171.9, 171.9, 171.9, 171.3, 170.6, 170.0, 170.6, 170.1, 169.5, 170.6, 170.1, 171.3, 172.5, 173.7, 175.7, 175.0, 175.0, 175.0, 175.0, 174.4, 174.4, 175.0, 174.4, 174.4, 174.4, 173.7, 173.1, 173.7, 173.1, 172.6, 172.5, 172.5, 172.6, 173.1, 171.9, 171.9, 171.9, 173.1, 174.4, 175.7, 175.7, 175.7, 175.7, 175.0, 174.4, 174.4, 174.4, 175.0, 174.4, 174.4, 174.4, 175.0, 174.4, 174.4, 174.4, 175.0, 175.7, 175.0, 175.7, 173.7, 174.4, 173.8, 173.2, 173.1, 172.6, 171.9, 172.6, 172.6, 171.3, 171.3, 171.9, 171.9, 171.3, 171.3, 172.5, 173.2, 175.0, 175.0, 175.0, 175.0, 175.0, 175.7, 175.0, 175.0, 175.0, 175.0, 175.0, 175.0, 175.0, 175.0, 175.0, 175.0, 173.8, 173.8, 172.6, 171.9, 171.3, 170.6, 169.4, 169.5, 168.8, 168.8, 168.8, 168.8, 168.8, 169.4, 171.9, 174.4, 175.7, 174.4, 173.7, 174.4, 174.4, 174.4, 175.0, 175.0, 175.0, 175.7, 174.4, 173.8, 172.6, 171.3, 169.4, 169.4, 168.8, 168.1, 168.1, 168.1, 167.5, 168.1, 167.5, 168.1, 168.1, 167.5, 168.1, 167.5, 168.1, 167.5, 166.3, 166.4, 167.0, 166.4, 167.0, 166.3, 166.9, 166.3, 166.4, 166.3, 165.7, 165.8, 164.5, 165.1, 165.1, 165.1, 165.0, 164.4, 164.6, 164.5, 164.4, 163.7, 165.0, 164.4, 163.7, 164.4, 163.1, 163.0, 163.1, 163.1, 163.7, 163.1, 163.1, 163.1, 162.5, 161.8, 162.5, 162.5, 162.5, 162.4, 163.1, 162.5, 163.1, 162.4, 161.9, 161.9, 162.5, 161.9, 161.8, 161.9, 162.5, 162.5, 161.6, 162.5, 162.4, 162.5, 161.2, 161.8, 162.4, 161.2, 161.8, 162.5, 161.9, 161.2, 161.9, 161.9, 161.2, 161.6, 161.9, 161.2, 161.2, 161.9, 161.2, 161.3, 161.8, 161.0, 161.3, 160.4, 161.0, 161.3, 161.9, 160.7, 161.0, 160.6, 161.3, 160.4, 160.4, 161.2, 160.6, 160.2, 161.3, 160.7, 161.2, 161.2, 161.2, 161.8, 161.3, 161.2, 161.2, 161.2, 161.0, 160.6, 160.6, 161.2, 160.6, 160.6, 161.0, 160.6, 161.0, 161.3, 161.6, 160.6, 161.3, 161.2, 161.2, 161.2, 160.6, 161.3, 161.3, 161.2, 161.2, 160.0, 160.6, 160.6, 160.6, 161.2, 161.2, 160.7, 161.2, 160.6, 160.6, 161.2, 161.2, 160.6, 161.2, 161.2, 160.6, 161.3, 161.2, 161.0, 160.7, 161.2, 160.6, 160.4, 160.4, 161.2, 161.2, 160.4, 161.8, 161.3, 161.2, 161.2, 160.6, 160.6, 161.2, 160.6, 160.4, 160.6, 160.6, 160.6, 161.8, 161.9, 161.2, 161.9, 161.9, 162.5, 161.9, 162.5, 161.2, 162.4, 161.8, 162.4, 161.2, 161.2, 162.4, 163.0, 161.9, 162.4, 162.5, 163.3, 162.7, 163.9, 163.1, 164.5, 164.5, 163.1, 163.9, 163.9, 163.9, 164.5, 163.7, 163.9, 163.3, 162.5, 163.1, 163.1, 163.3, 163.9, 163.1, 162.4, 163.0, 162.4, 163.1, 163.1, 163.3, 163.9, 163.3, 163.3, 163.1, 163.1, 163.4, 162.5, 163.3, 163.4, 162.4, 162.4, 163.3, 163.1]"
12,"[161.0, 161.5, 160.2, 161.5, 161.0, 160.2, 159.6, 159.0, 159.2, 159.2, 159.2, 158.6, 158.4, 159.2, 159.2, 158.6, 160.0, 159.4, 159.2, 160.0, 160.0, 160.0, 159.4, 160.0, 160.0, 159.2, 159.8, 159.0, 160.0, 159.2, 159.2, 159.2, 160.0, 159.2, 159.2, 159.2, 159.2, 158.4, 159.4, 159.4, 159.4, 159.8, 159.4, 159.4, 159.4, 159.2, 159.2, 158.4, 157.8, 158.6, 159.4, 159.2, 158.6, 159.4, 159.8, 158.6, 158.8, 158.6, 159.2, 158.8, 158.6, 158.6, 158.8, 158.4, 159.2, 159.4, 158.4, 158.6, 159.2, 159.4, 158.8, 159.2, 158.4, 159.8, 159.2, 159.2, 159.2, 158.6, 159.4, 158.8, 159.4, 159.4, 159.2, 158.6, 158.8, 159.2, 159.2, 159.4, 158.8, 158.6, 158.0, 158.6, 158.6, 158.8, 158.8, 159.4, 158.0, 158.6, 159.4, 158.6, 159.2, 158.8, 157.4, 158.6, 158.6, 158.6, 158.6, 159.2, 158.0, 159.4, 158.4, 158.4, 159.4, 158.4, 158.6, 158.6, 158.6, 158.6, 158.0, 158.6, 158.6, 157.8, 158.6, 158.0, 159.2, 160.0, 160.6, 160.0, 160.6, 160.4, 160.6, 159.8, 160.0, 160.0, 160.6, 160.4, 161.0, 161.0, 161.0, 161.8, 161.0, 161.2, 160.4, 160.4, 161.2, 161.2, 162.4, 161.8, 161.0, 161.2, 161.8, 161.8, 161.8, 162.4, 161.8, 161.2, 161.9, 163.1, 161.8, 162.4, 163.1, 163.1, 163.1, 162.4, 163.1, 163.1, 163.1, 163.7, 163.1, 163.7, 163.1, 163.7, 164.4, 165.6, 165.0, 165.0, 166.2, 166.8, 167.4, 167.4, 166.7, 166.7, 167.4, 166.2, 166.1, 166.7, 166.7, 166.1, 166.2, 166.2, 166.8, 167.4, 168.6, 169.3, 170.0, 170.0, 168.1, 168.1, 168.0, 168.7, 169.3, 168.7, 168.7, 168.6, 168.7, 169.4, 168.7, 168.8, 168.7, 168.1, 169.3, 169.3, 169.3, 170.6, 171.2, 171.2, 171.8, 171.8, 170.0, 168.1, 169.3, 168.8, 170.0, 169.4, 168.7, 168.7, 168.8, 168.1, 168.0, 168.1, 167.4, 167.4, 168.1, 167.5, 167.4, 168.1, 167.4, 168.1, 168.1, 167.4, 167.4, 167.4, 167.5, 168.1, 168.7, 168.7, 169.3, 170.6, 171.3, 171.2, 172.5, 171.8, 171.8, 172.5, 172.4, 172.4, 173.1, 173.1, 173.7, 172.5, 173.1, 171.2, 170.6, 171.2, 170.6, 170.6, 170.6, 171.3, 170.0, 171.3, 170.6, 171.3, 171.3, 170.6, 170.6, 171.2, 170.6, 171.8, 171.3, 170.0, 170.0, 170.6, 171.8, 173.7, 175.0, 175.7, 175.0, 175.0, 175.7, 175.0, 173.7, 173.8, 173.1, 173.1, 172.5, 172.5, 171.3, 171.9, 170.6, 171.3, 170.6, 169.3, 168.7, 168.1, 168.7, 168.7, 168.6, 169.4, 168.8, 169.3, 168.7, 168.7, 170.0, 170.6, 171.2, 173.1, 171.9, 172.5, 172.4, 173.1, 171.9, 172.5, 173.1, 173.8, 175.0, 174.4, 175.0, 175.0, 173.7, 175.0, 174.4, 173.1, 172.4, 171.9, 171.9, 171.9, 171.3, 171.9, 171.9, 171.9, 172.5, 173.7, 175.0, 175.0, 175.0, 175.0, 174.4, 173.7, 173.1, 172.5, 172.5, 173.1, 174.4, 174.4, 175.0, 174.4, 174.3, 173.1, 172.5, 173.7, 172.5, 173.1, 171.9, 171.9, 170.5, 170.0, 170.0, 169.3, 168.1, 168.1, 168.2, 167.6, 167.5, 167.5, 166.9, 166.8, 166.9, 166.9, 166.9, 166.4, 166.4, 166.4, 165.8, 165.8, 165.8, 166.4, 165.8, 165.0, 165.2, 165.7, 165.1, 165.7, 165.1, 165.1, 165.7, 165.1, 165.8, 165.7, 165.1, 165.1, 165.1, 165.0, 164.5, 164.5, 165.1, 164.4, 164.4, 164.4, 164.5, 165.1, 164.5, 165.1, 165.1, 163.7, 163.9, 163.7, 165.1, 164.6, 165.1, 165.1, 164.4, 164.6, 163.9, 164.4, 165.0, 163.7, 163.9, 165.1, 164.5, 164.6, 165.1, 163.9, 164.5, 165.1, 165.1, 164.5, 164.5, 164.5, 163.7, 163.9, 163.7, 164.4, 163.1, 163.7, 163.1, 164.5, 163.7, 163.7, 164.0, 163.7, 164.5, 162.5, 163.1, 163.1, 163.1, 161.9, 162.5, 163.0, 162.5, 161.9, 161.9, 162.5, 162.5, 161.9, 162.5, 162.5, 162.4, 162.5, 163.1, 161.9, 162.4, 162.5, 162.5, 163.1, 162.5, 162.5, 162.5, 162.7, 162.5, 163.0, 162.2, 161.8, 162.2, 161.9, 161.9, 161.8, 161.6, 161.9, 161.8, 161.9, 161.6, 161.9, 161.2, 161.8, 161.2, 161.8, 161.6, 160.4, 161.3, 161.2, 161.0, 160.6, 161.2, 161.0, 161.2, 160.4, 161.8, 161.0, 161.2, 161.9, 161.8, 164.6, 166.2, 167.5, 167.4, 168.1, 168.1, 167.6, 167.5, 168.1, 167.5, 166.4, 167.1, 167.1, 165.8, 165.8, 165.8, 165.8, 165.2, 165.8, 165.2, 165.8, 165.2, 165.2, 165.8, 165.7, 165.8, 165.7, 165.2, 165.8, 164.6, 164.4, 165.7, 165.2, 165.8, 165.2, 165.2, 165.7, 165.8, 164.5, 164.6, 165.2, 165.2, 165.2, 164.6, 164.5, 164.6, 165.1, 165.2, 165.2, 164.5, 164.5, 165.2, 164.6, 165.1, 164.6, 164.6, 164.5, 164.6, 164.4, 164.6, 164.6, 164.5, 164.5, 165.2, 164.5, 164.5, 165.1, 164.6, 164.5, 164.5, 164.6, 164.6, 163.9, 164.5, 164.0, 164.6, 164.6, 164.6, 163.3, 164.5, 164.6, 164.5, 164.6, 164.5, 164.6, 164.6, 164.0, 164.5, 164.5]"
13,"[170.8, 171.4, 170.7, 170.5, 170.5, 170.5, 170.7, 170.8, 170.2, 170.1, 170.6, 171.3, 173.3, 173.8, 173.8, 173.9, 173.1, 172.6, 173.2, 172.6, 171.9, 171.9, 171.9, 171.2, 171.3, 171.3, 171.4, 171.3, 170.7, 171.3, 170.7, 171.2, 170.6, 171.3, 171.3, 171.9, 171.3, 171.3, 170.6, 170.6, 170.1, 170.6, 170.6, 170.1, 170.2, 170.1, 170.0, 170.2, 170.0, 170.1, 170.2, 169.5, 170.2, 170.1, 170.2, 170.7, 170.1, 170.1, 169.5, 169.5, 168.7, 168.8, 169.5, 168.8, 169.5, 168.3, 168.9, 168.9, 167.8, 168.3, 167.7, 167.6, 168.2, 168.3, 167.7, 167.7, 167.5, 167.6, 168.8, 168.8, 168.2, 169.0, 168.3, 168.8, 169.5, 168.8, 169.5, 168.2, 168.8, 168.3, 168.2, 168.3, 168.3, 168.3, 168.8, 167.5, 167.6, 168.2, 168.2, 168.2, 168.1, 168.2, 167.5, 167.5, 168.2, 168.3, 168.2, 168.3, 168.2, 168.2, 168.2, 167.6, 168.3, 168.2, 167.6, 168.8, 169.5, 168.9, 168.8, 168.3, 168.3, 168.2, 168.8, 168.8, 168.8, 169.5, 168.8, 168.3, 169.5, 168.8, 168.2, 167.6, 167.7, 166.4, 165.7, 165.1, 165.1, 164.5, 162.9, 163.1, 164.5, 164.5, 163.9, 163.7, 163.9, 163.9, 164.5, 163.9, 164.5, 163.9, 165.1, 165.1, 164.5, 164.3, 163.9, 164.5, 164.6, 165.2, 165.2, 164.3, 165.2, 164.9, 165.2, 165.1, 165.2, 165.1, 165.8, 165.2, 165.8, 164.5, 164.5, 165.2, 165.1, 165.1, 165.2, 165.7, 169.5, 172.6, 173.8, 174.4, 173.8, 173.1, 173.2, 170.0, 169.4, 168.6, 168.6, 166.9, 166.1, 165.5, 164.9, 163.9, 163.7, 163.7, 162.9, 163.1, 164.3, 163.1, 163.3, 162.3, 161.1, 161.3, 161.7, 161.1, 161.1, 161.7, 161.6, 161.1, 161.7, 161.1, 161.7, 161.7, 160.4, 161.7, 161.1, 161.1, 161.1, 160.5, 160.4, 161.0, 161.1, 161.7, 161.1, 160.7, 160.4, 159.8, 160.4, 159.6, 160.4, 159.6, 159.8, 160.4, 160.4, 161.1, 159.6, 160.5, 160.2, 159.6, 159.6, 159.0, 158.2, 159.4, 160.2, 158.8, 160.4, 160.8, 162.2, 167.1, 171.1, 171.0, 172.2, 172.9, 172.9, 172.9, 172.3, 171.7, 171.9, 171.2, 170.0, 168.7, 166.0, 165.3, 164.2, 164.6, 163.6, 163.6, 162.8, 162.3, 162.0, 161.4, 161.6, 160.4, 160.2, 161.0, 161.4, 161.0, 161.0, 160.2, 159.2, 160.2, 159.4, 159.4, 159.2, 159.4, 158.5, 159.4, 158.2, 158.2, 158.8, 157.7, 158.2, 158.5, 158.5, 158.5, 157.9, 157.9, 157.3, 158.5, 158.5, 157.9, 159.4, 159.2, 163.4, 167.0, 169.0, 171.0, 171.6, 171.6, 170.8, 171.6, 171.6, 171.7, 171.0, 171.6, 171.0, 171.1, 171.2, 168.5, 169.9, 169.2, 169.2, 170.4, 170.5, 170.4, 171.1, 171.2, 169.8, 169.8, 169.9, 169.8, 169.3, 169.3, 168.6, 168.1, 167.5, 167.5, 165.3, 166.0, 164.9, 164.8, 164.8, 164.2, 163.6, 163.6, 164.2, 164.6, 169.2, 171.0, 172.3, 172.9, 172.2, 172.4, 172.3, 173.7, 173.0, 172.4, 171.2, 169.9, 168.6, 167.5, 167.3, 166.8, 166.8, 166.3, 164.9, 164.2, 164.3, 164.5, 163.7, 163.1, 163.1, 162.5, 163.1, 162.5, 161.9, 161.1, 161.7, 161.1, 161.1, 161.9, 160.5, 161.1, 161.3, 161.1, 161.9, 161.7, 162.5, 161.9, 162.5, 163.9, 163.1, 161.9, 163.9, 163.9, 164.3, 164.3, 165.1, 165.7, 165.2, 165.1, 165.1, 164.3, 165.1, 164.3, 164.9, 166.1, 164.5, 164.9, 164.5, 163.9, 163.7, 164.5, 164.3, 163.1, 163.7, 163.1, 164.5, 163.3, 165.1, 163.9, 163.7, 164.5, 163.9, 164.3, 163.9, 164.5, 164.6, 164.5, 165.2, 165.7, 165.1, 166.4, 165.1, 165.7, 165.1, 165.1, 165.8, 165.1, 165.8, 165.8, 165.1, 165.1, 165.1, 166.4, 167.0, 168.3, 169.4, 170.0, 169.9, 171.2, 170.6, 171.9, 172.6, 172.5, 172.5, 173.2, 173.2, 172.6, 173.2, 173.1, 172.6, 173.2, 173.8, 173.1, 173.8, 173.8, 173.1, 173.8, 173.8, 175.0, 174.4, 173.8, 175.6, 174.4, 174.4, 174.4, 174.4, 175.0, 173.7, 175.0, 173.8, 173.8, 175.1, 176.3, 176.3, 176.3, 177.6, 175.7, 176.3, 176.9, 175.7, 174.4, 174.4, 174.4, 174.4, 175.7, 176.9, 176.9, 177.6, 178.2, 178.2, 178.2, 177.6, 176.9, 177.6, 176.3, 176.9, 177.0, 177.0, 176.3, 175.7, 175.7, 176.9, 176.3, 176.9, 177.6, 177.0, 177.0, 176.9, 175.7, 176.3, 178.2, 177.6, 177.0, 177.0, 177.6, 177.0, 177.0, 177.6, 177.6, 177.6, 177.6, 177.6, 178.2, 176.9, 178.2, 177.6, 177.6, 177.6, 177.6, 177.6, 177.6, 178.2, 177.0, 177.6, 178.2, 177.6, 178.2, 177.6, 177.6, 177.6, 177.0, 177.6, 177.6, 178.2, 178.2, 177.6, 177.0, 177.0, 176.4, 176.4, 177.6, 177.0, 176.4, 177.6, 177.6, 177.0, 177.0, 176.9, 178.2, 177.6, 177.6, 177.0, 175.7, 175.0, 175.7, 175.0, 175.7, 175.1, 175.7, 176.3, 175.7, 176.3, 177.6, 177.6, 177.0, 177.0, 177.0, 177.0, 178.2, 178.2, 177.6, 178.2, 178.2, 178.2, 177.6, 177.0, 177.0, 177.0, 175.7]"
13,"[175.1, 173.8, 173.1, 172.4, 171.7, 173.1, 171.1, 171.2, 171.3, 171.3, 171.4, 172.0, 171.5, 172.0, 172.1, 172.0, 171.4, 172.0, 171.4, 172.7, 172.1, 172.0, 172.7, 172.6, 172.6, 172.6, 172.1, 171.4, 171.4, 172.7, 172.1, 172.0, 170.8, 172.1, 171.4, 171.4, 171.9, 172.0, 172.6, 171.9, 172.0, 172.0, 172.1, 171.4, 171.4, 171.3, 172.7, 171.3, 172.0, 171.4, 172.0, 171.4, 172.0, 172.0, 171.3, 170.8, 172.0, 171.4, 171.4, 172.0, 172.6, 171.9, 172.6, 171.4, 171.4, 171.3, 171.9, 171.4, 171.9, 172.1, 171.4, 171.9, 171.4, 172.0, 172.0, 171.9, 171.3, 171.9, 171.9, 171.4, 172.0, 172.6, 172.6, 171.9, 172.6, 172.6, 171.9, 171.4, 172.1, 172.0, 172.0, 172.0, 172.0, 172.6, 171.4, 171.4, 172.0, 172.6, 172.0, 171.3, 170.6, 171.2, 171.9, 171.2, 171.3, 170.7, 171.9, 171.9, 171.3, 171.2, 171.3, 171.4, 171.2, 171.3, 171.3, 171.3, 171.3, 171.3, 171.4, 170.8, 170.6, 170.6, 172.6, 172.6, 172.0, 172.6, 172.0, 172.6, 172.1, 172.0, 170.7, 170.8, 171.5, 170.7, 170.8, 171.4, 169.9, 170.6, 169.3, 170.6, 170.0, 170.6, 170.7, 170.7, 171.3, 170.0, 169.4, 169.4, 169.4, 170.0, 170.1, 169.4, 168.7, 169.3, 169.4, 170.0, 169.4, 170.6, 170.0, 170.6, 170.6, 169.4, 170.7, 170.0, 170.6, 169.9, 170.4, 170.6, 169.9, 170.6, 169.9, 170.6, 171.2, 171.2, 171.2, 169.8, 167.4, 168.0, 167.4, 166.8, 166.1, 165.5, 166.8, 166.8, 165.4, 164.9, 164.8, 164.2, 164.2, 164.8, 165.4, 168.4, 173.0, 172.8, 173.4, 174.3, 174.3, 175.0, 173.1, 172.5, 172.5, 171.2, 169.9, 168.0, 167.4, 166.6, 167.4, 165.4, 165.3, 164.5, 163.4, 163.4, 163.4, 163.7, 163.6, 163.7, 163.6, 164.2, 164.3, 164.3, 164.0, 164.0, 164.3, 164.2, 164.9, 164.2, 163.6, 163.7, 162.5, 163.1, 162.9, 163.1, 162.3, 162.3, 161.6, 161.6, 162.0, 160.8, 162.6, 162.9, 162.9, 162.3, 162.3, 163.4, 165.5, 167.9, 169.8, 171.0, 172.4, 171.7, 172.4, 171.8, 171.9, 171.2, 171.2, 170.0, 168.6, 167.5, 166.3, 164.9, 164.5, 164.3, 164.3, 163.6, 163.1, 163.7, 163.7, 162.8, 162.9, 163.4, 162.9, 163.1, 163.1, 163.1, 162.9, 163.6, 164.3, 163.7, 163.7, 163.6, 164.3, 164.2, 164.2, 164.2, 164.3, 164.2, 164.9, 166.6, 169.8, 171.6, 171.0, 172.3, 172.9, 173.1, 174.3, 172.3, 173.1, 173.1, 173.7, 173.1, 173.1, 172.5, 171.9, 171.2, 171.2, 170.0, 168.1, 166.9, 166.9, 166.8, 165.5, 166.8, 166.8, 166.3, 166.9, 166.1, 166.1, 165.5, 165.5, 166.3, 165.4, 164.2, 164.2, 162.9, 163.7, 163.1, 163.7, 162.9, 163.7, 161.6, 162.0, 162.0, 163.4, 162.8, 162.9, 163.6, 162.8, 162.9, 162.6, 162.8, 162.0, 162.0, 162.8, 162.2, 161.4, 161.4, 161.4, 160.2, 160.6, 160.6, 162.2, 164.0, 168.4, 172.4, 171.6, 173.0, 173.0, 173.1, 173.0, 173.1, 173.7, 173.7, 173.8, 173.8, 173.2, 171.9, 170.7, 170.1, 169.5, 168.9, 168.3, 167.7, 167.7, 167.6, 167.7, 167.0, 167.0, 166.4, 166.4, 166.4, 167.6, 167.8, 167.7, 167.6, 167.7, 166.5, 167.1, 167.7, 167.1, 167.6, 168.4, 167.0, 167.1, 167.2, 166.7, 166.5, 165.8, 166.5, 166.5, 165.2, 165.8, 165.3, 164.5, 166.3, 165.8, 165.7, 165.1, 165.2, 165.2, 165.8, 165.8, 165.2, 165.8, 165.2, 165.7, 165.8, 165.7, 165.8, 165.2, 165.1, 165.7, 166.5, 166.5, 165.2, 166.5, 165.7, 165.2, 165.8, 165.2, 165.7, 165.1, 165.2, 165.8, 164.9, 165.5, 165.5, 165.5, 166.3, 166.9, 167.6, 167.5, 167.6, 168.1, 166.3, 167.6, 166.9, 167.5, 167.5, 166.8, 166.9, 167.5, 167.5, 167.6, 167.4, 167.5, 167.6, 167.4, 166.8, 166.8, 166.1, 165.7, 164.2, 164.2, 164.9, 166.1, 166.3, 166.3, 166.1, 166.1, 166.1, 165.5, 165.4, 166.1, 166.3, 166.1, 166.9, 166.9, 166.9, 167.6, 167.5, 167.5, 166.1, 166.9, 166.3, 166.4, 166.4, 165.5, 167.4, 166.1, 165.5, 165.5, 166.3, 168.1, 167.5, 167.6, 166.8, 167.7, 167.5, 167.5, 167.5, 168.2, 166.9, 166.3, 167.5, 167.0, 166.9, 167.6, 166.9, 167.5, 167.5, 168.0, 167.5, 167.4, 167.4, 166.8, 167.5, 167.4, 167.4, 168.0, 166.8, 166.8, 166.8, 167.4, 168.0, 168.0, 168.0, 168.6, 168.0, 168.5, 168.0, 168.6, 167.9, 169.3, 169.2, 169.4, 168.8, 170.0, 170.5, 169.4, 168.6, 168.6, 168.0, 168.5, 167.9, 168.5, 167.9, 167.9, 169.3, 170.0, 170.1, 171.4, 170.7, 170.5, 170.6, 170.6, 170.7, 170.6, 170.6, 170.6, 169.3, 170.6, 170.0, 170.0, 170.6, 170.0, 170.6, 169.9, 170.6, 170.0, 170.5, 170.6, 170.0, 170.6, 171.2, 171.2, 171.9, 171.2, 171.9, 173.8, 175.1, 175.1, 175.1, 174.4, 173.8, 172.6, 173.1, 172.6, 172.5, 172.5, 172.5, 172.6, 173.2, 172.4, 172.6, 172.5, 172.4, 172.5, 173.2, 172.5, 172.5]"
13,"[171.8, 171.7, 171.7, 170.9, 171.6, 171.7, 171.6, 171.2, 171.2, 170.4, 169.9, 170.5, 170.5, 169.9, 170.0, 170.6, 170.6, 170.0, 170.6, 170.0, 170.7, 170.6, 169.9, 170.0, 170.0, 169.2, 170.5, 170.7, 170.5, 170.0, 169.8, 170.6, 169.3, 170.0, 169.2, 169.3, 169.3, 169.2, 169.3, 169.3, 170.5, 169.9, 169.2, 169.2, 169.9, 170.0, 169.3, 169.4, 169.3, 168.6, 168.5, 168.6, 169.2, 169.3, 168.6, 170.0, 169.2, 169.2, 169.8, 169.2, 169.9, 170.5, 169.4, 169.3, 169.3, 169.4, 168.6, 169.3, 168.6, 169.3, 169.4, 169.4, 169.4, 168.6, 167.9, 168.7, 168.5, 168.6, 168.6, 168.7, 168.5, 167.9, 168.5, 167.8, 169.3, 168.6, 168.6, 168.6, 168.6, 168.0, 168.6, 168.6, 168.6, 168.6, 167.9, 167.9, 168.6, 168.5, 168.4, 168.6, 168.6, 168.6, 168.5, 168.6, 167.9, 167.9, 169.3, 168.6, 169.3, 168.5, 169.4, 168.6, 168.7, 168.5, 168.5, 168.5, 169.3, 168.6, 169.3, 168.6, 169.4, 169.4, 169.3, 168.5, 169.3, 168.6, 168.6, 170.5, 170.0, 170.5, 169.8, 168.4, 169.2, 169.3, 169.3, 169.3, 169.2, 168.6, 168.6, 167.9, 168.5, 168.5, 169.2, 168.6, 168.6, 169.3, 169.3, 168.5, 168.7, 167.9, 168.6, 167.9, 166.5, 167.4, 166.6, 166.0, 166.6, 166.6, 168.5, 169.2, 173.1, 174.9, 174.8, 176.9, 176.9, 176.3, 176.3, 176.3, 175.7, 175.7, 174.4, 172.4, 172.5, 169.9, 170.0, 168.6, 167.9, 167.5, 167.4, 167.3, 167.9, 167.3, 166.8, 167.3, 166.5, 168.5, 172.4, 174.3, 175.0, 174.2, 175.6, 175.0, 175.7, 175.0, 175.0, 173.7, 172.4, 171.2, 170.0, 168.7, 169.9, 169.3, 169.9, 168.6, 167.4, 167.4, 166.8, 166.5, 166.6, 166.1, 166.6, 166.6, 165.4, 166.1, 168.0, 173.1, 173.6, 174.9, 175.6, 174.9, 176.3, 175.7, 174.4, 172.4, 172.5, 170.6, 168.6, 167.4, 167.4, 167.4, 167.8, 167.9, 167.3, 168.0, 168.6, 167.9, 168.0, 166.5, 166.1, 165.4, 166.1, 165.9, 166.0, 166.6, 166.8, 166.8, 166.0, 166.1, 165.5, 165.9, 164.6, 165.4, 164.8, 164.8, 164.5, 164.6, 164.6, 164.6, 164.5, 164.6, 165.4, 164.5, 164.0, 164.0, 164.2, 163.4, 163.4, 162.8, 162.6, 164.0, 163.4, 163.6, 166.0, 169.8, 173.7, 174.2, 174.2, 174.9, 175.6, 174.9, 174.9, 175.6, 176.2, 174.9, 176.3, 175.6, 176.3, 176.9, 176.9, 175.7, 175.0, 173.1, 173.1, 172.5, 173.1, 173.1, 172.5, 172.5, 172.5, 173.1, 171.9, 170.7, 169.9, 169.3, 168.7, 168.0, 168.0, 167.3, 168.6, 172.4, 174.3, 175.6, 176.2, 177.5, 176.9, 176.9, 176.9, 177.5, 176.9, 178.2, 178.2, 177.6, 176.3, 175.1, 174.5, 173.9, 174.5, 173.4, 172.1, 172.1, 172.7, 172.7, 170.8, 170.2, 170.2, 169.5, 168.8, 168.9, 168.7, 168.7, 168.7, 168.7, 168.0, 167.4, 167.4, 166.6, 168.1, 168.0, 168.0, 173.1, 176.3, 177.5, 177.5, 177.5, 177.6, 177.6, 176.9, 178.2, 178.2, 177.6, 174.4, 172.6, 172.0, 170.8, 170.2, 170.7, 170.1, 169.4, 168.7, 167.5, 168.1, 168.7, 168.2, 168.2, 168.1, 168.1, 167.5, 167.5, 168.1, 168.1, 168.8, 168.1, 168.2, 168.2, 168.2, 168.2, 167.7, 168.3, 167.6, 168.3, 167.6, 168.3, 168.9, 168.3, 168.9, 168.3, 168.2, 168.3, 169.0, 169.0, 168.9, 168.3, 168.3, 166.9, 166.4, 166.4, 165.7, 165.8, 165.7, 166.3, 165.7, 164.9, 165.7, 165.9, 165.1, 165.7, 165.8, 165.8, 164.5, 165.8, 165.7, 164.6, 165.1, 164.9, 165.1, 165.1, 165.5, 165.1, 165.5, 165.8, 165.1, 166.4, 165.1, 165.8, 165.8, 165.8, 165.7, 165.7, 165.8, 165.1, 165.8, 165.7, 166.4, 165.7, 165.1, 165.8, 165.7, 165.7, 166.3, 166.3, 166.1, 165.8, 166.4, 165.5, 165.7, 165.7, 165.7, 165.1, 166.3, 165.8, 166.4, 166.1, 166.9, 165.2, 165.7, 166.3, 166.4, 166.3, 165.7, 166.3, 166.4, 166.3, 166.1, 166.3, 165.1, 165.8, 165.1, 165.1, 166.9, 166.3, 165.1, 166.9, 165.7, 166.4, 166.3, 166.1, 166.3, 167.0, 165.7, 166.3, 166.1, 165.8, 166.1, 166.4, 166.3, 166.3, 167.0, 167.0, 167.6, 167.6, 168.2, 168.2, 168.2, 168.8, 169.5, 168.8, 169.5, 169.5, 168.8, 169.5, 169.3, 170.1, 169.4, 170.6, 171.1, 172.6, 172.6, 171.9, 172.6, 172.6, 172.6, 171.9, 171.2, 170.7, 170.5, 171.9, 171.3, 170.7, 171.2, 171.9, 171.2, 170.7, 169.9, 169.9, 169.3, 169.9, 170.0, 169.4, 169.3, 168.5, 169.9, 171.9, 170.6, 171.2, 171.2, 169.9, 169.4, 169.9, 170.0, 170.0, 170.0, 169.4, 169.3, 169.3, 169.3, 169.3, 169.9, 170.0, 169.3, 169.3, 170.5, 170.0, 170.0, 170.6, 170.0, 170.0, 170.0, 170.0, 169.3, 170.4, 172.4, 173.1, 173.1, 172.6, 171.9, 169.3, 169.3, 169.3, 168.7, 169.3, 169.8, 169.3, 169.8, 169.9, 169.3, 169.3, 170.5, 171.2, 171.2, 170.5, 170.5, 170.5, 169.9, 169.9, 170.5, 171.2, 170.0, 169.9, 171.8, 171.2]"
13,"[174.4, 173.8, 175.0, 173.7, 174.9, 175.6, 174.3, 173.7, 173.7, 173.8, 172.5, 173.8, 173.1, 173.1, 173.1, 175.0, 173.8, 174.4, 173.8, 173.8, 172.5, 173.2, 173.1, 173.2, 173.2, 173.8, 173.8, 173.1, 173.2, 173.8, 172.5, 173.1, 172.5, 171.9, 171.9, 173.2, 172.4, 173.1, 172.5, 171.9, 172.5, 171.8, 172.5, 172.4, 172.4, 172.5, 171.9, 172.4, 172.5, 173.1, 173.8, 173.8, 173.1, 173.2, 173.8, 173.2, 173.1, 173.8, 173.1, 173.1, 173.8, 173.8, 173.8, 173.8, 173.1, 173.8, 173.8, 174.4, 173.2, 173.2, 174.4, 175.1, 175.7, 176.3, 177.6, 177.0, 176.4, 177.0, 176.3, 176.4, 176.3, 176.3, 175.7, 176.4, 176.3, 176.3, 176.3, 175.7, 175.7, 176.4, 175.1, 175.7, 175.1, 174.4, 174.5, 175.1, 175.7, 176.3, 175.1, 175.7, 175.1, 175.1, 175.1, 174.4, 174.4, 174.4, 174.4, 174.4, 175.1, 174.4, 174.4, 175.1, 175.1, 174.4, 175.1, 175.1, 174.4, 173.8, 174.4, 175.1, 174.4, 173.8, 173.1, 173.8, 174.3, 175.1, 175.1, 175.1, 175.7, 175.1, 175.0, 173.8, 172.4, 171.8, 171.8, 171.9, 172.5, 171.8, 170.5, 171.1, 170.4, 170.4, 172.5, 171.7, 171.2, 173.1, 172.5, 172.4, 172.4, 171.2, 169.9, 171.2, 171.1, 171.9, 171.2, 171.2, 171.2, 171.2, 171.1, 170.5, 170.5, 171.9, 170.4, 170.4, 171.1, 171.9, 170.4, 171.1, 171.2, 171.2, 171.8, 171.8, 171.8, 175.7, 177.6, 177.5, 177.5, 176.9, 178.2, 176.2, 176.9, 176.9, 177.6, 177.6, 177.6, 176.9, 176.9, 177.6, 177.5, 176.9, 175.6, 175.6, 174.9, 175.0, 175.7, 177.6, 177.6, 178.2, 178.2, 176.3, 174.4, 173.1, 173.1, 172.6, 171.9, 171.2, 171.9, 173.2, 171.9, 170.6, 170.0, 170.1, 170.0, 169.9, 169.3, 168.6, 167.9, 168.5, 168.6, 169.2, 169.3, 168.5, 167.9, 167.3, 168.0, 167.9, 168.0, 168.0, 168.5, 167.8, 167.9, 167.3, 168.5, 168.5, 173.2, 176.2, 177.5, 176.2, 176.2, 175.6, 176.2, 175.7, 175.6, 175.6, 175.6, 175.6, 176.9, 177.6, 176.9, 175.1, 174.4, 173.2, 171.9, 171.3, 171.2, 170.0, 169.9, 169.2, 168.5, 169.9, 169.4, 169.4, 169.2, 169.3, 168.4, 168.5, 167.9, 167.9, 169.3, 167.9, 168.5, 173.7, 178.2, 175.5, 176.1, 176.1, 175.4, 175.5, 175.5, 174.3, 174.4, 173.8, 175.7, 177.0, 177.6, 174.4, 174.5, 173.8, 173.8, 173.8, 173.2, 173.2, 173.2, 172.6, 171.9, 172.5, 171.9, 171.2, 171.3, 171.2, 170.6, 169.9, 171.3, 170.6, 169.9, 169.9, 169.9, 169.9, 169.8, 169.3, 169.9, 172.6, 177.6, 175.0, 174.2, 174.9, 174.3, 175.0, 175.7, 176.3, 177.0, 174.5, 171.9, 171.3, 171.9, 170.5, 169.9, 169.9, 170.5, 170.5, 169.8, 170.5, 170.4, 169.7, 170.5, 169.7, 169.8, 169.7, 169.8, 169.8, 169.1, 169.1, 169.1, 169.1, 169.7, 169.2, 168.4, 169.0, 169.7, 169.2, 169.6, 169.1, 169.0, 169.1, 169.1, 169.1, 169.1, 169.6, 168.4, 169.0, 168.4, 169.2, 169.2, 168.3, 169.1, 169.9, 171.7, 173.1, 173.8, 173.2, 173.1, 172.4, 171.9, 171.2, 171.9, 170.5, 171.1, 171.9, 170.5, 171.2, 171.2, 171.2, 171.2, 171.8, 171.2, 171.2, 171.8, 171.9, 171.2, 171.3, 169.9, 171.2, 171.9, 171.2, 171.2, 171.2, 171.3, 170.0, 171.2, 170.6, 170.6, 170.0, 170.6, 170.6, 170.1, 169.9, 169.9, 169.9, 169.9, 170.4, 169.9, 169.9, 170.6, 171.9, 171.2, 171.2, 170.6, 170.0, 170.6, 170.7, 170.6, 170.1, 169.9, 169.3, 169.9, 169.4, 169.4, 170.0, 170.1, 170.6, 170.6, 170.1, 170.0, 170.0, 170.0, 169.9, 169.4, 169.4, 170.0, 170.7, 169.9, 170.1, 170.7, 170.5, 170.0, 170.7, 170.1, 169.3, 170.0, 170.0, 170.1, 170.1, 170.0, 170.1, 170.8, 170.0, 170.1, 170.7, 170.8, 170.1, 170.0, 170.0, 169.4, 169.4, 170.2, 169.5, 169.3, 169.4, 168.7, 169.4, 170.0, 170.8, 169.4, 169.5, 170.0, 169.4, 169.4, 169.4, 170.1, 169.4, 169.4, 170.1, 169.4, 170.7, 170.7, 169.4, 170.1, 169.5, 169.4, 170.0, 170.1, 170.1, 169.5, 170.0, 170.0, 169.4, 170.0, 169.4, 170.0, 170.0, 170.0, 170.0, 170.0, 169.9, 169.5, 170.0, 170.0, 170.0, 169.5, 169.3, 169.3, 170.0, 170.0, 169.9, 169.9, 169.3, 169.3, 169.9, 170.4, 170.0, 170.6, 170.0, 170.5, 170.1, 169.9, 169.9, 170.0, 169.9, 169.2, 169.9, 169.3, 170.0, 170.0, 169.9, 170.5, 169.3, 170.6, 170.6, 171.3, 170.5, 171.2, 171.2, 170.6, 170.4, 170.5, 169.8, 169.8, 169.9, 169.9, 169.9, 169.3, 169.3, 169.8, 169.9, 169.9, 170.6, 170.0, 169.3, 169.2, 169.9, 170.1, 169.9, 169.9, 169.3, 170.0, 170.6, 170.0, 170.5, 170.5, 170.5, 170.4, 170.6, 170.5, 170.6, 170.5, 170.6, 170.6, 170.7, 170.6, 170.6, 170.7, 171.2, 170.0, 170.5, 170.6, 169.9, 171.2, 171.9, 171.2, 171.2, 171.9, 171.3, 172.6, 171.2, 170.5, 171.9, 172.4, 173.2, 172.5, 172.5]"
13,"[171.8, 172.4, 172.4, 173.5, 171.6, 171.6, 170.3, 170.4, 169.8, 171.2, 169.9, 170.6, 170.5, 170.7, 171.3, 170.5, 170.0, 170.1, 169.9, 170.0, 170.0, 170.0, 169.4, 169.8, 170.0, 170.1, 169.9, 169.2, 169.8, 169.9, 169.3, 169.4, 169.9, 169.9, 169.9, 170.6, 170.6, 169.9, 169.9, 169.9, 170.5, 170.6, 171.3, 170.6, 171.2, 170.6, 170.6, 169.9, 170.0, 169.9, 170.0, 170.5, 170.5, 170.6, 171.9, 171.2, 169.9, 171.2, 170.6, 171.2, 171.2, 171.9, 171.9, 171.9, 171.2, 171.3, 171.3, 171.2, 170.5, 170.6, 170.5, 169.9, 170.6, 169.9, 169.9, 170.0, 170.5, 170.0, 169.8, 168.5, 169.4, 170.0, 169.9, 169.9, 170.0, 169.3, 169.9, 170.0, 169.4, 170.0, 170.0, 170.6, 171.3, 170.8, 170.0, 170.0, 170.0, 170.6, 170.6, 170.0, 170.5, 169.3, 170.7, 169.9, 169.3, 170.0, 169.9, 169.5, 170.0, 169.9, 170.0, 169.9, 170.0, 170.7, 170.8, 170.7, 170.0, 170.7, 170.7, 170.6, 170.7, 170.0, 170.0, 171.2, 170.0, 171.3, 171.2, 172.6, 172.6, 173.8, 173.2, 171.8, 171.9, 170.5, 169.9, 169.8, 169.2, 169.8, 170.6, 170.5, 171.2, 171.2, 171.1, 170.4, 170.5, 171.8, 171.7, 170.4, 171.1, 170.4, 171.1, 171.1, 171.1, 170.4, 169.8, 169.8, 169.1, 169.2, 169.2, 169.2, 169.7, 169.3, 169.3, 169.2, 170.5, 169.3, 168.6, 169.2, 169.2, 169.9, 170.0, 170.7, 170.5, 170.1, 171.2, 170.6, 170.0, 169.4, 169.4, 169.4, 169.4, 169.4, 168.7, 169.3, 168.6, 168.1, 168.5, 169.4, 168.8, 168.1, 168.6, 168.6, 168.6, 169.2, 171.2, 170.6, 169.8, 169.3, 170.4, 169.9, 170.4, 169.9, 170.6, 171.2, 169.9, 169.4, 170.0, 170.0, 170.7, 170.0, 170.7, 169.9, 170.6, 170.6, 169.9, 170.1, 170.6, 170.8, 170.1, 170.0, 169.4, 167.9, 168.6, 168.7, 169.5, 168.6, 169.5, 170.2, 170.0, 169.3, 169.8, 169.9, 170.5, 172.5, 174.4, 173.2, 172.4, 171.7, 169.3, 170.6, 170.5, 171.8, 171.8, 173.1, 172.5, 171.9, 171.9, 171.2, 170.6, 170.6, 170.6, 170.6, 170.0, 170.0, 171.2, 170.6, 171.2, 171.8, 171.9, 173.2, 175.7, 175.1, 174.4, 174.5, 174.5, 172.5, 172.4, 173.1, 174.4, 174.5, 174.4, 173.8, 173.1, 172.6, 172.5, 172.5, 172.5, 171.8, 171.2, 173.2, 172.6, 171.2, 171.9, 172.6, 171.9, 172.6, 171.8, 172.5, 176.3, 176.4, 175.7, 175.1, 175.7, 175.1, 173.2, 172.5, 172.5, 171.9, 171.9, 173.8, 174.4, 173.8, 173.8, 173.2, 173.8, 173.2, 172.5, 173.2, 173.2, 173.1, 173.2, 173.2, 173.2, 171.9, 172.6, 171.2, 171.2, 171.1, 171.2, 173.1, 174.4, 173.8, 173.1, 172.4, 172.4, 171.8, 171.7, 171.7, 171.1, 173.1, 172.4, 173.8, 174.4, 172.6, 173.8, 172.6, 172.6, 173.2, 172.5, 172.6, 172.5, 172.6, 171.9, 171.8, 171.7, 171.9, 172.5, 172.5, 171.9, 172.5, 172.4, 172.5, 171.1, 171.7, 173.1, 173.8, 173.8, 173.8, 172.4, 172.4, 171.9, 171.8, 173.1, 173.2, 173.2, 173.3, 172.6, 173.2, 173.3, 172.7, 171.4, 172.1, 170.7, 170.8, 170.2, 170.0, 170.5, 171.2, 171.9, 171.2, 170.5, 170.0, 171.2, 171.3, 171.5, 172.1, 172.7, 172.1, 172.7, 172.7, 172.1, 172.1, 172.7, 172.1, 172.7, 172.7, 172.7, 172.1, 172.1, 173.3, 173.3, 172.7, 172.7, 173.3, 172.7, 172.6, 171.9, 172.1, 172.0, 171.4, 172.6, 172.6, 172.0, 171.9, 172.6, 172.6, 172.0, 172.1, 172.7, 172.6, 172.6, 171.9, 172.0, 171.9, 172.0, 172.6, 172.6, 173.3, 172.0, 172.7, 172.6, 173.3, 173.9, 173.3, 173.2, 173.2, 172.0, 172.7, 173.9, 173.9, 173.2, 173.8, 173.2, 173.2, 173.3, 173.3, 173.2, 172.0, 173.2, 172.6, 173.9, 172.7, 172.6, 172.6, 172.7, 172.7, 173.2, 172.7, 173.3, 172.6, 172.7, 172.6, 172.0, 172.7, 172.7, 172.7, 173.3, 173.3, 173.9, 173.3, 173.3, 173.3, 173.3, 173.3, 173.3, 173.3, 172.0, 171.9, 173.8, 174.5, 175.7, 174.5, 175.7, 174.5, 173.8, 173.8, 173.2, 173.2, 173.2, 173.8, 173.2, 172.6, 172.6, 171.9, 172.6, 173.2, 172.0, 172.6, 171.3, 171.9, 171.9, 171.9, 171.9, 171.9, 171.9, 171.9, 171.9, 172.5, 171.8, 172.6, 170.7, 170.6, 171.3, 170.0, 171.2, 170.6, 171.2, 170.5, 171.9, 172.6, 173.2, 173.2, 173.2, 172.6, 171.2, 171.9, 171.9, 172.0, 171.9, 171.9, 171.2, 171.2, 171.9, 171.9, 172.5, 171.9, 171.9, 171.2, 172.5, 171.2, 170.6, 170.5, 170.0, 170.6, 171.2, 169.9, 170.6, 170.5, 170.5, 170.5, 170.7, 171.2, 170.6, 171.2, 170.5, 170.0, 170.6, 170.6, 169.9, 170.0, 170.5, 170.5, 170.6, 170.6, 169.9, 170.7, 170.1, 171.3, 170.6, 171.3, 170.5, 171.3, 170.6, 170.6, 170.7, 171.3, 171.3, 171.3, 170.5, 171.3, 170.7, 171.9, 171.2, 171.3, 170.6, 170.6, 171.3, 171.9, 171.2, 170.7, 171.3, 171.9, 171.3, 170.7, 170.6, 171.9, 170.6, 171.2, 171.3, 171.3]"
13,"[172.5, 171.8, 173.1, 172.9, 172.9, 173.6, 172.3, 172.4, 172.4, 171.8, 170.5, 171.8, 171.9, 172.5, 171.8, 171.8, 171.9, 171.9, 171.2, 171.8, 171.2, 171.2, 171.9, 171.2, 171.9, 171.2, 171.9, 171.2, 171.9, 171.9, 172.5, 171.9, 171.8, 171.9, 171.9, 171.9, 171.2, 171.2, 171.9, 171.9, 171.9, 171.9, 171.9, 172.5, 171.9, 171.8, 171.2, 171.9, 171.8, 171.8, 171.8, 171.8, 172.5, 171.9, 171.8, 171.9, 171.9, 171.8, 172.5, 172.4, 171.8, 172.5, 171.8, 171.8, 172.5, 171.9, 172.5, 171.9, 171.8, 172.5, 172.5, 172.6, 171.2, 171.9, 171.8, 171.8, 171.8, 171.2, 172.5, 173.1, 171.9, 171.9, 171.8, 171.8, 171.9, 171.8, 171.9, 171.9, 171.9, 171.8, 171.8, 171.9, 172.6, 171.8, 171.8, 171.2, 171.8, 171.8, 171.2, 171.8, 171.8, 171.2, 171.8, 171.8, 171.8, 171.9, 171.2, 171.9, 171.8, 172.5, 172.5, 171.9, 171.2, 171.9, 171.9, 172.5, 171.9, 171.2, 172.6, 172.5, 171.2, 172.6, 171.9, 172.5, 171.9, 171.9, 173.1, 172.5, 171.9, 173.8, 174.4, 173.8, 173.8, 173.8, 171.8, 171.9, 171.9, 171.2, 171.1, 169.8, 169.1, 169.1, 169.7, 169.7, 170.4, 169.7, 170.3, 169.1, 169.2, 169.1, 169.1, 169.1, 168.4, 169.1, 169.2, 168.4, 169.8, 169.0, 169.1, 169.0, 169.0, 169.1, 170.3, 171.0, 171.0, 171.0, 169.7, 169.7, 169.1, 170.3, 171.0, 169.7, 169.7, 171.1, 170.3, 170.3, 169.6, 169.1, 169.7, 170.3, 171.0, 170.3, 169.7, 169.1, 169.0, 169.0, 168.4, 169.1, 169.0, 170.4, 169.1, 169.1, 169.6, 169.1, 169.1, 170.3, 170.9, 170.3, 171.1, 171.0, 171.0, 170.9, 169.1, 169.7, 170.4, 170.3, 170.4, 170.4, 171.1, 171.0, 171.8, 170.4, 170.4, 170.4, 171.1, 171.1, 170.3, 170.3, 171.0, 169.7, 170.3, 173.1, 172.4, 171.8, 171.7, 171.1, 171.1, 172.4, 172.5, 172.4, 172.4, 172.4, 172.5, 172.4, 171.2, 171.2, 171.2, 171.2, 170.5, 170.5, 169.9, 170.5, 169.8, 169.8, 169.8, 169.8, 169.8, 171.2, 170.4, 170.4, 169.7, 171.0, 172.4, 172.4, 171.0, 171.0, 171.7, 171.0, 171.6, 171.6, 171.1, 171.6, 171.7, 173.1, 171.8, 171.9, 171.8, 171.2, 171.8, 171.2, 173.1, 171.7, 171.8, 171.2, 172.4, 171.9, 171.7, 172.4, 171.8, 171.1, 172.4, 171.7, 171.7, 171.1, 171.0, 171.6, 172.5, 172.4, 172.4, 173.1, 172.4, 172.5, 171.8, 171.2, 171.1, 171.7, 173.1, 173.0, 174.4, 175.1, 173.8, 173.1, 173.2, 172.4, 171.8, 171.7, 171.1, 171.7, 171.8, 171.7, 171.8, 171.2, 171.8, 171.1, 171.2, 172.4, 171.7, 171.7, 171.1, 171.1, 172.4, 173.7, 173.8, 173.7, 173.1, 173.1, 173.1, 172.4, 171.1, 171.7, 170.4, 169.7, 171.0, 171.7, 171.6, 171.6, 172.3, 171.6, 171.7, 172.4, 171.6, 171.1, 172.4, 172.4, 171.7, 172.4, 171.7, 172.4, 172.4, 171.8, 172.5, 171.1, 171.6, 171.0, 171.7, 172.4, 172.4, 172.9, 172.4, 172.4, 172.4, 173.1, 171.8, 170.4, 171.0, 172.4, 172.4, 173.1, 172.4, 173.2, 173.2, 172.5, 173.8, 173.8, 173.8, 173.2, 172.5, 173.2, 171.9, 171.2, 171.2, 171.9, 171.2, 171.8, 171.1, 171.8, 173.1, 173.7, 174.4, 173.8, 173.8, 173.1, 173.2, 172.5, 173.1, 173.1, 173.8, 173.8, 173.8, 174.4, 173.8, 173.1, 172.5, 172.5, 172.4, 172.4, 172.5, 173.1, 172.5, 173.1, 173.1, 172.5, 173.1, 173.1, 172.4, 173.1, 172.5, 172.6, 172.5, 171.8, 172.5, 171.9, 172.5, 171.9, 171.8, 171.9, 171.9, 171.9, 172.5, 171.9, 172.4, 171.2, 171.1, 171.2, 170.6, 171.2, 170.5, 170.6, 171.2, 169.9, 170.5, 170.5, 169.9, 170.5, 169.9, 170.5, 169.9, 169.9, 169.3, 169.9, 169.9, 170.5, 170.5, 170.5, 170.6, 170.5, 170.5, 169.9, 170.5, 169.9, 169.9, 169.9, 169.9, 169.1, 168.5, 169.8, 171.8, 169.8, 170.4, 169.3, 170.0, 170.6, 170.0, 170.6, 169.9, 169.4, 170.6, 170.6, 170.5, 170.5, 170.0, 169.9, 170.6, 170.0, 170.6, 170.5, 171.2, 170.6, 170.5, 169.9, 170.5, 169.9, 170.0, 170.0, 169.9, 170.6, 170.0, 169.9, 169.2, 169.3, 170.0, 169.4, 169.4, 169.4, 169.8, 170.5, 170.0, 168.7, 169.9, 170.0, 170.0, 170.0, 170.0, 170.0, 169.9, 169.9, 169.4, 169.9, 170.1, 170.0, 169.9, 169.3, 169.2, 169.4, 169.4, 169.9, 169.3, 169.3, 169.3, 169.9, 170.0, 170.0, 169.2, 169.9, 169.5, 170.0, 169.4, 169.3, 169.3, 170.0, 169.9, 170.1, 170.0, 169.3, 169.9, 170.5, 170.6, 171.2, 170.5, 170.0, 170.5, 170.0, 169.9, 169.3, 169.2, 169.2, 169.3, 169.2, 169.3, 169.4, 169.9, 169.9, 170.5, 169.9, 169.9, 169.8, 169.8, 169.8, 170.5, 170.5, 170.6, 171.2, 169.9, 169.3, 169.3, 169.2, 169.9, 169.8, 170.0, 170.0, 169.3, 170.0, 169.9, 169.3, 169.2, 169.9, 170.0, 169.3, 169.2, 169.2, 169.2, 169.3, 169.3, 170.1, 169.3, 169.3, 169.3, 169.3, 169.3, 168.5]"
13,"[174.4, 172.4, 173.1, 173.5, 173.5, 173.0, 172.9, 171.7, 172.4, 171.9, 170.5, 171.9, 170.6, 170.6, 171.9, 171.8, 171.3, 172.0, 171.2, 171.9, 171.9, 171.9, 172.6, 171.2, 172.5, 172.0, 173.2, 172.5, 171.9, 171.9, 171.9, 172.5, 172.6, 172.6, 171.9, 171.2, 171.8, 172.5, 171.9, 171.8, 172.5, 171.9, 171.8, 171.9, 170.6, 171.9, 171.9, 171.9, 172.6, 171.9, 170.5, 171.2, 171.2, 171.3, 171.2, 171.2, 171.9, 171.9, 171.9, 172.0, 171.9, 172.6, 171.9, 171.9, 171.9, 171.9, 171.3, 171.3, 172.0, 171.2, 171.2, 171.2, 171.9, 172.0, 172.0, 171.3, 172.0, 171.9, 171.9, 171.9, 172.4, 171.8, 171.9, 171.3, 171.9, 172.6, 172.4, 171.9, 171.2, 172.0, 171.3, 171.9, 172.6, 171.9, 171.9, 171.9, 171.2, 172.5, 171.9, 172.6, 171.9, 172.6, 171.9, 171.9, 171.9, 172.6, 172.6, 172.6, 172.6, 171.9, 171.9, 171.9, 171.3, 171.2, 172.0, 172.5, 172.5, 171.9, 172.5, 172.6, 171.2, 172.5, 171.9, 171.9, 171.9, 171.9, 172.6, 172.6, 172.5, 172.5, 172.6, 171.9, 170.6, 171.2, 169.2, 169.7, 170.4, 169.8, 170.4, 169.8, 170.4, 170.4, 171.1, 170.4, 171.1, 171.1, 170.4, 170.4, 171.7, 171.0, 170.4, 170.4, 169.8, 170.3, 171.1, 170.4, 171.1, 171.1, 171.1, 170.4, 170.3, 171.1, 171.1, 171.1, 171.7, 171.1, 172.4, 171.7, 172.4, 172.3, 170.4, 171.6, 171.7, 171.1, 171.7, 171.1, 171.7, 171.7, 171.1, 171.7, 171.1, 173.1, 175.1, 176.3, 176.3, 175.1, 175.1, 173.8, 173.8, 173.1, 172.5, 172.4, 171.2, 172.4, 171.8, 171.8, 171.7, 171.2, 171.8, 171.2, 171.9, 171.9, 171.9, 171.9, 171.2, 171.9, 173.1, 171.9, 172.5, 171.2, 171.2, 172.6, 171.9, 173.2, 173.2, 173.2, 173.1, 172.5, 171.9, 173.2, 173.2, 173.2, 173.2, 172.5, 172.6, 171.8, 172.4, 171.9, 171.9, 173.2, 173.2, 173.2, 173.2, 173.2, 172.5, 174.4, 173.2, 173.1, 172.6, 173.8, 172.6, 173.8, 173.1, 173.1, 173.8, 173.1, 173.8, 174.3, 175.1, 174.3, 174.4, 175.0, 174.4, 175.1, 174.4, 174.4, 175.1, 173.8, 171.7, 171.9, 173.7, 175.0, 176.9, 177.6, 176.3, 175.7, 175.7, 175.7, 175.1, 175.7, 175.7, 175.1, 175.7, 176.3, 175.0, 173.8, 173.8, 173.7, 174.4, 174.4, 175.0, 175.0, 173.8, 175.0, 175.1, 175.7, 175.7, 175.0, 175.0, 175.7, 175.7, 175.6, 175.1, 175.0, 174.4, 174.4, 176.3, 177.6, 177.6, 178.2, 177.6, 176.9, 177.6, 176.3, 176.9, 176.9, 176.3, 176.3, 178.2, 176.9, 176.9, 176.9, 176.9, 177.0, 177.6, 176.9, 176.9, 176.9, 176.3, 176.3, 175.6, 176.9, 176.3, 176.3, 175.7, 176.3, 177.6, 177.6, 178.2, 176.9, 178.2, 177.6, 176.3, 176.9, 176.9, 176.3, 176.3, 176.9, 176.9, 177.6, 176.9, 177.6, 177.6, 177.6, 177.6, 177.6, 177.6, 177.6, 177.5, 177.5, 177.6, 176.9, 177.6, 177.6, 175.1, 175.1, 175.7, 175.0, 175.7, 175.7, 175.7, 176.3, 176.3, 176.3, 176.9, 176.3, 175.7, 177.6, 177.6, 177.6, 176.9, 176.3, 176.3, 175.0, 177.5, 176.9, 176.3, 177.6, 176.9, 176.9, 177.6, 177.6, 177.6, 178.2, 178.2, 177.6, 178.2, 177.6, 177.6, 176.9, 177.6, 178.2, 178.2, 178.2, 177.6, 175.7, 175.7, 176.4, 177.0, 178.2, 177.0, 177.6, 176.3, 175.1, 175.1, 175.0, 175.1, 175.1, 175.0, 175.1, 175.0, 174.4, 174.4, 175.1, 175.1, 175.1, 175.7, 175.1, 175.1, 174.4, 173.8, 173.8, 173.1, 173.1, 172.4, 172.4, 172.5, 172.4, 172.5, 173.1, 173.1, 173.2, 173.2, 172.5, 173.1, 171.8, 172.5, 173.1, 172.5, 173.8, 173.2, 173.2, 175.1, 173.2, 173.8, 173.2, 173.1, 173.1, 173.2, 172.5, 172.6, 173.8, 173.2, 173.2, 173.8, 173.8, 174.5, 173.8, 174.5, 173.8, 173.2, 172.6, 173.2, 172.6, 173.2, 173.2, 173.8, 172.6, 173.2, 173.2, 172.6, 173.2, 172.6, 173.2, 173.8, 172.6, 171.2, 173.8, 177.0, 177.0, 176.4, 177.0, 177.0, 177.0, 178.2, 178.2, 178.2, 177.0, 176.4, 174.5, 174.5, 174.5, 174.5, 173.8, 173.2, 174.5, 174.5, 173.2, 173.8, 174.5, 173.8, 173.8, 173.2, 173.8, 173.8, 173.2, 173.8, 173.2, 173.2, 173.2, 173.8, 173.8, 172.6, 173.8, 173.2, 173.2, 173.2, 174.5, 173.2, 173.8, 173.2, 173.2, 173.2, 172.6, 173.2, 173.8, 173.2, 173.8, 174.5, 172.6, 173.2, 173.2, 173.2, 172.6, 173.2, 173.8, 173.2, 172.5, 172.6, 172.6, 173.2, 172.6, 172.6, 172.6, 172.6, 173.2, 172.5, 172.6, 173.2, 173.1, 173.1, 173.2, 173.2, 173.2, 172.6, 172.6, 174.5, 175.7, 174.5, 173.8, 174.5, 174.5, 174.5, 173.8, 173.2, 173.8, 174.5, 174.5, 173.2, 173.8, 173.8, 173.8, 173.2, 172.6, 173.2, 173.8, 173.2, 173.2, 173.8, 172.6, 172.6, 173.2, 173.8, 173.8, 173.2, 172.6, 172.6, 171.2, 171.9, 171.2, 170.7, 170.6, 171.3, 171.2, 171.9, 171.9, 171.9, 172.6, 171.9, 171.3]"
13,"[173.8, 172.4, 171.1, 171.6, 172.9, 171.0, 170.4, 171.1, 169.8, 169.9, 170.5, 170.6, 171.2, 171.2, 171.2, 171.2, 170.5, 171.2, 170.6, 170.6, 171.3, 171.3, 171.2, 171.9, 171.2, 171.2, 171.3, 171.9, 171.9, 171.2, 170.5, 171.9, 171.9, 171.2, 171.2, 170.6, 171.2, 171.2, 171.2, 171.2, 170.6, 171.2, 171.2, 171.2, 171.2, 171.2, 170.6, 170.6, 171.2, 171.2, 171.2, 171.2, 171.2, 171.2, 171.2, 171.2, 171.2, 171.2, 171.2, 171.2, 171.2, 170.5, 170.5, 171.9, 170.6, 171.2, 170.6, 170.5, 171.2, 170.6, 171.2, 171.8, 170.6, 170.6, 170.6, 170.6, 170.6, 170.6, 170.6, 171.2, 171.2, 170.5, 171.2, 170.6, 170.6, 170.5, 170.5, 170.6, 171.2, 171.9, 171.3, 170.7, 171.2, 171.2, 171.2, 171.2, 171.3, 170.6, 171.2, 171.3, 171.2, 171.3, 171.9, 171.2, 170.5, 170.5, 170.6, 170.6, 170.6, 170.5, 171.8, 171.2, 171.2, 171.2, 170.6, 171.2, 171.3, 171.2, 170.6, 170.6, 171.3, 171.2, 170.5, 169.9, 170.5, 170.6, 171.2, 171.2, 171.2, 171.2, 171.9, 171.9, 171.8, 171.2, 171.1, 171.2, 171.2, 170.5, 169.1, 170.4, 170.5, 169.9, 170.4, 170.4, 170.4, 171.2, 171.7, 171.7, 172.5, 172.5, 172.4, 172.4, 171.1, 170.4, 170.4, 171.0, 173.0, 172.4, 172.4, 172.5, 172.4, 171.7, 171.7, 169.7, 171.1, 171.0, 171.1, 171.6, 171.6, 172.4, 171.7, 172.4, 173.0, 173.0, 173.7, 173.8, 172.5, 173.7, 172.4, 173.1, 171.8, 172.4, 172.4, 172.5, 172.4, 171.9, 175.1, 176.9, 176.9, 176.9, 176.9, 176.3, 175.7, 175.1, 174.4, 175.1, 175.0, 175.0, 175.7, 176.9, 175.7, 174.4, 175.7, 175.1, 175.1, 175.7, 175.7, 175.1, 176.3, 176.3, 176.3, 175.7, 175.7, 175.1, 175.7, 175.7, 175.7, 175.7, 175.1, 175.7, 175.7, 175.7, 175.1, 175.1, 174.4, 175.1, 175.1, 174.4, 175.7, 175.7, 175.1, 175.0, 175.1, 176.4, 177.6, 178.2, 178.2, 178.2, 177.6, 177.6, 177.6, 177.6, 176.3, 175.7, 175.7, 175.7, 176.3, 175.7, 175.7, 175.0, 175.1, 176.3, 175.7, 176.3, 175.7, 176.3, 175.7, 176.9, 176.9, 176.9, 176.3, 175.7, 176.3, 176.3, 177.0, 176.3, 175.7, 176.9, 176.9, 176.3, 176.3, 176.3, 175.7, 176.9, 176.3, 176.9, 177.6, 176.9, 176.3, 175.7, 177.0, 178.2, 176.3, 176.3, 176.3, 176.3, 176.9, 178.2, 176.9, 177.6, 177.6, 177.6, 178.2, 177.6, 177.0, 177.6, 177.6, 178.2, 177.6, 177.6, 177.6, 177.6, 177.6, 178.2, 177.6, 176.9, 176.9, 178.2, 177.6, 177.6, 177.6, 177.6, 177.6, 176.3, 175.1, 174.5, 174.4, 174.4, 175.1, 175.7, 176.9, 176.9, 176.3, 175.1, 176.3, 176.3, 175.7, 175.7, 176.9, 176.9, 175.7, 176.3, 175.7, 175.7, 175.0, 175.7, 176.9, 177.6, 176.3, 176.9, 175.7, 176.9, 176.3, 175.7, 174.5, 173.8, 175.0, 174.4, 175.1, 174.4, 175.1, 175.7, 176.3, 175.7, 175.7, 175.7, 175.1, 175.1, 173.8, 174.4, 173.8, 174.4, 174.4, 175.1, 177.0, 178.2, 178.2, 177.6, 177.6, 176.9, 177.6, 176.9, 177.6, 177.6, 177.0, 177.6, 177.6, 177.6, 176.9, 178.2, 178.2, 177.6, 177.0, 176.3, 175.1, 173.9, 174.4, 174.5, 175.1, 173.9, 174.5, 175.7, 175.7, 177.0, 176.3, 178.2, 178.2, 176.3, 176.9, 175.7, 175.7, 176.3, 176.9, 176.3, 176.9, 175.7, 176.3, 176.3, 177.0, 177.0, 176.9, 175.7, 175.1, 175.1, 176.4, 175.7, 175.7, 175.7, 175.7, 175.7, 175.7, 176.3, 175.7, 175.7, 173.7, 174.4, 175.0, 175.0, 174.4, 174.3, 175.1, 175.7, 174.4, 175.0, 175.1, 175.0, 175.1, 175.0, 175.0, 175.0, 175.0, 174.4, 175.7, 176.3, 175.7, 175.1, 175.1, 175.1, 174.4, 174.4, 173.8, 175.1, 175.1, 173.8, 175.1, 174.4, 173.8, 173.2, 173.1, 173.2, 173.2, 173.2, 172.6, 171.9, 171.2, 171.2, 171.9, 172.6, 170.6, 171.2, 170.6, 170.7, 170.6, 170.6, 170.6, 170.7, 171.3, 170.7, 170.0, 169.9, 169.9, 170.0, 169.9, 170.1, 169.9, 170.0, 169.3, 169.4, 169.3, 169.3, 170.0, 169.4, 169.4, 170.0, 169.3, 170.0, 170.7, 170.7, 171.3, 171.2, 170.7, 170.0, 170.5, 170.7, 170.0, 170.1, 170.6, 170.5, 169.3, 170.6, 170.6, 170.7, 170.6, 171.2, 170.7, 171.9, 171.9, 170.6, 171.3, 171.3, 171.2, 171.2, 170.6, 170.7, 171.3, 171.3, 170.6, 171.2, 171.2, 171.3, 171.3, 171.9, 171.2, 171.3, 171.9, 172.6, 171.9, 170.6, 171.2, 173.9, 175.8, 176.4, 178.2, 177.6, 178.2, 177.0, 175.8, 176.4, 177.0, 177.0, 177.0, 176.4, 176.4, 175.7, 176.4, 175.7, 176.4, 175.7, 175.7, 175.7, 176.4, 176.4, 176.4, 175.7, 176.4, 176.4, 175.7, 176.4, 176.4, 176.4, 177.0, 176.4, 176.4, 175.7, 175.1, 176.4, 174.5, 176.4, 176.4, 176.4, 175.7, 175.7, 176.4, 176.4, 175.7, 175.7, 176.4, 177.0, 177.0, 175.7, 177.0, 176.3, 175.7, 177.0, 177.6, 176.3, 177.0, 177.0, 176.4, 176.4]"
13,"[174.3, 173.7, 173.7, 173.5, 173.5, 174.3, 173.0, 171.1, 171.1, 171.8, 171.9, 171.8, 171.9, 171.2, 172.5, 171.2, 171.2, 171.9, 171.2, 171.2, 171.8, 171.2, 171.9, 171.9, 171.9, 171.8, 171.9, 171.2, 171.2, 171.9, 171.9, 171.9, 171.2, 172.5, 171.9, 171.9, 172.5, 172.4, 172.5, 171.9, 171.2, 172.5, 171.9, 171.8, 171.9, 171.9, 172.6, 171.9, 171.9, 171.8, 171.9, 171.2, 171.9, 171.9, 171.2, 172.6, 172.6, 172.6, 171.9, 171.9, 172.5, 172.6, 172.6, 172.5, 173.1, 172.5, 172.5, 172.5, 172.6, 172.5, 172.5, 172.5, 172.5, 173.8, 173.1, 172.5, 171.9, 172.5, 171.9, 172.4, 172.5, 171.9, 172.5, 172.6, 172.5, 171.9, 172.5, 171.8, 173.1, 172.6, 171.8, 171.2, 171.2, 171.2, 171.8, 170.6, 171.2, 171.2, 170.6, 171.2, 170.5, 171.8, 171.7, 171.2, 171.9, 171.2, 170.5, 171.9, 171.9, 171.2, 171.8, 171.9, 171.9, 171.2, 171.8, 172.6, 172.4, 171.9, 171.2, 171.8, 171.9, 171.2, 172.6, 171.9, 171.2, 171.2, 172.6, 172.5, 173.1, 172.5, 173.8, 173.8, 173.1, 173.2, 173.1, 173.1, 172.5, 172.4, 172.6, 172.5, 171.9, 171.9, 172.5, 172.4, 171.8, 171.7, 171.2, 171.9, 171.8, 172.4, 173.2, 171.8, 172.5, 171.9, 172.5, 171.2, 171.2, 171.2, 171.1, 171.2, 171.8, 171.1, 171.2, 170.5, 171.8, 171.9, 172.4, 171.8, 171.8, 171.8, 171.1, 170.4, 169.7, 170.4, 169.8, 169.8, 170.3, 169.6, 170.4, 170.3, 170.5, 172.4, 173.1, 173.7, 174.4, 173.1, 172.5, 172.5, 173.1, 172.5, 171.8, 172.4, 172.4, 172.4, 171.8, 172.4, 171.8, 172.4, 173.1, 173.1, 173.7, 173.1, 172.4, 173.1, 171.7, 172.4, 172.4, 172.4, 172.4, 171.1, 173.1, 171.1, 172.5, 173.1, 172.4, 171.8, 172.4, 173.1, 173.1, 172.4, 171.7, 172.4, 171.7, 171.8, 172.4, 174.4, 173.1, 173.0, 173.1, 173.7, 173.1, 173.1, 173.8, 173.1, 173.1, 173.8, 173.8, 174.4, 173.1, 173.1, 173.1, 173.1, 173.8, 175.1, 176.4, 178.2, 176.4, 177.6, 177.6, 177.6, 178.2, 177.6, 178.2, 177.0, 176.4, 175.1, 175.7, 175.7, 175.1, 175.1, 176.4, 175.7, 176.4, 176.4, 175.7, 175.1, 175.7, 176.3, 176.4, 176.4, 175.7, 175.7, 176.4, 176.4, 176.4, 177.0, 177.0, 177.0, 177.0, 176.3, 175.7, 175.1, 175.7, 175.1, 176.3, 176.4, 175.7, 175.7, 175.7, 177.0, 177.0, 176.4, 175.8, 176.4, 175.7, 175.7, 176.4, 175.7, 176.4, 175.7, 175.1, 175.1, 175.7, 177.0, 175.7, 176.4, 178.2, 177.0, 176.4, 175.7, 175.1, 176.4, 176.4, 175.7, 175.7, 176.4, 176.4, 177.0, 177.0, 177.0, 175.7, 175.7, 175.1, 175.1, 175.7, 175.1, 174.5, 175.1, 175.1, 174.5, 174.5, 174.5, 175.1, 175.1, 174.5, 173.8, 175.1, 174.5, 175.7, 175.1, 175.2, 175.1, 175.1, 175.1, 174.5, 175.1, 174.5, 175.1, 175.1, 175.7, 175.1, 175.7, 175.1, 175.7, 175.7, 175.1, 175.1, 175.1, 175.7, 174.5, 174.4, 174.4, 174.5, 175.7, 175.7, 177.6, 176.3, 176.3, 176.3, 175.7, 177.0, 176.4, 176.3, 175.7, 175.7, 175.2, 175.7, 175.7, 176.3, 175.1, 176.3, 175.7, 176.3, 176.4, 177.0, 176.3, 175.7, 175.7, 175.1, 175.1, 175.7, 175.1, 175.1, 175.7, 175.1, 175.1, 175.0, 175.1, 176.3, 175.7, 175.7, 175.1, 175.1, 175.7, 176.3, 175.7, 176.4, 175.7, 175.7, 175.7, 176.4, 176.3, 175.7, 176.3, 175.7, 175.7, 176.4, 176.4, 176.3, 175.7, 175.1, 174.4, 175.1, 175.1, 175.1, 175.7, 175.1, 174.4, 175.7, 174.5, 174.4, 175.1, 174.4, 175.7, 175.1, 174.4, 174.4, 175.1, 174.4, 175.1, 174.4, 174.4, 175.1, 174.4, 175.1, 175.0, 174.4, 173.8, 173.1, 173.8, 174.4, 173.8, 173.2, 173.8, 173.8, 173.8, 174.4, 173.8, 173.8, 173.8, 173.1, 173.8, 173.2, 173.8, 173.2, 173.8, 172.6, 172.5, 172.5, 172.5, 171.9, 171.8, 171.9, 171.9, 172.6, 172.5, 172.6, 172.6, 172.5, 172.6, 173.1, 172.6, 172.6, 173.2, 171.9, 172.5, 172.6, 171.9, 171.9, 172.6, 172.6, 171.9, 172.6, 172.6, 171.9, 172.5, 171.9, 172.5, 171.9, 171.9, 171.9, 171.3, 171.9, 171.9, 171.8, 172.6, 172.6, 173.2, 173.2, 172.6, 173.2, 173.2, 171.9, 172.6, 171.9, 171.9, 172.6, 172.6, 172.5, 173.2, 172.6, 173.1, 172.6, 172.6, 172.5, 172.6, 173.2, 171.9, 172.6, 172.6, 171.9, 172.6, 171.9, 171.9, 173.2, 172.6, 171.9, 171.9, 171.9, 171.9, 173.2, 171.9, 172.6, 172.6, 172.5, 173.2, 171.9, 171.9, 172.6, 175.1, 176.4, 175.2, 175.7, 176.4, 176.4, 175.7, 173.8, 173.2, 172.6, 171.8, 171.9, 171.2, 171.2, 171.2, 171.9, 171.9, 171.9, 171.2, 171.2, 171.2, 171.9, 171.3, 171.3, 171.9, 171.9, 171.2, 171.2, 171.9, 171.2, 171.2, 171.2, 171.2, 171.3, 171.9, 171.2, 171.3, 171.9, 171.2, 171.2, 171.2, 170.6, 171.2, 171.3, 171.2, 171.3, 171.9, 171.2, 171.2, 171.2, 171.2]"
13,"[174.5, 173.1, 173.8, 173.7, 174.3, 173.0, 173.0, 173.7, 173.1, 173.1, 172.6, 172.6, 173.2, 172.6, 171.9, 173.2, 172.6, 172.6, 173.2, 173.2, 172.6, 172.6, 173.2, 173.2, 172.6, 172.6, 172.6, 173.2, 171.9, 171.2, 171.9, 173.2, 171.9, 173.1, 171.9, 173.2, 173.2, 172.6, 172.6, 172.6, 172.6, 172.6, 172.6, 172.6, 172.6, 172.5, 173.2, 172.6, 173.2, 173.2, 172.6, 172.6, 172.6, 173.2, 173.2, 173.8, 173.2, 173.8, 173.2, 172.6, 173.2, 173.2, 172.6, 173.2, 172.6, 173.8, 172.6, 173.2, 172.6, 173.8, 172.6, 172.6, 172.6, 172.6, 171.9, 171.2, 170.7, 171.9, 171.9, 172.6, 171.3, 171.9, 172.6, 172.5, 171.9, 172.6, 171.9, 171.9, 171.9, 171.9, 171.9, 172.6, 171.9, 173.2, 172.6, 172.6, 172.6, 172.6, 172.6, 171.9, 172.6, 171.9, 173.1, 172.6, 172.5, 172.6, 171.9, 171.9, 171.9, 171.9, 171.9, 171.9, 171.9, 171.9, 171.9, 171.3, 171.3, 171.9, 171.9, 171.9, 171.9, 172.6, 171.9, 172.5, 172.5, 172.6, 173.2, 173.2, 173.8, 175.1, 174.5, 174.5, 173.8, 173.8, 172.6, 173.1, 173.8, 173.2, 173.8, 173.8, 173.8, 174.4, 173.8, 173.1, 173.8, 174.5, 175.1, 173.8, 173.8, 173.8, 175.1, 174.4, 174.4, 175.1, 174.4, 174.4, 175.7, 175.7, 175.1, 175.1, 175.1, 175.1, 174.4, 175.1, 175.1, 175.1, 174.4, 174.4, 175.7, 175.7, 175.7, 173.7, 172.4, 172.4, 173.1, 172.4, 172.5, 174.4, 173.2, 173.7, 173.1, 173.1, 172.4, 173.8, 173.1, 172.4, 173.1, 173.1, 171.7, 173.7, 173.7, 173.1, 173.8, 175.1, 175.1, 174.4, 173.8, 173.7, 175.1, 173.8, 173.8, 174.5, 177.0, 178.2, 178.2, 177.6, 177.0, 177.0, 177.0, 177.6, 177.6, 177.0, 177.0, 177.0, 177.0, 175.7, 175.7, 175.7, 176.4, 177.0, 176.4, 177.0, 177.0, 176.3, 175.7, 175.1, 175.7, 175.7, 176.4, 176.4, 175.7, 176.4, 175.7, 175.1, 175.1, 175.7, 175.1, 175.7, 176.4, 176.4, 176.3, 175.7, 176.3, 177.6, 177.0, 176.3, 175.7, 176.3, 177.0, 177.6, 177.0, 177.6, 177.6, 176.4, 176.9, 177.6, 177.6, 177.6, 178.2, 177.6, 177.6, 177.6, 178.2, 178.2, 177.6, 177.6, 178.2, 178.2, 178.2, 178.2, 178.2, 177.0, 178.2, 177.6, 177.0, 178.2, 177.0, 177.6, 177.6, 177.6, 176.3, 175.7, 175.1, 175.7, 176.3, 176.4, 176.4, 176.4, 176.4, 175.7, 177.6, 177.0, 175.7, 176.3, 174.5, 175.7, 175.7, 176.3, 177.6, 177.6, 177.0, 176.4, 177.0, 176.4, 177.0, 177.0, 177.0, 177.0, 175.1, 176.3, 177.0, 177.0, 177.6, 177.0, 177.0, 177.6, 177.0, 177.0, 177.6, 178.2, 177.0, 176.3, 177.6, 178.2, 178.2, 177.0, 176.3, 177.0, 177.6, 177.6, 178.2, 177.6, 178.2, 177.6, 178.2, 177.6, 177.6, 177.6, 176.4, 175.1, 175.1, 174.5, 174.5, 174.5, 175.1, 175.8, 175.7, 174.5, 174.5, 174.5, 174.5, 175.1, 175.1, 175.1, 175.8, 175.7, 175.7, 175.8, 175.7, 175.7, 176.4, 175.8, 176.4, 175.8, 177.0, 177.0, 175.7, 175.8, 176.4, 175.7, 176.4, 176.3, 177.0, 176.4, 177.0, 175.1, 176.4, 175.7, 175.1, 175.1, 173.2, 173.8, 174.5, 173.8, 175.1, 174.5, 174.5, 174.4, 175.1, 175.7, 176.3, 176.9, 176.9, 176.9, 175.7, 175.7, 175.1, 175.1, 175.7, 177.0, 176.3, 176.3, 176.3, 176.9, 176.9, 176.3, 176.3, 178.2, 177.6, 178.2, 176.9, 177.0, 176.9, 176.4, 177.6, 176.4, 174.5, 173.8, 173.8, 173.8, 174.4, 173.8, 174.4, 173.8, 173.8, 173.8, 174.4, 173.8, 174.4, 174.4, 174.4, 173.8, 175.1, 174.4, 175.0, 175.1, 175.0, 175.0, 174.4, 175.1, 175.7, 175.0, 175.0, 175.1, 175.0, 174.4, 175.1, 174.4, 175.0, 175.0, 175.6, 175.7, 175.7, 175.7, 174.4, 175.0, 175.1, 175.7, 174.4, 175.0, 174.4, 174.4, 175.1, 175.0, 175.0, 175.1, 175.7, 174.4, 174.4, 175.7, 173.8, 175.0, 175.0, 174.4, 174.4, 173.8, 174.4, 174.4, 173.8, 173.8, 173.2, 173.1, 173.1, 173.8, 173.2, 173.2, 173.8, 173.2, 173.2, 173.8, 172.5, 173.8, 173.2, 173.8, 173.8, 173.2, 173.1, 173.8, 172.6, 173.2, 173.2, 174.4, 173.8, 173.2, 173.2, 171.9, 172.6, 173.2, 173.8, 173.8, 173.2, 173.8, 172.6, 173.2, 173.2, 173.2, 173.8, 173.8, 173.8, 173.2, 173.2, 173.2, 173.8, 173.8, 173.2, 173.2, 173.9, 173.8, 173.8, 173.8, 173.8, 173.2, 173.8, 173.8, 173.8, 174.5, 173.8, 173.8, 173.8, 173.8, 174.5, 174.5, 174.4, 175.1, 177.0, 178.2, 177.6, 178.2, 177.6, 178.2, 177.6, 178.2, 177.6, 177.6, 178.2, 178.2, 177.6, 176.4, 175.7, 176.4, 176.3, 175.7, 175.7, 174.5, 175.1, 175.1, 175.7, 175.1, 175.1, 175.1, 176.3, 175.1, 175.7, 175.7, 175.1, 175.1, 175.1, 175.1, 175.1, 174.4, 174.5, 174.5, 175.7, 175.1, 174.4, 175.1, 175.7, 175.7, 174.4, 175.7, 176.4, 175.7, 175.1, 175.7, 174.4, 175.1, 175.7, 175.1, 174.4, 175.7]"
13,"[171.8, 172.4, 173.1, 172.9, 173.0, 172.9, 171.6, 171.7, 171.8, 171.9, 171.9, 171.9, 171.9, 171.8, 171.2, 171.2, 171.9, 171.2, 171.9, 171.9, 171.2, 171.9, 171.9, 171.9, 171.2, 171.9, 171.2, 171.2, 170.5, 171.9, 171.9, 171.9, 171.2, 170.6, 171.2, 171.2, 171.9, 171.9, 171.9, 171.9, 171.2, 171.2, 171.9, 171.9, 171.9, 171.9, 171.9, 171.9, 172.5, 171.2, 171.2, 171.2, 171.9, 171.9, 171.2, 170.6, 171.2, 171.2, 171.2, 171.9, 171.2, 171.9, 171.9, 171.9, 171.9, 171.2, 171.9, 171.8, 171.2, 171.2, 171.9, 171.2, 171.9, 171.9, 171.9, 170.6, 171.9, 171.9, 171.2, 171.2, 171.9, 171.2, 171.9, 172.5, 171.2, 171.9, 171.9, 171.2, 171.9, 172.6, 171.9, 171.2, 171.8, 172.6, 171.8, 171.8, 172.5, 171.8, 171.9, 171.9, 171.8, 171.9, 171.8, 171.9, 170.5, 171.2, 171.9, 171.9, 171.9, 171.2, 171.2, 171.9, 171.9, 171.2, 171.9, 171.9, 170.6, 171.8, 171.2, 171.9, 172.5, 171.8, 172.5, 171.9, 171.2, 171.2, 171.2, 171.2, 173.2, 172.5, 173.2, 172.5, 172.4, 171.8, 172.5, 173.1, 172.5, 171.8, 172.4, 172.4, 173.1, 172.4, 172.4, 173.1, 172.5, 172.6, 171.9, 171.2, 171.2, 171.2, 171.9, 172.5, 172.5, 172.5, 172.4, 172.5, 173.1, 173.8, 173.7, 172.5, 171.8, 173.2, 172.4, 172.5, 173.2, 173.1, 173.2, 173.1, 172.5, 173.1, 173.1, 173.8, 173.8, 173.2, 173.1, 173.1, 173.2, 172.5, 173.1, 173.1, 173.1, 173.8, 173.1, 172.5, 173.1, 173.1, 174.4, 174.4, 173.8, 173.8, 173.8, 174.4, 174.4, 173.8, 173.1, 173.2, 173.8, 174.4, 173.8, 173.8, 173.1, 173.1, 172.4, 173.8, 173.8, 173.8, 173.8, 173.8, 173.8, 173.8, 175.1, 173.8, 174.4, 173.8, 175.1, 175.1, 175.1, 175.1, 174.4, 175.7, 175.7, 174.4, 174.4, 175.1, 174.5, 175.7, 177.0, 178.2, 177.6, 177.0, 178.2, 177.6, 177.0, 176.4, 177.0, 176.3, 177.0, 178.2, 178.2, 178.2, 178.2, 177.6, 177.0, 177.6, 177.6, 176.3, 177.6, 177.6, 177.0, 177.6, 177.0, 177.0, 177.0, 178.2, 178.2, 177.6, 177.0, 177.0, 178.2, 177.0, 177.6, 177.6, 177.6, 177.6, 178.2, 177.0, 178.2, 178.2, 177.6, 177.6, 177.6, 178.2, 177.6, 177.6, 177.0, 177.0, 177.6, 177.6, 177.6, 177.6, 177.6, 177.0, 177.6, 177.0, 177.0, 177.6, 177.6, 178.2, 178.2, 178.2, 177.6, 177.6, 177.0, 177.6, 177.0, 177.0, 177.6, 177.0, 176.4, 177.0, 177.0, 177.0, 176.4, 176.4, 177.0, 176.4, 177.0, 177.0, 177.0, 177.0, 177.6, 177.6, 177.6, 177.0, 176.4, 177.6, 177.0, 176.4, 175.8, 176.4, 177.0, 175.2, 176.4, 175.2, 175.1, 175.2, 176.4, 174.5, 173.9, 173.9, 173.9, 173.8, 173.9, 173.9, 174.5, 174.5, 173.9, 173.3, 173.9, 174.0, 173.9, 173.9, 174.5, 173.3, 173.3, 173.9, 173.9, 173.3, 173.3, 173.3, 173.2, 173.9, 172.6, 173.2, 172.0, 172.6, 172.7, 172.6, 173.0, 173.5, 172.8, 172.1, 172.0, 172.7, 172.8, 173.4, 174.1, 173.5, 172.9, 173.5, 173.1, 171.9, 172.6, 173.3, 173.9, 173.9, 175.2, 176.4, 175.8, 176.4, 177.0, 177.0, 175.8, 176.4, 175.8, 176.4, 177.0, 177.0, 175.1, 175.1, 175.7, 175.8, 175.7, 175.8, 175.2, 175.1, 175.2, 175.8, 176.4, 176.3, 175.8, 175.1, 175.2, 175.2, 175.7, 175.7, 175.2, 176.4, 175.2, 175.8, 176.4, 175.8, 175.2, 175.8, 176.4, 175.8, 176.4, 175.8, 176.4, 176.4, 175.2, 175.8, 175.8, 175.8, 175.8, 177.0, 176.4, 177.0, 175.8, 175.8, 175.8, 176.4, 175.8, 176.4, 175.8, 176.4, 177.0, 176.4, 177.6, 177.6, 177.6, 178.2, 178.2, 177.6, 177.6, 177.0, 177.0, 176.3, 175.7, 176.3, 176.4, 176.3, 176.4, 176.3, 175.7, 175.7, 175.7, 175.7, 175.1, 175.1, 175.7, 174.5, 173.8, 173.2, 172.6, 173.2, 172.6, 172.6, 173.2, 172.6, 172.6, 172.6, 172.6, 172.6, 172.6, 171.4, 172.6, 172.0, 171.4, 172.6, 172.6, 172.6, 173.2, 172.6, 172.6, 172.6, 171.9, 171.9, 172.6, 173.2, 173.2, 173.2, 171.9, 172.6, 173.2, 173.2, 171.9, 172.6, 172.5, 173.2, 173.2, 173.8, 173.8, 173.8, 173.2, 173.8, 173.8, 173.2, 173.2, 173.2, 173.2, 173.8, 173.2, 173.8, 173.8, 174.4, 173.8, 173.2, 173.8, 173.2, 173.8, 173.2, 173.8, 173.2, 173.2, 173.2, 173.8, 174.5, 173.1, 171.2, 172.6, 173.1, 174.5, 174.5, 175.1, 176.4, 176.4, 177.0, 176.3, 176.3, 175.7, 174.5, 175.1, 175.1, 174.4, 174.4, 175.1, 173.8, 174.4, 174.5, 175.1, 174.4, 174.5, 175.1, 174.5, 174.4, 174.4, 175.1, 175.1, 175.1, 174.4, 174.4, 175.1, 175.7, 174.4, 174.4, 176.3, 174.4, 175.1, 175.1, 175.1, 175.1, 174.5, 174.4, 173.8, 173.8, 173.8, 174.4, 173.8, 173.8, 175.1, 175.1, 174.4, 175.1, 175.7, 174.4, 175.1, 174.4, 174.5, 175.1, 175.7, 175.1, 174.5, 175.1, 174.5, 175.1, 175.7, 175.7, 175.7, 175.7]"
13,"[175.8, 176.4, 175.7, 176.3, 176.3, 176.9, 175.7, 175.1, 175.7, 175.8, 175.2, 175.8, 175.8, 175.8, 175.8, 175.8, 175.2, 175.8, 174.6, 174.6, 174.5, 174.5, 175.1, 175.1, 175.2, 175.2, 174.5, 175.2, 174.5, 174.5, 174.5, 174.5, 174.5, 175.1, 175.1, 175.1, 174.5, 174.6, 174.5, 174.5, 175.2, 174.5, 174.5, 175.2, 174.5, 173.8, 173.8, 173.9, 173.3, 173.9, 173.9, 173.9, 173.8, 173.2, 174.5, 173.8, 173.2, 173.9, 173.8, 173.2, 173.8, 173.2, 173.9, 173.9, 173.9, 173.3, 173.9, 173.3, 173.9, 173.9, 173.9, 173.3, 173.3, 173.3, 173.9, 173.3, 173.3, 173.3, 172.7, 172.7, 173.3, 172.7, 172.7, 172.7, 173.3, 173.3, 172.7, 173.2, 173.3, 172.7, 172.6, 172.7, 172.7, 173.3, 173.3, 172.7, 172.1, 172.7, 173.3, 172.7, 172.7, 173.3, 172.7, 172.7, 172.1, 170.8, 171.5, 170.8, 172.1, 171.4, 172.1, 172.1, 171.5, 171.5, 171.4, 172.1, 172.7, 171.5, 171.5, 171.5, 171.5, 171.5, 172.1, 172.7, 174.5, 174.5, 174.5, 173.8, 174.5, 174.5, 174.5, 174.5, 174.5, 172.6, 172.6, 172.6, 171.3, 171.9, 172.0, 171.9, 171.2, 171.9, 170.1, 170.6, 170.0, 169.4, 168.6, 168.6, 169.4, 170.0, 169.4, 169.4, 169.3, 169.3, 170.0, 169.4, 168.7, 168.7, 168.7, 168.0, 168.6, 168.7, 168.6, 168.7, 168.1, 168.1, 168.7, 168.7, 168.6, 168.7, 168.1, 168.1, 168.7, 168.7, 168.7, 168.7, 168.1, 168.1, 168.7, 168.7, 168.1, 167.4, 168.1, 168.1, 168.7, 168.8, 168.1, 168.7, 168.7, 168.0, 168.7, 168.6, 167.4, 168.5, 168.6, 169.4, 169.4, 167.9, 167.8, 169.1, 170.4, 171.1, 171.1, 171.1, 171.2, 169.8, 170.4, 171.2, 169.8, 169.7, 170.4, 171.1, 170.4, 170.4, 170.5, 170.4, 170.4, 170.4, 169.9, 171.2, 169.8, 170.4, 169.7, 170.5, 169.9, 170.5, 169.9, 169.9, 169.8, 169.9, 170.5, 169.9, 170.5, 171.2, 171.2, 171.2, 170.5, 171.2, 169.8, 169.8, 170.5, 172.5, 173.8, 174.5, 174.5, 174.5, 173.8, 172.6, 171.9, 171.7, 171.1, 171.2, 171.8, 171.8, 171.8, 171.8, 172.5, 173.1, 172.4, 171.8, 172.4, 171.2, 173.1, 171.8, 173.1, 173.2, 173.2, 172.5, 173.1, 173.8, 173.1, 171.9, 171.8, 171.8, 171.9, 173.8, 173.1, 173.8, 173.8, 173.2, 174.5, 174.5, 174.5, 173.2, 173.2, 173.2, 173.2, 173.2, 173.2, 173.8, 173.8, 174.4, 173.8, 173.1, 173.8, 172.5, 173.1, 174.4, 174.4, 173.8, 174.4, 174.5, 175.1, 174.5, 173.8, 173.8, 173.8, 173.1, 173.1, 173.1, 172.5, 171.8, 171.2, 170.3, 172.4, 173.8, 173.8, 173.8, 174.5, 173.8, 172.6, 173.9, 173.2, 173.1, 173.8, 174.5, 173.8, 173.1, 173.1, 174.4, 173.8, 173.2, 173.8, 173.1, 173.2, 174.4, 173.2, 173.8, 173.8, 174.4, 174.4, 173.8, 174.4, 173.2, 173.8, 173.8, 173.2, 175.7, 177.0, 177.6, 178.2, 177.6, 177.0, 175.7, 175.8, 175.7, 175.7, 175.7, 175.7, 175.1, 174.5, 175.1, 174.5, 172.5, 173.8, 173.1, 173.2, 173.8, 174.4, 175.1, 174.5, 174.4, 175.1, 175.1, 175.1, 175.7, 174.4, 174.4, 175.7, 175.0, 175.7, 174.4, 175.1, 174.4, 175.7, 174.4, 173.8, 175.7, 177.0, 177.6, 177.6, 177.6, 177.0, 177.6, 176.4, 177.0, 176.3, 177.0, 177.6, 177.6, 177.6, 177.6, 177.0, 175.7, 175.1, 176.4, 176.4, 175.1, 175.1, 175.7, 175.1, 175.1, 175.7, 175.7, 175.7, 176.3, 175.7, 176.3, 176.4, 175.7, 177.0, 175.7, 175.1, 175.7, 175.1, 175.0, 176.3, 174.4, 174.4, 173.8, 173.1, 173.1, 171.8, 173.1, 173.1, 173.8, 174.5, 174.4, 174.4, 173.8, 174.4, 175.1, 174.4, 173.8, 173.8, 174.4, 174.4, 173.8, 174.4, 174.4, 173.1, 173.8, 173.8, 173.8, 173.8, 173.2, 173.8, 173.2, 173.7, 173.8, 173.1, 173.2, 173.2, 174.4, 173.1, 173.8, 173.8, 173.1, 173.1, 171.8, 171.7, 172.4, 171.2, 171.9, 171.9, 172.5, 172.5, 171.8, 171.9, 171.9, 171.8, 171.9, 171.9, 171.2, 171.8, 171.9, 171.2, 171.2, 171.8, 171.9, 171.2, 171.9, 171.9, 171.8, 172.6, 173.2, 172.6, 173.1, 172.4, 173.1, 173.8, 173.1, 173.1, 173.1, 173.1, 173.2, 172.5, 173.8, 173.8, 173.2, 173.2, 173.8, 173.8, 173.8, 173.8, 173.1, 173.8, 173.2, 175.1, 177.0, 177.6, 178.2, 177.6, 177.6, 177.0, 178.2, 177.0, 176.4, 177.0, 177.0, 177.0, 176.3, 175.7, 175.7, 176.3, 176.3, 175.7, 175.1, 176.3, 176.3, 175.7, 175.7, 176.3, 176.4, 177.0, 176.3, 176.4, 175.7, 176.4, 175.7, 175.7, 175.7, 175.7, 174.5, 175.1, 175.1, 175.7, 175.1, 175.1, 175.7, 175.7, 176.3, 175.7, 175.7, 175.7, 175.7, 176.4, 175.7, 176.3, 175.7, 176.4, 175.7, 175.7, 175.7, 175.7, 175.7, 176.4, 176.4, 175.7, 175.7, 175.8, 175.1, 175.7, 175.7, 176.3, 177.0, 176.4, 177.0, 176.3, 177.0, 176.4, 176.3, 177.0, 176.3, 176.3, 177.0, 176.4, 177.0, 177.0, 177.6]"
13,"[171.9, 170.5, 171.2, 172.4, 170.9, 170.4, 171.1, 170.5, 169.9, 170.6, 169.5, 169.5, 169.4, 169.5, 169.4, 170.1, 170.2, 169.4, 169.4, 170.1, 169.4, 170.1, 169.4, 170.7, 170.1, 169.4, 169.3, 170.0, 169.4, 169.4, 169.4, 170.1, 170.0, 170.0, 170.0, 170.0, 170.0, 169.9, 169.4, 169.4, 169.4, 169.5, 169.5, 169.4, 169.4, 168.7, 169.5, 169.4, 170.1, 170.0, 170.2, 171.4, 170.7, 170.8, 170.2, 170.8, 170.0, 169.4, 170.0, 168.7, 170.0, 169.4, 170.1, 169.4, 170.1, 170.7, 170.1, 169.5, 170.1, 170.1, 170.1, 169.5, 170.1, 170.8, 170.1, 169.5, 170.1, 169.5, 169.4, 170.7, 170.1, 168.7, 169.5, 168.8, 169.5, 170.2, 170.0, 170.2, 170.1, 170.2, 169.4, 169.5, 169.4, 170.2, 170.2, 170.1, 170.1, 170.2, 169.4, 170.8, 169.3, 170.2, 168.8, 170.2, 169.5, 168.7, 170.2, 169.5, 170.2, 170.0, 170.2, 169.4, 170.2, 169.5, 170.1, 170.8, 170.1, 170.1, 170.8, 170.1, 170.0, 170.2, 170.2, 170.2, 169.5, 169.5, 170.2, 170.7, 170.0, 170.0, 170.0, 170.8, 170.7, 170.8, 170.1, 170.1, 168.6, 169.5, 169.4, 168.0, 168.0, 167.9, 168.0, 168.0, 168.7, 168.7, 170.1, 169.5, 169.3, 169.3, 168.0, 168.6, 168.6, 169.3, 169.3, 167.9, 168.5, 170.1, 170.7, 170.0, 171.4, 169.3, 170.7, 170.1, 169.9, 169.9, 170.7, 169.9, 170.0, 170.8, 170.0, 170.1, 169.4, 169.5, 170.1, 170.0, 170.0, 169.3, 169.4, 170.0, 169.5, 169.9, 170.0, 170.6, 170.6, 170.1, 170.0, 169.9, 169.9, 170.0, 169.4, 170.1, 171.3, 170.6, 169.9, 170.6, 171.3, 171.9, 171.9, 171.9, 171.9, 172.6, 172.6, 173.2, 172.6, 173.8, 175.1, 175.1, 175.1, 174.4, 174.4, 174.4, 171.9, 172.6, 172.6, 171.9, 173.2, 173.2, 175.1, 174.4, 175.7, 175.7, 176.4, 175.1, 175.1, 175.1, 175.1, 175.1, 175.1, 175.1, 173.8, 175.1, 175.7, 175.1, 175.1, 175.7, 175.7, 176.3, 176.4, 175.7, 175.7, 175.1, 175.7, 175.1, 175.1, 175.7, 175.1, 176.3, 175.7, 177.0, 176.4, 176.4, 175.7, 176.3, 177.0, 178.2, 178.2, 176.4, 177.0, 176.3, 175.7, 175.7, 177.6, 177.0, 177.6, 177.6, 178.2, 177.0, 177.0, 177.0, 176.3, 176.3, 176.3, 177.0, 176.4, 177.0, 177.6, 177.0, 178.2, 178.2, 177.6, 177.0, 177.0, 177.0, 177.6, 177.0, 177.6, 177.0, 177.0, 176.4, 176.4, 177.0, 177.0, 176.4, 176.4, 174.6, 175.8, 174.6, 175.8, 175.2, 176.4, 176.4, 175.8, 175.8, 175.8, 175.2, 176.4, 175.8, 174.7, 176.4, 175.8, 175.2, 175.8, 176.4, 175.2, 175.8, 175.2, 175.8, 175.2, 175.2, 175.2, 175.8, 175.8, 175.8, 175.2, 176.4, 175.8, 175.2, 175.2, 175.2, 175.2, 175.2, 175.8, 175.2, 175.2, 174.6, 175.2, 174.0, 175.2, 175.2, 175.8, 175.8, 175.2, 175.2, 175.2, 175.2, 174.5, 174.5, 176.4, 174.6, 175.2, 174.6, 175.2, 175.8, 175.7, 175.8, 175.2, 175.8, 175.2, 174.5, 174.6, 175.8, 174.5, 174.6, 175.2, 174.5, 175.8, 175.8, 175.2, 175.2, 175.8, 175.2, 175.2, 174.6, 174.0, 174.6, 174.6, 174.6, 173.4, 173.4, 174.6, 174.5, 173.3, 173.4, 173.3, 173.3, 173.3, 173.3, 173.3, 173.3, 173.3, 173.4, 173.4, 173.9, 174.5, 175.1, 173.9, 173.3, 173.2, 173.3, 173.9, 173.9, 173.2, 173.9, 174.5, 173.9, 173.4, 174.0, 173.9, 174.5, 174.5, 174.5, 174.5, 173.9, 174.5, 175.2, 173.9, 174.5, 173.9, 174.5, 173.3, 174.5, 174.5, 173.9, 173.9, 173.9, 175.2, 174.6, 174.6, 175.2, 175.8, 175.2, 175.2, 175.2, 174.5, 175.8, 175.8, 175.2, 176.4, 176.4, 175.8, 175.8, 176.4, 176.4, 175.8, 177.0, 175.8, 176.4, 175.8, 175.8, 175.8, 175.2, 174.6, 174.6, 174.5, 174.5, 175.2, 175.8, 176.4, 177.6, 178.2, 177.6, 177.6, 177.6, 177.6, 177.6, 177.6, 177.6, 177.0, 177.0, 177.0, 177.6, 177.0, 177.6, 177.0, 177.6, 177.0, 177.6, 177.0, 177.6, 178.2, 176.4, 175.7, 175.1, 177.0, 176.3, 176.3, 177.0, 177.0, 177.0, 177.6, 175.7, 176.3, 177.6, 177.0, 176.4, 177.0, 175.7, 176.4, 175.7, 177.0, 176.3, 176.3, 176.4, 176.3, 176.3, 177.0, 177.0, 177.0, 177.0, 175.7, 176.4, 176.3, 177.0, 175.7, 175.7, 175.7, 176.4, 175.7, 175.7, 176.3, 176.4, 175.7, 176.3, 175.7, 176.3, 176.4, 177.0, 176.4, 175.7, 177.0, 177.0, 177.0, 177.0, 177.0, 176.4, 177.0, 177.0, 177.0, 178.2, 178.2, 178.2, 178.2, 178.2, 177.0, 177.6, 177.0, 177.0, 177.0, 175.8, 177.0, 175.7, 176.4, 175.2, 175.7, 177.0, 177.0, 177.0, 177.0, 177.6, 177.0, 176.3, 175.7, 175.7, 175.7, 175.7, 175.1, 174.5, 174.4, 174.4, 174.4, 175.1, 174.5, 175.1, 175.0, 174.4, 174.5, 175.7, 175.7, 176.3, 175.7, 176.3, 174.5, 175.1, 175.1, 174.5, 173.8, 175.1, 173.8, 173.8, 173.8, 173.1, 173.2, 173.8, 173.1, 173.8, 173.8, 174.4, 174.4, 175.1]"
13,"[173.8, 175.7, 174.4, 174.3, 175.6, 175.0, 174.3, 174.4, 173.1, 173.8, 173.2, 173.2, 173.3, 172.6, 173.8, 173.2, 173.9, 173.8, 172.6, 173.2, 173.3, 173.2, 173.2, 173.8, 174.5, 173.8, 173.8, 173.2, 173.8, 173.2, 173.8, 173.8, 173.8, 173.8, 173.2, 172.6, 173.2, 172.6, 172.0, 172.6, 173.3, 172.6, 173.2, 172.6, 173.2, 173.2, 172.6, 173.2, 171.9, 172.6, 172.6, 172.6, 171.9, 172.6, 173.2, 172.6, 172.6, 173.2, 173.2, 173.2, 172.6, 172.6, 172.6, 171.9, 172.6, 172.6, 171.9, 172.6, 172.6, 173.2, 173.2, 173.2, 173.2, 172.6, 172.5, 171.9, 173.2, 172.6, 172.6, 172.6, 173.2, 172.6, 172.6, 172.6, 172.0, 173.2, 172.6, 173.2, 172.6, 172.6, 173.2, 172.6, 172.6, 173.2, 173.8, 173.2, 172.6, 173.2, 171.9, 172.0, 171.9, 172.0, 171.9, 171.9, 172.0, 171.9, 171.9, 171.2, 172.0, 171.9, 171.2, 171.3, 171.9, 171.3, 171.2, 172.5, 171.2, 171.9, 172.0, 171.9, 172.6, 171.2, 171.9, 171.3, 171.9, 171.3, 172.6, 173.2, 174.5, 175.2, 174.5, 173.8, 173.8, 173.8, 173.8, 173.8, 173.2, 173.8, 174.5, 173.1, 172.5, 173.8, 173.1, 172.5, 173.2, 173.8, 174.4, 173.8, 173.1, 173.1, 173.8, 173.8, 173.8, 173.1, 174.4, 173.8, 173.1, 173.8, 172.5, 173.8, 173.1, 173.1, 173.2, 172.5, 172.5, 173.2, 173.2, 173.8, 173.2, 173.2, 173.8, 173.2, 173.2, 173.1, 173.8, 173.2, 173.2, 173.8, 173.8, 173.8, 173.8, 173.2, 173.8, 174.4, 174.5, 174.4, 173.8, 174.5, 173.8, 174.5, 173.8, 173.8, 175.1, 175.7, 175.1, 176.3, 176.3, 175.1, 174.4, 175.7, 175.1, 173.8, 175.1, 175.1, 174.5, 174.4, 175.1, 175.7, 175.7, 175.1, 176.4, 175.7, 175.7, 175.7, 175.7, 176.3, 176.4, 175.7, 175.7, 175.1, 175.1, 175.7, 176.4, 175.7, 175.1, 175.7, 175.7, 175.1, 174.5, 174.5, 173.8, 175.1, 176.3, 175.1, 175.7, 176.4, 175.7, 175.7, 177.0, 177.0, 176.3, 175.7, 176.3, 176.4, 175.7, 175.7, 175.7, 176.3, 176.3, 177.0, 177.0, 176.4, 176.4, 176.3, 177.0, 176.4, 176.3, 175.7, 176.4, 176.3, 175.7, 176.4, 176.4, 175.7, 175.7, 177.0, 176.4, 177.0, 176.4, 176.4, 176.4, 177.6, 177.0, 177.6, 176.4, 176.4, 175.7, 175.7, 176.3, 175.7, 177.6, 177.6, 177.0, 177.0, 175.7, 177.0, 176.4, 176.4, 175.7, 176.3, 177.0, 177.6, 176.4, 177.0, 177.0, 177.0, 176.4, 177.0, 177.0, 176.4, 177.6, 177.6, 177.0, 177.0, 177.0, 178.2, 178.2, 177.6, 177.6, 177.6, 176.4, 173.9, 173.8, 174.9, 174.8, 174.8, 174.9, 175.6, 175.0, 173.1, 173.1, 173.8, 173.2, 174.3, 173.8, 173.2, 173.2, 173.8, 173.9, 173.2, 173.8, 173.8, 174.4, 173.8, 173.8, 173.8, 175.2, 175.2, 175.8, 175.2, 175.2, 176.4, 175.8, 176.4, 175.8, 176.4, 175.8, 176.4, 175.8, 175.2, 175.2, 175.2, 175.8, 175.8, 176.4, 175.2, 176.4, 175.8, 175.8, 175.8, 176.4, 175.8, 175.8, 175.8, 175.2, 175.8, 175.8, 175.2, 175.8, 176.4, 177.6, 176.4, 177.0, 177.0, 177.6, 177.6, 177.0, 177.0, 177.6, 177.6, 178.2, 177.6, 177.6, 178.2, 177.6, 177.0, 177.6, 176.3, 175.7, 177.0, 177.0, 177.0, 177.0, 176.3, 176.4, 177.0, 176.4, 178.2, 176.3, 176.3, 177.6, 176.3, 177.6, 177.6, 176.3, 176.3, 177.6, 177.6, 177.0, 177.0, 176.3, 177.6, 177.6, 176.9, 177.0, 177.0, 177.6, 175.7, 177.6, 177.6, 176.3, 176.3, 176.4, 176.3, 176.3, 176.3, 176.4, 176.4, 176.4, 175.7, 177.0, 177.0, 176.3, 176.4, 176.4, 175.1, 175.8, 177.6, 178.2, 178.2, 178.2, 178.2, 178.2, 175.7, 176.4, 175.0, 173.8, 173.8, 173.1, 173.1, 173.1, 172.5, 173.8, 173.8, 173.1, 173.2, 174.4, 173.8, 174.4, 173.8, 174.4, 174.4, 175.1, 175.7, 174.4, 175.1, 174.5, 174.4, 175.1, 175.1, 175.7, 176.3, 176.3, 176.3, 175.7, 175.7, 175.1, 175.7, 175.7, 175.1, 174.4, 175.1, 175.1, 174.4, 174.4, 174.4, 174.4, 173.8, 173.8, 173.8, 174.4, 174.4, 175.1, 174.4, 174.4, 173.8, 174.4, 174.4, 173.1, 174.5, 174.4, 174.4, 175.1, 173.8, 175.1, 173.2, 173.8, 174.4, 173.2, 174.5, 177.6, 178.2, 177.0, 175.7, 173.8, 173.1, 173.8, 173.8, 174.4, 174.5, 174.4, 173.1, 173.8, 173.1, 173.2, 173.8, 174.4, 174.4, 173.1, 174.4, 173.8, 173.1, 173.1, 173.1, 172.5, 173.8, 173.7, 173.8, 173.8, 173.8, 173.8, 173.8, 174.4, 173.8, 173.8, 173.8, 174.4, 173.8, 174.4, 173.8, 173.8, 173.8, 174.4, 173.1, 173.8, 174.4, 173.8, 173.8, 173.8, 173.2, 173.1, 173.1, 173.1, 173.2, 173.1, 172.5, 173.1, 173.8, 174.4, 173.8, 173.8, 173.2, 173.2, 174.4, 173.8, 173.8, 173.8, 173.8, 173.8, 173.8, 173.1, 173.1, 174.4, 174.4, 173.7, 173.8, 174.4, 173.1, 173.2, 173.8, 174.4, 174.4, 173.8, 173.8, 173.8, 173.2, 173.1, 173.2, 173.2, 173.2]"
13,"[172.7, 171.2, 172.5, 171.0, 171.1, 171.1, 169.8, 169.3, 169.4, 169.4, 170.1, 170.1, 170.0, 170.0, 170.1, 169.4, 168.7, 169.4, 170.0, 168.6, 170.1, 169.4, 169.4, 169.5, 169.5, 169.5, 170.1, 169.4, 169.5, 170.8, 169.4, 169.5, 169.4, 170.8, 169.4, 169.5, 168.7, 168.8, 168.8, 169.5, 169.5, 169.4, 168.7, 170.0, 168.7, 169.4, 168.8, 169.5, 168.6, 168.6, 168.7, 169.4, 168.7, 170.1, 169.5, 168.7, 168.7, 168.7, 169.5, 169.5, 168.7, 168.8, 168.6, 168.7, 168.1, 169.5, 168.6, 168.7, 168.2, 168.7, 168.1, 168.7, 168.7, 168.1, 168.7, 168.1, 168.0, 168.6, 168.1, 168.6, 168.6, 168.2, 168.0, 168.2, 168.0, 168.7, 167.4, 168.7, 168.2, 168.0, 168.1, 168.0, 167.4, 169.5, 168.7, 168.8, 168.7, 168.7, 168.1, 168.7, 168.6, 168.1, 168.7, 168.1, 168.1, 168.0, 168.2, 168.6, 167.5, 168.0, 168.0, 169.4, 168.7, 168.8, 168.1, 168.1, 168.1, 168.1, 168.1, 168.8, 169.4, 168.8, 168.6, 168.2, 168.7, 168.8, 168.7, 169.5, 170.1, 170.8, 171.4, 170.8, 170.8, 170.8, 170.2, 170.2, 170.2, 170.2, 170.6, 169.4, 169.9, 169.3, 170.7, 169.9, 169.3, 170.0, 169.3, 169.4, 170.0, 171.3, 172.0, 171.3, 171.2, 170.7, 169.4, 170.0, 169.4, 170.0, 169.9, 169.3, 169.2, 169.9, 169.3, 169.2, 169.3, 169.4, 169.3, 169.3, 170.1, 169.4, 170.0, 169.9, 171.2, 171.2, 170.6, 170.6, 170.6, 170.6, 170.0, 170.6, 171.3, 170.6, 170.5, 170.7, 171.2, 170.6, 171.2, 170.6, 170.7, 170.5, 170.5, 171.2, 170.6, 171.3, 170.1, 171.3, 170.6, 170.6, 171.2, 171.2, 171.3, 171.9, 171.9, 171.2, 170.6, 170.6, 170.6, 170.5, 171.9, 170.5, 170.6, 171.9, 171.9, 170.6, 171.3, 171.9, 172.5, 172.6, 172.6, 171.9, 171.9, 170.6, 171.9, 171.8, 171.3, 171.8, 171.2, 170.1, 170.5, 171.2, 171.2, 170.6, 171.2, 171.2, 171.8, 171.2, 171.9, 171.9, 172.5, 173.1, 172.6, 172.5, 171.9, 171.2, 171.9, 171.2, 171.9, 171.9, 172.6, 172.5, 171.9, 172.6, 172.6, 172.6, 172.6, 171.3, 173.2, 173.2, 173.2, 173.2, 172.5, 172.5, 173.2, 173.1, 173.1, 173.2, 173.1, 173.2, 173.2, 174.5, 173.8, 173.2, 173.2, 173.2, 173.2, 172.6, 173.2, 174.5, 174.4, 173.8, 173.2, 173.2, 173.2, 175.1, 173.8, 174.4, 174.5, 174.4, 173.8, 175.1, 173.8, 175.1, 175.1, 176.4, 176.4, 175.1, 175.1, 175.1, 175.7, 174.5, 174.5, 175.7, 175.1, 174.4, 175.7, 175.7, 175.1, 175.7, 175.7, 175.1, 176.4, 175.7, 176.3, 177.0, 176.4, 175.7, 176.4, 175.7, 176.3, 177.0, 177.0, 176.3, 176.3, 176.3, 177.0, 176.3, 177.6, 176.4, 176.3, 176.3, 176.4, 177.0, 177.0, 177.6, 177.0, 177.6, 177.6, 177.6, 177.6, 177.6, 177.6, 178.2, 178.2, 178.2, 177.6, 177.6, 177.6, 177.6, 177.6, 177.0, 176.3, 177.6, 177.6, 177.0, 177.6, 177.0, 178.2, 177.6, 177.6, 178.2, 177.6, 177.6, 177.6, 177.0, 177.6, 177.0, 178.2, 177.6, 177.0, 177.0, 176.3, 177.0, 177.0, 177.6, 177.6, 177.6, 177.6, 177.6, 177.0, 177.0, 177.0, 177.6, 177.6, 177.6, 177.0, 177.6, 178.2, 177.6, 177.6, 177.6, 178.2, 178.2, 178.2, 178.2, 178.2, 178.2, 177.6, 177.6, 177.6, 177.6, 178.2, 177.6, 178.2, 177.6, 178.2, 177.0, 177.6, 177.0, 177.6, 178.2, 177.6, 178.2, 177.6, 177.6, 177.6, 177.0, 177.0, 176.4, 177.0, 176.4, 177.0, 177.0, 177.0, 177.6, 178.2, 177.6, 178.2, 178.2, 178.2, 177.6, 177.6, 178.2, 178.2, 178.2, 177.6, 177.0, 175.8, 175.8, 175.8, 177.0, 176.4, 175.8, 175.8, 177.0, 177.0, 177.0, 177.6, 177.6, 177.6, 177.6, 177.0, 177.6, 176.4, 176.4, 177.0, 177.0, 177.0, 177.6, 177.0, 177.6, 177.0, 177.0, 178.2, 177.0, 177.6, 177.6, 177.6, 178.2, 177.6, 177.6, 177.6, 177.0, 177.6, 177.6, 177.6, 178.2, 177.0, 175.7, 175.7, 175.1, 175.7, 176.3, 175.1, 175.7, 177.0, 178.2, 177.6, 177.6, 177.6, 177.6, 177.6, 177.0, 176.3, 175.7, 176.4, 175.7, 177.0, 177.0, 176.4, 176.3, 177.6, 176.3, 177.6, 175.7, 175.7, 175.7, 177.0, 176.3, 177.0, 177.0, 177.6, 177.6, 177.6, 177.0, 176.3, 177.0, 177.6, 177.0, 177.6, 177.0, 177.6, 177.6, 178.2, 177.6, 177.6, 177.0, 177.0, 176.4, 177.6, 177.0, 178.2, 177.6, 177.0, 177.0, 177.6, 177.0, 177.6, 177.0, 177.0, 176.3, 176.3, 175.7, 175.1, 177.6, 177.0, 177.0, 176.4, 177.0, 178.2, 177.6, 177.0, 176.4, 175.1, 175.7, 175.7, 175.1, 174.4, 175.1, 174.4, 175.1, 174.5, 174.4, 175.0, 175.7, 174.4, 174.5, 175.1, 175.1, 175.7, 177.0, 175.7, 175.7, 175.7, 175.7, 175.7, 175.1, 176.3, 175.1, 175.1, 174.4, 175.1, 174.4, 174.4, 173.8, 174.4, 174.4, 175.1, 175.1, 175.0, 174.4, 175.1, 175.0, 174.4, 174.4, 174.4, 174.4, 175.1, 175.7, 174.4, 175.0]"
13,"[170.8, 170.7, 169.3, 169.2, 168.5, 167.9, 167.9, 166.6, 167.4, 167.9, 168.1, 168.2, 168.7, 168.2, 168.0, 168.1, 168.2, 167.5, 168.1, 167.5, 168.7, 167.4, 168.8, 167.4, 168.0, 168.0, 168.7, 167.4, 167.4, 168.1, 168.1, 168.8, 168.1, 167.4, 168.0, 168.7, 168.1, 168.1, 168.1, 168.1, 168.1, 168.1, 168.7, 168.1, 168.8, 168.7, 168.1, 167.5, 168.2, 168.1, 168.1, 168.2, 168.7, 168.1, 168.2, 168.2, 168.1, 168.1, 168.1, 168.2, 168.0, 168.6, 168.8, 168.1, 168.7, 168.0, 168.1, 168.0, 168.8, 168.7, 168.1, 168.8, 168.2, 167.5, 168.0, 167.5, 167.5, 167.5, 168.1, 168.8, 168.1, 168.2, 167.5, 168.1, 167.0, 167.0, 166.3, 167.4, 167.4, 168.1, 168.2, 167.4, 168.1, 167.4, 167.4, 167.5, 168.7, 168.1, 167.4, 167.5, 166.9, 167.6, 166.1, 167.4, 167.5, 166.8, 167.5, 168.2, 167.5, 167.5, 168.1, 167.5, 168.0, 168.1, 168.1, 167.5, 167.4, 167.6, 167.5, 167.5, 167.5, 168.1, 168.8, 168.7, 168.0, 169.4, 169.4, 171.3, 171.2, 173.2, 173.8, 173.1, 171.9, 171.9, 172.6, 172.6, 172.6, 172.6, 173.2, 172.6, 171.9, 171.9, 172.6, 171.9, 172.6, 172.6, 173.2, 173.2, 172.6, 173.2, 172.6, 171.9, 172.6, 171.9, 172.6, 172.7, 172.6, 171.9, 171.9, 172.6, 171.9, 171.3, 171.9, 171.4, 172.0, 171.3, 172.6, 171.9, 172.0, 172.6, 172.0, 172.6, 172.6, 171.9, 171.9, 172.0, 172.6, 171.5, 171.3, 172.0, 171.3, 172.6, 171.4, 171.4, 171.3, 171.9, 172.6, 172.0, 171.9, 172.0, 173.2, 172.6, 172.6, 172.0, 172.6, 172.6, 172.0, 172.6, 172.0, 171.9, 171.9, 172.0, 171.9, 172.6, 172.6, 172.6, 171.9, 171.9, 171.9, 172.0, 171.3, 171.9, 171.9, 171.9, 171.9, 171.9, 171.9, 171.9, 171.9, 172.6, 173.2, 174.5, 175.1, 173.8, 175.7, 174.4, 174.5, 174.5, 174.5, 174.4, 175.7, 174.5, 175.1, 175.1, 175.7, 175.7, 176.3, 175.7, 175.7, 175.7, 177.0, 175.7, 176.4, 178.2, 177.6, 177.6, 177.6, 178.2, 178.2, 177.6, 177.6, 178.2, 177.6, 178.2, 178.2, 177.6, 177.6, 177.6, 178.2, 177.0, 177.0, 177.0, 176.3, 176.3, 175.1, 175.7, 174.5, 174.4, 175.1, 175.1, 175.1, 175.1, 175.1, 174.4, 174.4, 175.1, 175.1, 175.1, 175.7, 175.1, 175.1, 175.7, 175.7, 175.7, 175.7, 175.7, 176.3, 176.3, 174.4, 175.6, 174.9, 176.2, 175.5, 175.6, 174.9, 174.9, 175.6, 175.6, 174.4, 174.4, 175.0, 174.3, 175.0, 174.4, 173.8, 174.4, 175.1, 174.4, 175.0, 175.1, 175.7, 175.1, 175.7, 177.0, 176.3, 176.3, 176.3, 177.0, 177.6, 178.2, 177.6, 177.0, 178.2, 178.2, 178.2, 176.9, 177.0, 177.6, 176.9, 175.7, 175.1, 175.0, 175.1, 176.3, 174.4, 175.1, 175.7, 175.0, 174.4, 174.4, 174.4, 175.1, 174.3, 174.4, 174.4, 173.8, 175.0, 175.7, 174.5, 174.4, 176.3, 178.2, 177.5, 177.5, 177.5, 176.9, 177.5, 177.5, 177.5, 177.5, 176.9, 177.6, 177.6, 176.9, 175.7, 175.7, 175.1, 175.1, 174.4, 174.4, 173.7, 173.8, 173.8, 173.8, 171.9, 171.9, 171.9, 172.5, 172.5, 172.5, 172.5, 173.2, 172.6, 172.5, 173.1, 173.2, 173.2, 172.5, 172.6, 172.6, 171.9, 171.9, 172.6, 172.6, 172.6, 171.9, 171.9, 171.9, 171.9, 172.5, 171.9, 171.3, 171.9, 171.9, 171.2, 171.3, 171.2, 171.4, 171.2, 170.6, 170.0, 170.6, 170.7, 170.1, 170.0, 170.1, 171.3, 172.0, 171.3, 171.3, 170.8, 171.4, 170.6, 170.7, 171.4, 170.6, 170.7, 170.7, 170.7, 170.7, 170.8, 171.4, 170.7, 170.7, 170.0, 170.7, 170.0, 170.2, 170.5, 170.8, 170.7, 171.3, 170.0, 169.4, 170.0, 170.0, 169.4, 169.5, 170.7, 170.1, 170.0, 170.7, 168.6, 169.4, 169.4, 168.7, 170.1, 170.2, 170.1, 170.8, 170.0, 170.8, 169.5, 170.2, 169.4, 169.5, 169.4, 168.8, 168.8, 168.1, 168.7, 168.7, 168.1, 169.5, 168.8, 167.5, 168.7, 168.2, 168.1, 168.1, 167.5, 168.1, 168.0, 167.4, 168.1, 168.2, 168.1, 168.2, 168.8, 168.2, 167.5, 168.1, 168.1, 168.7, 168.6, 168.7, 167.5, 168.1, 168.1, 167.5, 168.1, 168.1, 168.2, 168.2, 166.9, 167.5, 168.7, 167.5, 167.5, 168.1, 168.1, 167.5, 168.7, 168.7, 168.8, 168.8, 169.5, 169.5, 168.7, 168.8, 169.4, 168.7, 168.7, 168.7, 168.7, 168.7, 167.5, 168.9, 168.8, 168.2, 169.5, 168.7, 168.8, 168.7, 168.8, 168.8, 168.1, 168.7, 168.7, 168.2, 168.7, 168.7, 168.7, 168.1, 168.8, 168.1, 168.8, 168.1, 168.8, 170.8, 169.4, 170.1, 169.5, 169.5, 169.4, 169.5, 168.7, 169.5, 168.7, 168.7, 168.7, 168.8, 168.1, 169.4, 168.7, 170.2, 168.7, 168.7, 169.4, 170.0, 168.8, 168.7, 168.7, 169.5, 169.5, 168.1, 168.7, 168.8, 169.4, 169.4, 170.2, 169.4, 169.3, 170.6, 169.4, 168.7, 168.7, 169.4, 168.8, 170.1, 171.5, 173.2, 173.8, 173.8, 175.1, 174.4, 175.1, 175.7, 177.0, 177.6]"
13,"[176.4, 177.6, 177.0, 176.9, 177.0, 176.3, 177.0, 176.4, 176.4, 175.8, 175.8, 174.6, 175.2, 175.2, 175.2, 174.5, 175.2, 174.5, 175.2, 173.9, 174.6, 174.5, 173.9, 174.6, 175.1, 174.5, 175.2, 174.6, 175.2, 174.6, 174.6, 173.9, 174.0, 173.9, 174.0, 173.4, 174.0, 174.6, 174.5, 174.6, 174.5, 174.6, 174.6, 174.5, 174.0, 174.6, 174.6, 174.6, 174.6, 174.6, 175.2, 174.6, 174.6, 174.6, 174.0, 174.6, 174.6, 173.9, 175.2, 174.0, 174.6, 173.9, 173.9, 174.0, 174.0, 174.0, 173.3, 173.9, 174.6, 174.0, 173.9, 173.3, 173.9, 174.6, 174.6, 174.6, 174.6, 174.6, 173.9, 174.0, 174.5, 174.6, 174.0, 174.6, 175.2, 175.8, 173.9, 174.0, 174.6, 173.9, 174.0, 173.4, 174.0, 173.3, 173.4, 174.6, 174.6, 174.6, 174.5, 173.9, 173.9, 174.6, 174.6, 173.4, 174.0, 173.9, 174.0, 174.0, 174.0, 174.0, 173.9, 174.0, 173.4, 174.6, 174.6, 174.6, 174.0, 173.9, 174.0, 174.0, 174.0, 174.0, 174.6, 175.8, 175.8, 175.8, 176.4, 176.4, 175.8, 176.4, 175.8, 175.2, 175.7, 175.8, 176.4, 176.4, 175.8, 175.8, 175.8, 175.8, 175.8, 176.4, 175.2, 175.2, 174.5, 175.8, 175.2, 175.2, 175.2, 175.2, 175.1, 175.8, 175.8, 174.5, 175.2, 173.9, 173.3, 173.2, 173.8, 173.8, 174.5, 175.2, 173.9, 173.9, 173.9, 173.3, 172.6, 172.7, 172.7, 172.0, 172.0, 172.1, 172.1, 172.0, 172.0, 172.1, 172.1, 171.3, 172.0, 171.4, 172.6, 171.9, 172.0, 172.6, 172.0, 171.4, 171.3, 172.0, 172.0, 172.0, 172.0, 171.4, 171.9, 171.4, 171.3, 171.3, 171.9, 171.3, 171.4, 171.3, 171.4, 171.4, 171.4, 172.1, 172.0, 171.4, 172.0, 172.0, 172.0, 170.8, 170.1, 170.2, 170.0, 170.1, 170.1, 171.4, 171.4, 171.4, 171.4, 170.7, 170.7, 172.0, 171.3, 170.7, 170.8, 170.7, 170.1, 170.6, 170.1, 170.1, 170.8, 170.1, 170.7, 171.3, 170.7, 170.6, 170.8, 171.3, 171.4, 172.6, 172.0, 171.4, 171.4, 170.6, 171.9, 172.6, 173.2, 172.5, 172.5, 172.6, 171.2, 171.8, 172.5, 173.8, 173.8, 174.4, 174.4, 173.8, 173.2, 173.2, 173.2, 173.1, 173.1, 173.1, 172.6, 171.9, 172.5, 171.2, 173.1, 172.4, 172.5, 172.6, 173.1, 172.5, 172.5, 172.4, 172.4, 173.8, 172.6, 172.5, 173.1, 172.5, 172.4, 173.1, 173.1, 172.5, 172.5, 171.9, 173.1, 172.5, 172.4, 172.4, 172.5, 172.4, 172.5, 172.4, 173.8, 173.2, 173.2, 171.9, 173.2, 173.1, 173.8, 173.8, 172.5, 172.4, 172.5, 173.1, 173.2, 172.4, 172.5, 172.5, 173.2, 173.8, 173.2, 173.8, 172.5, 173.1, 173.1, 173.8, 173.8, 173.8, 171.9, 173.8, 172.6, 172.5, 173.1, 173.8, 173.2, 173.8, 173.8, 173.8, 174.4, 173.8, 173.8, 172.6, 173.1, 173.1, 173.2, 171.9, 171.9, 171.8, 169.8, 169.6, 171.7, 171.0, 171.6, 171.1, 171.8, 172.4, 171.7, 173.1, 172.4, 171.8, 171.0, 171.7, 172.4, 171.8, 172.5, 171.9, 172.5, 172.4, 172.4, 172.5, 172.5, 171.8, 171.8, 171.8, 170.6, 172.5, 171.7, 171.1, 171.9, 172.5, 172.5, 171.8, 172.5, 173.1, 173.1, 173.8, 173.2, 173.2, 171.8, 172.4, 173.8, 175.0, 175.1, 174.4, 173.8, 174.4, 174.4, 173.8, 173.8, 173.8, 174.4, 175.1, 174.4, 173.1, 174.4, 175.1, 175.7, 175.1, 175.7, 174.5, 175.1, 173.8, 173.8, 173.1, 172.5, 173.1, 172.5, 171.2, 170.4, 171.8, 172.5, 173.1, 172.5, 171.2, 172.4, 171.8, 173.1, 172.5, 173.1, 172.5, 173.1, 173.1, 173.8, 173.2, 172.6, 173.8, 173.1, 173.1, 173.2, 172.6, 173.1, 172.5, 171.9, 172.6, 172.5, 171.9, 172.5, 171.9, 172.0, 172.6, 171.9, 171.9, 171.4, 171.3, 171.2, 171.3, 171.3, 172.0, 172.0, 170.8, 171.9, 171.3, 172.0, 171.9, 172.0, 170.7, 171.3, 170.7, 170.1, 170.1, 169.3, 169.4, 169.4, 169.4, 169.3, 169.4, 169.4, 170.6, 168.6, 169.9, 169.4, 169.9, 169.9, 168.6, 169.3, 169.2, 169.3, 169.9, 169.3, 169.3, 169.9, 169.8, 169.9, 169.3, 169.8, 169.9, 169.9, 169.3, 170.0, 170.0, 169.4, 169.3, 169.2, 169.3, 169.4, 168.7, 169.4, 169.9, 170.0, 168.5, 169.3, 169.3, 169.4, 169.4, 170.1, 170.0, 170.0, 170.0, 170.1, 170.0, 170.1, 170.6, 170.7, 170.0, 170.6, 170.1, 170.0, 171.3, 171.3, 171.3, 171.2, 171.2, 170.7, 170.6, 170.6, 171.3, 171.9, 171.2, 171.9, 171.9, 171.2, 171.2, 171.9, 173.2, 172.5, 171.9, 171.9, 172.5, 173.8, 173.2, 173.2, 173.2, 173.8, 173.8, 172.6, 173.2, 173.2, 173.2, 173.2, 173.2, 172.6, 172.6, 173.8, 172.6, 172.6, 172.6, 172.6, 173.2, 173.2, 172.6, 172.6, 173.2, 173.2, 173.9, 173.8, 173.9, 173.8, 173.3, 173.2, 173.8, 173.8, 174.5, 173.9, 173.9, 173.8, 173.3, 173.2, 173.2, 173.9, 173.9, 173.9, 173.8, 174.5, 173.9, 173.8, 174.5, 173.9, 173.8, 173.9, 173.2, 174.5, 173.9, 173.9, 173.8, 173.8, 174.5]"
13,"[172.7, 170.6, 170.7, 171.2, 171.2, 169.9, 169.3, 168.7, 169.5, 168.9, 168.8, 168.8, 168.9, 168.3, 168.3, 167.7, 168.3, 168.2, 168.8, 168.8, 168.8, 168.9, 168.2, 168.2, 168.2, 168.3, 168.3, 167.6, 168.3, 168.9, 168.2, 167.7, 168.2, 168.8, 168.8, 168.2, 168.2, 168.3, 168.2, 168.3, 168.8, 168.9, 170.0, 171.2, 171.2, 171.2, 170.6, 170.6, 170.6, 170.5, 171.2, 171.3, 170.6, 170.7, 170.6, 170.6, 170.6, 171.3, 170.6, 171.2, 170.0, 170.6, 170.7, 170.7, 169.3, 170.6, 170.7, 170.6, 170.6, 170.6, 169.5, 170.0, 170.1, 170.1, 169.5, 169.4, 168.7, 169.4, 168.3, 170.1, 169.5, 169.4, 170.1, 169.4, 169.5, 168.7, 168.8, 169.5, 169.5, 169.5, 168.8, 169.4, 168.8, 168.7, 168.8, 168.7, 168.8, 168.1, 168.1, 168.1, 168.2, 168.7, 168.2, 168.8, 168.8, 168.7, 168.7, 168.7, 168.8, 168.1, 168.1, 168.7, 168.7, 168.1, 168.1, 168.7, 168.7, 168.1, 168.8, 168.7, 168.8, 168.2, 168.7, 169.5, 170.1, 170.8, 170.6, 171.3, 170.1, 170.2, 170.1, 170.1, 170.1, 170.1, 169.4, 169.4, 168.7, 168.7, 168.7, 168.1, 168.2, 168.2, 168.7, 168.2, 168.8, 168.8, 168.7, 168.1, 168.1, 169.5, 168.7, 169.3, 168.6, 168.1, 168.1, 168.8, 168.2, 168.2, 167.6, 168.1, 167.6, 168.3, 167.5, 168.8, 168.0, 168.2, 168.1, 168.8, 167.5, 168.2, 167.5, 168.0, 167.6, 166.9, 167.5, 166.8, 167.5, 167.5, 167.5, 167.5, 166.9, 166.8, 167.5, 167.6, 166.8, 166.8, 167.6, 166.9, 166.8, 166.8, 167.5, 167.5, 167.5, 167.5, 167.5, 167.5, 167.4, 166.8, 167.5, 167.0, 167.6, 167.4, 168.1, 166.8, 167.5, 168.1, 168.1, 168.1, 168.2, 166.9, 168.1, 167.4, 167.4, 166.9, 167.5, 166.8, 166.8, 167.4, 166.8, 166.1, 166.8, 166.8, 166.8, 168.2, 167.0, 167.5, 167.0, 167.6, 166.9, 167.5, 166.8, 166.9, 166.9, 166.8, 166.9, 166.1, 166.9, 165.5, 166.1, 166.9, 166.3, 166.3, 167.5, 167.5, 168.1, 168.7, 169.4, 169.3, 168.7, 168.7, 168.8, 169.4, 168.7, 168.8, 168.7, 168.7, 168.2, 168.8, 168.7, 168.0, 168.7, 168.1, 168.1, 168.7, 168.0, 168.1, 167.5, 167.5, 166.9, 166.0, 166.8, 167.5, 167.5, 167.5, 167.4, 167.5, 166.9, 166.8, 166.8, 166.8, 166.9, 166.9, 167.5, 167.4, 166.0, 166.3, 167.4, 166.1, 166.3, 166.3, 166.1, 166.8, 166.8, 166.9, 166.8, 166.9, 167.5, 166.8, 165.4, 165.4, 165.4, 164.6, 166.1, 166.8, 167.4, 168.0, 168.0, 168.0, 168.7, 168.6, 168.1, 168.7, 168.7, 169.3, 169.9, 169.9, 169.4, 169.4, 168.6, 168.6, 168.6, 168.6, 168.7, 168.6, 168.7, 168.6, 168.0, 168.6, 168.0, 168.6, 168.1, 168.1, 168.6, 168.0, 167.4, 167.4, 167.4, 167.5, 166.8, 166.6, 166.6, 166.1, 166.9, 166.8, 166.8, 166.9, 166.6, 166.8, 166.0, 166.8, 165.4, 165.5, 166.1, 166.0, 167.4, 166.8, 166.8, 166.1, 165.4, 166.1, 166.1, 166.0, 166.1, 165.4, 165.4, 165.5, 164.8, 166.1, 165.4, 165.5, 165.5, 164.9, 165.5, 165.5, 164.8, 165.4, 165.5, 166.3, 164.9, 165.5, 165.5, 165.5, 165.5, 165.7, 165.5, 166.1, 166.1, 165.5, 166.0, 166.0, 166.1, 165.4, 165.4, 165.4, 164.9, 165.5, 164.3, 164.8, 164.9, 164.3, 164.9, 164.6, 164.3, 162.9, 163.7, 163.6, 163.7, 163.7, 162.8, 162.9, 162.3, 162.6, 164.2, 162.0, 163.6, 163.2, 163.4, 163.2, 163.4, 163.8, 164.8, 164.2, 164.8, 165.3, 165.3, 165.4, 165.9, 165.1, 165.9, 166.0, 166.1, 165.4, 166.0, 165.9, 166.1, 166.6, 166.0, 166.1, 165.4, 166.0, 165.9, 164.8, 165.4, 166.0, 164.8, 164.9, 164.6, 164.8, 165.4, 165.4, 166.0, 164.8, 164.9, 164.8, 165.7, 165.4, 164.8, 166.1, 166.1, 166.1, 165.5, 165.5, 165.7, 166.1, 166.1, 166.9, 165.5, 166.8, 165.4, 164.9, 164.6, 165.5, 165.5, 165.4, 164.8, 165.5, 164.8, 164.9, 164.2, 164.9, 165.5, 164.3, 164.3, 165.5, 164.3, 164.2, 164.9, 164.9, 164.2, 164.2, 165.5, 164.9, 165.5, 164.9, 165.5, 164.8, 165.5, 164.8, 166.1, 166.1, 165.5, 165.4, 166.9, 166.1, 164.9, 165.4, 165.4, 165.4, 166.1, 164.9, 166.0, 165.4, 165.5, 166.1, 164.9, 165.5, 165.5, 166.1, 165.4, 165.5, 166.3, 166.1, 166.1, 166.0, 166.1, 166.1, 165.5, 166.8, 165.5, 165.5, 166.8, 166.1, 166.8, 166.8, 166.9, 166.9, 167.5, 166.8, 166.8, 166.3, 166.8, 168.1, 167.5, 166.9, 167.4, 168.1, 168.0, 168.0, 167.5, 168.0, 168.0, 168.0, 168.1, 168.1, 167.4, 168.2, 167.4, 168.0, 168.0, 167.5, 168.1, 168.0, 168.7, 167.4, 168.1, 168.0, 168.1, 168.0, 167.5, 167.4, 167.5, 167.4, 168.0, 168.1, 167.4, 168.7, 168.1, 169.3, 168.7, 168.1, 168.6, 169.4, 168.7, 168.0, 168.6, 168.7, 169.4, 168.6, 169.3, 169.4, 169.5, 168.7, 168.1, 169.4, 168.1, 168.1, 168.5, 169.4, 168.6, 169.5]"
13,"[170.8, 171.2, 171.3, 169.3, 169.2, 168.0, 168.4, 168.1, 168.1, 168.1, 168.1, 167.5, 168.2, 167.7, 167.5, 168.1, 168.2, 168.1, 167.5, 168.3, 168.1, 168.2, 168.8, 168.9, 168.7, 168.1, 168.2, 168.2, 168.7, 168.2, 168.9, 168.2, 168.7, 167.6, 168.2, 168.8, 168.7, 167.5, 168.8, 168.2, 168.8, 168.7, 168.1, 168.1, 168.7, 168.7, 168.8, 168.7, 168.2, 168.7, 168.2, 168.7, 168.7, 168.2, 168.7, 168.8, 168.2, 168.8, 168.7, 168.8, 169.4, 168.8, 168.2, 168.9, 168.7, 168.7, 169.4, 168.7, 167.5, 168.2, 168.2, 169.4, 168.8, 168.3, 168.1, 168.7, 168.8, 168.8, 168.7, 168.7, 168.2, 168.8, 167.5, 168.7, 168.7, 168.7, 168.1, 168.2, 168.2, 168.8, 167.5, 168.9, 168.2, 168.7, 168.1, 168.8, 168.2, 168.9, 168.2, 168.1, 168.8, 167.5, 168.1, 168.1, 168.2, 167.5, 168.2, 167.5, 168.2, 168.2, 168.2, 168.7, 168.7, 168.1, 168.8, 168.2, 168.1, 168.2, 168.7, 168.2, 168.1, 168.1, 168.1, 169.4, 169.4, 170.2, 170.8, 171.4, 172.6, 171.4, 171.4, 171.4, 171.4, 170.8, 171.4, 170.2, 171.5, 171.5, 171.4, 170.8, 170.6, 170.7, 170.7, 170.1, 170.8, 170.8, 169.5, 169.5, 168.8, 169.4, 169.5, 168.8, 169.4, 168.7, 168.8, 168.7, 169.5, 168.8, 169.5, 168.8, 168.7, 168.7, 168.7, 169.4, 168.7, 168.2, 168.7, 168.7, 168.1, 168.1, 168.7, 168.0, 168.2, 167.5, 168.2, 168.8, 167.6, 168.1, 167.5, 168.2, 167.0, 167.5, 167.6, 167.5, 167.6, 166.3, 167.6, 166.1, 166.9, 166.9, 166.1, 166.9, 166.8, 166.8, 166.9, 167.6, 166.9, 166.9, 166.9, 166.8, 167.5, 167.0, 167.0, 167.6, 167.6, 167.6, 166.8, 167.0, 167.5, 167.5, 167.6, 167.0, 167.4, 167.4, 167.5, 167.5, 167.6, 166.8, 167.6, 168.1, 168.1, 167.6, 168.1, 167.5, 168.7, 168.7, 168.2, 168.6, 168.7, 169.4, 169.4, 168.6, 169.4, 169.4, 169.4, 169.9, 169.9, 169.9, 169.3, 169.3, 170.0, 169.9, 170.0, 170.0, 169.4, 170.0, 170.0, 169.9, 170.0, 170.6, 170.7, 170.7, 171.3, 170.5, 171.3, 170.7, 171.2, 171.2, 171.3, 171.3, 171.3, 171.3, 170.7, 171.3, 171.3, 171.3, 170.1, 171.2, 170.7, 171.3, 171.2, 171.3, 171.3, 170.7, 170.7, 171.2, 170.7, 170.7, 170.6, 170.7, 171.4, 170.7, 171.3, 170.6, 170.6, 170.7, 171.3, 171.3, 171.9, 171.9, 171.3, 172.6, 171.9, 171.2, 171.3, 171.3, 171.3, 171.3, 171.2, 171.3, 171.3, 171.3, 171.2, 171.9, 171.2, 170.6, 170.7, 171.2, 171.9, 171.3, 171.9, 171.2, 172.0, 171.9, 171.3, 171.9, 171.9, 170.6, 171.9, 171.9, 172.6, 172.6, 172.5, 171.9, 172.6, 171.2, 170.0, 170.5, 171.9, 172.6, 173.2, 173.8, 172.6, 172.5, 171.9, 171.2, 171.2, 170.5, 170.5, 170.5, 170.5, 170.5, 170.6, 170.6, 171.2, 170.5, 170.5, 170.6, 171.2, 170.5, 171.9, 171.9, 171.9, 171.9, 172.6, 171.9, 171.9, 171.9, 171.2, 171.2, 171.3, 170.1, 170.0, 169.9, 169.9, 169.2, 169.3, 169.8, 169.9, 170.0, 169.9, 170.0, 169.9, 170.0, 170.5, 169.9, 170.6, 170.7, 170.1, 169.8, 169.2, 170.0, 169.3, 169.3, 169.9, 168.5, 170.0, 170.0, 169.8, 169.3, 169.3, 169.2, 167.8, 169.1, 169.7, 169.7, 169.7, 169.7, 169.7, 170.3, 170.3, 169.7, 169.1, 168.4, 168.4, 169.1, 169.9, 170.4, 169.2, 169.9, 170.5, 169.9, 169.9, 171.2, 171.9, 170.6, 171.2, 170.5, 171.9, 170.4, 170.6, 170.0, 169.4, 169.9, 169.3, 169.3, 169.3, 169.3, 169.2, 169.2, 169.3, 169.3, 169.3, 169.4, 168.6, 168.0, 168.7, 167.4, 166.8, 166.0, 166.0, 164.8, 164.8, 165.4, 166.0, 165.4, 164.8, 165.4, 164.8, 165.4, 165.5, 165.4, 164.8, 164.6, 165.5, 164.8, 164.8, 164.8, 164.9, 164.8, 164.8, 164.8, 164.8, 164.2, 164.8, 164.9, 165.5, 164.8, 165.5, 164.2, 164.2, 164.9, 164.2, 164.8, 164.2, 164.2, 164.0, 164.8, 164.8, 164.9, 163.2, 163.4, 164.9, 164.8, 163.4, 164.3, 164.0, 164.2, 163.7, 163.6, 162.6, 163.6, 163.4, 163.6, 163.4, 162.9, 163.6, 162.9, 163.6, 164.0, 163.4, 164.2, 163.6, 163.6, 163.7, 163.6, 163.6, 162.9, 163.6, 163.7, 164.3, 165.5, 164.2, 163.6, 164.0, 164.3, 164.9, 164.8, 164.9, 164.8, 165.1, 163.6, 163.7, 163.7, 164.3, 163.6, 163.6, 163.6, 164.2, 163.6, 164.2, 164.9, 164.9, 164.3, 164.2, 164.9, 164.3, 163.6, 163.4, 163.4, 164.2, 164.3, 163.6, 164.2, 164.9, 164.9, 164.9, 165.5, 164.9, 165.4, 164.6, 165.4, 165.3, 166.1, 166.8, 166.0, 165.4, 166.0, 166.0, 166.0, 166.0, 166.0, 166.3, 166.8, 166.1, 166.1, 165.5, 166.1, 166.1, 166.8, 166.8, 166.1, 166.8, 166.8, 166.1, 166.0, 166.8, 166.1, 166.1, 166.1, 166.1, 166.1, 165.4, 165.5, 166.9, 166.8, 167.4, 166.6, 168.1, 167.4, 166.8, 165.4, 166.0, 166.0, 166.1, 167.4, 166.9, 166.6, 167.3, 167.5]"
13,"[171.4, 170.7, 170.6, 168.4, 168.5, 169.1, 169.8, 168.0, 168.7, 168.7, 168.2, 168.1, 168.8, 167.6, 168.0, 168.1, 168.7, 168.1, 168.8, 168.0, 168.2, 168.2, 168.2, 168.2, 168.1, 168.7, 168.6, 168.2, 168.0, 168.7, 168.1, 168.0, 168.0, 168.2, 167.5, 168.2, 168.7, 168.7, 167.5, 167.5, 168.1, 168.2, 168.1, 168.8, 168.8, 168.8, 168.2, 167.6, 168.2, 168.1, 168.2, 168.0, 168.1, 168.1, 168.6, 168.8, 167.5, 168.8, 168.2, 168.7, 168.8, 168.8, 168.8, 168.8, 168.8, 168.8, 170.1, 169.5, 168.0, 168.8, 168.7, 168.2, 168.7, 168.1, 168.1, 168.1, 168.1, 168.8, 168.7, 168.1, 167.4, 168.8, 168.2, 168.8, 167.5, 168.1, 168.2, 168.7, 168.1, 168.8, 168.1, 167.5, 168.7, 168.8, 168.8, 168.8, 168.2, 168.1, 167.6, 168.1, 167.5, 168.2, 168.8, 168.7, 168.8, 168.1, 168.2, 166.9, 168.2, 168.2, 168.1, 168.1, 167.5, 168.8, 168.8, 168.8, 168.2, 168.1, 168.2, 168.2, 168.2, 168.7, 168.2, 169.5, 169.9, 170.2, 169.5, 168.1, 169.4, 169.4, 169.4, 169.4, 168.8, 168.7, 168.1, 166.8, 166.9, 166.8, 165.5, 166.9, 166.8, 166.3, 166.8, 168.0, 166.1, 166.8, 166.1, 167.5, 166.8, 167.5, 166.8, 167.3, 167.5, 166.8, 166.6, 166.1, 166.8, 166.3, 166.6, 166.3, 165.4, 166.3, 166.3, 166.1, 165.5, 166.1, 166.1, 166.1, 166.3, 165.5, 165.5, 165.4, 166.1, 166.1, 166.1, 166.1, 166.1, 166.1, 165.5, 164.9, 164.9, 165.5, 164.8, 165.4, 165.4, 166.1, 166.1, 164.8, 165.4, 164.8, 164.8, 166.1, 164.8, 165.5, 164.8, 166.0, 166.1, 165.5, 165.5, 165.5, 165.5, 165.4, 166.1, 165.4, 165.5, 164.9, 166.1, 166.1, 167.5, 166.1, 165.5, 166.1, 166.0, 165.3, 165.4, 166.1, 165.4, 165.4, 164.8, 164.8, 164.8, 164.9, 166.1, 165.4, 166.1, 165.5, 165.4, 165.3, 165.9, 167.7, 168.4, 169.1, 169.8, 170.5, 169.8, 170.3, 169.8, 169.2, 167.8, 167.8, 168.4, 169.3, 167.8, 169.2, 169.1, 168.4, 168.5, 168.4, 168.4, 168.4, 168.0, 168.6, 168.5, 169.1, 168.4, 168.5, 168.5, 168.5, 167.8, 168.5, 167.9, 168.5, 168.5, 167.9, 167.9, 167.9, 167.3, 167.9, 167.3, 168.5, 168.0, 167.3, 167.1, 167.3, 166.5, 166.6, 167.1, 166.6, 167.3, 167.1, 166.6, 166.6, 166.6, 166.6, 167.9, 167.3, 168.4, 167.4, 167.3, 168.0, 168.1, 168.0, 167.4, 167.3, 167.4, 167.9, 166.5, 166.4, 166.5, 168.4, 167.8, 168.3, 168.4, 168.3, 167.8, 166.4, 166.4, 166.5, 165.9, 167.7, 167.3, 168.5, 167.3, 168.6, 168.0, 168.0, 167.9, 168.6, 167.9, 167.9, 168.0, 167.4, 167.4, 168.7, 169.4, 167.3, 168.0, 167.4, 167.4, 167.3, 167.4, 166.8, 167.9, 167.4, 167.4, 168.6, 168.6, 168.0, 168.1, 168.7, 167.4, 166.6, 167.4, 167.5, 166.8, 166.1, 165.9, 165.9, 165.6, 166.5, 167.1, 167.1, 167.1, 166.5, 166.4, 167.0, 167.8, 166.5, 167.8, 167.1, 167.7, 166.9, 167.0, 167.8, 167.8, 168.5, 168.3, 168.4, 167.7, 168.5, 167.8, 167.9, 167.3, 167.1, 168.3, 167.7, 167.9, 168.4, 168.5, 168.4, 169.3, 168.5, 168.6, 168.6, 168.0, 168.0, 167.9, 168.5, 168.6, 168.6, 168.7, 169.4, 168.0, 168.0, 168.1, 168.0, 167.1, 167.3, 167.5, 167.3, 167.4, 166.8, 167.4, 166.6, 165.4, 165.3, 164.6, 164.6, 165.4, 165.1, 165.1, 165.9, 165.4, 165.3, 165.3, 165.3, 166.6, 165.3, 165.4, 166.6, 166.6, 165.4, 166.8, 165.3, 166.0, 166.0, 166.0, 166.0, 166.0, 165.3, 165.3, 164.8, 166.1, 165.3, 164.8, 166.1, 166.1, 166.8, 165.4, 166.6, 165.5, 166.8, 165.5, 166.0, 165.4, 166.1, 165.5, 165.4, 166.1, 166.8, 166.8, 166.0, 166.8, 166.8, 167.4, 166.3, 166.1, 166.8, 166.0, 166.1, 166.1, 166.0, 166.1, 166.8, 166.3, 166.1, 167.4, 166.8, 166.1, 166.9, 165.5, 165.5, 166.1, 166.1, 166.3, 166.1, 165.4, 166.1, 166.3, 166.3, 167.5, 166.8, 166.8, 166.1, 166.1, 166.1, 166.1, 166.1, 166.1, 166.3, 166.3, 166.1, 167.0, 166.1, 166.9, 167.4, 166.9, 166.8, 166.8, 166.8, 166.8, 166.8, 166.9, 166.8, 167.5, 166.9, 167.5, 167.4, 166.9, 166.9, 166.9, 166.8, 166.3, 166.8, 167.5, 166.9, 167.4, 166.9, 167.5, 167.5, 167.5, 166.9, 166.9, 166.9, 167.5, 166.8, 167.0, 166.4, 166.9, 166.1, 166.9, 166.8, 167.4, 166.9, 167.5, 166.8, 167.5, 166.9, 166.3, 167.5, 167.5, 166.9, 166.9, 167.5, 167.5, 166.8, 167.5, 166.9, 167.4, 167.4, 166.8, 166.8, 166.9, 167.4, 166.8, 166.8, 166.8, 167.5, 167.4, 166.8, 167.5, 167.5, 167.4, 167.5, 167.5, 168.1, 166.9, 166.8, 166.8, 166.8, 167.5, 167.4, 168.1, 167.5, 167.5, 167.5, 168.1, 167.5, 167.5, 168.1, 167.5, 168.1, 167.5, 167.5, 167.4, 167.4, 167.4, 168.1, 166.8, 167.5, 166.9, 167.5, 167.5, 167.5, 167.5, 168.1, 168.1, 168.7, 167.5, 167.5]"
13,"[172.6, 170.3, 172.4, 171.7, 169.6, 171.1, 169.7, 169.8, 169.2, 169.2, 169.3, 169.4, 169.4, 169.4, 169.4, 169.4, 169.4, 169.5, 169.4, 169.4, 168.6, 168.7, 169.4, 169.4, 169.5, 169.4, 169.3, 170.0, 169.3, 169.5, 169.4, 169.3, 169.3, 170.0, 169.4, 169.4, 169.4, 170.0, 170.7, 169.4, 170.7, 169.4, 169.4, 168.6, 169.4, 169.4, 169.4, 168.7, 168.8, 169.4, 169.4, 169.4, 168.7, 169.5, 169.4, 169.4, 169.4, 169.4, 169.5, 169.4, 169.4, 169.4, 168.7, 170.1, 169.4, 170.0, 169.3, 169.4, 169.4, 169.3, 169.4, 168.6, 168.7, 168.6, 169.4, 168.7, 168.7, 168.6, 169.4, 169.4, 170.0, 169.3, 169.4, 169.4, 169.4, 169.4, 169.4, 169.4, 169.4, 169.4, 169.3, 169.4, 169.4, 169.4, 168.7, 168.7, 169.4, 169.4, 169.5, 169.3, 169.4, 169.4, 169.4, 170.0, 168.7, 169.4, 169.4, 168.7, 169.5, 169.5, 169.4, 169.3, 169.4, 169.4, 169.4, 169.4, 169.3, 168.7, 169.4, 168.0, 168.7, 168.0, 168.0, 168.1, 168.8, 168.6, 168.6, 168.6, 168.6, 169.3, 168.6, 169.9, 168.7, 168.7, 168.7, 169.4, 168.6, 168.6, 168.0, 168.6, 168.6, 168.7, 168.6, 167.9, 167.4, 167.3, 166.6, 168.0, 168.1, 167.4, 167.5, 167.4, 168.0, 167.4, 167.5, 166.8, 166.8, 167.5, 166.3, 167.4, 167.3, 166.9, 167.4, 168.0, 167.3, 166.6, 167.4, 168.0, 166.8, 166.6, 166.8, 166.1, 166.1, 166.6, 166.6, 167.3, 168.7, 168.5, 167.9, 167.3, 167.3, 167.4, 167.4, 167.4, 166.6, 166.6, 164.8, 165.9, 166.5, 168.4, 168.3, 168.3, 168.4, 167.7, 167.0, 167.7, 167.9, 167.1, 167.8, 167.9, 166.5, 167.8, 166.5, 167.0, 167.1, 166.5, 167.0, 165.3, 165.3, 165.3, 165.9, 166.5, 166.5, 165.9, 166.5, 166.5, 166.5, 167.0, 167.1, 167.9, 167.3, 167.3, 167.9, 168.0, 167.9, 167.9, 167.9, 168.0, 167.4, 167.3, 168.6, 167.3, 166.5, 165.9, 168.4, 169.9, 170.4, 169.1, 169.1, 169.7, 169.2, 169.2, 167.8, 167.8, 169.7, 168.4, 169.3, 169.8, 169.9, 169.9, 170.0, 169.9, 169.9, 169.4, 170.0, 169.3, 170.0, 169.2, 169.2, 169.4, 168.6, 169.8, 168.6, 169.8, 169.9, 169.8, 169.3, 170.0, 169.8, 169.3, 168.5, 168.6, 169.9, 168.3, 168.0, 169.9, 168.7, 169.3, 169.9, 169.3, 168.6, 168.5, 169.2, 169.3, 169.3, 169.3, 168.6, 168.5, 169.3, 168.6, 168.5, 169.3, 168.0, 168.5, 168.5, 167.9, 169.3, 168.6, 168.7, 168.5, 167.9, 169.4, 168.6, 168.6, 169.3, 167.9, 168.6, 167.3, 168.5, 168.5, 168.5, 167.9, 167.3, 167.3, 166.8, 167.3, 166.8, 166.8, 167.4, 166.5, 165.1, 167.0, 168.4, 169.2, 169.8, 169.1, 169.1, 168.4, 169.1, 169.1, 169.2, 168.4, 169.0, 169.1, 169.0, 168.5, 169.1, 169.1, 168.4, 169.2, 169.8, 169.1, 169.1, 169.1, 169.0, 169.0, 168.4, 169.1, 168.4, 167.7, 167.7, 168.4, 168.3, 167.7, 167.9, 167.8, 168.4, 168.5, 167.1, 168.4, 168.4, 167.9, 167.7, 167.8, 167.7, 168.4, 168.5, 168.4, 167.8, 168.5, 167.1, 167.8, 168.4, 168.4, 167.8, 167.0, 167.7, 167.1, 168.3, 167.7, 167.3, 167.8, 167.3, 168.4, 167.8, 168.4, 167.8, 168.4, 168.5, 169.8, 169.2, 169.3, 169.2, 169.2, 169.2, 169.1, 168.4, 169.2, 170.5, 169.2, 169.2, 169.2, 168.6, 169.9, 169.9, 169.2, 168.5, 169.1, 169.8, 168.5, 169.9, 168.4, 169.1, 168.5, 169.1, 168.4, 169.1, 168.4, 168.4, 169.2, 168.4, 167.9, 168.4, 168.4, 169.1, 168.5, 167.9, 169.1, 167.8, 168.4, 168.5, 167.8, 168.4, 169.2, 168.4, 169.2, 169.2, 168.5, 168.5, 169.2, 168.6, 168.5, 168.6, 168.5, 168.0, 167.9, 167.9, 167.1, 167.3, 167.1, 166.8, 167.4, 167.4, 167.4, 167.4, 167.3, 167.4, 168.0, 167.3, 167.3, 167.9, 167.9, 167.3, 167.4, 167.4, 167.9, 168.0, 168.0, 168.0, 167.9, 168.0, 167.4, 167.8, 168.0, 167.4, 167.9, 167.9, 167.9, 167.3, 167.8, 167.3, 167.8, 168.5, 168.4, 168.5, 168.5, 167.9, 167.9, 167.9, 168.5, 167.9, 167.9, 167.3, 167.4, 166.8, 167.3, 166.8, 166.6, 166.5, 166.6, 167.4, 167.9, 167.1, 167.9, 168.0, 167.8, 167.8, 168.0, 167.3, 167.8, 167.1, 167.1, 167.1, 168.5, 167.9, 167.8, 167.1, 167.1, 166.4, 167.1, 167.7, 166.6, 167.8, 167.8, 167.8, 167.8, 167.7, 167.9, 168.4, 168.4, 167.9, 168.4, 167.8, 167.9, 168.4, 168.5, 168.5, 168.4, 167.8, 167.8, 168.5, 168.0, 167.3, 167.9, 168.6, 167.9, 167.9, 168.5, 167.9, 167.1, 167.8, 167.8, 168.4, 167.9, 167.8, 168.4, 167.8, 167.9, 168.5, 167.9, 168.5, 168.4, 168.5, 167.3, 167.9, 167.9, 168.4, 168.5, 167.9, 168.4, 168.5, 169.1, 167.9, 167.9, 169.2, 169.2, 169.9, 168.5, 168.6, 168.5, 168.4, 168.5, 169.2, 169.2, 168.5, 168.5, 169.7, 169.2, 169.2, 169.2, 169.2, 169.3, 168.4, 169.3, 169.3, 169.3, 169.9, 170.5, 169.9, 169.9]"
13,"[171.4, 171.2, 170.5, 170.4, 171.0, 170.4, 169.7, 169.4, 169.9, 170.0, 168.8, 168.8, 169.4, 169.4, 169.4, 169.4, 168.7, 169.4, 169.4, 168.7, 168.8, 168.7, 169.4, 169.4, 169.4, 168.7, 168.7, 168.7, 168.7, 168.7, 168.7, 169.4, 168.7, 170.0, 169.4, 168.7, 168.8, 170.1, 169.3, 169.4, 168.7, 170.0, 168.7, 169.4, 169.4, 169.4, 168.7, 168.7, 168.1, 168.7, 169.4, 169.4, 168.7, 168.7, 169.5, 169.5, 168.7, 168.7, 168.7, 170.1, 169.4, 169.5, 169.4, 169.4, 169.4, 170.1, 168.7, 169.4, 169.4, 168.7, 169.4, 169.4, 170.0, 169.4, 170.0, 169.5, 168.7, 168.7, 170.0, 168.7, 169.4, 169.4, 169.4, 170.1, 169.5, 169.5, 169.4, 169.4, 169.4, 168.7, 168.7, 169.4, 168.7, 169.4, 169.4, 169.4, 168.7, 168.7, 168.8, 168.7, 168.7, 168.7, 168.7, 168.8, 168.7, 168.7, 169.4, 169.4, 168.1, 168.7, 168.7, 168.7, 168.7, 168.7, 169.4, 168.7, 168.1, 168.1, 169.4, 169.4, 168.1, 168.7, 169.4, 170.1, 171.3, 171.4, 171.9, 172.6, 172.6, 172.0, 171.9, 171.9, 171.4, 170.2, 170.8, 170.7, 170.1, 170.1, 169.5, 169.5, 169.4, 170.1, 168.8, 168.2, 168.7, 168.7, 168.8, 168.7, 169.3, 169.4, 168.7, 168.1, 169.4, 169.4, 168.6, 168.7, 168.1, 168.7, 168.7, 168.7, 168.1, 168.0, 168.1, 168.0, 167.4, 168.0, 168.6, 168.0, 168.0, 167.5, 168.0, 168.1, 167.5, 166.8, 167.4, 166.8, 166.8, 166.8, 167.4, 167.4, 166.6, 166.8, 167.3, 166.6, 166.6, 166.8, 166.0, 166.0, 166.0, 166.0, 166.6, 166.5, 165.9, 165.9, 166.8, 166.5, 166.6, 166.1, 166.0, 165.4, 164.8, 164.6, 166.0, 166.1, 166.6, 166.0, 165.4, 166.0, 166.6, 166.0, 166.8, 166.0, 166.0, 166.6, 165.3, 165.3, 166.6, 167.3, 167.3, 166.0, 166.8, 166.6, 164.6, 165.9, 167.1, 167.0, 167.9, 169.1, 169.7, 170.4, 169.1, 168.3, 167.7, 168.4, 167.8, 168.4, 168.3, 167.7, 168.4, 167.7, 168.3, 168.4, 168.4, 168.5, 167.8, 167.7, 168.3, 168.3, 168.3, 167.7, 167.7, 167.0, 168.3, 169.1, 169.8, 169.9, 169.3, 170.5, 170.5, 169.1, 168.3, 167.8, 169.1, 169.2, 169.7, 169.6, 169.0, 169.2, 169.2, 169.1, 169.2, 169.0, 168.3, 168.3, 168.3, 169.0, 169.7, 169.9, 169.1, 169.8, 170.4, 169.9, 170.5, 169.8, 169.8, 171.2, 170.4, 169.9, 170.4, 170.6, 171.1, 170.5, 169.8, 169.9, 169.8, 169.2, 169.1, 169.7, 170.3, 170.4, 170.3, 170.3, 171.0, 169.7, 169.1, 169.7, 168.3, 169.1, 170.5, 170.6, 170.5, 171.2, 171.2, 170.6, 170.6, 170.5, 170.0, 171.1, 170.5, 171.9, 171.9, 169.8, 170.5, 170.6, 170.0, 170.5, 169.9, 170.5, 168.3, 168.3, 169.1, 170.4, 169.1, 168.4, 169.0, 169.0, 167.7, 169.1, 170.4, 169.8, 170.5, 171.2, 171.9, 171.2, 171.8, 170.4, 170.5, 171.2, 171.2, 171.2, 171.9, 171.2, 171.1, 171.8, 171.1, 171.1, 171.2, 170.6, 171.2, 170.5, 171.2, 171.2, 171.3, 170.6, 171.2, 170.6, 169.9, 169.8, 167.7, 167.7, 168.4, 168.2, 168.3, 167.5, 168.4, 167.7, 167.1, 167.5, 168.4, 168.3, 168.5, 167.8, 169.0, 169.0, 169.2, 170.5, 169.8, 169.8, 169.7, 169.8, 169.9, 170.5, 170.4, 169.8, 169.8, 170.4, 170.4, 170.4, 170.5, 169.8, 170.3, 169.8, 169.8, 170.5, 170.5, 170.6, 169.9, 169.7, 169.7, 169.2, 170.5, 169.9, 169.9, 169.8, 169.8, 169.2, 169.2, 170.5, 169.8, 169.9, 169.8, 169.2, 170.4, 170.4, 169.8, 169.2, 171.2, 169.9, 169.8, 169.1, 170.4, 169.1, 169.1, 169.1, 169.2, 168.4, 169.1, 169.2, 169.2, 169.1, 168.4, 169.8, 169.7, 169.2, 169.3, 169.3, 169.2, 169.2, 169.9, 169.8, 169.2, 169.3, 168.6, 168.5, 169.3, 168.5, 168.6, 167.3, 168.5, 167.9, 167.9, 168.6, 167.9, 168.0, 167.9, 168.6, 167.9, 168.5, 168.6, 168.0, 168.5, 167.9, 169.2, 168.6, 169.3, 169.2, 168.6, 168.6, 169.3, 169.3, 169.2, 169.3, 167.9, 168.6, 168.6, 169.3, 169.4, 169.3, 169.3, 168.6, 168.5, 168.5, 168.5, 168.4, 169.2, 168.6, 169.3, 169.3, 170.0, 169.3, 169.3, 169.4, 169.9, 170.0, 168.6, 170.0, 169.3, 169.3, 169.3, 168.7, 169.4, 170.0, 170.0, 169.2, 169.8, 169.9, 170.6, 170.5, 170.7, 170.6, 169.3, 169.3, 169.3, 169.3, 169.3, 169.3, 169.9, 169.9, 170.0, 170.0, 169.3, 168.6, 169.9, 170.0, 170.5, 170.5, 169.2, 169.9, 169.9, 169.3, 169.3, 169.9, 170.0, 169.3, 170.0, 169.4, 169.3, 169.3, 169.2, 169.8, 169.2, 169.2, 169.8, 169.9, 169.9, 169.9, 169.3, 170.5, 169.3, 170.6, 169.9, 170.0, 171.3, 170.0, 170.6, 170.6, 169.8, 170.5, 169.9, 170.5, 170.6, 169.3, 169.9, 170.5, 169.9, 170.6, 170.5, 170.6, 170.5, 170.0, 170.5, 170.5, 169.9, 170.6, 169.9, 170.5, 169.9, 171.9, 172.6, 172.6, 172.6, 171.9, 172.5, 171.9, 172.6, 173.2, 172.6, 173.2, 173.2, 173.2]"
13,"[173.9, 175.1, 174.4, 175.0, 173.8, 173.7, 173.8, 172.6, 173.2, 172.7, 173.3, 172.7, 172.7, 172.7, 172.7, 173.3, 172.1, 173.3, 172.7, 173.3, 173.3, 173.3, 173.3, 173.3, 172.7, 173.3, 173.3, 172.7, 172.7, 172.8, 172.7, 172.7, 172.7, 173.3, 172.7, 172.7, 173.3, 172.7, 173.3, 172.7, 173.4, 173.3, 174.0, 173.9, 174.0, 173.3, 173.3, 172.8, 173.4, 173.9, 173.3, 173.3, 172.7, 173.3, 172.7, 172.7, 173.3, 172.7, 173.3, 172.1, 173.3, 173.3, 173.3, 173.3, 173.3, 173.3, 173.3, 173.9, 172.7, 173.3, 172.7, 172.7, 172.0, 171.5, 171.5, 170.8, 171.5, 173.3, 172.7, 172.7, 173.3, 173.3, 173.3, 174.0, 173.3, 173.9, 172.7, 173.4, 172.7, 172.7, 173.3, 173.3, 173.4, 173.9, 172.7, 172.7, 172.7, 173.3, 172.7, 172.7, 172.1, 172.1, 171.5, 172.1, 172.7, 172.1, 172.1, 172.7, 172.2, 172.1, 172.1, 172.1, 171.5, 171.5, 172.1, 172.7, 172.1, 171.5, 172.7, 171.4, 171.5, 172.1, 171.5, 172.1, 172.7, 172.1, 172.7, 172.7, 172.7, 172.7, 173.3, 173.3, 172.7, 173.3, 172.7, 172.7, 172.7, 172.7, 172.0, 171.4, 171.4, 170.2, 171.3, 170.1, 170.2, 170.2, 170.2, 170.8, 170.8, 170.2, 170.7, 170.8, 171.4, 170.8, 170.7, 170.0, 170.0, 168.8, 170.1, 169.5, 170.0, 170.6, 170.1, 168.6, 169.4, 168.8, 168.6, 169.4, 169.5, 168.8, 169.5, 168.7, 168.6, 169.3, 169.4, 168.7, 168.6, 168.1, 168.8, 168.6, 168.7, 169.5, 168.5, 168.1, 168.0, 168.7, 169.4, 168.7, 168.6, 168.6, 168.0, 168.6, 169.4, 168.7, 169.4, 168.6, 168.7, 169.4, 168.6, 168.7, 169.3, 168.6, 168.0, 168.7, 168.6, 168.6, 169.4, 168.6, 169.3, 169.4, 169.4, 168.6, 169.4, 168.7, 168.6, 169.4, 169.3, 168.6, 169.4, 169.3, 168.6, 169.4, 169.4, 168.0, 168.6, 168.6, 168.7, 168.6, 168.6, 168.5, 168.6, 169.9, 169.4, 169.3, 168.6, 168.0, 168.1, 167.9, 169.3, 169.3, 169.3, 170.0, 169.3, 169.3, 169.3, 169.3, 170.0, 168.6, 168.6, 167.4, 168.0, 168.0, 167.9, 168.6, 168.6, 169.3, 169.3, 169.3, 169.3, 169.8, 169.3, 169.9, 169.3, 170.0, 168.6, 168.7, 168.6, 168.7, 169.4, 169.4, 168.6, 169.3, 170.0, 170.1, 170.0, 170.0, 169.9, 170.0, 170.6, 171.2, 171.3, 170.6, 169.9, 169.9, 169.3, 169.3, 170.0, 171.2, 171.2, 170.6, 171.2, 170.5, 171.2, 171.9, 171.2, 171.8, 171.8, 171.8, 171.9, 171.2, 171.1, 170.5, 171.2, 170.5, 170.7, 171.2, 171.2, 171.8, 171.2, 171.9, 171.8, 171.9, 171.9, 171.9, 171.2, 171.9, 171.9, 171.9, 171.9, 171.9, 173.1, 172.6, 172.5, 172.5, 171.9, 172.5, 173.2, 172.5, 172.5, 171.8, 171.8, 171.2, 171.9, 172.4, 171.9, 173.1, 171.8, 172.6, 172.5, 171.9, 172.5, 173.2, 172.6, 172.4, 173.1, 173.2, 172.5, 172.5, 172.5, 172.5, 172.6, 172.4, 172.5, 172.5, 172.5, 173.2, 173.1, 173.2, 173.8, 173.2, 173.2, 172.5, 170.5, 172.6, 174.4, 176.3, 176.3, 176.9, 175.1, 175.0, 175.7, 174.4, 173.8, 173.1, 171.9, 170.4, 170.4, 171.1, 171.2, 171.8, 171.2, 170.5, 171.2, 170.5, 171.2, 171.9, 171.8, 171.2, 171.2, 171.8, 171.8, 171.9, 171.2, 171.2, 171.2, 171.2, 171.2, 170.5, 170.4, 171.2, 170.5, 172.4, 171.2, 171.9, 171.9, 170.6, 171.9, 171.2, 171.9, 172.5, 171.9, 172.4, 171.9, 171.8, 172.5, 172.5, 171.9, 171.2, 171.9, 173.2, 171.9, 172.4, 173.1, 171.9, 173.1, 171.9, 171.9, 172.5, 171.9, 171.9, 171.9, 171.9, 171.3, 171.9, 170.6, 170.7, 170.6, 171.2, 170.7, 170.7, 170.7, 171.2, 170.0, 170.6, 170.0, 170.0, 170.7, 170.0, 170.6, 171.3, 170.6, 170.6, 171.9, 171.3, 170.6, 170.6, 170.6, 170.6, 170.6, 170.7, 170.1, 170.7, 170.0, 169.4, 170.6, 170.6, 170.6, 171.2, 170.7, 171.2, 170.7, 171.3, 170.6, 170.1, 170.6, 170.6, 168.6, 168.4, 170.5, 170.5, 170.6, 171.2, 171.2, 170.6, 171.2, 171.9, 170.5, 170.7, 170.7, 170.6, 171.3, 170.6, 171.3, 171.9, 170.6, 171.2, 171.2, 171.9, 171.4, 171.3, 171.3, 171.2, 171.3, 170.6, 170.7, 171.2, 170.6, 170.7, 171.2, 170.6, 171.3, 171.3, 170.6, 171.3, 170.6, 170.0, 170.6, 170.7, 170.7, 170.6, 171.3, 170.7, 170.6, 170.0, 171.2, 171.2, 170.7, 171.3, 171.3, 170.6, 171.2, 170.6, 170.7, 171.2, 170.6, 171.9, 171.3, 171.3, 171.9, 172.6, 172.6, 172.0, 172.6, 172.6, 172.5, 171.9, 171.9, 171.9, 172.6, 172.6, 172.6, 171.9, 171.9, 172.5, 172.6, 171.9, 172.5, 171.8, 172.6, 171.9, 172.6, 172.6, 172.5, 171.9, 172.6, 172.5, 172.6, 173.2, 172.6, 172.6, 172.6, 172.5, 172.5, 173.2, 173.2, 172.6, 173.2, 171.9, 173.2, 171.9, 171.9, 171.9, 171.9, 171.9, 171.9, 173.2, 173.2, 171.9, 172.5, 173.2, 173.2, 173.2, 173.2, 173.1, 173.2, 173.8, 172.6, 172.6, 172.6, 173.2]"
13,"[173.2, 173.8, 173.1, 174.4, 175.0, 173.8, 172.6, 172.1, 172.7, 172.7, 171.5, 172.7, 172.8, 171.5, 173.4, 173.3, 172.2, 172.1, 172.1, 172.7, 171.5, 172.1, 171.5, 172.2, 172.1, 172.1, 171.5, 171.5, 171.6, 172.7, 172.1, 172.1, 172.2, 172.7, 172.7, 172.2, 172.1, 172.7, 172.0, 172.0, 171.5, 172.1, 172.1, 172.1, 172.1, 172.1, 172.7, 172.8, 172.1, 172.1, 172.8, 172.2, 172.1, 171.5, 172.2, 172.7, 172.7, 172.8, 172.7, 172.7, 172.7, 172.8, 172.3, 172.2, 172.2, 171.7, 172.8, 172.2, 172.7, 172.7, 172.7, 172.1, 172.8, 172.8, 172.1, 172.7, 172.1, 172.8, 172.7, 172.7, 172.7, 172.1, 173.4, 172.8, 172.7, 172.2, 173.3, 173.3, 174.5, 178.2, 177.6, 177.6, 177.6, 177.6, 178.2, 178.2, 177.6, 178.2, 178.2, 178.2, 178.2, 178.2, 178.2, 178.2, 178.2, 178.2, 177.0, 177.6, 178.2, 178.2, 178.2, 177.0, 178.2, 178.2, 178.2, 177.0, 177.6, 176.4, 177.6, 177.0, 177.0, 177.6, 177.6, 177.0, 178.2, 177.6, 178.2, 178.2, 177.6, 175.7, 175.7, 175.1, 175.1, 175.1, 174.5, 173.2, 173.2, 171.9, 171.3, 171.2, 171.2, 170.6, 171.3, 171.3, 170.1, 170.8, 170.7, 169.4, 170.0, 171.4, 170.7, 171.4, 170.1, 169.3, 169.3, 169.3, 168.6, 169.4, 171.2, 170.7, 170.0, 169.9, 170.0, 169.4, 170.6, 170.0, 169.3, 169.4, 169.9, 169.3, 168.6, 169.4, 170.0, 169.9, 170.0, 170.5, 169.4, 169.3, 168.0, 169.4, 168.0, 168.0, 167.9, 166.6, 167.3, 166.4, 166.4, 167.8, 168.4, 168.4, 167.8, 167.7, 169.2, 167.8, 168.4, 167.8, 167.7, 167.7, 167.5, 167.7, 167.7, 167.0, 167.0, 168.3, 167.7, 168.4, 167.5, 167.7, 167.7, 166.9, 167.5, 168.3, 167.7, 167.8, 167.8, 167.8, 168.3, 168.4, 169.2, 169.2, 169.1, 169.1, 169.8, 169.2, 169.2, 168.5, 169.2, 167.8, 168.4, 169.0, 170.3, 169.7, 169.6, 170.3, 169.7, 169.8, 170.4, 169.7, 169.7, 169.6, 169.6, 168.4, 169.7, 169.1, 169.1, 169.2, 170.4, 170.4, 171.1, 171.1, 171.2, 171.7, 171.2, 171.2, 171.2, 171.9, 171.2, 171.2, 170.6, 170.5, 169.9, 171.2, 171.8, 171.9, 171.9, 171.8, 171.9, 171.8, 172.5, 171.9, 171.9, 172.5, 172.5, 172.5, 171.9, 173.2, 173.1, 172.5, 172.5, 173.1, 173.1, 173.8, 173.2, 172.6, 172.5, 173.2, 173.1, 173.2, 173.8, 173.1, 173.1, 172.5, 172.5, 172.5, 172.5, 171.8, 171.2, 172.5, 173.1, 172.5, 172.5, 172.4, 173.1, 172.6, 172.6, 172.5, 172.6, 171.9, 172.6, 172.5, 171.9, 172.5, 172.4, 173.8, 174.4, 173.8, 173.1, 173.1, 173.8, 173.1, 173.1, 173.1, 173.7, 173.1, 173.1, 173.7, 173.7, 173.1, 173.7, 173.0, 173.0, 174.3, 172.4, 171.7, 173.1, 175.7, 176.3, 175.7, 175.7, 174.4, 175.1, 174.4, 174.4, 174.4, 175.1, 173.8, 173.8, 173.8, 173.8, 173.8, 173.8, 173.1, 175.7, 175.0, 175.0, 175.7, 174.4, 173.8, 173.7, 173.8, 173.8, 173.1, 173.1, 173.1, 173.7, 174.3, 173.7, 173.8, 173.1, 173.1, 175.0, 174.3, 175.0, 174.4, 174.4, 173.8, 172.6, 173.8, 174.4, 175.0, 175.1, 175.7, 175.7, 176.3, 175.7, 175.7, 175.7, 176.3, 175.0, 176.3, 175.7, 175.0, 175.7, 175.1, 175.7, 174.4, 175.0, 175.1, 175.1, 175.1, 176.3, 175.7, 175.7, 175.7, 176.9, 175.1, 175.7, 175.1, 176.3, 175.1, 174.4, 175.0, 173.7, 174.4, 174.4, 174.5, 175.7, 175.1, 175.1, 173.8, 174.4, 173.1, 173.8, 172.6, 172.5, 173.1, 173.8, 173.8, 173.2, 173.1, 173.2, 172.6, 171.9, 171.2, 170.7, 171.2, 171.9, 171.2, 172.6, 171.9, 171.9, 172.6, 171.9, 172.6, 172.7, 171.9, 171.9, 171.2, 171.9, 173.2, 173.2, 174.5, 173.8, 174.5, 172.6, 173.2, 173.8, 173.2, 173.2, 173.1, 173.8, 173.2, 173.8, 173.2, 173.8, 173.8, 173.8, 172.6, 173.2, 171.9, 172.6, 173.2, 173.2, 172.5, 173.2, 173.8, 173.2, 172.6, 173.2, 172.5, 173.2, 173.2, 172.6, 172.5, 172.6, 173.2, 173.2, 173.1, 173.2, 173.1, 173.8, 173.8, 173.8, 173.8, 173.8, 173.2, 173.1, 173.2, 173.8, 173.2, 173.2, 173.8, 173.2, 173.1, 173.8, 173.2, 173.8, 173.2, 173.8, 173.2, 174.4, 173.8, 173.8, 174.5, 175.7, 175.1, 175.7, 175.1, 175.7, 175.1, 175.7, 175.7, 176.3, 175.1, 175.7, 177.0, 177.0, 177.6, 178.2, 178.2, 178.2, 177.6, 177.6, 178.2, 177.6, 177.0, 177.6, 176.4, 177.6, 176.4, 177.0, 177.0, 176.4, 175.8, 176.4, 177.0, 178.2, 175.8, 176.4, 176.4, 176.4, 176.4, 176.4, 177.0, 176.4, 176.4, 177.0, 177.0, 176.4, 177.6, 176.4, 177.0, 176.4, 176.4, 177.6, 177.0, 177.0, 177.6, 177.0, 177.0, 178.2, 178.2, 177.6, 178.2, 177.6, 178.2, 177.6, 177.6, 177.6, 175.8, 175.8, 175.8, 175.8, 175.8, 175.2, 175.8, 175.2, 175.2, 175.8, 175.8, 176.4, 177.0, 175.8, 177.0, 176.4, 176.4, 177.0, 177.6, 177.6, 177.6]"
13,"[173.8, 173.2, 172.6, 173.0, 173.7, 171.8, 171.9, 171.3, 171.9, 171.3, 170.2, 170.8, 172.1, 171.5, 170.8, 170.2, 170.8, 170.2, 170.8, 170.2, 170.2, 170.8, 170.8, 170.8, 170.2, 170.2, 170.8, 170.8, 170.8, 171.5, 171.5, 171.5, 170.8, 170.2, 170.9, 170.8, 170.8, 170.8, 170.8, 170.8, 170.8, 170.8, 170.8, 170.8, 170.8, 170.8, 170.2, 171.5, 170.2, 170.8, 170.8, 170.1, 170.2, 170.8, 170.8, 170.8, 170.8, 171.5, 170.8, 171.5, 170.8, 170.8, 170.8, 170.2, 170.8, 170.8, 170.8, 170.8, 170.8, 170.8, 170.8, 170.2, 170.9, 170.8, 170.8, 170.8, 170.8, 170.8, 170.2, 170.8, 171.5, 170.8, 170.8, 171.4, 170.8, 170.8, 171.5, 170.8, 170.8, 170.2, 170.8, 169.5, 170.3, 170.8, 170.8, 170.8, 170.8, 170.8, 171.5, 170.8, 171.5, 170.8, 171.4, 170.2, 170.8, 170.2, 170.8, 170.8, 170.8, 170.8, 170.8, 170.9, 170.8, 170.8, 170.8, 170.8, 170.2, 170.8, 171.5, 170.8, 170.8, 170.8, 171.5, 170.8, 171.4, 170.8, 171.5, 172.7, 172.6, 172.1, 172.1, 172.1, 172.1, 171.5, 171.4, 171.5, 170.7, 171.5, 172.0, 171.4, 170.8, 170.8, 170.7, 170.8, 171.4, 172.1, 171.3, 172.0, 170.8, 171.4, 171.3, 170.8, 170.2, 170.1, 170.1, 170.1, 170.2, 170.0, 170.2, 170.1, 170.1, 170.1, 169.4, 170.2, 169.5, 169.5, 168.1, 169.4, 170.1, 170.0, 168.7, 169.3, 169.5, 168.7, 170.2, 169.9, 170.1, 168.7, 168.7, 170.0, 169.4, 169.4, 169.4, 169.5, 168.7, 168.7, 168.7, 169.4, 170.0, 169.4, 168.1, 169.3, 169.4, 168.7, 169.4, 169.4, 169.4, 169.4, 168.7, 168.7, 168.7, 168.6, 168.7, 168.8, 168.0, 168.7, 168.6, 168.0, 168.1, 168.8, 168.7, 168.7, 168.0, 168.7, 168.7, 168.0, 168.7, 168.7, 168.1, 168.0, 168.1, 168.6, 168.7, 168.0, 168.7, 168.1, 168.8, 168.1, 168.1, 168.7, 168.6, 168.6, 167.4, 168.0, 168.7, 168.7, 168.1, 169.4, 168.7, 168.6, 168.1, 168.6, 168.6, 168.7, 168.6, 169.4, 168.7, 169.4, 169.4, 169.5, 170.0, 168.7, 168.7, 168.6, 168.7, 168.6, 169.4, 168.7, 170.1, 168.7, 169.4, 169.4, 170.0, 169.3, 170.0, 170.1, 168.9, 170.0, 169.4, 168.7, 169.3, 169.5, 170.7, 170.1, 170.7, 170.1, 170.7, 170.7, 170.7, 171.3, 170.1, 171.3, 170.7, 170.8, 171.4, 170.1, 170.7, 170.0, 171.3, 171.4, 170.7, 170.7, 170.6, 171.3, 170.2, 170.7, 171.3, 171.3, 171.2, 170.7, 172.0, 171.3, 172.6, 172.0, 170.7, 171.4, 171.3, 170.7, 171.3, 172.6, 172.6, 172.6, 172.6, 172.6, 171.9, 173.2, 173.2, 172.6, 171.9, 172.5, 173.2, 172.6, 172.6, 173.2, 173.8, 173.2, 172.6, 173.2, 171.9, 172.6, 171.9, 172.6, 172.6, 172.6, 172.0, 173.2, 172.6, 172.6, 172.6, 173.2, 173.2, 173.2, 173.1, 171.9, 172.5, 172.5, 172.5, 171.9, 172.6, 173.2, 172.6, 171.9, 172.5, 171.8, 171.9, 171.9, 172.6, 171.9, 172.5, 171.9, 172.6, 172.6, 172.5, 172.5, 171.9, 171.3, 171.2, 171.2, 171.9, 171.2, 171.9, 172.6, 171.9, 171.2, 171.2, 171.9, 171.9, 171.2, 173.1, 171.9, 172.6, 172.5, 171.9, 171.9, 171.9, 172.5, 172.5, 171.9, 172.5, 172.5, 172.5, 173.1, 175.1, 176.4, 178.2, 177.0, 176.4, 177.0, 177.0, 177.0, 177.6, 178.2, 177.6, 177.6, 178.2, 176.4, 176.4, 177.6, 178.2, 177.6, 177.6, 177.6, 177.0, 176.4, 175.7, 176.4, 176.4, 175.7, 175.7, 175.1, 175.1, 174.5, 175.1, 173.8, 175.1, 175.7, 173.8, 173.8, 174.4, 173.8, 173.2, 173.1, 171.9, 171.2, 171.9, 171.9, 171.9, 171.9, 171.9, 172.6, 173.1, 171.9, 170.5, 171.2, 171.2, 172.5, 172.5, 171.9, 171.9, 171.2, 171.2, 171.2, 171.2, 171.8, 171.9, 171.8, 171.9, 171.8, 171.9, 171.2, 171.2, 171.2, 172.5, 173.2, 171.8, 171.9, 171.9, 171.2, 171.2, 172.5, 171.2, 171.2, 171.9, 171.2, 171.2, 171.2, 171.9, 170.5, 170.6, 170.6, 171.2, 171.3, 170.7, 170.0, 170.7, 171.2, 170.0, 170.6, 171.3, 171.3, 171.2, 171.3, 171.4, 170.7, 170.7, 170.6, 171.9, 171.3, 171.4, 171.4, 172.0, 171.3, 170.6, 171.4, 171.4, 172.0, 171.4, 172.0, 172.0, 171.4, 171.4, 170.7, 171.3, 170.7, 170.8, 171.3, 171.4, 171.3, 170.5, 169.3, 170.5, 169.4, 169.3, 169.9, 170.6, 170.5, 169.9, 170.5, 169.9, 170.0, 170.6, 170.0, 170.6, 170.5, 171.3, 171.2, 171.2, 171.2, 170.7, 170.6, 170.4, 170.6, 171.3, 170.7, 170.6, 170.6, 171.2, 170.6, 171.3, 170.7, 171.3, 170.6, 170.7, 170.6, 171.3, 170.6, 171.3, 171.2, 171.2, 170.7, 170.1, 171.2, 171.2, 171.3, 171.3, 171.9, 171.9, 171.2, 170.6, 171.2, 171.9, 171.2, 171.9, 171.2, 171.2, 171.9, 171.9, 171.9, 171.9, 171.3, 171.3, 171.3, 171.2, 171.2, 171.2, 171.2, 171.9, 171.9, 170.6, 171.9, 171.9, 171.2, 172.6, 171.9, 172.6, 172.6, 171.3, 171.9, 171.9, 172.6]"
13,"[175.8, 175.8, 176.4, 176.9, 176.9, 176.3, 177.0, 176.4, 175.8, 177.0, 175.8, 176.4, 175.8, 176.4, 176.4, 175.2, 176.4, 175.8, 175.8, 175.8, 176.4, 177.0, 175.8, 176.4, 175.8, 177.0, 175.8, 175.2, 175.8, 177.0, 175.8, 175.8, 176.4, 176.4, 176.4, 176.4, 176.4, 175.8, 175.2, 175.2, 177.0, 176.4, 175.2, 176.4, 175.8, 175.8, 175.8, 176.4, 175.8, 176.4, 177.0, 175.8, 176.4, 176.4, 175.8, 175.8, 176.4, 176.4, 176.4, 176.4, 176.4, 176.4, 176.4, 177.0, 177.0, 175.8, 175.8, 176.4, 175.8, 176.4, 176.4, 175.8, 176.4, 176.4, 176.4, 176.4, 177.0, 176.4, 177.6, 176.4, 177.0, 177.6, 177.0, 176.4, 176.4, 176.4, 176.4, 175.8, 176.4, 176.4, 176.4, 176.4, 177.0, 176.4, 176.4, 177.0, 177.0, 177.0, 177.0, 177.0, 177.0, 177.0, 177.0, 177.0, 177.0, 178.2, 177.0, 177.0, 177.6, 177.6, 177.6, 177.0, 177.0, 176.4, 176.4, 177.0, 177.0, 177.0, 177.6, 178.2, 177.0, 176.4, 177.0, 177.6, 178.2, 177.6, 177.6, 176.4, 175.8, 174.6, 175.2, 175.8, 176.4, 177.0, 177.0, 177.6, 176.4, 177.6, 177.0, 178.2, 178.2, 177.6, 178.2, 178.2, 177.0, 178.2, 178.2, 177.6, 177.6, 176.4, 175.8, 175.8, 176.4, 176.4, 175.8, 175.8, 175.8, 175.8, 176.4, 175.2, 175.8, 174.5, 174.5, 174.5, 174.5, 174.5, 174.5, 173.9, 173.9, 174.5, 173.9, 173.9, 173.3, 173.2, 173.8, 172.6, 173.2, 173.2, 173.2, 173.9, 173.2, 173.9, 173.3, 173.2, 173.8, 173.3, 173.2, 173.3, 173.8, 173.2, 173.2, 174.5, 173.3, 173.2, 173.8, 172.7, 172.6, 172.6, 172.6, 172.6, 172.6, 173.2, 172.6, 172.6, 172.6, 173.9, 173.3, 173.8, 173.3, 172.6, 173.9, 173.9, 171.9, 172.1, 172.7, 172.6, 172.0, 173.3, 172.6, 172.6, 172.6, 172.6, 173.3, 173.2, 173.3, 173.2, 173.9, 173.2, 173.2, 173.2, 173.9, 173.2, 173.2, 173.2, 173.2, 173.3, 173.2, 173.2, 173.9, 173.9, 174.5, 174.5, 174.5, 174.5, 174.5, 174.5, 173.9, 174.5, 173.9, 173.8, 173.9, 174.5, 173.8, 173.9, 173.8, 173.9, 173.9, 173.3, 172.6, 173.3, 173.8, 172.6, 173.3, 173.3, 172.6, 172.6, 172.7, 172.0, 171.9, 172.0, 173.3, 172.7, 173.3, 173.9, 173.3, 173.3, 173.8, 173.3, 173.8, 173.8, 173.3, 173.3, 173.2, 173.2, 173.9, 173.3, 173.3, 173.3, 173.3, 173.3, 173.3, 173.9, 173.3, 173.9, 173.9, 173.9, 173.3, 173.8, 173.3, 174.5, 172.7, 173.3, 172.6, 173.3, 173.3, 173.9, 173.3, 173.3, 173.2, 173.3, 172.1, 172.7, 173.3, 172.7, 173.3, 173.3, 173.9, 173.9, 173.3, 172.7, 173.3, 172.6, 173.3, 172.1, 172.0, 173.9, 172.1, 173.3, 172.6, 173.8, 173.9, 173.3, 173.3, 172.7, 173.2, 172.7, 173.2, 172.7, 172.7, 172.7, 172.7, 172.6, 172.0, 172.1, 171.4, 172.1, 172.6, 172.6, 172.6, 172.0, 172.0, 172.0, 172.6, 172.1, 172.6, 172.0, 172.6, 172.0, 172.0, 171.4, 172.0, 172.0, 172.6, 172.0, 171.3, 172.6, 172.0, 171.3, 171.9, 171.4, 172.0, 172.6, 173.2, 173.2, 173.2, 172.6, 172.6, 173.2, 172.6, 172.6, 173.2, 172.6, 172.6, 171.9, 172.6, 172.6, 173.2, 173.8, 173.2, 173.2, 172.6, 173.2, 173.2, 172.6, 173.2, 173.9, 173.2, 173.8, 173.2, 172.6, 173.2, 173.2, 172.6, 173.2, 172.6, 173.2, 173.2, 172.6, 173.8, 173.8, 173.8, 173.2, 173.2, 172.6, 172.6, 172.6, 173.2, 173.8, 173.2, 173.2, 173.2, 173.8, 173.9, 173.8, 173.8, 173.8, 173.2, 171.9, 172.6, 173.2, 174.5, 174.5, 174.5, 175.1, 173.2, 173.2, 173.9, 173.8, 173.9, 173.8, 173.8, 173.2, 173.8, 173.2, 173.8, 173.2, 173.8, 173.2, 174.5, 174.5, 173.8, 174.5, 174.5, 174.5, 172.6, 172.6, 172.6, 173.2, 173.2, 172.6, 173.2, 173.8, 173.2, 173.2, 172.6, 173.2, 173.8, 173.2, 173.2, 173.2, 172.6, 172.6, 173.3, 173.2, 173.2, 173.8, 173.2, 173.8, 173.8, 173.8, 173.2, 173.2, 173.2, 173.8, 173.2, 173.2, 173.8, 173.2, 173.2, 173.9, 173.2, 174.5, 173.2, 173.8, 173.8, 173.2, 173.8, 174.5, 173.8, 173.8, 174.5, 173.8, 174.5, 173.9, 175.1, 175.1, 175.8, 174.5, 175.7, 174.5, 174.5, 175.1, 176.4, 178.2, 177.6, 177.6, 177.0, 177.0, 177.0, 177.0, 178.2, 177.0, 175.7, 175.7, 175.7, 176.4, 175.1, 175.7, 175.1, 175.7, 175.7, 175.1, 175.1, 174.5, 176.4, 175.7, 175.7, 175.8, 175.8, 176.4, 175.7, 175.1, 175.1, 175.1, 174.5, 173.8, 175.1, 173.8, 174.5, 175.1, 175.1, 174.5, 173.8, 173.9, 174.5, 174.5, 174.5, 174.5, 173.8, 175.1, 174.4, 175.1, 175.1, 175.1, 175.7, 176.4, 176.3, 177.0, 177.6, 177.0, 177.6, 177.0, 177.0, 176.4, 176.4, 175.7, 176.4, 177.0, 175.7, 176.4, 177.0, 177.0, 176.4, 176.4, 176.4, 175.7, 176.4, 177.0, 177.0, 177.0, 177.0, 176.4, 177.0, 177.0, 177.0, 176.4, 176.3, 177.0, 177.0, 176.4]"
13,"[175.2, 176.3, 175.1, 176.3, 177.0, 177.0, 176.3, 175.7, 175.2, 175.8, 175.8, 175.8, 176.4, 175.2, 175.8, 175.8, 175.8, 175.8, 175.2, 175.8, 175.8, 175.2, 175.8, 174.6, 175.2, 175.8, 175.2, 175.8, 175.8, 175.2, 175.8, 174.6, 174.6, 175.8, 175.8, 175.2, 175.8, 175.8, 175.8, 175.8, 175.8, 175.2, 175.8, 176.4, 175.8, 175.8, 175.8, 175.8, 175.2, 175.8, 176.4, 175.8, 175.2, 175.2, 175.8, 176.4, 175.8, 175.2, 175.2, 175.2, 175.8, 175.2, 175.2, 175.2, 175.2, 175.8, 175.2, 175.2, 175.2, 175.8, 175.8, 174.6, 175.2, 174.6, 175.2, 175.2, 175.2, 175.2, 175.2, 175.8, 175.2, 175.2, 174.6, 174.6, 174.6, 174.6, 174.6, 175.2, 173.9, 175.2, 175.2, 175.2, 174.7, 174.6, 174.6, 174.6, 174.0, 174.6, 173.9, 173.4, 172.7, 173.3, 172.7, 172.7, 173.3, 173.4, 173.4, 173.3, 173.4, 173.4, 173.4, 173.9, 173.3, 172.7, 174.0, 173.4, 172.8, 173.3, 173.3, 173.4, 172.7, 173.4, 173.9, 173.3, 174.6, 174.5, 175.2, 175.8, 176.4, 176.4, 177.6, 177.6, 177.0, 175.8, 175.7, 175.2, 173.9, 173.2, 173.8, 173.8, 173.9, 173.2, 173.2, 172.6, 172.6, 172.6, 172.0, 173.2, 173.8, 173.2, 173.2, 172.6, 171.9, 171.4, 171.3, 171.3, 170.7, 170.7, 171.3, 172.0, 172.0, 171.4, 170.7, 171.9, 171.3, 171.9, 171.2, 171.3, 171.2, 171.2, 171.9, 171.3, 172.6, 172.6, 172.6, 171.9, 171.9, 171.3, 172.6, 171.9, 171.2, 171.9, 171.3, 171.9, 171.3, 171.9, 171.4, 171.3, 171.3, 171.3, 171.9, 171.9, 171.3, 170.6, 170.7, 170.5, 171.3, 170.6, 171.3, 171.2, 170.6, 171.9, 170.6, 170.6, 171.3, 170.6, 170.6, 169.4, 170.7, 169.9, 170.0, 170.6, 170.6, 171.2, 170.6, 170.6, 171.2, 170.6, 170.6, 170.6, 170.6, 171.9, 171.2, 171.3, 170.6, 170.6, 171.9, 170.6, 171.9, 171.9, 171.2, 171.3, 171.4, 171.3, 170.7, 171.3, 171.3, 171.3, 171.3, 170.0, 170.7, 171.2, 170.6, 170.7, 170.0, 170.6, 170.6, 170.7, 170.0, 169.9, 170.5, 170.0, 170.0, 169.3, 170.0, 171.4, 170.6, 171.3, 171.2, 170.1, 171.9, 171.9, 171.9, 171.9, 172.0, 171.9, 171.3, 171.2, 171.9, 171.9, 172.5, 173.1, 172.5, 173.8, 172.5, 173.1, 173.1, 173.2, 173.8, 173.8, 173.8, 173.8, 173.2, 173.2, 173.8, 173.8, 173.8, 173.9, 173.2, 173.8, 173.2, 173.2, 173.2, 173.8, 173.8, 173.8, 173.8, 174.5, 174.4, 174.5, 175.1, 174.4, 175.7, 175.1, 175.7, 175.7, 175.7, 176.3, 175.7, 176.4, 175.7, 175.7, 175.1, 175.7, 175.7, 176.3, 175.1, 175.7, 175.7, 175.7, 175.1, 176.3, 175.1, 176.4, 175.1, 175.1, 174.5, 175.1, 174.4, 175.7, 175.7, 175.7, 175.7, 175.1, 175.1, 174.5, 175.1, 174.4, 174.5, 174.4, 175.7, 175.1, 175.7, 174.5, 174.5, 175.1, 175.7, 174.4, 173.8, 174.4, 173.8, 173.2, 173.8, 173.8, 174.4, 173.8, 173.8, 173.8, 173.1, 173.2, 173.8, 173.1, 173.8, 173.8, 172.6, 173.2, 173.1, 173.1, 173.8, 173.2, 173.2, 174.5, 174.4, 175.1, 175.1, 175.1, 173.8, 174.5, 173.8, 173.8, 172.4, 173.1, 175.0, 175.7, 176.3, 176.3, 175.7, 175.7, 175.1, 175.1, 174.4, 174.4, 173.7, 173.0, 173.1, 173.2, 173.1, 172.4, 172.4, 172.4, 172.5, 173.8, 172.5, 172.4, 173.1, 173.1, 174.4, 175.7, 174.4, 174.4, 172.5, 171.8, 171.7, 172.4, 171.9, 171.8, 173.0, 173.1, 173.1, 174.4, 175.1, 175.1, 174.5, 175.1, 175.1, 174.4, 175.1, 174.4, 173.8, 173.2, 172.6, 172.6, 172.6, 172.6, 171.9, 171.9, 172.6, 172.6, 172.0, 172.6, 171.9, 172.0, 172.0, 171.3, 171.3, 171.4, 172.0, 172.0, 172.1, 172.0, 172.0, 171.4, 171.5, 171.4, 171.4, 170.8, 170.1, 170.8, 169.4, 170.0, 169.3, 169.5, 170.1, 169.5, 169.4, 169.3, 168.9, 169.5, 169.4, 169.4, 169.5, 169.5, 169.4, 168.7, 168.8, 168.7, 168.7, 168.7, 169.4, 168.7, 168.7, 168.1, 169.5, 168.6, 169.4, 169.4, 170.1, 169.5, 168.7, 170.8, 169.4, 170.1, 169.5, 169.4, 169.4, 169.5, 170.8, 170.8, 170.2, 170.2, 169.5, 171.5, 170.8, 170.8, 170.8, 170.1, 170.2, 170.8, 170.8, 171.5, 172.0, 170.7, 171.4, 171.4, 170.8, 172.0, 170.8, 171.4, 170.1, 170.6, 170.8, 172.0, 172.6, 172.6, 173.9, 173.2, 173.2, 173.9, 173.9, 172.6, 172.6, 171.4, 171.9, 171.9, 172.6, 171.9, 171.9, 171.9, 171.2, 171.9, 171.3, 171.4, 171.9, 172.0, 172.6, 172.0, 171.9, 172.7, 172.6, 172.0, 172.7, 172.7, 172.7, 172.1, 172.0, 172.6, 172.6, 172.6, 172.6, 171.9, 172.6, 173.9, 173.3, 173.3, 173.3, 173.3, 173.3, 173.2, 173.9, 173.8, 173.2, 173.3, 173.3, 173.9, 172.7, 173.3, 173.3, 172.0, 172.6, 173.3, 173.9, 173.3, 173.9, 174.5, 173.9, 173.3, 173.3, 173.3, 173.9, 173.9, 174.5, 174.5, 173.9, 173.3, 173.9, 173.3, 173.2, 173.9, 173.8, 174.5]"
14,"[172.0, 170.7, 172.0, 171.3, 170.7, 171.3, 171.4, 170.1, 171.4, 171.4, 171.4, 172.0, 172.0, 172.0, 172.6, 171.4, 172.0, 172.6, 172.0, 172.0, 172.6, 172.6, 172.0, 171.4, 171.4, 171.4, 171.4, 170.8, 172.0, 171.4, 170.8, 172.0, 172.0, 170.1, 170.7, 170.8, 171.4, 172.6, 172.6, 172.6, 171.4, 172.0, 172.0, 172.0, 171.4, 171.4, 171.4, 172.0, 172.6, 172.0, 170.2, 172.6, 172.0, 172.0, 172.0, 172.0, 172.0, 171.4, 172.0, 172.0, 171.4, 171.4, 172.0, 172.0, 171.4, 170.2, 170.2, 170.8, 171.4, 170.8, 171.4, 171.4, 171.4, 171.4, 170.8, 171.4, 171.4, 171.4, 170.8, 170.8, 170.8, 170.2, 171.4, 171.4, 171.4, 170.8, 171.4, 170.2, 170.8, 171.4, 170.8, 171.4, 170.8, 170.8, 171.4, 171.4, 170.8, 170.8, 170.1, 170.1, 170.2, 170.8, 170.1, 170.8, 171.4, 169.6, 170.2, 170.8, 170.2, 170.2, 170.8, 169.5, 170.8, 169.6, 169.6, 170.2, 170.2, 170.8, 170.2, 170.2, 170.2, 170.8, 169.6, 170.1, 171.4, 172.0, 172.0, 172.0, 172.0, 172.6, 172.0, 172.0, 171.4, 172.0, 170.8, 171.4, 170.8, 171.4, 170.2, 170.2, 170.8, 169.6, 170.8, 170.8, 170.2, 170.8, 170.8, 170.1, 170.8, 170.1, 169.5, 170.2, 170.2, 169.5, 169.6, 169.6, 169.6, 170.2, 170.2, 170.2, 170.2, 170.2, 170.2, 170.2, 170.2, 169.0, 169.6, 169.6, 170.2, 170.8, 169.6, 169.6, 170.2, 170.2, 171.4, 171.4, 170.8, 171.4, 172.0, 172.0, 171.4, 171.4, 170.7, 170.2, 170.2, 170.2, 170.1, 170.2, 170.8, 172.6, 172.6, 172.0, 172.6, 172.0, 170.8, 171.4, 170.8, 170.1, 169.5, 170.1, 169.5, 168.9, 168.9, 168.9, 169.5, 168.9, 168.2, 168.2, 168.2, 168.2, 167.0, 166.9, 166.9, 166.9, 166.9, 166.3, 168.2, 167.6, 167.6, 168.2, 167.6, 168.2, 168.2, 168.9, 168.2, 168.8, 169.5, 168.2, 168.2, 168.9, 169.5, 168.9, 169.5, 168.9, 168.9, 168.9, 167.6, 167.6, 167.6, 167.0, 167.0, 167.0, 166.4, 166.4, 167.0, 167.0, 167.0, 167.0, 165.7, 167.0, 167.0, 167.0, 166.4, 166.4, 166.4, 167.0, 167.0, 167.0, 166.4, 167.0, 167.0, 167.0, 166.4, 167.0, 167.0, 166.2, 167.0, 166.4, 166.9, 166.2, 165.6, 165.6, 165.7, 165.0, 165.7, 165.0, 165.0, 165.5, 165.0, 165.6, 165.6, 165.6, 164.9, 165.0, 165.0, 165.0, 165.5, 165.0, 165.5, 164.9, 165.5, 165.5, 165.5, 165.0, 165.0, 165.0, 165.7, 165.5, 165.6, 165.0, 165.0, 164.9, 165.0, 165.6, 165.6, 165.5, 164.9, 165.5, 165.0, 164.9, 165.0, 165.5, 165.0, 165.6, 165.0, 165.0, 165.5, 165.7, 164.9, 165.5, 165.0, 165.0, 165.0, 165.7, 165.0, 164.4, 165.7, 165.0, 164.3, 165.7, 166.9, 167.0, 166.4, 165.7, 166.9, 166.3, 167.0, 166.9, 166.3, 167.0, 167.6, 167.6, 168.3, 168.9, 167.6, 167.6, 165.6, 164.4, 164.3, 164.2, 164.9, 164.2, 165.6, 166.3, 166.2, 166.9, 166.8, 165.7, 166.3, 167.0, 166.9, 167.6, 166.3, 167.7, 167.0, 167.0, 167.6, 167.0, 167.0, 166.9, 167.0, 165.7, 167.0, 166.3, 165.7, 165.7, 166.2, 165.0, 165.0, 164.5, 166.2, 166.9, 165.6, 165.6, 164.4, 165.0, 165.6, 165.7, 166.3, 165.0, 166.2, 166.3, 166.9, 165.0, 165.5, 166.9, 166.3, 166.8, 165.2, 165.7, 166.9, 166.4, 167.6, 168.2, 168.3, 168.9, 169.0, 169.6, 171.4, 170.2, 170.8, 170.8, 170.8, 170.8, 170.2, 170.8, 170.8, 170.8, 172.0, 170.8, 170.2, 170.8, 170.1, 170.2, 170.2, 169.6, 169.6, 169.6, 169.6, 170.8, 171.4, 170.2, 170.8, 170.2, 170.2, 170.2, 170.2, 170.2, 169.6, 169.6, 169.6, 169.0, 168.9, 168.9, 168.3, 168.9, 167.6, 166.9, 167.5, 167.7, 167.7, 168.4, 168.9, 168.9, 170.8, 170.2, 169.6, 170.8, 170.1, 170.1, 170.1, 170.8, 170.2, 170.1, 169.5, 170.2, 169.5, 169.5, 169.6, 169.5, 169.5, 168.9, 170.2, 168.9, 170.2, 170.2, 169.5, 170.1, 169.6, 169.5, 168.9, 169.6, 169.6, 169.6, 168.9, 170.2, 170.8, 169.6, 169.0, 170.2, 169.6, 169.6, 169.6, 169.6, 169.6, 168.9, 170.2, 169.6, 169.6, 170.2, 170.1, 170.1, 169.5, 168.9, 169.5, 169.6, 169.5, 169.5, 170.2, 170.1, 168.9, 168.3, 168.9, 168.9, 168.9, 169.6, 170.2, 169.6, 170.2, 170.2, 170.1, 169.6, 170.2, 169.6, 170.2, 169.6, 169.6, 170.8, 169.6, 170.2, 169.6, 170.2, 169.6, 170.2, 169.6, 168.9, 167.6, 166.3, 165.5, 166.8, 167.5, 168.8, 168.3, 169.5, 170.2, 170.8, 170.8, 172.0, 172.0, 172.0, 172.0, 172.6, 172.6, 172.0, 172.6, 172.6, 172.0, 172.0, 172.0, 172.0, 171.4, 171.4, 171.4, 171.4, 172.0, 171.4, 172.0, 170.7, 169.5, 170.1, 170.7, 172.0, 172.6, 172.6, 172.6, 171.4, 171.4, 171.4, 172.0, 171.4, 170.8, 170.8, 170.8, 170.8, 170.8, 170.1, 170.2, 170.2, 169.6, 168.9, 168.9, 169.6, 169.6, 168.3, 169.0, 168.3, 169.0, 168.9, 168.9, 168.3]"
14,"[164.5, 165.0, 164.3, 164.9, 164.2, 163.0, 162.6, 163.8, 163.2, 163.2, 162.7, 162.1, 162.6, 163.2, 163.8, 162.6, 163.2, 162.4, 162.4, 162.6, 163.2, 163.2, 163.8, 162.4, 163.2, 162.6, 162.7, 162.6, 163.2, 164.5, 164.4, 163.2, 163.8, 163.9, 164.5, 163.9, 163.9, 164.5, 163.7, 164.5, 163.8, 164.6, 163.3, 164.0, 163.9, 164.4, 163.9, 164.6, 164.5, 163.8, 163.2, 163.9, 163.9, 163.9, 164.5, 163.9, 163.9, 164.5, 163.9, 164.5, 163.9, 164.5, 164.5, 164.5, 165.1, 164.5, 164.5, 163.8, 163.7, 163.8, 163.3, 163.3, 163.3, 163.3, 162.6, 163.1, 163.1, 162.6, 163.8, 163.9, 161.9, 163.8, 163.3, 162.4, 161.9, 164.0, 163.3, 163.3, 163.2, 162.6, 163.8, 163.3, 162.7, 163.2, 163.8, 163.3, 163.2, 161.9, 162.7, 162.7, 162.6, 162.7, 162.6, 162.4, 161.8, 163.1, 163.2, 163.1, 161.8, 162.7, 163.2, 163.9, 162.6, 163.9, 163.2, 163.9, 162.7, 163.9, 163.3, 162.6, 163.3, 163.2, 163.2, 163.9, 165.2, 168.3, 170.8, 171.4, 169.5, 168.9, 168.9, 168.9, 170.2, 169.6, 170.2, 171.4, 170.8, 170.8, 169.0, 168.9, 169.5, 168.9, 169.6, 169.5, 168.2, 168.3, 168.2, 168.3, 168.2, 168.2, 168.8, 167.6, 167.6, 167.5, 167.6, 166.9, 167.5, 166.9, 166.2, 167.6, 167.6, 166.9, 167.0, 167.0, 166.9, 166.9, 167.5, 165.7, 167.6, 167.6, 167.5, 166.9, 166.9, 167.6, 167.6, 166.3, 167.6, 166.9, 166.9, 166.3, 165.7, 167.6, 167.6, 166.9, 166.9, 166.9, 166.3, 166.4, 166.4, 167.0, 166.4, 166.4, 166.4, 166.3, 166.9, 166.9, 166.2, 166.2, 165.6, 166.9, 166.3, 165.7, 165.0, 165.0, 165.0, 164.3, 165.0, 165.0, 165.1, 165.0, 164.5, 165.0, 164.4, 165.0, 165.0, 164.9, 164.4, 165.0, 164.4, 165.0, 164.3, 165.0, 165.0, 165.0, 165.0, 165.0, 164.8, 164.9, 163.6, 164.9, 164.9, 164.9, 165.0, 164.9, 164.9, 164.9, 164.9, 165.0, 164.4, 165.0, 164.9, 164.3, 165.0, 164.9, 164.9, 164.9, 165.0, 164.2, 164.9, 165.0, 164.9, 165.6, 165.5, 164.8, 166.2, 165.4, 166.2, 165.0, 165.0, 164.3, 165.6, 165.0, 165.7, 165.0, 165.5, 164.9, 165.0, 165.5, 164.9, 164.9, 165.4, 165.5, 165.4, 165.4, 164.8, 165.4, 165.5, 164.8, 165.4, 165.3, 166.0, 165.5, 166.1, 165.5, 165.4, 165.5, 164.9, 165.6, 164.8, 165.5, 164.9, 165.3, 165.4, 165.4, 165.4, 165.0, 165.5, 164.9, 165.5, 165.5, 165.5, 164.9, 164.9, 165.5, 164.9, 164.9, 165.5, 165.5, 165.0, 165.6, 166.2, 165.0, 164.9, 165.5, 165.5, 164.7, 166.1, 164.8, 166.0, 165.3, 165.3, 165.3, 165.4, 165.4, 165.4, 165.4, 165.3, 165.3, 165.3, 164.7, 164.7, 165.3, 164.8, 164.7, 164.8, 164.7, 164.7, 164.7, 164.7, 164.8, 164.8, 164.7, 164.8, 164.8, 165.3, 164.8, 164.8, 165.4, 165.3, 164.7, 164.7, 164.8, 164.7, 164.8, 165.3, 164.0, 165.4, 164.7, 164.8, 165.4, 164.9, 165.6, 165.5, 165.4, 165.3, 165.4, 165.4, 165.5, 164.9, 165.0, 165.5, 164.9, 166.2, 164.9, 165.0, 164.9, 164.9, 165.6, 165.6, 165.6, 166.2, 165.5, 165.5, 164.8, 164.9, 165.0, 165.5, 165.0, 165.5, 165.0, 165.0, 165.5, 165.5, 164.8, 166.2, 166.2, 165.7, 165.6, 164.9, 165.0, 165.5, 165.0, 165.6, 165.4, 165.5, 165.5, 165.5, 164.9, 164.4, 165.0, 165.6, 165.0, 165.0, 166.2, 165.5, 165.6, 165.6, 165.6, 165.6, 165.0, 165.6, 165.6, 165.1, 164.3, 165.6, 165.6, 165.7, 166.4, 166.3, 166.2, 166.9, 165.7, 166.3, 165.7, 165.7, 165.7, 165.7, 165.7, 165.0, 166.3, 166.2, 166.2, 166.2, 166.2, 166.3, 166.2, 166.3, 166.9, 166.9, 166.3, 165.7, 167.6, 166.9, 167.6, 168.9, 169.5, 170.8, 171.4, 172.6, 172.0, 172.0, 170.8, 171.4, 170.8, 171.4, 170.8, 170.8, 171.4, 170.8, 170.2, 170.8, 170.8, 170.8, 171.4, 170.2, 170.8, 170.8, 170.8, 170.2, 170.2, 171.4, 170.2, 170.8, 172.0, 170.2, 170.8, 171.4, 172.0, 172.0, 172.0, 171.4, 172.6, 171.4, 171.4, 172.0, 172.6, 172.0, 172.6, 172.0, 172.0, 170.2, 171.4, 170.2, 170.2, 170.2, 169.6, 169.6, 170.2, 169.6, 170.1, 169.5, 168.3, 168.9, 168.3, 168.9, 168.3, 169.6, 168.4, 169.6, 170.2, 170.2, 169.6, 169.6, 168.3, 168.9, 168.9, 168.9, 168.4, 168.3, 167.6, 168.2, 168.2, 167.6, 168.2, 167.6, 168.9, 168.9, 168.3, 168.9, 169.5, 168.2, 168.9, 168.9, 168.2, 167.5, 168.9, 168.9, 168.9, 168.9, 168.9, 168.3, 167.4, 168.2, 167.5, 168.2, 168.9, 168.8, 166.9, 166.9, 166.9, 167.6, 167.6, 167.6, 168.2, 167.6, 166.9, 167.0, 167.6, 168.2, 167.6, 168.8, 167.6, 167.0, 167.7, 168.2, 168.2, 168.8, 168.9, 168.9, 168.9, 168.3, 168.3, 168.9, 168.1, 168.3, 168.8, 168.8, 168.9, 167.7, 168.3, 168.9, 168.8, 167.7, 168.3, 168.9, 168.3, 168.9, 167.7, 168.3, 168.3]"
14,"[164.5, 163.2, 163.8, 164.3, 163.6, 163.6, 163.0, 162.6, 163.1, 162.6, 162.6, 163.9, 162.8, 163.9, 164.0, 164.0, 163.9, 164.5, 163.1, 164.5, 163.2, 163.3, 162.6, 164.5, 163.3, 163.2, 163.2, 163.2, 163.2, 162.7, 164.4, 163.1, 162.6, 163.2, 162.6, 161.9, 162.7, 163.2, 161.9, 162.6, 162.6, 162.7, 163.4, 162.6, 163.3, 162.6, 163.3, 163.4, 163.9, 163.4, 162.7, 162.6, 163.3, 163.4, 163.3, 163.3, 163.3, 163.3, 163.3, 162.7, 162.6, 163.2, 162.7, 163.8, 162.6, 163.2, 162.6, 162.4, 162.6, 163.1, 163.1, 163.2, 163.8, 163.8, 164.0, 164.6, 165.1, 165.7, 165.7, 165.7, 165.1, 165.2, 165.7, 165.1, 165.7, 166.6, 165.1, 166.4, 167.7, 167.7, 167.7, 167.0, 167.8, 167.1, 167.0, 167.1, 167.1, 167.0, 167.0, 167.0, 168.3, 167.7, 167.7, 167.1, 167.7, 166.4, 167.7, 168.4, 167.0, 167.1, 167.1, 168.3, 168.3, 168.9, 169.6, 169.0, 168.9, 168.9, 168.9, 169.6, 169.6, 169.6, 170.7, 170.1, 172.0, 171.4, 170.1, 169.5, 168.8, 169.5, 168.2, 168.2, 168.1, 168.1, 168.8, 168.2, 167.6, 168.9, 168.8, 169.5, 168.3, 168.9, 168.2, 167.5, 168.8, 167.6, 168.8, 167.6, 168.2, 168.2, 166.4, 166.9, 166.4, 167.6, 167.6, 166.3, 167.5, 168.2, 167.4, 168.1, 167.6, 168.2, 168.8, 168.1, 168.8, 168.2, 168.2, 168.2, 167.4, 168.8, 168.2, 168.3, 168.2, 168.2, 167.5, 167.4, 167.6, 167.6, 166.9, 167.6, 166.9, 166.3, 166.9, 166.9, 166.9, 166.9, 167.5, 166.8, 166.2, 166.2, 166.2, 167.5, 167.6, 166.9, 166.8, 166.3, 166.9, 166.9, 166.8, 166.9, 167.6, 166.9, 166.8, 166.9, 166.8, 166.7, 166.9, 166.8, 166.3, 166.9, 166.9, 167.5, 166.8, 166.9, 166.9, 166.8, 166.2, 167.5, 167.5, 167.5, 166.9, 167.5, 166.9, 166.8, 166.9, 166.9, 166.9, 166.9, 166.9, 166.9, 166.2, 166.9, 166.9, 165.7, 166.9, 165.7, 166.3, 166.3, 165.0, 165.6, 164.9, 165.0, 165.0, 165.0, 165.7, 165.7, 165.6, 165.7, 165.6, 165.6, 165.0, 165.6, 165.6, 165.7, 165.6, 166.2, 165.6, 165.6, 165.6, 165.6, 165.1, 165.0, 165.1, 166.2, 165.1, 165.6, 165.7, 165.6, 166.4, 165.5, 166.7, 165.5, 166.9, 166.2, 166.9, 166.2, 165.7, 166.3, 166.9, 166.3, 165.7, 166.2, 166.9, 166.9, 166.3, 166.9, 166.2, 166.2, 165.6, 166.2, 166.3, 166.2, 166.9, 165.6, 166.9, 166.2, 166.2, 165.0, 165.0, 165.0, 165.0, 165.0, 165.6, 165.7, 165.0, 166.2, 166.2, 165.6, 165.6, 165.6, 166.2, 166.2, 166.2, 166.3, 164.9, 165.6, 165.0, 165.0, 165.6, 165.6, 166.9, 165.6, 166.3, 165.6, 165.0, 165.5, 165.6, 166.2, 165.6, 164.9, 165.5, 166.9, 165.5, 165.0, 165.0, 165.6, 165.6, 165.6, 165.6, 165.6, 164.9, 165.7, 165.5, 165.6, 166.2, 165.6, 165.0, 164.1, 164.9, 165.0, 164.9, 164.8, 164.8, 166.2, 166.2, 166.1, 164.8, 165.5, 164.9, 165.4, 164.8, 165.5, 165.5, 166.2, 166.2, 165.0, 165.6, 165.0, 165.7, 165.6, 165.0, 165.5, 165.0, 165.7, 164.3, 165.1, 165.0, 165.7, 165.6, 165.6, 165.0, 165.6, 165.0, 165.6, 165.6, 165.6, 166.2, 165.7, 166.9, 166.2, 165.6, 166.2, 166.2, 166.2, 166.9, 166.2, 166.2, 165.6, 165.6, 164.9, 164.9, 165.0, 164.8, 166.1, 165.0, 165.0, 164.9, 165.0, 164.9, 164.9, 165.6, 165.0, 165.0, 164.9, 164.9, 164.9, 165.5, 165.6, 164.9, 165.6, 164.9, 165.0, 165.0, 165.0, 165.0, 165.6, 165.6, 164.9, 165.4, 164.9, 165.5, 165.5, 166.2, 165.5, 165.4, 165.4, 165.4, 164.8, 165.5, 165.0, 164.9, 164.7, 164.8, 165.5, 165.5, 166.1, 164.2, 165.6, 164.7, 164.8, 165.5, 165.5, 164.9, 165.5, 165.6, 165.0, 165.0, 165.0, 165.7, 165.0, 165.5, 165.4, 165.4, 165.5, 165.5, 165.5, 165.6, 165.6, 165.5, 165.5, 165.6, 165.4, 165.5, 164.9, 165.5, 166.1, 165.5, 164.9, 165.5, 164.7, 166.2, 165.4, 165.4, 166.2, 165.3, 164.1, 164.9, 164.9, 165.5, 166.2, 165.5, 166.2, 165.5, 164.9, 165.4, 165.5, 164.9, 165.5, 165.5, 165.6, 164.9, 164.8, 165.5, 164.8, 165.5, 165.4, 164.9, 165.4, 164.8, 165.0, 164.9, 165.5, 164.9, 164.2, 164.3, 164.8, 164.9, 164.9, 164.9, 164.2, 164.9, 165.0, 164.9, 164.9, 165.4, 164.8, 164.8, 164.1, 164.9, 165.0, 164.2, 164.2, 164.9, 164.8, 164.7, 164.9, 164.8, 164.2, 163.6, 164.3, 164.8, 164.1, 164.9, 164.1, 164.9, 164.9, 165.5, 164.1, 164.2, 164.9, 165.0, 165.4, 165.0, 164.1, 165.0, 164.9, 165.5, 164.2, 164.7, 164.8, 164.8, 164.8, 164.8, 164.2, 164.7, 164.8, 164.9, 164.8, 164.8, 164.9, 165.3, 164.1, 165.5, 164.8, 165.4, 164.8, 164.1, 164.1, 164.2, 164.0, 164.1, 164.1, 164.7, 163.6, 163.6, 164.0, 163.4, 163.4, 163.3, 163.9, 163.2, 164.0, 163.9, 163.3, 164.5, 163.8, 164.6, 163.7, 163.3, 163.9]"
14,"[164.6, 164.4, 163.8, 164.3, 164.3, 163.6, 165.0, 164.5, 163.9, 163.9, 163.3, 163.3, 164.6, 163.2, 163.9, 163.4, 163.9, 162.6, 163.9, 163.3, 163.2, 162.1, 163.9, 164.0, 163.4, 163.4, 163.9, 164.1, 164.7, 163.4, 163.8, 163.3, 162.7, 163.3, 163.2, 163.2, 163.3, 163.2, 162.7, 163.4, 163.3, 163.3, 164.0, 162.7, 163.3, 162.6, 163.4, 162.6, 162.6, 163.2, 163.3, 162.7, 163.3, 162.7, 164.0, 163.3, 164.1, 164.0, 163.9, 164.6, 163.9, 163.3, 164.4, 164.5, 163.9, 163.9, 163.8, 164.6, 163.3, 164.0, 164.0, 164.1, 164.0, 163.9, 163.9, 163.3, 163.3, 163.4, 162.6, 161.9, 162.7, 163.3, 163.9, 164.5, 163.3, 162.6, 162.7, 162.7, 163.4, 163.4, 163.4, 162.7, 162.7, 162.7, 162.7, 162.7, 161.9, 163.2, 164.0, 162.7, 162.8, 162.7, 162.1, 162.7, 163.4, 163.3, 162.6, 162.6, 162.7, 162.7, 162.7, 163.3, 162.6, 163.4, 164.0, 162.8, 163.4, 164.0, 163.3, 163.3, 163.3, 163.4, 163.4, 163.2, 164.6, 167.2, 167.7, 169.6, 170.8, 168.8, 168.1, 167.0, 168.2, 168.2, 169.5, 168.9, 168.3, 169.5, 168.9, 168.3, 168.9, 168.9, 168.9, 168.9, 168.8, 168.9, 169.5, 169.5, 168.9, 168.9, 170.1, 168.8, 168.2, 167.6, 168.2, 169.5, 168.8, 168.8, 168.9, 167.7, 168.2, 167.6, 167.5, 168.8, 166.9, 167.6, 168.1, 167.5, 168.2, 166.9, 167.0, 167.6, 167.6, 168.1, 168.1, 169.5, 168.8, 168.2, 167.6, 168.1, 168.1, 168.2, 167.6, 168.8, 167.5, 168.1, 168.1, 167.6, 168.1, 168.2, 167.5, 168.3, 168.2, 168.2, 168.8, 168.2, 168.8, 168.9, 168.2, 168.8, 168.1, 167.5, 166.9, 167.6, 168.1, 168.8, 168.8, 168.1, 168.1, 167.6, 167.6, 166.9, 167.6, 167.5, 167.6, 167.7, 167.6, 168.3, 167.7, 168.2, 168.9, 168.2, 168.3, 168.2, 168.2, 168.9, 168.3, 168.3, 168.9, 168.9, 168.2, 167.6, 168.9, 168.3, 168.2, 168.2, 168.9, 168.2, 167.6, 168.2, 168.2, 168.9, 168.9, 168.3, 168.2, 166.9, 168.1, 168.2, 168.2, 168.9, 167.6, 167.6, 168.2, 167.6, 168.8, 168.8, 168.2, 168.3, 168.2, 168.3, 168.9, 168.8, 168.8, 167.6, 168.2, 168.2, 167.6, 167.6, 168.9, 167.6, 168.2, 168.2, 168.2, 167.0, 167.6, 166.9, 168.2, 168.2, 167.6, 168.2, 168.2, 166.4, 168.1, 166.4, 166.9, 166.3, 166.3, 166.3, 165.7, 166.4, 166.4, 166.2, 166.3, 165.7, 165.7, 167.0, 166.9, 166.3, 166.9, 165.7, 165.6, 165.1, 165.7, 165.7, 165.1, 165.6, 165.7, 166.2, 166.2, 166.2, 166.9, 165.6, 165.0, 166.2, 165.7, 166.3, 166.2, 165.7, 165.6, 165.0, 165.7, 165.0, 165.1, 165.0, 166.2, 165.4, 166.8, 166.8, 166.2, 166.7, 166.7, 166.2, 166.2, 166.7, 166.2, 166.8, 166.8, 166.2, 166.7, 166.2, 166.2, 166.8, 166.2, 166.2, 166.8, 166.8, 166.2, 166.2, 166.9, 166.3, 165.6, 166.2, 165.6, 165.4, 165.3, 164.2, 165.6, 165.5, 164.8, 165.5, 164.8, 165.5, 166.2, 165.5, 164.9, 165.5, 164.8, 165.3, 166.1, 164.8, 164.9, 164.9, 164.8, 165.0, 165.5, 165.0, 164.9, 165.0, 165.5, 165.6, 164.9, 164.9, 164.9, 164.9, 164.8, 164.8, 164.9, 166.1, 165.4, 166.2, 165.5, 165.3, 165.4, 165.3, 165.3, 165.4, 164.8, 165.3, 164.8, 164.7, 164.8, 164.8, 165.4, 165.5, 165.4, 164.7, 164.8, 164.8, 164.8, 165.4, 165.6, 165.5, 165.5, 165.0, 165.5, 165.0, 165.5, 165.5, 164.3, 165.5, 165.5, 164.9, 165.0, 165.6, 165.7, 165.6, 165.6, 165.7, 166.3, 166.2, 166.3, 166.3, 165.7, 166.2, 165.6, 165.0, 165.0, 165.0, 165.6, 165.7, 166.2, 166.2, 165.7, 166.2, 166.2, 167.5, 166.2, 166.8, 166.9, 166.9, 166.2, 166.9, 166.8, 166.9, 168.1, 167.4, 167.4, 167.5, 168.8, 168.2, 168.8, 168.8, 168.8, 168.8, 168.9, 168.8, 167.6, 168.2, 168.8, 167.7, 169.5, 168.2, 170.1, 168.2, 169.5, 168.1, 169.5, 168.9, 169.4, 169.5, 168.8, 168.9, 168.9, 168.9, 169.5, 169.5, 168.9, 169.5, 169.5, 168.9, 169.5, 168.9, 168.9, 169.5, 169.5, 170.1, 170.1, 168.9, 168.9, 168.9, 168.9, 168.9, 169.5, 168.9, 169.5, 169.5, 169.5, 169.5, 168.9, 169.5, 169.5, 170.7, 171.4, 172.6, 172.6, 172.6, 172.0, 170.8, 171.4, 172.6, 171.4, 171.4, 171.4, 170.8, 170.1, 170.7, 170.7, 170.8, 171.4, 171.4, 171.4, 170.8, 172.0, 172.0, 172.0, 172.0, 171.4, 172.0, 172.0, 171.4, 172.6, 172.6, 171.4, 172.0, 172.6, 172.0, 172.0, 172.6, 172.0, 172.0, 172.6, 172.6, 172.6, 172.0, 172.6, 172.0, 172.0, 172.0, 172.0, 172.0, 172.6, 172.0, 171.4, 172.6, 172.0, 172.6, 172.0, 171.4, 172.0, 171.4, 171.4, 171.4, 171.4, 172.6, 172.0, 172.0, 172.0, 172.0, 172.0, 172.0, 172.0, 170.8, 172.6, 172.0, 171.4, 172.6, 172.0, 172.6, 172.0, 172.0, 172.6, 171.4, 172.0, 172.6, 172.0, 172.6, 172.6, 171.4, 171.4, 172.0]"
14,"[169.4, 169.5, 169.4, 168.6, 166.7, 163.9, 163.7, 165.3, 166.1, 166.9, 166.3, 167.0, 167.1, 167.0, 167.0, 167.1, 167.1, 166.4, 168.3, 168.3, 167.6, 168.3, 168.3, 168.9, 169.6, 168.3, 168.9, 168.9, 168.9, 168.9, 169.5, 168.2, 166.9, 165.5, 166.1, 166.9, 167.6, 168.3, 168.9, 168.9, 168.9, 168.3, 168.3, 168.9, 168.9, 168.9, 169.0, 169.6, 168.9, 168.9, 168.2, 168.9, 168.9, 168.9, 168.9, 168.8, 168.8, 168.9, 168.9, 169.5, 169.5, 170.1, 168.9, 168.8, 168.8, 168.8, 169.5, 169.5, 169.5, 170.7, 169.5, 170.1, 170.1, 170.1, 170.1, 170.1, 169.5, 170.2, 170.1, 170.1, 170.8, 170.7, 170.1, 170.1, 171.4, 171.4, 172.0, 172.0, 171.4, 172.0, 171.4, 171.4, 171.4, 170.7, 171.4, 172.0, 171.4, 171.4, 171.4, 171.4, 172.6, 172.0, 172.0, 172.0, 172.6, 172.6, 172.6, 172.0, 172.0, 172.6, 172.0, 172.6, 172.6, 172.6, 172.6, 172.6, 172.6, 172.0, 172.6, 172.0, 172.0, 172.0, 172.0, 172.0, 172.6, 171.4, 170.7, 170.7, 170.1, 171.4, 170.1, 169.5, 170.1, 168.8, 169.5, 169.5, 169.5, 169.5, 169.5, 170.1, 169.5, 170.1, 169.5, 168.2, 168.9, 169.5, 168.9, 168.9, 168.9, 168.9, 168.9, 170.1, 170.1, 170.1, 170.1, 168.2, 168.9, 169.5, 168.9, 169.5, 169.6, 168.9, 170.2, 168.9, 169.5, 170.1, 168.9, 168.9, 168.3, 166.3, 166.9, 166.2, 165.7, 165.5, 165.0, 165.0, 165.7, 165.6, 165.0, 165.0, 165.6, 165.7, 166.4, 166.4, 165.7, 166.4, 167.0, 167.0, 166.3, 166.9, 167.6, 166.9, 167.0, 167.0, 167.0, 166.9, 167.7, 167.7, 167.7, 167.0, 167.0, 166.4, 167.6, 167.0, 167.0, 167.0, 166.9, 168.3, 167.0, 167.0, 167.0, 167.5, 167.0, 167.0, 167.6, 166.9, 166.9, 167.6, 167.6, 167.6, 167.6, 166.3, 167.0, 166.2, 166.9, 166.9, 166.3, 166.2, 166.2, 166.2, 166.2, 166.2, 166.2, 165.6, 166.3, 166.3, 165.7, 165.7, 166.2, 165.5, 165.6, 165.6, 165.5, 165.6, 165.0, 165.0, 166.2, 165.6, 165.5, 165.5, 165.6, 164.9, 165.6, 164.9, 165.6, 166.2, 166.9, 166.9, 167.0, 166.2, 166.2, 166.3, 166.2, 166.2, 165.4, 165.7, 165.4, 165.6, 165.6, 165.6, 166.2, 165.7, 165.6, 166.3, 166.9, 166.3, 165.7, 165.7, 166.3, 166.2, 166.3, 166.3, 166.2, 166.2, 165.6, 166.9, 167.6, 166.9, 167.6, 166.9, 166.4, 167.6, 168.2, 167.0, 166.9, 166.9, 168.2, 166.9, 167.5, 167.0, 167.5, 168.9, 168.1, 167.6, 168.3, 168.2, 168.2, 168.8, 168.9, 168.2, 167.7, 167.6, 168.9, 168.3, 168.9, 168.2, 168.3, 168.3, 168.3, 167.7, 168.3, 168.3, 168.3, 168.3, 167.6, 168.8, 168.3, 168.3, 167.6, 167.7, 167.7, 167.7, 168.3, 168.3, 168.3, 167.6, 167.1, 168.3, 168.3, 167.7, 168.3, 167.6, 168.3, 167.7, 168.2, 167.7, 167.0, 167.0, 167.7, 167.1, 167.1, 167.7, 167.7, 167.7, 167.7, 166.3, 165.0, 166.7, 166.7, 166.8, 166.8, 166.9, 167.6, 165.6, 166.2, 166.2, 166.9, 166.2, 166.2, 166.8, 166.9, 167.5, 166.3, 166.3, 166.3, 165.5, 166.3, 167.5, 166.9, 167.0, 167.0, 167.0, 166.9, 167.6, 167.0, 167.0, 167.7, 167.7, 167.7, 167.6, 167.6, 167.6, 167.6, 167.0, 167.7, 167.7, 167.0, 167.6, 167.0, 167.0, 167.7, 167.7, 166.9, 166.7, 166.8, 166.0, 165.3, 165.3, 165.3, 166.2, 166.7, 166.8, 166.2, 166.2, 166.3, 166.2, 166.3, 165.6, 166.4, 166.3, 167.0, 167.7, 168.9, 168.9, 169.6, 170.1, 170.8, 170.1, 170.8, 170.2, 169.5, 167.7, 166.7, 167.4, 166.7, 165.3, 167.4, 166.9, 166.3, 166.2, 166.7, 166.7, 166.9, 167.5, 166.2, 166.9, 166.9, 167.6, 168.2, 168.8, 168.2, 168.9, 169.5, 169.5, 169.5, 169.5, 170.1, 170.2, 170.1, 169.5, 169.5, 170.1, 170.1, 170.1, 170.7, 170.1, 170.7, 170.7, 171.4, 170.8, 171.4, 170.8, 172.0, 170.8, 170.8, 170.1, 170.1, 168.9, 166.8, 166.8, 166.8, 166.2, 165.5, 166.2, 166.2, 166.1, 166.7, 166.2, 166.7, 166.9, 166.1, 166.2, 166.2, 166.9, 166.9, 166.9, 166.9, 167.6, 166.9, 167.5, 168.1, 166.9, 168.1, 168.1, 167.4, 165.3, 165.2, 164.6, 165.3, 165.3, 165.5, 165.4, 165.5, 166.2, 166.2, 166.9, 166.2, 166.9, 166.3, 166.9, 166.3, 166.3, 167.0, 167.6, 166.9, 167.6, 168.2, 168.9, 168.2, 168.2, 168.2, 168.2, 168.2, 168.8, 168.8, 168.2, 168.1, 168.8, 169.5, 168.8, 169.5, 168.9, 169.4, 166.9, 164.8, 164.7, 164.8, 164.7, 164.7, 164.9, 165.6, 166.2, 165.7, 166.2, 165.4, 166.3, 165.4, 165.4, 165.5, 165.4, 165.5, 165.4, 166.2, 166.3, 166.3, 166.2, 166.9, 166.9, 167.6, 167.6, 167.6, 167.6, 167.6, 168.2, 168.1, 168.1, 168.1, 169.5, 168.8, 169.5, 169.5, 168.2, 170.1, 169.5, 168.2, 167.6, 166.1, 164.6, 165.4, 165.3, 164.7, 165.4, 165.4, 166.2, 166.2, 167.6, 166.3, 166.3, 166.9, 167.0]"
14,"[170.7, 172.0, 171.3, 171.3, 172.0, 171.3, 171.3, 172.0, 170.7, 172.0, 171.4, 171.4, 171.4, 170.1, 171.4, 170.7, 171.4, 170.8, 170.1, 172.0, 171.4, 171.4, 171.4, 171.4, 171.4, 170.2, 172.0, 171.4, 172.0, 172.0, 171.4, 172.0, 172.0, 172.0, 170.8, 170.8, 172.6, 171.4, 170.8, 172.0, 171.4, 172.6, 170.8, 172.0, 172.0, 170.2, 170.2, 172.0, 171.4, 170.2, 170.2, 170.2, 170.8, 171.4, 171.4, 172.6, 172.6, 171.4, 172.6, 172.0, 170.8, 170.8, 170.8, 170.8, 170.8, 170.2, 170.8, 169.6, 170.8, 170.2, 169.0, 168.3, 170.2, 170.2, 169.0, 170.2, 170.2, 169.7, 170.2, 170.2, 169.6, 169.6, 168.4, 169.0, 167.7, 168.4, 167.7, 167.7, 167.1, 167.7, 166.4, 167.8, 168.4, 168.4, 167.8, 167.8, 167.7, 168.3, 167.2, 167.2, 167.1, 166.4, 167.1, 166.5, 165.8, 165.8, 165.2, 165.1, 165.2, 165.2, 165.1, 165.1, 167.0, 166.4, 165.8, 165.8, 166.4, 165.7, 165.7, 165.1, 165.0, 164.5, 163.8, 164.4, 165.0, 167.7, 167.7, 168.3, 169.0, 168.9, 168.9, 169.6, 169.6, 170.2, 172.0, 172.6, 172.0, 172.0, 172.0, 172.6, 172.0, 172.6, 172.0, 172.6, 172.6, 172.6, 172.0, 172.0, 172.0, 170.8, 171.4, 171.4, 170.2, 170.2, 170.2, 170.8, 170.8, 169.6, 169.6, 169.6, 170.2, 169.6, 169.6, 169.0, 170.2, 170.2, 170.2, 169.6, 170.2, 169.0, 168.9, 169.0, 169.0, 169.0, 169.6, 169.6, 168.3, 168.3, 168.3, 168.3, 168.4, 168.3, 167.8, 168.3, 167.8, 168.3, 167.8, 167.7, 168.4, 167.7, 167.8, 167.7, 168.3, 168.9, 168.4, 169.0, 169.0, 168.9, 169.0, 169.0, 169.6, 169.6, 168.9, 169.6, 169.6, 168.4, 169.0, 168.4, 168.3, 169.0, 169.0, 170.2, 170.2, 170.2, 170.8, 171.4, 170.8, 170.2, 170.8, 170.8, 170.2, 169.6, 170.2, 170.2, 169.6, 169.6, 169.6, 169.0, 169.6, 170.8, 170.2, 170.8, 170.2, 170.2, 170.2, 170.8, 170.8, 170.8, 170.8, 170.8, 171.4, 170.2, 170.8, 170.8, 170.2, 170.2, 172.0, 171.4, 171.4, 171.4, 172.0, 172.0, 171.4, 170.2, 169.6, 169.6, 169.0, 168.4, 168.9, 168.9, 168.9, 168.9, 169.6, 169.6, 170.2, 169.6, 169.0, 169.6, 169.6, 169.6, 171.4, 170.2, 171.4, 171.4, 170.8, 170.8, 170.8, 170.8, 170.2, 169.6, 170.2, 170.2, 169.6, 170.2, 170.1, 170.2, 170.2, 170.2, 171.4, 170.8, 171.4, 170.8, 170.8, 171.4, 170.8, 170.2, 170.8, 170.8, 171.4, 171.4, 171.4, 171.4, 171.4, 172.0, 171.4, 171.4, 170.8, 171.4, 172.0, 172.0, 172.0, 172.0, 171.4, 171.4, 172.0, 170.8, 172.0, 171.4, 171.4, 170.8, 170.8, 170.8, 170.8, 171.4, 170.2, 171.4, 171.4, 171.4, 171.4, 172.0, 172.0, 172.0, 172.6, 172.6, 172.6, 172.0, 172.0, 172.0, 171.4, 172.0, 172.0, 172.0, 172.0, 172.6, 172.0, 172.0, 172.6, 172.6, 172.6, 172.6, 172.6, 172.0, 172.6, 171.4, 170.8, 171.4, 171.4, 172.0, 171.4, 172.0, 172.0, 172.0, 172.0, 172.6, 172.6, 172.0, 172.6, 172.6, 172.0, 172.6, 172.0, 171.4, 172.0, 171.4, 171.4, 171.4, 172.0, 172.0, 172.0, 171.4, 169.6, 168.9, 170.2, 169.5, 170.2, 168.9, 168.9, 168.9, 168.2, 168.3, 168.9, 168.3, 168.9, 168.9, 168.9, 168.3, 167.7, 168.3, 168.2, 167.7, 167.6, 167.7, 167.6, 168.3, 168.9, 168.3, 169.5, 168.2, 168.2, 167.7, 168.3, 167.6, 168.3, 167.6, 168.9, 168.2, 167.1, 167.7, 167.6, 169.5, 170.1, 169.5, 168.3, 169.5, 168.9, 169.5, 168.8, 168.3, 168.9, 168.3, 168.2, 168.3, 167.6, 168.9, 168.9, 168.9, 169.5, 168.9, 168.9, 169.5, 169.5, 169.5, 168.9, 169.5, 169.5, 168.3, 168.9, 169.5, 169.5, 169.5, 168.9, 168.9, 169.6, 170.1, 168.9, 168.9, 168.3, 168.3, 168.3, 168.3, 168.9, 168.3, 168.3, 169.5, 169.5, 169.5, 168.3, 169.5, 168.9, 168.9, 168.3, 168.8, 168.9, 168.9, 168.9, 169.5, 168.9, 168.9, 169.5, 168.9, 168.9, 169.5, 168.9, 169.5, 168.3, 168.9, 169.5, 169.5, 168.9, 168.9, 168.2, 168.9, 168.8, 169.5, 169.5, 170.1, 168.9, 169.5, 168.8, 168.8, 168.9, 169.5, 168.9, 168.2, 168.2, 167.6, 168.9, 168.3, 168.8, 167.6, 168.2, 168.9, 168.2, 168.2, 168.2, 168.2, 167.6, 168.2, 166.9, 167.5, 166.9, 168.1, 166.9, 167.5, 166.9, 166.8, 166.3, 167.5, 166.9, 168.2, 167.5, 168.1, 168.2, 167.5, 167.4, 167.6, 166.9, 167.6, 166.9, 167.5, 166.2, 167.6, 166.9, 167.4, 167.6, 167.6, 167.6, 168.2, 166.9, 167.6, 167.6, 166.9, 168.1, 166.2, 167.6, 167.6, 166.9, 167.5, 166.9, 166.9, 167.0, 165.0, 165.4, 165.3, 164.6, 165.4, 166.0, 165.5, 165.6, 165.7, 165.6, 166.2, 165.5, 165.4, 166.2, 166.1, 165.5, 166.2, 166.2, 166.2, 166.9, 166.7, 166.2, 165.6, 165.5, 165.6, 166.3, 166.3, 165.7, 166.3, 165.8, 166.9, 167.0, 167.0, 166.4, 165.7, 165.7, 166.9, 168.1, 166.3]"
14,"[169.5, 168.7, 168.7, 167.9, 167.4, 167.3, 168.0, 168.8, 168.9, 169.5, 169.5, 169.5, 169.5, 169.5, 169.5, 169.6, 170.1, 168.9, 169.5, 170.1, 170.1, 169.5, 168.9, 169.6, 170.1, 169.5, 170.1, 169.5, 168.9, 168.9, 169.5, 170.1, 169.5, 170.2, 168.9, 169.6, 169.6, 168.3, 168.9, 169.5, 169.5, 169.5, 169.5, 169.5, 170.1, 169.6, 170.2, 169.5, 168.9, 168.9, 168.9, 168.9, 169.6, 168.9, 168.2, 170.2, 169.5, 168.9, 168.8, 169.5, 168.9, 168.9, 168.9, 170.2, 169.5, 168.9, 168.3, 169.5, 169.5, 169.6, 168.3, 169.6, 168.3, 168.9, 168.9, 168.9, 170.1, 168.9, 168.9, 168.9, 168.3, 168.9, 168.3, 170.1, 169.5, 169.6, 169.5, 170.1, 170.1, 170.8, 169.4, 170.1, 170.1, 170.7, 170.1, 169.5, 171.4, 170.7, 170.1, 171.4, 170.2, 169.5, 169.5, 169.5, 170.2, 170.1, 170.7, 170.1, 170.7, 170.1, 170.1, 170.2, 170.2, 170.1, 170.1, 168.9, 170.1, 170.1, 169.5, 169.5, 169.5, 170.2, 170.1, 169.5, 168.2, 168.9, 169.5, 168.9, 168.3, 168.9, 168.9, 169.5, 168.9, 168.9, 169.5, 170.1, 169.5, 170.1, 169.5, 168.9, 168.9, 168.9, 170.1, 168.9, 169.6, 168.9, 169.5, 168.9, 169.5, 168.9, 168.9, 169.5, 167.6, 168.3, 167.8, 168.9, 169.5, 168.2, 168.3, 168.9, 168.9, 168.9, 168.3, 168.3, 168.3, 168.2, 169.5, 169.5, 169.5, 168.9, 168.2, 169.5, 168.8, 168.8, 168.9, 168.9, 168.9, 168.9, 168.8, 168.2, 168.2, 168.3, 168.9, 167.7, 167.7, 168.3, 168.9, 167.7, 167.6, 168.2, 168.3, 167.6, 168.9, 167.0, 166.9, 166.9, 167.6, 167.7, 166.9, 167.6, 167.0, 167.7, 167.7, 168.3, 169.6, 168.9, 168.3, 168.9, 168.9, 168.9, 168.3, 168.3, 168.3, 168.3, 167.7, 167.8, 168.3, 168.3, 168.9, 168.9, 168.9, 168.9, 169.0, 169.6, 169.0, 169.6, 169.0, 168.4, 168.3, 168.3, 169.6, 169.6, 169.0, 169.6, 170.2, 169.0, 169.6, 170.8, 169.6, 171.4, 170.8, 170.8, 170.2, 170.2, 169.6, 169.0, 168.3, 168.9, 169.6, 169.6, 169.6, 169.0, 169.5, 169.6, 168.4, 168.3, 167.7, 167.0, 167.0, 167.0, 166.4, 167.7, 167.7, 167.0, 167.0, 167.6, 167.6, 168.3, 168.4, 168.4, 168.3, 168.9, 167.8, 167.8, 168.4, 168.4, 168.4, 168.4, 168.4, 169.0, 169.6, 170.8, 171.4, 171.4, 170.2, 170.8, 170.8, 170.8, 170.2, 170.8, 171.4, 170.8, 171.4, 171.4, 170.8, 170.8, 171.4, 170.2, 170.8, 168.9, 168.9, 168.1, 168.2, 168.2, 168.2, 168.2, 168.2, 168.8, 168.2, 168.2, 168.8, 168.9, 170.1, 168.9, 168.9, 168.4, 169.0, 169.0, 169.6, 170.8, 170.2, 170.8, 170.2, 169.6, 169.5, 168.9, 169.5, 169.5, 168.9, 169.6, 169.6, 170.8, 168.9, 169.5, 168.9, 170.1, 169.5, 169.5, 170.1, 169.6, 169.6, 170.1, 169.6, 169.5, 168.9, 170.2, 168.9, 169.5, 168.9, 169.6, 169.6, 168.9, 169.5, 170.2, 170.1, 168.3, 169.6, 170.2, 169.6, 170.2, 169.6, 170.8, 170.2, 169.0, 169.6, 170.2, 169.5, 168.9, 169.5, 169.5, 168.9, 169.5, 168.9, 168.3, 168.9, 169.5, 168.9, 168.9, 169.0, 169.6, 168.9, 169.0, 168.4, 169.6, 170.2, 171.4, 171.4, 171.4, 171.4, 172.6, 172.0, 171.4, 171.4, 170.8, 170.8, 170.2, 170.2, 170.2, 170.8, 170.2, 169.6, 170.2, 170.2, 169.6, 169.0, 169.0, 169.0, 167.8, 167.7, 168.4, 168.3, 167.0, 167.7, 168.4, 168.3, 167.7, 167.7, 167.1, 166.4, 167.7, 167.0, 167.1, 167.7, 168.3, 168.9, 168.9, 168.9, 169.6, 169.6, 169.6, 169.6, 168.9, 168.3, 168.3, 168.3, 169.0, 168.4, 169.6, 168.9, 169.0, 168.4, 168.9, 169.6, 168.9, 168.3, 169.6, 170.2, 168.9, 170.2, 169.6, 170.2, 170.2, 169.6, 170.2, 170.2, 170.8, 172.0, 172.0, 171.4, 172.0, 171.4, 168.9, 166.9, 166.1, 167.3, 167.3, 166.0, 166.0, 167.4, 167.3, 166.7, 166.0, 167.3, 166.1, 166.7, 166.7, 166.7, 166.7, 166.1, 166.6, 166.7, 166.7, 166.0, 166.0, 166.0, 165.3, 165.3, 165.9, 165.2, 164.4, 165.3, 166.0, 165.3, 166.0, 164.7, 165.5, 166.1, 165.4, 165.4, 164.7, 165.3, 165.3, 165.3, 165.3, 165.4, 165.5, 164.7, 165.4, 164.7, 164.9, 164.7, 164.6, 164.8, 164.0, 164.6, 165.2, 164.7, 163.9, 164.8, 165.5, 165.0, 165.0, 165.0, 165.7, 165.0, 165.7, 166.3, 165.7, 165.6, 166.3, 166.4, 166.3, 166.4, 166.2, 164.9, 165.3, 163.7, 163.7, 163.7, 165.3, 165.3, 164.7, 165.5, 164.9, 165.0, 165.0, 165.0, 165.0, 165.6, 164.9, 165.0, 165.6, 165.0, 166.2, 165.0, 165.6, 165.0, 165.6, 166.2, 164.9, 164.1, 164.7, 164.3, 163.7, 164.6, 163.9, 163.9, 163.9, 163.8, 163.8, 164.8, 164.0, 163.9, 164.8, 164.1, 164.8, 164.9, 164.2, 164.2, 164.9, 164.3, 164.2, 163.5, 163.7, 164.3, 165.0, 165.0, 164.4, 165.0, 165.0, 164.5, 164.9, 164.7, 164.0, 163.3, 164.0, 164.0, 164.6, 164.7, 164.1]"
14,"[166.4, 166.2, 165.6, 165.6, 165.6, 165.7, 165.0, 165.7, 166.4, 167.0, 166.4, 166.5, 167.0, 167.7, 167.7, 167.1, 167.7, 167.7, 166.4, 166.4, 166.4, 165.9, 167.1, 166.5, 165.9, 165.9, 165.9, 165.8, 165.8, 166.5, 165.2, 165.2, 165.9, 165.1, 166.4, 165.8, 165.8, 165.2, 165.2, 164.5, 165.2, 165.8, 165.8, 164.5, 165.8, 164.6, 164.7, 164.5, 165.2, 165.2, 164.6, 163.9, 165.2, 165.2, 164.6, 165.1, 165.2, 165.7, 165.2, 165.2, 165.2, 164.6, 163.9, 164.6, 163.3, 165.2, 164.0, 164.6, 164.4, 165.1, 167.8, 169.0, 170.2, 170.8, 170.2, 170.2, 169.6, 170.2, 169.0, 169.0, 169.6, 168.9, 168.3, 168.4, 167.7, 167.1, 167.7, 167.1, 167.1, 167.2, 165.8, 166.4, 166.5, 166.5, 167.0, 167.1, 166.4, 165.7, 166.5, 165.7, 166.4, 166.4, 167.0, 166.5, 166.4, 166.4, 166.4, 166.4, 166.5, 165.8, 166.4, 165.7, 167.1, 165.9, 165.8, 165.8, 166.4, 165.2, 165.8, 164.6, 164.6, 164.6, 165.3, 166.0, 165.1, 165.1, 165.8, 167.2, 167.2, 167.8, 169.0, 169.7, 170.2, 169.7, 169.0, 170.2, 170.2, 170.8, 170.8, 170.8, 170.2, 169.0, 169.6, 169.6, 169.6, 171.4, 171.4, 170.2, 170.8, 170.2, 170.2, 170.2, 169.6, 170.2, 169.6, 170.2, 170.8, 171.4, 172.0, 170.8, 170.2, 170.2, 169.6, 170.2, 170.2, 170.2, 169.0, 169.6, 169.6, 169.6, 170.2, 170.2, 170.8, 169.6, 170.2, 170.8, 170.2, 170.2, 170.8, 170.2, 169.0, 170.2, 170.2, 169.6, 169.0, 169.6, 169.6, 168.4, 169.6, 169.6, 168.9, 169.6, 169.6, 170.8, 169.6, 169.6, 169.6, 169.0, 169.6, 169.7, 168.4, 167.8, 169.0, 169.0, 169.6, 169.6, 168.3, 169.6, 168.4, 169.6, 169.6, 169.0, 169.0, 168.3, 167.7, 169.0, 168.3, 167.0, 169.0, 168.9, 168.9, 169.6, 168.9, 169.0, 169.0, 167.7, 169.0, 169.0, 168.9, 168.3, 168.4, 169.6, 169.0, 168.9, 168.3, 169.0, 168.3, 168.4, 169.6, 169.0, 168.4, 168.3, 167.7, 168.4, 168.3, 168.9, 169.6, 169.0, 168.4, 169.0, 169.6, 169.6, 168.4, 169.6, 168.9, 169.0, 168.3, 168.3, 168.3, 168.4, 167.7, 167.1, 167.7, 167.0, 167.7, 168.3, 167.7, 167.7, 167.2, 167.1, 167.1, 166.4, 165.8, 167.1, 165.7, 166.4, 166.4, 167.0, 167.0, 165.7, 165.1, 165.8, 166.4, 167.0, 166.4, 165.7, 166.4, 165.8, 167.1, 167.0, 166.5, 166.4, 167.0, 167.0, 165.7, 166.4, 165.7, 167.0, 166.4, 166.4, 167.2, 167.7, 167.1, 165.2, 164.5, 165.7, 165.7, 165.7, 166.4, 166.4, 165.7, 165.8, 165.7, 166.3, 165.7, 165.7, 166.4, 166.4, 167.1, 166.4, 166.4, 167.1, 166.5, 167.1, 167.0, 166.4, 166.4, 166.4, 166.4, 165.8, 166.4, 168.4, 168.4, 168.3, 167.1, 167.0, 167.1, 167.8, 167.7, 166.4, 165.8, 168.4, 166.5, 166.4, 165.7, 167.0, 166.4, 166.4, 165.8, 165.1, 165.8, 165.7, 165.7, 166.3, 167.7, 166.4, 166.4, 165.8, 166.4, 166.4, 166.4, 166.4, 167.0, 166.4, 165.7, 166.4, 166.4, 165.7, 166.4, 165.8, 165.8, 165.8, 166.4, 166.5, 165.1, 165.8, 165.8, 165.7, 167.1, 167.1, 167.0, 166.5, 167.1, 165.8, 165.8, 166.4, 166.4, 165.8, 165.8, 165.7, 166.4, 165.8, 165.9, 166.4, 166.5, 165.1, 165.8, 166.4, 166.4, 165.7, 165.2, 165.7, 167.1, 165.7, 165.8, 164.6, 165.8, 166.4, 165.8, 165.8, 165.2, 165.2, 164.6, 165.3, 165.2, 165.8, 165.8, 165.2, 165.8, 165.3, 164.6, 165.3, 164.6, 164.6, 165.3, 165.2, 165.1, 164.5, 165.7, 165.2, 165.2, 164.5, 164.6, 165.2, 164.6, 164.0, 165.1, 165.2, 164.6, 165.2, 165.2, 165.3, 164.6, 164.7, 165.2, 164.0, 164.6, 164.6, 164.6, 164.0, 164.6, 165.2, 165.2, 165.2, 164.5, 165.2, 164.5, 165.2, 164.6, 164.6, 165.2, 165.3, 164.6, 165.2, 164.6, 164.6, 163.9, 165.3, 164.0, 164.6, 164.6, 164.6, 164.6, 164.7, 165.2, 164.1, 163.9, 164.7, 164.5, 164.6, 164.7, 165.2, 164.0, 164.5, 165.2, 164.5, 165.2, 164.5, 165.2, 164.6, 164.6, 164.6, 164.6, 164.0, 163.9, 165.2, 165.9, 165.2, 165.2, 165.2, 165.9, 165.2, 165.2, 165.8, 166.6, 167.1, 165.9, 165.2, 165.3, 165.1, 165.1, 165.2, 166.6, 166.5, 166.5, 166.5, 166.5, 167.2, 166.5, 166.6, 166.5, 166.0, 166.5, 166.5, 166.6, 166.0, 167.2, 166.5, 166.5, 165.9, 165.8, 165.9, 167.1, 165.2, 165.9, 165.8, 165.8, 165.9, 166.5, 167.1, 167.1, 167.1, 167.7, 167.1, 167.1, 167.1, 167.1, 167.1, 167.2, 167.2, 167.8, 167.8, 169.0, 169.0, 169.6, 169.6, 169.0, 168.4, 168.4, 168.4, 167.9, 167.8, 168.4, 167.8, 167.8, 168.4, 167.8, 168.4, 167.8, 169.0, 167.8, 168.4, 169.6, 169.0, 169.0, 169.0, 168.4, 167.7, 168.4, 168.4, 169.0, 170.2, 169.6, 169.0, 170.2, 170.2, 170.2, 170.2, 170.2, 169.0, 170.2, 170.2, 170.8, 170.8, 172.0, 171.4, 172.0, 172.0, 172.0, 171.4]"
14,"[171.4, 169.4, 168.8, 169.5, 170.1, 170.8, 169.6, 169.6, 169.0, 169.0, 168.3, 169.0, 168.4, 167.8, 169.0, 169.0, 169.0, 168.4, 169.0, 167.8, 168.4, 167.8, 167.2, 169.0, 168.4, 167.8, 167.2, 168.4, 167.7, 168.3, 168.4, 168.4, 167.8, 168.4, 168.4, 168.4, 169.0, 169.0, 169.6, 170.8, 172.0, 171.4, 170.8, 170.2, 169.0, 170.2, 169.0, 170.2, 169.0, 169.6, 169.0, 169.0, 169.0, 169.0, 169.0, 169.0, 169.0, 168.4, 168.4, 168.9, 167.7, 167.8, 168.3, 169.0, 168.3, 169.0, 169.0, 168.3, 168.4, 168.3, 168.3, 169.6, 170.2, 170.2, 169.6, 168.9, 170.2, 170.8, 170.8, 170.8, 170.8, 170.2, 169.6, 169.6, 168.4, 168.3, 167.7, 167.1, 167.1, 167.7, 167.1, 167.8, 165.7, 166.4, 167.7, 167.7, 168.3, 168.4, 168.4, 167.1, 167.1, 167.7, 167.1, 167.7, 166.4, 166.4, 167.7, 166.4, 165.8, 165.7, 165.2, 165.7, 165.8, 165.8, 165.2, 165.0, 165.7, 165.1, 165.1, 165.1, 166.4, 165.2, 164.5, 166.4, 167.0, 168.4, 168.9, 168.3, 168.9, 169.0, 169.6, 169.0, 169.6, 169.0, 168.4, 168.4, 168.4, 169.0, 168.4, 169.0, 169.0, 169.0, 169.6, 170.2, 169.0, 168.4, 170.2, 170.2, 170.8, 171.4, 170.8, 170.2, 170.2, 171.4, 170.8, 172.0, 170.8, 172.6, 172.0, 172.6, 171.4, 170.2, 170.2, 170.8, 172.0, 171.4, 171.4, 171.4, 171.4, 171.4, 172.0, 171.4, 170.8, 170.8, 172.0, 172.0, 172.6, 172.0, 172.0, 172.0, 172.0, 172.0, 172.0, 171.4, 172.0, 171.4, 171.4, 172.0, 171.4, 171.4, 171.4, 170.8, 170.2, 170.8, 170.8, 172.0, 172.0, 171.4, 172.0, 172.0, 171.4, 172.0, 172.0, 170.8, 170.8, 170.8, 170.8, 171.4, 171.4, 170.8, 170.8, 170.8, 170.8, 171.4, 171.4, 170.2, 171.4, 171.4, 170.2, 170.2, 171.4, 171.4, 172.0, 171.4, 172.0, 171.4, 171.4, 171.4, 171.4, 172.0, 171.4, 170.8, 171.4, 171.4, 171.4, 170.8, 171.4, 171.4, 171.4, 170.8, 171.4, 170.8, 170.2, 169.6, 169.6, 169.6, 171.4, 171.4, 172.0, 172.0, 171.4, 172.0, 170.8, 170.8, 170.8, 170.8, 170.8, 170.8, 170.8, 170.2, 170.8, 170.8, 171.5, 171.4, 171.4, 171.4, 171.4, 171.4, 172.0, 172.6, 171.4, 171.4, 172.0, 172.0, 172.6, 172.0, 171.4, 171.4, 170.8, 170.8, 171.4, 171.4, 172.0, 172.0, 172.0, 172.0, 172.0, 172.0, 171.4, 172.0, 171.4, 171.4, 172.6, 172.6, 170.8, 171.4, 172.0, 170.8, 171.4, 171.4, 170.8, 171.4, 171.4, 172.0, 172.0, 172.0, 171.4, 171.4, 172.0, 171.4, 170.8, 172.0, 172.0, 172.0, 171.4, 172.0, 172.0, 171.5, 171.4, 171.4, 170.3, 170.8, 171.4, 172.0, 171.4, 172.0, 170.9, 172.0, 172.0, 172.0, 171.4, 172.0, 171.4, 170.8, 172.0, 171.4, 172.0, 171.4, 172.0, 172.0, 172.0, 171.4, 172.0, 172.0, 172.0, 171.4, 172.0, 172.6, 172.6, 172.0, 172.0, 172.6, 171.4, 172.0, 172.0, 172.0, 172.0, 172.6, 172.6, 172.0, 172.6, 172.6, 171.4, 172.6, 172.0, 172.0, 172.0, 172.0, 172.6, 172.0, 171.4, 172.6, 171.4, 170.8, 171.4, 171.4, 172.0, 172.0, 172.0, 172.6, 172.0, 172.0, 172.6, 172.6, 172.0, 172.0, 172.0, 172.6, 172.6, 172.0, 172.6, 172.0, 172.6, 172.0, 171.4, 171.4, 171.4, 170.8, 171.4, 170.8, 170.8, 170.8, 170.8, 170.2, 170.8, 170.8, 170.2, 170.8, 170.2, 170.2, 170.2, 170.2, 170.2, 170.8, 170.2, 170.2, 170.2, 169.6, 169.0, 170.2, 169.6, 170.2, 170.2, 169.6, 169.6, 169.0, 169.6, 169.6, 170.8, 170.8, 170.2, 169.0, 169.0, 169.6, 169.0, 168.4, 169.0, 168.4, 169.0, 168.4, 169.0, 169.0, 168.4, 169.0, 168.4, 169.0, 169.0, 168.4, 169.0, 168.4, 167.2, 167.8, 168.4, 167.8, 167.8, 167.8, 169.0, 169.0, 168.4, 168.4, 167.8, 168.4, 169.0, 167.8, 168.4, 167.8, 167.8, 167.8, 168.4, 167.8, 167.8, 168.4, 167.8, 168.4, 168.4, 167.8, 168.4, 167.8, 168.4, 167.8, 167.8, 168.4, 167.1, 168.4, 167.7, 167.1, 167.8, 167.1, 167.8, 168.4, 167.8, 167.1, 167.1, 167.1, 167.1, 166.5, 167.8, 167.2, 167.2, 167.8, 166.6, 167.2, 167.2, 167.2, 168.4, 167.1, 167.1, 167.8, 168.4, 167.8, 167.8, 167.8, 167.8, 167.2, 167.1, 168.4, 169.0, 168.4, 167.8, 167.2, 167.8, 167.8, 167.7, 167.8, 167.2, 167.1, 167.8, 167.8, 167.8, 168.4, 167.8, 168.3, 168.4, 168.4, 167.8, 168.4, 168.4, 168.4, 168.4, 168.4, 167.7, 168.9, 169.0, 168.4, 169.0, 169.0, 169.0, 169.6, 168.4, 168.4, 168.4, 167.8, 167.8, 167.8, 168.4, 168.4, 168.4, 167.7, 167.8, 167.8, 167.8, 167.8, 167.8, 167.8, 168.4, 167.7, 168.4, 168.4, 168.3, 169.6, 168.9, 169.6, 169.0, 168.3, 169.0, 168.4, 168.4, 169.0, 169.0, 169.0, 168.3, 167.7, 167.7, 168.4, 169.6, 168.4, 169.0, 168.9, 169.6, 169.0, 169.0, 168.3, 168.4, 168.4, 169.0, 169.0, 169.0, 167.7, 169.0, 169.6]"
14,"[168.8, 171.3, 170.7, 170.1, 170.7, 170.8, 168.3, 168.9, 167.7, 167.7, 167.8, 167.8, 167.8, 168.4, 168.4, 168.4, 167.8, 167.7, 167.7, 168.3, 168.3, 167.8, 169.0, 169.0, 168.3, 167.8, 169.0, 169.0, 167.8, 167.8, 168.4, 167.7, 167.7, 167.7, 167.0, 167.1, 167.1, 166.5, 167.8, 168.3, 167.7, 167.8, 167.8, 166.6, 166.4, 167.8, 167.8, 167.1, 167.1, 167.8, 167.7, 167.8, 168.4, 167.8, 168.3, 167.1, 167.8, 167.7, 167.2, 167.7, 167.2, 167.8, 167.0, 167.2, 167.2, 167.0, 167.1, 167.7, 167.8, 167.7, 168.4, 168.3, 169.0, 170.8, 172.6, 172.6, 172.0, 171.4, 170.2, 171.4, 171.4, 172.0, 171.4, 172.0, 172.6, 171.4, 171.4, 170.8, 172.0, 170.8, 171.4, 171.4, 170.8, 171.4, 172.0, 172.6, 170.2, 170.2, 171.4, 170.8, 171.4, 170.2, 170.2, 169.6, 170.8, 169.6, 169.0, 169.6, 170.2, 170.2, 170.2, 170.8, 170.2, 169.0, 169.0, 168.4, 168.4, 168.4, 168.4, 168.4, 168.4, 168.4, 169.0, 169.6, 170.2, 172.6, 171.4, 170.7, 168.9, 168.9, 168.9, 169.5, 170.2, 168.2, 169.5, 170.1, 170.2, 169.5, 170.8, 170.8, 170.2, 169.6, 169.5, 169.5, 169.5, 168.9, 168.2, 168.9, 168.3, 168.9, 169.5, 168.9, 168.9, 168.9, 167.7, 168.2, 168.3, 168.3, 167.6, 168.2, 168.3, 168.2, 168.9, 168.3, 168.9, 168.9, 168.9, 168.9, 168.3, 168.3, 168.9, 168.2, 167.5, 167.6, 168.2, 167.6, 168.2, 167.0, 166.9, 166.4, 166.3, 166.9, 165.6, 166.9, 166.8, 166.3, 166.9, 167.6, 168.2, 166.8, 167.5, 166.9, 166.2, 166.9, 166.9, 166.3, 167.6, 166.9, 166.2, 166.9, 167.5, 165.6, 166.2, 166.9, 167.5, 167.4, 166.4, 166.9, 166.9, 166.9, 166.9, 166.9, 166.2, 166.9, 167.5, 166.3, 166.9, 166.3, 165.5, 166.2, 166.8, 165.6, 165.6, 166.8, 166.9, 166.3, 166.9, 166.3, 166.2, 165.6, 166.2, 166.2, 165.6, 166.9, 165.7, 166.2, 165.6, 166.4, 166.3, 166.9, 166.2, 166.9, 166.2, 166.9, 166.9, 166.2, 166.2, 166.9, 166.9, 165.6, 167.0, 166.2, 166.2, 166.9, 167.6, 166.8, 167.5, 166.9, 166.9, 166.9, 166.2, 166.9, 166.9, 166.9, 166.3, 166.4, 165.7, 166.9, 165.7, 167.5, 166.9, 167.6, 166.9, 166.9, 167.5, 166.3, 166.9, 166.2, 166.3, 166.9, 167.5, 167.1, 167.6, 168.2, 168.2, 168.2, 168.2, 167.6, 167.5, 166.9, 166.2, 166.9, 166.9, 167.5, 168.2, 167.6, 167.6, 168.3, 168.3, 166.9, 167.0, 168.3, 167.0, 167.0, 166.9, 167.0, 167.0, 166.9, 167.7, 167.7, 167.1, 168.3, 168.3, 168.9, 168.9, 169.0, 167.8, 167.1, 167.7, 168.2, 167.7, 168.9, 167.7, 167.7, 167.1, 167.8, 167.1, 167.7, 167.1, 167.7, 168.2, 167.7, 167.7, 167.7, 167.7, 167.0, 168.4, 168.4, 167.7, 167.8, 167.6, 167.7, 167.7, 168.3, 167.0, 168.3, 167.7, 168.3, 167.7, 168.3, 168.3, 167.7, 168.2, 168.2, 167.6, 168.3, 168.3, 168.3, 167.7, 168.3, 167.7, 167.1, 167.7, 168.9, 167.7, 167.7, 167.6, 167.7, 167.0, 166.4, 167.0, 168.9, 167.0, 167.6, 167.6, 168.3, 167.6, 167.6, 167.0, 168.1, 168.2, 167.6, 167.6, 166.9, 166.3, 167.0, 166.9, 166.3, 167.6, 167.6, 167.0, 167.0, 167.0, 167.0, 167.6, 167.7, 167.6, 167.7, 167.7, 167.7, 168.3, 168.2, 168.3, 168.3, 168.9, 168.9, 168.9, 168.2, 168.3, 168.9, 168.9, 168.9, 168.3, 168.3, 169.5, 168.9, 168.3, 169.5, 168.9, 169.5, 169.5, 170.1, 168.9, 167.7, 168.3, 169.5, 168.9, 170.2, 170.1, 170.8, 171.4, 170.8, 169.6, 170.1, 170.1, 169.5, 169.5, 170.1, 170.1, 170.1, 169.5, 170.8, 170.8, 170.8, 170.1, 170.8, 169.5, 170.2, 169.5, 169.5, 169.6, 169.6, 169.6, 170.2, 170.1, 168.9, 169.6, 169.6, 169.5, 170.1, 169.6, 169.6, 170.8, 170.8, 170.8, 170.8, 171.4, 170.8, 170.2, 170.7, 170.1, 169.5, 170.7, 170.1, 170.1, 169.6, 168.9, 170.8, 170.2, 170.1, 170.1, 171.4, 170.8, 170.7, 170.1, 170.8, 170.8, 170.2, 170.1, 170.8, 170.2, 170.1, 170.8, 170.2, 171.4, 170.7, 170.1, 171.4, 169.5, 170.2, 170.1, 170.1, 171.4, 170.1, 170.1, 170.2, 170.1, 169.6, 170.7, 170.1, 170.1, 170.1, 168.9, 170.1, 170.1, 170.2, 171.4, 171.4, 170.1, 169.5, 171.4, 170.1, 170.8, 169.5, 169.5, 170.1, 170.1, 170.1, 170.1, 170.7, 170.1, 170.7, 169.5, 170.2, 170.1, 170.1, 171.4, 170.7, 171.4, 170.1, 170.1, 170.1, 170.1, 170.7, 170.1, 169.5, 170.1, 169.5, 170.1, 168.9, 168.2, 169.5, 170.1, 168.9, 170.1, 168.9, 169.5, 168.3, 168.3, 169.5, 169.5, 169.6, 168.9, 168.9, 168.2, 168.2, 167.7, 168.3, 168.9, 168.3, 168.3, 168.9, 168.9, 168.3, 168.9, 167.7, 168.2, 167.7, 166.9, 166.2, 167.6, 165.6, 167.5, 166.3, 167.6, 167.0, 167.6, 167.0, 167.5, 166.3, 166.2, 166.9, 166.9, 166.3, 166.2, 166.2, 166.2, 166.2, 167.4, 166.2]"
14,"[167.9, 165.8, 165.1, 165.8, 164.4, 164.3, 164.9, 165.8, 165.2, 165.8, 165.9, 165.8, 165.8, 165.8, 165.3, 165.9, 165.9, 166.0, 166.0, 166.2, 164.9, 165.4, 165.0, 165.7, 164.8, 165.4, 165.3, 165.4, 165.0, 164.9, 165.6, 164.9, 165.5, 165.0, 165.0, 163.9, 165.1, 164.4, 165.0, 165.0, 165.0, 164.2, 165.4, 165.5, 165.3, 166.7, 165.4, 166.2, 165.7, 166.7, 166.7, 165.4, 165.3, 165.4, 165.0, 165.4, 164.8, 167.3, 167.4, 166.0, 166.6, 166.5, 166.6, 166.6, 166.5, 165.3, 165.3, 165.3, 165.8, 165.3, 165.8, 166.5, 165.9, 166.7, 166.5, 166.7, 166.0, 165.3, 166.7, 166.0, 166.7, 166.1, 166.7, 164.9, 165.5, 166.2, 166.1, 166.2, 165.4, 166.7, 165.5, 165.5, 165.5, 165.0, 165.0, 165.0, 165.0, 166.2, 164.2, 164.3, 164.3, 165.4, 166.8, 167.2, 167.2, 166.6, 165.8, 165.9, 165.9, 165.9, 167.2, 165.9, 165.8, 165.8, 165.3, 165.4, 164.9, 165.4, 165.4, 165.4, 165.4, 165.5, 166.2, 166.0, 165.5, 165.6, 165.0, 165.0, 165.5, 165.7, 165.5, 165.6, 166.2, 165.6, 165.6, 165.4, 166.2, 166.1, 166.2, 166.2, 164.4, 165.0, 165.0, 165.1, 164.5, 163.8, 165.7, 165.0, 165.7, 165.1, 166.5, 165.8, 165.8, 166.4, 166.6, 166.6, 167.7, 166.6, 168.3, 169.0, 169.0, 169.6, 169.6, 169.0, 168.4, 169.0, 168.4, 169.0, 169.0, 168.9, 168.4, 169.0, 168.4, 168.4, 169.0, 169.0, 168.4, 169.6, 169.6, 168.4, 168.4, 169.0, 169.1, 169.7, 168.4, 169.0, 168.5, 170.2, 170.2, 171.4, 171.4, 170.2, 171.4, 170.2, 170.8, 170.8, 170.2, 170.8, 172.0, 170.8, 170.2, 169.0, 170.2, 170.2, 170.8, 170.2, 170.2, 170.2, 170.2, 169.6, 170.2, 169.7, 170.8, 170.2, 171.4, 170.2, 170.8, 171.4, 170.8, 171.4, 170.8, 170.8, 171.4, 170.8, 170.8, 170.8, 171.4, 172.0, 172.0, 172.0, 172.0, 172.6, 171.4, 172.0, 172.0, 172.6, 172.0, 172.0, 172.6, 172.0, 172.0, 172.0, 172.0, 171.4, 170.8, 172.6, 172.6, 171.4, 172.0, 171.4, 170.8, 170.8, 170.2, 170.8, 170.2, 170.8, 170.2, 169.6, 170.8, 169.6, 169.0, 169.0, 168.4, 167.8, 167.8, 169.0, 168.4, 169.0, 168.4, 167.2, 168.3, 167.8, 168.3, 167.7, 167.1, 168.2, 167.0, 167.2, 168.3, 168.3, 167.1, 168.3, 167.7, 167.7, 168.3, 168.4, 168.3, 168.3, 168.3, 167.7, 167.7, 167.0, 168.3, 167.7, 167.7, 167.7, 167.7, 168.3, 167.7, 167.7, 167.7, 167.2, 167.1, 166.6, 168.3, 168.3, 167.7, 167.7, 168.3, 168.3, 168.3, 168.3, 168.3, 168.3, 168.3, 168.9, 168.3, 168.3, 168.2, 168.3, 168.3, 168.9, 169.5, 168.3, 168.3, 167.7, 167.0, 167.7, 167.7, 168.2, 166.3, 167.6, 167.0, 167.0, 167.0, 166.4, 166.4, 167.0, 167.7, 167.1, 167.7, 167.0, 167.7, 167.7, 167.7, 168.3, 167.7, 168.3, 168.3, 168.2, 167.7, 167.7, 168.3, 167.7, 168.9, 167.6, 166.4, 166.9, 167.0, 166.9, 167.6, 167.5, 167.7, 167.0, 167.0, 167.0, 167.1, 166.2, 167.6, 167.7, 167.1, 167.0, 167.7, 167.7, 168.3, 168.3, 167.6, 167.7, 168.3, 168.2, 168.2, 169.5, 168.2, 167.7, 167.6, 168.9, 168.1, 168.2, 167.6, 167.7, 167.6, 168.3, 168.9, 168.3, 167.0, 167.7, 168.3, 168.3, 168.2, 168.3, 168.9, 167.7, 168.3, 169.5, 168.9, 169.6, 169.5, 170.1, 169.5, 170.7, 170.1, 169.6, 170.1, 169.6, 169.5, 170.2, 170.1, 170.1, 169.0, 170.1, 170.1, 169.6, 168.9, 169.5, 168.9, 169.6, 169.5, 168.9, 169.6, 169.6, 170.8, 168.9, 170.2, 170.2, 170.2, 170.2, 170.2, 169.6, 170.8, 170.8, 170.2, 171.4, 170.8, 170.8, 171.4, 171.4, 170.8, 171.4, 172.0, 172.0, 171.4, 172.0, 171.4, 171.4, 172.0, 171.4, 172.0, 172.0, 172.0, 172.0, 172.0, 172.0, 172.6, 172.0, 172.6, 172.0, 172.6, 172.6, 172.6, 172.6, 172.0, 172.0, 172.6, 172.6, 172.6, 172.0, 172.0, 172.6, 172.6, 172.6, 172.6, 172.6, 172.6, 172.0, 172.6, 171.4, 172.6, 172.0, 172.0, 172.0, 172.6, 172.0, 172.6, 172.0, 172.6, 172.0, 172.0, 172.6, 172.0, 172.6, 172.6, 171.4, 172.6, 172.6, 172.6, 172.6, 172.0, 170.8, 172.0, 172.6, 172.0, 172.6, 172.6, 172.0, 172.6, 172.6, 172.6, 172.6, 172.6, 172.0, 172.0, 172.6, 172.6, 172.0, 172.6, 172.6, 172.6, 172.0, 172.6, 172.6, 170.8, 172.0, 172.0, 172.0, 172.6, 172.6, 172.0, 172.0, 172.6, 172.6, 172.0, 172.6, 172.6, 172.6, 172.0, 172.6, 172.0, 171.4, 172.6, 172.0, 171.4, 170.8, 170.8, 172.0, 172.0, 172.0, 172.6, 172.6, 172.0, 172.0, 172.0, 172.0, 172.6, 172.0, 172.0, 172.0, 172.0, 172.6, 172.0, 172.6, 172.6, 172.0, 172.6, 172.6, 172.6, 172.0, 172.6, 172.6, 172.6, 172.0, 172.0, 172.0, 171.4, 171.4, 171.4, 170.8, 172.0, 171.4, 171.4, 171.4, 170.8, 171.4, 171.4, 171.4, 171.4, 170.8, 171.4, 170.1, 171.4, 170.8]"
14,"[166.2, 167.6, 166.9, 167.7, 168.2, 167.7, 167.0, 165.7, 167.0, 167.0, 166.4, 165.7, 165.1, 166.4, 167.0, 167.0, 167.0, 166.5, 168.3, 171.4, 170.2, 169.6, 169.6, 169.6, 169.6, 169.6, 169.6, 169.6, 169.6, 169.0, 169.6, 169.7, 170.2, 170.2, 170.8, 170.2, 170.8, 172.6, 171.4, 172.0, 172.0, 172.0, 172.6, 171.4, 170.8, 171.4, 172.6, 172.0, 172.0, 171.4, 171.4, 170.8, 170.2, 170.8, 170.8, 170.2, 170.2, 169.6, 170.2, 169.6, 170.8, 170.8, 171.4, 170.8, 170.8, 170.8, 169.6, 170.2, 170.2, 168.9, 168.9, 169.6, 168.4, 168.9, 169.6, 169.6, 169.6, 169.6, 169.6, 168.4, 169.0, 168.3, 168.4, 167.7, 168.3, 168.3, 167.7, 169.6, 168.9, 168.3, 168.4, 168.4, 167.7, 167.1, 167.1, 167.1, 167.0, 168.9, 167.7, 167.1, 167.1, 166.5, 167.1, 167.1, 167.0, 167.0, 167.7, 167.0, 167.1, 167.1, 168.9, 169.6, 168.9, 168.3, 167.7, 167.7, 167.1, 167.1, 167.1, 166.4, 165.7, 167.1, 167.1, 167.2, 169.0, 169.0, 169.0, 169.6, 169.6, 169.6, 169.0, 169.0, 171.4, 171.4, 171.4, 170.2, 170.2, 170.2, 170.2, 169.6, 169.6, 169.6, 169.6, 170.8, 170.8, 170.2, 170.2, 170.8, 170.8, 170.8, 170.8, 170.8, 170.8, 171.4, 171.5, 171.4, 172.0, 172.0, 172.0, 172.0, 172.0, 170.8, 171.4, 171.4, 170.8, 171.4, 170.8, 170.8, 172.0, 172.0, 172.6, 172.0, 172.0, 171.4, 170.2, 170.2, 172.6, 172.0, 172.6, 172.6, 172.6, 171.4, 171.4, 172.0, 171.4, 172.0, 172.6, 172.6, 172.0, 172.0, 172.0, 172.0, 170.2, 169.7, 169.0, 168.4, 168.4, 167.7, 168.9, 168.4, 169.0, 169.0, 169.6, 169.0, 169.7, 169.0, 168.4, 169.0, 169.6, 169.6, 169.0, 169.0, 168.5, 168.4, 169.0, 168.3, 168.3, 167.0, 167.7, 167.7, 168.3, 167.7, 167.7, 167.6, 167.7, 168.3, 168.3, 168.3, 168.3, 168.3, 168.3, 168.9, 168.4, 167.8, 168.4, 167.8, 169.0, 168.4, 168.4, 168.3, 167.7, 168.9, 168.2, 167.0, 167.7, 167.6, 167.0, 167.0, 167.0, 165.8, 167.0, 168.2, 167.0, 165.1, 165.1, 165.7, 165.7, 165.0, 165.7, 165.7, 165.7, 165.8, 167.0, 166.4, 165.7, 165.1, 166.4, 166.4, 165.2, 165.0, 165.7, 165.7, 165.1, 165.1, 165.1, 165.7, 165.8, 166.4, 165.0, 165.7, 165.7, 165.7, 165.1, 165.0, 165.1, 165.7, 165.7, 165.8, 165.0, 166.4, 166.4, 166.4, 166.4, 165.7, 166.4, 165.7, 165.7, 165.7, 166.4, 165.7, 165.1, 165.1, 165.1, 165.1, 166.4, 165.7, 165.7, 165.0, 165.7, 163.8, 165.0, 165.2, 164.5, 165.2, 165.8, 165.1, 165.8, 165.7, 167.0, 167.6, 166.3, 167.0, 167.7, 167.6, 166.4, 166.4, 167.0, 165.7, 165.7, 166.3, 167.6, 165.1, 165.8, 167.6, 166.4, 166.4, 165.7, 167.0, 166.3, 166.9, 165.7, 165.2, 165.1, 165.7, 165.2, 166.3, 164.4, 165.3, 164.5, 166.4, 166.3, 165.8, 166.9, 166.2, 166.4, 165.7, 165.7, 166.4, 165.8, 165.1, 165.2, 167.0, 166.4, 166.4, 166.4, 166.4, 166.4, 167.0, 165.7, 165.0, 165.9, 165.8, 166.4, 166.3, 166.3, 165.5, 165.8, 166.4, 165.7, 167.0, 166.4, 166.9, 166.2, 166.9, 167.6, 167.0, 167.7, 167.0, 167.0, 166.4, 167.0, 167.1, 167.7, 167.7, 168.3, 167.7, 167.8, 168.4, 169.0, 169.0, 168.9, 169.0, 169.0, 169.0, 169.6, 169.6, 170.2, 169.0, 169.6, 169.0, 169.0, 168.9, 168.9, 169.5, 169.5, 169.5, 169.6, 170.2, 168.4, 169.6, 168.4, 169.6, 169.6, 170.2, 171.4, 170.8, 170.8, 171.4, 171.4, 171.4, 170.2, 169.6, 171.4, 171.4, 170.8, 172.0, 172.6, 172.6, 172.6, 172.6, 172.0, 172.6, 172.6, 172.6, 172.0, 172.0, 172.0, 172.0, 172.0, 172.6, 172.0, 172.6, 172.0, 171.4, 171.4, 172.6, 172.6, 172.0, 172.6, 172.0, 172.6, 172.6, 172.0, 172.6, 172.6, 171.4, 170.8, 172.0, 172.6, 172.0, 172.6, 172.6, 172.0, 172.6, 172.6, 172.6, 172.6, 172.0, 172.0, 172.6, 172.6, 172.0, 172.0, 172.0, 172.0, 171.4, 172.0, 172.0, 172.0, 172.0, 172.0, 172.0, 172.0, 172.6, 171.4, 172.0, 172.6, 172.6, 172.6, 172.0, 172.0, 172.6, 172.6, 172.6, 172.0, 172.6, 172.0, 172.6, 172.6, 172.0, 172.0, 172.0, 171.4, 172.0, 172.0, 172.0, 172.0, 170.8, 170.8, 172.0, 170.8, 169.5, 170.1, 170.1, 170.1, 171.4, 171.4, 170.2, 170.8, 171.4, 170.8, 170.8, 170.7, 170.1, 170.1, 170.1, 169.5, 170.1, 170.8, 170.7, 170.1, 170.8, 170.7, 171.4, 171.4, 170.8, 171.4, 170.8, 170.8, 170.8, 170.8, 171.4, 170.8, 170.8, 169.6, 170.2, 169.6, 168.9, 168.9, 168.3, 167.7, 168.3, 168.9, 167.7, 168.3, 168.2, 168.2, 167.6, 167.1, 167.6, 167.0, 167.0, 168.3, 167.7, 167.7, 168.2, 167.6, 167.7, 168.2, 167.0, 167.6, 166.9, 167.0, 168.2, 167.7, 167.6, 168.2, 167.6, 168.3, 167.1, 168.3, 169.0, 168.9, 168.3, 168.9, 168.3, 168.2, 168.2, 168.3, 168.9]"
14,"[166.2, 167.6, 166.2, 168.2, 168.2, 168.2, 167.7, 168.3, 169.6, 168.4, 167.7, 167.7, 168.3, 168.3, 167.7, 167.7, 167.1, 167.1, 168.3, 168.3, 168.4, 168.4, 168.4, 168.4, 168.4, 166.4, 165.7, 166.4, 165.8, 167.0, 165.3, 166.5, 167.0, 167.7, 167.1, 167.7, 167.7, 168.3, 169.0, 168.3, 167.1, 167.7, 167.7, 167.7, 168.3, 167.0, 167.7, 168.4, 167.7, 167.0, 166.4, 168.4, 167.0, 167.0, 165.7, 165.3, 165.2, 166.4, 165.7, 167.0, 167.0, 169.6, 168.9, 167.7, 168.4, 170.2, 170.2, 170.8, 169.6, 169.6, 168.3, 169.0, 169.0, 168.4, 168.3, 168.4, 167.7, 167.7, 168.3, 167.8, 167.8, 167.8, 167.1, 168.4, 167.1, 168.4, 167.2, 168.4, 167.0, 167.1, 167.0, 166.4, 166.5, 167.8, 167.1, 166.5, 166.4, 167.2, 167.7, 167.8, 167.1, 167.7, 167.1, 167.8, 166.5, 167.7, 167.7, 167.1, 167.7, 167.0, 167.0, 167.7, 166.4, 167.1, 167.1, 167.1, 167.7, 166.4, 166.5, 167.1, 166.4, 167.1, 167.1, 166.5, 166.4, 165.7, 167.0, 167.7, 168.4, 168.3, 169.0, 168.4, 169.0, 169.6, 169.6, 169.0, 169.0, 169.6, 170.2, 170.8, 171.4, 171.4, 171.4, 170.2, 170.2, 170.8, 171.4, 171.4, 172.0, 172.0, 172.0, 172.6, 172.0, 172.0, 172.0, 170.2, 171.4, 171.4, 172.0, 172.6, 172.6, 172.0, 171.4, 172.0, 171.4, 172.6, 172.6, 171.4, 171.4, 172.0, 172.0, 171.4, 170.2, 169.6, 169.0, 169.0, 169.0, 168.4, 168.3, 168.3, 169.6, 168.9, 169.0, 168.4, 169.0, 169.0, 169.6, 169.6, 168.4, 167.8, 169.0, 169.0, 169.0, 168.4, 168.4, 169.0, 169.0, 168.4, 169.0, 168.5, 169.1, 168.4, 169.0, 170.2, 168.5, 168.5, 169.6, 169.0, 168.4, 168.3, 168.3, 167.7, 168.3, 167.7, 167.7, 167.7, 166.5, 167.1, 167.6, 168.8, 168.9, 168.3, 168.2, 167.7, 167.6, 167.6, 167.6, 165.7, 167.6, 167.0, 167.6, 167.7, 166.4, 167.7, 167.6, 167.6, 167.0, 167.0, 167.0, 167.6, 168.3, 166.9, 168.3, 167.6, 166.3, 165.7, 167.0, 166.4, 165.7, 165.1, 165.2, 163.9, 165.1, 165.7, 165.8, 165.8, 164.6, 165.1, 165.0, 165.1, 165.1, 165.8, 165.7, 165.7, 165.2, 165.0, 165.1, 165.1, 166.4, 165.2, 167.0, 165.7, 166.4, 165.7, 165.1, 165.9, 165.8, 165.1, 166.4, 165.1, 165.1, 165.1, 165.7, 165.7, 165.8, 167.0, 166.4, 165.7, 165.7, 167.0, 165.7, 165.7, 166.9, 165.8, 166.3, 166.4, 166.3, 166.4, 166.4, 166.4, 167.0, 166.3, 166.4, 167.6, 165.7, 166.3, 166.2, 166.3, 166.4, 165.7, 166.4, 165.7, 164.6, 166.3, 166.3, 166.3, 166.9, 165.8, 166.3, 166.3, 166.2, 165.7, 165.0, 164.5, 166.2, 165.7, 165.0, 167.0, 166.9, 165.1, 165.7, 166.4, 167.0, 165.1, 165.1, 165.8, 165.7, 165.1, 165.0, 166.3, 165.1, 165.8, 164.5, 165.2, 165.7, 165.7, 165.1, 165.7, 165.7, 164.3, 165.0, 166.3, 165.0, 166.3, 165.7, 166.2, 164.5, 166.3, 165.0, 166.4, 167.0, 166.9, 165.7, 165.7, 166.4, 166.4, 165.6, 166.9, 165.7, 165.7, 165.7, 165.0, 167.6, 166.9, 166.4, 165.7, 166.3, 166.9, 166.4, 165.0, 166.4, 167.0, 167.0, 165.6, 166.3, 166.2, 166.3, 165.7, 166.3, 166.3, 166.2, 166.9, 167.0, 166.2, 166.9, 166.9, 166.4, 166.3, 167.5, 166.9, 166.7, 166.9, 166.2, 166.3, 166.2, 166.2, 166.2, 167.5, 167.5, 168.1, 167.6, 166.9, 168.1, 168.1, 167.6, 166.4, 167.0, 167.0, 167.0, 167.6, 167.6, 167.0, 168.3, 167.7, 168.2, 167.7, 167.7, 167.7, 168.3, 168.3, 168.3, 168.9, 168.2, 168.3, 167.6, 167.6, 168.3, 168.3, 168.3, 168.9, 168.9, 168.9, 168.9, 168.9, 168.2, 168.2, 167.7, 168.2, 167.6, 167.6, 168.2, 167.7, 167.0, 167.0, 167.0, 167.0, 167.0, 167.1, 167.0, 166.4, 165.7, 167.0, 167.0, 168.2, 166.9, 167.0, 165.7, 166.9, 166.9, 167.6, 166.2, 167.6, 167.6, 168.2, 166.9, 167.6, 167.6, 167.6, 166.3, 166.9, 167.6, 166.9, 167.6, 167.6, 167.0, 166.9, 167.0, 166.9, 168.2, 166.9, 167.6, 166.9, 166.4, 166.3, 166.9, 167.6, 167.6, 166.9, 167.6, 167.0, 166.9, 166.9, 166.3, 166.9, 166.9, 167.0, 166.9, 166.3, 166.3, 165.6, 165.5, 165.5, 165.5, 165.7, 166.2, 166.9, 166.3, 166.2, 165.6, 165.5, 166.2, 166.2, 167.0, 166.2, 166.2, 166.2, 166.3, 165.6, 166.3, 166.3, 164.9, 165.0, 165.7, 165.6, 165.5, 165.6, 164.9, 165.6, 164.9, 165.5, 165.0, 165.0, 164.9, 165.0, 165.7, 165.7, 164.9, 165.5, 165.6, 165.5, 165.5, 165.7, 165.4, 164.9, 165.5, 166.2, 165.5, 165.5, 165.5, 165.4, 165.6, 165.6, 164.9, 165.5, 164.9, 165.4, 165.4, 165.4, 165.4, 166.2, 165.4, 165.4, 164.8, 165.5, 165.5, 165.4, 165.4, 165.3, 164.9, 164.8, 164.9, 165.4, 165.5, 165.3, 164.1, 164.8, 164.8, 165.4, 165.4, 164.8, 164.1, 165.0, 164.9, 164.2, 164.8, 164.2, 164.2, 164.3, 164.8, 164.2]"
14,"[168.0, 167.3, 165.3, 165.0, 163.8, 164.3, 164.3, 165.3, 164.9, 164.5, 164.5, 165.1, 166.4, 165.3, 164.4, 164.5, 165.8, 165.7, 165.0, 165.0, 165.5, 165.0, 165.7, 165.1, 165.0, 165.0, 165.6, 165.6, 165.5, 165.5, 165.0, 165.4, 166.1, 164.9, 166.1, 165.8, 165.8, 166.6, 166.5, 165.8, 165.3, 164.7, 164.7, 164.7, 165.2, 165.3, 165.3, 165.3, 165.3, 164.6, 165.3, 165.3, 165.2, 164.4, 165.3, 164.0, 164.5, 165.2, 165.8, 165.2, 165.2, 164.5, 165.3, 165.8, 165.3, 166.3, 165.6, 164.9, 165.7, 165.6, 165.4, 165.3, 166.0, 165.3, 165.3, 166.2, 165.9, 165.9, 166.0, 165.4, 164.8, 166.2, 165.6, 164.8, 165.5, 165.3, 166.7, 165.4, 166.0, 165.9, 166.0, 165.2, 166.7, 166.6, 165.3, 166.0, 166.2, 165.6, 166.1, 166.7, 166.1, 166.1, 166.1, 166.2, 165.5, 166.1, 165.9, 166.6, 167.3, 165.9, 166.7, 166.7, 166.1, 166.2, 165.4, 164.2, 165.0, 165.0, 165.6, 165.7, 166.0, 166.6, 167.2, 166.0, 165.3, 164.4, 164.9, 165.6, 165.6, 164.9, 165.6, 164.9, 165.6, 165.6, 165.1, 166.2, 165.7, 166.3, 165.6, 165.7, 166.9, 165.6, 167.0, 166.9, 166.3, 166.9, 166.2, 166.9, 166.8, 167.4, 166.9, 166.4, 166.9, 167.0, 166.8, 166.3, 166.9, 165.7, 166.3, 166.9, 165.7, 165.7, 166.3, 166.9, 165.7, 166.9, 166.9, 166.4, 167.0, 166.3, 165.7, 167.0, 166.3, 167.0, 166.4, 166.4, 167.0, 167.7, 167.7, 168.3, 168.3, 167.7, 167.6, 167.0, 167.7, 168.9, 167.6, 166.9, 167.6, 167.7, 167.6, 167.0, 168.3, 167.7, 167.7, 167.7, 168.4, 168.9, 168.2, 167.7, 168.3, 167.7, 167.7, 167.7, 167.0, 167.7, 168.3, 167.8, 167.1, 167.1, 167.6, 167.1, 167.0, 167.7, 166.9, 166.3, 166.9, 167.0, 167.7, 167.0, 167.0, 167.7, 167.7, 167.7, 167.6, 167.0, 168.3, 167.2, 167.7, 167.0, 166.4, 166.4, 166.5, 166.9, 166.4, 166.3, 167.7, 167.6, 167.6, 167.6, 167.7, 167.7, 166.4, 166.9, 167.0, 167.0, 166.9, 166.4, 166.4, 167.0, 168.2, 166.9, 166.9, 165.7, 166.4, 167.0, 167.7, 166.3, 167.0, 167.0, 166.3, 166.4, 166.3, 166.3, 166.3, 166.4, 166.3, 166.9, 166.9, 166.3, 166.3, 165.7, 166.4, 166.4, 166.4, 166.4, 167.0, 166.4, 167.0, 166.4, 166.4, 165.5, 166.9, 165.6, 166.3, 166.2, 165.6, 166.3, 166.3, 166.4, 166.9, 165.0, 165.0, 165.1, 166.2, 166.1, 165.5, 167.0, 165.6, 166.2, 166.2, 165.6, 166.2, 166.3, 165.7, 166.2, 166.4, 166.3, 165.7, 165.6, 165.7, 165.7, 166.4, 165.7, 166.2, 165.7, 165.0, 165.0, 165.6, 165.6, 166.2, 165.7, 165.6, 166.2, 165.5, 165.5, 165.5, 165.6, 165.7, 165.6, 165.6, 165.6, 165.6, 165.6, 165.7, 165.6, 166.3, 165.6, 166.2, 166.3, 165.7, 166.2, 166.2, 165.6, 166.3, 166.4, 165.7, 166.3, 166.2, 165.5, 166.3, 166.9, 166.2, 166.3, 166.9, 167.0, 166.3, 167.0, 166.3, 166.3, 167.0, 166.9, 166.9, 166.3, 166.2, 166.9, 166.3, 166.4, 166.3, 166.3, 166.9, 166.3, 166.4, 166.4, 166.9, 167.0, 166.9, 167.1, 167.0, 166.9, 167.0, 167.6, 166.3, 167.6, 167.6, 166.2, 167.0, 166.4, 167.6, 167.6, 167.6, 167.0, 167.6, 166.9, 166.8, 166.1, 166.9, 166.9, 165.6, 167.0, 166.2, 166.2, 166.4, 166.2, 166.2, 166.4, 167.7, 167.6, 166.3, 167.6, 167.0, 166.3, 167.0, 166.3, 167.0, 166.3, 166.4, 166.9, 166.4, 166.3, 167.6, 167.0, 167.7, 168.8, 168.2, 167.6, 167.6, 167.6, 168.3, 168.2, 167.0, 167.6, 167.0, 168.3, 167.0, 167.0, 167.7, 168.3, 168.3, 168.2, 168.2, 168.3, 168.3, 168.3, 168.9, 168.2, 168.9, 168.9, 168.3, 168.9, 168.2, 168.3, 168.2, 168.3, 169.5, 167.6, 169.5, 169.5, 168.8, 168.2, 168.9, 168.9, 168.9, 169.5, 169.5, 168.9, 169.5, 169.5, 169.5, 168.9, 168.2, 169.5, 170.1, 170.1, 169.5, 169.5, 169.5, 169.5, 168.9, 169.5, 169.5, 169.5, 168.8, 169.5, 169.5, 169.5, 168.9, 170.1, 170.2, 169.5, 169.5, 170.1, 169.5, 169.5, 170.1, 169.5, 170.1, 169.4, 168.9, 169.5, 170.1, 169.5, 170.1, 170.1, 170.7, 170.8, 171.4, 170.8, 170.7, 170.2, 170.1, 169.5, 171.4, 170.1, 170.8, 170.1, 170.1, 169.5, 168.9, 169.5, 169.5, 170.1, 169.5, 169.5, 170.1, 168.9, 168.2, 168.2, 168.9, 167.7, 168.2, 168.3, 168.2, 168.3, 168.9, 168.9, 168.2, 168.9, 168.2, 168.9, 168.2, 168.8, 168.8, 168.9, 168.8, 168.9, 168.8, 168.9, 168.9, 168.2, 168.3, 168.8, 168.8, 168.2, 168.2, 168.9, 168.2, 167.6, 167.6, 168.2, 168.3, 168.2, 168.3, 168.2, 168.2, 167.6, 168.2, 168.2, 168.8, 168.2, 169.5, 168.2, 167.7, 168.3, 168.8, 169.5, 168.2, 167.6, 167.6, 167.6, 167.6, 168.2, 168.2, 166.9, 166.9, 166.9, 167.7, 166.9, 166.3, 167.0, 167.1, 167.6, 167.7, 167.0, 167.6, 167.6, 168.2, 167.6, 167.6, 167.6]"
14,"[166.0, 165.9, 166.0, 166.5, 165.4, 166.0, 168.8, 168.2, 168.9, 168.9, 168.3, 168.3, 169.6, 169.6, 169.0, 165.2, 165.1, 165.1, 164.5, 164.5, 165.7, 165.1, 165.7, 164.5, 165.3, 164.5, 165.8, 165.2, 165.1, 165.3, 166.4, 167.7, 168.4, 168.9, 168.3, 168.9, 168.9, 167.0, 167.7, 168.3, 168.3, 169.6, 168.9, 168.9, 169.6, 168.9, 168.3, 168.9, 168.9, 168.9, 168.9, 168.3, 168.9, 168.9, 168.3, 167.7, 167.7, 168.3, 168.4, 167.2, 168.3, 167.1, 167.7, 168.3, 165.7, 165.0, 163.6, 165.5, 164.9, 164.9, 164.3, 165.0, 165.6, 164.3, 165.3, 166.0, 166.7, 165.6, 166.1, 166.3, 165.1, 166.1, 166.8, 167.4, 165.5, 165.4, 165.9, 165.8, 165.2, 165.1, 165.2, 165.3, 165.1, 164.5, 165.2, 165.2, 165.3, 164.6, 165.8, 166.0, 166.5, 165.6, 165.0, 165.0, 165.1, 165.1, 165.0, 164.4, 164.9, 165.6, 165.0, 165.0, 165.7, 165.1, 165.0, 165.7, 164.4, 165.1, 163.9, 164.5, 164.4, 165.1, 163.9, 165.0, 165.7, 165.7, 166.9, 166.9, 166.9, 166.3, 166.3, 165.6, 166.9, 166.3, 167.5, 167.5, 167.4, 166.9, 166.3, 166.3, 167.6, 166.4, 166.9, 166.9, 167.5, 168.2, 166.3, 166.2, 166.9, 166.9, 166.9, 166.2, 166.9, 166.3, 167.0, 167.7, 167.0, 168.2, 167.0, 165.8, 167.0, 168.3, 168.2, 167.0, 167.7, 167.7, 167.0, 167.1, 166.4, 167.7, 167.7, 167.0, 167.7, 168.3, 167.7, 167.7, 167.7, 167.7, 167.0, 167.2, 167.8, 168.3, 167.7, 167.7, 167.7, 167.7, 168.3, 167.6, 167.7, 167.7, 168.3, 167.7, 168.3, 167.7, 167.7, 168.3, 167.7, 168.4, 167.0, 167.1, 168.3, 166.4, 167.7, 167.0, 167.2, 167.7, 167.1, 167.0, 167.0, 167.7, 168.2, 168.3, 167.7, 168.3, 167.7, 167.1, 167.7, 168.3, 167.1, 168.3, 168.3, 167.7, 167.7, 167.8, 167.7, 167.2, 167.7, 168.4, 167.1, 167.7, 167.7, 167.7, 167.7, 167.7, 167.7, 168.3, 167.7, 167.7, 168.3, 168.3, 167.6, 166.9, 167.6, 168.3, 168.3, 167.7, 168.9, 167.7, 167.7, 168.9, 167.7, 168.3, 166.9, 167.0, 168.3, 166.9, 168.3, 167.0, 167.0, 166.3, 167.7, 167.0, 167.6, 166.4, 167.0, 166.9, 167.1, 166.4, 167.8, 166.4, 166.9, 166.9, 166.9, 166.9, 166.3, 166.3, 165.7, 166.3, 165.7, 167.0, 165.7, 165.7, 166.2, 166.9, 166.3, 166.3, 165.7, 166.3, 166.3, 166.2, 166.2, 166.4, 166.9, 166.2, 166.3, 167.0, 166.3, 166.9, 166.4, 165.6, 166.2, 166.9, 167.0, 165.7, 165.7, 166.4, 166.3, 166.9, 165.6, 165.7, 166.9, 166.3, 167.0, 166.4, 167.0, 166.4, 166.4, 166.4, 167.0, 166.4, 166.4, 167.0, 167.0, 167.0, 167.0, 167.0, 167.0, 166.9, 167.0, 166.9, 166.4, 167.0, 167.0, 166.4, 166.3, 166.3, 167.0, 166.2, 166.4, 167.0, 166.9, 167.0, 166.9, 167.0, 166.4, 166.3, 167.0, 166.9, 167.6, 167.7, 167.6, 167.7, 167.0, 167.0, 166.3, 167.0, 167.0, 167.0, 167.0, 167.1, 167.0, 166.4, 167.0, 166.9, 166.4, 166.3, 166.4, 166.9, 167.0, 165.7, 167.0, 167.0, 167.0, 167.0, 167.0, 166.4, 167.0, 166.4, 166.4, 167.0, 167.6, 167.6, 167.7, 167.0, 166.4, 167.7, 167.7, 167.6, 167.7, 167.7, 167.0, 167.0, 166.9, 166.9, 167.6, 167.6, 166.8, 167.5, 167.5, 168.2, 167.6, 166.3, 166.9, 167.0, 166.4, 166.4, 166.3, 167.0, 166.5, 167.7, 167.0, 167.0, 167.1, 167.2, 167.0, 167.7, 167.7, 167.7, 167.7, 168.3, 167.7, 168.3, 168.3, 168.2, 167.7, 167.0, 168.3, 168.3, 167.7, 168.2, 168.3, 168.9, 169.5, 169.5, 168.9, 169.5, 168.9, 168.3, 168.3, 168.3, 169.5, 170.1, 170.1, 170.2, 169.6, 169.5, 170.2, 170.8, 170.2, 169.6, 170.1, 169.5, 169.5, 170.1, 169.5, 169.5, 169.5, 170.7, 169.5, 170.2, 170.1, 168.3, 171.4, 170.8, 170.8, 170.2, 170.8, 170.1, 171.4, 170.1, 170.8, 171.4, 171.4, 170.8, 171.4, 170.1, 170.1, 171.4, 171.4, 171.4, 171.4, 170.8, 170.8, 170.8, 170.7, 171.4, 172.6, 170.1, 170.8, 171.4, 170.8, 170.7, 170.1, 170.1, 170.8, 170.8, 171.4, 171.4, 172.0, 172.0, 171.4, 171.4, 170.7, 170.1, 170.8, 171.4, 170.8, 170.8, 170.1, 170.7, 170.1, 169.5, 169.5, 169.5, 170.1, 170.8, 169.5, 170.7, 170.1, 169.5, 170.1, 170.1, 168.9, 168.9, 168.9, 168.9, 168.9, 169.5, 168.9, 169.5, 168.3, 168.9, 168.9, 168.9, 168.9, 168.9, 168.9, 168.9, 168.9, 168.9, 168.8, 168.9, 168.3, 168.2, 168.3, 167.7, 167.7, 167.8, 167.7, 167.7, 167.7, 168.3, 167.7, 168.3, 167.0, 166.4, 167.7, 168.2, 167.6, 167.7, 167.6, 167.6, 167.7, 167.6, 167.1, 167.6, 167.6, 167.0, 167.6, 167.0, 167.0, 167.0, 167.6, 167.6, 168.2, 167.7, 167.6, 167.6, 168.2, 168.3, 168.3, 167.6, 167.7, 167.7, 167.0, 167.0, 168.9, 168.2, 168.3, 168.3, 167.6, 168.9, 167.0, 166.9, 166.9, 167.5, 167.5, 166.9, 167.6, 168.8]"
14,"[170.1, 170.7, 169.4, 170.1, 170.7, 168.8, 168.9, 168.9, 168.9, 168.3, 168.3, 168.9, 169.6, 169.6, 168.9, 170.2, 170.2, 170.2, 170.2, 169.6, 168.9, 167.7, 166.4, 167.0, 168.3, 168.3, 169.0, 169.6, 169.6, 168.9, 168.9, 170.2, 170.8, 171.4, 172.0, 172.0, 172.0, 172.0, 171.4, 170.8, 169.6, 170.2, 170.2, 169.0, 170.2, 170.8, 169.6, 169.6, 169.6, 169.6, 168.4, 168.3, 168.4, 169.0, 169.0, 168.3, 169.0, 169.0, 170.8, 170.2, 169.6, 170.2, 169.6, 171.4, 171.4, 170.2, 170.8, 172.0, 170.2, 170.8, 172.0, 172.6, 172.0, 171.4, 171.4, 169.6, 169.6, 170.2, 170.2, 169.6, 169.6, 169.0, 169.6, 168.9, 168.9, 169.5, 170.2, 169.6, 169.6, 169.6, 170.1, 169.0, 168.9, 167.8, 168.9, 168.3, 168.3, 167.6, 167.8, 167.7, 167.0, 167.0, 167.0, 166.4, 166.5, 166.4, 165.9, 165.7, 164.5, 165.0, 166.4, 166.4, 165.7, 165.1, 165.7, 165.1, 166.9, 166.1, 166.8, 166.9, 166.9, 166.8, 166.8, 166.3, 166.3, 165.7, 166.2, 165.6, 165.6, 166.3, 164.4, 165.1, 165.7, 164.3, 164.4, 164.5, 165.6, 166.3, 165.7, 165.0, 164.3, 164.4, 165.0, 164.2, 165.7, 166.3, 166.2, 165.6, 165.7, 165.5, 166.2, 166.2, 166.4, 166.4, 166.3, 166.3, 166.8, 166.2, 165.6, 166.3, 167.0, 166.9, 167.6, 167.0, 166.8, 167.0, 167.0, 167.0, 167.6, 167.5, 166.9, 167.6, 166.3, 167.6, 166.2, 166.2, 166.8, 166.2, 166.2, 166.9, 166.9, 166.9, 166.9, 166.3, 166.9, 166.2, 166.9, 166.9, 166.9, 166.9, 166.2, 165.7, 166.4, 167.0, 166.3, 165.6, 165.7, 165.7, 166.4, 166.4, 166.3, 166.4, 166.9, 166.9, 166.2, 166.2, 166.9, 166.3, 165.7, 165.6, 165.7, 166.3, 165.6, 165.6, 165.6, 166.3, 166.2, 165.7, 166.2, 166.3, 165.6, 166.9, 166.9, 166.8, 167.3, 166.7, 166.6, 166.2, 166.7, 166.7, 167.3, 166.7, 166.7, 166.1, 166.2, 166.7, 166.1, 165.5, 165.9, 166.2, 165.3, 164.7, 164.7, 165.3, 164.8, 164.7, 164.8, 164.8, 164.6, 165.3, 164.6, 165.4, 165.3, 165.4, 166.0, 164.7, 164.7, 165.3, 164.7, 165.3, 165.4, 165.5, 165.3, 164.7, 165.3, 164.5, 166.0, 164.7, 164.7, 165.3, 164.0, 165.3, 165.4, 164.8, 164.8, 165.3, 165.3, 165.3, 165.4, 165.4, 165.4, 165.3, 164.8, 165.3, 165.2, 165.3, 165.3, 165.9, 165.3, 164.7, 164.8, 165.3, 164.5, 165.3, 164.6, 166.0, 165.4, 165.4, 164.6, 165.3, 165.3, 164.7, 165.3, 164.7, 165.3, 165.2, 165.2, 164.7, 164.5, 164.6, 164.6, 164.7, 164.6, 164.6, 164.7, 164.6, 164.6, 164.7, 164.6, 165.2, 163.8, 164.4, 164.7, 163.8, 165.3, 163.8, 164.7, 165.3, 164.6, 164.6, 165.3, 164.6, 165.2, 164.7, 164.7, 164.9, 165.3, 165.3, 164.8, 164.7, 164.7, 164.9, 164.7, 164.7, 165.3, 164.6, 165.3, 164.0, 164.6, 164.7, 164.7, 164.7, 164.6, 164.6, 165.3, 164.7, 165.3, 164.7, 164.6, 164.5, 164.5, 164.0, 164.6, 164.0, 164.6, 164.6, 164.0, 164.0, 164.6, 164.5, 164.6, 164.7, 165.3, 164.6, 165.3, 164.7, 165.3, 165.3, 166.0, 165.3, 165.3, 165.3, 166.0, 165.3, 166.0, 165.9, 165.9, 166.7, 166.7, 166.2, 166.1, 166.2, 166.8, 165.5, 165.4, 165.5, 165.5, 166.1, 166.1, 166.7, 166.9, 166.8, 166.7, 166.2, 166.8, 166.2, 166.9, 166.2, 167.4, 166.2, 166.2, 166.2, 166.2, 166.2, 165.5, 165.5, 166.2, 166.4, 166.9, 166.3, 165.8, 166.4, 165.8, 165.2, 166.4, 165.7, 165.7, 165.7, 165.7, 165.0, 166.4, 166.3, 165.7, 166.3, 165.7, 165.7, 165.1, 165.7, 166.3, 166.2, 166.2, 165.4, 165.6, 165.6, 165.6, 166.4, 166.2, 166.9, 166.9, 166.9, 167.0, 167.0, 166.9, 167.0, 167.7, 167.0, 168.3, 167.7, 167.6, 168.9, 168.2, 167.0, 168.3, 167.6, 166.2, 167.0, 166.9, 166.9, 167.7, 167.7, 168.2, 168.3, 168.9, 168.9, 168.9, 167.7, 168.9, 168.3, 168.3, 168.3, 168.3, 168.9, 169.5, 170.1, 169.6, 169.5, 168.9, 168.3, 168.9, 169.6, 170.2, 169.6, 169.6, 169.6, 168.9, 170.1, 170.1, 170.1, 169.6, 169.5, 169.5, 169.6, 169.6, 169.5, 169.6, 169.5, 170.1, 170.1, 169.6, 170.2, 170.2, 169.5, 170.2, 170.1, 169.5, 170.1, 168.9, 170.7, 168.9, 169.5, 168.9, 169.5, 170.1, 168.9, 168.9, 168.2, 168.9, 169.5, 170.1, 168.9, 168.9, 169.5, 168.9, 168.9, 168.3, 169.6, 169.6, 168.9, 168.9, 168.9, 168.3, 168.2, 168.2, 168.9, 168.9, 168.9, 168.1, 168.2, 168.2, 168.2, 168.9, 168.2, 168.2, 168.8, 168.2, 168.2, 169.5, 169.5, 169.5, 169.5, 168.2, 168.8, 169.5, 168.9, 168.9, 168.9, 168.9, 167.0, 168.9, 169.5, 169.5, 170.1, 170.2, 169.6, 168.3, 168.9, 168.3, 168.9, 168.9, 169.6, 168.9, 169.0, 169.0, 168.9, 168.9, 168.9, 170.2, 169.0, 169.0, 168.4, 170.2, 169.0, 169.6, 170.2, 170.2, 169.6, 169.6, 169.0, 168.9, 169.6]"
14,"[172.6, 172.0, 172.6, 171.3, 171.3, 172.0, 170.1, 170.2, 170.8, 171.4, 172.6, 172.0, 172.0, 172.0, 172.6, 171.4, 172.6, 171.4, 171.4, 172.0, 172.0, 172.0, 172.6, 171.4, 172.0, 171.4, 172.0, 172.0, 172.6, 172.6, 172.6, 172.0, 172.6, 170.8, 172.0, 171.4, 172.0, 172.0, 172.0, 172.0, 172.6, 172.6, 172.6, 172.0, 172.0, 172.6, 171.4, 172.6, 171.4, 171.4, 170.2, 169.6, 169.6, 169.6, 170.8, 170.2, 170.2, 170.8, 170.2, 170.8, 171.4, 172.0, 171.4, 171.4, 172.0, 170.8, 171.4, 172.0, 170.2, 170.8, 170.2, 171.4, 170.8, 171.4, 170.8, 170.8, 171.4, 169.6, 168.3, 167.0, 165.7, 165.7, 166.3, 165.0, 165.0, 165.0, 165.5, 165.0, 165.0, 165.0, 165.6, 164.4, 166.2, 167.4, 168.0, 166.7, 166.7, 168.1, 167.5, 168.7, 166.7, 167.3, 168.1, 166.3, 167.6, 166.6, 166.7, 166.0, 166.0, 165.3, 165.9, 166.0, 167.4, 167.4, 166.8, 167.5, 167.6, 167.0, 165.1, 166.4, 165.7, 165.7, 165.7, 165.7, 166.4, 165.7, 165.6, 165.7, 164.9, 164.9, 165.0, 165.6, 165.5, 165.0, 163.8, 165.5, 165.7, 165.0, 164.3, 164.4, 166.1, 166.2, 165.7, 165.0, 166.9, 165.5, 166.2, 166.2, 166.9, 165.7, 166.2, 166.3, 166.8, 166.9, 166.2, 166.8, 166.2, 166.2, 166.4, 167.0, 167.5, 166.9, 166.3, 167.0, 167.6, 166.9, 166.9, 167.6, 167.0, 166.9, 166.8, 166.3, 166.9, 166.9, 165.6, 165.7, 166.2, 166.3, 166.9, 167.6, 166.2, 166.2, 166.2, 166.2, 165.7, 165.6, 166.3, 166.2, 166.2, 166.2, 166.2, 166.9, 166.2, 166.2, 166.2, 166.9, 166.8, 167.4, 166.8, 166.8, 166.1, 166.8, 166.7, 166.7, 166.7, 165.4, 166.2, 165.4, 164.7, 164.8, 164.7, 163.9, 164.7, 164.7, 164.7, 164.7, 164.8, 164.7, 164.7, 164.7, 164.7, 164.6, 164.6, 164.6, 163.9, 164.3, 163.6, 164.4, 163.6, 164.3, 163.6, 164.3, 163.6, 164.3, 164.5, 163.7, 164.3, 164.3, 163.7, 164.3, 163.6, 163.6, 163.6, 163.6, 164.3, 163.6, 165.0, 165.0, 163.6, 164.3, 163.6, 163.6, 164.3, 163.7, 163.7, 163.7, 163.7, 163.6, 163.7, 163.7, 163.6, 163.7, 164.4, 164.4, 164.4, 164.3, 164.3, 163.5, 164.4, 163.7, 163.6, 164.4, 163.6, 163.7, 164.4, 163.7, 163.7, 163.7, 163.7, 163.6, 163.7, 164.4, 164.3, 163.7, 163.7, 164.4, 164.3, 163.7, 163.1, 163.7, 163.7, 163.6, 164.2, 164.4, 164.3, 164.3, 163.6, 162.9, 163.7, 162.9, 163.6, 164.4, 163.7, 163.1, 163.6, 164.4, 163.1, 163.6, 164.4, 163.1, 163.7, 164.4, 163.7, 164.4, 164.4, 164.4, 163.1, 164.2, 163.6, 163.6, 164.4, 163.7, 163.7, 163.6, 164.3, 163.6, 164.4, 164.4, 163.7, 163.7, 163.7, 163.6, 163.1, 164.4, 163.6, 163.7, 164.4, 164.4, 164.4, 164.4, 164.4, 163.7, 163.7, 163.7, 164.4, 163.2, 164.5, 163.2, 163.2, 163.2, 163.2, 163.8, 163.7, 163.8, 163.8, 163.8, 163.8, 163.7, 163.8, 164.5, 164.5, 164.4, 163.7, 163.8, 164.5, 163.7, 164.4, 164.6, 164.6, 164.4, 164.5, 164.4, 164.5, 164.5, 164.4, 165.3, 164.5, 164.5, 165.3, 165.3, 164.6, 164.6, 165.3, 164.7, 165.4, 164.7, 165.3, 166.1, 165.3, 165.3, 165.3, 165.9, 165.3, 165.3, 164.7, 165.3, 165.3, 164.7, 165.3, 165.3, 165.3, 165.3, 165.4, 166.1, 166.1, 165.5, 166.2, 165.6, 166.9, 165.6, 165.5, 165.6, 166.2, 166.8, 165.5, 166.1, 166.9, 166.9, 165.7, 165.7, 165.7, 163.9, 165.0, 165.5, 165.6, 165.0, 165.7, 165.7, 166.9, 165.6, 165.7, 165.7, 166.9, 166.2, 166.2, 165.0, 166.3, 165.0, 165.7, 166.3, 166.2, 165.7, 165.7, 166.3, 165.7, 165.7, 165.7, 165.7, 165.7, 166.3, 166.2, 166.3, 166.3, 165.1, 166.2, 166.9, 166.3, 166.3, 166.3, 166.3, 166.3, 166.3, 166.9, 166.2, 167.0, 166.9, 166.8, 166.3, 166.3, 166.9, 166.9, 166.9, 166.9, 166.8, 166.7, 166.1, 166.1, 167.5, 166.8, 166.8, 166.8, 167.4, 166.7, 167.4, 167.4, 168.0, 167.5, 165.6, 166.3, 166.2, 166.3, 168.0, 165.6, 166.9, 167.4, 168.1, 167.5, 167.4, 166.9, 167.5, 166.8, 167.4, 167.3, 167.5, 167.6, 168.2, 167.6, 167.6, 166.9, 166.9, 166.9, 167.5, 167.6, 167.6, 166.9, 167.6, 168.3, 166.9, 168.2, 168.2, 168.2, 168.3, 168.8, 168.2, 168.2, 168.2, 168.2, 168.2, 168.1, 167.6, 167.6, 168.3, 167.6, 167.0, 167.6, 168.8, 167.6, 167.5, 167.6, 168.2, 167.5, 167.6, 168.2, 168.2, 168.2, 167.6, 167.6, 168.2, 168.2, 168.2, 168.2, 167.6, 167.4, 167.5, 168.1, 167.0, 167.6, 167.5, 168.2, 168.2, 168.9, 168.2, 168.1, 168.2, 168.8, 168.2, 168.2, 167.6, 168.1, 168.2, 168.8, 168.1, 168.1, 168.2, 168.2, 168.2, 168.2, 167.6, 168.2, 167.5, 168.9, 168.2, 168.3, 167.6, 167.6, 167.6, 167.6, 168.2, 168.9, 168.9, 169.5, 169.5, 168.3, 168.9, 168.3, 167.0, 166.4, 167.7, 167.6, 167.6]"
15,"[150.4, 148.1, 148.3, 148.9, 147.5, 147.5, 146.9, 146.9, 147.5, 146.4, 147.8, 147.0, 147.1, 147.8, 147.8, 147.1, 147.8, 147.0, 147.8, 147.8, 147.3, 147.3, 147.3, 147.9, 148.5, 148.5, 148.5, 148.4, 148.5, 148.5, 147.9, 147.8, 147.8, 147.8, 147.1, 147.6, 147.6, 148.4, 147.1, 147.1, 147.8, 147.3, 148.6, 146.9, 147.0, 147.8, 148.4, 148.4, 147.9, 148.8, 147.6, 149.5, 149.5, 148.4, 149.5, 149.5, 149.0, 149.0, 149.0, 149.5, 149.1, 148.5, 149.7, 150.1, 149.5, 149.1, 150.1, 149.1, 149.0, 149.0, 149.0, 148.8, 149.7, 148.5, 149.1, 149.5, 149.3, 149.4, 149.5, 148.8, 149.0, 149.0, 149.4, 149.0, 149.4, 149.5, 149.0, 149.7, 149.0, 150.2, 149.5, 147.8, 148.8, 148.4, 148.2, 148.8, 149.0, 148.8, 148.8, 148.2, 149.0, 148.2, 148.8, 148.2, 148.1, 148.7, 147.5, 148.1, 147.8, 148.2, 148.2, 148.1, 148.4, 147.8, 148.1, 148.2, 148.1, 147.6, 147.0, 148.8, 148.2, 148.2, 148.8, 147.6, 147.6, 148.2, 148.1, 147.5, 147.5, 147.6, 149.0, 147.9, 148.5, 148.6, 148.5, 147.9, 147.4, 148.6, 148.0, 148.0, 147.3, 147.9, 147.9, 148.0, 147.9, 147.9, 148.0, 148.6, 148.0, 149.7, 149.1, 149.2, 149.1, 148.6, 149.2, 148.7, 148.6, 148.1, 148.6, 149.3, 148.6, 149.1, 148.7, 148.6, 148.6, 149.2, 149.2, 148.7, 148.7, 149.1, 149.2, 149.8, 149.2, 149.2, 149.8, 149.8, 149.8, 149.3, 149.9, 149.2, 149.3, 149.4, 149.4, 149.3, 149.4, 149.3, 148.7, 148.7, 149.4, 149.3, 149.2, 149.4, 148.7, 149.8, 150.4, 148.3, 149.3, 149.3, 149.3, 149.4, 149.4, 148.8, 149.3, 149.4, 149.4, 149.3, 149.4, 148.8, 149.2, 149.4, 148.3, 147.7, 148.1, 148.7, 148.8, 148.7, 149.8, 149.9, 149.2, 149.8, 149.2, 148.1, 149.3, 148.8, 149.4, 148.7, 149.3, 148.2, 148.5, 148.7, 148.1, 148.1, 147.5, 148.2, 149.3, 149.3, 149.4, 149.9, 149.3, 149.4, 149.9, 149.9, 149.8, 149.9, 149.8, 149.8, 149.8, 149.4, 149.4, 149.9, 149.4, 149.5, 149.8, 149.4, 148.8, 149.9, 149.9, 149.9, 149.9, 149.9, 149.9, 150.5, 151.0, 151.0, 149.9, 151.0, 150.4, 149.9, 150.5, 150.5, 149.9, 150.5, 151.0, 151.1, 150.0, 150.0, 151.2, 151.2, 150.6, 150.0, 151.2, 151.2, 151.2, 150.6, 150.6, 151.1, 151.3, 151.2, 151.8, 151.2, 151.2, 151.3, 151.3, 151.3, 151.3, 151.3, 151.3, 151.2, 151.8, 152.4, 151.8, 152.3, 151.8, 152.4, 152.4, 152.4, 152.9, 152.9, 152.9, 153.0, 153.5, 153.5, 152.9, 153.5, 153.0, 153.0, 152.9, 153.5, 152.4, 152.9, 153.0, 153.0, 153.5, 153.0, 153.0, 153.7, 154.1, 153.5, 153.0, 154.1, 153.6, 155.2, 154.1, 153.5, 154.6, 154.6, 153.5, 152.8, 152.3, 152.3, 152.3, 153.5, 152.3, 152.3, 151.9, 152.9, 152.4, 152.4, 153.0, 154.1, 154.1, 154.1, 153.0, 153.6, 153.6, 153.6, 154.7, 154.1, 154.1, 154.7, 154.7, 155.3, 154.7, 154.7, 154.7, 155.2, 155.8, 152.9, 153.4, 152.8, 152.7, 152.3, 153.5, 152.4, 153.5, 155.3, 155.3, 154.7, 155.8, 155.2, 156.4, 157.6, 157.0, 156.9, 155.8, 157.5, 157.6, 158.1, 157.6, 156.9, 158.2, 158.1, 156.9, 157.5, 157.0, 157.0, 157.0, 157.6, 156.4, 156.4, 158.1, 158.1, 156.4, 156.4, 156.4, 155.8, 155.8, 155.3, 155.2, 155.2, 154.6, 154.7, 155.2, 155.2, 154.6, 154.0, 154.0, 154.5, 154.0, 154.0, 152.9, 153.4, 153.4, 152.3, 152.3, 151.1, 150.5, 151.2, 150.5, 150.5, 150.5, 150.5, 151.6, 151.0, 151.6, 151.6, 151.0, 150.9, 151.0, 151.1, 151.0, 151.0, 151.1, 151.6, 151.2, 150.5, 150.5, 150.5, 151.7, 151.1, 151.2, 150.5, 150.5, 150.5, 149.8, 150.5, 151.0, 151.0, 150.9, 150.3, 150.4, 150.2, 151.0, 150.9, 150.9, 150.5, 150.8, 150.8, 149.8, 151.1, 151.0, 149.8, 151.0, 150.3, 150.2, 149.8, 149.8, 149.8, 149.8, 150.1, 149.2, 149.3, 149.7, 149.8, 149.7, 149.8, 149.7, 149.3, 150.4, 149.2, 149.8, 149.2, 149.3, 149.8, 149.2, 149.4, 149.7, 149.8, 148.5, 149.8, 149.1, 149.8, 149.1, 149.5, 149.2, 149.5, 150.1, 149.5, 149.7, 149.7, 149.7, 149.0, 150.1, 150.0, 149.5, 149.5, 149.4, 149.5, 149.5, 150.1, 150.1, 149.5, 149.4, 148.8, 149.4, 149.4, 149.3, 148.8, 150.1, 149.8, 149.4, 150.0, 150.0, 148.8, 149.3, 149.0, 149.7, 150.0, 149.5, 150.1, 150.1, 150.1, 149.3, 149.2, 149.0, 149.5, 149.3, 148.7, 148.8, 148.7, 148.6, 148.7, 147.9, 148.1, 148.0, 148.6, 148.7, 148.2, 147.6, 147.3, 146.8, 146.0, 146.5, 146.2, 146.2, 147.1, 146.6, 146.8, 147.4, 147.4, 146.8, 146.8, 147.0, 147.6, 147.5, 147.5, 147.4, 146.9, 146.8, 146.8, 146.8, 146.2, 146.9, 146.9, 146.9, 146.2, 146.3, 146.8, 146.2, 146.3, 146.8, 147.4, 146.2, 146.6, 146.0, 146.6, 146.2, 146.0, 146.0, 146.2]"
15,"[152.5, 151.7, 150.4, 151.1, 150.5, 150.5, 150.6, 151.0, 151.3, 150.2, 150.8, 150.8, 150.8, 151.4, 151.0, 150.8, 150.8, 150.8, 150.8, 151.4, 150.8, 150.8, 150.8, 150.8, 150.3, 150.8, 150.8, 149.2, 149.5, 149.8, 149.4, 149.5, 149.4, 149.5, 149.5, 149.5, 150.1, 150.1, 150.1, 150.1, 150.3, 150.7, 151.4, 150.8, 150.8, 151.4, 150.3, 151.3, 152.0, 151.4, 152.0, 151.4, 151.5, 150.8, 151.4, 151.4, 150.8, 150.8, 150.1, 150.8, 150.1, 150.8, 150.8, 150.8, 151.4, 150.8, 150.8, 151.4, 150.8, 151.4, 150.8, 150.8, 150.1, 150.2, 150.8, 150.8, 150.8, 150.2, 150.8, 150.1, 150.1, 150.1, 150.1, 150.2, 150.2, 149.7, 150.1, 149.5, 149.2, 149.8, 148.8, 149.7, 149.7, 150.2, 150.2, 149.8, 149.8, 149.7, 150.1, 150.1, 149.7, 149.8, 150.2, 150.3, 150.2, 150.8, 150.2, 150.3, 150.3, 150.2, 150.2, 150.8, 150.3, 150.2, 151.4, 151.4, 150.8, 150.2, 150.9, 150.2, 150.9, 150.2, 150.1, 150.8, 150.8, 150.2, 149.5, 149.4, 149.4, 150.8, 149.5, 150.1, 150.1, 150.8, 150.1, 150.1, 151.4, 150.8, 150.8, 150.1, 150.1, 150.8, 150.1, 150.7, 150.1, 150.8, 150.8, 150.8, 149.5, 151.4, 150.8, 150.7, 150.7, 150.2, 149.0, 148.8, 150.1, 149.4, 150.1, 150.2, 150.2, 150.1, 150.2, 150.7, 150.1, 150.8, 150.8, 150.8, 150.1, 150.2, 149.7, 150.1, 150.8, 150.2, 150.8, 150.8, 150.8, 150.1, 150.2, 150.8, 150.8, 150.8, 150.2, 150.2, 149.5, 150.1, 149.5, 150.1, 150.1, 150.2, 150.8, 150.2, 150.8, 150.2, 150.8, 150.3, 150.1, 150.1, 150.1, 150.8, 151.4, 150.1, 151.8, 150.8, 151.3, 150.8, 150.1, 150.1, 150.8, 150.1, 150.1, 149.5, 148.2, 148.8, 148.7, 149.4, 149.4, 150.0, 149.3, 150.7, 151.3, 151.4, 150.9, 151.4, 150.8, 150.2, 150.1, 150.9, 150.9, 151.5, 151.4, 152.1, 152.7, 152.7, 152.1, 153.4, 154.5, 154.5, 154.5, 153.9, 154.5, 154.0, 153.4, 153.4, 154.0, 154.0, 153.2, 154.5, 153.9, 154.0, 153.9, 154.0, 154.1, 153.4, 154.0, 154.6, 154.5, 155.1, 155.2, 155.2, 154.0, 155.2, 155.1, 156.3, 156.3, 156.3, 156.3, 156.9, 156.9, 156.9, 157.5, 156.9, 156.9, 156.9, 156.3, 156.4, 156.9, 155.8, 156.9, 156.4, 156.4, 157.0, 156.4, 157.0, 157.0, 156.9, 156.4, 156.4, 157.0, 155.8, 157.0, 156.4, 156.9, 156.9, 155.8, 156.4, 156.9, 157.0, 156.9, 157.0, 157.5, 156.4, 157.0, 156.4, 156.4, 157.6, 157.0, 157.5, 158.1, 156.4, 157.6, 158.1, 157.0, 158.1, 157.5, 157.5, 157.6, 158.7, 158.7, 158.7, 158.7, 158.7, 158.1, 158.7, 158.7, 158.7, 159.3, 158.1, 158.7, 158.7, 159.3, 158.7, 158.7, 158.7, 158.7, 158.7, 158.7, 159.3, 158.7, 158.7, 159.3, 159.3, 159.3, 158.7, 158.7, 158.1, 158.1, 157.5, 158.1, 157.0, 157.5, 157.5, 157.6, 157.5, 158.1, 158.1, 158.1, 158.7, 159.3, 158.1, 157.5, 157.5, 157.5, 158.1, 156.9, 156.9, 158.1, 157.6, 157.5, 157.6, 157.6, 157.6, 157.5, 158.1, 157.0, 158.1, 158.1, 158.7, 158.7, 158.7, 159.3, 158.7, 158.7, 159.3, 158.7, 158.7, 158.7, 159.3, 158.7, 159.3, 158.1, 159.3, 158.2, 158.1, 158.7, 157.6, 158.1, 158.7, 158.7, 158.1, 158.1, 158.7, 159.3, 158.7, 158.7, 158.7, 158.2, 158.1, 158.7, 158.1, 159.3, 158.7, 158.7, 158.7, 158.7, 158.7, 158.1, 158.2, 158.1, 157.5, 158.1, 158.2, 158.1, 158.7, 158.7, 158.7, 158.7, 158.2, 158.2, 158.1, 158.1, 158.1, 157.5, 158.1, 157.6, 157.6, 158.1, 156.9, 158.1, 157.6, 157.0, 156.9, 157.6, 157.0, 157.0, 158.1, 157.6, 156.9, 157.0, 156.4, 157.5, 156.9, 156.9, 156.9, 156.9, 156.9, 157.5, 156.9, 156.9, 156.9, 156.9, 156.9, 156.9, 155.7, 156.9, 156.3, 156.3, 156.3, 156.9, 157.5, 159.3, 159.3, 159.3, 158.1, 158.1, 157.5, 157.5, 157.5, 156.8, 156.9, 158.1, 158.7, 158.1, 158.1, 158.1, 158.1, 158.1, 158.1, 158.1, 158.1, 158.7, 158.1, 157.5, 157.5, 157.5, 157.5, 157.5, 157.5, 157.5, 157.5, 157.5, 157.5, 156.9, 156.8, 157.5, 158.1, 158.1, 158.1, 157.5, 157.5, 156.8, 156.9, 157.5, 156.8, 156.9, 157.5, 156.9, 156.3, 156.9, 156.3, 157.5, 156.9, 156.9, 156.8, 156.8, 156.2, 156.2, 156.3, 156.8, 156.9, 156.3, 156.2, 156.3, 156.9, 156.3, 156.9, 156.2, 156.9, 156.2, 155.6, 155.6, 156.9, 156.2, 156.2, 156.2, 155.6, 155.6, 155.6, 155.7, 156.2, 156.2, 156.2, 155.6, 156.2, 156.8, 156.2, 155.6, 155.0, 155.6, 155.6, 155.6, 155.0, 155.6, 155.7, 155.6, 155.0, 155.0, 155.0, 155.0, 155.6, 155.6, 155.6, 155.1, 155.1, 155.0, 155.1, 155.6, 154.4, 155.0, 155.0, 155.1, 155.0, 154.4, 155.0, 155.0, 155.0, 155.0, 155.7, 155.7, 155.6, 155.7, 155.6, 155.0, 155.1, 155.7, 155.0, 154.4, 155.1, 155.6, 155.0]"
15,"[147.9, 148.4, 147.5, 147.6, 146.5, 145.7, 146.4, 146.5, 147.1, 147.4, 147.4, 148.1, 147.5, 147.9, 148.0, 148.0, 148.1, 148.1, 147.4, 148.2, 147.4, 147.3, 146.9, 147.4, 147.4, 147.4, 147.3, 148.1, 148.1, 147.5, 146.8, 146.8, 147.5, 147.5, 146.8, 147.4, 146.8, 146.6, 147.3, 146.6, 146.2, 147.4, 146.8, 147.1, 146.5, 146.5, 146.8, 146.8, 146.8, 146.6, 146.8, 147.5, 146.5, 147.3, 146.8, 146.2, 146.0, 146.6, 146.8, 146.6, 146.8, 145.9, 146.5, 146.5, 146.6, 146.0, 146.5, 146.5, 146.5, 146.8, 146.5, 146.6, 146.9, 146.6, 146.6, 146.6, 147.3, 147.3, 146.5, 146.6, 146.5, 146.5, 146.8, 146.8, 147.1, 145.9, 146.5, 146.6, 146.6, 146.5, 146.6, 146.5, 146.8, 146.6, 146.5, 146.6, 147.1, 146.6, 146.5, 146.6, 147.0, 147.3, 147.1, 145.9, 146.5, 146.4, 146.5, 146.5, 147.0, 146.6, 146.5, 146.6, 147.1, 147.1, 146.5, 146.5, 146.5, 147.1, 146.5, 146.5, 147.0, 146.5, 146.5, 146.0, 146.4, 146.4, 145.9, 145.3, 145.9, 145.7, 145.3, 146.4, 147.1, 147.0, 145.9, 147.0, 146.9, 146.9, 147.1, 146.5, 145.9, 145.7, 145.9, 146.4, 146.5, 145.7, 146.4, 146.4, 145.9, 145.7, 145.9, 146.6, 146.0, 146.6, 146.0, 146.6, 147.3, 147.8, 147.3, 147.3, 147.8, 148.4, 148.5, 148.5, 149.2, 149.1, 149.2, 149.3, 149.2, 148.6, 148.5, 149.2, 148.6, 149.2, 149.2, 149.1, 149.1, 149.2, 148.6, 149.2, 149.2, 148.6, 148.6, 149.2, 149.1, 149.2, 149.2, 148.6, 149.2, 149.3, 150.0, 149.3, 149.1, 149.3, 149.1, 148.7, 149.2, 148.6, 149.6, 149.2, 148.5, 148.5, 149.1, 149.3, 148.7, 148.6, 149.2, 150.0, 149.3, 149.2, 149.1, 148.6, 148.6, 148.6, 149.4, 149.2, 148.6, 148.1, 148.7, 148.8, 150.1, 149.3, 149.2, 148.8, 149.3, 149.2, 147.8, 147.9, 146.6, 147.3, 148.6, 148.8, 148.8, 148.7, 148.7, 149.3, 149.3, 147.6, 148.8, 148.8, 149.4, 149.4, 148.8, 148.8, 148.8, 148.8, 149.5, 150.1, 149.1, 149.0, 149.4, 149.2, 149.8, 149.7, 149.7, 149.7, 149.2, 149.0, 149.1, 149.1, 149.1, 150.1, 149.1, 150.8, 150.1, 149.8, 149.8, 149.2, 149.8, 150.4, 149.7, 149.3, 149.1, 149.1, 150.4, 149.8, 149.2, 149.8, 150.4, 150.3, 149.8, 149.8, 149.8, 149.8, 149.7, 149.0, 149.2, 149.8, 149.2, 149.3, 149.2, 149.8, 149.8, 149.3, 149.8, 149.8, 149.8, 150.4, 150.4, 151.1, 151.0, 150.4, 150.5, 151.0, 151.1, 151.0, 151.1, 151.6, 151.6, 152.3, 152.2, 151.6, 150.9, 150.8, 150.7, 150.1, 150.1, 150.1, 150.8, 150.2, 150.7, 150.8, 150.1, 150.2, 150.3, 151.4, 152.0, 151.6, 152.1, 152.0, 152.2, 152.1, 151.6, 151.6, 151.0, 151.0, 151.1, 151.0, 150.9, 150.9, 151.0, 150.4, 150.4, 149.8, 150.5, 150.4, 150.4, 149.8, 149.8, 150.5, 150.6, 149.9, 150.6, 150.6, 150.6, 150.5, 151.2, 150.6, 150.6, 151.2, 150.6, 150.6, 150.6, 150.0, 150.5, 151.2, 150.5, 151.2, 150.5, 149.9, 150.0, 150.5, 150.6, 150.6, 151.2, 151.2, 150.6, 151.2, 150.5, 151.2, 151.3, 151.7, 151.8, 151.8, 152.3, 151.8, 151.8, 151.2, 152.2, 151.8, 152.3, 151.8, 151.7, 152.3, 151.0, 152.3, 152.3, 152.3, 152.3, 152.3, 152.3, 152.2, 152.8, 152.8, 152.3, 152.8, 152.3, 151.7, 152.2, 152.2, 151.8, 152.8, 150.9, 151.0, 150.9, 151.6, 151.6, 151.5, 152.2, 152.1, 151.6, 151.0, 152.1, 151.0, 150.9, 151.5, 152.1, 150.9, 151.0, 151.6, 152.8, 151.6, 151.1, 150.4, 150.4, 151.0, 150.9, 150.3, 151.0, 151.0, 151.5, 151.0, 151.6, 151.1, 151.7, 152.1, 152.2, 151.5, 152.1, 152.2, 151.6, 151.0, 151.5, 151.5, 151.1, 151.5, 151.5, 150.9, 150.4, 151.6, 150.9, 150.3, 151.0, 150.9, 150.3, 152.1, 151.0, 150.4, 151.5, 151.0, 151.0, 151.7, 151.6, 151.0, 151.6, 151.0, 151.1, 150.4, 150.2, 149.7, 149.0, 148.2, 148.5, 150.4, 149.8, 148.6, 147.3, 148.0, 148.5, 149.1, 149.2, 149.8, 147.5, 148.0, 147.4, 147.9, 147.9, 148.6, 147.9, 148.0, 146.8, 147.0, 147.9, 147.3, 146.6, 146.5, 146.6, 147.1, 146.0, 146.6, 146.8, 146.6, 146.6, 147.3, 147.3, 148.0, 148.4, 147.9, 147.9, 148.0, 147.3, 147.3, 147.0, 147.1, 147.8, 147.3, 147.3, 147.4, 146.8, 148.5, 149.1, 147.8, 147.0, 147.8, 147.1, 147.3, 147.4, 148.0, 148.4, 147.9, 148.5, 147.9, 148.5, 148.4, 148.3, 147.9, 147.1, 147.8, 147.8, 147.6, 147.1, 146.6, 148.4, 147.3, 147.8, 147.8, 148.4, 147.1, 147.3, 147.8, 148.0, 147.3, 147.4, 147.3, 147.3, 147.1, 148.5, 147.1, 147.3, 147.3, 147.9, 147.4, 147.4, 147.4, 147.9, 147.9, 147.9, 148.5, 148.4, 147.4, 148.5, 148.0, 148.0, 148.5, 147.3, 147.4, 147.4, 147.9, 147.1, 147.1, 146.6, 146.5, 147.0, 147.0, 147.0, 147.6, 146.5, 147.6, 146.6, 147.0]"
15,"[151.1, 151.1, 149.8, 149.0, 147.9, 147.4, 149.3, 148.2, 148.8, 149.7, 149.1, 148.4, 149.0, 149.1, 149.5, 148.4, 149.1, 149.1, 149.1, 148.5, 149.7, 149.0, 148.5, 149.5, 149.7, 149.5, 149.0, 147.8, 148.4, 147.8, 148.5, 149.7, 149.1, 149.5, 149.0, 148.4, 148.4, 148.4, 149.0, 149.5, 149.4, 149.4, 149.5, 149.0, 150.2, 149.4, 150.1, 149.5, 150.2, 149.2, 150.9, 150.1, 150.8, 149.8, 150.2, 150.7, 150.1, 149.0, 149.0, 150.1, 149.0, 149.4, 149.7, 149.7, 149.5, 149.7, 149.5, 149.7, 149.5, 150.1, 149.5, 149.5, 150.2, 149.5, 150.3, 150.2, 150.2, 150.3, 149.8, 150.4, 149.7, 149.7, 149.7, 149.7, 149.7, 150.2, 150.1, 149.5, 148.1, 149.3, 148.0, 147.3, 148.0, 148.0, 147.4, 146.8, 147.0, 147.6, 148.4, 149.0, 148.5, 148.0, 147.9, 148.5, 147.6, 148.6, 148.6, 148.1, 148.1, 148.0, 148.1, 148.7, 148.1, 148.5, 147.9, 147.8, 147.8, 147.8, 148.6, 148.4, 148.6, 149.3, 150.0, 150.1, 148.8, 150.1, 149.8, 149.3, 149.5, 149.5, 149.0, 149.0, 149.2, 149.2, 149.2, 149.1, 148.5, 148.6, 149.3, 149.1, 150.3, 150.3, 150.4, 150.2, 149.8, 150.8, 150.2, 150.3, 150.2, 149.7, 149.7, 150.3, 149.1, 149.2, 149.7, 149.3, 149.8, 149.2, 149.1, 149.2, 149.7, 149.1, 149.1, 149.2, 149.2, 149.1, 149.2, 149.2, 148.5, 147.9, 147.9, 148.5, 147.9, 147.4, 147.9, 148.0, 147.2, 147.8, 147.9, 147.3, 149.0, 147.3, 148.4, 147.8, 147.8, 147.8, 147.9, 147.8, 148.4, 149.0, 149.0, 148.8, 148.7, 149.4, 148.8, 149.5, 148.7, 148.7, 148.7, 148.0, 150.0, 148.1, 148.0, 148.0, 148.0, 148.7, 149.2, 149.3, 149.2, 149.3, 149.3, 149.3, 150.0, 149.3, 149.3, 149.3, 149.3, 149.3, 149.3, 149.3, 148.6, 149.3, 149.3, 149.3, 149.3, 149.3, 149.4, 150.1, 149.4, 149.3, 150.0, 150.5, 149.8, 149.3, 149.3, 149.3, 150.0, 150.0, 148.0, 148.7, 147.5, 147.5, 147.5, 148.0, 148.1, 148.1, 148.6, 149.2, 148.1, 148.6, 148.0, 148.7, 148.0, 148.7, 148.0, 147.4, 148.6, 148.6, 148.6, 149.2, 148.6, 149.2, 148.6, 148.0, 148.0, 146.9, 147.5, 147.6, 148.2, 147.6, 148.1, 148.7, 148.1, 148.7, 148.7, 148.7, 148.6, 149.3, 149.8, 150.0, 148.8, 149.4, 149.3, 150.0, 149.7, 149.8, 150.0, 149.4, 150.1, 150.0, 150.0, 148.7, 150.0, 149.2, 148.6, 149.3, 149.2, 149.8, 150.0, 149.8, 149.3, 149.8, 149.2, 149.8, 148.7, 150.1, 149.3, 150.0, 149.1, 149.3, 149.2, 149.2, 148.6, 149.3, 148.1, 149.4, 148.6, 148.7, 149.1, 149.2, 148.7, 149.3, 148.6, 149.2, 149.2, 148.6, 148.0, 149.2, 149.3, 148.7, 148.8, 149.2, 149.3, 148.7, 149.2, 148.8, 149.4, 149.2, 149.1, 149.3, 150.0, 150.1, 149.3, 149.4, 149.2, 150.0, 149.3, 148.8, 149.2, 148.7, 150.1, 148.8, 149.4, 148.8, 149.2, 149.4, 149.3, 149.2, 149.4, 149.4, 148.7, 149.2, 148.7, 149.8, 148.6, 149.3, 149.3, 148.7, 150.1, 149.7, 149.2, 148.8, 149.2, 150.1, 148.7, 148.1, 148.7, 148.7, 148.7, 149.3, 149.2, 148.7, 148.7, 148.8, 149.3, 148.8, 149.3, 150.0, 149.5, 150.7, 150.1, 149.4, 149.8, 150.8, 150.0, 150.1, 150.1, 150.1, 150.0, 150.8, 151.2, 150.1, 150.1, 149.0, 149.4, 150.1, 149.4, 150.1, 150.1, 149.0, 150.7, 150.1, 150.1, 150.1, 150.1, 150.1, 149.0, 149.4, 150.1, 149.3, 149.5, 150.1, 149.7, 150.1, 149.0, 150.1, 149.0, 149.4, 149.4, 150.1, 149.5, 149.4, 149.3, 150.0, 149.0, 149.4, 148.8, 149.0, 149.4, 149.4, 149.0, 149.3, 148.4, 148.8, 148.4, 149.0, 149.4, 149.3, 150.1, 149.3, 148.7, 148.8, 148.5, 148.7, 148.0, 148.7, 148.2, 148.7, 148.2, 148.6, 149.2, 149.2, 149.8, 149.4, 149.2, 148.6, 148.2, 148.8, 148.7, 149.0, 148.6, 148.1, 149.0, 148.1, 148.2, 148.2, 148.0, 148.8, 148.1, 148.8, 148.2, 147.6, 148.7, 148.2, 148.2, 148.2, 148.7, 148.2, 148.8, 148.1, 148.7, 148.7, 148.7, 148.1, 149.4, 149.0, 149.3, 148.1, 148.7, 148.8, 149.0, 148.8, 148.1, 148.2, 148.4, 148.8, 148.8, 148.7, 148.6, 148.7, 148.8, 148.0, 148.7, 148.7, 148.7, 148.2, 148.2, 149.0, 149.3, 148.0, 148.7, 149.3, 149.4, 150.0, 148.7, 149.4, 149.3, 149.3, 148.8, 149.2, 148.8, 150.0, 149.3, 149.4, 148.8, 149.2, 149.3, 149.2, 149.4, 149.5, 148.7, 149.2, 148.1, 149.2, 148.7, 149.2, 148.7, 148.7, 149.2, 148.7, 148.7, 148.8, 148.7, 148.7, 148.7, 148.2, 147.5, 146.0, 146.8, 146.8, 146.9, 147.5, 147.4, 147.5, 148.1, 148.2, 148.0, 148.2, 148.1, 148.1, 147.5, 148.5, 148.6, 149.2, 149.4, 148.6, 148.6, 149.4, 148.2, 148.1, 148.7, 148.1, 148.7, 148.5, 148.6, 148.7, 148.6, 148.7, 149.2, 148.8, 149.4, 149.3, 148.7, 148.6, 149.3, 148.8, 148.7, 148.7, 149.3, 149.3]"
15,"[146.5, 145.4, 145.4, 145.1, 144.3, 144.2, 144.2, 145.7, 145.3, 146.0, 145.3, 145.9, 146.0, 146.0, 146.0, 144.8, 145.4, 145.4, 145.4, 145.4, 145.3, 146.0, 145.4, 145.0, 144.8, 144.8, 145.9, 145.6, 145.4, 145.4, 145.4, 145.4, 146.0, 146.0, 145.4, 145.3, 145.6, 145.9, 145.9, 145.4, 145.9, 145.3, 145.9, 146.0, 145.3, 145.9, 146.0, 145.9, 145.3, 145.3, 145.4, 146.0, 145.4, 146.0, 145.3, 145.9, 146.0, 145.3, 146.4, 146.0, 145.4, 145.3, 146.0, 146.0, 145.9, 145.4, 145.4, 146.6, 145.4, 146.0, 146.0, 146.2, 146.0, 146.0, 144.8, 146.6, 146.0, 144.8, 146.0, 145.4, 145.4, 145.4, 145.6, 146.0, 146.0, 145.6, 145.6, 145.6, 146.0, 146.2, 146.2, 145.4, 146.0, 146.0, 146.6, 146.0, 145.9, 145.4, 145.6, 146.2, 145.6, 145.4, 145.4, 145.6, 145.6, 145.4, 145.4, 145.6, 146.0, 145.4, 145.4, 145.4, 145.6, 145.4, 146.0, 145.4, 145.0, 145.4, 146.0, 145.9, 145.4, 145.4, 146.0, 145.6, 145.9, 145.3, 145.1, 145.0, 145.0, 144.7, 145.3, 144.7, 144.5, 143.7, 143.9, 144.3, 144.3, 144.2, 143.7, 144.3, 145.0, 144.1, 144.1, 143.9, 143.9, 144.5, 144.5, 144.3, 144.3, 145.0, 144.5, 143.9, 144.5, 144.5, 144.3, 144.3, 144.1, 144.3, 144.8, 144.2, 143.7, 144.3, 143.5, 143.5, 143.5, 144.0, 144.2, 144.2, 144.0, 144.0, 144.2, 143.4, 144.8, 144.2, 144.2, 144.2, 144.0, 143.5, 144.0, 144.0, 144.2, 144.2, 144.2, 144.2, 144.0, 144.0, 144.2, 144.3, 144.8, 144.2, 144.8, 144.2, 143.5, 144.2, 143.5, 144.2, 143.5, 142.7, 144.2, 143.5, 144.2, 144.2, 144.3, 145.1, 144.7, 144.5, 145.6, 145.0, 145.3, 145.1, 145.1, 145.1, 144.7, 145.0, 145.3, 145.1, 143.7, 144.5, 144.3, 143.9, 144.5, 144.3, 144.3, 144.3, 144.5, 144.5, 144.5, 144.1, 145.1, 145.7, 145.9, 145.7, 144.3, 145.1, 145.1, 145.6, 145.7, 145.1, 145.7, 145.1, 145.1, 145.6, 145.7, 145.3, 145.7, 145.7, 145.0, 145.1, 144.5, 144.7, 145.1, 145.1, 144.5, 145.0, 145.1, 145.7, 145.6, 145.9, 144.5, 145.9, 145.7, 145.1, 145.1, 145.1, 144.8, 145.3, 145.1, 145.0, 144.5, 145.1, 144.7, 145.3, 145.3, 145.3, 145.1, 145.3, 145.3, 145.9, 145.4, 145.0, 145.3, 145.0, 145.9, 144.5, 144.4, 145.6, 144.8, 146.0, 145.4, 145.9, 145.7, 145.1, 144.7, 145.7, 145.1, 145.3, 145.3, 145.7, 145.1, 145.1, 145.0, 144.5, 144.5, 144.5, 145.1, 144.5, 143.9, 143.7, 144.5, 143.9, 144.2, 144.3, 144.3, 144.5, 145.1, 145.0, 144.3, 145.1, 145.0, 145.1, 145.1, 145.7, 146.2, 145.7, 145.6, 145.6, 145.0, 145.0, 145.0, 145.0, 144.3, 145.0, 145.0, 145.1, 144.1, 143.9, 144.5, 144.3, 144.2, 144.3, 145.1, 145.1, 144.5, 144.7, 145.0, 145.1, 143.7, 144.8, 144.8, 145.0, 145.7, 145.0, 145.3, 145.1, 145.0, 145.7, 145.7, 144.7, 145.4, 145.3, 145.3, 145.1, 145.9, 145.9, 145.4, 145.7, 145.4, 145.3, 146.0, 146.5, 146.5, 146.4, 146.6, 146.5, 146.5, 147.1, 147.1, 146.5, 147.0, 147.1, 146.6, 147.3, 147.1, 147.3, 147.0, 147.8, 147.1, 147.8, 147.8, 147.0, 147.6, 147.1, 147.1, 147.3, 147.3, 147.0, 147.0, 146.5, 146.5, 147.0, 146.4, 147.1, 146.5, 146.5, 146.8, 146.5, 146.6, 146.6, 147.3, 146.6, 146.6, 146.6, 147.3, 147.3, 147.3, 148.5, 148.5, 148.4, 148.0, 148.5, 148.5, 148.4, 147.9, 148.5, 147.8, 147.9, 147.9, 147.9, 148.0, 149.8, 148.6, 148.6, 149.2, 148.6, 150.1, 149.2, 149.3, 149.4, 150.0, 150.0, 149.4, 149.3, 149.3, 149.8, 149.4, 149.3, 149.3, 149.3, 149.3, 149.4, 150.6, 149.3, 149.3, 149.2, 150.1, 150.0, 149.4, 150.0, 149.3, 150.0, 150.0, 149.8, 149.1, 149.2, 149.1, 150.0, 150.0, 149.8, 149.3, 149.4, 149.4, 149.8, 150.0, 149.3, 150.0, 150.0, 150.0, 149.8, 150.4, 150.6, 150.5, 149.4, 149.8, 149.8, 149.1, 149.7, 150.5, 149.8, 149.8, 150.1, 149.8, 149.2, 150.5, 150.0, 150.1, 150.6, 149.8, 150.0, 150.0, 149.3, 148.8, 150.0, 149.8, 149.3, 149.3, 150.0, 149.3, 150.0, 150.0, 148.8, 149.2, 149.2, 149.4, 149.3, 150.0, 149.2, 150.1, 150.1, 150.6, 149.8, 149.3, 149.4, 149.8, 150.0, 149.2, 150.0, 149.4, 149.3, 149.7, 149.3, 149.2, 149.3, 149.2, 150.0, 150.0, 149.8, 149.2, 150.1, 150.0, 149.4, 150.0, 149.3, 150.5, 149.8, 149.1, 150.0, 149.2, 149.3, 149.3, 149.1, 149.3, 148.6, 148.6, 148.6, 149.3, 149.3, 149.2, 149.2, 149.2, 149.0, 149.7, 149.8, 149.8, 149.7, 149.2, 149.7, 149.2, 149.2, 148.7, 149.2, 149.3, 148.6, 149.2, 149.7, 148.6, 149.2, 148.7, 149.2, 148.6, 148.6, 148.7, 149.2, 149.3, 149.2, 149.1, 149.7, 149.3, 149.2, 149.8, 149.3, 149.2, 148.8, 149.2, 149.3, 148.6, 148.8, 149.1, 149.2, 148.7, 149.3]"
15,"[146.5, 145.6, 145.6, 145.0, 145.0, 144.2, 145.4, 145.6, 145.6, 147.1, 146.4, 145.9, 146.5, 146.4, 145.7, 146.4, 145.7, 146.4, 146.9, 146.5, 145.9, 146.4, 146.4, 146.4, 146.5, 146.4, 146.4, 146.5, 146.4, 146.5, 146.4, 146.4, 147.1, 146.4, 146.4, 147.1, 146.9, 146.4, 146.5, 147.0, 147.1, 146.4, 147.0, 146.4, 146.4, 147.0, 147.0, 147.0, 146.5, 146.4, 146.4, 146.5, 146.4, 145.7, 145.9, 145.7, 145.7, 145.7, 146.4, 145.6, 145.7, 146.4, 145.7, 145.6, 145.0, 145.0, 146.2, 145.1, 145.1, 145.0, 144.8, 145.0, 144.8, 145.1, 145.1, 145.0, 145.7, 145.0, 145.0, 145.6, 145.1, 145.7, 145.1, 145.1, 145.1, 145.6, 145.6, 145.7, 145.7, 145.0, 145.1, 145.7, 145.6, 145.6, 145.0, 145.6, 145.1, 145.1, 145.0, 145.0, 145.1, 145.0, 145.0, 144.8, 145.1, 144.8, 144.3, 144.3, 144.5, 144.5, 144.8, 145.0, 145.0, 144.8, 144.3, 145.0, 144.2, 144.3, 144.2, 143.5, 145.0, 145.0, 144.5, 144.2, 144.6, 144.0, 144.0, 143.8, 144.5, 144.6, 144.5, 143.8, 144.6, 144.5, 144.1, 144.3, 143.8, 144.3, 143.8, 144.0, 143.8, 143.8, 143.8, 144.0, 143.6, 144.5, 143.8, 143.8, 143.8, 144.6, 144.5, 144.5, 144.5, 144.0, 144.5, 144.5, 143.6, 143.8, 144.0, 144.3, 144.6, 144.3, 144.5, 143.8, 144.3, 144.6, 144.3, 144.3, 144.3, 144.3, 144.5, 144.3, 143.8, 144.5, 143.8, 144.5, 144.5, 144.1, 143.5, 145.1, 144.8, 143.8, 143.6, 143.6, 144.3, 144.0, 144.0, 144.0, 143.6, 143.6, 144.3, 144.5, 143.8, 144.6, 144.0, 144.6, 144.0, 144.0, 144.6, 144.6, 144.6, 144.6, 144.6, 144.0, 144.6, 144.0, 143.8, 143.4, 144.0, 143.8, 144.0, 143.2, 142.8, 143.5, 143.3, 141.8, 141.5, 141.3, 140.9, 142.2, 142.2, 144.9, 145.3, 144.8, 144.8, 143.6, 144.5, 145.1, 144.6, 144.8, 144.6, 144.6, 144.6, 145.4, 145.4, 145.4, 144.8, 144.8, 145.6, 145.0, 144.8, 145.0, 144.3, 145.0, 145.0, 144.5, 145.0, 145.3, 145.3, 145.0, 145.1, 144.5, 145.9, 146.4, 145.1, 145.3, 145.9, 145.7, 145.7, 145.3, 145.0, 145.0, 145.3, 145.1, 145.3, 145.0, 145.3, 145.3, 145.1, 145.1, 145.0, 144.5, 144.5, 144.8, 144.3, 144.2, 144.2, 144.2, 142.9, 143.1, 143.1, 142.9, 144.3, 143.5, 143.5, 143.4, 144.2, 143.5, 143.5, 143.5, 144.2, 145.4, 144.3, 143.7, 144.3, 143.7, 143.7, 145.0, 143.7, 144.2, 144.3, 144.5, 144.3, 144.3, 144.5, 143.7, 143.7, 144.5, 143.7, 143.7, 144.3, 144.2, 144.5, 144.5, 144.3, 144.3, 144.5, 143.9, 143.7, 143.7, 143.7, 143.5, 144.5, 143.7, 144.3, 144.3, 143.7, 143.3, 143.7, 143.5, 144.5, 144.3, 144.2, 145.1, 144.5, 144.7, 145.1, 145.0, 145.1, 145.1, 145.3, 145.9, 145.1, 145.3, 144.5, 145.3, 144.5, 145.3, 145.4, 145.1, 145.9, 145.9, 145.7, 145.3, 145.9, 145.9, 145.9, 146.5, 146.4, 146.4, 146.4, 146.4, 146.4, 146.4, 147.0, 147.4, 147.6, 147.4, 146.9, 146.7, 147.5, 147.9, 147.9, 148.3, 148.1, 147.6, 148.1, 148.3, 148.0, 148.1, 149.3, 148.9, 148.7, 148.4, 148.8, 148.8, 148.9, 148.8, 148.1, 148.4, 148.3, 148.7, 148.3, 148.3, 148.7, 148.9, 148.9, 148.8, 148.9, 148.9, 148.3, 148.9, 148.9, 148.4, 148.5, 148.5, 147.6, 148.4, 148.3, 147.6, 147.6, 147.8, 148.1, 148.1, 148.4, 147.8, 149.0, 148.3, 148.4, 148.5, 148.5, 147.9, 148.4, 148.3, 148.4, 147.9, 147.6, 147.6, 148.4, 147.8, 147.9, 148.3, 148.1, 147.6, 147.3, 149.1, 148.4, 149.2, 149.0, 149.0, 148.5, 149.1, 149.0, 149.0, 149.1, 148.9, 149.0, 148.3, 149.0, 149.1, 149.1, 149.2, 149.2, 148.0, 148.1, 148.5, 147.5, 148.5, 148.0, 148.1, 148.7, 148.7, 148.8, 148.7, 148.7, 148.7, 148.8, 148.8, 148.1, 148.1, 150.1, 148.7, 148.7, 148.1, 148.0, 148.1, 148.0, 148.1, 148.7, 148.8, 149.3, 148.1, 148.7, 148.0, 148.7, 148.7, 148.7, 148.8, 148.2, 148.1, 148.7, 148.1, 148.2, 148.1, 148.1, 149.3, 148.8, 148.7, 148.7, 148.1, 148.2, 148.4, 148.7, 148.8, 148.8, 148.7, 148.7, 148.7, 148.1, 148.8, 148.7, 148.8, 148.8, 148.8, 148.8, 148.8, 148.8, 148.7, 148.7, 149.4, 148.8, 148.7, 148.4, 148.4, 148.8, 148.5, 148.7, 148.8, 148.8, 148.8, 149.0, 149.1, 149.0, 149.0, 149.0, 148.5, 148.5, 149.0, 149.0, 148.5, 149.0, 148.8, 148.2, 148.8, 148.5, 149.0, 149.0, 148.2, 149.0, 148.8, 148.8, 149.4, 149.5, 150.1, 149.0, 149.5, 149.5, 148.8, 149.5, 149.0, 149.5, 149.0, 149.5, 149.5, 149.4, 149.5, 149.0, 150.1, 149.0, 149.5, 149.0, 149.7, 149.1, 148.2, 148.8, 149.5, 149.7, 149.5, 149.7, 150.2, 149.7, 150.2, 149.8, 150.1, 149.5, 149.5, 149.4, 149.7, 150.2, 150.2, 150.2, 150.1, 150.2, 150.2, 150.2, 149.8, 150.8, 150.8, 150.8, 150.8]"
15,"[146.6, 147.0, 147.0, 147.0, 144.5, 145.6, 145.6, 146.2, 146.9, 147.1, 146.5, 146.5, 147.0, 147.1, 147.1, 146.5, 147.1, 147.8, 147.1, 147.0, 147.1, 147.0, 147.3, 146.5, 147.0, 146.5, 146.5, 147.6, 147.0, 147.1, 147.1, 147.1, 147.0, 147.1, 147.1, 147.8, 147.0, 146.9, 147.0, 147.1, 147.0, 147.0, 147.1, 147.1, 147.0, 146.4, 147.0, 146.4, 147.1, 146.5, 146.9, 147.0, 147.0, 146.4, 146.9, 146.4, 147.6, 146.5, 147.0, 147.6, 147.0, 147.1, 147.0, 147.1, 147.6, 146.5, 146.5, 147.0, 146.5, 147.6, 147.0, 147.0, 147.0, 147.0, 147.0, 147.0, 146.5, 146.4, 147.1, 147.1, 147.0, 147.1, 147.1, 147.0, 146.5, 146.5, 147.1, 147.0, 147.0, 147.8, 147.1, 146.5, 147.0, 147.1, 147.0, 146.5, 146.5, 146.5, 147.0, 146.5, 146.5, 146.5, 147.1, 146.4, 147.1, 147.1, 147.0, 147.6, 147.0, 147.1, 146.5, 146.5, 147.6, 147.1, 147.1, 147.8, 147.6, 147.1, 146.4, 147.1, 146.5, 147.0, 146.4, 146.4, 147.1, 146.4, 147.1, 146.5, 147.0, 146.2, 146.9, 146.2, 146.2, 145.0, 146.2, 145.4, 146.1, 145.4, 146.2, 146.2, 145.7, 145.6, 145.6, 145.6, 146.2, 146.2, 145.6, 146.2, 145.7, 146.4, 146.1, 146.2, 146.2, 146.4, 145.7, 146.4, 146.4, 146.4, 146.4, 145.7, 145.0, 145.1, 145.7, 144.5, 145.9, 147.0, 145.9, 146.0, 145.4, 144.5, 145.1, 145.1, 145.0, 144.3, 144.8, 144.2, 144.2, 144.8, 144.3, 144.2, 145.0, 145.0, 143.9, 145.0, 144.5, 144.5, 145.1, 143.9, 144.3, 144.3, 144.3, 145.1, 144.3, 144.5, 144.3, 143.9, 144.3, 144.3, 145.0, 145.0, 144.3, 143.7, 144.3, 143.5, 144.3, 144.3, 143.7, 143.5, 144.5, 145.0, 144.5, 145.1, 144.3, 145.0, 144.5, 144.3, 143.9, 144.3, 144.3, 145.0, 144.3, 144.5, 145.1, 145.1, 144.7, 144.5, 144.3, 144.5, 144.5, 143.9, 145.0, 144.1, 144.5, 145.0, 145.0, 144.5, 145.0, 143.7, 143.9, 144.5, 144.3, 144.3, 145.0, 144.3, 144.7, 145.0, 144.7, 144.1, 145.0, 143.9, 143.7, 144.5, 143.9, 144.3, 144.7, 144.5, 144.1, 144.5, 144.5, 144.7, 144.3, 143.9, 144.5, 145.1, 144.5, 144.3, 143.9, 145.1, 145.1, 144.5, 145.0, 144.3, 143.9, 144.5, 144.5, 143.9, 144.5, 144.2, 143.9, 145.1, 145.7, 145.0, 144.5, 143.9, 144.1, 144.7, 145.0, 144.5, 144.7, 144.5, 143.9, 145.3, 144.8, 145.1, 144.7, 145.1, 145.6, 145.9, 145.7, 145.1, 145.3, 145.1, 144.5, 144.7, 145.1, 145.3, 144.5, 145.3, 145.1, 145.1, 144.7, 145.1, 145.1, 145.9, 145.1, 145.7, 145.7, 145.3, 145.9, 144.7, 145.1, 145.1, 145.7, 145.9, 145.4, 145.7, 145.3, 145.9, 145.9, 146.5, 146.5, 146.4, 146.5, 145.9, 145.9, 145.9, 145.3, 146.5, 145.4, 145.3, 145.3, 145.3, 145.9, 145.7, 145.1, 145.3, 145.1, 144.7, 145.4, 145.0, 144.5, 145.1, 145.0, 145.1, 145.0, 145.0, 144.8, 144.3, 145.0, 144.8, 144.8, 144.3, 144.3, 144.3, 144.3, 144.3, 145.6, 145.7, 145.1, 144.8, 145.3, 145.7, 144.7, 145.9, 145.7, 145.3, 145.9, 145.7, 146.5, 145.9, 145.9, 145.3, 145.6, 145.7, 146.4, 145.7, 145.4, 145.3, 145.9, 145.3, 145.3, 146.0, 144.8, 145.4, 145.3, 145.6, 145.6, 145.4, 146.0, 146.0, 146.5, 146.0, 145.3, 145.3, 145.0, 145.3, 145.9, 145.3, 145.0, 146.0, 145.4, 145.4, 146.2, 145.4, 145.9, 145.9, 146.5, 145.9, 146.0, 146.0, 145.9, 145.4, 146.5, 146.2, 146.2, 145.6, 146.2, 146.6, 146.6, 146.6, 146.5, 146.8, 146.2, 146.0, 147.4, 146.8, 147.4, 147.3, 146.8, 147.3, 147.3, 147.4, 146.6, 145.4, 146.2, 146.8, 146.8, 148.0, 147.9, 146.6, 147.3, 147.3, 147.3, 146.6, 147.3, 147.3, 147.3, 147.3, 147.3, 147.4, 147.3, 147.4, 147.3, 146.6, 146.6, 147.4, 147.9, 147.3, 147.4, 147.5, 147.4, 148.0, 146.8, 147.4, 147.4, 147.4, 148.0, 148.2, 148.0, 148.7, 147.9, 146.8, 147.3, 148.0, 147.4, 147.5, 148.5, 148.0, 147.9, 147.9, 147.4, 147.5, 148.0, 148.0, 148.0, 146.8, 147.4, 148.0, 148.0, 147.4, 147.9, 148.0, 148.0, 147.9, 148.0, 148.1, 148.0, 148.0, 148.1, 148.7, 148.1, 148.6, 148.7, 149.3, 148.7, 148.7, 149.2, 149.3, 149.3, 149.3, 148.7, 149.3, 150.0, 149.5, 148.7, 149.4, 149.5, 148.7, 148.7, 149.1, 148.9, 149.5, 148.9, 148.9, 148.5, 149.8, 149.8, 148.8, 149.3, 149.2, 149.5, 149.5, 150.2, 148.9, 149.6, 149.1, 148.9, 149.7, 149.7, 149.6, 149.7, 149.6, 150.2, 150.8, 150.2, 149.4, 150.0, 150.3, 150.0, 150.7, 149.4, 150.0, 149.3, 148.8, 148.8, 148.8, 150.1, 150.0, 150.8, 150.1, 150.0, 150.1, 150.3, 150.0, 149.4, 149.4, 150.0, 149.2, 149.3, 149.5, 149.2, 149.3, 149.3, 149.3, 149.1, 148.4, 148.4, 148.5, 148.7, 148.4, 148.9, 148.5, 148.3, 147.6, 148.4, 147.7, 148.0, 148.3, 148.4, 148.4]"
15,"[147.0, 145.3, 145.9, 145.4, 145.0, 144.2, 144.6, 145.1, 145.9, 145.4, 146.4, 146.1, 145.9, 146.4, 146.2, 145.7, 146.2, 146.2, 145.0, 145.0, 145.1, 145.0, 145.7, 146.4, 145.9, 146.5, 146.5, 146.5, 145.9, 145.4, 145.4, 146.0, 146.5, 146.2, 146.6, 146.6, 145.9, 146.6, 146.6, 146.5, 147.1, 146.6, 146.6, 145.9, 146.5, 146.0, 146.0, 145.9, 145.3, 146.5, 145.9, 146.4, 145.7, 145.9, 146.0, 146.5, 146.2, 146.6, 145.4, 145.9, 145.3, 145.9, 146.5, 146.9, 146.4, 145.7, 146.2, 146.5, 147.1, 146.5, 146.9, 146.0, 145.9, 146.0, 146.8, 146.8, 146.6, 146.5, 147.3, 146.6, 147.3, 147.1, 146.5, 147.8, 146.0, 147.3, 146.6, 146.0, 146.5, 146.0, 147.3, 146.8, 146.6, 146.5, 146.8, 146.5, 146.4, 146.6, 145.3, 145.3, 145.3, 145.6, 145.1, 145.7, 145.7, 146.0, 146.6, 146.8, 145.9, 146.5, 146.0, 146.5, 146.0, 147.1, 147.3, 148.0, 147.4, 147.3, 147.4, 147.4, 146.9, 147.4, 146.8, 146.0, 146.8, 147.3, 146.8, 146.6, 145.7, 146.8, 147.3, 147.3, 147.3, 146.6, 146.6, 147.1, 147.1, 147.3, 146.6, 146.6, 146.5, 147.3, 147.3, 146.8, 147.3, 147.4, 148.0, 147.3, 147.9, 147.4, 147.8, 147.1, 147.9, 147.4, 147.8, 147.3, 147.3, 147.9, 147.9, 147.9, 147.8, 147.9, 146.5, 147.1, 147.1, 145.6, 146.0, 146.0, 146.5, 146.6, 146.2, 146.0, 146.6, 147.3, 146.0, 146.0, 146.0, 146.6, 147.3, 147.3, 147.9, 147.8, 147.9, 147.9, 146.5, 147.1, 146.0, 146.6, 146.0, 145.9, 146.4, 145.1, 145.7, 145.4, 145.7, 146.5, 145.7, 145.7, 145.3, 146.4, 145.4, 146.5, 146.5, 145.9, 146.6, 147.0, 147.3, 147.1, 146.5, 147.1, 147.0, 146.4, 146.5, 146.6, 146.5, 146.6, 146.0, 146.8, 146.2, 147.0, 146.3, 147.0, 147.8, 146.6, 146.7, 147.8, 146.5, 147.2, 147.0, 147.3, 146.8, 147.4, 147.4, 147.9, 148.0, 148.7, 148.6, 148.5, 148.5, 148.6, 147.4, 148.1, 148.0, 148.7, 149.3, 148.9, 148.8, 148.9, 149.3, 149.4, 149.8, 148.9, 149.8, 149.5, 149.9, 149.9, 149.9, 149.8, 149.5, 149.5, 149.3, 150.6, 150.0, 150.0, 151.0, 151.6, 151.1, 150.6, 150.4, 149.9, 149.8, 150.2, 150.3, 150.3, 149.8, 149.3, 149.3, 149.3, 148.8, 149.8, 149.9, 149.8, 150.5, 151.1, 149.9, 151.6, 150.5, 151.1, 151.6, 151.6, 151.6, 151.1, 151.6, 152.2, 152.3, 151.1, 151.7, 151.7, 151.6, 151.6, 151.7, 152.2, 151.7, 151.6, 151.6, 151.7, 151.2, 151.7, 151.1, 151.1, 150.6, 150.9, 150.1, 149.7, 149.8, 149.3, 149.2, 149.8, 149.4, 149.3, 149.8, 151.0, 151.1, 151.0, 151.0, 151.0, 151.6, 150.5, 151.0, 150.5, 150.4, 151.0, 151.6, 151.0, 151.6, 152.2, 152.2, 152.2, 151.1, 152.8, 151.6, 151.0, 151.0, 151.0, 150.4, 150.9, 150.5, 151.1, 151.0, 149.9, 149.9, 150.4, 149.9, 149.9, 149.8, 150.4, 149.8, 151.0, 150.4, 149.8, 149.3, 148.8, 148.7, 148.1, 147.5, 147.2, 147.3, 147.3, 147.6, 147.9, 148.0, 148.1, 148.7, 149.3, 149.9, 149.9, 150.4, 151.7, 151.0, 151.0, 151.1, 150.5, 151.1, 150.0, 150.4, 150.6, 149.5, 150.5, 150.5, 150.6, 150.5, 151.1, 150.4, 149.9, 150.4, 149.8, 150.5, 150.5, 149.9, 149.8, 149.8, 149.3, 150.5, 149.8, 149.7, 149.9, 149.8, 149.8, 149.8, 149.8, 149.8, 150.5, 151.1, 150.5, 150.0, 149.9, 149.8, 150.0, 150.4, 149.9, 151.2, 150.4, 150.5, 149.8, 148.7, 149.4, 150.3, 150.3, 148.7, 149.8, 149.1, 149.2, 150.3, 149.8, 149.8, 149.8, 149.3, 149.4, 149.3, 149.8, 150.5, 151.0, 149.8, 150.3, 150.3, 150.3, 150.4, 149.3, 149.4, 149.8, 149.3, 149.8, 150.4, 150.4, 150.9, 150.3, 150.5, 150.4, 150.2, 150.9, 150.4, 150.3, 149.8, 149.3, 149.3, 150.3, 150.4, 150.3, 151.5, 150.9, 150.9, 151.4, 150.8, 151.5, 150.8, 150.9, 150.8, 150.8, 150.4, 150.9, 150.9, 150.9, 150.3, 150.1, 150.9, 150.8, 151.5, 150.8, 150.8, 150.9, 150.8, 151.4, 150.9, 151.5, 151.4, 150.8, 150.2, 150.9, 150.1, 152.0, 151.4, 150.8, 150.8, 151.4, 150.3, 151.4, 150.2, 150.7, 150.1, 149.5, 149.5, 150.6, 150.1, 150.7, 151.2, 150.0, 150.8, 151.3, 151.4, 151.3, 150.7, 151.3, 151.3, 150.7, 150.8, 150.7, 151.3, 150.8, 150.7, 150.7, 150.8, 151.4, 152.6, 150.8, 151.4, 150.8, 150.7, 150.8, 150.8, 150.1, 151.3, 151.3, 151.4, 151.3, 151.3, 151.4, 151.2, 151.3, 150.7, 151.3, 151.4, 150.1, 151.3, 151.2, 151.2, 151.3, 150.1, 150.7, 150.7, 150.1, 150.7, 150.7, 150.2, 151.2, 151.3, 150.6, 150.1, 150.6, 150.7, 150.8, 150.8, 150.8, 150.1, 150.7, 150.1, 150.6, 149.0, 150.1, 150.7, 150.1, 149.5, 150.1, 150.1, 150.1, 150.1, 150.1, 150.1, 150.0, 150.6, 150.0, 150.7, 150.6, 150.0, 150.7, 150.6, 150.7, 150.0, 150.0, 150.6, 150.0]"
15,"[147.3, 144.8, 144.5, 144.6, 143.5, 143.8, 144.5, 144.5, 145.1, 145.3, 145.6, 145.3, 146.1, 144.8, 145.4, 145.0, 145.0, 144.8, 144.8, 144.2, 144.2, 145.4, 145.0, 146.1, 144.8, 145.3, 144.8, 144.8, 145.0, 145.6, 144.8, 144.3, 145.4, 145.4, 144.6, 145.4, 145.0, 144.3, 144.2, 144.6, 145.0, 144.8, 145.0, 145.1, 145.0, 145.0, 145.6, 145.6, 145.6, 145.0, 145.6, 145.6, 145.7, 145.7, 145.6, 145.6, 146.4, 145.7, 145.6, 146.2, 146.9, 146.9, 146.4, 146.9, 146.2, 145.9, 145.7, 146.2, 146.2, 147.0, 146.9, 146.2, 146.4, 146.4, 145.7, 146.9, 145.9, 145.6, 146.4, 147.0, 145.7, 145.9, 146.4, 145.7, 145.7, 146.5, 145.9, 146.5, 146.5, 145.9, 146.4, 146.6, 146.4, 146.0, 146.0, 146.0, 146.4, 145.9, 146.5, 145.9, 146.5, 147.1, 146.6, 146.0, 146.5, 146.4, 146.0, 147.5, 146.3, 145.7, 146.2, 145.6, 146.0, 146.6, 145.9, 145.9, 146.5, 146.4, 146.5, 146.4, 147.0, 146.5, 147.0, 147.0, 145.7, 147.0, 145.7, 145.7, 145.7, 145.7, 145.1, 145.9, 145.7, 145.9, 145.9, 145.7, 145.7, 145.7, 146.4, 146.5, 146.4, 146.4, 146.4, 146.4, 146.4, 146.4, 147.0, 145.7, 145.7, 146.4, 147.0, 145.7, 146.4, 145.7, 145.7, 145.9, 146.5, 146.4, 147.1, 146.4, 146.2, 146.4, 145.3, 145.7, 145.1, 144.1, 145.3, 145.9, 145.1, 145.3, 144.7, 145.6, 146.2, 146.9, 146.4, 146.5, 146.2, 146.2, 146.2, 146.2, 145.6, 145.7, 146.2, 145.6, 145.6, 145.7, 145.7, 145.6, 145.0, 145.6, 145.3, 145.7, 145.7, 145.7, 145.9, 145.9, 145.6, 145.7, 145.9, 145.1, 145.6, 145.0, 143.9, 143.3, 143.1, 144.2, 144.8, 144.5, 145.1, 145.0, 145.0, 145.0, 144.5, 145.1, 145.3, 144.3, 144.5, 145.6, 145.6, 145.1, 145.1, 145.0, 145.1, 145.1, 145.0, 145.6, 145.1, 145.1, 145.1, 145.0, 145.0, 145.0, 145.1, 145.0, 145.0, 144.8, 144.3, 145.6, 145.0, 145.4, 145.0, 145.1, 144.8, 145.1, 144.5, 143.9, 143.7, 145.1, 145.1, 145.0, 145.6, 145.0, 145.0, 145.4, 145.7, 145.0, 144.3, 144.8, 145.6, 144.5, 145.0, 144.8, 145.7, 145.1, 145.6, 145.6, 145.0, 145.6, 145.6, 145.1, 144.5, 145.6, 145.0, 145.7, 145.6, 145.1, 145.0, 145.0, 145.7, 145.7, 145.6, 145.7, 145.7, 145.6, 145.6, 145.6, 145.1, 145.3, 145.3, 145.7, 145.9, 145.7, 145.7, 145.7, 146.2, 145.9, 145.7, 145.1, 145.0, 145.0, 145.1, 145.7, 145.7, 146.4, 145.7, 145.7, 146.2, 145.7, 146.4, 145.6, 145.1, 145.6, 146.4, 145.6, 146.4, 146.2, 145.6, 146.9, 145.6, 145.6, 146.2, 146.9, 146.4, 145.7, 146.9, 146.2, 146.2, 146.5, 145.6, 146.2, 147.0, 146.4, 146.5, 145.7, 145.7, 145.7, 145.7, 146.4, 146.4, 146.4, 145.7, 146.2, 145.7, 146.4, 146.4, 146.2, 145.6, 146.2, 146.2, 146.4, 146.2, 146.2, 146.4, 145.6, 145.7, 145.7, 145.7, 146.2, 146.4, 146.4, 146.4, 145.6, 146.2, 145.6, 146.2, 146.2, 145.6, 146.4, 146.4, 146.4, 145.7, 146.5, 146.6, 147.1, 147.1, 146.5, 145.9, 147.1, 146.6, 146.5, 146.5, 147.3, 146.5, 147.3, 147.1, 147.0, 147.3, 147.3, 147.8, 147.3, 147.3, 147.9, 147.3, 147.3, 147.9, 147.3, 147.9, 147.3, 147.1, 147.9, 147.8, 147.9, 147.8, 147.1, 147.8, 147.1, 147.9, 147.9, 147.1, 147.9, 147.9, 147.4, 147.9, 147.8, 146.6, 148.0, 148.5, 148.5, 147.9, 147.9, 147.4, 147.1, 147.8, 147.1, 147.3, 146.6, 146.5, 146.5, 146.6, 146.0, 146.6, 146.6, 146.6, 147.3, 146.5, 147.3, 146.5, 146.6, 147.1, 146.5, 147.3, 146.6, 146.5, 146.0, 147.3, 145.9, 146.6, 146.6, 147.3, 147.3, 147.4, 147.3, 147.3, 147.3, 146.6, 146.2, 146.2, 146.6, 146.6, 146.6, 147.3, 146.8, 146.6, 147.3, 147.3, 146.6, 147.9, 147.3, 147.4, 148.0, 148.6, 148.6, 149.2, 148.6, 148.5, 148.6, 148.6, 148.6, 148.6, 147.5, 148.0, 148.0, 148.1, 148.6, 148.5, 148.1, 147.9, 148.5, 148.6, 147.9, 148.6, 147.9, 147.9, 149.1, 148.5, 148.0, 148.6, 148.7, 149.2, 149.2, 149.8, 149.2, 149.2, 148.7, 149.8, 149.8, 149.1, 149.3, 149.1, 149.8, 150.0, 149.2, 149.2, 149.8, 149.2, 148.5, 149.1, 148.7, 149.1, 149.7, 149.2, 149.0, 149.2, 149.2, 149.0, 148.6, 149.2, 149.2, 149.2, 149.2, 149.2, 148.6, 149.1, 149.2, 149.2, 147.9, 148.6, 149.1, 149.1, 148.6, 148.6, 148.6, 149.2, 148.5, 149.1, 147.9, 149.2, 148.6, 148.5, 148.0, 148.1, 148.6, 148.5, 148.5, 147.4, 148.0, 148.5, 148.0, 147.3, 148.6, 149.1, 148.5, 148.4, 148.6, 147.3, 148.6, 148.5, 148.0, 148.6, 148.5, 147.3, 148.0, 148.5, 148.6, 148.0, 148.0, 148.0, 147.9, 148.0, 149.2, 148.0, 147.9, 147.3, 148.0, 146.8, 147.9, 147.3, 147.3, 148.5, 147.4, 148.5, 148.0, 147.9, 149.1, 147.9, 148.0, 148.0, 147.9, 148.0, 147.9]"
15,"[145.4, 142.5, 143.5, 143.1, 142.5, 142.5, 143.3, 143.7, 143.9, 145.0, 144.7, 145.0, 145.0, 144.2, 144.8, 144.1, 144.3, 144.3, 144.6, 145.4, 146.7, 146.2, 146.2, 145.6, 146.1, 146.7, 146.1, 146.1, 146.2, 146.1, 147.0, 146.2, 146.1, 145.6, 145.7, 145.6, 146.7, 146.4, 146.4, 145.7, 145.0, 145.6, 145.6, 146.2, 146.2, 146.9, 146.2, 145.6, 144.8, 144.8, 144.8, 146.1, 145.4, 146.1, 147.0, 145.4, 146.2, 146.7, 146.7, 146.2, 145.9, 146.2, 146.7, 146.1, 146.1, 146.1, 146.6, 146.1, 145.9, 146.1, 146.6, 146.2, 146.1, 146.7, 146.1, 146.1, 146.1, 146.9, 146.9, 146.7, 146.7, 145.6, 146.1, 146.1, 146.9, 146.2, 145.6, 146.1, 146.2, 147.5, 147.5, 146.2, 146.1, 146.2, 146.2, 146.2, 145.4, 146.2, 145.6, 146.1, 146.7, 146.9, 146.6, 146.9, 146.1, 145.7, 146.9, 146.9, 145.6, 145.4, 146.2, 145.6, 145.6, 145.0, 146.1, 146.7, 145.6, 146.2, 146.2, 146.7, 146.7, 146.1, 146.7, 146.4, 145.3, 145.0, 144.1, 143.9, 144.1, 143.7, 144.1, 143.9, 143.5, 144.3, 144.8, 144.3, 143.1, 143.3, 143.9, 143.9, 144.2, 145.0, 145.3, 145.1, 145.3, 144.7, 143.9, 142.9, 143.5, 144.1, 143.9, 144.7, 144.5, 144.3, 144.3, 144.5, 144.5, 143.9, 143.9, 144.5, 143.9, 144.3, 144.5, 144.5, 145.1, 145.1, 144.7, 144.7, 144.8, 145.6, 145.3, 145.0, 145.3, 145.1, 145.3, 145.1, 144.5, 145.7, 145.1, 145.7, 145.1, 146.4, 145.3, 145.0, 145.0, 144.5, 144.7, 144.8, 145.4, 146.5, 145.3, 145.1, 146.4, 145.7, 145.1, 145.9, 145.9, 145.9, 145.3, 145.9, 145.9, 146.0, 146.5, 146.6, 145.4, 145.9, 145.9, 146.0, 146.5, 145.7, 146.0, 145.9, 146.0, 145.9, 146.5, 146.6, 146.6, 146.5, 146.0, 145.9, 145.7, 145.4, 145.6, 145.3, 146.2, 146.2, 145.0, 145.6, 145.4, 145.4, 145.1, 146.4, 145.3, 145.9, 145.0, 145.7, 145.9, 145.7, 146.5, 146.5, 146.6, 146.6, 146.6, 146.6, 146.6, 146.6, 146.0, 146.0, 146.6, 146.5, 146.4, 146.0, 146.2, 146.5, 145.9, 145.1, 145.3, 144.7, 145.4, 145.7, 145.6, 145.6, 145.3, 145.1, 146.5, 145.9, 145.4, 144.8, 145.7, 146.6, 146.5, 146.0, 146.6, 146.0, 146.0, 147.1, 147.3, 146.0, 146.0, 146.0, 146.8, 146.6, 146.0, 145.9, 145.6, 146.0, 146.0, 146.0, 146.0, 146.5, 145.9, 146.0, 145.9, 144.7, 144.5, 144.5, 145.0, 145.0, 146.2, 145.9, 145.9, 146.0, 146.6, 145.3, 145.3, 145.9, 145.9, 145.1, 145.9, 146.0, 146.0, 145.9, 145.9, 146.5, 145.9, 145.9, 146.5, 145.9, 146.4, 145.6, 145.3, 144.5, 145.7, 145.6, 146.2, 146.4, 145.7, 146.4, 146.4, 145.9, 147.1, 146.4, 145.9, 146.0, 147.1, 146.2, 146.5, 146.6, 147.0, 147.0, 146.5, 147.1, 147.1, 146.5, 146.5, 147.1, 147.3, 147.1, 147.1, 147.4, 146.5, 146.0, 145.9, 146.8, 145.9, 147.0, 146.4, 146.9, 147.0, 147.1, 146.5, 146.6, 147.0, 147.1, 146.5, 146.4, 146.9, 147.6, 147.6, 147.0, 147.1, 148.3, 147.8, 148.9, 149.6, 149.6, 149.7, 150.4, 149.0, 149.2, 148.5, 148.6, 149.8, 148.6, 148.6, 148.6, 148.6, 148.4, 149.3, 149.4, 148.8, 148.7, 149.4, 149.3, 148.1, 149.0, 149.1, 149.1, 148.5, 148.6, 148.6, 148.7, 148.6, 148.7, 149.2, 149.1, 148.6, 149.2, 150.0, 150.6, 150.8, 151.4, 151.4, 151.4, 151.5, 150.9, 151.1, 150.3, 149.8, 149.7, 150.1, 149.0, 151.4, 150.8, 150.2, 151.4, 150.3, 150.2, 149.5, 149.8, 149.2, 149.7, 150.1, 150.1, 151.4, 151.2, 151.9, 151.4, 150.8, 150.7, 150.8, 150.8, 150.2, 150.8, 150.8, 150.2, 150.3, 150.2, 150.1, 150.2, 149.5, 150.3, 150.7, 151.3, 150.2, 150.8, 150.8, 150.8, 150.4, 151.4, 150.3, 150.3, 150.2, 150.8, 150.3, 150.3, 149.8, 149.0, 150.1, 149.5, 149.8, 149.7, 149.8, 150.2, 149.1, 150.3, 150.2, 149.8, 150.4, 150.2, 149.7, 150.3, 149.7, 150.2, 150.3, 149.1, 149.8, 150.9, 149.8, 150.2, 150.2, 149.5, 149.5, 150.2, 150.2, 151.4, 151.4, 149.5, 149.5, 148.4, 149.5, 149.7, 150.2, 149.5, 149.7, 149.5, 149.7, 150.8, 150.4, 150.3, 150.2, 150.2, 149.5, 150.3, 150.2, 150.8, 150.1, 149.7, 149.7, 149.5, 150.1, 149.7, 150.2, 150.1, 150.2, 150.9, 151.4, 151.5, 150.8, 150.2, 149.4, 149.7, 150.1, 150.1, 150.0, 150.1, 150.7, 150.6, 150.7, 150.0, 151.3, 150.7, 150.1, 149.4, 150.1, 150.1, 149.5, 149.5, 149.4, 150.1, 148.5, 147.6, 147.3, 146.5, 147.8, 146.8, 148.0, 149.0, 148.2, 149.0, 149.7, 149.0, 147.9, 149.0, 149.5, 149.0, 150.1, 149.0, 148.5, 149.1, 149.1, 149.2, 149.0, 149.1, 148.6, 149.3, 149.1, 149.3, 149.2, 149.3, 149.1, 148.6, 149.2, 148.6, 148.4, 148.6, 149.2, 148.7, 149.1, 149.2, 149.1, 149.2, 149.2, 148.6, 148.5, 149.2, 148.5, 148.6, 148.6, 149.1]"
15,"[149.6, 148.3, 148.3, 147.6, 146.5, 146.4, 147.0, 146.5, 146.0, 147.4, 146.9, 146.8, 147.4, 148.0, 147.4, 148.0, 146.9, 146.6, 147.4, 146.9, 146.2, 147.4, 147.5, 146.9, 147.5, 146.9, 146.9, 147.4, 146.9, 147.5, 147.5, 146.5, 147.5, 147.6, 147.5, 147.5, 146.9, 147.5, 146.8, 147.5, 147.5, 147.4, 148.1, 147.5, 146.9, 147.5, 147.5, 147.3, 146.9, 146.9, 147.4, 147.4, 147.4, 148.0, 146.9, 147.5, 146.9, 147.5, 146.9, 146.9, 147.4, 147.5, 147.4, 147.6, 146.9, 148.1, 146.9, 146.8, 147.3, 147.5, 147.5, 147.5, 147.5, 147.5, 146.9, 147.5, 147.4, 146.9, 146.9, 147.5, 148.1, 147.5, 146.9, 148.0, 147.5, 147.5, 148.1, 147.4, 147.5, 147.5, 146.6, 147.5, 147.4, 147.5, 147.5, 146.9, 147.4, 146.9, 146.5, 145.7, 146.5, 146.9, 146.9, 146.3, 146.5, 146.9, 147.4, 146.9, 147.4, 146.8, 148.1, 147.4, 146.8, 147.4, 147.4, 146.8, 147.4, 147.5, 146.2, 147.4, 146.8, 147.4, 147.3, 147.4, 147.3, 146.0, 146.6, 146.0, 146.0, 145.9, 146.4, 145.9, 146.5, 146.5, 146.5, 146.2, 147.0, 146.4, 146.4, 145.7, 146.5, 145.9, 146.4, 145.7, 146.4, 146.5, 145.7, 146.5, 145.9, 146.5, 146.5, 146.4, 146.5, 146.4, 145.9, 146.5, 145.9, 145.9, 146.0, 146.0, 145.4, 145.3, 146.0, 145.4, 145.4, 144.8, 145.6, 145.3, 145.3, 145.4, 145.3, 145.4, 145.7, 145.4, 146.4, 146.5, 145.7, 146.0, 146.4, 146.5, 145.9, 146.0, 145.1, 146.4, 145.7, 145.7, 145.9, 146.4, 146.6, 145.9, 145.9, 145.7, 145.6, 145.6, 145.7, 145.3, 145.1, 146.4, 145.9, 145.7, 145.6, 145.7, 145.7, 145.4, 145.6, 145.7, 145.1, 145.0, 145.6, 145.6, 145.7, 145.7, 145.3, 145.7, 146.5, 145.9, 146.4, 146.0, 146.5, 145.4, 146.5, 146.5, 145.9, 145.9, 145.6, 145.7, 144.3, 145.7, 145.6, 145.0, 144.3, 144.5, 144.3, 145.1, 144.3, 144.5, 145.0, 145.1, 144.7, 145.3, 145.0, 144.3, 144.3, 144.2, 144.8, 144.2, 143.7, 143.7, 143.7, 144.2, 144.2, 144.8, 143.7, 144.5, 143.7, 144.3, 144.3, 145.4, 145.0, 144.3, 143.9, 145.0, 144.3, 144.3, 145.0, 145.0, 144.3, 144.5, 143.7, 143.5, 144.3, 144.5, 144.5, 145.1, 145.0, 145.1, 143.7, 145.0, 144.5, 145.0, 145.3, 145.0, 145.1, 144.5, 144.3, 144.5, 144.1, 144.5, 143.9, 144.1, 144.5, 144.1, 144.1, 144.3, 144.5, 144.5, 144.1, 143.5, 144.5, 144.5, 145.1, 145.0, 144.5, 144.3, 144.5, 144.3, 145.0, 145.1, 145.1, 145.0, 145.1, 145.1, 145.7, 145.9, 144.7, 144.5, 144.5, 144.5, 144.5, 145.1, 144.5, 144.7, 144.7, 144.3, 145.6, 144.7, 144.5, 143.7, 144.3, 144.3, 145.1, 145.3, 145.3, 144.7, 145.6, 145.1, 145.1, 145.9, 145.7, 145.7, 145.1, 145.7, 145.1, 145.1, 145.7, 145.7, 145.3, 145.3, 144.1, 145.1, 145.7, 145.1, 145.9, 146.5, 145.9, 145.9, 145.7, 145.7, 145.7, 145.7, 147.1, 147.1, 147.0, 146.4, 147.1, 147.3, 146.5, 146.5, 146.6, 146.5, 146.6, 145.9, 146.6, 145.9, 145.9, 147.1, 145.9, 145.9, 145.9, 146.6, 146.5, 146.5, 146.5, 145.4, 146.0, 146.5, 146.0, 145.9, 146.0, 146.5, 146.0, 146.8, 146.6, 146.6, 146.6, 146.6, 147.3, 146.6, 147.3, 147.3, 147.4, 147.3, 147.4, 147.3, 147.3, 147.4, 147.8, 147.8, 148.5, 147.3, 148.0, 147.3, 147.4, 148.0, 148.1, 148.1, 148.0, 147.4, 147.4, 148.0, 148.1, 147.6, 146.9, 148.8, 147.8, 147.8, 147.8, 148.2, 148.4, 147.9, 148.4, 148.4, 147.8, 148.5, 148.4, 147.8, 149.0, 149.4, 149.0, 150.8, 150.2, 149.8, 149.2, 149.8, 149.8, 149.8, 149.8, 148.6, 149.4, 149.3, 148.7, 150.4, 150.3, 150.8, 150.8, 150.3, 150.2, 149.8, 150.9, 150.3, 150.4, 150.2, 150.4, 150.5, 150.4, 150.8, 150.4, 149.8, 150.1, 150.3, 148.7, 149.8, 149.5, 150.1, 150.1, 150.1, 150.1, 150.7, 150.7, 150.1, 150.8, 150.2, 150.1, 151.4, 150.8, 150.7, 150.2, 150.7, 150.7, 150.8, 150.8, 150.1, 150.8, 150.1, 150.7, 150.8, 150.1, 150.7, 150.1, 150.8, 150.7, 150.8, 150.8, 150.8, 151.4, 150.0, 150.1, 149.4, 149.4, 149.4, 149.4, 149.2, 150.6, 150.0, 150.1, 150.5, 150.1, 150.0, 149.7, 150.7, 151.2, 150.6, 151.3, 151.2, 151.3, 150.7, 150.7, 150.7, 150.7, 150.7, 151.3, 150.7, 150.7, 150.7, 151.3, 151.2, 150.6, 150.8, 150.8, 150.8, 151.3, 151.4, 151.2, 150.7, 150.8, 150.6, 151.2, 151.2, 150.0, 150.6, 149.4, 148.6, 148.0, 146.9, 146.9, 146.9, 148.0, 148.0, 149.4, 149.4, 149.4, 149.2, 149.3, 148.6, 148.7, 148.1, 148.4, 148.2, 148.7, 148.8, 148.6, 147.6, 148.7, 148.7, 148.7, 149.4, 149.3, 148.8, 149.4, 149.4, 149.4, 149.0, 150.1, 150.1, 149.5, 149.0, 149.3, 150.1, 150.1, 149.5, 150.2, 150.1, 149.4, 149.5, 150.1, 149.4, 149.1, 150.1, 149.4, 149.5]"
15,"[145.3, 144.7, 146.0, 147.3, 145.4, 144.8, 146.0, 145.9, 145.6, 146.7, 146.8, 146.8, 146.3, 146.7, 146.0, 146.1, 146.7, 146.6, 146.0, 145.7, 146.8, 147.3, 146.3, 146.1, 147.4, 146.1, 146.3, 146.7, 147.3, 147.8, 147.3, 147.3, 146.7, 146.8, 146.3, 146.8, 147.4, 147.5, 147.4, 147.0, 147.1, 147.5, 147.7, 147.0, 146.8, 147.4, 147.5, 146.8, 146.4, 146.3, 146.0, 145.6, 146.7, 146.3, 146.7, 146.1, 146.0, 145.6, 146.1, 146.8, 146.1, 145.0, 145.6, 146.3, 146.1, 146.1, 146.1, 145.6, 145.6, 146.1, 145.6, 145.6, 145.6, 146.4, 145.6, 145.7, 146.3, 146.1, 146.8, 146.7, 146.7, 145.7, 146.7, 146.1, 146.3, 146.1, 146.0, 146.3, 146.3, 145.7, 146.8, 146.7, 147.3, 146.7, 147.0, 146.6, 146.7, 146.8, 146.7, 146.1, 146.7, 146.3, 146.1, 145.7, 145.7, 146.1, 146.6, 146.0, 145.7, 145.4, 145.6, 145.6, 146.7, 145.4, 145.6, 146.1, 145.4, 146.6, 146.6, 145.3, 145.9, 144.5, 145.3, 146.5, 145.9, 145.7, 145.1, 145.7, 145.3, 146.3, 145.3, 145.1, 146.2, 145.4, 145.1, 145.6, 145.0, 145.6, 145.7, 146.3, 145.7, 146.2, 145.6, 146.2, 145.6, 146.3, 145.9, 146.0, 146.0, 146.6, 146.1, 146.7, 146.6, 146.5, 145.9, 145.9, 146.5, 146.0, 145.9, 146.5, 145.9, 145.7, 145.7, 145.3, 145.7, 146.2, 146.2, 145.9, 145.3, 145.4, 145.3, 144.8, 145.4, 145.4, 146.0, 146.2, 145.6, 144.4, 144.8, 143.9, 144.7, 144.8, 145.4, 145.0, 144.8, 144.8, 145.9, 146.5, 145.7, 145.9, 146.5, 145.9, 145.7, 145.1, 145.1, 145.4, 145.1, 145.1, 145.3, 145.9, 145.9, 145.7, 145.4, 145.9, 145.4, 145.9, 145.9, 145.4, 145.3, 145.9, 145.9, 145.9, 146.0, 145.3, 144.7, 145.4, 145.3, 144.7, 146.0, 145.9, 145.3, 146.5, 145.9, 145.3, 145.9, 146.5, 145.3, 145.7, 145.9, 145.9, 145.9, 145.3, 145.9, 145.4, 146.0, 145.7, 146.2, 145.7, 145.0, 145.1, 145.1, 145.1, 144.8, 144.7, 145.4, 145.1, 145.4, 145.7, 145.3, 145.9, 145.7, 145.6, 145.4, 145.4, 146.2, 146.2, 145.6, 145.0, 145.6, 145.0, 145.6, 145.6, 145.6, 146.2, 146.2, 146.8, 147.3, 146.8, 146.8, 146.3, 146.8, 146.8, 146.6, 146.6, 146.8, 146.8, 146.8, 146.2, 146.8, 146.8, 147.4, 146.9, 147.4, 146.3, 146.2, 145.7, 145.9, 145.6, 145.7, 145.7, 145.7, 145.7, 146.3, 145.9, 146.5, 145.7, 146.8, 146.9, 146.0, 146.3, 146.0, 146.2, 146.2, 146.3, 146.2, 146.6, 146.8, 146.8, 146.6, 146.6, 146.9, 146.3, 145.7, 144.8, 145.3, 146.3, 146.5, 145.3, 145.7, 145.7, 147.0, 146.0, 145.6, 146.0, 145.9, 145.9, 146.0, 146.6, 146.5, 145.4, 146.6, 147.0, 146.6, 147.2, 147.0, 146.6, 146.7, 147.2, 147.0, 146.9, 147.0, 146.9, 145.9, 146.3, 147.0, 146.9, 147.5, 147.4, 146.8, 147.4, 146.9, 148.1, 148.2, 148.2, 149.0, 147.3, 147.8, 147.8, 147.2, 147.8, 148.8, 148.8, 148.2, 147.6, 147.6, 147.8, 146.7, 147.9, 148.0, 148.7, 149.5, 148.9, 148.3, 149.5, 150.1, 149.5, 149.5, 150.1, 150.6, 150.6, 150.0, 151.1, 152.2, 149.9, 151.1, 150.5, 151.1, 150.6, 150.6, 151.2, 151.2, 151.1, 151.7, 151.8, 151.1, 151.1, 151.1, 150.5, 149.9, 151.7, 150.5, 151.1, 151.1, 151.2, 150.6, 149.9, 149.9, 151.2, 151.0, 150.6, 151.8, 151.7, 151.2, 151.1, 151.1, 150.6, 151.1, 150.6, 151.7, 151.1, 150.5, 150.7, 150.6, 150.7, 151.1, 150.5, 149.9, 150.5, 149.9, 150.5, 150.5, 151.1, 150.5, 149.9, 150.5, 151.7, 151.6, 151.7, 151.7, 151.8, 151.1, 151.8, 152.3, 151.6, 151.6, 152.2, 151.6, 152.1, 152.2, 151.6, 151.7, 151.6, 150.6, 151.7, 153.4, 153.3, 152.2, 152.1, 151.0, 150.4, 149.9, 150.6, 150.5, 150.5, 151.6, 151.6, 151.6, 151.1, 151.0, 150.5, 150.6, 151.1, 151.1, 151.1, 151.0, 151.1, 151.7, 151.1, 151.7, 151.7, 151.6, 152.2, 151.7, 151.6, 151.0, 152.2, 151.2, 151.7, 152.2, 151.2, 151.1, 151.0, 150.5, 150.5, 151.1, 150.5, 150.4, 150.0, 151.1, 151.1, 151.1, 151.2, 150.5, 150.5, 151.0, 150.5, 151.2, 151.6, 151.6, 151.1, 151.1, 151.0, 150.5, 151.2, 151.1, 151.8, 151.7, 152.2, 152.2, 151.7, 151.7, 152.2, 151.7, 150.5, 152.2, 151.7, 152.3, 151.7, 152.3, 152.3, 151.7, 151.7, 151.1, 152.3, 151.5, 151.2, 151.8, 151.8, 151.8, 151.2, 152.2, 151.2, 151.7, 152.3, 151.6, 152.8, 152.2, 152.2, 151.6, 150.5, 151.2, 150.5, 149.9, 150.6, 150.5, 150.5, 151.7, 151.1, 152.8, 151.7, 151.1, 151.1, 152.2, 152.2, 151.0, 151.6, 152.2, 152.8, 152.8, 151.7, 151.7, 151.6, 152.2, 151.6, 151.6, 151.6, 151.7, 152.2, 152.7, 151.7, 152.2, 151.0, 151.1, 151.6, 151.6, 151.1, 151.0, 149.9, 151.0, 150.5, 149.8, 151.0, 151.6, 149.8, 150.4, 150.4, 151.0, 149.8, 149.8, 149.9]"
15,"[146.5, 146.2, 145.7, 146.2, 145.0, 144.8, 145.4, 145.6, 145.6, 145.6, 146.9, 147.1, 146.4, 146.5, 145.9, 146.4, 146.5, 146.2, 145.4, 145.8, 145.9, 146.1, 145.3, 145.9, 145.1, 145.9, 146.7, 146.2, 147.0, 147.6, 147.5, 147.0, 147.0, 147.6, 147.5, 147.5, 147.0, 146.9, 148.1, 146.9, 146.9, 146.2, 146.4, 146.9, 146.2, 146.1, 145.4, 145.3, 145.3, 145.3, 145.3, 145.3, 145.3, 145.3, 145.9, 145.9, 145.8, 145.9, 146.7, 147.5, 147.0, 147.0, 146.9, 147.0, 147.0, 147.0, 146.9, 147.5, 147.5, 147.0, 147.5, 147.0, 147.0, 146.5, 147.0, 146.4, 146.4, 146.2, 146.4, 146.4, 146.5, 146.5, 146.4, 145.9, 145.4, 146.5, 146.0, 146.5, 146.0, 146.6, 146.5, 146.0, 146.0, 145.6, 145.9, 146.3, 146.2, 145.7, 145.1, 145.7, 145.1, 146.2, 146.2, 146.2, 146.2, 145.6, 145.6, 146.3, 146.2, 145.6, 145.9, 146.2, 146.7, 146.1, 146.7, 146.6, 145.9, 145.3, 145.3, 146.1, 146.7, 146.7, 146.1, 146.9, 146.5, 146.4, 145.9, 145.7, 146.4, 146.5, 145.9, 146.5, 146.4, 145.9, 146.5, 146.4, 145.9, 146.5, 146.5, 146.5, 146.6, 146.6, 146.5, 146.6, 147.3, 146.6, 147.4, 147.1, 147.3, 146.6, 147.8, 146.8, 147.3, 147.8, 147.4, 147.3, 147.9, 147.3, 147.9, 147.3, 147.8, 147.9, 146.6, 146.0, 146.6, 146.6, 146.2, 146.6, 146.8, 147.4, 146.8, 146.8, 146.8, 146.8, 147.3, 146.8, 146.2, 147.4, 146.6, 146.6, 146.6, 146.6, 146.8, 146.6, 147.3, 146.6, 146.8, 146.6, 147.4, 146.2, 146.8, 146.8, 147.3, 146.6, 145.9, 146.0, 146.2, 146.0, 146.5, 146.0, 146.0, 146.0, 146.0, 146.2, 145.9, 146.0, 146.0, 146.6, 145.9, 145.9, 146.0, 146.0, 146.5, 146.5, 146.8, 146.0, 146.5, 145.9, 145.3, 145.9, 145.4, 146.6, 145.9, 146.0, 145.9, 145.9, 146.0, 146.0, 146.6, 146.5, 146.5, 146.6, 146.0, 145.9, 146.0, 146.0, 146.0, 145.9, 145.9, 146.5, 145.9, 145.9, 146.5, 145.7, 146.4, 145.3, 145.9, 145.3, 146.5, 145.4, 146.4, 146.5, 145.6, 145.1, 146.5, 146.4, 145.3, 145.7, 145.9, 146.5, 145.9, 146.4, 145.0, 145.3, 145.7, 145.9, 145.7, 145.7, 145.1, 145.6, 145.7, 145.6, 145.7, 145.7, 145.7, 145.9, 145.7, 145.7, 145.7, 146.2, 145.1, 145.0, 145.1, 145.0, 145.3, 145.1, 145.1, 144.4, 143.9, 143.9, 144.1, 144.7, 144.2, 144.8, 144.2, 144.8, 146.4, 145.7, 145.7, 145.0, 145.7, 145.6, 145.0, 145.0, 146.2, 145.0, 146.2, 145.6, 145.6, 145.6, 145.6, 146.2, 145.6, 145.6, 146.1, 145.3, 145.6, 145.6, 145.0, 145.7, 145.7, 145.1, 145.7, 146.4, 145.7, 145.1, 146.2, 145.7, 145.7, 145.7, 145.6, 146.1, 145.7, 145.7, 145.6, 145.1, 145.0, 146.4, 145.1, 145.7, 145.7, 145.7, 145.7, 145.0, 145.7, 145.1, 145.1, 145.3, 145.1, 144.7, 142.5, 142.3, 143.3, 143.3, 144.8, 144.1, 145.7, 144.2, 145.9, 145.7, 145.6, 145.1, 146.2, 146.2, 145.9, 146.5, 147.3, 146.4, 147.1, 146.5, 148.4, 148.4, 148.5, 148.1, 148.1, 148.0, 148.1, 146.8, 146.3, 147.4, 146.8, 147.6, 147.0, 147.0, 147.4, 147.0, 147.4, 148.0, 147.4, 146.9, 146.5, 147.5, 147.6, 146.3, 146.5, 147.6, 148.2, 146.6, 148.1, 147.9, 147.8, 147.4, 147.9, 147.8, 147.8, 148.5, 147.9, 147.9, 147.0, 146.6, 147.2, 147.9, 147.8, 147.3, 147.0, 147.0, 147.8, 147.8, 147.8, 147.6, 147.2, 147.3, 147.3, 147.3, 146.7, 147.9, 147.2, 147.8, 147.2, 146.6, 146.6, 147.2, 147.2, 146.7, 147.8, 147.2, 146.7, 147.8, 147.8, 147.3, 147.8, 149.1, 148.5, 148.5, 149.5, 148.5, 149.1, 149.1, 149.1, 149.5, 149.1, 147.9, 148.5, 148.5, 148.0, 147.3, 148.5, 147.3, 147.9, 148.5, 147.3, 149.1, 148.5, 149.0, 149.0, 149.0, 148.6, 148.6, 148.6, 149.1, 149.8, 148.0, 148.6, 148.0, 148.7, 148.6, 149.2, 149.2, 148.6, 148.5, 149.1, 148.6, 148.6, 148.1, 148.7, 147.9, 148.5, 148.6, 148.6, 147.4, 147.9, 148.1, 148.5, 147.9, 148.4, 148.6, 148.5, 147.9, 147.4, 148.0, 146.8, 148.1, 147.9, 148.5, 147.9, 148.0, 147.9, 147.9, 147.8, 148.0, 147.9, 148.6, 148.0, 148.6, 148.5, 148.4, 148.6, 148.6, 148.5, 148.5, 147.9, 147.6, 146.8, 147.9, 147.4, 148.5, 148.5, 148.5, 148.0, 148.0, 148.4, 147.9, 147.8, 147.9, 147.2, 148.4, 147.8, 148.0, 147.8, 148.1, 148.4, 148.2, 149.0, 148.4, 148.5, 148.8, 149.0, 149.0, 148.5, 149.1, 149.1, 149.0, 149.2, 149.1, 149.0, 148.7, 148.5, 149.0, 148.6, 149.1, 148.6, 149.1, 149.0, 149.7, 149.0, 148.4, 147.9, 148.5, 147.9, 147.9, 147.8, 147.6, 147.6, 148.1, 148.1, 147.8, 148.4, 148.4, 149.0, 149.0, 148.2, 148.4, 148.2, 147.9, 147.9, 147.9, 148.5, 147.9, 148.5, 148.5, 148.8, 149.1, 149.0, 148.6, 149.2, 148.6, 149.2, 149.2, 148.7, 149.1]"
15,"[150.8, 148.3, 148.8, 148.4, 147.3, 147.1, 147.8, 148.4, 148.1, 148.5, 149.0, 148.5, 148.5, 148.1, 149.3, 148.8, 147.8, 147.2, 146.6, 147.0, 147.0, 148.1, 147.5, 147.5, 148.6, 148.6, 148.7, 148.8, 148.7, 148.8, 148.8, 148.7, 146.7, 148.5, 147.8, 149.1, 149.3, 149.3, 148.6, 149.5, 149.5, 149.2, 149.3, 149.2, 149.8, 149.8, 149.8, 149.8, 149.8, 149.8, 149.8, 149.8, 149.8, 149.7, 150.2, 150.2, 149.7, 149.7, 150.3, 150.3, 149.8, 150.4, 150.9, 149.8, 149.9, 149.8, 150.3, 148.8, 149.8, 150.4, 149.8, 149.9, 149.9, 150.4, 149.9, 149.9, 149.8, 149.4, 150.4, 149.9, 149.9, 149.9, 150.5, 150.5, 150.5, 149.9, 149.9, 149.9, 150.4, 149.3, 150.3, 150.3, 150.4, 149.8, 149.4, 149.3, 149.8, 150.4, 151.1, 151.1, 150.0, 151.2, 150.6, 151.2, 150.5, 151.2, 150.5, 150.6, 151.2, 151.2, 150.5, 150.6, 151.1, 151.2, 150.7, 150.6, 151.1, 151.2, 150.6, 150.6, 151.2, 150.0, 150.5, 151.2, 150.6, 150.0, 149.8, 149.2, 147.4, 147.9, 147.9, 147.9, 147.9, 148.0, 148.0, 148.0, 148.7, 148.7, 148.1, 148.8, 148.8, 149.9, 148.8, 149.3, 148.2, 149.3, 149.3, 149.3, 149.3, 148.8, 148.8, 148.2, 148.2, 148.3, 148.8, 149.3, 149.3, 148.1, 148.7, 149.3, 148.6, 148.1, 148.7, 149.4, 149.2, 149.2, 148.2, 148.6, 148.0, 148.1, 148.1, 148.7, 148.8, 148.1, 149.2, 149.2, 148.7, 148.7, 148.7, 148.7, 147.9, 148.0, 148.6, 148.6, 148.6, 148.5, 148.2, 148.4, 147.6, 147.0, 146.6, 147.6, 146.6, 146.9, 147.0, 145.9, 146.6, 146.3, 145.9, 146.5, 146.5, 146.5, 146.3, 146.9, 146.9, 146.9, 147.5, 147.0, 146.9, 146.3, 147.0, 147.2, 147.2, 145.9, 146.5, 148.1, 147.5, 146.6, 146.5, 146.0, 147.0, 147.0, 145.9, 146.5, 146.5, 146.3, 146.3, 146.3, 146.3, 146.9, 146.9, 146.8, 148.6, 148.0, 148.0, 147.4, 146.6, 148.0, 147.4, 146.0, 146.0, 146.0, 146.6, 146.6, 146.6, 146.0, 146.2, 146.8, 146.6, 146.5, 147.3, 147.1, 146.2, 145.9, 145.9, 145.7, 143.9, 144.2, 144.4, 145.3, 144.8, 145.4, 145.4, 143.9, 144.7, 144.7, 145.1, 145.1, 145.1, 145.3, 145.7, 145.7, 145.3, 145.3, 146.0, 145.7, 146.2, 145.7, 145.7, 145.9, 146.5, 146.6, 146.0, 145.9, 147.1, 146.6, 147.1, 146.6, 146.6, 146.6, 146.5, 146.6, 146.6, 146.2, 146.6, 146.6, 146.0, 146.6, 146.6, 146.6, 147.3, 146.6, 146.6, 146.4, 145.9, 146.3, 146.8, 145.6, 146.9, 146.3, 146.0, 145.7, 145.6, 145.7, 145.7, 146.5, 146.5, 146.6, 146.2, 146.5, 146.6, 146.6, 146.6, 147.1, 147.1, 147.1, 147.3, 147.3, 147.3, 147.3, 147.3, 147.4, 147.8, 148.0, 147.9, 148.0, 147.1, 147.4, 147.8, 148.1, 147.3, 147.3, 146.8, 147.8, 147.3, 147.4, 148.5, 148.0, 148.5, 148.0, 148.1, 147.9, 148.7, 148.0, 148.6, 149.1, 149.1, 148.1, 148.0, 147.9, 148.6, 148.6, 148.6, 148.6, 148.0, 148.0, 148.7, 149.3, 149.4, 149.5, 151.0, 150.8, 151.4, 151.3, 151.4, 151.4, 151.5, 151.0, 151.0, 151.6, 151.6, 152.8, 151.7, 152.3, 152.8, 152.8, 152.8, 153.4, 152.8, 154.0, 152.8, 152.8, 154.0, 153.4, 154.5, 153.4, 153.4, 152.8, 152.8, 153.4, 153.4, 153.5, 152.9, 154.0, 154.6, 153.4, 154.0, 154.0, 154.0, 154.0, 153.4, 155.2, 154.0, 154.0, 154.0, 153.5, 154.6, 154.6, 155.2, 154.1, 154.1, 154.1, 154.1, 153.0, 153.0, 153.5, 151.8, 150.4, 150.5, 150.3, 149.8, 149.8, 149.8, 149.2, 148.6, 149.7, 148.5, 149.0, 149.1, 149.7, 149.8, 149.2, 149.8, 149.8, 149.3, 149.9, 150.0, 150.6, 150.6, 151.2, 150.7, 151.2, 150.5, 150.6, 151.8, 151.2, 151.0, 150.5, 151.1, 151.1, 151.7, 150.6, 151.8, 151.1, 151.2, 151.8, 151.2, 151.7, 151.7, 152.3, 152.9, 152.3, 152.3, 152.3, 152.3, 152.3, 153.4, 153.4, 152.8, 153.0, 152.9, 151.8, 152.8, 152.9, 152.9, 152.3, 153.4, 153.4, 152.3, 152.9, 153.4, 153.5, 154.1, 153.4, 153.4, 152.8, 152.8, 153.5, 152.3, 153.5, 154.5, 154.5, 154.0, 153.4, 154.0, 153.5, 152.3, 153.4, 154.1, 153.5, 154.1, 154.0, 154.5, 154.6, 154.5, 154.0, 154.5, 154.6, 154.6, 154.6, 154.6, 153.4, 154.0, 152.8, 154.1, 152.9, 152.3, 152.3, 152.3, 151.8, 149.9, 149.8, 149.7, 148.5, 149.0, 148.1, 149.1, 149.3, 150.1, 149.4, 150.1, 149.7, 150.8, 149.7, 150.3, 150.3, 150.3, 151.4, 150.8, 150.8, 150.8, 150.2, 150.8, 150.9, 151.0, 151.0, 150.5, 151.0, 151.6, 151.1, 151.1, 151.1, 151.1, 150.5, 151.1, 150.5, 150.5, 150.5, 150.3, 149.5, 149.5, 149.4, 149.2, 150.1, 149.4, 150.2, 149.2, 149.9, 149.9, 149.5, 150.0, 150.5, 150.5, 150.6, 151.1, 150.6, 150.6, 150.6, 150.6, 150.5, 150.6, 150.5, 150.5, 151.3, 151.2, 150.7, 150.7, 150.7, 151.2, 150.0]"
15,"[147.3, 146.9, 147.0, 146.9, 146.2, 145.4, 147.1, 148.4, 148.0, 148.1, 148.2, 148.4, 148.1, 147.5, 148.0, 146.3, 147.0, 146.3, 146.5, 147.4, 146.9, 146.9, 146.8, 146.3, 146.8, 146.8, 146.6, 146.0, 147.3, 146.0, 146.6, 146.5, 146.0, 147.3, 146.6, 146.2, 147.3, 146.0, 147.3, 146.2, 146.6, 146.8, 146.6, 146.6, 146.2, 146.2, 146.8, 146.8, 146.8, 146.8, 146.6, 146.2, 145.9, 146.6, 147.1, 146.8, 146.6, 146.8, 146.9, 146.2, 146.8, 146.6, 147.1, 147.1, 146.5, 146.5, 147.0, 147.0, 147.1, 147.4, 146.0, 146.8, 146.2, 146.2, 146.6, 146.5, 146.2, 147.0, 147.0, 146.4, 145.7, 146.5, 146.2, 146.8, 145.7, 145.7, 145.7, 145.7, 145.6, 146.2, 146.0, 146.0, 145.9, 146.6, 146.6, 146.3, 145.9, 145.1, 145.9, 145.1, 145.7, 146.3, 145.3, 145.7, 144.7, 145.1, 145.1, 146.0, 145.6, 146.3, 145.3, 145.7, 145.1, 145.7, 146.3, 145.7, 146.3, 146.6, 146.6, 146.6, 146.3, 145.7, 145.6, 146.2, 145.1, 145.7, 144.4, 144.2, 144.4, 145.4, 144.7, 144.8, 145.3, 145.1, 145.9, 145.3, 145.4, 146.0, 145.9, 145.4, 145.0, 145.0, 145.4, 145.3, 145.3, 145.3, 145.3, 145.6, 145.6, 145.3, 145.9, 145.1, 145.1, 144.8, 144.8, 144.1, 145.3, 145.4, 145.1, 145.1, 145.7, 144.5, 144.5, 145.1, 144.8, 145.3, 144.7, 145.1, 144.7, 144.7, 145.9, 145.1, 144.7, 144.1, 145.3, 145.7, 144.7, 145.1, 145.3, 145.4, 144.7, 145.4, 145.3, 144.5, 145.1, 145.9, 145.7, 146.5, 145.4, 145.3, 145.9, 145.3, 145.7, 145.7, 145.9, 145.7, 145.3, 145.7, 145.7, 145.9, 146.5, 145.3, 146.4, 146.4, 145.7, 146.4, 145.7, 145.0, 145.7, 145.7, 145.0, 144.5, 145.1, 145.1, 145.6, 145.1, 145.1, 145.3, 145.0, 144.2, 145.0, 145.1, 145.0, 145.1, 145.1, 144.5, 144.3, 145.7, 144.3, 144.5, 145.1, 145.1, 145.1, 145.1, 145.1, 145.1, 144.8, 144.5, 145.0, 145.0, 145.0, 145.0, 144.5, 145.1, 145.0, 145.0, 145.1, 144.8, 145.1, 144.5, 145.1, 145.1, 145.0, 144.5, 145.0, 145.0, 145.0, 145.1, 144.3, 144.5, 145.1, 145.1, 144.5, 144.3, 144.3, 144.3, 144.3, 145.1, 145.0, 145.0, 143.7, 144.5, 144.2, 144.5, 144.3, 144.5, 144.3, 144.8, 144.2, 144.8, 145.0, 145.0, 145.0, 144.2, 144.6, 143.8, 144.3, 144.3, 143.5, 143.5, 143.5, 143.6, 144.1, 145.0, 141.9, 140.7, 142.7, 143.4, 144.3, 142.6, 142.8, 142.8, 142.6, 142.8, 142.8, 143.6, 143.6, 143.6, 143.6, 143.0, 143.5, 144.3, 143.6, 143.0, 143.6, 143.0, 143.6, 143.0, 143.6, 142.8, 143.5, 143.6, 143.6, 143.6, 143.6, 143.6, 143.5, 144.3, 143.6, 143.8, 143.6, 143.6, 143.6, 143.8, 144.3, 143.6, 143.5, 142.8, 143.5, 143.6, 142.8, 142.6, 142.8, 142.8, 143.5, 142.8, 143.5, 143.5, 142.8, 142.8, 142.8, 143.3, 142.6, 142.6, 142.8, 142.8, 142.8, 142.6, 143.5, 144.2, 142.7, 142.1, 144.2, 144.2, 143.8, 143.6, 143.6, 143.5, 144.6, 144.3, 144.0, 143.4, 144.0, 144.8, 144.2, 145.3, 145.3, 144.8, 145.4, 145.4, 145.4, 145.6, 146.2, 145.6, 145.4, 146.2, 145.7, 146.2, 146.7, 146.2, 146.1, 146.9, 146.9, 146.2, 145.6, 146.2, 146.2, 146.2, 146.2, 146.9, 146.5, 146.9, 147.1, 145.9, 146.9, 146.4, 146.9, 146.2, 146.9, 146.2, 146.4, 146.4, 146.4, 146.5, 146.4, 146.4, 146.5, 146.5, 146.4, 146.4, 145.9, 147.0, 146.5, 146.5, 146.4, 146.6, 146.0, 146.5, 145.9, 147.1, 146.6, 146.6, 146.5, 146.0, 146.6, 146.5, 147.1, 147.8, 147.1, 147.1, 146.5, 146.6, 146.5, 147.1, 147.1, 146.5, 146.6, 146.0, 146.5, 146.5, 145.9, 147.1, 146.5, 147.8, 147.1, 147.1, 147.3, 146.6, 147.9, 147.3, 147.9, 148.4, 147.9, 148.5, 148.0, 147.3, 147.9, 148.5, 147.9, 148.5, 147.3, 147.9, 148.5, 148.5, 148.5, 147.9, 148.5, 147.3, 148.5, 148.0, 148.0, 148.0, 148.6, 148.5, 147.3, 147.9, 147.9, 147.9, 148.0, 147.4, 147.9, 147.9, 147.9, 148.6, 147.3, 147.9, 148.0, 148.0, 148.0, 148.6, 147.9, 148.0, 148.0, 148.4, 148.4, 147.9, 147.3, 148.5, 147.3, 148.5, 147.9, 147.3, 148.0, 147.9, 147.9, 146.6, 147.9, 147.4, 147.9, 148.0, 147.1, 147.9, 148.0, 148.5, 148.5, 147.4, 147.9, 147.9, 148.5, 147.9, 148.5, 147.9, 148.5, 148.0, 147.4, 147.4, 148.5, 148.0, 148.5, 147.9, 147.4, 148.5, 147.9, 147.3, 147.9, 147.9, 147.3, 147.3, 147.9, 147.9, 148.6, 148.6, 147.8, 148.0, 147.9, 147.4, 147.9, 148.0, 148.0, 148.0, 148.5, 148.0, 147.4, 148.0, 148.0, 148.0, 147.9, 148.6, 148.0, 148.0, 147.4, 147.9, 148.0, 147.8, 147.4, 147.4, 147.9, 148.0, 147.9, 147.4, 147.9, 147.4, 147.9, 148.0, 147.4, 147.9, 147.9, 148.6, 147.4, 147.4, 147.4, 146.6, 146.6, 147.9, 147.3, 147.3, 146.6, 146.8, 146.8, 146.2]"
15,"[147.8, 146.2, 146.2, 146.7, 145.0, 145.0, 145.4, 145.6, 144.8, 144.5, 145.3, 145.6, 143.8, 144.4, 145.1, 145.7, 145.0, 144.8, 145.9, 145.3, 145.1, 145.3, 146.0, 145.9, 145.9, 145.4, 145.0, 145.3, 145.1, 145.1, 145.7, 144.8, 145.6, 145.7, 146.3, 145.7, 145.9, 145.6, 145.4, 145.9, 145.9, 145.9, 145.1, 146.4, 145.9, 145.7, 146.4, 145.7, 146.4, 145.3, 146.4, 145.7, 146.4, 146.0, 146.0, 145.9, 145.7, 146.4, 145.9, 145.9, 145.1, 145.7, 145.9, 146.0, 145.9, 146.0, 145.4, 146.0, 145.4, 145.9, 145.4, 145.4, 145.4, 145.6, 146.5, 146.6, 145.9, 146.3, 146.3, 146.9, 146.9, 146.5, 146.3, 146.5, 145.3, 146.0, 146.6, 145.9, 145.4, 146.0, 145.4, 144.8, 146.4, 146.4, 146.5, 145.9, 145.7, 145.9, 145.4, 146.0, 145.9, 146.0, 145.9, 146.5, 146.5, 146.5, 146.5, 146.5, 146.6, 146.5, 146.2, 146.0, 145.9, 146.0, 146.5, 145.9, 145.9, 145.4, 145.4, 145.1, 146.2, 146.5, 145.7, 145.7, 146.2, 146.3, 145.9, 146.2, 145.4, 145.4, 145.4, 145.6, 145.3, 145.9, 145.9, 145.3, 145.3, 145.7, 145.1, 145.7, 145.0, 145.7, 145.7, 145.7, 145.3, 145.7, 145.9, 145.7, 145.9, 145.7, 145.7, 146.5, 145.9, 146.4, 145.7, 145.3, 145.0, 145.1, 145.3, 145.3, 144.7, 145.1, 145.1, 145.1, 145.1, 145.1, 145.1, 144.7, 144.7, 143.9, 144.7, 144.7, 144.5, 144.7, 144.5, 144.5, 144.1, 144.5, 145.0, 144.5, 144.5, 145.1, 145.0, 144.5, 145.0, 145.0, 145.0, 145.0, 145.0, 145.0, 145.0, 145.4, 144.8, 145.9, 144.2, 145.4, 144.8, 145.0, 144.2, 145.0, 144.2, 144.0, 145.3, 144.8, 144.0, 144.6, 144.8, 143.7, 144.2, 144.0, 144.0, 144.6, 144.0, 144.0, 144.6, 144.8, 144.8, 144.0, 143.5, 144.6, 144.2, 144.6, 144.0, 144.2, 144.8, 144.5, 144.6, 144.0, 144.2, 144.2, 144.8, 144.8, 144.5, 144.6, 145.3, 144.6, 144.5, 144.6, 146.1, 144.8, 144.8, 145.4, 145.1, 144.6, 144.9, 144.8, 144.6, 144.6, 144.5, 144.6, 144.5, 144.5, 144.3, 144.6, 144.3, 145.1, 144.6, 144.6, 143.6, 144.0, 144.6, 144.5, 144.6, 144.5, 144.5, 144.6, 144.5, 144.5, 144.6, 144.6, 144.5, 144.5, 144.6, 144.5, 144.6, 144.6, 144.9, 143.8, 143.6, 145.1, 144.5, 143.6, 143.8, 144.6, 143.8, 144.5, 143.2, 144.5, 143.8, 144.5, 144.5, 143.8, 144.5, 144.3, 143.6, 143.8, 144.3, 143.8, 143.8, 144.5, 143.6, 143.6, 143.5, 144.3, 143.5, 144.1, 143.6, 143.6, 144.3, 145.9, 144.5, 145.9, 144.0, 144.5, 144.3, 143.6, 144.0, 143.8, 144.5, 144.5, 143.8, 144.5, 144.9, 144.3, 143.6, 143.6, 144.5, 144.9, 144.1, 144.5, 144.1, 144.3, 143.8, 143.6, 144.5, 143.6, 144.5, 143.5, 144.3, 144.5, 144.5, 143.8, 143.8, 144.5, 144.3, 143.6, 143.5, 143.6, 143.5, 144.9, 144.3, 143.8, 144.2, 143.4, 143.5, 142.9, 143.7, 143.7, 145.4, 143.2, 142.8, 142.8, 143.3, 143.8, 143.8, 143.8, 143.4, 144.6, 144.8, 145.0, 145.7, 145.6, 145.7, 145.6, 146.2, 145.6, 146.2, 145.6, 145.6, 145.6, 146.2, 146.2, 145.6, 145.6, 145.7, 145.6, 146.4, 145.7, 145.7, 145.6, 146.2, 145.7, 145.7, 145.6, 146.4, 145.1, 145.7, 146.5, 146.4, 146.4, 146.4, 146.5, 146.4, 146.4, 146.5, 147.0, 147.0, 147.0, 146.4, 146.6, 147.1, 147.8, 147.8, 147.6, 148.1, 147.1, 147.8, 147.8, 147.1, 147.3, 147.8, 147.4, 148.5, 147.8, 147.8, 148.5, 147.9, 148.5, 147.9, 147.3, 147.3, 147.3, 148.0, 146.8, 147.4, 147.4, 147.9, 147.4, 148.1, 148.1, 148.1, 148.0, 148.7, 148.1, 148.1, 148.7, 148.7, 148.1, 148.0, 148.2, 147.6, 148.4, 147.8, 147.8, 148.4, 147.2, 147.2, 147.8, 147.8, 147.8, 148.5, 148.8, 148.4, 148.2, 148.4, 148.8, 148.5, 148.6, 148.5, 148.5, 148.4, 149.5, 148.4, 148.6, 149.4, 149.1, 149.1, 149.1, 149.0, 148.5, 149.1, 149.7, 149.7, 149.1, 149.0, 149.1, 148.5, 149.0, 149.0, 149.1, 149.1, 149.2, 148.6, 149.2, 148.5, 148.5, 149.1, 149.0, 149.1, 149.1, 149.2, 148.6, 149.1, 149.1, 149.1, 149.7, 149.8, 149.1, 149.1, 148.6, 149.1, 149.1, 148.6, 149.3, 149.3, 149.8, 149.2, 148.7, 149.2, 148.6, 148.7, 148.8, 149.2, 149.2, 149.4, 149.8, 148.6, 149.8, 148.7, 149.3, 149.7, 149.2, 149.3, 149.7, 149.8, 149.3, 149.3, 149.2, 149.2, 149.2, 149.3, 149.8, 149.2, 149.2, 149.8, 149.2, 149.2, 149.3, 149.3, 149.3, 149.2, 149.3, 149.3, 149.8, 149.3, 149.8, 149.8, 149.3, 149.3, 149.3, 149.3, 149.3, 149.2, 149.3, 149.3, 149.8, 150.4, 150.4, 149.8, 150.3, 150.4, 150.4, 151.0, 150.9, 150.3, 150.4, 150.3, 150.4, 150.9, 150.4, 150.8, 150.9, 150.9, 150.9, 151.0, 150.9, 150.4, 151.0, 150.3, 150.4, 151.0, 150.9, 150.3, 151.6, 151.5, 150.5, 151.1, 150.5, 150.5, 151.1]"
16,"[133.9, 134.5, 134.3, 135.1, 135.8, 135.9, 136.4, 135.9, 136.0, 136.8, 136.9, 136.8, 137.4, 136.8, 136.8, 136.8, 136.8, 136.8, 136.2, 136.2, 136.8, 136.0, 136.2, 136.8, 136.3, 136.7, 136.8, 136.7, 136.7, 136.2, 136.9, 136.9, 136.2, 136.8, 136.9, 136.7, 136.7, 136.8, 136.3, 136.8, 136.8, 136.2, 136.8, 136.8, 137.1, 136.9, 136.8, 136.8, 136.8, 137.4, 136.8, 137.5, 137.3, 136.7, 137.4, 136.7, 136.8, 136.8, 137.4, 136.8, 136.8, 136.8, 137.4, 136.8, 137.4, 136.7, 137.4, 136.8, 136.9, 136.8, 136.8, 136.8, 136.8, 136.9, 137.3, 136.8, 136.8, 136.8, 136.7, 136.8, 136.9, 137.5, 136.7, 136.8, 136.8, 136.8, 137.4, 136.8, 136.8, 136.7, 136.8, 136.8, 136.8, 137.5, 136.8, 136.8, 136.2, 136.8, 136.8, 136.7, 136.0, 136.0, 136.8, 136.8, 136.2, 136.8, 136.8, 136.8, 136.8, 136.9, 136.2, 137.4, 136.8, 137.4, 136.2, 136.8, 136.8, 137.3, 136.9, 137.4, 137.4, 136.8, 136.8, 136.9, 136.8, 135.9, 136.2, 135.6, 136.3, 136.2, 136.0, 136.2, 136.2, 136.9, 136.9, 136.8, 136.8, 137.5, 136.8, 136.2, 136.7, 136.8, 136.2, 135.6, 136.2, 136.2, 135.6, 135.6, 135.6, 136.2, 135.4, 135.4, 135.4, 135.6, 135.6, 135.6, 135.3, 135.7, 135.6, 135.6, 135.6, 135.6, 135.7, 135.4, 135.6, 136.3, 136.9, 136.2, 136.2, 136.2, 136.8, 136.8, 136.2, 136.7, 136.0, 136.7, 137.3, 136.2, 136.8, 136.0, 135.4, 136.0, 135.4, 136.7, 136.2, 136.5, 136.0, 136.2, 135.4, 136.0, 136.0, 136.0, 136.0, 137.3, 136.8, 136.8, 136.7, 136.8, 135.4, 136.5, 136.0, 135.9, 135.6, 135.4, 135.6, 136.2, 135.3, 136.0, 136.0, 136.2, 136.0, 135.4, 135.4, 136.2, 136.0, 136.0, 136.0, 135.4, 136.0, 136.2, 136.0, 136.0, 136.0, 136.0, 136.7, 136.0, 136.0, 136.0, 136.7, 136.7, 136.2, 136.0, 136.7, 137.3, 136.8, 135.4, 136.7, 136.0, 135.4, 135.3, 135.6, 136.7, 135.9, 135.3, 135.3, 134.8, 135.3, 134.8, 134.5, 135.4, 135.3, 134.8, 135.6, 134.7, 134.8, 134.8, 134.7, 134.8, 135.4, 135.6, 135.6, 134.8, 134.8, 135.0, 135.4, 134.0, 135.0, 134.0, 134.7, 134.0, 134.8, 134.8, 134.8, 134.8, 135.4, 134.7, 134.8, 135.4, 135.6, 135.3, 135.3, 135.4, 135.3, 136.0, 135.9, 135.4, 135.4, 135.4, 135.4, 136.2, 136.0, 136.0, 135.6, 136.2, 136.2, 135.4, 135.6, 134.8, 135.6, 135.4, 135.4, 135.7, 136.2, 135.6, 135.6, 135.3, 135.7, 136.2, 134.8, 134.4, 133.9, 135.0, 133.9, 133.9, 134.7, 133.9, 134.5, 134.8, 134.0, 134.7, 134.0, 133.9, 134.5, 134.7, 134.7, 134.5, 134.5, 133.9, 134.8, 134.5, 134.0, 134.0, 134.7, 135.3, 134.5, 135.4, 134.8, 135.4, 134.8, 134.7, 135.9, 135.3, 134.7, 134.7, 135.4, 134.8, 135.6, 135.4, 135.4, 135.0, 135.6, 136.2, 135.4, 135.9, 135.4, 134.2, 133.4, 133.6, 133.9, 133.4, 133.4, 134.0, 133.3, 134.0, 133.9, 134.5, 134.0, 133.9, 134.0, 134.0, 134.7, 134.7, 134.5, 134.7, 134.0, 135.4, 134.2, 134.8, 135.3, 134.0, 134.8, 134.8, 135.0, 134.2, 135.6, 135.6, 134.8, 135.0, 135.6, 135.6, 135.6, 136.2, 136.2, 136.2, 135.3, 135.7, 135.7, 135.1, 135.9, 135.9, 136.3, 136.8, 136.3, 136.3, 135.7, 136.2, 136.5, 135.7, 136.5, 136.9, 136.3, 136.3, 135.9, 135.9, 135.7, 136.3, 136.3, 136.3, 136.5, 136.3, 135.3, 135.9, 136.3, 136.5, 135.9, 136.3, 136.3, 135.9, 135.7, 136.0, 136.0, 135.9, 135.9, 136.5, 135.7, 134.8, 135.3, 134.7, 133.9, 134.5, 134.0, 134.5, 134.7, 133.9, 134.3, 134.5, 133.3, 133.9, 132.6, 134.3, 134.5, 134.5, 134.7, 134.5, 134.7, 134.7, 134.7, 134.5, 134.5, 134.5, 134.5, 134.5, 135.1, 133.9, 135.3, 135.1, 134.5, 135.1, 135.1, 135.1, 135.0, 135.0, 134.5, 133.7, 134.5, 134.3, 134.5, 135.1, 134.3, 134.5, 134.3, 134.5, 135.0, 134.5, 133.7, 134.3, 134.3, 134.5, 134.3, 135.1, 135.0, 134.5, 135.0, 134.2, 134.3, 134.3, 134.5, 134.3, 134.5, 135.1, 135.1, 135.1, 135.0, 135.0, 135.1, 135.0, 135.0, 135.0, 135.0, 135.0, 135.0, 135.1, 135.6, 135.1, 135.8, 135.1, 135.0, 135.1, 135.1, 134.3, 135.0, 134.3, 135.1, 134.2, 134.3, 135.1, 134.3, 135.0, 135.0, 134.5, 135.0, 134.3, 134.3, 135.0, 135.0, 134.3, 134.2, 135.0, 135.8, 135.0, 134.3, 135.0, 135.0, 134.3, 134.3, 135.0, 134.5, 135.0, 135.0, 134.3, 134.2, 134.3, 134.3, 135.0, 134.2, 135.0, 134.3, 134.8, 135.0, 135.0, 135.0, 135.0, 134.8, 135.0, 135.0, 135.0, 135.0, 134.3, 135.0, 134.8, 134.3, 134.0, 134.2, 134.8, 134.2, 134.2, 133.7, 133.5, 133.5, 134.2, 134.3, 134.5, 134.2, 134.5, 134.3, 134.3, 133.9, 134.3, 134.3, 134.3, 134.3, 134.2, 134.5, 134.2, 133.7, 132.9, 134.3, 134.3, 134.3, 133.7]"
16,"[135.0, 135.4, 135.3, 135.6, 136.9, 136.2, 136.9, 136.5, 137.2, 136.7, 137.7, 137.8, 137.2, 136.3, 136.7, 136.6, 136.6, 136.6, 136.6, 136.5, 137.8, 137.2, 137.2, 137.8, 136.5, 136.9, 137.2, 137.2, 137.1, 137.2, 137.5, 137.2, 137.2, 137.1, 137.7, 137.2, 137.2, 137.1, 137.2, 137.2, 136.6, 137.1, 137.7, 137.8, 137.8, 137.7, 137.7, 137.8, 137.2, 137.5, 137.7, 137.8, 137.7, 137.8, 137.2, 137.3, 137.1, 137.1, 136.9, 137.8, 137.7, 137.2, 137.8, 137.1, 137.7, 136.9, 137.2, 137.5, 137.2, 137.2, 137.2, 137.7, 136.9, 137.9, 137.8, 137.2, 137.2, 137.2, 137.1, 137.2, 136.6, 137.2, 137.2, 136.5, 137.2, 137.2, 137.2, 137.2, 137.2, 136.9, 137.8, 137.2, 137.2, 137.2, 136.5, 137.2, 137.1, 137.1, 137.2, 136.0, 137.1, 137.3, 136.6, 137.8, 137.3, 137.3, 137.1, 136.5, 137.2, 137.2, 136.5, 137.2, 136.5, 137.2, 137.8, 137.2, 136.5, 136.5, 137.8, 136.6, 137.3, 137.2, 136.5, 137.2, 136.0, 135.7, 135.9, 135.1, 135.9, 135.9, 135.7, 135.7, 137.1, 135.9, 136.5, 136.5, 136.3, 136.3, 135.7, 136.3, 136.3, 136.3, 137.1, 136.5, 136.2, 136.5, 137.1, 136.2, 135.9, 135.6, 136.3, 136.5, 136.5, 135.9, 136.5, 136.3, 135.9, 135.7, 135.9, 136.6, 137.1, 135.7, 136.5, 135.7, 135.7, 135.9, 136.5, 137.1, 136.5, 135.9, 135.7, 136.3, 136.5, 136.5, 135.9, 136.5, 135.7, 135.9, 137.1, 137.2, 136.3, 135.6, 136.3, 136.8, 135.9, 136.3, 136.9, 136.9, 136.9, 136.3, 136.9, 136.9, 136.8, 136.9, 136.9, 136.5, 136.9, 137.5, 137.8, 137.1, 136.9, 136.9, 137.5, 137.1, 137.2, 136.9, 137.2, 137.2, 136.9, 136.9, 137.8, 137.1, 136.9, 137.1, 136.6, 136.9, 136.9, 136.3, 134.5, 134.2, 132.9, 135.0, 133.5, 134.3, 134.3, 135.0, 133.5, 135.0, 135.9, 136.0, 136.5, 136.5, 136.5, 136.6, 137.2, 137.1, 137.7, 137.1, 137.7, 137.1, 137.1, 137.7, 137.7, 137.7, 137.7, 138.4, 137.2, 138.3, 137.7, 138.3, 138.3, 137.8, 137.7, 137.1, 137.1, 138.4, 137.7, 137.7, 136.9, 134.2, 134.0, 133.4, 132.7, 133.4, 134.0, 134.2, 134.3, 134.3, 135.3, 136.3, 136.5, 137.1, 137.2, 137.8, 137.8, 137.5, 137.1, 137.5, 137.5, 137.7, 138.3, 137.7, 137.5, 137.7, 138.4, 138.3, 137.7, 137.5, 138.3, 137.7, 137.8, 138.3, 137.8, 138.3, 137.7, 138.3, 137.7, 138.4, 138.3, 138.3, 137.7, 138.3, 137.7, 138.2, 138.3, 138.3, 138.3, 138.3, 136.9, 135.8, 134.8, 134.0, 133.7, 133.5, 133.5, 134.3, 134.5, 135.4, 135.4, 136.3, 137.1, 136.6, 137.2, 136.5, 137.8, 137.1, 137.7, 137.8, 138.4, 137.8, 137.2, 137.2, 137.8, 137.8, 137.2, 137.2, 137.3, 136.8, 134.2, 132.7, 132.9, 133.5, 132.9, 133.7, 132.3, 133.7, 135.6, 137.1, 136.6, 137.2, 137.1, 137.8, 137.1, 138.3, 137.8, 137.5, 137.7, 138.3, 137.5, 137.7, 138.4, 137.5, 138.4, 137.9, 137.7, 138.4, 137.9, 137.7, 138.4, 138.4, 137.8, 138.4, 138.4, 139.1, 138.5, 138.4, 139.0, 138.4, 138.3, 138.4, 138.4, 137.8, 137.9, 138.5, 137.7, 138.5, 138.5, 138.5, 138.3, 138.4, 138.4, 137.8, 138.4, 138.4, 138.4, 137.8, 138.4, 138.5, 138.4, 138.5, 137.8, 138.4, 137.7, 138.3, 137.8, 138.4, 137.8, 138.4, 137.8, 138.4, 137.7, 138.4, 136.5, 135.6, 134.3, 134.7, 134.2, 135.7, 136.5, 136.6, 136.6, 136.3, 136.5, 136.5, 137.1, 137.2, 136.0, 136.5, 136.6, 136.9, 137.1, 136.9, 137.8, 137.7, 137.7, 137.1, 137.7, 137.5, 137.8, 137.5, 136.9, 138.2, 137.5, 137.7, 137.1, 136.9, 137.7, 137.5, 136.9, 137.7, 137.5, 137.5, 137.7, 137.7, 138.3, 137.7, 137.7, 137.8, 137.7, 138.9, 137.5, 138.3, 137.7, 137.7, 138.2, 138.3, 138.2, 138.3, 138.2, 138.2, 138.4, 137.7, 138.2, 137.7, 137.8, 138.3, 137.7, 138.2, 137.7, 137.5, 138.4, 138.3, 138.3, 138.3, 138.3, 138.4, 137.7, 137.7, 137.5, 137.7, 137.7, 138.3, 137.7, 137.7, 137.7, 137.7, 137.7, 137.5, 137.7, 138.3, 138.3, 137.7, 138.3, 137.7, 137.7, 138.3, 137.7, 136.9, 137.7, 137.7, 138.2, 137.5, 137.7, 137.5, 137.7, 137.7, 137.5, 137.2, 137.8, 137.8, 136.9, 136.9, 137.5, 137.7, 137.7, 136.9, 137.1, 137.5, 137.7, 137.7, 136.3, 137.3, 137.1, 137.1, 136.5, 137.1, 137.1, 137.1, 137.2, 137.2, 137.7, 136.5, 137.2, 137.2, 137.1, 137.1, 137.2, 137.8, 136.9, 137.2, 137.1, 136.5, 137.5, 137.2, 137.2, 137.5, 137.1, 137.2, 136.5, 135.7, 137.1, 137.1, 136.9, 136.3, 136.5, 136.3, 136.3, 136.3, 136.3, 137.1, 136.3, 136.3, 136.2, 136.3, 136.9, 135.6, 136.3, 136.9, 136.5, 137.1, 136.3, 136.3, 136.9, 136.9, 136.3, 136.5, 136.9, 136.0, 136.8, 136.2, 136.2, 136.2, 136.2, 136.3, 136.3, 136.2, 136.2, 136.3, 136.2, 136.3]"
16,"[135.6, 135.1, 135.9, 136.8, 137.3, 136.7, 137.5, 137.5, 137.7, 137.1, 137.8, 137.2, 137.7, 137.8, 137.7, 137.1, 137.8, 137.8, 137.1, 137.7, 137.3, 137.2, 137.7, 137.8, 137.8, 137.2, 137.8, 137.8, 137.9, 137.2, 137.8, 137.1, 137.1, 137.1, 137.8, 137.7, 137.1, 137.1, 137.8, 137.7, 137.9, 137.8, 137.2, 137.7, 137.8, 137.9, 137.8, 137.1, 137.1, 137.7, 137.1, 137.8, 137.1, 137.7, 137.8, 137.7, 137.7, 137.1, 137.9, 137.8, 137.2, 137.7, 137.8, 137.7, 137.8, 137.8, 137.8, 137.7, 138.3, 137.8, 137.7, 137.9, 137.8, 137.9, 137.1, 137.7, 137.8, 137.7, 138.3, 137.8, 137.1, 137.2, 137.9, 137.1, 137.7, 137.8, 137.8, 137.2, 138.4, 137.8, 137.8, 137.8, 137.1, 137.1, 137.2, 137.8, 137.3, 137.2, 137.1, 137.8, 137.8, 138.5, 137.7, 137.9, 137.7, 137.8, 137.8, 137.1, 137.1, 137.7, 137.8, 137.1, 137.1, 137.1, 137.8, 137.7, 137.7, 136.9, 137.1, 137.1, 137.8, 137.8, 137.2, 137.2, 137.1, 137.1, 137.1, 136.6, 136.6, 136.9, 137.2, 136.9, 137.1, 137.2, 136.5, 137.1, 137.7, 137.7, 137.1, 137.1, 137.1, 137.1, 137.7, 137.1, 137.1, 137.1, 138.3, 136.9, 138.3, 137.7, 137.1, 137.7, 136.9, 137.7, 137.5, 137.4, 137.4, 137.5, 137.5, 137.5, 136.3, 137.5, 137.4, 136.2, 136.9, 136.9, 138.2, 137.5, 137.5, 136.8, 136.9, 136.8, 137.5, 136.8, 136.0, 137.4, 137.4, 136.8, 137.3, 136.8, 136.8, 136.8, 136.7, 136.7, 136.8, 136.7, 136.8, 136.8, 136.8, 136.8, 136.7, 136.0, 136.7, 136.0, 136.7, 136.7, 136.7, 136.7, 137.4, 136.8, 138.0, 138.2, 136.8, 136.9, 136.2, 136.9, 136.9, 137.4, 136.9, 136.8, 137.4, 137.7, 136.8, 136.8, 136.8, 137.4, 136.9, 136.8, 136.7, 137.4, 137.4, 137.5, 137.3, 135.8, 136.7, 136.8, 136.7, 136.7, 136.7, 137.4, 136.7, 137.4, 137.4, 137.4, 136.8, 137.3, 137.4, 137.4, 136.8, 136.7, 136.8, 137.4, 137.5, 137.5, 137.5, 137.4, 136.9, 137.5, 138.0, 137.4, 137.4, 137.4, 136.8, 136.8, 136.8, 136.8, 137.3, 137.4, 138.2, 138.2, 137.4, 138.0, 138.0, 138.0, 138.2, 138.0, 137.4, 137.5, 137.4, 137.4, 137.4, 136.8, 136.7, 137.4, 138.0, 137.4, 136.7, 137.4, 137.4, 137.4, 138.7, 138.2, 138.0, 138.2, 137.4, 137.9, 138.0, 137.4, 136.7, 137.3, 137.4, 137.3, 137.3, 137.3, 137.4, 137.3, 138.0, 137.4, 137.3, 137.4, 137.9, 138.0, 137.5, 137.3, 138.0, 137.3, 138.0, 138.2, 138.0, 137.4, 138.0, 138.0, 138.7, 138.0, 138.0, 138.0, 138.0, 137.4, 138.0, 138.0, 137.3, 138.0, 138.0, 138.2, 137.5, 137.5, 138.2, 138.0, 138.0, 138.7, 138.2, 138.0, 138.2, 137.4, 137.5, 137.1, 137.7, 138.2, 137.4, 137.7, 138.3, 138.2, 138.0, 138.7, 137.4, 137.5, 138.0, 138.3, 138.2, 138.2, 138.2, 138.2, 138.3, 138.3, 138.9, 138.3, 137.4, 138.2, 137.5, 137.7, 137.5, 138.0, 138.0, 138.8, 138.8, 138.2, 138.0, 138.2, 138.2, 137.4, 138.3, 138.2, 138.4, 138.2, 138.2, 137.5, 137.5, 138.3, 138.2, 138.2, 138.2, 138.0, 137.4, 138.0, 137.7, 137.4, 137.7, 137.8, 137.8, 138.3, 137.7, 137.1, 137.1, 137.8, 137.1, 137.1, 137.1, 137.2, 137.1, 136.9, 137.1, 136.9, 137.1, 137.1, 137.1, 137.1, 137.5, 137.7, 136.9, 136.9, 137.1, 136.9, 137.8, 136.9, 137.7, 137.7, 136.9, 137.1, 137.7, 137.1, 137.7, 137.1, 137.1, 137.1, 137.1, 137.1, 137.7, 136.9, 137.1, 137.1, 137.5, 137.7, 137.2, 137.7, 137.1, 137.1, 137.1, 137.1, 137.1, 137.1, 137.1, 137.1, 136.6, 136.6, 135.9, 135.9, 136.5, 135.7, 135.7, 136.3, 136.5, 136.0, 135.7, 135.9, 136.5, 136.5, 136.5, 136.3, 136.6, 137.1, 137.7, 136.5, 137.2, 137.7, 137.8, 136.6, 137.7, 137.7, 136.9, 137.7, 136.9, 136.9, 137.1, 136.3, 137.7, 136.3, 137.5, 137.7, 136.5, 137.1, 136.9, 137.7, 136.9, 137.1, 137.7, 137.1, 136.3, 137.2, 137.5, 137.7, 137.1, 137.1, 136.3, 136.3, 136.5, 137.1, 137.1, 137.7, 137.1, 136.9, 137.1, 137.1, 136.9, 137.1, 136.3, 137.2, 136.5, 136.3, 136.9, 136.3, 137.1, 137.1, 136.5, 137.7, 137.1, 136.9, 136.9, 137.1, 137.1, 136.9, 136.9, 137.1, 137.1, 136.9, 137.7, 136.9, 136.9, 136.9, 136.9, 136.5, 136.5, 136.3, 136.3, 136.5, 136.9, 136.3, 136.5, 137.1, 136.5, 137.1, 136.9, 136.9, 136.9, 136.9, 136.5, 136.3, 136.5, 136.5, 137.1, 135.9, 136.6, 136.5, 136.6, 136.6, 136.6, 136.6, 136.5, 135.3, 135.7, 135.7, 135.9, 136.3, 135.7, 136.5, 135.1, 135.9, 135.9, 136.5, 135.9, 135.7, 135.7, 135.9, 135.3, 135.7, 135.7, 136.5, 135.7, 136.5, 135.3, 135.7, 136.3, 135.6, 135.7, 135.7, 135.4, 135.7, 135.7, 135.7, 135.9, 136.3, 136.5, 135.9, 135.7, 137.1, 135.9, 136.2, 135.1, 135.9, 135.7, 135.0]"
16,"[135.8, 136.0, 135.4, 135.1, 136.2, 136.8, 137.5, 137.5, 137.1, 137.1, 137.8, 137.2, 137.7, 137.2, 137.1, 137.1, 137.7, 137.2, 137.7, 137.2, 137.2, 137.1, 137.1, 137.7, 137.2, 137.8, 137.7, 137.8, 137.1, 136.5, 137.1, 137.1, 137.7, 137.2, 137.2, 137.7, 137.1, 137.2, 137.8, 137.1, 137.1, 137.7, 137.1, 137.1, 137.7, 137.1, 137.2, 137.1, 137.1, 137.1, 137.8, 137.7, 137.1, 137.9, 137.7, 137.7, 137.7, 137.7, 137.8, 137.7, 137.8, 137.7, 137.2, 137.1, 137.7, 137.7, 137.8, 137.7, 137.7, 137.8, 137.8, 137.7, 137.2, 137.1, 137.8, 137.2, 137.2, 137.8, 137.1, 137.7, 138.3, 137.1, 137.1, 137.7, 137.2, 137.7, 137.1, 137.7, 136.5, 137.2, 137.7, 137.8, 137.1, 138.4, 137.1, 137.2, 137.8, 137.7, 137.2, 137.8, 138.4, 137.8, 137.8, 136.5, 137.7, 137.1, 137.2, 137.7, 137.8, 137.1, 137.7, 137.8, 137.1, 137.8, 137.7, 137.1, 137.7, 137.8, 137.7, 137.7, 137.8, 137.8, 137.1, 137.1, 136.5, 136.5, 137.1, 136.6, 136.6, 135.9, 135.9, 137.2, 136.6, 136.6, 137.1, 136.6, 137.1, 136.9, 136.5, 136.3, 137.1, 136.6, 137.2, 137.2, 137.1, 136.5, 137.1, 137.1, 137.1, 137.1, 136.9, 137.1, 136.5, 137.2, 137.2, 136.5, 136.5, 136.3, 136.3, 136.9, 137.5, 136.3, 136.3, 137.1, 137.1, 137.5, 136.3, 137.1, 136.3, 137.7, 136.9, 136.9, 136.3, 136.9, 136.9, 136.9, 136.3, 137.5, 136.3, 136.3, 136.9, 136.2, 136.3, 136.8, 136.9, 136.3, 136.9, 136.2, 136.2, 136.3, 136.3, 136.3, 137.1, 136.3, 136.3, 136.2, 136.3, 136.3, 136.3, 136.9, 136.2, 137.1, 136.3, 136.9, 136.3, 136.3, 137.5, 136.9, 137.1, 136.5, 137.1, 136.3, 135.6, 136.3, 137.1, 136.9, 136.2, 136.9, 136.0, 136.0, 137.4, 137.5, 136.8, 136.9, 137.7, 136.9, 135.6, 136.9, 136.3, 136.9, 136.9, 136.3, 136.9, 137.1, 136.5, 136.9, 136.3, 136.2, 136.9, 136.9, 136.5, 136.9, 136.9, 136.9, 136.9, 136.3, 136.9, 136.9, 136.3, 136.9, 136.9, 136.9, 136.9, 136.5, 137.1, 137.1, 136.9, 137.1, 137.1, 137.7, 137.5, 136.9, 136.9, 136.9, 136.9, 137.1, 137.1, 137.1, 137.1, 136.5, 137.1, 137.1, 137.1, 136.9, 137.1, 136.5, 136.8, 135.6, 136.3, 137.1, 136.3, 137.5, 136.9, 136.9, 137.1, 137.1, 136.9, 137.1, 137.1, 136.9, 137.1, 136.9, 137.7, 137.1, 136.9, 137.5, 136.9, 136.9, 136.9, 136.3, 137.5, 136.2, 135.6, 135.6, 135.6, 136.2, 137.1, 136.3, 136.3, 136.9, 136.2, 136.3, 137.1, 136.8, 136.3, 136.3, 136.5, 137.1, 136.9, 136.8, 137.5, 136.9, 136.3, 137.1, 136.3, 136.8, 136.2, 135.7, 136.9, 136.3, 136.3, 136.2, 136.9, 137.1, 136.9, 136.9, 137.1, 136.9, 136.5, 136.3, 136.9, 137.1, 137.1, 137.1, 136.9, 137.1, 137.7, 136.5, 137.1, 136.5, 137.1, 136.3, 137.7, 136.3, 136.3, 136.9, 137.2, 136.3, 136.3, 136.5, 137.2, 137.2, 136.3, 136.5, 136.5, 136.5, 137.1, 136.5, 136.5, 136.6, 136.5, 136.5, 136.5, 136.5, 137.2, 137.2, 137.1, 137.1, 137.2, 137.8, 136.5, 137.2, 136.5, 136.5, 136.5, 136.5, 135.7, 136.5, 136.5, 136.5, 137.2, 135.9, 136.5, 137.1, 136.6, 136.3, 136.5, 136.6, 136.6, 136.5, 137.1, 137.1, 137.1, 137.7, 136.6, 137.1, 137.2, 137.8, 137.2, 137.2, 137.1, 137.1, 137.7, 137.1, 137.8, 137.8, 137.7, 137.8, 137.2, 137.2, 137.7, 136.5, 137.1, 137.1, 137.1, 137.1, 136.9, 136.5, 137.2, 136.3, 136.3, 137.1, 137.1, 136.5, 136.5, 136.9, 136.9, 136.9, 137.1, 137.1, 136.5, 137.1, 137.5, 137.5, 136.9, 136.3, 137.1, 137.2, 136.5, 136.3, 136.5, 136.6, 137.1, 136.5, 136.5, 136.3, 136.5, 137.1, 137.1, 137.1, 137.1, 137.1, 137.1, 137.1, 137.2, 137.1, 136.9, 137.1, 136.5, 137.1, 136.5, 137.2, 136.9, 137.7, 136.6, 136.9, 137.1, 136.5, 137.1, 137.1, 137.7, 136.9, 136.5, 136.3, 137.1, 136.3, 136.3, 136.5, 136.9, 136.5, 137.1, 136.5, 137.1, 136.3, 137.1, 137.1, 136.5, 136.5, 136.3, 137.1, 135.9, 136.3, 135.9, 137.1, 136.6, 136.5, 137.1, 137.1, 137.1, 137.1, 137.1, 136.9, 136.5, 137.1, 137.1, 136.9, 137.1, 137.1, 136.9, 137.1, 137.2, 137.1, 137.1, 137.1, 136.5, 137.1, 136.5, 137.1, 136.9, 136.5, 136.3, 136.6, 136.5, 136.5, 136.5, 136.6, 136.9, 136.5, 136.9, 136.5, 137.1, 137.1, 136.5, 137.1, 137.1, 136.5, 136.9, 136.5, 136.5, 136.5, 137.1, 136.5, 136.9, 137.2, 136.3, 137.1, 137.1, 137.1, 136.5, 137.2, 136.9, 137.1, 136.6, 137.1, 137.1, 136.3, 136.5, 136.5, 136.5, 136.9, 136.3, 136.5, 137.1, 136.5, 136.6, 136.5, 137.1, 137.1, 136.3, 136.3, 137.1, 136.3, 136.6, 137.1, 136.5, 136.5, 137.1, 137.1, 137.1, 136.9, 137.1, 137.1, 137.2, 137.1, 137.1, 137.1, 136.5, 137.2, 136.6, 136.3]"
16,"[134.5, 135.3, 135.3, 135.4, 136.8, 136.2, 136.9, 136.9, 137.2, 137.7, 137.1, 137.1, 137.1, 137.2, 137.8, 137.8, 137.1, 137.2, 137.7, 137.8, 137.2, 137.7, 136.5, 137.5, 137.1, 137.1, 137.7, 137.2, 137.2, 137.1, 137.1, 137.1, 137.1, 137.1, 137.1, 137.7, 138.3, 137.2, 137.7, 137.2, 137.1, 137.8, 137.1, 137.1, 137.1, 137.7, 137.1, 137.8, 137.8, 137.2, 137.5, 137.1, 137.1, 137.2, 137.2, 137.1, 137.8, 137.7, 137.1, 137.1, 137.1, 137.1, 137.1, 137.2, 137.7, 137.7, 136.9, 136.9, 137.7, 137.8, 137.1, 137.7, 137.1, 137.1, 137.1, 137.7, 137.7, 137.7, 137.1, 137.1, 137.7, 136.5, 137.1, 137.1, 137.7, 137.1, 137.1, 137.1, 137.1, 137.2, 137.1, 136.5, 137.1, 137.2, 137.2, 137.7, 137.7, 137.8, 137.7, 136.5, 137.1, 137.1, 137.8, 137.7, 137.7, 137.8, 137.1, 137.2, 137.7, 137.1, 137.8, 137.8, 137.8, 137.1, 137.7, 137.7, 137.7, 137.1, 137.7, 137.2, 138.3, 137.1, 137.1, 136.3, 137.1, 135.9, 135.9, 135.9, 135.9, 135.9, 136.5, 135.9, 135.9, 135.9, 136.5, 136.6, 136.5, 137.1, 136.5, 136.6, 136.6, 136.5, 136.5, 136.6, 136.9, 136.5, 137.1, 137.2, 136.6, 136.5, 137.2, 137.8, 136.6, 137.2, 137.3, 137.2, 136.6, 135.9, 136.5, 135.9, 136.6, 136.5, 135.9, 136.5, 137.1, 136.6, 136.5, 136.5, 136.5, 136.5, 137.1, 137.1, 137.2, 137.2, 137.7, 137.5, 137.1, 137.5, 137.1, 137.1, 137.7, 136.9, 137.5, 137.1, 137.1, 137.1, 137.1, 137.1, 137.7, 136.5, 137.1, 137.7, 137.1, 136.9, 136.5, 136.5, 137.1, 137.1, 137.7, 137.1, 137.2, 137.7, 137.1, 136.5, 136.3, 137.1, 136.9, 136.2, 136.9, 136.9, 136.9, 136.9, 137.1, 136.9, 136.9, 137.7, 136.9, 137.5, 136.2, 136.7, 136.0, 136.0, 136.2, 136.7, 136.7, 136.7, 136.7, 137.4, 137.4, 136.8, 136.9, 136.9, 136.9, 137.1, 137.5, 136.9, 136.2, 136.2, 136.2, 136.3, 136.9, 136.2, 136.9, 136.3, 137.5, 136.2, 136.2, 136.3, 136.3, 137.7, 136.2, 136.9, 136.9, 136.9, 136.3, 136.3, 136.3, 136.2, 136.9, 136.8, 136.9, 136.3, 136.8, 136.2, 136.3, 136.0, 136.2, 136.9, 136.3, 136.8, 136.9, 137.1, 136.7, 136.8, 136.9, 136.9, 136.9, 136.2, 136.8, 136.9, 136.9, 136.2, 136.9, 136.8, 136.3, 136.2, 136.2, 136.9, 136.3, 136.9, 136.8, 136.3, 136.8, 136.3, 135.6, 136.9, 136.8, 136.3, 136.9, 136.9, 136.8, 136.7, 136.2, 136.8, 136.9, 136.9, 136.3, 136.3, 136.9, 136.5, 136.9, 136.9, 136.3, 136.3, 136.9, 136.3, 135.6, 135.6, 135.6, 135.7, 136.3, 136.5, 136.3, 135.7, 136.5, 135.7, 135.7, 136.3, 136.3, 136.3, 136.3, 136.9, 136.3, 136.3, 136.3, 136.2, 136.9, 136.2, 136.3, 136.5, 136.5, 136.8, 136.3, 136.9, 137.1, 136.9, 136.3, 136.9, 136.9, 135.7, 136.3, 136.9, 136.5, 137.1, 136.3, 137.1, 136.5, 136.3, 136.9, 136.3, 136.5, 136.3, 136.3, 136.2, 135.7, 135.7, 135.7, 136.5, 135.7, 135.9, 135.7, 136.5, 136.3, 136.3, 137.1, 136.5, 137.1, 136.9, 137.5, 136.3, 136.3, 136.8, 136.9, 136.9, 136.3, 136.3, 136.3, 136.9, 136.3, 136.9, 136.9, 137.5, 137.1, 136.3, 136.9, 136.5, 136.3, 136.3, 136.3, 136.5, 135.9, 136.5, 136.5, 136.5, 135.7, 136.3, 136.5, 136.5, 135.9, 137.1, 135.9, 136.5, 136.5, 136.6, 136.5, 136.3, 137.2, 136.6, 136.5, 136.6, 136.6, 136.5, 137.2, 136.5, 136.6, 136.6, 136.6, 136.6, 136.6, 136.0, 137.1, 137.2, 137.2, 136.6, 136.6, 135.9, 137.1, 136.0, 136.6, 136.6, 136.5, 136.6, 137.2, 136.6, 136.5, 136.9, 137.1, 137.2, 136.5, 137.2, 137.2, 136.5, 136.5, 137.7, 137.1, 137.7, 137.7, 137.2, 137.8, 136.9, 137.8, 137.7, 137.1, 137.8, 136.6, 136.5, 137.5, 137.1, 137.7, 137.9, 137.8, 137.1, 137.8, 137.2, 137.2, 137.1, 137.1, 137.1, 137.1, 137.8, 137.2, 137.7, 137.2, 137.1, 136.9, 137.7, 137.5, 137.1, 136.9, 137.1, 137.2, 136.5, 137.1, 136.3, 137.8, 137.7, 137.1, 136.9, 137.1, 137.2, 137.1, 136.6, 136.5, 137.1, 136.5, 137.1, 137.8, 137.2, 137.1, 137.2, 136.5, 137.1, 137.2, 137.2, 136.5, 137.1, 136.5, 137.1, 137.1, 137.2, 137.1, 137.2, 137.1, 137.1, 137.2, 137.1, 137.7, 136.5, 137.1, 136.5, 137.1, 136.5, 136.5, 136.5, 137.1, 137.1, 137.1, 137.2, 137.1, 136.5, 137.7, 137.1, 137.1, 136.9, 137.1, 137.8, 137.1, 137.1, 137.1, 136.5, 136.5, 137.7, 137.1, 136.5, 135.9, 136.5, 136.6, 136.5, 137.1, 137.7, 136.5, 136.5, 137.1, 137.2, 136.5, 137.1, 136.6, 136.5, 137.7, 137.1, 137.1, 135.7, 136.5, 136.3, 136.9, 137.7, 137.1, 137.1, 137.1, 136.9, 137.1, 137.1, 137.1, 137.7, 137.2, 137.1, 137.1, 137.7, 136.5, 136.9, 137.1, 137.1, 137.1, 136.5, 136.5, 137.7, 137.1, 137.1, 137.1, 137.1]"
16,"[135.3, 136.5, 135.4, 135.9, 137.2, 136.8, 137.4, 137.5, 137.5, 137.7, 137.5, 137.7, 137.7, 137.5, 138.3, 137.7, 137.7, 138.3, 137.1, 137.7, 136.9, 137.8, 138.2, 137.5, 137.1, 136.9, 137.7, 137.1, 137.5, 137.7, 137.5, 137.5, 138.3, 137.5, 137.7, 137.1, 137.7, 137.5, 137.7, 137.5, 138.2, 137.1, 137.7, 138.3, 136.9, 138.2, 137.7, 137.5, 137.7, 137.5, 137.7, 137.7, 137.7, 137.2, 137.1, 137.7, 138.3, 137.7, 137.7, 137.7, 137.7, 137.5, 137.5, 137.5, 137.7, 138.3, 137.5, 137.8, 137.5, 137.8, 137.7, 138.3, 137.7, 137.8, 137.8, 137.9, 137.7, 137.8, 137.8, 137.1, 137.8, 137.1, 137.1, 137.1, 137.5, 137.2, 137.8, 137.5, 137.7, 137.5, 137.7, 137.7, 137.8, 137.8, 137.7, 138.2, 137.5, 137.7, 137.1, 137.8, 137.8, 138.3, 137.7, 137.7, 137.8, 137.2, 137.8, 137.8, 137.7, 137.7, 139.0, 137.8, 137.8, 137.1, 138.2, 137.8, 137.7, 137.5, 138.3, 137.7, 138.4, 138.2, 138.3, 137.5, 138.2, 137.1, 137.1, 137.1, 137.7, 136.9, 136.9, 137.5, 137.1, 137.2, 137.5, 137.2, 137.1, 136.5, 137.1, 137.7, 137.7, 136.5, 136.5, 137.1, 137.1, 137.5, 137.1, 137.1, 136.9, 136.3, 136.5, 137.1, 136.3, 137.1, 136.5, 136.5, 136.5, 137.1, 136.6, 136.3, 137.1, 136.5, 137.1, 136.5, 136.6, 136.5, 137.1, 136.5, 135.7, 136.3, 135.7, 136.6, 136.0, 135.7, 135.7, 136.5, 135.7, 136.3, 135.3, 135.9, 136.3, 135.9, 135.7, 136.6, 137.1, 137.2, 135.9, 136.9, 137.1, 136.9, 137.1, 137.1, 136.5, 137.2, 136.5, 136.6, 137.2, 136.5, 137.2, 137.2, 136.5, 136.5, 137.1, 136.5, 136.5, 136.5, 136.5, 135.9, 137.2, 136.5, 136.5, 136.5, 137.2, 136.5, 136.5, 137.1, 135.9, 135.9, 137.1, 137.2, 136.5, 136.5, 136.5, 137.1, 136.6, 137.2, 136.5, 136.6, 136.5, 137.2, 136.6, 136.5, 137.1, 136.5, 137.7, 137.1, 136.5, 137.9, 137.1, 136.5, 136.6, 136.5, 137.1, 136.5, 136.6, 135.9, 136.6, 136.6, 137.2, 136.5, 136.6, 136.5, 136.3, 135.7, 136.6, 136.5, 135.9, 136.6, 136.5, 137.2, 136.5, 136.5, 136.6, 136.5, 137.1, 137.1, 136.5, 136.6, 136.6, 136.1, 136.6, 136.0, 137.1, 136.5, 136.5, 137.1, 136.6, 137.1, 135.9, 136.6, 136.6, 136.6, 136.0, 136.5, 136.6, 137.2, 136.9, 136.6, 137.2, 136.0, 136.5, 137.1, 136.6, 136.6, 137.2, 137.2, 137.2, 136.5, 137.2, 137.2, 136.5, 136.5, 136.3, 137.1, 137.2, 136.6, 136.6, 137.1, 137.1, 136.6, 137.1, 136.9, 137.1, 136.5, 136.5, 137.1, 136.9, 135.7, 135.0, 135.0, 135.3, 136.3, 136.6, 136.3, 136.5, 136.3, 136.9, 136.9, 136.3, 137.1, 137.1, 136.5, 137.1, 135.7, 136.5, 136.5, 136.5, 136.5, 136.3, 137.1, 136.5, 136.3, 135.7, 136.5, 135.7, 136.3, 136.5, 137.1, 136.5, 137.1, 136.5, 137.1, 136.9, 137.1, 136.5, 136.5, 137.1, 136.5, 136.5, 136.5, 136.5, 136.5, 137.1, 136.5, 137.2, 136.6, 135.9, 137.2, 137.1, 136.5, 136.5, 136.6, 137.1, 136.6, 136.5, 135.9, 136.6, 136.5, 136.5, 136.5, 136.5, 137.1, 137.1, 136.6, 135.9, 136.5, 137.1, 136.6, 136.0, 136.6, 136.6, 135.9, 137.2, 137.2, 136.0, 136.6, 136.6, 137.2, 137.2, 136.6, 136.5, 136.5, 136.6, 136.5, 136.5, 137.1, 137.1, 137.8, 137.1, 138.3, 137.7, 138.3, 137.7, 137.7, 137.7, 136.9, 136.9, 137.1, 137.7, 137.5, 136.9, 137.1, 136.9, 137.1, 137.7, 137.1, 136.9, 137.1, 137.7, 138.2, 137.1, 137.7, 136.9, 137.7, 137.1, 137.7, 137.7, 137.1, 137.1, 137.1, 136.9, 137.1, 136.3, 137.1, 137.1, 137.1, 137.7, 137.5, 137.1, 137.8, 137.1, 137.7, 137.7, 137.7, 137.1, 138.3, 138.3, 137.1, 136.9, 137.1, 137.7, 137.1, 137.5, 137.7, 137.1, 137.2, 137.1, 137.1, 137.1, 136.8, 137.1, 137.7, 136.9, 137.2, 136.9, 137.1, 137.8, 137.1, 136.9, 136.9, 136.9, 137.1, 137.1, 136.8, 136.9, 137.5, 137.8, 136.9, 137.1, 137.5, 137.2, 137.5, 137.4, 136.8, 137.5, 137.8, 137.1, 136.5, 137.1, 137.5, 137.5, 137.7, 137.1, 136.9, 137.1, 136.9, 136.9, 136.9, 136.9, 137.5, 137.7, 137.5, 137.1, 137.1, 137.2, 136.5, 137.5, 137.1, 136.9, 136.5, 137.7, 137.1, 137.7, 136.9, 137.1, 137.1, 136.9, 136.3, 136.9, 136.9, 137.5, 137.1, 137.5, 137.5, 136.9, 137.7, 137.1, 136.9, 137.7, 137.7, 136.9, 137.7, 137.5, 137.7, 137.7, 136.9, 137.7, 137.1, 137.1, 136.9, 137.1, 137.1, 137.2, 136.5, 136.6, 137.8, 136.5, 137.1, 137.1, 137.1, 136.6, 137.2, 137.1, 137.1, 136.6, 137.1, 136.5, 137.3, 137.1, 137.1, 136.6, 136.6, 137.2, 136.9, 136.6, 136.5, 136.5, 138.4, 136.5, 136.6, 137.1, 137.1, 136.3, 136.9, 136.5, 137.2, 137.1, 136.3, 136.5, 137.1, 136.9, 136.5, 136.5, 136.5, 136.5, 137.7, 136.5, 137.7, 136.9, 136.5]"
16,"[136.7, 136.5, 135.8, 136.7, 136.7, 137.3, 137.5, 137.1, 136.9, 137.7, 137.7, 137.7, 137.7, 137.7, 137.7, 137.7, 137.1, 136.9, 137.7, 137.8, 137.7, 137.7, 137.7, 137.7, 137.1, 137.7, 137.7, 137.7, 137.5, 137.8, 137.7, 137.7, 138.3, 137.8, 138.3, 137.7, 137.5, 138.4, 137.7, 137.7, 137.7, 137.7, 138.3, 137.7, 138.4, 138.3, 137.7, 138.3, 137.7, 138.3, 137.1, 138.3, 137.7, 137.7, 137.7, 137.7, 137.7, 137.7, 137.7, 137.5, 138.3, 138.3, 138.9, 137.7, 138.3, 138.3, 138.3, 138.3, 138.4, 138.4, 138.3, 138.3, 138.2, 138.3, 137.7, 138.3, 138.3, 138.3, 137.7, 137.5, 137.5, 138.3, 138.3, 138.8, 137.7, 138.3, 137.5, 137.7, 138.3, 138.4, 138.3, 138.4, 138.3, 137.7, 138.3, 138.2, 137.5, 138.3, 137.7, 138.3, 138.3, 137.5, 138.3, 137.5, 138.2, 137.7, 137.7, 137.7, 137.7, 138.3, 137.5, 138.3, 137.7, 138.3, 138.3, 137.7, 138.4, 137.7, 138.4, 137.7, 137.5, 138.4, 137.5, 137.7, 137.7, 137.7, 137.1, 136.9, 136.3, 136.9, 136.5, 137.1, 137.1, 137.1, 136.5, 137.1, 136.9, 135.9, 136.3, 136.6, 137.1, 136.3, 137.1, 136.3, 136.9, 136.3, 136.9, 136.3, 135.9, 136.9, 137.1, 136.3, 137.2, 136.9, 137.1, 137.1, 137.1, 136.3, 136.5, 136.5, 136.3, 136.3, 136.5, 136.5, 137.8, 136.5, 137.1, 136.5, 136.5, 137.1, 137.1, 136.3, 136.5, 136.5, 136.3, 137.1, 136.5, 137.1, 135.7, 136.5, 135.9, 136.5, 135.9, 136.5, 137.1, 137.1, 136.6, 136.5, 136.5, 136.5, 137.2, 136.5, 136.5, 136.3, 136.5, 136.5, 136.3, 135.9, 136.0, 136.5, 136.5, 136.5, 135.9, 135.9, 136.3, 136.5, 136.5, 137.1, 136.5, 136.3, 135.9, 136.5, 136.6, 135.9, 135.7, 136.5, 136.5, 136.6, 136.0, 136.5, 136.5, 136.5, 137.1, 136.5, 136.5, 136.9, 135.9, 137.1, 136.5, 136.3, 135.7, 135.9, 136.3, 136.3, 135.7, 136.3, 136.2, 136.5, 135.9, 136.3, 136.3, 136.5, 136.5, 137.1, 136.9, 136.5, 136.6, 136.3, 136.5, 136.3, 136.5, 136.5, 136.5, 135.7, 135.7, 135.7, 136.5, 136.5, 137.1, 136.3, 135.7, 136.5, 136.3, 136.6, 136.5, 137.1, 137.1, 137.7, 136.5, 137.1, 136.5, 136.5, 136.5, 136.5, 136.6, 137.1, 136.5, 136.5, 136.5, 136.5, 136.5, 136.5, 137.1, 137.1, 137.1, 137.1, 137.1, 136.5, 136.6, 137.1, 137.1, 137.2, 136.9, 136.6, 137.1, 136.6, 136.5, 136.3, 136.5, 137.1, 137.1, 136.5, 136.5, 136.5, 137.1, 136.5, 137.1, 136.5, 137.1, 136.3, 137.1, 137.1, 136.6, 136.5, 137.1, 136.5, 136.5, 136.5, 136.5, 137.1, 136.5, 137.1, 136.3, 135.9, 136.5, 136.5, 137.1, 137.2, 137.1, 136.5, 136.5, 136.6, 137.1, 136.5, 136.5, 136.3, 136.5, 137.2, 136.3, 135.7, 137.1, 135.7, 137.1, 136.5, 136.5, 136.5, 135.9, 136.5, 136.6, 136.5, 137.1, 136.5, 136.5, 137.3, 136.6, 136.6, 136.0, 137.8, 137.1, 136.3, 136.5, 135.9, 136.6, 136.5, 135.9, 137.2, 137.1, 136.5, 136.5, 136.7, 136.0, 136.0, 136.0, 136.0, 136.5, 136.5, 136.0, 135.3, 136.0, 136.6, 136.0, 135.4, 136.0, 135.9, 135.3, 135.9, 135.4, 135.3, 135.3, 135.9, 135.7, 135.7, 135.9, 135.3, 136.5, 136.5, 135.9, 135.9, 136.6, 136.5, 136.6, 135.9, 137.1, 136.5, 135.9, 136.5, 136.6, 136.5, 136.9, 136.6, 136.3, 136.3, 136.3, 136.5, 136.5, 136.5, 136.3, 136.5, 135.9, 136.3, 137.1, 136.3, 136.3, 136.5, 136.9, 136.3, 137.1, 136.5, 136.3, 136.3, 136.5, 136.5, 136.3, 136.5, 136.9, 136.6, 136.5, 135.9, 136.5, 136.5, 136.6, 136.5, 137.1, 137.1, 135.9, 137.1, 137.1, 136.5, 136.5, 136.5, 137.1, 137.1, 137.7, 137.1, 136.5, 136.5, 136.5, 137.1, 137.5, 136.3, 136.6, 136.5, 136.5, 137.1, 136.9, 136.9, 137.2, 136.9, 137.1, 136.9, 137.5, 136.3, 136.9, 136.9, 137.1, 136.9, 137.1, 136.9, 136.9, 137.7, 137.5, 136.9, 137.5, 136.9, 137.5, 136.9, 137.1, 137.7, 137.7, 137.1, 137.5, 137.7, 137.1, 137.1, 137.5, 137.1, 136.9, 137.1, 137.1, 137.5, 137.7, 137.7, 137.7, 137.5, 137.5, 137.7, 137.1, 136.9, 137.5, 136.9, 137.7, 137.5, 136.9, 137.7, 136.9, 137.7, 137.5, 137.1, 136.9, 137.5, 137.7, 137.7, 137.7, 137.5, 136.9, 137.5, 136.9, 137.1, 136.5, 137.7, 136.9, 136.3, 136.5, 136.5, 137.1, 137.1, 136.3, 136.6, 136.5, 136.3, 137.2, 137.1, 136.3, 136.5, 136.5, 136.5, 136.5, 137.1, 137.1, 136.5, 135.7, 136.9, 136.9, 137.1, 137.1, 136.5, 136.5, 137.1, 137.1, 136.9, 137.5, 137.7, 136.9, 137.1, 137.1, 137.7, 137.7, 137.5, 136.9, 138.2, 137.1, 136.9, 137.1, 136.9, 137.1, 137.5, 137.7, 136.9, 137.1, 136.9, 136.8, 136.3, 136.3, 136.9, 136.5, 137.7, 136.9, 137.7, 137.7, 137.1, 136.9, 137.1, 138.2, 137.7, 137.1, 137.7, 137.1, 136.9, 137.5, 137.1]"
16,"[136.8, 136.4, 135.1, 136.0, 136.8, 137.4, 137.7, 137.5, 137.5, 137.7, 137.7, 138.4, 137.7, 137.8, 138.3, 137.7, 138.3, 137.1, 137.1, 138.3, 137.5, 137.5, 137.1, 137.7, 137.5, 138.3, 137.5, 137.8, 138.3, 137.7, 138.3, 137.5, 137.7, 138.3, 137.7, 138.2, 138.3, 138.9, 137.7, 138.3, 137.7, 137.5, 138.3, 138.2, 138.3, 137.7, 138.3, 138.3, 138.3, 137.5, 138.2, 137.7, 138.3, 137.5, 137.1, 138.2, 138.3, 137.7, 138.2, 137.7, 138.3, 138.2, 138.3, 137.5, 137.7, 137.7, 137.1, 137.5, 137.5, 137.5, 137.5, 137.5, 138.2, 137.5, 138.3, 136.9, 137.5, 137.5, 138.3, 138.3, 138.3, 137.5, 138.3, 137.1, 138.2, 137.7, 137.5, 138.3, 138.3, 137.8, 137.1, 137.8, 138.3, 137.7, 137.7, 138.3, 137.7, 137.7, 138.3, 138.3, 137.7, 138.3, 138.2, 137.7, 137.7, 136.8, 138.3, 138.2, 138.3, 137.5, 137.5, 138.3, 138.3, 138.3, 137.7, 137.5, 137.7, 138.3, 138.3, 137.7, 138.2, 137.5, 137.7, 138.3, 137.7, 136.9, 136.9, 136.5, 136.5, 137.1, 136.3, 136.3, 137.1, 135.9, 136.5, 137.2, 136.5, 137.2, 136.5, 136.5, 135.9, 136.6, 136.5, 136.3, 136.5, 136.9, 137.2, 136.6, 136.5, 136.6, 136.5, 136.5, 136.5, 136.5, 137.1, 136.5, 137.1, 136.2, 136.5, 136.5, 136.5, 137.1, 136.3, 137.7, 136.5, 136.3, 136.3, 136.5, 136.3, 136.3, 137.1, 136.5, 137.1, 136.9, 136.5, 136.5, 136.5, 136.5, 136.3, 136.6, 136.5, 136.9, 136.5, 136.3, 136.5, 135.7, 136.3, 136.5, 136.5, 136.5, 136.5, 135.7, 137.1, 136.3, 136.5, 137.1, 136.5, 136.3, 137.1, 136.5, 137.1, 137.1, 136.5, 136.5, 136.5, 136.3, 136.3, 136.5, 136.3, 136.3, 136.3, 136.5, 136.3, 136.3, 136.6, 136.6, 137.1, 136.5, 136.3, 136.5, 136.5, 136.5, 137.1, 137.1, 136.5, 136.5, 136.5, 136.3, 136.9, 136.3, 136.5, 136.3, 136.9, 136.3, 136.5, 136.3, 136.3, 136.5, 137.1, 136.5, 137.1, 137.2, 137.2, 137.1, 137.1, 136.5, 136.5, 137.1, 137.1, 137.8, 136.3, 136.9, 136.5, 137.1, 137.1, 137.7, 137.1, 137.1, 137.1, 137.1, 136.5, 137.1, 136.5, 137.1, 137.7, 136.5, 137.1, 137.2, 136.9, 137.2, 136.5, 137.2, 136.6, 136.6, 136.5, 137.1, 136.5, 137.2, 136.5, 136.5, 137.1, 137.1, 137.2, 137.1, 137.1, 137.1, 137.1, 136.3, 136.9, 137.2, 137.1, 136.5, 137.8, 137.1, 137.1, 137.2, 136.5, 136.5, 136.5, 137.2, 137.1, 136.5, 136.3, 137.1, 136.9, 137.1, 136.3, 137.1, 137.2, 137.1, 136.9, 136.3, 136.9, 136.5, 137.1, 137.1, 137.1, 136.3, 136.3, 137.1, 136.2, 136.2, 136.2, 136.2, 136.8, 136.8, 136.2, 136.9, 136.3, 136.3, 137.5, 136.9, 136.9, 137.5, 136.2, 136.3, 137.1, 137.2, 137.5, 136.5, 136.5, 137.1, 136.3, 136.3, 136.8, 136.3, 136.5, 136.3, 136.3, 136.9, 136.5, 136.9, 136.9, 136.3, 135.6, 136.5, 136.2, 136.9, 136.9, 136.9, 136.3, 137.1, 136.9, 136.3, 136.9, 137.1, 136.5, 137.1, 137.1, 137.1, 136.5, 136.9, 136.5, 137.1, 135.9, 136.5, 136.5, 137.1, 136.3, 136.3, 137.1, 136.8, 136.5, 136.2, 136.9, 136.2, 136.9, 137.5, 137.3, 136.7, 135.9, 136.7, 136.0, 136.8, 136.9, 136.9, 137.1, 136.5, 136.5, 136.5, 136.5, 136.5, 136.5, 136.5, 135.7, 136.3, 137.2, 136.5, 137.1, 136.5, 136.5, 136.5, 136.0, 136.5, 135.9, 136.5, 136.5, 135.9, 136.3, 135.9, 136.5, 136.5, 137.1, 136.5, 135.7, 136.5, 136.5, 136.5, 136.5, 136.5, 136.5, 136.5, 135.9, 136.6, 136.5, 137.1, 136.5, 136.5, 137.1, 136.5, 136.5, 136.5, 136.3, 136.5, 136.3, 136.5, 137.2, 135.9, 137.2, 136.5, 136.5, 136.5, 137.1, 136.9, 136.3, 136.5, 136.6, 136.3, 136.3, 136.3, 136.3, 136.9, 137.1, 136.9, 136.3, 136.5, 136.3, 135.7, 136.5, 137.1, 136.9, 136.3, 136.3, 136.3, 137.1, 136.3, 136.5, 136.5, 137.1, 136.9, 136.3, 136.5, 136.5, 137.1, 137.1, 135.9, 135.9, 136.6, 135.9, 136.5, 137.7, 136.3, 136.5, 136.5, 137.7, 136.3, 136.6, 137.1, 136.5, 136.5, 136.9, 136.9, 137.1, 136.3, 136.9, 136.5, 135.9, 136.5, 136.5, 136.5, 137.1, 136.3, 135.9, 136.5, 136.5, 136.5, 135.9, 136.5, 135.9, 136.5, 137.1, 136.5, 136.3, 136.5, 136.5, 136.5, 136.5, 136.3, 136.5, 135.7, 135.7, 136.5, 136.5, 136.5, 136.5, 136.3, 136.5, 136.5, 136.5, 136.5, 136.5, 135.7, 136.5, 136.5, 135.9, 136.5, 136.5, 135.9, 135.7, 136.3, 135.9, 136.5, 135.7, 135.9, 136.5, 136.5, 136.5, 136.5, 135.9, 135.9, 136.5, 137.1, 136.6, 136.5, 135.9, 135.9, 136.5, 135.9, 136.3, 135.9, 135.9, 135.7, 136.5, 136.5, 137.2, 137.1, 135.9, 135.9, 135.9, 135.9, 136.3, 135.9, 135.7, 136.5, 136.9, 135.9, 136.5, 136.5, 135.9, 135.9, 136.5, 135.3, 137.1, 136.5, 136.5, 136.5, 136.5, 136.3, 135.7, 136.3]"
17,"[140.8, 140.8, 140.8, 139.5, 138.4, 139.2, 139.2, 138.8, 138.9, 138.4, 138.2, 138.2, 138.2, 138.9, 137.5, 138.1, 137.5, 136.9, 137.7, 137.5, 138.9, 138.7, 138.1, 138.8, 138.2, 138.9, 138.7, 138.7, 138.7, 138.1, 138.1, 138.9, 138.8, 138.2, 138.9, 138.9, 137.7, 138.2, 138.9, 137.1, 137.7, 138.9, 138.2, 137.6, 137.6, 137.6, 137.5, 136.9, 136.3, 135.1, 134.9, 135.5, 134.8, 135.6, 135.5, 135.3, 136.3, 137.5, 137.0, 137.5, 138.0, 137.4, 137.5, 138.2, 138.2, 138.8, 137.6, 138.2, 137.5, 137.6, 137.6, 138.2, 138.2, 137.8, 137.2, 137.8, 136.9, 136.5, 136.5, 137.0, 136.9, 137.0, 137.8, 137.0, 137.6, 138.2, 137.6, 137.3, 136.4, 137.7, 137.0, 137.6, 136.9, 136.9, 136.9, 136.4, 137.6, 136.2, 135.7, 135.6, 136.5, 136.8, 136.2, 136.9, 136.3, 136.9, 136.9, 136.9, 135.6, 136.9, 136.5, 137.0, 137.5, 136.9, 136.9, 137.5, 136.9, 136.9, 136.2, 136.7, 136.2, 136.8, 136.7, 135.5, 135.4, 135.5, 136.2, 135.5, 135.6, 136.2, 135.7, 136.2, 135.6, 136.2, 135.5, 136.7, 136.7, 136.7, 136.7, 137.1, 137.2, 136.5, 136.0, 135.4, 136.6, 136.0, 135.4, 136.0, 136.1, 136.6, 136.8, 135.4, 136.1, 136.0, 136.9, 136.2, 136.2, 136.2, 136.2, 136.7, 136.3, 136.1, 136.3, 136.9, 136.9, 136.9, 135.7, 136.2, 137.4, 137.6, 137.5, 137.6, 136.8, 136.9, 136.9, 137.6, 136.9, 136.9, 137.1, 136.9, 136.9, 136.9, 136.2, 136.2, 136.1, 136.2, 135.4, 135.4, 134.7, 134.9, 135.4, 134.8, 134.9, 134.9, 135.5, 135.6, 135.6, 136.9, 135.7, 136.2, 136.8, 136.2, 136.9, 135.5, 136.3, 136.2, 136.3, 136.3, 136.3, 135.7, 136.2, 136.3, 136.3, 136.3, 136.4, 136.3, 136.9, 136.3, 136.4, 136.3, 136.5, 136.5, 136.3, 136.4, 136.3, 136.5, 135.8, 136.4, 136.9, 136.3, 136.3, 136.4, 136.8, 137.5, 137.4, 136.4, 136.3, 136.5, 136.4, 137.1, 137.5, 136.9, 138.0, 138.1, 137.4, 137.4, 136.9, 137.4, 136.9, 138.0, 137.5, 137.5, 137.5, 136.9, 135.8, 135.5, 136.1, 136.1, 136.0, 136.0, 136.1, 135.7, 135.6, 135.5, 135.7, 136.2, 136.3, 136.4, 136.3, 136.4, 136.3, 135.7, 136.3, 136.3, 136.4, 136.9, 136.4, 136.5, 136.5, 137.0, 136.9, 136.4, 136.9, 136.9, 137.5, 137.5, 136.9, 137.4, 137.5, 137.4, 138.1, 138.0, 137.4, 138.0, 137.5, 137.5, 137.4, 138.2, 138.1, 137.6, 138.2, 137.6, 137.7, 137.6, 137.5, 136.9, 137.5, 138.2, 138.2, 137.6, 138.1, 137.6, 137.7, 137.6, 137.7, 137.6, 138.7, 138.2, 137.6, 138.2, 138.2, 138.2, 138.1, 138.2, 138.2, 138.2, 138.2, 138.2, 137.6, 138.2, 137.5, 138.3, 138.3, 138.2, 138.2, 138.2, 138.2, 138.2, 138.2, 138.2, 138.2, 138.1, 137.6, 138.2, 138.2, 138.1, 137.7, 137.4, 138.8, 137.7, 138.2, 137.6, 137.1, 138.3, 137.7, 137.7, 138.2, 138.3, 138.2, 138.2, 137.7, 137.6, 137.6, 137.5, 138.3, 137.6, 138.2, 137.6, 137.5, 137.6, 137.6, 138.1, 138.3, 138.8, 138.9, 139.4, 138.8, 139.3, 139.3, 139.3, 139.2, 139.2, 138.2, 139.4, 139.3, 138.7, 138.7, 139.3, 139.3, 139.3, 138.9, 138.2, 138.8, 138.2, 138.9, 138.7, 138.2, 138.8, 137.6, 138.8, 138.8, 138.3, 138.9, 138.2, 138.2, 138.1, 138.3, 138.8, 137.6, 138.2, 137.8, 138.2, 137.5, 137.8, 138.3, 137.6, 138.2, 137.6, 137.1, 136.9, 137.0, 137.0, 137.5, 137.5, 136.9, 137.7, 138.2, 138.8, 137.8, 137.7, 137.7, 137.7, 137.8, 138.2, 137.7, 138.2, 137.7, 137.6, 137.1, 137.7, 137.1, 137.0, 137.0, 138.2, 137.8, 138.2, 138.3, 138.9, 138.2, 138.2, 138.2, 138.2, 137.7, 137.8, 137.1, 137.0, 137.7, 137.8, 137.7, 137.1, 137.2, 137.0, 137.1, 136.9, 136.9, 138.2, 137.7, 137.8, 137.6, 137.0, 137.7, 138.3, 137.8, 138.2, 138.2, 138.3, 138.3, 138.2, 138.2, 138.4, 138.2, 138.3, 138.2, 138.2, 138.9, 137.6, 138.2, 138.8, 137.7, 138.2, 138.2, 137.8, 138.2, 138.2, 137.7, 137.6, 138.2, 137.0, 137.7, 137.7, 137.2, 137.8, 137.7, 137.7, 137.7, 137.6, 137.8, 137.6, 138.2, 137.0, 137.0, 137.5, 137.0, 137.4, 136.9, 137.1, 137.6, 136.3, 136.4, 136.9, 137.6, 137.6, 137.5, 136.9, 136.4, 136.9, 136.9, 137.0, 136.9, 137.0, 137.0, 136.9, 137.0, 137.1, 137.0, 137.6, 137.4, 137.6, 136.9, 137.5, 137.5, 137.6, 137.6, 137.0, 137.0, 138.1, 137.1, 137.5, 137.5, 137.0, 137.7, 137.7, 138.2, 137.7, 138.2, 137.7, 138.1, 138.1, 137.8, 137.8, 137.5, 138.2, 137.6, 137.0, 137.8, 137.0, 136.9, 137.6, 137.6, 137.5, 137.7, 137.5, 137.7, 137.1, 137.7, 137.8, 137.6, 137.6, 136.6, 138.2, 137.7, 137.6, 137.7, 137.1, 136.9, 137.8, 137.2, 137.7, 136.9, 137.0, 137.7, 136.9, 136.9, 137.1, 136.9, 137.5, 136.9, 137.0, 137.0, 137.0]"
17,"[135.3, 134.4, 134.3, 134.1, 133.6, 133.8, 133.6, 133.9, 134.5, 134.1, 134.7, 134.8, 134.7, 134.6, 134.0, 134.1, 134.0, 134.7, 134.0, 134.0, 134.3, 134.0, 134.0, 134.0, 133.7, 133.7, 134.0, 134.1, 133.6, 134.1, 133.0, 134.0, 133.6, 133.1, 134.1, 134.0, 134.1, 134.3, 133.6, 133.7, 134.3, 133.6, 133.7, 133.6, 134.1, 133.6, 134.3, 134.1, 133.7, 133.0, 134.1, 133.6, 133.6, 134.1, 133.7, 133.7, 134.3, 134.3, 133.6, 134.3, 133.6, 134.3, 133.6, 134.0, 133.6, 134.3, 133.7, 134.3, 134.8, 134.4, 134.8, 134.3, 134.3, 134.8, 134.3, 134.3, 133.8, 134.3, 134.3, 134.3, 134.4, 134.9, 134.8, 134.4, 133.6, 134.4, 134.3, 134.3, 134.7, 134.4, 134.3, 133.7, 134.8, 134.1, 134.3, 134.8, 134.9, 134.7, 134.9, 134.3, 134.4, 134.3, 134.3, 134.3, 134.8, 133.7, 134.3, 134.9, 133.8, 133.7, 134.4, 134.3, 134.3, 134.4, 134.3, 134.7, 134.3, 134.9, 134.4, 134.9, 134.9, 134.4, 134.4, 134.3, 134.4, 134.5, 134.3, 134.8, 134.8, 135.4, 135.4, 135.5, 135.3, 135.9, 135.9, 135.3, 135.9, 135.2, 137.0, 136.0, 135.2, 135.3, 134.6, 135.9, 135.9, 135.4, 136.0, 136.1, 134.8, 136.6, 134.8, 135.5, 135.4, 134.8, 135.4, 134.8, 136.6, 135.3, 135.5, 136.1, 136.3, 136.0, 135.5, 136.2, 135.4, 134.8, 136.0, 136.0, 134.8, 135.4, 136.0, 135.4, 135.4, 135.4, 135.2, 135.3, 134.7, 134.7, 135.3, 134.7, 134.7, 134.7, 134.6, 135.3, 134.8, 135.3, 135.4, 135.2, 135.3, 135.3, 135.5, 135.4, 135.4, 134.7, 135.4, 135.3, 135.3, 135.2, 135.2, 135.7, 135.1, 135.1, 134.5, 135.1, 134.6, 135.2, 136.3, 135.7, 136.4, 135.8, 136.5, 135.8, 136.0, 136.0, 136.0, 136.5, 136.0, 136.5, 135.9, 137.1, 136.0, 136.5, 135.4, 136.0, 136.6, 137.2, 136.4, 137.2, 136.6, 136.5, 136.5, 136.5, 136.7, 137.3, 136.6, 136.7, 136.1, 136.2, 136.6, 136.6, 136.2, 136.7, 136.0, 136.6, 135.6, 136.1, 136.7, 136.7, 136.2, 136.2, 136.8, 136.1, 135.5, 136.2, 136.8, 136.1, 136.0, 136.1, 136.0, 136.6, 136.1, 136.7, 135.4, 136.0, 136.0, 135.9, 135.5, 135.5, 136.7, 136.6, 136.5, 136.5, 136.0, 135.4, 136.6, 135.9, 136.7, 135.4, 136.1, 136.7, 136.5, 136.0, 136.6, 135.4, 135.4, 135.4, 135.4, 136.1, 136.1, 136.1, 135.3, 135.5, 136.5, 136.0, 135.3, 136.6, 136.5, 136.5, 135.4, 136.5, 136.5, 136.6, 136.4, 136.3, 135.7, 135.0, 135.6, 135.7, 136.3, 135.7, 135.8, 137.0, 136.7, 136.5, 136.0, 136.7, 136.0, 136.2, 136.1, 136.1, 136.6, 135.9, 136.5, 135.3, 135.9, 135.9, 135.9, 135.9, 135.8, 137.1, 135.9, 135.9, 136.0, 135.9, 136.0, 135.8, 136.3, 136.2, 136.2, 136.3, 136.3, 135.6, 136.2, 136.2, 136.3, 135.7, 135.7, 135.8, 136.0, 135.8, 135.2, 135.3, 137.0, 135.8, 135.9, 135.2, 135.2, 136.4, 135.7, 136.4, 135.8, 135.8, 135.8, 135.9, 136.4, 136.5, 137.2, 137.0, 136.4, 137.1, 137.2, 136.0, 136.8, 136.3, 137.4, 137.4, 136.8, 136.9, 136.9, 136.9, 136.1, 136.9, 136.3, 136.8, 137.4, 136.9, 135.6, 136.9, 136.8, 136.8, 136.9, 136.3, 136.8, 136.8, 137.4, 137.3, 137.4, 137.8, 137.4, 137.4, 136.9, 136.9, 136.8, 136.3, 136.9, 136.9, 137.5, 136.9, 136.9, 136.9, 137.5, 138.1, 138.7, 137.9, 138.1, 137.5, 137.5, 136.9, 136.8, 135.5, 135.7, 136.2, 136.3, 136.9, 136.8, 136.9, 136.9, 137.4, 136.8, 136.9, 136.8, 136.8, 137.9, 137.5, 137.5, 137.4, 138.1, 137.4, 137.5, 138.1, 138.5, 138.7, 137.5, 138.1, 137.5, 138.1, 137.5, 138.1, 137.4, 138.1, 137.5, 137.6, 138.2, 138.1, 137.4, 138.0, 138.1, 137.5, 138.1, 136.9, 137.5, 136.9, 137.4, 137.4, 137.5, 137.5, 136.9, 137.5, 137.5, 136.9, 137.5, 137.4, 137.5, 137.4, 137.5, 138.1, 138.1, 136.9, 137.7, 137.4, 138.0, 136.9, 136.1, 136.8, 135.4, 136.2, 136.2, 136.2, 136.1, 135.7, 135.6, 136.3, 136.2, 135.4, 135.6, 136.2, 136.8, 136.9, 136.9, 137.4, 137.4, 136.9, 136.9, 136.8, 137.4, 136.8, 138.1, 138.0, 136.9, 137.4, 137.5, 137.4, 138.7, 138.0, 136.9, 137.5, 137.4, 137.5, 136.9, 137.5, 137.5, 137.4, 138.0, 137.4, 137.5, 138.1, 137.5, 137.5, 136.9, 138.1, 136.9, 137.4, 137.4, 136.8, 136.9, 137.4, 137.4, 137.4, 137.5, 136.2, 137.4, 137.5, 136.9, 136.9, 137.4, 136.7, 136.8, 136.8, 136.9, 136.2, 136.8, 136.2, 136.8, 136.9, 137.4, 136.9, 136.9, 137.4, 136.8, 136.3, 136.9, 136.3, 135.8, 136.2, 135.7, 135.7, 136.9, 135.6, 135.6, 135.6, 135.7, 135.6, 135.7, 135.8, 135.6, 136.3, 136.2, 136.2, 136.8, 136.8, 136.2, 135.6, 136.2, 135.7, 135.6, 136.2, 136.3, 135.7, 135.7, 136.2, 136.2, 136.2, 136.3, 136.2, 136.2, 135.6, 135.7, 135.7, 136.2, 135.6]"
17,"[135.7, 135.4, 135.3, 134.8, 134.9, 134.4, 135.1, 135.2, 135.9, 135.5, 135.4, 135.6, 135.5, 135.5, 135.4, 135.6, 135.6, 136.1, 136.2, 135.5, 136.2, 135.4, 135.5, 136.0, 135.5, 136.1, 136.1, 135.5, 136.0, 135.5, 135.5, 135.5, 134.9, 135.2, 134.5, 134.4, 134.9, 134.1, 134.3, 134.4, 135.1, 134.6, 135.3, 135.4, 135.3, 135.3, 135.3, 135.2, 135.4, 135.3, 135.1, 135.2, 135.1, 135.3, 135.9, 135.4, 135.3, 136.1, 136.0, 136.7, 136.0, 136.2, 136.7, 136.2, 136.8, 135.6, 136.7, 136.1, 136.2, 136.0, 136.0, 135.5, 136.2, 136.2, 136.2, 136.2, 136.2, 136.2, 136.8, 136.2, 136.2, 135.7, 135.7, 136.2, 136.2, 136.9, 136.9, 136.2, 136.2, 135.7, 136.2, 135.7, 136.1, 137.3, 136.2, 136.9, 136.1, 136.1, 136.9, 136.2, 136.3, 136.3, 135.7, 135.5, 136.1, 135.6, 135.6, 135.7, 136.2, 136.2, 135.6, 136.2, 136.2, 136.2, 136.2, 136.1, 135.6, 136.1, 136.2, 136.2, 135.7, 135.6, 136.2, 136.3, 135.5, 135.5, 135.4, 135.5, 136.0, 136.1, 136.0, 135.4, 136.0, 135.9, 135.9, 136.0, 136.0, 136.5, 136.6, 135.9, 136.0, 136.6, 136.1, 137.3, 136.6, 136.1, 136.6, 135.9, 136.7, 135.3, 136.0, 136.0, 136.0, 135.4, 136.0, 136.6, 136.0, 136.0, 136.0, 135.3, 136.1, 135.4, 135.9, 135.2, 135.2, 135.3, 135.3, 135.9, 136.0, 136.0, 136.1, 135.4, 136.0, 136.0, 135.4, 135.4, 135.4, 135.4, 136.0, 135.4, 136.0, 135.5, 136.0, 135.3, 135.4, 135.4, 135.9, 134.8, 134.7, 135.3, 135.3, 135.4, 135.4, 134.8, 135.4, 135.3, 136.0, 135.4, 134.9, 136.0, 135.3, 136.0, 135.4, 135.4, 136.2, 136.1, 136.2, 136.0, 136.1, 136.0, 136.6, 135.4, 136.0, 136.0, 136.7, 136.1, 136.0, 136.0, 136.8, 136.0, 136.7, 136.8, 136.7, 136.1, 136.2, 136.8, 136.9, 136.8, 136.2, 136.8, 136.0, 137.4, 136.9, 136.3, 136.8, 136.9, 136.9, 136.8, 136.1, 136.8, 136.8, 135.4, 136.7, 136.2, 136.7, 136.8, 136.2, 136.9, 136.7, 136.8, 136.3, 136.8, 136.1, 136.8, 137.4, 136.7, 136.8, 136.7, 137.3, 136.2, 136.9, 136.8, 136.8, 136.9, 136.8, 137.4, 137.4, 136.8, 136.1, 136.1, 135.6, 136.1, 135.4, 136.0, 136.1, 136.0, 136.7, 137.5, 137.4, 136.8, 138.0, 136.8, 136.8, 136.7, 136.9, 136.2, 136.8, 136.2, 136.8, 136.8, 136.8, 136.8, 136.8, 136.1, 136.9, 137.4, 136.8, 136.8, 136.8, 136.8, 136.9, 136.8, 137.5, 136.2, 137.4, 136.8, 136.7, 136.0, 135.3, 136.2, 136.1, 136.1, 136.1, 136.7, 136.0, 136.7, 135.5, 136.2, 136.7, 136.1, 136.7, 136.1, 136.8, 136.6, 136.8, 136.8, 136.2, 136.9, 136.7, 136.2, 136.7, 137.4, 136.8, 136.8, 136.2, 137.4, 137.4, 137.4, 136.8, 136.1, 136.1, 136.1, 136.8, 136.1, 136.7, 136.2, 136.7, 136.7, 136.0, 136.3, 136.7, 136.8, 136.7, 136.8, 136.8, 136.8, 136.8, 136.7, 136.7, 136.8, 136.8, 135.3, 135.4, 135.9, 135.3, 136.0, 135.3, 135.3, 136.0, 136.0, 135.8, 135.9, 136.5, 135.5, 136.6, 136.8, 135.5, 136.0, 135.3, 135.9, 135.9, 135.8, 135.2, 135.9, 135.3, 135.2, 135.2, 134.5, 134.7, 135.2, 135.3, 134.6, 134.5, 134.7, 134.6, 135.3, 135.2, 135.4, 135.3, 135.6, 136.3, 135.6, 136.1, 134.9, 135.5, 135.4, 134.6, 135.3, 135.3, 136.0, 135.4, 136.0, 135.5, 136.4, 134.9, 135.2, 135.5, 136.1, 136.0, 135.6, 136.0, 135.3, 134.6, 134.5, 134.6, 134.7, 134.6, 133.6, 134.0, 133.3, 134.6, 134.6, 134.6, 135.3, 134.0, 135.3, 134.7, 135.8, 135.1, 134.6, 134.1, 134.0, 134.6, 134.6, 134.0, 134.0, 134.6, 133.9, 135.1, 134.5, 135.8, 134.6, 135.4, 134.8, 134.7, 134.7, 134.9, 134.0, 134.7, 135.2, 134.0, 134.0, 134.0, 134.7, 134.5, 134.7, 135.3, 136.0, 134.9, 135.4, 134.7, 135.4, 135.4, 134.7, 134.7, 134.8, 134.1, 134.6, 134.6, 135.2, 135.1, 135.3, 135.9, 135.5, 136.6, 135.5, 135.6, 135.5, 135.5, 135.3, 134.7, 135.4, 134.8, 134.6, 133.8, 133.2, 133.0, 133.8, 133.9, 134.7, 134.7, 134.3, 134.7, 133.8, 134.5, 134.4, 134.4, 134.4, 135.0, 135.3, 135.3, 135.2, 134.1, 134.0, 133.6, 133.9, 134.1, 134.5, 135.1, 135.6, 135.0, 135.1, 135.2, 135.2, 135.2, 135.7, 134.7, 134.6, 135.2, 135.1, 135.1, 135.2, 135.2, 135.8, 134.7, 134.6, 134.7, 134.6, 135.1, 133.9, 133.2, 133.2, 133.2, 133.2, 133.2, 133.2, 133.9, 133.9, 133.2, 133.8, 133.9, 134.4, 134.4, 134.5, 135.0, 135.0, 135.3, 134.6, 134.6, 135.3, 134.7, 135.1, 134.7, 134.7, 134.7, 136.2, 135.2, 135.2, 134.8, 135.2, 134.7, 135.4, 135.4, 134.7, 134.8, 135.4, 135.2, 135.8, 135.3, 135.7, 135.2, 135.8, 135.3, 135.9, 135.4, 135.9, 135.4, 135.3, 135.7, 135.2, 135.3, 134.7, 135.3, 135.3, 135.2, 135.8, 135.2, 135.2, 134.6, 135.2]"
17,"[135.3, 136.2, 136.2, 135.5, 134.5, 135.1, 135.9, 136.0, 136.1, 136.9, 137.5, 137.6, 136.9, 137.0, 137.5, 136.9, 136.9, 137.5, 136.9, 137.4, 137.4, 136.9, 136.9, 137.6, 136.4, 136.2, 136.2, 135.5, 136.9, 136.8, 136.4, 136.4, 136.9, 136.2, 136.3, 137.1, 136.9, 137.0, 136.3, 136.9, 136.9, 136.9, 136.9, 136.9, 136.9, 136.9, 136.9, 137.4, 136.2, 136.9, 136.3, 137.0, 136.4, 136.2, 135.5, 136.8, 136.2, 136.2, 136.1, 136.8, 136.1, 136.9, 136.9, 136.3, 136.4, 136.4, 137.4, 137.0, 137.1, 136.4, 136.4, 137.6, 136.4, 137.5, 136.4, 136.4, 136.3, 137.0, 137.0, 137.1, 137.5, 136.8, 136.9, 136.9, 137.7, 136.9, 137.6, 137.6, 137.5, 137.7, 136.9, 136.9, 136.9, 136.9, 136.9, 136.9, 137.6, 137.5, 136.9, 136.3, 136.9, 137.4, 137.0, 137.4, 137.7, 136.9, 137.4, 136.3, 136.9, 136.9, 137.4, 137.5, 136.9, 137.5, 136.4, 136.2, 136.9, 137.0, 137.6, 137.7, 137.5, 137.7, 136.9, 135.6, 135.4, 136.0, 134.8, 135.5, 135.5, 134.8, 135.4, 134.8, 135.4, 134.8, 134.7, 134.8, 134.3, 134.8, 134.8, 134.9, 135.1, 134.9, 135.6, 136.0, 135.5, 136.7, 135.4, 135.3, 135.4, 135.5, 135.4, 136.8, 135.5, 135.4, 134.8, 134.7, 135.6, 135.6, 135.3, 134.5, 134.8, 134.8, 134.8, 134.8, 134.8, 134.3, 134.8, 134.3, 134.9, 135.1, 135.5, 135.4, 134.8, 134.9, 135.5, 135.6, 135.5, 134.8, 134.8, 134.7, 134.9, 134.6, 134.8, 135.5, 136.1, 134.7, 135.3, 134.4, 135.6, 136.2, 135.6, 135.4, 134.8, 134.7, 134.9, 135.5, 135.4, 135.4, 136.1, 136.0, 135.6, 135.4, 135.5, 136.1, 135.6, 135.5, 136.2, 135.5, 135.4, 134.8, 135.5, 134.7, 134.7, 134.7, 134.8, 136.2, 136.1, 136.1, 136.1, 136.6, 136.7, 136.0, 135.6, 136.7, 135.5, 136.2, 136.3, 136.2, 135.5, 135.4, 134.8, 135.5, 136.2, 134.8, 135.4, 136.2, 136.1, 135.9, 135.7, 136.2, 136.2, 136.2, 136.2, 136.7, 136.2, 136.2, 136.9, 136.9, 137.5, 136.8, 137.4, 137.4, 136.9, 136.2, 136.9, 136.8, 136.9, 136.3, 136.9, 136.9, 135.6, 136.9, 136.8, 136.8, 137.0, 137.4, 137.5, 136.9, 137.4, 136.8, 136.3, 137.5, 138.1, 137.4, 136.9, 136.8, 136.8, 136.1, 137.4, 136.9, 136.2, 137.4, 136.7, 137.4, 137.3, 136.9, 137.4, 136.8, 136.9, 136.8, 136.7, 137.4, 136.9, 136.2, 136.2, 137.4, 137.6, 136.8, 136.9, 136.9, 137.4, 136.3, 136.8, 137.4, 137.4, 136.8, 137.4, 136.8, 136.9, 136.8, 136.2, 136.9, 136.3, 136.3, 136.4, 136.3, 136.4, 134.9, 135.4, 135.5, 134.8, 134.8, 134.9, 134.3, 134.7, 134.6, 134.5, 134.6, 134.5, 134.5, 135.0, 135.1, 134.6, 134.6, 134.0, 134.6, 135.1, 134.6, 135.2, 134.6, 134.6, 134.0, 134.0, 134.6, 134.7, 134.6, 134.0, 134.7, 134.1, 134.7, 134.7, 134.8, 134.7, 134.6, 133.6, 133.9, 133.0, 131.8, 132.2, 133.1, 132.0, 132.9, 132.4, 132.4, 133.6, 134.3, 133.8, 133.9, 133.2, 133.8, 133.6, 133.2, 133.0, 133.6, 133.6, 133.6, 134.3, 133.6, 133.6, 133.0, 133.6, 133.5, 133.6, 134.1, 133.5, 133.6, 133.0, 133.5, 133.5, 133.6, 133.0, 133.6, 133.6, 133.8, 133.8, 133.8, 133.6, 133.6, 133.6, 133.6, 133.6, 134.3, 133.8, 133.6, 134.3, 133.6, 133.6, 133.8, 133.8, 133.0, 133.6, 133.6, 133.8, 133.5, 132.9, 132.9, 132.6, 132.8, 133.5, 133.5, 133.6, 133.6, 134.1, 132.9, 133.0, 132.9, 133.0, 132.9, 133.5, 132.9, 133.4, 133.4, 133.4, 132.9, 133.6, 133.6, 133.0, 132.9, 132.8, 132.9, 132.3, 132.9, 132.9, 132.9, 132.9, 132.4, 132.9, 132.4, 133.0, 133.0, 133.2, 133.2, 133.2, 133.0, 133.0, 133.0, 133.3, 132.6, 133.2, 133.9, 133.9, 133.3, 133.3, 133.3, 133.9, 133.2, 133.4, 134.0, 134.8, 134.8, 134.7, 134.3, 134.8, 134.4, 134.3, 134.4, 134.8, 134.8, 135.5, 134.8, 135.5, 135.6, 134.9, 135.5, 134.9, 134.8, 134.9, 134.9, 135.4, 135.4, 135.4, 134.8, 135.4, 135.4, 134.8, 135.4, 134.3, 134.8, 134.8, 134.9, 134.8, 134.9, 134.8, 134.6, 134.1, 134.6, 133.8, 133.4, 133.4, 133.4, 132.9, 133.2, 133.3, 132.3, 133.3, 132.7, 132.6, 133.2, 132.6, 133.2, 133.2, 133.3, 132.7, 133.2, 133.3, 133.4, 133.4, 134.1, 134.1, 134.1, 134.1, 133.4, 134.1, 134.1, 134.1, 134.8, 133.6, 134.8, 134.1, 133.7, 134.1, 133.6, 134.3, 134.7, 134.1, 134.0, 134.1, 134.8, 134.1, 133.8, 134.7, 134.3, 134.4, 134.8, 134.3, 134.8, 134.3, 134.1, 134.1, 134.1, 134.7, 133.6, 134.1, 134.1, 134.1, 134.3, 134.0, 134.1, 134.8, 134.7, 134.7, 134.1, 134.1, 134.0, 134.3, 132.4, 133.4, 133.6, 133.6, 133.4, 133.6, 133.1, 133.6, 134.1, 134.1, 134.0, 133.6, 134.6, 134.0, 135.3, 134.3, 134.1, 133.6, 133.4, 133.6, 132.8, 133.4, 133.6, 133.0, 133.4]"
17,"[135.9, 137.0, 137.5, 135.7, 135.0, 133.9, 135.3, 134.8, 135.4, 135.5, 135.2, 136.4, 136.3, 136.4, 135.7, 136.4, 136.3, 136.2, 136.3, 135.6, 135.8, 136.3, 136.3, 136.2, 136.4, 136.3, 135.8, 136.9, 135.8, 136.3, 136.9, 136.3, 136.9, 136.4, 136.4, 136.4, 136.9, 136.2, 136.9, 136.9, 136.8, 136.2, 136.3, 135.7, 136.4, 136.3, 136.3, 136.3, 136.9, 136.3, 136.4, 136.3, 136.3, 135.6, 135.8, 136.4, 136.3, 135.7, 136.2, 136.2, 136.3, 135.6, 135.2, 135.6, 135.2, 135.7, 135.6, 135.1, 134.4, 134.5, 136.3, 136.1, 135.6, 136.3, 135.7, 136.3, 135.2, 135.6, 135.7, 135.6, 135.2, 135.7, 136.3, 135.7, 136.2, 136.3, 136.3, 136.4, 134.9, 135.6, 136.3, 135.8, 135.8, 135.8, 136.9, 136.2, 136.3, 136.3, 136.8, 136.5, 136.2, 136.3, 136.3, 135.8, 136.2, 135.6, 135.6, 135.7, 135.5, 135.6, 135.6, 135.6, 135.2, 136.4, 135.9, 135.8, 135.8, 135.7, 135.8, 135.2, 135.7, 135.8, 135.3, 134.9, 135.2, 134.5, 135.1, 134.4, 134.8, 134.7, 134.7, 134.1, 133.6, 134.1, 134.1, 134.3, 133.7, 134.1, 134.3, 134.1, 134.1, 134.0, 134.3, 133.7, 134.4, 134.3, 133.7, 133.6, 133.6, 134.3, 133.8, 134.3, 133.6, 134.1, 133.6, 134.1, 134.1, 134.1, 133.9, 134.6, 133.6, 134.3, 134.3, 134.3, 134.4, 134.1, 134.1, 134.1, 134.3, 134.1, 134.1, 134.3, 134.7, 134.8, 135.4, 134.3, 134.8, 134.8, 134.9, 134.3, 134.6, 134.0, 134.0, 134.1, 134.0, 134.1, 133.7, 134.4, 134.3, 135.1, 134.3, 134.3, 134.3, 134.1, 134.3, 134.3, 134.1, 134.3, 134.1, 134.1, 134.0, 134.1, 133.6, 134.3, 133.6, 134.0, 134.1, 134.1, 134.3, 134.3, 133.6, 134.3, 134.3, 134.3, 134.1, 134.1, 135.6, 134.4, 134.3, 134.4, 134.7, 133.6, 134.0, 134.6, 134.6, 134.1, 134.1, 134.6, 134.0, 134.6, 134.0, 134.1, 134.0, 134.0, 133.6, 133.9, 134.6, 133.6, 134.3, 134.9, 134.4, 135.4, 135.4, 134.8, 134.9, 134.9, 135.5, 136.1, 134.9, 134.8, 134.7, 134.1, 134.7, 135.4, 134.8, 134.7, 134.3, 134.1, 134.0, 134.0, 134.0, 134.0, 133.9, 133.4, 134.0, 133.4, 134.6, 133.9, 134.8, 134.8, 134.1, 134.8, 134.9, 134.9, 135.5, 136.1, 136.2, 136.2, 134.9, 135.4, 134.3, 135.4, 135.6, 135.4, 135.4, 134.9, 136.3, 135.6, 135.5, 134.8, 134.9, 135.5, 135.5, 134.9, 134.8, 134.8, 134.9, 135.6, 135.5, 136.2, 136.7, 136.1, 136.9, 136.8, 136.8, 136.3, 135.6, 135.5, 135.5, 135.5, 135.6, 134.4, 134.9, 134.7, 134.7, 134.4, 134.9, 136.2, 135.5, 135.5, 135.4, 135.4, 134.7, 135.5, 135.4, 135.5, 135.5, 135.4, 135.5, 136.1, 134.8, 134.8, 136.0, 135.4, 135.4, 136.2, 136.1, 136.0, 136.1, 136.2, 136.2, 136.2, 136.8, 136.2, 135.5, 135.5, 135.6, 135.5, 136.2, 136.1, 135.5, 135.6, 136.3, 136.2, 136.3, 136.3, 136.2, 136.2, 135.5, 135.4, 135.4, 135.5, 135.5, 135.4, 136.1, 135.5, 136.1, 136.1, 134.8, 134.8, 135.5, 134.9, 134.8, 135.5, 136.1, 136.3, 136.2, 136.3, 136.2, 136.3, 134.9, 134.8, 135.3, 135.3, 134.7, 134.6, 134.7, 135.3, 135.2, 135.2, 135.3, 134.7, 134.7, 134.7, 135.4, 134.8, 134.8, 135.5, 135.5, 134.8, 134.9, 135.4, 134.9, 134.7, 134.7, 134.3, 134.8, 134.9, 134.8, 134.9, 134.9, 135.5, 134.8, 135.4, 134.8, 134.8, 134.8, 134.9, 134.9, 134.8, 134.7, 134.7, 134.7, 134.7, 134.3, 134.7, 134.1, 134.7, 134.8, 134.7, 134.7, 134.1, 134.6, 134.7, 133.7, 134.6, 135.3, 134.8, 134.5, 134.7, 134.6, 135.3, 135.2, 134.8, 135.5, 134.9, 134.4, 134.8, 134.3, 134.3, 134.1, 134.1, 134.1, 134.3, 134.7, 135.3, 134.7, 134.6, 134.7, 133.7, 134.8, 134.9, 134.4, 134.3, 134.4, 134.3, 134.7, 134.7, 134.1, 134.7, 134.1, 134.0, 134.7, 134.3, 134.3, 134.4, 134.8, 134.3, 134.8, 134.3, 134.4, 134.8, 134.3, 134.8, 134.7, 134.7, 134.9, 134.8, 134.1, 134.8, 134.8, 134.6, 134.4, 134.3, 134.8, 134.7, 134.4, 134.8, 134.4, 134.8, 134.8, 135.3, 135.4, 134.8, 135.4, 134.8, 135.3, 135.4, 134.1, 134.8, 134.3, 134.3, 134.6, 134.3, 134.6, 134.7, 134.5, 134.0, 134.0, 133.3, 133.4, 133.9, 134.0, 134.0, 134.0, 134.0, 134.6, 133.8, 133.9, 133.9, 134.0, 132.8, 132.3, 132.6, 132.3, 132.3, 132.9, 132.3, 132.4, 132.4, 133.2, 133.3, 132.8, 133.3, 133.4, 132.8, 132.1, 132.7, 132.1, 132.6, 133.3, 133.3, 133.3, 133.3, 133.3, 133.6, 133.0, 133.6, 133.4, 132.8, 132.8, 133.0, 132.7, 132.7, 133.3, 133.9, 133.3, 133.3, 133.3, 133.0, 133.4, 133.4, 133.4, 133.3, 134.0, 133.4, 134.0, 134.0, 134.0, 133.9, 134.0, 134.0, 134.5, 134.1, 134.0, 133.4, 133.9, 134.0, 133.4, 132.8, 133.3, 133.4, 133.3, 133.4, 132.8, 133.3, 133.8, 133.8, 134.0, 133.9]"
17,"[136.9, 134.8, 136.6, 134.8, 133.6, 133.6, 133.9, 134.7, 134.6, 135.4, 134.9, 134.9, 134.8, 135.5, 135.6, 134.8, 134.8, 135.4, 134.9, 134.9, 135.7, 134.8, 136.1, 134.9, 135.1, 135.1, 136.0, 135.5, 135.2, 134.9, 134.9, 136.0, 136.1, 135.1, 134.3, 135.6, 134.8, 135.1, 135.4, 134.9, 135.7, 135.7, 135.6, 135.6, 135.1, 135.5, 135.7, 135.5, 134.9, 136.1, 134.9, 135.6, 135.2, 135.5, 135.1, 134.9, 135.6, 135.6, 136.0, 135.5, 135.5, 135.5, 135.8, 135.6, 135.6, 135.7, 135.5, 135.5, 135.6, 135.4, 135.4, 135.4, 135.7, 136.1, 136.0, 134.8, 135.3, 135.5, 134.8, 135.1, 135.1, 135.6, 135.5, 135.6, 134.8, 135.4, 135.5, 134.8, 134.8, 134.8, 135.4, 134.8, 135.5, 135.5, 135.5, 134.8, 134.7, 134.8, 134.8, 134.7, 134.8, 134.8, 134.7, 134.8, 134.8, 134.4, 134.8, 135.5, 134.8, 135.3, 135.5, 135.5, 135.4, 134.9, 135.5, 135.5, 135.5, 135.3, 135.1, 135.1, 134.8, 134.9, 134.9, 135.1, 134.8, 133.7, 134.3, 133.0, 134.1, 134.4, 134.1, 134.1, 134.7, 134.1, 134.1, 134.3, 134.7, 135.2, 134.0, 134.6, 133.9, 133.9, 134.0, 134.5, 133.6, 133.8, 133.4, 133.4, 134.0, 134.0, 134.5, 134.6, 134.6, 134.7, 134.1, 134.1, 134.1, 134.1, 134.7, 134.6, 134.5, 134.1, 134.6, 134.1, 134.7, 134.7, 134.1, 134.6, 134.1, 134.1, 133.9, 134.0, 133.9, 134.0, 134.3, 133.4, 134.1, 133.9, 134.0, 134.1, 134.0, 133.6, 134.7, 134.0, 134.0, 133.9, 134.0, 133.9, 134.4, 134.0, 134.0, 133.3, 134.5, 133.9, 134.6, 134.0, 134.0, 133.9, 134.1, 133.9, 134.0, 133.4, 133.6, 133.4, 133.3, 133.4, 133.4, 134.1, 134.3, 134.0, 134.0, 134.1, 134.3, 134.1, 134.1, 134.0, 133.4, 134.7, 134.7, 134.1, 134.0, 134.0, 134.7, 133.3, 134.0, 134.0, 134.6, 134.0, 133.9, 134.0, 133.9, 134.0, 134.1, 133.6, 134.1, 134.1, 134.0, 134.0, 134.0, 133.6, 134.1, 134.3, 134.1, 134.3, 134.0, 134.6, 134.5, 134.7, 134.0, 134.0, 134.0, 134.1, 133.9, 134.1, 133.9, 134.3, 134.7, 134.0, 134.5, 133.9, 133.9, 133.9, 134.1, 134.5, 134.0, 134.1, 134.0, 134.1, 134.1, 134.0, 134.1, 134.8, 134.1, 134.3, 134.3, 134.3, 134.3, 134.8, 134.8, 134.8, 134.3, 133.6, 134.6, 134.1, 134.6, 134.1, 134.6, 134.8, 134.3, 133.9, 134.1, 134.7, 134.7, 134.7, 134.1, 133.6, 134.0, 134.0, 134.0, 134.1, 134.1, 134.6, 134.6, 134.0, 133.4, 134.3, 134.3, 134.6, 134.6, 134.6, 134.8, 134.8, 134.8, 135.9, 135.4, 135.5, 135.5, 134.9, 134.8, 134.8, 134.9, 135.4, 134.9, 134.8, 134.3, 134.3, 133.7, 134.3, 134.3, 134.8, 134.3, 134.4, 134.3, 134.3, 134.3, 134.3, 134.8, 134.3, 134.8, 135.5, 135.5, 134.3, 134.1, 135.4, 134.8, 134.1, 134.8, 134.9, 135.4, 134.8, 135.5, 134.9, 135.5, 134.8, 134.7, 134.8, 135.4, 135.4, 135.5, 134.9, 134.9, 135.5, 135.4, 134.9, 134.9, 134.9, 135.5, 136.1, 135.5, 135.6, 135.5, 135.5, 135.5, 136.2, 135.5, 136.3, 136.1, 136.2, 136.3, 136.2, 136.3, 136.3, 136.9, 136.9, 137.5, 136.8, 136.9, 136.9, 136.9, 136.3, 137.5, 137.5, 138.7, 136.9, 137.4, 136.8, 137.4, 136.3, 136.1, 136.1, 135.5, 135.5, 135.1, 135.6, 135.6, 135.5, 135.4, 136.1, 135.5, 136.0, 135.4, 135.4, 135.1, 134.9, 134.9, 135.4, 134.3, 134.8, 134.8, 134.3, 135.5, 134.1, 134.4, 134.8, 134.1, 134.1, 134.3, 134.3, 134.1, 134.1, 134.8, 134.7, 134.7, 134.3, 134.6, 134.4, 134.4, 134.8, 134.0, 134.0, 134.7, 134.4, 134.1, 133.6, 134.3, 133.7, 134.8, 133.7, 134.6, 133.7, 134.0, 133.7, 134.0, 134.1, 134.1, 134.1, 134.3, 134.3, 134.3, 134.3, 134.1, 134.1, 134.1, 134.1, 133.9, 133.9, 133.5, 133.4, 132.8, 133.0, 132.4, 132.4, 133.0, 133.0, 133.0, 133.2, 133.3, 133.2, 133.2, 133.2, 133.2, 133.2, 133.8, 133.2, 132.6, 132.7, 132.7, 133.2, 133.3, 133.2, 132.6, 132.7, 132.6, 133.2, 132.7, 132.7, 133.2, 133.3, 132.1, 133.8, 132.7, 132.3, 132.8, 133.3, 132.7, 133.2, 133.2, 133.9, 132.7, 133.9, 133.3, 132.7, 132.7, 133.2, 132.8, 133.8, 133.8, 132.6, 134.4, 133.6, 134.4, 132.8, 133.4, 132.8, 133.3, 133.4, 132.8, 133.0, 132.3, 133.3, 134.0, 132.8, 133.3, 133.4, 133.0, 133.4, 132.8, 133.9, 132.7, 133.4, 134.6, 133.6, 132.8, 134.1, 134.0, 134.0, 133.4, 133.3, 132.7, 133.0, 133.6, 133.6, 133.4, 133.4, 132.8, 134.0, 133.3, 132.8, 134.7, 134.1, 133.7, 133.4, 134.0, 134.0, 134.0, 134.0, 134.1, 133.9, 134.0, 134.1, 133.4, 134.0, 133.4, 134.0, 133.4, 133.3, 133.8, 132.8, 132.8, 132.8, 133.4, 132.7, 133.3, 133.4, 133.3, 133.3, 133.9, 133.3, 134.0, 134.6, 133.6, 133.4, 133.0, 132.7, 133.3, 133.3, 133.3, 134.0, 133.3, 133.9]"
17,"[135.9, 135.0, 135.7, 134.9, 133.8, 133.4, 134.0, 134.1, 135.4, 134.8, 136.3, 135.7, 135.6, 135.6, 135.6, 135.5, 135.1, 136.3, 135.1, 135.5, 136.0, 135.6, 135.1, 135.6, 135.6, 135.6, 135.5, 134.9, 135.6, 135.6, 135.6, 134.9, 135.7, 135.1, 135.7, 135.9, 135.8, 135.7, 136.3, 136.2, 135.6, 135.6, 135.5, 135.1, 135.1, 136.2, 135.6, 135.6, 134.9, 135.5, 136.2, 135.5, 134.9, 135.1, 135.7, 135.1, 134.8, 135.5, 135.5, 134.9, 135.6, 135.5, 136.1, 136.2, 134.9, 135.5, 135.5, 134.4, 135.5, 134.9, 134.9, 136.2, 135.6, 135.5, 135.5, 135.2, 134.8, 135.6, 135.4, 134.9, 135.1, 135.5, 135.6, 135.6, 135.6, 135.5, 135.6, 135.6, 135.6, 135.4, 135.5, 135.6, 136.2, 134.9, 134.9, 135.5, 135.2, 135.7, 134.8, 135.5, 135.1, 135.1, 135.6, 136.2, 135.5, 135.1, 135.5, 135.7, 135.1, 135.6, 136.2, 135.7, 135.5, 135.6, 135.6, 135.5, 134.9, 135.4, 135.5, 135.4, 135.5, 135.5, 135.5, 134.3, 134.8, 134.8, 134.7, 134.0, 134.0, 133.8, 134.6, 134.5, 134.5, 134.5, 134.0, 133.8, 134.6, 134.5, 133.9, 133.9, 134.5, 134.5, 134.5, 134.5, 134.4, 133.9, 134.6, 134.0, 133.9, 133.9, 134.5, 133.9, 134.6, 133.8, 134.0, 134.5, 133.8, 133.8, 133.9, 133.9, 133.8, 133.9, 133.8, 133.8, 133.8, 134.4, 133.8, 133.2, 133.8, 133.0, 133.2, 133.8, 133.9, 133.8, 133.9, 133.9, 133.8, 133.9, 133.2, 133.9, 133.9, 133.9, 133.9, 134.4, 134.5, 133.3, 133.9, 133.4, 133.3, 133.8, 133.4, 133.4, 133.2, 134.0, 133.4, 133.4, 132.8, 133.6, 134.0, 134.1, 133.4, 133.9, 133.9, 134.0, 134.1, 134.0, 133.9, 133.9, 133.9, 133.9, 134.0, 133.4, 133.8, 133.3, 133.8, 133.3, 134.0, 133.9, 133.9, 133.9, 133.8, 134.0, 134.5, 134.0, 134.0, 134.0, 134.6, 133.6, 134.0, 134.0, 134.5, 134.6, 134.0, 134.1, 134.6, 134.5, 133.9, 133.3, 133.9, 133.9, 133.9, 134.6, 134.5, 134.5, 134.0, 134.0, 133.4, 133.9, 133.3, 133.9, 133.2, 133.8, 133.8, 134.5, 134.5, 133.9, 134.0, 134.5, 135.1, 134.5, 135.1, 134.6, 134.6, 135.2, 135.1, 135.1, 134.5, 135.1, 135.1, 135.0, 133.9, 135.0, 134.5, 134.5, 134.0, 134.5, 134.5, 135.1, 135.1, 134.0, 134.5, 133.9, 134.5, 135.1, 134.5, 134.5, 134.5, 135.0, 135.2, 135.0, 134.5, 135.1, 134.7, 134.6, 133.9, 135.0, 133.8, 134.4, 135.1, 134.4, 134.6, 135.6, 135.0, 134.4, 135.0, 135.1, 134.4, 134.5, 133.8, 135.0, 135.0, 135.0, 134.5, 134.3, 134.4, 134.5, 135.0, 135.0, 134.6, 134.5, 134.5, 134.5, 134.4, 135.0, 135.0, 135.0, 134.4, 134.9, 135.0, 134.4, 135.0, 133.9, 134.4, 134.3, 134.3, 134.9, 134.3, 133.6, 134.4, 134.9, 134.9, 134.3, 134.9, 134.4, 134.4, 135.5, 134.9, 134.4, 135.0, 134.3, 134.4, 134.3, 134.3, 134.9, 134.3, 134.4, 134.9, 134.4, 134.4, 134.3, 134.4, 134.3, 134.4, 134.3, 134.4, 134.3, 135.0, 135.0, 134.3, 134.9, 135.5, 134.4, 135.0, 133.9, 135.0, 134.4, 134.0, 133.9, 134.0, 134.0, 134.6, 134.5, 135.1, 134.5, 134.5, 135.3, 135.2, 134.7, 135.3, 134.5, 134.6, 134.6, 133.9, 134.5, 133.8, 134.4, 134.4, 133.8, 133.9, 135.0, 134.5, 134.5, 134.5, 134.4, 133.3, 134.4, 134.5, 135.1, 134.5, 134.6, 134.5, 134.4, 134.0, 134.5, 134.0, 134.1, 133.6, 134.8, 134.1, 133.4, 134.0, 133.9, 133.9, 134.5, 133.9, 133.9, 133.3, 134.6, 134.0, 134.5, 134.6, 134.6, 134.1, 134.7, 134.0, 134.8, 135.4, 134.3, 134.7, 134.7, 134.9, 134.7, 134.7, 134.8, 134.7, 134.7, 134.0, 134.1, 134.7, 134.7, 133.6, 134.7, 134.7, 134.1, 134.1, 134.0, 134.1, 134.3, 133.6, 134.1, 134.1, 134.0, 134.1, 134.3, 134.1, 134.1, 133.9, 133.3, 133.9, 133.9, 134.6, 133.9, 133.4, 133.9, 134.0, 133.6, 134.0, 134.0, 134.0, 134.0, 134.1, 134.1, 134.5, 134.0, 134.1, 134.6, 134.7, 134.3, 134.3, 134.7, 134.1, 134.1, 134.7, 134.6, 134.0, 134.0, 134.5, 134.5, 134.0, 134.6, 134.0, 134.3, 135.3, 134.7, 134.0, 134.0, 134.1, 134.7, 134.1, 134.1, 134.3, 134.1, 134.7, 134.7, 134.0, 134.7, 134.6, 134.7, 134.7, 134.7, 134.6, 134.6, 134.1, 134.0, 134.7, 134.6, 134.1, 134.7, 134.1, 133.9, 134.5, 134.0, 133.8, 133.9, 133.3, 133.3, 133.9, 133.9, 133.9, 134.5, 133.9, 133.9, 133.9, 133.6, 133.9, 134.6, 133.9, 134.5, 133.9, 133.9, 133.9, 133.8, 133.9, 133.9, 133.9, 133.8, 134.5, 134.5, 133.9, 133.9, 134.0, 133.8, 133.9, 133.4, 134.5, 133.9, 133.3, 134.0, 133.9, 133.9, 133.8, 133.9, 133.2, 133.9, 133.0, 133.2, 133.8, 134.4, 133.8, 133.9, 133.9, 134.0, 133.3, 133.8, 133.4, 133.8, 133.8, 134.0, 133.6, 133.3, 133.9, 133.9, 133.8, 133.9, 133.9, 133.9, 133.8, 134.0, 134.0, 134.4]"
17,"[136.5, 136.4, 136.8, 135.5, 135.1, 134.6, 135.3, 134.8, 135.5, 134.8, 136.2, 135.6, 135.6, 136.2, 135.6, 134.9, 135.5, 135.5, 134.9, 136.1, 135.5, 135.5, 136.1, 135.5, 134.9, 136.1, 135.6, 136.2, 135.4, 135.6, 134.8, 134.9, 135.5, 135.1, 135.5, 134.9, 135.6, 135.1, 136.1, 135.5, 134.9, 134.9, 135.4, 134.9, 134.9, 134.9, 135.5, 134.9, 135.5, 135.1, 134.9, 134.9, 135.5, 135.6, 135.1, 135.1, 135.1, 135.6, 134.9, 134.9, 134.9, 135.5, 135.1, 135.6, 135.1, 135.1, 135.6, 135.4, 134.5, 135.1, 135.1, 134.8, 134.9, 134.5, 134.9, 135.5, 135.5, 134.4, 135.1, 134.4, 134.9, 134.4, 135.5, 134.4, 135.5, 135.1, 135.1, 134.9, 134.5, 135.1, 135.1, 135.1, 134.9, 135.1, 134.9, 134.9, 135.5, 134.8, 135.5, 134.4, 134.9, 134.4, 134.5, 134.8, 134.4, 134.9, 134.4, 134.3, 133.7, 134.3, 134.3, 135.5, 134.3, 135.4, 135.4, 134.9, 134.8, 134.4, 134.3, 135.4, 135.5, 134.9, 134.3, 134.1, 134.8, 134.7, 134.8, 134.8, 134.7, 134.8, 134.8, 134.1, 134.8, 134.8, 134.3, 134.8, 134.8, 134.3, 134.7, 134.3, 134.3, 134.3, 135.4, 134.3, 134.3, 134.0, 134.7, 134.0, 134.1, 134.1, 133.6, 134.1, 134.1, 134.1, 134.3, 134.3, 134.3, 134.3, 134.8, 133.8, 134.1, 134.3, 134.1, 134.1, 133.4, 133.6, 133.4, 133.2, 133.3, 133.9, 133.9, 133.4, 133.3, 133.3, 133.4, 133.9, 133.4, 133.6, 134.0, 134.0, 134.5, 134.0, 133.3, 134.0, 133.4, 133.3, 133.9, 133.9, 134.0, 134.0, 133.4, 134.0, 133.3, 133.4, 133.3, 134.5, 134.0, 132.6, 133.5, 133.5, 133.0, 133.0, 132.3, 133.0, 133.0, 133.0, 133.0, 132.1, 132.3, 133.0, 133.0, 133.3, 132.7, 133.4, 134.7, 134.6, 133.4, 133.9, 134.1, 133.3, 134.0, 132.7, 133.9, 133.9, 133.3, 133.3, 134.0, 133.9, 133.9, 134.0, 134.5, 134.0, 133.4, 134.5, 133.3, 133.4, 134.5, 133.3, 134.0, 134.0, 134.6, 133.9, 133.9, 133.9, 134.0, 134.0, 134.0, 134.7, 134.0, 134.0, 134.0, 134.0, 134.0, 134.0, 134.6, 133.9, 134.6, 134.0, 134.0, 134.6, 134.0, 134.1, 134.0, 134.0, 134.0, 134.1, 133.9, 133.3, 134.0, 133.4, 133.3, 133.3, 133.9, 133.9, 133.8, 133.9, 134.4, 133.9, 134.0, 133.9, 134.1, 134.0, 134.0, 134.0, 134.0, 134.0, 133.9, 133.3, 133.9, 134.0, 134.1, 134.1, 134.0, 134.1, 134.0, 134.1, 134.1, 134.0, 134.1, 134.6, 134.1, 134.5, 134.0, 134.6, 134.1, 134.0, 133.9, 134.6, 134.5, 134.5, 133.9, 133.5, 133.4, 133.4, 134.1, 133.0, 133.5, 132.9, 133.8, 133.6, 133.6, 134.3, 133.8, 133.6, 134.3, 133.9, 133.8, 133.3, 134.4, 134.4, 133.8, 134.3, 133.2, 133.8, 133.9, 133.9, 134.5, 133.8, 134.5, 134.5, 134.0, 134.5, 133.9, 134.3, 134.4, 133.8, 133.9, 133.3, 134.4, 134.4, 133.8, 134.5, 134.4, 133.8, 134.4, 133.8, 134.5, 134.3, 133.8, 134.5, 133.9, 134.4, 134.4, 133.9, 134.5, 134.5, 134.5, 135.7, 135.1, 136.3, 135.2, 136.4, 135.1, 135.2, 134.6, 134.6, 134.6, 135.2, 134.6, 134.0, 135.1, 135.2, 134.0, 134.6, 134.0, 134.6, 134.0, 134.6, 134.1, 134.1, 134.0, 134.0, 134.6, 134.1, 133.3, 133.4, 133.3, 134.1, 134.1, 134.0, 134.1, 134.6, 134.0, 134.0, 133.6, 134.0, 133.4, 134.6, 133.4, 134.1, 134.0, 134.1, 134.1, 134.6, 134.1, 133.6, 133.6, 134.1, 134.3, 134.1, 134.1, 134.3, 134.1, 133.6, 134.1, 133.4, 134.1, 134.1, 134.7, 134.3, 134.3, 134.4, 134.3, 134.3, 133.7, 134.7, 134.3, 134.3, 134.1, 134.8, 134.4, 134.8, 134.3, 134.4, 134.8, 134.1, 134.0, 134.7, 134.6, 134.5, 134.6, 134.7, 134.8, 134.7, 134.5, 134.6, 134.6, 134.7, 134.0, 134.0, 134.0, 133.4, 133.4, 134.0, 133.9, 133.3, 134.0, 133.4, 133.3, 133.8, 133.3, 134.0, 134.0, 134.0, 134.1, 134.1, 134.6, 134.1, 134.1, 134.1, 134.1, 133.9, 134.6, 134.6, 134.6, 134.0, 134.0, 134.1, 134.6, 134.1, 134.3, 134.7, 134.1, 134.1, 134.1, 134.1, 134.1, 134.0, 134.3, 134.3, 134.1, 134.1, 134.0, 134.0, 133.7, 134.1, 133.6, 134.1, 134.0, 133.4, 133.6, 133.6, 134.0, 133.6, 134.1, 133.6, 133.4, 133.6, 133.6, 134.0, 133.6, 133.6, 133.6, 133.4, 133.4, 133.6, 133.9, 133.6, 133.7, 134.0, 133.4, 133.4, 133.3, 132.8, 133.2, 132.6, 132.6, 133.3, 133.3, 134.5, 133.9, 133.9, 133.9, 134.0, 133.9, 133.3, 134.5, 133.9, 133.4, 133.4, 133.6, 134.0, 133.6, 133.6, 134.1, 133.7, 134.0, 133.6, 134.1, 134.1, 134.4, 134.1, 133.2, 133.7, 133.4, 133.6, 133.6, 134.1, 133.1, 134.1, 133.7, 133.7, 133.7, 133.6, 133.6, 133.8, 133.6, 133.7, 134.0, 134.1, 133.4, 133.6, 133.4, 133.6, 134.1, 134.1, 133.7, 133.1, 134.3, 133.7, 133.7, 133.4, 133.1, 133.4, 133.9, 133.0, 132.8, 132.8, 132.6, 132.0]"
17,"[139.0, 139.5, 139.4, 138.9, 136.5, 137.7, 137.9, 137.4, 138.7, 138.2, 137.6, 138.2, 138.9, 138.2, 138.8, 138.2, 138.9, 138.8, 138.8, 138.2, 138.3, 138.8, 138.8, 138.8, 137.8, 138.8, 138.7, 137.6, 138.8, 138.9, 138.2, 138.8, 139.3, 139.3, 138.7, 138.8, 138.2, 137.7, 138.3, 138.1, 137.7, 137.7, 138.2, 138.2, 138.8, 138.8, 138.3, 138.3, 138.2, 138.3, 138.8, 138.3, 138.2, 138.3, 138.3, 138.8, 138.2, 138.2, 137.3, 138.8, 138.3, 137.7, 138.2, 137.8, 138.8, 138.3, 138.9, 137.7, 137.7, 138.2, 137.7, 137.7, 138.3, 138.8, 138.3, 138.3, 137.8, 137.7, 138.9, 138.3, 138.3, 138.8, 138.3, 138.9, 138.9, 138.3, 138.2, 138.2, 137.7, 138.9, 138.2, 137.8, 137.8, 138.8, 137.1, 138.2, 138.2, 138.3, 137.8, 138.3, 138.2, 137.6, 138.2, 138.3, 138.8, 138.8, 138.8, 138.8, 138.8, 138.8, 138.2, 137.7, 138.2, 137.8, 138.2, 138.2, 138.2, 137.8, 138.9, 138.9, 138.3, 138.2, 138.2, 137.7, 137.0, 138.2, 136.9, 137.0, 136.4, 135.6, 135.7, 136.5, 136.4, 136.4, 136.4, 136.5, 136.9, 136.3, 136.9, 136.2, 136.3, 135.5, 136.1, 135.5, 136.2, 136.7, 135.9, 136.0, 135.5, 135.3, 135.3, 135.2, 134.6, 134.5, 134.6, 135.8, 134.6, 135.3, 135.3, 135.3, 135.9, 135.3, 135.4, 135.2, 135.2, 135.2, 134.5, 134.5, 134.6, 135.3, 135.3, 135.9, 136.0, 135.9, 135.3, 135.2, 135.9, 135.3, 135.2, 134.7, 135.8, 135.2, 134.3, 135.0, 134.1, 133.4, 133.9, 134.0, 133.4, 134.0, 133.5, 133.5, 133.2, 133.4, 133.4, 133.4, 134.0, 133.4, 134.0, 133.5, 133.6, 133.8, 133.5, 134.0, 134.9, 134.3, 134.1, 133.5, 134.1, 134.8, 134.0, 133.5, 134.6, 134.4, 134.8, 133.6, 133.9, 133.9, 132.5, 133.6, 133.1, 133.1, 133.2, 133.1, 133.1, 133.2, 133.1, 133.2, 133.2, 133.2, 132.6, 133.0, 132.5, 132.3, 131.7, 131.7, 131.5, 132.3, 132.5, 132.5, 133.2, 133.1, 133.4, 132.8, 134.3, 133.4, 133.4, 133.5, 134.3, 133.6, 133.6, 133.5, 133.5, 133.4, 133.9, 133.7, 133.1, 133.0, 133.0, 132.3, 133.0, 133.0, 132.3, 133.0, 133.0, 132.5, 133.2, 133.2, 133.1, 133.7, 133.1, 133.1, 133.1, 133.1, 132.5, 133.1, 133.1, 133.7, 133.0, 133.1, 133.7, 133.2, 133.2, 133.4, 133.9, 132.9, 134.0, 134.0, 134.0, 133.4, 133.4, 133.4, 134.1, 133.5, 133.5, 134.0, 133.5, 133.5, 133.5, 133.4, 134.0, 133.4, 133.4, 133.2, 133.4, 133.9, 134.0, 133.4, 132.8, 133.4, 133.4, 134.0, 134.0, 133.4, 134.1, 133.2, 133.4, 133.4, 133.2, 133.2, 133.4, 133.2, 133.1, 133.1, 132.2, 131.4, 131.5, 130.9, 131.5, 132.2, 130.9, 132.2, 132.2, 132.3, 131.5, 132.3, 131.8, 131.7, 132.5, 131.8, 132.5, 132.6, 132.5, 132.5, 131.8, 131.8, 133.1, 132.5, 132.5, 132.5, 133.2, 132.6, 133.2, 133.2, 133.2, 133.1, 133.1, 133.1, 133.2, 133.1, 133.2, 133.1, 133.2, 133.2, 133.1, 132.6, 133.2, 133.2, 133.1, 134.0, 133.4, 133.4, 133.5, 133.2, 133.5, 133.5, 133.5, 133.5, 133.5, 133.5, 134.6, 134.1, 134.1, 134.1, 134.3, 134.9, 134.9, 134.3, 134.9, 134.9, 135.0, 135.0, 134.3, 134.8, 135.5, 134.9, 134.9, 134.3, 134.9, 134.4, 134.4, 133.6, 133.0, 132.3, 132.8, 132.1, 132.0, 131.5, 132.1, 131.4, 131.5, 131.7, 131.1, 131.2, 131.5, 131.4, 132.7, 132.4, 132.6, 132.7, 133.2, 133.8, 133.3, 133.8, 133.8, 133.2, 133.2, 133.2, 133.2, 133.2, 133.3, 133.0, 132.6, 133.2, 133.3, 133.9, 133.8, 133.9, 133.8, 134.5, 133.8, 134.4, 133.9, 133.4, 134.5, 133.3, 133.3, 133.4, 133.3, 133.4, 133.4, 132.8, 133.9, 133.8, 133.2, 133.3, 133.4, 133.3, 133.3, 133.9, 133.3, 133.3, 133.3, 133.3, 133.3, 132.7, 132.7, 132.6, 132.7, 132.6, 132.6, 132.4, 133.2, 133.0, 133.0, 133.0, 133.2, 132.6, 131.8, 133.2, 132.7, 133.2, 133.3, 133.2, 133.9, 134.4, 134.0, 134.7, 134.6, 134.3, 133.8, 134.3, 134.3, 134.8, 134.3, 134.3, 133.7, 133.6, 134.1, 134.1, 134.7, 133.7, 134.1, 134.1, 133.4, 133.9, 134.0, 133.6, 133.4, 134.0, 133.6, 133.9, 133.3, 133.9, 132.8, 134.0, 134.0, 133.9, 133.9, 134.5, 134.0, 133.8, 133.9, 134.0, 133.3, 133.3, 133.9, 134.0, 133.3, 133.3, 133.3, 132.6, 132.6, 133.2, 132.1, 132.1, 132.0, 133.2, 132.0, 132.4, 133.2, 132.6, 132.6, 132.7, 132.6, 133.2, 132.7, 133.2, 133.0, 132.6, 132.4, 133.0, 133.9, 133.3, 133.2, 133.2, 132.6, 132.6, 132.6, 132.6, 132.6, 132.8, 132.1, 133.2, 132.3, 133.8, 133.3, 132.7, 133.3, 133.3, 132.8, 133.3, 132.7, 132.8, 133.3, 132.7, 133.3, 133.3, 132.7, 133.4, 132.8, 133.4, 133.3, 133.4, 133.3, 132.8, 132.1, 132.8, 133.2, 132.8, 132.3, 132.8, 133.4, 133.2, 132.7, 133.3, 133.3, 132.8, 132.8, 133.3]"
17,"[136.4, 136.1, 135.0, 134.8, 133.5, 133.6, 133.9, 134.0, 133.4, 134.8, 134.8, 134.8, 134.8, 133.7, 134.8, 134.8, 134.3, 134.1, 134.5, 133.6, 134.3, 134.3, 134.3, 134.3, 134.8, 135.1, 135.1, 135.1, 135.1, 134.8, 134.9, 134.9, 135.1, 135.1, 135.7, 134.9, 134.9, 135.1, 134.9, 134.9, 134.9, 134.9, 134.8, 134.4, 134.4, 135.5, 135.1, 134.9, 134.9, 134.9, 135.1, 134.9, 135.1, 134.9, 134.9, 134.4, 134.4, 134.4, 134.4, 134.9, 134.9, 134.9, 134.9, 135.1, 134.9, 135.1, 135.5, 135.4, 135.1, 134.9, 134.9, 134.9, 135.5, 134.9, 135.4, 134.8, 134.8, 135.1, 134.8, 133.8, 134.4, 134.4, 135.1, 135.1, 135.5, 134.8, 134.9, 134.9, 134.9, 135.4, 134.4, 134.9, 134.3, 134.3, 134.4, 134.9, 134.3, 134.5, 135.6, 134.9, 134.3, 134.9, 134.4, 134.9, 134.3, 134.8, 134.3, 134.8, 134.9, 134.8, 134.9, 134.5, 135.5, 135.1, 134.8, 134.5, 134.4, 134.8, 134.4, 134.4, 134.4, 134.9, 134.4, 134.3, 134.4, 133.8, 133.6, 133.6, 133.0, 132.8, 132.8, 133.4, 133.4, 133.4, 132.8, 133.9, 133.9, 133.9, 134.4, 133.8, 133.2, 134.4, 133.9, 134.5, 134.4, 134.4, 133.8, 133.6, 133.6, 133.6, 133.0, 133.6, 133.8, 133.6, 133.6, 132.9, 133.4, 132.8, 132.3, 133.5, 132.8, 132.6, 132.8, 131.5, 132.1, 132.1, 132.9, 132.3, 132.9, 132.1, 132.3, 132.1, 133.0, 133.0, 132.4, 133.0, 133.0, 132.3, 133.4, 133.4, 132.8, 133.4, 132.1, 132.6, 132.8, 132.0, 132.1, 132.8, 132.0, 132.1, 132.1, 132.8, 132.1, 132.1, 131.4, 132.1, 132.8, 132.8, 132.6, 132.1, 132.0, 131.4, 130.6, 130.8, 131.5, 132.1, 132.6, 132.3, 132.9, 132.8, 133.5, 132.9, 134.1, 133.4, 133.4, 132.8, 133.5, 133.5, 134.1, 134.0, 133.5, 133.4, 132.8, 132.8, 132.8, 133.4, 132.8, 133.4, 133.4, 132.9, 132.1, 132.8, 132.1, 132.1, 132.8, 132.9, 132.9, 132.9, 133.6, 133.5, 133.5, 133.5, 133.5, 133.5, 133.5, 132.8, 132.9, 133.5, 132.8, 134.0, 132.9, 132.9, 132.9, 133.5, 133.5, 133.6, 134.1, 133.8, 133.5, 133.5, 132.9, 134.1, 134.1, 134.1, 133.5, 132.9, 133.5, 133.5, 134.0, 133.0, 134.3, 132.9, 132.9, 133.6, 133.5, 133.5, 132.9, 133.5, 132.9, 133.0, 133.5, 133.6, 132.9, 133.5, 134.0, 133.5, 133.5, 134.3, 132.9, 133.4, 133.4, 133.4, 132.9, 133.4, 133.5, 132.8, 132.8, 133.4, 133.5, 133.4, 133.4, 132.6, 132.9, 132.8, 133.4, 132.8, 132.8, 133.4, 133.4, 133.4, 133.9, 133.4, 134.0, 133.5, 132.9, 133.4, 133.6, 133.4, 133.4, 133.5, 133.5, 134.1, 133.6, 133.5, 133.5, 134.0, 133.4, 134.1, 133.5, 133.5, 133.5, 133.5, 133.6, 133.4, 134.0, 134.1, 134.1, 133.6, 135.0, 133.8, 134.1, 134.3, 133.6, 134.1, 133.6, 133.6, 134.1, 134.4, 133.9, 134.4, 133.6, 133.6, 133.2, 133.6, 134.3, 134.1, 133.6, 133.6, 133.8, 135.0, 133.8, 133.6, 133.6, 134.9, 135.4, 133.6, 134.9, 134.9, 134.9, 134.9, 134.9, 135.5, 135.5, 135.0, 134.9, 135.0, 134.9, 135.0, 135.5, 135.5, 134.3, 135.5, 134.1, 133.9, 133.9, 132.5, 131.8, 132.6, 133.7, 133.9, 133.4, 133.4, 132.8, 132.8, 133.4, 132.9, 133.5, 133.0, 133.6, 133.5, 133.6, 134.3, 134.1, 133.8, 133.9, 134.4, 133.9, 133.3, 132.7, 133.4, 133.4, 133.4, 133.4, 132.8, 132.8, 133.0, 132.8, 133.0, 132.8, 132.4, 132.8, 133.0, 133.6, 133.6, 132.8, 133.4, 133.6, 132.8, 133.9, 133.4, 133.4, 132.8, 133.6, 133.6, 133.4, 132.8, 133.4, 133.4, 133.4, 133.0, 132.8, 133.0, 133.0, 133.6, 133.4, 133.4, 133.0, 132.8, 133.4, 132.8, 133.3, 132.7, 132.0, 132.8, 132.4, 133.0, 133.0, 133.6, 133.2, 133.2, 133.3, 133.9, 133.2, 133.9, 133.2, 133.9, 132.7, 132.8, 133.0, 132.7, 133.3, 133.3, 133.3, 133.6, 134.0, 134.0, 134.0, 133.4, 133.4, 133.4, 134.0, 133.4, 134.0, 134.1, 134.1, 133.9, 134.1, 133.6, 133.1, 133.3, 133.3, 133.9, 133.3, 133.3, 133.8, 133.4, 133.3, 133.4, 133.9, 133.9, 133.3, 133.9, 133.2, 133.2, 133.9, 133.8, 133.3, 133.9, 133.3, 133.4, 133.9, 133.6, 133.4, 133.3, 134.0, 133.3, 133.9, 133.3, 133.8, 133.9, 134.4, 133.3, 133.8, 133.8, 133.3, 133.8, 133.0, 133.2, 133.2, 133.3, 133.3, 134.5, 134.0, 134.5, 134.5, 134.6, 134.6, 134.6, 134.5, 134.6, 133.9, 133.9, 134.0, 133.4, 133.4, 134.0, 133.4, 133.4, 133.4, 133.4, 133.4, 133.4, 132.8, 132.8, 133.4, 133.4, 133.4, 133.3, 133.4, 134.0, 133.6, 133.9, 133.4, 134.0, 132.7, 132.6, 132.8, 133.3, 132.6, 133.3, 133.3, 133.3, 133.3, 133.2, 133.2, 133.2, 133.3, 132.6, 133.2, 133.2, 133.2, 133.3, 133.3, 133.8, 133.9, 132.7, 133.4, 133.9, 133.4, 133.2, 133.3, 133.3, 133.3, 133.3, 133.3, 133.9, 133.9, 134.6, 134.6, 134.5]"
17,"[137.2, 137.0, 136.2, 136.2, 134.4, 133.8, 134.7, 135.5, 135.5, 136.2, 135.6, 135.7, 134.6, 135.1, 135.6, 135.5, 135.6, 135.1, 135.6, 135.6, 135.2, 135.6, 134.4, 135.6, 135.6, 135.6, 135.6, 135.6, 135.6, 135.7, 135.6, 136.3, 135.6, 135.7, 135.6, 136.3, 135.7, 135.6, 135.6, 136.3, 135.6, 135.1, 135.1, 134.9, 135.6, 136.3, 135.6, 135.5, 135.5, 135.6, 134.9, 135.6, 134.9, 135.6, 135.5, 134.9, 135.6, 135.5, 135.1, 134.9, 134.9, 134.9, 135.1, 134.9, 134.9, 135.5, 135.1, 135.2, 134.9, 135.6, 135.5, 135.1, 134.9, 135.1, 134.9, 134.5, 135.1, 134.9, 134.9, 135.1, 135.2, 134.4, 134.9, 134.9, 135.1, 135.1, 135.1, 134.9, 134.4, 135.1, 135.1, 135.1, 134.9, 135.1, 135.5, 135.7, 135.1, 134.3, 133.8, 134.1, 132.8, 132.1, 132.1, 133.2, 132.9, 133.5, 133.5, 133.6, 133.0, 133.6, 133.5, 133.0, 133.5, 133.6, 133.5, 133.8, 134.3, 133.6, 132.9, 133.5, 133.6, 133.5, 133.0, 132.6, 133.9, 132.7, 132.1, 132.6, 132.6, 132.7, 132.7, 133.0, 133.8, 133.2, 133.8, 133.8, 133.8, 133.2, 133.9, 133.9, 133.9, 133.8, 133.3, 132.6, 133.2, 132.6, 133.8, 133.8, 133.8, 133.2, 133.2, 133.8, 133.0, 133.5, 133.0, 133.6, 133.0, 133.0, 133.0, 133.0, 133.6, 133.0, 133.8, 133.8, 133.2, 133.8, 134.5, 133.6, 133.3, 133.8, 133.0, 132.6, 133.8, 133.3, 133.2, 133.2, 133.2, 133.3, 133.2, 133.8, 133.2, 133.3, 133.3, 133.2, 133.2, 133.8, 132.6, 132.6, 133.2, 133.9, 133.3, 133.3, 134.5, 133.3, 133.9, 134.0, 134.5, 133.9, 134.5, 133.9, 134.0, 133.3, 133.9, 133.3, 133.3, 133.3, 132.6, 133.2, 132.6, 133.2, 133.2, 133.2, 133.2, 133.2, 133.2, 133.3, 133.3, 133.3, 133.2, 133.4, 133.2, 133.0, 133.2, 133.3, 133.3, 132.6, 132.7, 132.7, 133.2, 133.0, 133.3, 133.2, 133.2, 133.0, 132.7, 133.2, 134.3, 133.4, 132.6, 133.3, 133.0, 133.4, 132.8, 133.3, 133.8, 133.9, 133.9, 133.3, 133.3, 133.3, 133.3, 133.2, 133.2, 133.2, 133.2, 133.9, 133.2, 133.2, 133.2, 132.6, 133.2, 133.2, 133.8, 133.2, 133.3, 133.3, 132.6, 133.8, 135.0, 134.3, 133.8, 133.8, 133.8, 134.3, 134.5, 133.9, 134.4, 134.9, 134.4, 133.8, 134.4, 133.3, 133.9, 134.4, 135.0, 134.4, 134.3, 133.9, 134.9, 133.8, 133.9, 133.8, 133.9, 133.8, 135.0, 134.4, 133.8, 134.4, 134.4, 134.3, 133.9, 133.9, 134.4, 135.0, 135.0, 134.4, 134.4, 134.4, 134.4, 134.4, 135.1, 133.9, 135.0, 134.5, 134.4, 134.4, 134.4, 134.4, 134.4, 135.0, 134.5, 134.5, 133.9, 134.4, 134.4, 134.5, 135.1, 134.4, 133.8, 133.8, 133.9, 134.9, 134.4, 134.4, 134.4, 135.0, 134.3, 133.8, 134.5, 134.4, 133.6, 133.8, 134.3, 134.3, 134.5, 134.9, 133.6, 135.0, 134.9, 134.4, 134.4, 134.4, 134.4, 134.9, 135.1, 135.0, 134.4, 135.0, 134.9, 134.4, 134.5, 134.4, 135.0, 135.0, 135.0, 134.4, 134.4, 133.8, 134.9, 134.3, 134.3, 134.3, 134.3, 134.4, 133.6, 133.6, 134.3, 134.3, 134.3, 133.8, 133.9, 134.4, 133.0, 134.1, 133.0, 133.0, 132.9, 133.6, 133.0, 133.3, 133.8, 133.8, 134.1, 133.6, 133.6, 133.6, 134.3, 133.6, 133.6, 133.6, 133.6, 133.5, 134.3, 133.6, 134.3, 134.1, 133.5, 133.2, 133.8, 134.3, 133.8, 133.0, 133.8, 134.4, 134.1, 133.6, 133.8, 133.8, 133.8, 133.9, 133.8, 133.2, 133.8, 133.2, 133.6, 133.0, 133.6, 132.9, 133.6, 133.0, 132.9, 132.9, 132.1, 132.8, 132.3, 133.0, 133.0, 132.9, 133.0, 132.3, 132.3, 132.3, 132.3, 132.6, 132.1, 132.8, 131.7, 132.8, 132.0, 131.5, 132.9, 132.6, 132.0, 132.1, 132.8, 132.3, 132.1, 132.1, 132.9, 132.3, 132.1, 132.3, 132.9, 132.9, 132.9, 132.1, 132.9, 132.9, 133.0, 132.4, 133.2, 133.2, 133.0, 133.3, 133.9, 133.4, 133.8, 133.8, 133.8, 133.8, 133.2, 133.3, 133.8, 133.8, 133.3, 133.2, 133.8, 133.9, 134.0, 134.0, 134.6, 133.4, 133.3, 133.4, 133.6, 133.4, 133.9, 134.5, 133.3, 133.9, 133.9, 134.0, 133.4, 134.1, 134.0, 134.1, 134.1, 134.0, 134.0, 133.3, 133.9, 134.0, 133.9, 133.9, 133.4, 133.4, 133.9, 133.9, 133.4, 133.3, 133.3, 133.9, 134.0, 132.8, 133.0, 134.0, 133.9, 134.0, 133.4, 133.4, 133.7, 133.0, 132.8, 133.3, 133.3, 132.8, 133.4, 133.6, 133.0, 132.8, 133.4, 133.3, 133.9, 133.4, 133.9, 133.4, 133.3, 133.3, 133.3, 133.8, 132.7, 132.8, 132.8, 133.3, 132.3, 132.7, 132.7, 132.7, 133.4, 132.7, 132.7, 132.3, 132.8, 133.3, 132.3, 132.3, 132.3, 132.6, 132.7, 132.8, 132.7, 132.7, 132.7, 132.7, 133.3, 133.2, 132.3, 132.7, 133.2, 132.7, 133.3, 132.8, 132.7, 132.7, 132.7, 132.8, 132.8, 133.2, 132.1, 132.3, 132.6, 132.1, 132.6, 132.1, 132.3, 132.7, 132.7, 132.7, 132.7, 132.7]"
17,"[138.4, 138.4, 138.9, 137.6, 136.5, 136.6, 135.9, 137.4, 136.9, 137.4, 137.4, 136.9, 138.1, 137.5, 137.5, 137.4, 137.4, 137.4, 137.0, 136.9, 136.9, 137.0, 137.1, 137.1, 137.0, 137.0, 136.9, 136.9, 137.5, 136.9, 136.9, 137.5, 137.5, 137.4, 136.9, 136.9, 136.9, 136.9, 136.9, 136.9, 137.0, 136.9, 136.9, 136.4, 137.5, 137.5, 136.9, 136.9, 136.9, 137.0, 137.6, 137.5, 137.0, 137.6, 137.5, 137.5, 136.9, 137.5, 138.1, 137.9, 137.4, 138.0, 137.6, 138.0, 138.0, 137.4, 137.4, 136.3, 136.3, 136.3, 136.2, 136.3, 136.3, 135.7, 136.3, 135.7, 136.3, 135.7, 135.7, 136.4, 136.2, 135.7, 135.7, 135.6, 136.9, 136.8, 136.4, 136.8, 136.3, 136.4, 136.4, 136.3, 136.3, 136.3, 136.9, 136.4, 136.9, 137.0, 136.9, 137.4, 137.5, 136.9, 136.9, 136.4, 136.9, 135.7, 136.3, 136.9, 136.8, 135.7, 136.3, 135.7, 136.9, 136.9, 136.9, 136.9, 136.9, 136.9, 136.9, 136.9, 136.2, 136.9, 135.6, 136.2, 135.6, 135.1, 134.9, 134.7, 134.1, 133.9, 134.7, 134.5, 133.9, 133.6, 133.4, 133.9, 133.8, 133.8, 133.2, 133.8, 134.4, 133.8, 133.8, 133.8, 133.8, 133.6, 133.6, 133.6, 133.2, 134.4, 133.8, 133.6, 133.0, 133.6, 133.6, 133.6, 133.8, 133.6, 134.3, 133.8, 133.6, 133.5, 133.6, 133.6, 133.6, 133.2, 133.2, 133.8, 133.8, 134.0, 133.8, 133.9, 133.3, 133.8, 134.3, 134.5, 133.3, 133.9, 133.9, 133.8, 133.8, 133.8, 133.8, 133.8, 133.9, 134.4, 134.4, 134.5, 133.9, 133.8, 134.5, 133.3, 133.8, 133.9, 133.3, 133.8, 133.4, 134.0, 133.8, 133.9, 134.6, 134.5, 133.6, 133.5, 133.2, 132.8, 133.4, 132.6, 133.4, 132.9, 133.4, 133.5, 133.6, 134.3, 133.5, 132.9, 133.8, 134.4, 133.6, 133.5, 133.2, 133.6, 132.9, 133.8, 133.6, 133.6, 133.5, 133.6, 133.5, 133.6, 134.3, 133.6, 133.6, 133.8, 134.4, 134.3, 133.9, 133.6, 134.4, 133.8, 133.2, 134.4, 134.4, 133.3, 133.9, 133.2, 133.8, 133.9, 133.3, 133.8, 133.9, 132.7, 133.8, 134.5, 133.3, 133.9, 133.3, 133.3, 133.3, 133.3, 133.8, 133.3, 133.8, 134.3, 134.3, 133.5, 132.8, 132.6, 131.8, 131.8, 132.1, 132.1, 132.0, 132.0, 132.8, 132.1, 132.1, 132.6, 132.8, 131.8, 132.6, 132.8, 132.6, 132.8, 132.8, 133.6, 133.8, 133.6, 133.2, 133.2, 133.2, 133.8, 133.8, 133.3, 133.0, 133.6, 133.0, 133.6, 133.6, 133.5, 133.5, 132.9, 132.9, 133.0, 133.5, 133.6, 133.3, 133.3, 133.2, 133.9, 133.9, 134.4, 133.8, 133.2, 133.3, 134.6, 133.9, 134.7, 134.0, 133.8, 133.8, 133.8, 134.4, 133.3, 133.8, 133.8, 134.5, 133.8, 133.2, 132.7, 132.7, 133.3, 133.2, 133.4, 133.2, 132.8, 133.3, 133.8, 133.9, 133.9, 133.8, 133.4, 133.9, 133.9, 132.8, 134.0, 133.9, 133.3, 133.3, 133.3, 133.3, 133.3, 132.8, 133.4, 133.3, 133.9, 133.4, 133.3, 132.7, 134.6, 133.9, 133.3, 134.1, 134.0, 133.4, 134.1, 133.9, 134.1, 134.8, 134.7, 134.8, 135.4, 135.2, 135.4, 134.6, 136.0, 135.3, 135.3, 134.5, 135.2, 134.8, 136.0, 135.4, 135.4, 135.4, 134.8, 134.8, 134.8, 134.7, 134.9, 134.8, 134.9, 134.8, 134.8, 135.5, 135.4, 135.5, 134.8, 135.4, 134.8, 135.4, 136.0, 134.9, 134.8, 135.6, 135.4, 135.6, 135.5, 135.5, 135.5, 135.5, 135.5, 135.5, 134.8, 134.9, 134.9, 134.9, 135.5, 136.1, 135.5, 136.1, 135.5, 135.5, 135.5, 135.4, 136.1, 136.1, 136.7, 136.7, 136.7, 136.6, 136.7, 136.7, 136.7, 136.1, 136.8, 136.1, 136.7, 136.7, 136.7, 136.8, 136.7, 136.7, 136.2, 136.8, 136.8, 136.8, 136.7, 136.8, 136.7, 136.8, 136.7, 135.6, 136.7, 136.7, 136.7, 136.8, 136.8, 136.8, 136.1, 136.1, 136.8, 136.8, 136.1, 136.8, 137.4, 136.3, 137.4, 136.8, 136.7, 136.7, 137.4, 136.7, 136.8, 136.8, 136.7, 136.8, 136.9, 136.7, 136.8, 136.8, 137.4, 136.7, 137.4, 136.7, 135.5, 136.8, 136.8, 137.3, 136.8, 136.8, 136.8, 136.7, 135.5, 134.8, 134.8, 134.6, 134.7, 134.8, 134.8, 134.8, 134.8, 135.3, 135.4, 134.8, 135.9, 135.3, 135.4, 135.5, 135.5, 135.4, 135.3, 135.4, 135.3, 135.5, 135.3, 135.5, 135.5, 135.5, 135.4, 135.9, 135.4, 136.0, 136.0, 136.0, 136.1, 136.1, 135.5, 135.4, 135.5, 136.8, 136.8, 136.7, 136.7, 136.1, 136.8, 136.7, 136.8, 136.7, 136.9, 136.9, 137.4, 137.3, 137.5, 136.9, 136.9, 136.9, 136.9, 136.8, 137.5, 137.4, 137.4, 137.4, 136.9, 137.4, 136.9, 138.7, 137.4, 138.1, 137.5, 137.4, 137.5, 137.5, 137.4, 136.9, 137.4, 137.5, 138.1, 138.1, 136.9, 137.5, 137.4, 136.9, 137.4, 137.5, 137.5, 136.9, 137.5, 137.4, 136.9, 137.4, 137.4, 138.0, 138.1, 137.4, 137.4, 136.9, 136.9, 137.4, 137.5, 137.4, 137.5, 137.5, 136.9, 137.5, 137.4, 137.4, 137.5, 137.5, 137.4]"
17,"[132.3, 132.6, 132.1, 132.1, 131.7, 132.3, 133.3, 132.6, 132.6, 133.3, 133.3, 133.3, 133.9, 132.7, 132.7, 133.6, 133.3, 132.8, 133.9, 134.0, 133.0, 133.3, 133.4, 133.7, 133.4, 134.1, 134.0, 133.6, 133.4, 134.1, 133.4, 134.1, 134.1, 133.7, 134.1, 133.6, 134.1, 134.3, 133.6, 134.1, 134.7, 134.1, 134.0, 134.8, 134.3, 134.1, 134.3, 134.3, 134.3, 134.3, 134.9, 135.1, 135.4, 135.5, 134.1, 134.9, 134.7, 135.5, 135.6, 134.8, 134.9, 134.4, 134.9, 134.1, 134.9, 134.4, 134.3, 134.3, 134.4, 134.3, 134.3, 134.0, 134.3, 134.1, 133.6, 134.1, 134.3, 133.7, 134.3, 134.1, 134.3, 134.1, 134.3, 134.1, 134.3, 134.4, 133.6, 133.4, 133.6, 134.1, 133.0, 133.6, 133.4, 134.1, 133.6, 134.1, 134.3, 134.3, 134.1, 134.1, 134.1, 134.1, 134.3, 133.6, 134.1, 134.3, 134.1, 134.1, 134.1, 134.3, 133.2, 134.3, 134.1, 134.1, 134.1, 134.1, 134.7, 134.1, 134.1, 134.7, 133.6, 134.1, 134.6, 134.0, 134.0, 133.0, 133.3, 132.8, 132.6, 132.7, 132.6, 132.6, 132.6, 132.0, 133.0, 132.0, 133.2, 132.0, 132.6, 133.2, 133.2, 132.4, 132.4, 132.6, 132.6, 132.4, 133.0, 132.6, 133.3, 133.8, 132.4, 133.2, 133.3, 133.6, 132.6, 132.6, 133.3, 132.6, 133.2, 133.0, 133.3, 132.6, 132.6, 133.0, 133.0, 132.9, 132.4, 132.7, 132.4, 132.4, 132.6, 133.3, 132.6, 133.3, 133.2, 133.2, 133.9, 134.5, 133.8, 133.3, 133.2, 133.2, 132.6, 132.7, 132.7, 132.7, 132.7, 132.7, 132.8, 132.1, 132.6, 132.7, 132.1, 133.2, 132.6, 132.1, 132.0, 133.3, 132.6, 132.6, 132.6, 133.2, 132.0, 132.7, 132.4, 132.7, 132.1, 132.8, 133.4, 133.3, 133.9, 133.3, 133.3, 133.3, 132.7, 133.3, 132.6, 133.2, 133.2, 133.3, 133.2, 133.3, 133.2, 133.2, 133.2, 133.8, 133.3, 133.9, 133.4, 133.4, 134.0, 133.2, 133.8, 133.2, 133.2, 133.2, 133.2, 133.3, 132.6, 132.6, 133.3, 133.2, 133.2, 133.3, 133.0, 133.0, 133.6, 133.0, 133.2, 133.3, 132.9, 132.6, 130.6, 131.2, 130.8, 132.5, 131.8, 132.0, 132.5, 132.0, 132.0, 132.0, 132.1, 132.1, 132.1, 132.1, 132.8, 132.9, 132.4, 132.1, 131.5, 131.7, 132.1, 132.3, 132.9, 132.1, 132.1, 132.3, 132.1, 132.0, 132.8, 132.6, 132.1, 132.1, 132.8, 132.6, 132.1, 132.8, 132.1, 132.1, 132.8, 132.8, 132.9, 132.8, 132.8, 132.3, 132.3, 132.9, 133.4, 133.4, 133.5, 132.8, 132.9, 133.6, 133.5, 133.0, 133.9, 132.7, 133.2, 133.8, 133.3, 133.4, 133.8, 133.4, 133.3, 133.3, 133.2, 133.3, 133.2, 133.9, 134.3, 133.2, 133.2, 132.6, 133.2, 133.6, 133.0, 132.6, 133.8, 133.8, 133.8, 133.2, 132.7, 132.7, 133.2, 133.2, 132.6, 133.2, 133.8, 133.2, 133.2, 133.2, 134.3, 133.2, 132.6, 133.8, 133.2, 133.8, 133.8, 134.4, 133.9, 133.8, 133.8, 133.8, 133.6, 133.8, 133.2, 133.8, 133.8, 133.2, 133.2, 133.8, 133.8, 133.8, 134.3, 133.2, 134.4, 133.2, 133.3, 133.8, 134.4, 134.5, 134.4, 133.8, 133.8, 134.0, 134.0, 134.5, 135.3, 134.6, 135.2, 134.6, 135.1, 134.5, 134.5, 134.4, 133.9, 133.8, 135.0, 135.1, 134.4, 135.1, 134.4, 133.8, 134.5, 134.0, 135.1, 134.6, 134.5, 133.9, 134.6, 133.9, 133.9, 134.6, 134.5, 133.8, 134.5, 134.3, 133.8, 133.9, 133.8, 133.6, 133.8, 134.3, 133.9, 133.6, 133.6, 133.6, 133.0, 133.6, 133.5, 133.5, 133.6, 133.5, 133.5, 133.5, 134.4, 134.1, 134.9, 134.9, 134.4, 135.0, 133.8, 134.4, 134.4, 134.6, 133.9, 135.0, 134.4, 135.5, 135.0, 135.5, 135.5, 134.3, 134.4, 135.0, 135.1, 134.5, 134.5, 134.5, 134.4, 134.5, 134.5, 133.9, 134.0, 133.8, 133.9, 133.9, 133.9, 133.9, 135.0, 134.5, 134.5, 133.8, 133.9, 134.4, 133.9, 134.0, 134.5, 134.4, 133.9, 133.9, 133.8, 134.4, 133.6, 134.0, 134.1, 133.9, 134.5, 134.6, 133.4, 133.9, 134.6, 134.0, 134.0, 134.5, 134.6, 133.9, 133.4, 134.0, 134.5, 134.0, 135.3, 134.6, 134.6, 134.0, 134.7, 134.7, 134.0, 134.0, 134.3, 134.7, 134.5, 134.5, 134.6, 135.1, 134.3, 134.8, 134.7, 134.0, 134.6, 134.1, 134.6, 134.6, 133.9, 134.5, 134.5, 133.3, 135.0, 133.9, 135.0, 134.3, 134.5, 134.9, 134.5, 134.5, 135.2, 134.4, 134.6, 134.6, 134.7, 134.0, 134.1, 134.7, 133.4, 133.9, 133.9, 133.9, 133.6, 133.6, 134.0, 133.6, 133.4, 133.4, 133.6, 133.3, 133.4, 133.3, 134.1, 133.6, 133.3, 133.4, 133.4, 134.1, 134.0, 134.0, 134.7, 134.6, 133.9, 134.6, 134.1, 134.1, 134.7, 134.6, 134.1, 134.1, 134.7, 134.1, 134.1, 134.6, 134.0, 133.4, 134.1, 134.0, 134.1, 134.7, 134.7, 134.3, 134.7, 134.7, 134.7, 134.7, 134.7, 134.7, 134.7, 134.0, 134.3, 134.1, 134.7, 134.1, 134.6, 134.6, 134.1, 134.1, 134.1, 134.6, 135.2, 134.1, 134.0, 134.1]"
17,"[133.2, 133.6, 133.0, 132.9, 132.4, 131.7, 131.7, 131.8, 131.8, 132.0, 132.1, 132.6, 132.3, 132.7, 132.6, 132.7, 132.1, 131.5, 132.6, 132.4, 132.0, 132.0, 132.4, 132.0, 132.4, 131.8, 131.8, 131.7, 131.7, 131.7, 131.7, 131.8, 131.7, 131.7, 131.4, 132.0, 131.1, 131.1, 131.7, 131.8, 131.2, 131.8, 131.1, 131.8, 131.7, 131.1, 131.7, 132.1, 132.3, 132.9, 132.9, 132.4, 132.4, 132.9, 132.8, 132.8, 132.3, 132.1, 132.8, 132.8, 132.8, 132.8, 132.8, 132.3, 132.9, 133.5, 133.6, 133.0, 133.0, 132.4, 132.9, 132.9, 132.1, 132.9, 132.4, 132.4, 133.0, 132.4, 131.8, 132.4, 132.9, 132.0, 133.0, 132.4, 132.3, 132.3, 132.9, 132.4, 133.0, 133.6, 132.3, 133.5, 132.9, 132.4, 132.6, 132.6, 133.2, 133.0, 132.6, 133.2, 133.2, 133.6, 133.2, 133.8, 133.2, 133.9, 133.2, 133.8, 133.2, 134.3, 133.2, 133.2, 133.6, 133.2, 133.2, 133.2, 133.2, 133.5, 133.2, 133.8, 133.3, 133.3, 132.4, 131.8, 132.0, 131.8, 131.7, 132.1, 132.1, 132.1, 131.5, 132.1, 132.1, 132.3, 132.1, 132.4, 132.6, 132.4, 132.3, 131.8, 132.4, 132.3, 132.3, 131.7, 132.3, 132.1, 132.1, 131.8, 132.3, 132.3, 132.4, 132.3, 131.7, 131.5, 131.8, 131.8, 131.7, 132.3, 132.3, 131.7, 132.4, 132.1, 131.7, 131.5, 132.1, 131.8, 132.1, 132.1, 132.1, 132.3, 131.7, 132.3, 132.6, 132.0, 132.4, 133.2, 132.4, 132.8, 132.4, 132.3, 132.9, 132.3, 132.9, 132.3, 131.7, 132.4, 132.4, 133.2, 133.0, 132.6, 132.4, 132.1, 131.1, 130.9, 130.6, 130.8, 131.5, 131.7, 131.5, 132.1, 131.8, 131.2, 131.8, 131.8, 131.8, 132.6, 132.4, 132.0, 131.8, 131.8, 132.4, 132.4, 132.4, 132.3, 131.8, 131.8, 133.0, 131.8, 132.3, 132.4, 132.3, 132.3, 132.4, 132.8, 132.4, 132.3, 132.4, 132.3, 132.3, 132.4, 132.9, 131.8, 132.4, 132.3, 131.7, 132.1, 132.1, 131.7, 132.4, 133.0, 132.3, 133.0, 132.9, 131.8, 131.8, 132.3, 131.8, 131.7, 131.5, 132.3, 131.7, 132.1, 132.9, 131.7, 131.7, 131.5, 131.7, 131.5, 133.0, 132.9, 131.5, 132.3, 132.9, 131.7, 132.3, 132.4, 133.2, 133.2, 133.3, 133.3, 133.9, 133.3, 133.3, 133.9, 133.3, 134.5, 133.8, 133.4, 133.3, 133.3, 133.3, 133.3, 133.2, 133.2, 133.3, 132.7, 133.3, 133.3, 132.8, 133.9, 133.4, 133.6, 133.4, 134.4, 133.9, 133.9, 133.8, 133.4, 132.5, 131.8, 131.4, 132.8, 133.0, 133.8, 133.2, 133.8, 134.9, 134.5, 133.8, 133.6, 133.6, 133.6, 132.8, 133.0, 132.8, 132.9, 132.9, 132.9, 132.9, 133.5, 132.9, 132.1, 132.6, 132.8, 132.1, 132.0, 132.1, 132.0, 132.0, 131.4, 132.6, 132.6, 132.1, 132.0, 131.8, 132.0, 132.0, 132.0, 132.0, 131.4, 132.0, 131.8, 132.6, 131.4, 132.6, 132.0, 132.0, 132.1, 132.0, 132.1, 132.0, 132.8, 132.8, 132.1, 132.3, 132.3, 132.1, 132.1, 132.3, 132.8, 132.8, 131.7, 132.3, 132.4, 132.9, 133.0, 133.6, 133.8, 133.2, 133.6, 132.9, 133.0, 133.5, 132.9, 132.9, 132.3, 132.3, 132.9, 132.9, 132.4, 132.6, 133.6, 132.4, 132.4, 133.0, 133.6, 133.0, 132.4, 132.4, 132.4, 132.9, 132.4, 132.4, 132.4, 133.5, 132.4, 132.6, 133.2, 132.6, 133.2, 133.3, 133.3, 133.2, 133.3, 133.2, 133.8, 133.3, 133.3, 133.9, 133.9, 133.9, 134.0, 134.1, 133.4, 133.4, 133.3, 133.4, 134.0, 134.6, 134.6, 133.3, 132.7, 133.3, 133.9, 133.3, 133.3, 133.4, 133.3, 133.4, 133.9, 133.6, 133.2, 133.9, 133.4, 133.3, 133.9, 133.4, 133.4, 133.9, 133.9, 133.3, 133.9, 133.2, 133.9, 133.3, 133.9, 133.3, 133.4, 133.3, 132.8, 133.2, 133.4, 133.9, 133.4, 133.9, 133.4, 132.8, 133.4, 133.9, 133.9, 133.9, 133.9, 133.3, 133.8, 133.2, 133.4, 133.3, 133.4, 134.0, 133.3, 133.3, 134.5, 133.9, 133.3, 133.9, 132.7, 133.9, 133.9, 133.3, 133.3, 133.8, 133.6, 133.9, 133.8, 133.3, 133.9, 134.5, 133.9, 133.4, 133.9, 133.9, 133.9, 133.9, 133.3, 133.3, 134.5, 133.9, 133.9, 133.8, 133.3, 134.0, 133.4, 133.3, 133.3, 134.5, 134.0, 134.0, 133.3, 134.0, 132.7, 133.9, 134.1, 133.3, 133.9, 133.6, 133.3, 134.0, 133.9, 133.9, 134.0, 134.0, 133.9, 133.4, 133.9, 133.9, 134.5, 134.0, 133.9, 134.5, 134.0, 134.0, 133.4, 133.9, 133.9, 133.9, 133.9, 134.5, 133.9, 133.9, 133.9, 134.6, 134.5, 134.0, 134.0, 134.0, 133.4, 133.3, 133.3, 134.0, 134.0, 134.6, 134.1, 133.4, 134.5, 132.8, 134.5, 133.9, 134.0, 134.5, 134.5, 134.6, 134.5, 133.9, 133.3, 134.5, 133.3, 133.9, 133.9, 133.9, 133.9, 133.4, 133.4, 133.3, 133.9, 134.5, 134.0, 134.0, 134.5, 134.7, 134.6, 133.9, 134.6, 134.1, 134.0, 134.0, 134.6, 134.6, 134.0, 134.7, 134.6, 134.1, 134.6, 134.6, 134.5, 133.9, 134.0, 134.1, 134.1, 133.9, 133.3]"
17,"[137.7, 136.9, 136.3, 136.8, 135.7, 134.5, 135.2, 134.8, 134.9, 135.5, 135.6, 135.1, 134.9, 135.1, 135.2, 135.1, 134.4, 135.6, 134.9, 135.1, 134.5, 134.9, 134.5, 135.5, 134.9, 135.5, 135.6, 135.1, 135.6, 135.7, 136.3, 136.3, 135.2, 135.6, 135.1, 135.1, 135.2, 135.2, 135.6, 136.2, 135.1, 136.3, 134.9, 135.2, 135.6, 135.1, 135.1, 134.9, 135.1, 134.9, 135.6, 135.3, 135.1, 135.1, 135.1, 135.2, 135.1, 135.1, 135.1, 134.9, 135.1, 135.6, 135.7, 135.6, 135.1, 135.1, 134.5, 134.9, 135.2, 135.2, 135.1, 134.9, 134.9, 135.5, 135.1, 135.2, 135.2, 135.1, 135.6, 135.1, 134.7, 135.1, 134.5, 135.6, 135.6, 134.9, 135.2, 134.5, 135.6, 135.1, 135.1, 134.6, 133.9, 135.1, 133.9, 133.9, 133.9, 133.9, 134.5, 134.4, 134.0, 133.9, 134.5, 134.6, 134.0, 134.5, 135.1, 134.6, 133.9, 134.5, 134.0, 134.5, 135.1, 134.5, 134.7, 134.5, 134.4, 134.5, 134.4, 135.1, 134.5, 135.2, 134.0, 133.9, 133.8, 133.3, 133.8, 133.8, 133.8, 133.8, 133.2, 133.1, 134.1, 133.1, 133.8, 134.1, 133.7, 133.1, 134.3, 133.1, 133.6, 133.0, 133.4, 133.7, 133.0, 133.1, 133.7, 134.0, 132.8, 132.8, 133.4, 132.8, 132.8, 133.4, 133.3, 133.3, 132.3, 133.3, 133.3, 132.8, 133.4, 133.3, 133.3, 133.4, 133.4, 133.9, 133.4, 134.0, 133.3, 133.4, 134.0, 133.4, 133.4, 133.4, 133.4, 133.0, 133.4, 133.4, 134.0, 133.6, 134.1, 134.0, 134.7, 134.6, 134.7, 133.4, 133.6, 134.0, 134.0, 134.0, 134.5, 134.0, 134.6, 134.5, 133.6, 132.8, 132.1, 133.4, 132.1, 132.9, 133.0, 133.0, 133.6, 133.8, 133.9, 133.9, 133.9, 133.9, 134.5, 133.9, 133.8, 133.9, 133.9, 134.0, 135.0, 134.4, 133.9, 133.8, 134.6, 134.5, 133.3, 133.3, 134.5, 134.6, 134.5, 134.4, 133.9, 133.9, 133.9, 133.9, 134.6, 134.6, 134.6, 133.9, 134.6, 134.5, 134.6, 134.7, 134.3, 134.7, 134.7, 134.6, 134.6, 134.6, 134.0, 133.9, 134.0, 134.1, 134.7, 134.6, 134.6, 134.6, 134.0, 134.5, 134.6, 134.1, 134.6, 134.7, 134.1, 134.0, 134.5, 134.1, 135.3, 134.7, 134.6, 134.0, 134.1, 134.7, 134.0, 134.1, 134.0, 134.0, 134.5, 134.0, 134.0, 134.5, 134.5, 134.5, 134.5, 134.5, 135.0, 134.6, 134.5, 135.2, 134.6, 135.1, 135.1, 134.0, 134.0, 134.5, 134.5, 134.5, 134.6, 135.2, 134.5, 134.5, 134.6, 135.2, 135.1, 135.2, 134.6, 134.4, 135.0, 135.0, 135.0, 135.0, 134.5, 135.1, 135.1, 135.0, 134.5, 134.5, 135.6, 135.1, 135.2, 134.6, 135.1, 133.9, 134.5, 134.6, 133.9, 133.9, 133.9, 134.6, 135.1, 133.9, 135.1, 134.5, 134.5, 134.6, 134.6, 134.5, 134.6, 135.1, 134.5, 135.1, 134.6, 134.5, 134.5, 134.5, 134.6, 134.6, 134.6, 134.0, 134.6, 134.5, 134.3, 133.9, 132.5, 130.3, 130.9, 131.7, 131.7, 132.3, 132.5, 132.6, 132.5, 133.1, 133.4, 133.4, 133.4, 133.4, 133.6, 134.5, 134.4, 133.6, 135.0, 134.5, 134.5, 134.5, 135.1, 135.1, 135.0, 134.3, 134.8, 134.0, 133.2, 133.2, 134.1, 134.3, 135.4, 133.8, 134.1, 133.5, 134.1, 133.4, 133.4, 133.4, 133.4, 133.4, 133.4, 132.5, 132.6, 133.5, 133.4, 133.4, 132.9, 133.4, 133.5, 133.0, 133.5, 133.4, 133.6, 133.6, 133.6, 132.9, 133.4, 133.5, 133.4, 134.1, 133.4, 134.1, 133.5, 133.5, 134.0, 133.4, 133.5, 134.1, 133.5, 134.0, 133.2, 132.6, 133.5, 133.5, 133.4, 134.1, 133.8, 133.2, 133.9, 132.7, 133.4, 133.0, 132.5, 133.4, 134.7, 134.0, 134.0, 134.1, 134.6, 134.1, 135.4, 134.6, 134.6, 134.8, 134.1, 134.0, 134.1, 134.1, 134.1, 134.1, 133.7, 133.6, 134.3, 134.3, 134.4, 134.3, 134.3, 134.8, 134.8, 135.5, 134.9, 134.9, 134.5, 133.8, 134.4, 134.8, 134.4, 133.8, 134.3, 134.4, 133.8, 134.8, 134.4, 134.4, 134.9, 134.8, 134.4, 134.3, 134.3, 133.9, 134.3, 134.3, 133.8, 135.3, 134.1, 134.6, 133.6, 134.0, 133.6, 133.6, 132.8, 133.3, 133.0, 133.4, 134.0, 133.6, 133.7, 133.6, 133.7, 133.4, 133.7, 134.1, 134.1, 133.4, 134.1, 134.3, 134.3, 134.3, 134.1, 134.1, 134.4, 133.1, 133.7, 134.3, 133.2, 133.6, 133.7, 133.7, 133.7, 133.6, 134.3, 134.1, 133.6, 134.3, 133.7, 133.7, 133.6, 134.1, 134.0, 134.1, 133.6, 133.6, 134.6, 133.6, 133.7, 133.4, 133.4, 133.4, 133.3, 132.6, 132.1, 132.7, 132.0, 132.6, 132.6, 132.6, 132.6, 132.6, 132.0, 132.4, 132.4, 132.6, 133.2, 132.7, 133.2, 132.4, 132.0, 132.4, 132.6, 132.6, 133.2, 132.7, 132.8, 134.0, 133.3, 133.0, 133.0, 133.4, 133.0, 133.0, 133.0, 133.4, 133.4, 133.9, 134.1, 133.6, 134.0, 134.6, 133.6, 133.0, 134.0, 133.3, 133.0, 133.0, 134.1, 133.0, 133.6, 132.8, 133.4, 133.3, 133.4, 133.3, 132.8, 132.7, 132.8, 133.6, 132.8, 133.3, 133.3, 132.8]"
17,"[131.7, 130.9, 130.9, 130.8, 130.3, 131.7, 131.5, 132.4, 132.4, 131.8, 132.0, 132.0, 132.4, 132.6, 132.4, 132.0, 132.0, 131.8, 132.0, 133.0, 132.3, 132.3, 131.5, 131.5, 131.2, 130.8, 130.1, 130.6, 131.2, 130.6, 130.8, 131.5, 131.5, 132.1, 130.9, 132.0, 131.4, 131.5, 131.7, 132.0, 132.4, 132.4, 132.4, 132.1, 132.4, 131.8, 132.4, 132.0, 132.3, 132.4, 132.4, 132.0, 133.0, 132.3, 132.3, 133.0, 132.6, 132.6, 132.6, 132.4, 133.2, 132.4, 132.6, 132.4, 133.0, 133.0, 133.0, 133.0, 133.2, 133.0, 133.0, 133.2, 132.6, 132.4, 133.2, 132.6, 132.7, 133.0, 132.0, 133.2, 132.6, 132.4, 133.0, 133.3, 132.7, 132.7, 133.2, 133.2, 133.0, 133.3, 133.8, 133.3, 133.8, 133.3, 132.7, 132.3, 133.8, 133.2, 133.2, 132.6, 132.6, 132.4, 133.2, 132.6, 132.6, 132.6, 132.6, 132.7, 132.7, 133.2, 132.1, 132.6, 133.2, 132.6, 132.6, 133.2, 132.6, 132.6, 132.6, 133.0, 133.2, 133.0, 132.4, 132.4, 131.8, 132.4, 131.5, 130.9, 131.5, 131.1, 131.5, 131.5, 132.3, 131.5, 131.7, 131.7, 131.7, 131.5, 132.1, 131.7, 131.5, 131.7, 131.5, 131.5, 131.5, 131.7, 131.7, 131.1, 131.5, 130.9, 131.1, 131.4, 130.8, 131.5, 131.5, 131.5, 130.9, 131.5, 130.9, 131.5, 131.5, 131.7, 132.1, 132.1, 131.5, 132.3, 132.3, 131.5, 131.5, 131.7, 131.5, 131.7, 131.7, 131.7, 131.7, 132.3, 131.4, 131.7, 131.7, 131.5, 131.5, 131.7, 131.1, 131.7, 131.7, 131.8, 131.7, 132.3, 132.3, 132.3, 132.1, 132.3, 132.1, 131.7, 132.3, 131.7, 132.4, 131.8, 131.7, 131.8, 131.8, 131.7, 131.8, 132.3, 131.7, 131.8, 132.4, 132.4, 132.3, 131.8, 132.3, 132.4, 131.4, 132.4, 131.7, 131.5, 131.7, 132.3, 131.7, 131.7, 131.8, 131.7, 132.4, 131.5, 132.1, 132.3, 132.1, 132.1, 132.1, 132.1, 132.3, 132.1, 132.3, 132.3, 131.8, 132.3, 132.6, 132.6, 132.4, 132.0, 132.0, 132.4, 132.4, 131.8, 132.3, 132.3, 131.7, 131.4, 132.6, 132.1, 132.1, 132.1, 131.8, 132.3, 132.4, 132.4, 132.4, 131.8, 132.3, 132.4, 131.7, 132.1, 132.4, 132.3, 132.4, 131.7, 132.1, 132.1, 131.7, 131.5, 132.3, 131.7, 132.9, 132.3, 132.9, 132.3, 132.9, 132.3, 132.3, 132.3, 132.9, 132.9, 132.9, 132.3, 132.3, 132.8, 132.1, 132.9, 132.9, 132.8, 132.9, 132.9, 132.8, 132.8, 133.0, 132.3, 132.8, 132.3, 132.3, 132.9, 132.3, 132.1, 132.9, 132.8, 132.1, 132.3, 132.9, 132.9, 132.3, 132.6, 132.1, 132.6, 132.8, 133.4, 132.8, 132.9, 132.8, 132.8, 132.8, 132.8, 132.4, 132.4, 132.8, 132.8, 132.9, 133.2, 133.4, 132.1, 132.1, 132.1, 132.0, 132.1, 132.1, 132.1, 132.1, 132.6, 132.0, 132.3, 132.1, 132.6, 132.6, 132.6, 132.1, 132.0, 132.1, 131.5, 132.0, 132.0, 132.8, 132.1, 131.5, 132.6, 132.1, 131.5, 132.0, 132.8, 132.6, 132.1, 132.1, 132.1, 132.1, 132.1, 132.1, 132.1, 132.1, 132.1, 132.1, 132.1, 132.1, 132.8, 132.8, 132.1, 132.5, 132.0, 132.0, 132.1, 132.8, 132.6, 132.6, 132.8, 132.1, 132.0, 132.9, 132.1, 132.8, 132.8, 132.0, 132.6, 132.6, 132.1, 132.5, 132.0, 132.8, 132.6, 132.3, 132.1, 132.1, 132.0, 132.0, 132.0, 132.8, 132.3, 132.3, 132.9, 132.9, 132.9, 133.6, 133.6, 133.6, 133.2, 133.0, 133.0, 133.5, 133.8, 133.6, 133.8, 133.8, 133.3, 133.2, 133.3, 134.4, 133.6, 133.3, 133.9, 134.6, 133.9, 133.9, 133.9, 134.5, 134.7, 133.3, 134.5, 134.0, 133.9, 133.9, 132.7, 134.0, 133.9, 133.3, 133.3, 134.6, 133.4, 132.8, 133.3, 134.5, 133.9, 133.9, 134.4, 133.8, 133.9, 134.5, 133.9, 133.3, 133.9, 133.4, 134.0, 134.1, 134.6, 133.3, 134.6, 133.4, 133.6, 134.0, 133.3, 132.7, 133.3, 132.7, 133.4, 133.4, 134.0, 132.8, 133.3, 133.3, 132.7, 133.9, 134.0, 133.4, 133.9, 133.9, 133.3, 133.3, 134.1, 133.3, 133.4, 133.6, 133.4, 132.8, 134.7, 134.1, 133.4, 134.1, 133.4, 133.4, 133.4, 132.7, 133.9, 133.3, 133.3, 132.1, 133.9, 133.3, 132.8, 133.3, 132.7, 132.6, 133.2, 132.1, 132.7, 132.6, 133.2, 133.2, 133.2, 133.2, 132.6, 132.6, 132.7, 132.6, 132.0, 132.7, 132.6, 132.7, 132.8, 132.7, 133.2, 132.6, 132.6, 132.7, 132.7, 132.0, 132.6, 132.0, 131.8, 132.1, 132.1, 132.6, 132.4, 132.6, 131.8, 132.4, 131.8, 132.4, 131.7, 131.7, 131.8, 132.6, 131.8, 131.7, 132.3, 132.3, 131.7, 131.7, 131.4, 132.4, 131.7, 131.8, 131.2, 132.0, 131.8, 132.0, 131.8, 131.8, 132.6, 132.0, 132.0, 132.6, 132.0, 132.4, 131.8, 132.4, 132.4, 132.0, 131.5, 131.5, 132.1, 131.1, 130.6, 131.2, 129.8, 130.1, 130.9, 131.5, 131.5, 132.1, 130.8, 131.5, 131.7, 131.5, 132.0, 132.1, 131.8, 131.8, 131.8, 131.8, 132.3, 131.8, 132.4, 132.4, 132.6, 132.4, 132.0]"
17,"[132.3, 131.5, 131.5, 131.5, 131.5, 131.1, 131.7, 132.3, 132.6, 132.4, 132.4, 132.4, 132.6, 132.6, 132.4, 132.4, 132.3, 132.0, 132.7, 132.6, 133.0, 132.6, 132.6, 131.8, 132.6, 131.8, 132.6, 132.0, 132.6, 133.0, 132.6, 132.6, 133.2, 132.6, 132.4, 132.7, 132.6, 132.6, 132.6, 132.0, 132.0, 132.6, 132.6, 132.6, 132.6, 132.6, 132.6, 132.6, 133.0, 132.6, 132.4, 132.6, 132.6, 132.4, 132.6, 132.6, 132.6, 132.0, 132.4, 132.6, 132.6, 132.4, 132.6, 132.6, 132.6, 133.0, 132.4, 132.4, 133.0, 132.6, 132.6, 132.6, 132.4, 132.7, 132.4, 132.6, 132.6, 132.6, 132.7, 132.4, 132.6, 132.4, 132.6, 132.6, 132.3, 133.2, 133.0, 132.4, 132.4, 132.3, 132.6, 132.3, 132.0, 132.6, 132.0, 132.6, 132.4, 132.6, 132.6, 132.4, 132.6, 132.6, 132.7, 132.6, 132.6, 132.0, 132.4, 131.8, 133.0, 132.0, 132.6, 132.4, 132.3, 131.8, 133.0, 132.4, 132.4, 132.4, 131.8, 133.0, 132.4, 132.4, 131.8, 132.4, 132.4, 131.7, 131.7, 131.7, 130.9, 130.9, 131.5, 131.5, 131.5, 131.7, 131.7, 131.7, 131.7, 131.7, 131.5, 131.8, 131.7, 131.8, 132.3, 132.3, 132.3, 131.7, 132.4, 132.3, 132.0, 132.1, 132.3, 131.7, 131.8, 132.0, 131.8, 131.8, 132.3, 131.7, 131.5, 131.7, 131.5, 131.4, 130.9, 130.9, 130.9, 130.6, 130.8, 130.9, 130.9, 131.7, 130.6, 131.2, 131.2, 131.2, 130.8, 131.4, 131.4, 131.4, 131.2, 130.8, 131.2, 131.8, 132.3, 131.8, 131.2, 130.6, 131.5, 131.7, 131.1, 131.1, 131.1, 130.5, 129.9, 130.5, 131.2, 130.3, 130.9, 130.6, 130.5, 131.1, 131.1, 131.1, 131.4, 131.7, 130.9, 130.9, 130.9, 130.9, 131.5, 131.1, 131.1, 131.7, 131.5, 131.7, 132.1, 132.3, 131.5, 132.4, 131.5, 132.3, 132.3, 132.9, 132.3, 133.0, 132.9, 132.9, 131.7, 132.3, 132.3, 132.8, 132.8, 132.8, 132.8, 132.4, 132.3, 132.1, 132.9, 132.3, 133.0, 132.4, 132.3, 132.4, 132.3, 133.0, 132.3, 133.0, 133.0, 133.0, 132.4, 132.4, 132.4, 132.8, 132.9, 132.3, 132.3, 132.4, 132.3, 131.7, 132.3, 132.3, 132.9, 132.4, 132.4, 132.4, 132.3, 132.3, 132.3, 132.4, 132.3, 131.8, 131.8, 132.4, 131.7, 131.7, 131.7, 131.7, 131.7, 131.7, 132.3, 132.3, 132.4, 132.3, 132.4, 132.4, 132.3, 131.7, 131.7, 132.3, 131.7, 132.3, 132.3, 132.3, 132.9, 132.3, 132.3, 132.4, 132.4, 133.0, 132.3, 132.4, 132.3, 132.3, 132.4, 132.3, 132.3, 132.3, 132.4, 132.4, 132.3, 132.4, 132.3, 132.3, 131.7, 132.4, 132.3, 132.4, 132.3, 131.8, 132.4, 131.7, 132.3, 133.0, 132.3, 132.4, 132.4, 132.3, 133.0, 132.4, 133.0, 132.4, 132.4, 133.0, 133.0, 132.4, 133.0, 133.0, 132.4, 131.7, 131.7, 132.9, 133.0, 132.9, 132.9, 132.9, 132.9, 132.4, 132.9, 132.4, 132.3, 132.8, 133.4, 132.9, 132.9, 132.1, 132.1, 132.3, 132.4, 132.3, 131.7, 131.7, 132.4, 132.3, 132.8, 133.0, 132.8, 132.4, 132.3, 132.3, 131.5, 132.1, 131.4, 132.3, 132.3, 132.8, 132.3, 132.0, 132.1, 131.5, 131.5, 132.0, 131.2, 131.5, 132.1, 131.4, 130.8, 131.4, 131.4, 132.0, 131.4, 131.4, 131.4, 130.6, 131.5, 131.2, 131.2, 131.2, 130.6, 131.4, 131.4, 131.4, 131.2, 131.5, 130.8, 131.2, 131.4, 130.8, 130.8, 131.5, 131.5, 131.4, 131.4, 131.4, 132.0, 131.2, 132.0, 132.1, 132.0, 132.0, 132.0, 131.8, 132.1, 131.8, 131.4, 131.8, 132.0, 132.1, 131.4, 132.0, 132.0, 132.0, 132.0, 132.0, 132.0, 132.1, 131.8, 131.8, 131.8, 132.0, 132.3, 132.1, 132.1, 131.5, 132.1, 132.1, 132.3, 132.1, 131.5, 132.1, 132.1, 132.3, 131.7, 132.4, 133.0, 132.9, 132.3, 132.1, 132.3, 133.0, 133.0, 132.4, 132.4, 132.4, 133.0, 132.4, 132.4, 133.0, 132.9, 133.2, 133.0, 133.0, 133.0, 133.0, 133.0, 132.9, 133.2, 133.0, 133.0, 132.4, 133.2, 133.2, 134.5, 132.6, 134.3, 134.3, 133.2, 133.2, 133.8, 133.2, 133.2, 133.8, 133.2, 133.0, 133.2, 133.3, 132.6, 133.3, 133.9, 134.4, 133.8, 133.3, 133.2, 133.8, 133.3, 133.8, 133.3, 133.3, 132.7, 133.8, 133.9, 133.4, 133.4, 133.4, 133.3, 133.3, 132.8, 133.0, 134.0, 133.4, 133.4, 133.6, 134.0, 134.0, 134.0, 134.1, 133.4, 133.3, 133.2, 132.8, 132.8, 133.4, 134.0, 134.0, 133.4, 133.9, 133.9, 133.4, 133.4, 132.8, 133.9, 133.3, 134.0, 134.0, 134.1, 134.1, 134.7, 134.0, 133.9, 134.0, 134.0, 134.0, 133.6, 134.1, 133.9, 134.6, 133.4, 133.9, 133.4, 133.7, 133.9, 133.6, 133.4, 133.3, 133.6, 133.4, 134.0, 133.9, 133.4, 133.4, 134.0, 134.0, 134.0, 134.1, 133.6, 134.0, 134.0, 134.0, 134.0, 134.0, 133.6, 134.0, 133.6, 134.7, 134.0, 133.4, 134.0, 134.0, 133.4, 134.1, 134.1, 134.0, 134.0, 134.0, 134.1, 133.9, 133.9, 134.0, 132.8, 132.8, 133.4, 134.0]"
18,"[155.1, 156.1, 154.8, 156.5, 157.3, 156.6, 157.3, 156.7, 156.1, 156.7, 156.1, 156.1, 156.1, 156.7, 156.7, 156.6, 157.3, 156.7, 156.1, 157.9, 157.3, 156.7, 156.1, 156.7, 156.1, 156.1, 156.7, 156.1, 156.6, 157.2, 156.6, 156.7, 156.1, 156.1, 155.5, 156.7, 156.1, 156.0, 156.0, 156.1, 156.1, 156.0, 155.4, 156.1, 155.5, 156.1, 155.5, 155.4, 155.4, 154.9, 155.5, 155.5, 155.4, 155.5, 156.0, 155.5, 154.9, 154.8, 154.9, 154.3, 154.9, 153.6, 153.6, 154.3, 154.2, 153.6, 153.6, 153.0, 153.6, 153.6, 152.3, 152.9, 152.3, 152.3, 152.3, 153.0, 152.9, 152.4, 153.0, 152.2, 152.9, 152.4, 152.3, 152.3, 152.9, 152.3, 153.0, 152.3, 152.3, 152.3, 152.4, 152.4, 152.3, 152.4, 153.0, 152.3, 153.0, 151.7, 152.8, 152.3, 152.3, 152.3, 151.5, 152.2, 152.3, 152.2, 152.9, 152.3, 152.3, 151.7, 151.7, 152.3, 152.9, 152.2, 152.9, 152.3, 152.3, 152.3, 152.3, 152.3, 152.3, 152.9, 151.7, 152.9, 153.0, 152.3, 152.4, 152.9, 152.4, 152.4, 153.7, 153.0, 153.7, 153.6, 153.0, 152.4, 152.3, 152.3, 153.0, 151.8, 153.0, 153.0, 152.9, 152.9, 153.6, 153.7, 153.5, 153.6, 154.9, 156.0, 158.5, 159.7, 160.3, 160.3, 161.5, 161.5, 160.9, 160.9, 160.9, 159.6, 159.6, 159.7, 159.0, 159.0, 157.8, 156.5, 156.5, 155.9, 155.3, 155.3, 155.3, 155.3, 155.3, 155.9, 155.3, 155.3, 155.3, 155.3, 155.3, 155.3, 155.9, 155.4, 156.0, 155.4, 155.4, 155.4, 155.4, 156.7, 157.2, 156.6, 157.9, 157.2, 157.2, 156.6, 156.0, 155.9, 156.0, 156.0, 155.3, 156.0, 156.0, 155.4, 155.3, 155.3, 155.3, 155.4, 155.4, 156.0, 155.4, 155.3, 155.4, 156.0, 155.4, 155.3, 156.0, 156.0, 154.8, 155.4, 154.8, 155.4, 155.4, 155.4, 154.8, 155.4, 155.3, 154.8, 155.3, 155.4, 154.7, 155.4, 154.8, 154.8, 154.8, 155.4, 154.8, 156.0, 155.4, 154.8, 154.8, 155.4, 155.4, 154.2, 155.4, 154.8, 155.4, 155.4, 155.5, 154.8, 155.4, 155.4, 154.8, 154.8, 154.8, 154.8, 154.7, 154.8, 154.8, 154.8, 154.8, 154.2, 155.3, 154.8, 154.8, 154.8, 154.8, 154.8, 154.7, 154.2, 154.7, 154.2, 154.2, 154.2, 154.8, 154.8, 154.1, 154.8, 154.2, 154.8, 154.8, 154.2, 152.9, 154.2, 154.2, 154.2, 154.8, 153.6, 154.8, 154.3, 154.2, 154.2, 154.2, 154.8, 154.3, 154.9, 154.8, 154.2, 154.8, 154.3, 154.9, 154.9, 154.9, 154.8, 155.5, 154.9, 155.5, 154.9, 154.8, 154.9, 154.9, 154.9, 154.8, 154.9, 154.9, 154.9, 154.9, 154.3, 154.3, 154.3, 154.9, 154.9, 154.3, 154.8, 154.9, 154.3, 154.9, 154.9, 154.2, 154.9, 154.3, 154.3, 154.3, 153.7, 154.3, 154.3, 154.3, 154.3, 154.3, 154.9, 153.7, 154.3, 153.5, 153.6, 154.9, 154.2, 153.7, 153.7, 153.7, 154.3, 154.9, 153.7, 153.7, 154.3, 154.3, 153.7, 153.7, 153.6, 154.3, 154.2, 154.3, 154.2, 154.9, 154.3, 154.9, 155.5, 154.3, 154.3, 154.3, 153.6, 152.9, 153.6, 153.5, 153.5, 153.5, 152.9, 153.0, 152.9, 152.2, 152.2, 153.5, 153.5, 153.5, 153.4, 153.3, 153.6, 154.2, 153.6, 153.7, 153.6, 153.5, 153.0, 154.2, 153.1, 154.2, 153.7, 154.2, 154.2, 153.5, 153.5, 152.8, 154.3, 154.2, 154.2, 154.9, 154.9, 154.3, 154.3, 152.9, 154.8, 154.9, 154.3, 155.5, 154.8, 155.5, 154.8, 154.9, 154.9, 154.3, 154.2, 154.3, 155.5, 156.1, 157.8, 157.3, 156.7, 157.3, 156.7, 156.1, 155.5, 155.5, 154.9, 154.9, 154.3, 154.8, 154.2, 154.9, 154.8, 155.5, 153.6, 154.1, 154.2, 154.8, 154.8, 155.5, 155.5, 155.4, 154.9, 155.5, 154.9, 154.9, 154.9, 155.5, 155.5, 154.2, 154.8, 154.9, 155.4, 155.4, 155.5, 155.5, 155.5, 155.5, 154.1, 154.2, 154.1, 154.0, 154.7, 154.6, 154.6, 154.2, 154.2, 155.2, 155.2, 155.2, 154.6, 155.2, 155.2, 155.2, 154.0, 154.6, 154.6, 155.2, 155.2, 155.2, 155.3, 154.7, 155.2, 154.6, 154.1, 154.6, 155.2, 154.0, 154.6, 155.2, 154.6, 154.6, 154.6, 155.2, 154.6, 154.7, 154.7, 153.9, 154.1, 154.7, 154.0, 154.0, 154.6, 154.0, 155.3, 154.7, 154.7, 154.6, 155.2, 154.0, 154.6, 155.2, 155.2, 155.2, 155.2, 155.2, 155.8, 155.2, 155.9, 155.2, 154.6, 154.6, 155.9, 155.9, 155.9, 156.5, 156.5, 157.2, 157.2, 158.4, 159.0, 159.0, 158.9, 159.0, 158.9, 158.3, 159.6, 158.4, 158.9, 158.3, 157.7, 157.7, 158.4, 158.4, 157.7, 158.4, 157.1, 158.9, 159.6, 160.9, 160.2, 160.2, 159.6, 159.6, 159.6, 159.6, 160.9, 160.2, 160.2, 160.2, 158.9, 160.2, 160.2, 160.2, 158.9, 160.2, 160.2, 160.2, 160.3, 160.2, 160.9, 160.9, 160.9, 160.9, 160.2, 160.9, 160.9, 160.9, 160.9, 160.2, 160.2, 160.2, 160.9, 160.2, 160.2, 160.2, 160.2, 160.2, 160.2, 160.3, 160.9, 160.9, 160.3, 160.9, 160.2, 160.2, 160.2]"
18,"[159.7, 158.4, 157.7, 157.6, 157.7, 158.3, 157.6, 157.7, 157.7, 157.8, 157.1, 158.3, 158.3, 158.4, 158.4, 158.4, 158.4, 157.7, 157.7, 158.3, 159.0, 159.0, 158.4, 159.0, 159.0, 158.4, 158.3, 158.4, 157.7, 157.7, 158.3, 158.4, 158.3, 158.9, 157.7, 158.4, 157.7, 158.4, 158.3, 157.7, 158.3, 158.4, 157.7, 158.9, 158.3, 157.7, 158.3, 157.7, 158.3, 157.7, 157.7, 158.3, 158.3, 157.7, 158.3, 158.4, 157.7, 158.4, 157.8, 157.7, 157.1, 158.3, 157.7, 158.3, 158.3, 157.0, 157.8, 157.2, 158.3, 158.4, 157.7, 158.4, 157.7, 158.3, 158.4, 158.3, 158.9, 157.7, 157.7, 157.1, 157.7, 157.7, 157.7, 157.7, 157.7, 157.7, 158.4, 157.7, 157.7, 157.0, 157.7, 157.7, 157.1, 157.7, 157.7, 157.1, 157.7, 157.1, 157.1, 157.1, 157.1, 157.1, 156.5, 157.1, 156.5, 156.5, 156.4, 157.1, 156.5, 156.5, 157.1, 156.5, 157.1, 156.5, 156.5, 157.1, 156.4, 157.1, 156.5, 157.1, 157.1, 157.1, 157.1, 157.1, 157.1, 156.5, 157.1, 157.2, 156.5, 156.5, 157.1, 157.2, 156.5, 155.9, 155.9, 155.9, 155.2, 154.5, 154.6, 154.5, 153.9, 154.6, 153.9, 154.5, 153.8, 154.5, 153.3, 153.9, 153.9, 153.9, 154.5, 155.3, 157.8, 157.8, 157.8, 157.8, 156.5, 155.9, 155.4, 154.7, 154.0, 153.3, 153.2, 152.7, 152.0, 152.0, 152.7, 151.8, 152.0, 151.3, 151.4, 151.4, 151.3, 150.7, 150.7, 151.3, 151.3, 150.7, 150.7, 150.7, 150.7, 150.1, 150.7, 150.7, 150.1, 150.7, 150.7, 150.1, 150.7, 150.1, 150.8, 150.8, 150.1, 150.2, 150.2, 150.1, 150.1, 150.1, 150.1, 150.1, 150.1, 149.5, 148.9, 150.1, 150.8, 151.4, 153.4, 152.7, 154.1, 154.3, 152.3, 153.0, 152.8, 151.5, 152.2, 151.4, 151.4, 151.4, 151.4, 150.1, 150.8, 150.8, 149.9, 150.7, 150.1, 150.1, 150.2, 150.1, 150.7, 149.5, 149.5, 150.1, 150.1, 150.1, 150.2, 150.1, 150.7, 150.8, 149.5, 150.1, 149.5, 149.6, 149.6, 150.2, 149.5, 149.5, 150.2, 149.6, 149.7, 149.6, 150.1, 149.6, 149.6, 149.6, 149.6, 150.2, 150.2, 150.2, 149.6, 149.7, 149.6, 149.6, 150.2, 149.5, 150.9, 150.2, 149.6, 149.5, 150.1, 150.2, 150.2, 150.2, 149.5, 148.9, 150.2, 149.5, 149.5, 149.6, 149.0, 150.1, 149.5, 150.2, 149.6, 150.3, 150.2, 150.3, 150.9, 150.5, 149.7, 150.3, 149.7, 150.3, 149.6, 150.3, 150.3, 150.3, 149.7, 149.1, 149.6, 150.3, 149.7, 149.7, 150.5, 150.2, 150.3, 150.9, 150.5, 150.3, 150.3, 150.3, 149.6, 150.3, 150.2, 149.6, 149.6, 149.6, 150.2, 149.6, 150.3, 150.3, 149.7, 150.3, 149.6, 149.0, 150.3, 148.9, 150.2, 150.9, 150.2, 150.2, 150.3, 149.6, 150.1, 149.9, 149.9, 150.3, 150.3, 149.7, 149.6, 150.8, 150.5, 151.1, 151.1, 150.3, 149.7, 150.5, 150.3, 150.2, 149.3, 150.4, 150.4, 150.4, 150.3, 149.8, 149.8, 149.9, 149.9, 149.2, 150.1, 149.3, 149.3, 149.5, 150.1, 149.5, 149.0, 149.6, 149.6, 149.6, 149.0, 149.6, 149.6, 148.9, 148.9, 148.9, 149.5, 148.7, 149.5, 149.5, 148.9, 149.5, 149.5, 149.6, 149.0, 148.9, 148.9, 148.9, 148.9, 148.7, 149.1, 149.0, 149.0, 148.1, 148.4, 149.7, 148.4, 148.2, 149.1, 149.0, 149.0, 149.6, 148.4, 149.6, 149.0, 148.4, 148.4, 149.0, 149.0, 148.4, 149.6, 149.0, 148.5, 149.0, 149.0, 148.5, 149.1, 149.0, 149.6, 149.1, 149.0, 148.4, 148.4, 149.1, 149.1, 149.1, 149.0, 149.1, 149.1, 149.0, 149.1, 149.7, 149.6, 149.6, 149.1, 149.0, 148.4, 149.1, 149.7, 149.7, 149.6, 149.0, 149.6, 149.6, 149.1, 150.3, 149.6, 150.3, 149.6, 150.2, 150.2, 150.8, 150.8, 150.2, 150.6, 150.6, 150.7, 150.6, 150.4, 151.1, 151.1, 150.4, 151.7, 152.5, 151.1, 151.1, 151.2, 151.1, 151.2, 151.2, 151.3, 150.6, 151.9, 151.2, 151.1, 151.1, 151.2, 151.3, 151.3, 152.7, 152.0, 152.0, 152.0, 151.4, 151.3, 151.3, 152.0, 151.9, 153.0, 153.1, 151.7, 152.5, 153.2, 151.9, 153.1, 153.8, 152.5, 153.7, 154.4, 155.0, 155.8, 155.0, 154.3, 155.7, 155.6, 155.1, 155.7, 155.1, 155.0, 155.8, 155.0, 155.0, 156.4, 155.7, 155.7, 156.4, 155.7, 155.8, 155.7, 155.1, 155.6, 156.4, 156.4, 157.0, 155.7, 156.4, 156.9, 156.4, 157.7, 157.6, 157.0, 158.9, 157.6, 157.6, 158.2, 158.9, 158.9, 158.9, 158.9, 158.9, 157.6, 159.0, 159.0, 159.0, 158.9, 159.0, 158.4, 160.2, 160.2, 159.6, 160.2, 159.6, 159.6, 159.6, 159.6, 159.6, 159.6, 159.6, 159.6, 159.6, 159.6, 159.6, 160.2, 158.9, 159.6, 159.6, 159.6, 160.2, 160.2, 160.8, 160.2, 160.8, 160.8, 160.8, 160.2, 160.2, 160.2, 160.9, 160.2, 160.2, 160.8, 160.2, 160.2, 160.2, 160.2, 160.2, 160.2, 161.5, 160.8, 160.8, 160.8, 162.1, 161.5, 161.5, 161.5, 161.5, 161.5, 161.5, 161.5, 161.5, 161.5, 161.5]"
18,"[156.2, 153.6, 152.9, 152.7, 153.2, 152.7, 152.7, 152.2, 152.2, 152.8, 152.2, 152.2, 152.2, 152.2, 152.8, 152.2, 152.2, 152.2, 152.2, 152.2, 152.2, 152.2, 152.9, 152.2, 152.2, 152.2, 152.2, 152.0, 152.0, 152.0, 151.4, 152.2, 152.2, 152.2, 152.2, 152.2, 152.0, 152.8, 152.8, 152.8, 152.9, 152.8, 152.3, 151.5, 152.8, 152.2, 152.2, 152.2, 152.2, 152.2, 152.2, 152.2, 152.8, 152.2, 152.2, 152.2, 152.2, 152.2, 152.2, 152.2, 152.9, 152.8, 152.2, 152.2, 152.7, 152.9, 152.2, 152.8, 152.8, 152.8, 152.0, 151.5, 151.5, 152.2, 153.5, 152.8, 152.8, 152.9, 152.3, 152.2, 152.2, 152.0, 152.2, 152.8, 152.2, 152.2, 151.4, 152.2, 152.9, 152.2, 152.8, 152.2, 152.2, 152.2, 152.8, 152.2, 152.0, 152.2, 152.0, 152.2, 151.4, 152.9, 152.9, 152.8, 151.5, 152.8, 151.5, 152.2, 152.8, 152.8, 152.0, 152.2, 152.8, 152.8, 152.2, 152.2, 152.8, 152.2, 152.2, 152.8, 152.2, 152.8, 152.2, 152.2, 152.8, 152.9, 152.8, 152.3, 152.9, 152.2, 152.8, 152.8, 152.2, 153.5, 152.9, 152.8, 152.8, 152.9, 152.8, 152.2, 152.8, 152.8, 152.7, 152.7, 151.9, 152.7, 152.7, 152.7, 154.7, 156.0, 157.7, 158.4, 157.8, 158.4, 157.8, 157.2, 156.5, 155.2, 154.6, 155.3, 154.6, 154.0, 152.8, 152.8, 153.4, 152.7, 152.0, 152.0, 150.8, 151.4, 151.3, 150.9, 151.3, 151.3, 150.1, 150.7, 150.7, 150.8, 150.7, 150.7, 150.7, 150.1, 150.1, 150.7, 149.5, 150.1, 150.1, 150.1, 150.7, 150.2, 150.7, 150.1, 150.6, 150.1, 150.2, 150.7, 150.7, 150.2, 150.1, 150.1, 150.8, 150.2, 150.8, 150.8, 150.2, 150.2, 150.2, 150.7, 150.2, 150.2, 150.2, 150.2, 150.8, 150.9, 152.9, 154.2, 156.1, 156.1, 156.0, 156.1, 155.4, 155.5, 155.5, 154.3, 154.8, 154.2, 154.8, 153.6, 153.6, 153.5, 152.9, 151.4, 151.5, 151.5, 151.5, 151.4, 150.9, 150.8, 151.5, 151.1, 150.8, 150.8, 150.9, 150.2, 150.2, 150.8, 150.2, 149.6, 150.2, 149.7, 150.3, 150.2, 150.2, 150.8, 149.6, 150.2, 150.2, 150.2, 150.3, 150.2, 149.6, 150.2, 149.7, 149.6, 149.7, 149.0, 149.0, 149.0, 149.6, 149.6, 150.2, 149.0, 149.7, 150.3, 149.7, 149.7, 150.2, 149.7, 149.7, 150.3, 149.7, 150.9, 149.7, 150.9, 149.7, 149.0, 150.3, 150.3, 149.7, 149.0, 149.7, 149.6, 149.7, 149.6, 150.3, 149.1, 149.1, 149.7, 149.7, 148.9, 149.7, 149.0, 149.0, 149.7, 149.7, 148.5, 149.6, 149.6, 148.2, 148.5, 149.7, 149.0, 149.1, 149.6, 149.1, 149.6, 149.0, 149.0, 148.4, 149.7, 149.7, 149.0, 149.1, 149.1, 149.1, 149.1, 149.0, 149.0, 148.4, 148.9, 149.0, 149.1, 148.4, 149.1, 149.1, 148.4, 148.2, 148.4, 148.5, 148.4, 149.0, 148.4, 149.0, 148.4, 148.5, 148.4, 148.4, 148.4, 148.2, 148.2, 148.4, 148.4, 148.2, 148.4, 148.4, 149.0, 148.5, 148.4, 148.4, 148.4, 149.1, 149.0, 148.4, 148.5, 149.0, 148.4, 149.1, 149.1, 149.1, 148.4, 149.1, 149.7, 149.7, 148.5, 149.1, 149.0, 148.4, 149.0, 149.9, 149.6, 149.1, 149.1, 149.1, 149.1, 149.0, 149.7, 149.0, 149.1, 149.1, 148.4, 147.8, 149.0, 149.0, 149.0, 148.4, 149.0, 149.1, 148.4, 148.4, 148.5, 148.4, 148.2, 148.5, 148.4, 148.4, 148.2, 148.4, 148.4, 148.5, 149.1, 149.1, 149.0, 148.5, 149.0, 149.1, 148.5, 149.0, 149.1, 149.0, 149.1, 148.4, 149.0, 148.4, 149.3, 149.0, 148.5, 149.0, 149.1, 149.0, 148.4, 149.1, 148.5, 149.0, 149.1, 149.1, 149.3, 149.1, 149.0, 149.1, 148.4, 148.5, 148.5, 149.1, 149.1, 149.3, 149.1, 150.5, 149.7, 149.1, 149.3, 148.5, 149.7, 149.9, 149.1, 149.9, 148.5, 149.7, 149.7, 149.7, 149.1, 149.7, 149.1, 148.5, 149.1, 148.5, 148.5, 148.5, 148.5, 148.5, 149.7, 148.5, 148.5, 149.1, 149.9, 149.7, 149.1, 148.5, 150.3, 149.0, 149.0, 148.4, 149.1, 148.5, 148.5, 149.1, 149.7, 149.7, 149.7, 149.9, 149.7, 149.7, 150.5, 149.7, 149.1, 149.7, 149.1, 150.5, 149.9, 149.3, 149.1, 149.9, 150.5, 149.1, 149.0, 148.5, 149.0, 148.9, 149.7, 149.0, 149.0, 149.0, 149.1, 149.1, 149.7, 149.1, 150.3, 150.8, 149.0, 149.6, 149.6, 150.9, 149.7, 149.0, 149.6, 149.6, 150.2, 150.3, 149.0, 149.7, 150.3, 150.2, 149.0, 149.0, 148.9, 149.0, 149.6, 149.6, 149.0, 150.3, 150.9, 150.2, 150.2, 149.7, 150.9, 149.0, 150.3, 149.6, 149.7, 150.3, 149.7, 150.3, 149.7, 149.6, 149.7, 149.6, 150.9, 149.9, 151.1, 151.1, 149.7, 149.6, 150.3, 149.6, 149.7, 150.3, 150.3, 149.6, 150.2, 150.3, 150.3, 150.3, 151.1, 151.1, 150.5, 150.5, 150.9, 150.1, 150.2, 150.2, 150.1, 149.5, 150.1, 150.8, 150.7, 150.7, 150.9, 150.9, 150.7, 150.2, 150.2, 150.8, 150.7, 150.8, 150.7, 150.9, 150.8, 150.9, 150.9, 150.8, 150.8]"
18,"[153.2, 151.2, 151.9, 150.9, 151.1, 150.9, 150.8, 151.1, 151.7, 151.1, 151.1, 151.1, 150.3, 151.1, 151.2, 150.8, 151.1, 151.8, 151.1, 151.1, 150.5, 151.1, 151.1, 151.1, 151.8, 151.2, 152.3, 151.1, 151.1, 151.1, 151.2, 151.2, 151.7, 151.1, 151.8, 151.2, 151.1, 151.7, 151.2, 151.2, 151.2, 151.8, 151.2, 151.7, 151.8, 151.7, 151.1, 151.8, 151.1, 151.1, 151.2, 151.2, 151.1, 151.1, 151.8, 151.7, 151.1, 151.1, 151.1, 150.5, 151.1, 150.5, 150.9, 151.1, 151.8, 150.5, 151.1, 151.1, 151.1, 151.2, 151.2, 151.2, 150.9, 151.2, 151.1, 150.5, 151.1, 151.7, 150.5, 151.1, 151.1, 152.4, 151.9, 152.4, 151.8, 151.7, 150.5, 151.1, 151.1, 151.7, 151.1, 151.1, 151.1, 151.2, 150.5, 151.1, 151.1, 151.1, 151.7, 150.5, 151.8, 151.7, 150.3, 150.5, 150.9, 151.8, 150.5, 151.2, 151.3, 151.8, 151.2, 151.1, 151.1, 150.3, 151.1, 150.9, 150.5, 150.9, 150.3, 151.7, 151.1, 151.1, 151.8, 151.7, 151.8, 152.4, 152.4, 151.2, 151.7, 151.7, 151.1, 150.9, 150.9, 151.5, 150.2, 150.2, 150.2, 150.8, 150.2, 150.2, 150.2, 150.9, 151.8, 150.3, 151.1, 150.5, 151.1, 151.1, 150.2, 150.9, 150.9, 151.5, 150.9, 150.9, 150.9, 150.9, 150.9, 150.3, 150.3, 150.9, 151.5, 151.5, 149.7, 150.3, 150.9, 150.2, 150.9, 150.3, 151.1, 150.9, 151.1, 150.9, 150.9, 150.9, 151.1, 151.2, 151.1, 150.9, 151.7, 151.9, 151.2, 152.5, 151.8, 152.5, 151.2, 150.9, 151.1, 151.1, 151.1, 152.3, 151.7, 151.9, 151.2, 150.6, 151.1, 151.8, 151.3, 151.9, 151.9, 151.8, 151.2, 151.8, 151.3, 151.1, 151.7, 151.1, 150.3, 151.8, 151.1, 151.1, 151.2, 151.1, 151.1, 151.1, 150.6, 151.2, 151.2, 151.1, 151.2, 150.5, 150.5, 150.5, 151.2, 150.9, 151.8, 150.6, 151.2, 150.5, 151.1, 151.1, 152.4, 151.8, 150.5, 151.2, 150.6, 151.8, 150.9, 151.2, 151.1, 150.5, 150.5, 151.2, 151.1, 151.9, 151.2, 150.3, 151.2, 149.7, 150.5, 151.2, 150.5, 149.7, 149.7, 150.5, 151.2, 151.9, 151.2, 151.2, 151.8, 151.2, 151.1, 152.4, 151.1, 151.2, 151.2, 151.1, 150.5, 150.3, 151.2, 150.5, 150.6, 151.2, 151.2, 151.1, 151.2, 150.6, 150.3, 150.6, 151.2, 151.2, 152.5, 154.3, 156.0, 157.3, 156.0, 156.0, 155.6, 155.5, 155.0, 155.6, 155.6, 155.1, 155.0, 154.9, 154.3, 153.7, 154.9, 153.7, 153.7, 153.7, 153.7, 153.2, 153.1, 152.4, 152.4, 153.6, 152.4, 151.9, 151.8, 152.4, 152.9, 152.4, 151.7, 152.4, 152.4, 151.8, 151.7, 151.1, 151.2, 151.1, 151.1, 151.1, 150.5, 150.3, 150.5, 149.7, 150.5, 150.3, 150.5, 151.1, 150.3, 151.7, 149.9, 151.7, 149.7, 149.7, 150.9, 149.7, 151.2, 149.7, 150.5, 150.3, 151.2, 150.6, 150.6, 150.5, 149.9, 150.5, 149.4, 150.6, 150.5, 149.9, 150.0, 150.5, 151.2, 150.5, 150.0, 150.5, 149.7, 150.3, 149.7, 149.1, 149.7, 149.9, 150.5, 149.3, 149.9, 149.9, 151.1, 149.7, 150.3, 150.6, 150.6, 150.3, 150.5, 150.5, 150.3, 150.9, 150.3, 149.6, 150.0, 150.3, 149.9, 149.1, 149.7, 149.7, 149.9, 150.5, 149.7, 149.7, 149.7, 150.3, 149.9, 150.3, 151.1, 150.5, 149.7, 149.7, 151.1, 149.7, 149.7, 150.3, 149.3, 149.9, 149.7, 149.1, 150.5, 149.9, 149.7, 149.9, 149.7, 149.7, 150.5, 149.9, 150.3, 150.3, 150.6, 150.5, 149.9, 150.0, 149.9, 150.5, 150.5, 150.5, 150.5, 150.5, 149.9, 150.5, 150.6, 149.9, 149.9, 149.7, 149.1, 149.9, 151.1, 150.5, 151.1, 151.1, 151.2, 151.8, 151.1, 151.2, 151.2, 151.8, 151.9, 151.3, 151.1, 151.2, 151.7, 151.1, 151.1, 151.8, 151.1, 151.2, 150.5, 151.2, 152.4, 151.8, 151.3, 152.5, 153.1, 152.6, 153.1, 152.6, 153.1, 153.0, 152.4, 152.3, 152.9, 152.9, 154.2, 152.4, 152.4, 153.0, 152.9, 152.2, 152.9, 151.5, 152.2, 152.2, 151.5, 152.8, 152.2, 152.0, 152.0, 152.2, 151.5, 151.4, 151.5, 151.5, 152.2, 151.4, 150.8, 150.8, 150.8, 152.2, 151.4, 151.4, 151.4, 151.4, 152.2, 151.5, 150.9, 151.4, 152.0, 152.2, 151.5, 151.5, 151.4, 151.4, 152.0, 152.0, 152.2, 152.0, 150.8, 151.5, 152.0, 151.5, 152.2, 152.3, 152.2, 152.0, 152.3, 151.7, 152.3, 152.2, 151.5, 151.5, 151.4, 152.2, 152.2, 152.2, 152.8, 152.3, 153.0, 152.3, 152.3, 152.3, 151.7, 152.2, 152.3, 152.2, 151.5, 152.3, 152.4, 152.4, 153.0, 153.0, 152.3, 152.3, 152.3, 153.0, 152.3, 152.3, 152.3, 153.0, 152.4, 153.0, 153.0, 153.0, 153.0, 152.4, 152.2, 152.2, 152.3, 151.5, 152.3, 152.2, 152.3, 152.2, 152.3, 152.2, 152.2, 152.0, 152.0, 152.3, 152.2, 151.5, 151.4, 152.0, 152.2, 152.3, 152.0, 151.4, 152.2, 152.0, 152.0, 152.0, 151.9, 152.0, 152.0, 152.0, 151.5, 151.5, 152.2, 152.0, 151.4, 151.4, 151.7, 152.3]"
18,"[155.6, 153.7, 153.1, 152.3, 151.7, 152.3, 152.0, 152.4, 153.6, 151.7, 152.3, 152.3, 151.5, 152.3, 152.4, 152.9, 152.3, 152.2, 151.5, 151.5, 151.5, 151.5, 152.2, 151.7, 152.2, 152.3, 151.7, 151.5, 151.7, 152.2, 152.3, 152.3, 152.3, 151.7, 152.3, 152.3, 151.7, 152.3, 152.9, 152.4, 152.3, 152.2, 152.3, 152.9, 152.2, 152.9, 152.3, 152.3, 152.3, 151.7, 152.3, 152.9, 152.9, 151.1, 151.5, 152.8, 151.7, 152.3, 151.8, 152.2, 152.9, 151.7, 152.3, 152.4, 152.4, 153.0, 153.0, 151.7, 152.3, 151.7, 152.2, 151.7, 152.2, 152.2, 151.7, 152.2, 152.9, 152.9, 151.7, 152.2, 152.9, 152.3, 152.9, 152.3, 151.7, 151.7, 152.3, 153.0, 152.3, 152.3, 151.5, 153.0, 152.9, 151.5, 152.3, 151.5, 153.0, 152.3, 153.0, 152.4, 152.3, 152.3, 153.0, 152.2, 153.0, 152.4, 152.4, 152.3, 153.0, 152.3, 152.3, 152.3, 152.3, 152.3, 152.4, 152.3, 152.3, 152.9, 152.4, 152.3, 152.4, 153.0, 152.3, 152.5, 153.1, 153.6, 153.0, 152.9, 152.9, 152.9, 152.8, 152.9, 153.0, 152.4, 152.9, 152.3, 152.3, 152.4, 152.3, 152.2, 152.9, 152.9, 152.8, 152.4, 152.7, 152.2, 152.2, 152.0, 152.2, 152.2, 152.2, 152.3, 151.5, 152.9, 152.3, 151.7, 151.7, 152.3, 150.9, 151.5, 151.5, 152.2, 152.2, 150.8, 151.7, 152.2, 151.5, 152.2, 152.2, 152.3, 152.2, 152.3, 153.0, 153.6, 153.0, 153.0, 153.0, 153.0, 152.9, 153.7, 154.2, 153.6, 153.7, 153.6, 153.1, 153.7, 153.1, 153.0, 152.4, 153.0, 152.9, 152.4, 152.4, 152.3, 152.4, 152.5, 152.5, 151.8, 151.8, 152.5, 152.5, 152.4, 151.9, 152.4, 151.9, 151.7, 152.4, 152.4, 152.4, 152.9, 152.4, 152.3, 152.3, 152.3, 153.1, 153.7, 154.4, 155.5, 156.1, 156.7, 156.7, 156.7, 156.7, 156.1, 155.5, 155.5, 155.5, 154.9, 154.3, 154.3, 154.3, 154.3, 154.3, 153.0, 153.6, 153.7, 152.4, 152.5, 151.7, 152.5, 152.4, 152.3, 152.4, 153.0, 153.1, 152.3, 153.0, 152.4, 152.4, 152.5, 152.4, 153.0, 153.0, 152.4, 153.0, 152.4, 153.0, 152.6, 153.0, 153.1, 153.0, 152.5, 152.5, 153.1, 153.1, 153.1, 153.1, 153.2, 153.1, 153.0, 153.1, 153.0, 152.5, 153.0, 153.1, 153.1, 153.0, 152.5, 153.0, 153.1, 153.1, 153.7, 152.5, 153.1, 152.5, 153.1, 151.9, 153.2, 152.5, 152.5, 153.2, 153.1, 152.6, 152.6, 152.6, 152.6, 152.5, 152.6, 152.5, 152.4, 151.9, 152.5, 153.2, 152.6, 153.2, 152.6, 152.6, 153.2, 153.2, 153.2, 152.5, 151.5, 150.6, 151.7, 152.5, 152.5, 152.5, 151.9, 151.3, 150.8, 151.4, 151.4, 150.8, 151.4, 150.8, 151.4, 152.0, 151.4, 152.2, 152.2, 151.5, 151.5, 151.7, 151.7, 151.4, 151.7, 151.5, 151.7, 151.1, 151.1, 151.7, 151.7, 152.3, 152.3, 152.3, 151.9, 152.4, 152.5, 152.4, 152.4, 152.5, 152.5, 151.8, 152.4, 152.4, 152.4, 150.8, 151.2, 153.0, 153.5, 152.3, 153.0, 152.3, 151.7, 151.3, 151.5, 151.4, 151.5, 151.5, 151.7, 151.7, 151.7, 152.3, 152.4, 153.1, 152.3, 151.8, 152.3, 152.4, 152.3, 151.8, 151.7, 151.7, 151.8, 151.7, 152.4, 151.7, 151.1, 151.7, 153.0, 152.4, 151.5, 152.3, 151.8, 152.3, 151.8, 152.4, 151.7, 152.3, 151.7, 152.3, 152.3, 152.3, 152.3, 152.4, 152.3, 151.8, 152.2, 152.3, 152.4, 151.8, 152.4, 151.8, 151.7, 152.3, 152.3, 151.8, 153.0, 153.0, 152.4, 153.0, 152.4, 152.4, 152.4, 151.8, 152.3, 152.9, 151.8, 151.7, 152.2, 152.3, 152.4, 152.5, 151.9, 152.5, 152.4, 153.0, 153.0, 152.4, 152.5, 152.4, 153.1, 152.4, 152.6, 153.0, 152.5, 152.5, 152.5, 152.4, 153.0, 153.2, 152.6, 152.4, 153.0, 152.4, 152.4, 152.5, 152.3, 152.5, 152.3, 152.3, 152.3, 151.8, 153.0, 153.0, 151.8, 151.8, 153.1, 153.0, 153.0, 153.0, 153.7, 153.0, 153.6, 153.6, 153.0, 152.5, 153.1, 152.4, 152.9, 152.3, 152.3, 152.3, 151.1, 152.3, 152.3, 152.2, 152.0, 152.9, 152.9, 152.2, 152.2, 152.2, 152.2, 151.9, 152.2, 152.0, 152.0, 152.0, 152.2, 152.2, 152.7, 152.8, 152.0, 152.2, 152.0, 151.4, 152.0, 152.3, 152.3, 152.9, 152.3, 152.4, 152.3, 152.9, 153.5, 151.5, 152.2, 152.2, 151.5, 151.5, 152.0, 152.2, 152.7, 152.0, 152.3, 152.2, 151.5, 152.2, 151.5, 151.5, 151.5, 152.3, 152.9, 152.9, 152.3, 152.3, 152.4, 152.9, 153.0, 153.0, 153.5, 152.3, 152.8, 152.2, 152.2, 152.3, 152.8, 152.9, 152.9, 153.0, 152.9, 152.3, 152.3, 152.9, 152.3, 152.9, 152.3, 152.9, 152.9, 152.2, 152.9, 152.8, 152.9, 153.0, 152.9, 153.6, 153.6, 152.9, 152.9, 153.0, 152.3, 152.8, 152.9, 152.8, 152.8, 152.9, 152.9, 152.3, 152.9, 153.5, 153.6, 152.9, 154.1, 152.8, 152.9, 152.0, 152.8, 152.9, 152.8, 153.5, 152.9, 152.9, 152.8, 153.5, 152.9, 152.9, 153.0, 153.5, 153.0]"
18,"[153.3, 151.9, 151.2, 151.7, 151.7, 152.4, 151.5, 153.1, 153.0, 153.1, 152.4, 153.1, 151.8, 151.8, 152.3, 151.7, 152.3, 151.7, 152.4, 151.8, 152.4, 152.4, 153.0, 152.4, 152.4, 151.7, 151.8, 152.3, 152.4, 152.3, 152.4, 153.0, 151.9, 152.4, 152.4, 152.4, 153.0, 151.8, 152.4, 152.4, 152.3, 152.5, 152.4, 152.4, 152.4, 152.4, 151.5, 151.7, 151.8, 152.3, 152.3, 152.3, 151.2, 151.7, 151.7, 152.3, 151.8, 151.7, 152.3, 151.8, 152.3, 151.8, 152.3, 152.3, 152.4, 153.1, 153.0, 152.4, 151.8, 152.4, 153.0, 152.4, 152.4, 152.4, 152.4, 151.8, 151.8, 152.4, 152.4, 153.0, 151.8, 152.4, 152.4, 152.4, 152.4, 151.8, 152.3, 152.4, 152.4, 152.4, 152.4, 153.0, 152.4, 153.0, 152.5, 153.1, 153.0, 152.4, 152.5, 153.1, 153.1, 152.4, 153.1, 152.5, 152.4, 152.3, 151.8, 152.4, 152.4, 152.3, 152.3, 152.5, 152.4, 152.4, 151.8, 152.3, 152.3, 151.7, 151.8, 151.7, 152.4, 151.8, 152.3, 152.4, 152.3, 151.7, 151.8, 152.3, 152.4, 152.4, 153.0, 152.4, 153.2, 152.5, 151.8, 151.7, 151.7, 152.3, 151.8, 151.8, 152.3, 152.4, 152.4, 151.7, 150.9, 152.2, 151.7, 151.4, 150.9, 151.5, 152.3, 151.7, 151.7, 151.7, 151.5, 151.9, 151.7, 151.5, 150.9, 151.2, 151.7, 151.8, 152.3, 151.8, 152.9, 152.3, 152.3, 151.5, 151.7, 151.7, 151.7, 151.8, 151.8, 152.4, 151.7, 152.4, 151.2, 152.5, 152.5, 151.7, 152.4, 153.0, 152.4, 152.4, 153.0, 151.8, 152.4, 152.5, 152.4, 151.8, 152.4, 152.4, 152.4, 152.4, 152.5, 151.8, 151.8, 151.1, 151.7, 151.1, 151.8, 151.2, 151.7, 151.7, 151.2, 151.8, 151.8, 151.9, 151.9, 151.8, 151.8, 152.4, 151.8, 152.5, 151.9, 151.8, 151.8, 152.4, 151.8, 152.5, 151.8, 151.8, 151.8, 151.1, 151.8, 151.2, 151.8, 151.1, 151.9, 151.2, 152.5, 151.9, 152.5, 151.8, 150.7, 151.2, 151.1, 151.7, 151.7, 151.8, 151.7, 151.2, 151.2, 151.2, 150.6, 150.7, 150.7, 152.2, 150.9, 151.4, 150.7, 151.4, 150.8, 150.9, 150.7, 150.9, 150.8, 150.9, 150.8, 150.9, 150.9, 150.9, 150.2, 150.8, 150.2, 151.4, 150.9, 150.8, 151.5, 150.9, 151.4, 151.2, 151.7, 153.6, 152.3, 153.1, 153.1, 151.8, 151.3, 151.4, 150.9, 151.5, 151.5, 151.4, 150.8, 151.4, 151.4, 151.4, 151.4, 150.9, 150.9, 152.2, 152.2, 152.2, 152.2, 151.5, 151.7, 152.3, 151.1, 152.3, 151.8, 152.3, 151.8, 152.3, 153.0, 152.3, 152.4, 152.4, 152.9, 152.4, 152.2, 151.3, 152.5, 152.5, 153.0, 153.1, 153.1, 152.6, 151.3, 151.2, 150.8, 151.4, 150.8, 151.5, 151.5, 151.5, 151.5, 151.7, 151.7, 152.3, 152.3, 152.3, 152.4, 152.4, 152.4, 152.4, 152.3, 152.4, 152.4, 151.8, 152.3, 152.9, 152.4, 152.4, 151.8, 153.0, 152.4, 151.8, 152.4, 152.4, 152.3, 151.8, 151.5, 150.7, 152.5, 152.5, 152.6, 153.1, 152.5, 152.5, 152.3, 152.5, 152.6, 152.5, 151.8, 151.4, 152.0, 152.3, 152.8, 152.9, 151.7, 151.7, 151.7, 152.3, 152.3, 152.4, 152.9, 152.3, 153.0, 152.4, 153.0, 152.4, 153.0, 153.1, 152.4, 152.4, 153.0, 152.5, 153.0, 152.4, 153.0, 153.1, 152.4, 152.5, 152.5, 153.1, 152.4, 152.4, 153.0, 152.4, 152.4, 152.4, 152.4, 152.4, 153.1, 153.1, 153.1, 153.0, 153.1, 153.0, 153.0, 152.3, 152.4, 152.4, 152.4, 153.0, 152.5, 153.2, 152.6, 151.8, 152.4, 152.6, 151.8, 151.8, 151.7, 151.8, 151.1, 151.7, 151.7, 151.7, 152.3, 151.8, 151.8, 152.4, 152.4, 152.4, 152.5, 152.5, 152.4, 151.9, 153.1, 153.1, 152.5, 152.5, 152.0, 153.1, 152.5, 151.8, 151.1, 152.4, 152.4, 152.5, 153.0, 152.5, 152.5, 152.5, 153.2, 152.5, 153.2, 153.1, 153.1, 152.5, 152.6, 152.5, 152.4, 152.5, 152.5, 152.6, 153.1, 153.2, 152.5, 152.7, 153.2, 152.5, 152.7, 153.2, 153.1, 153.2, 153.1, 152.5, 152.4, 153.2, 153.2, 153.1, 153.2, 153.2, 153.1, 153.2, 153.1, 153.2, 153.0, 152.4, 153.0, 152.4, 153.2, 153.2, 153.1, 152.5, 153.2, 153.2, 152.5, 152.6, 153.2, 152.6, 153.1, 152.6, 153.2, 152.4, 153.2, 152.5, 152.6, 153.2, 153.2, 153.1, 153.1, 151.9, 152.5, 152.5, 152.5, 152.4, 152.3, 153.0, 153.0, 152.4, 153.0, 153.0, 151.7, 153.0, 153.0, 152.3, 151.5, 152.8, 151.5, 151.5, 152.2, 151.5, 151.5, 151.5, 152.9, 151.7, 152.2, 152.2, 152.4, 151.7, 152.3, 152.3, 152.3, 150.9, 151.5, 151.5, 152.2, 152.4, 151.7, 152.2, 151.7, 151.7, 151.7, 152.3, 152.3, 152.3, 153.0, 152.3, 152.3, 152.9, 152.3, 152.4, 152.9, 151.5, 153.0, 153.0, 153.1, 151.7, 152.4, 152.4, 152.4, 152.4, 152.4, 152.3, 152.9, 152.3, 151.7, 151.8, 152.3, 152.9, 152.4, 152.4, 152.4, 152.3, 153.0, 152.3, 153.0, 153.0, 152.4, 152.3, 153.0, 153.0, 152.4, 152.5, 153.0, 152.3]"
18,"[152.7, 153.2, 152.7, 152.9, 151.5, 153.1, 152.4, 153.1, 153.7, 153.1, 152.4, 153.1, 153.1, 153.8, 153.0, 153.1, 153.1, 153.1, 153.1, 153.7, 153.1, 153.0, 153.1, 153.1, 153.1, 153.0, 152.5, 153.1, 152.4, 152.5, 152.5, 153.0, 152.4, 153.1, 153.1, 153.1, 152.4, 153.0, 153.1, 153.1, 153.0, 153.1, 153.0, 153.7, 153.0, 153.0, 153.1, 152.5, 153.1, 153.1, 153.1, 152.4, 152.4, 152.5, 153.0, 153.1, 153.1, 153.2, 153.1, 153.1, 153.1, 153.0, 153.0, 153.1, 151.5, 153.0, 153.1, 153.0, 152.5, 152.4, 152.5, 152.5, 152.3, 153.0, 153.0, 152.5, 152.3, 152.3, 152.4, 152.3, 152.3, 152.3, 151.8, 153.0, 152.4, 152.4, 152.4, 153.1, 152.9, 152.4, 152.4, 152.4, 152.4, 152.4, 152.3, 153.0, 152.5, 152.4, 152.4, 152.5, 152.5, 152.4, 152.4, 152.4, 152.5, 152.4, 152.5, 152.3, 152.4, 152.4, 152.3, 151.7, 152.3, 151.7, 152.4, 152.4, 152.3, 153.1, 153.1, 153.1, 152.4, 153.0, 152.4, 152.4, 152.9, 153.1, 152.9, 152.9, 153.0, 152.3, 152.3, 152.3, 153.6, 152.4, 153.1, 152.4, 153.0, 152.4, 152.3, 152.9, 152.3, 153.1, 152.3, 152.3, 152.3, 152.3, 152.4, 152.4, 152.4, 152.5, 151.8, 152.4, 152.5, 153.1, 152.4, 152.4, 152.4, 153.7, 153.0, 153.1, 152.4, 153.0, 153.0, 152.4, 152.3, 152.9, 152.4, 151.7, 153.1, 153.0, 153.2, 152.9, 153.2, 152.5, 153.2, 153.1, 152.4, 152.4, 153.0, 151.8, 152.5, 153.0, 152.4, 152.3, 152.3, 152.4, 153.0, 153.1, 152.5, 153.0, 152.4, 152.5, 151.9, 153.1, 152.4, 152.5, 152.4, 153.0, 152.5, 152.4, 153.2, 152.4, 153.1, 152.5, 152.9, 152.5, 153.1, 153.1, 152.9, 153.1, 153.7, 153.0, 153.1, 153.0, 153.1, 153.0, 153.0, 153.2, 152.5, 153.7, 153.2, 152.5, 152.4, 152.5, 152.5, 152.5, 152.5, 152.5, 153.1, 152.5, 152.4, 152.5, 152.5, 153.0, 151.8, 151.9, 152.6, 152.0, 152.5, 153.2, 153.0, 152.4, 152.4, 151.8, 151.9, 152.5, 151.8, 152.5, 152.5, 152.5, 152.5, 152.5, 152.6, 152.5, 152.5, 152.6, 152.6, 152.5, 152.6, 153.6, 152.6, 152.5, 153.2, 152.6, 152.5, 152.5, 152.6, 153.1, 152.5, 152.5, 150.8, 151.2, 151.2, 151.7, 153.6, 153.5, 154.2, 154.3, 153.8, 153.8, 153.8, 153.3, 153.3, 153.3, 152.6, 152.6, 153.8, 153.8, 151.9, 151.3, 152.7, 152.6, 152.6, 152.0, 151.9, 151.4, 152.2, 152.0, 152.8, 152.2, 152.3, 152.3, 152.3, 152.4, 153.1, 152.5, 152.5, 152.3, 152.4, 152.4, 152.4, 152.0, 153.2, 153.7, 154.3, 153.6, 154.9, 154.4, 153.8, 153.8, 153.2, 152.6, 152.6, 152.0, 152.7, 152.7, 152.8, 152.3, 153.0, 152.3, 153.0, 152.4, 153.0, 152.5, 152.4, 152.4, 152.4, 152.4, 152.4, 153.1, 153.0, 153.0, 152.5, 152.4, 152.4, 153.1, 153.1, 153.1, 152.3, 152.7, 153.8, 155.0, 154.9, 154.8, 155.0, 154.9, 154.4, 154.4, 153.8, 153.8, 153.2, 153.3, 152.8, 152.8, 153.5, 153.6, 153.6, 153.6, 153.6, 153.0, 153.6, 153.0, 152.9, 153.0, 153.0, 153.0, 153.0, 152.9, 153.0, 152.3, 153.0, 153.0, 153.6, 153.0, 153.6, 153.6, 153.6, 154.2, 154.2, 154.2, 154.2, 153.6, 154.2, 154.2, 153.7, 154.2, 154.2, 154.2, 154.2, 153.6, 153.6, 153.7, 154.2, 153.6, 154.2, 153.7, 154.2, 153.7, 154.2, 153.1, 153.6, 153.6, 154.2, 154.3, 153.6, 153.7, 153.7, 153.7, 153.7, 153.1, 153.1, 153.1, 153.7, 153.1, 153.7, 153.6, 153.1, 153.7, 153.1, 153.1, 153.1, 153.1, 153.7, 154.3, 154.3, 153.7, 153.7, 153.1, 153.1, 153.7, 153.7, 153.1, 153.1, 153.1, 153.7, 153.7, 153.7, 153.7, 153.7, 153.1, 153.1, 153.7, 153.7, 153.7, 154.4, 154.3, 153.7, 153.7, 153.7, 154.3, 153.7, 153.7, 154.3, 153.7, 153.7, 153.7, 153.7, 153.7, 154.3, 153.7, 153.7, 153.7, 153.7, 153.1, 153.7, 153.7, 153.7, 153.7, 153.7, 154.3, 153.7, 153.7, 153.7, 153.7, 153.7, 153.7, 153.7, 153.7, 153.7, 153.7, 153.7, 153.7, 153.7, 153.7, 154.3, 153.7, 153.7, 153.7, 153.7, 153.7, 153.7, 154.3, 153.7, 154.3, 153.6, 153.0, 153.6, 153.0, 153.6, 153.6, 153.7, 153.0, 153.7, 153.6, 153.7, 153.6, 154.2, 153.6, 153.7, 153.0, 153.1, 153.0, 153.0, 153.0, 153.7, 153.6, 153.0, 152.9, 152.9, 151.4, 152.2, 152.2, 152.0, 151.4, 153.2, 153.2, 153.8, 153.8, 153.8, 154.5, 153.8, 153.8, 153.9, 154.0, 153.9, 154.0, 154.5, 153.9, 154.0, 154.6, 154.5, 154.0, 154.6, 154.5, 153.9, 154.0, 154.0, 154.0, 154.6, 154.6, 154.6, 154.7, 154.0, 153.9, 154.6, 154.0, 154.0, 154.0, 154.0, 154.0, 154.7, 154.6, 153.4, 154.1, 154.1, 154.7, 154.1, 154.1, 154.1, 154.1, 154.1, 154.1, 153.5, 153.5, 154.2, 153.6, 154.1, 153.5, 154.1, 153.6, 153.5, 153.6, 153.5, 154.1, 154.2, 154.1, 154.2, 153.6, 154.1, 153.6]"
18,"[154.5, 154.9, 153.6, 152.8, 152.9, 153.5, 153.5, 154.2, 153.5, 153.5, 154.2, 152.8, 152.9, 153.6, 153.0, 154.9, 153.5, 154.0, 154.2, 154.2, 154.2, 154.2, 154.2, 153.6, 153.6, 153.0, 152.8, 153.5, 153.6, 154.2, 154.2, 154.2, 153.6, 154.2, 152.9, 154.2, 154.2, 154.2, 153.5, 154.3, 154.8, 153.5, 153.6, 153.6, 153.6, 152.8, 152.8, 153.4, 152.9, 153.5, 152.8, 153.5, 152.8, 152.8, 153.5, 153.6, 152.2, 153.5, 152.9, 154.1, 154.2, 154.2, 152.9, 154.2, 154.1, 153.5, 154.9, 154.1, 154.1, 153.6, 154.2, 155.5, 156.7, 157.8, 158.4, 158.4, 157.8, 157.8, 158.4, 157.8, 157.2, 157.2, 157.2, 157.3, 157.3, 156.7, 156.7, 156.7, 156.7, 156.1, 156.1, 156.7, 156.1, 156.1, 155.5, 156.1, 156.1, 156.1, 155.5, 156.1, 155.5, 155.5, 155.5, 155.5, 155.5, 156.1, 156.1, 155.5, 156.1, 156.1, 156.1, 155.5, 155.5, 156.1, 156.1, 155.6, 155.5, 155.5, 154.8, 155.5, 155.5, 154.3, 155.5, 156.1, 156.7, 155.5, 156.2, 156.1, 156.2, 156.2, 156.1, 155.5, 155.5, 154.9, 154.9, 154.9, 154.9, 154.9, 154.8, 154.9, 154.2, 154.3, 154.2, 154.3, 154.2, 154.3, 154.9, 154.3, 154.2, 154.3, 153.5, 154.9, 154.8, 154.8, 154.8, 154.2, 154.9, 154.9, 155.5, 155.5, 155.5, 155.5, 154.9, 155.5, 154.9, 154.9, 154.9, 154.9, 154.9, 155.5, 154.9, 154.9, 155.5, 154.9, 155.5, 154.8, 154.9, 154.9, 154.9, 154.9, 154.9, 154.9, 154.3, 154.3, 155.5, 154.9, 154.9, 154.3, 154.3, 154.3, 154.3, 154.3, 154.3, 154.9, 154.9, 154.3, 154.3, 154.2, 154.3, 154.3, 154.3, 154.3, 154.3, 154.3, 154.3, 154.9, 154.3, 154.3, 154.2, 153.7, 154.3, 154.3, 154.3, 154.3, 153.6, 154.9, 154.3, 154.3, 154.3, 154.3, 154.3, 154.2, 154.3, 154.3, 153.7, 154.3, 153.7, 154.3, 155.5, 154.3, 154.3, 154.3, 154.3, 154.3, 154.3, 154.3, 154.4, 154.3, 154.9, 154.3, 154.3, 154.9, 154.4, 154.4, 154.9, 154.3, 153.7, 154.3, 154.9, 154.3, 154.9, 154.4, 155.0, 153.7, 153.8, 154.3, 154.3, 153.6, 153.7, 154.3, 154.9, 153.0, 153.6, 153.6, 153.7, 153.7, 153.7, 153.7, 153.1, 153.1, 153.1, 152.4, 153.6, 153.0, 152.8, 152.6, 153.1, 153.8, 154.4, 153.7, 153.8, 153.8, 153.8, 153.9, 154.4, 153.9, 153.9, 153.8, 153.3, 153.4, 152.7, 152.8, 153.4, 153.3, 152.2, 152.7, 152.8, 152.8, 152.8, 151.3, 152.2, 152.2, 152.2, 151.5, 151.5, 152.3, 152.9, 152.9, 152.3, 152.4, 153.0, 153.0, 153.0, 152.0, 153.3, 153.7, 155.6, 155.0, 155.1, 154.4, 154.4, 153.8, 154.5, 153.9, 153.3, 153.5, 153.4, 153.4, 152.8, 152.9, 152.9, 152.8, 152.2, 152.7, 152.8, 152.2, 152.9, 152.9, 152.8, 152.9, 152.9, 152.9, 153.5, 152.9, 152.9, 152.9, 153.5, 152.9, 153.5, 152.8, 152.2, 153.0, 153.6, 153.6, 153.0, 153.6, 152.4, 153.0, 152.9, 153.3, 154.4, 155.1, 155.0, 154.4, 154.4, 154.4, 154.5, 154.5, 154.5, 154.5, 154.4, 154.0, 154.0, 154.0, 154.6, 154.6, 154.7, 154.8, 154.7, 154.7, 154.7, 154.7, 154.1, 154.1, 154.1, 154.1, 154.2, 154.2, 154.2, 153.6, 153.6, 154.2, 154.2, 154.1, 154.1, 153.6, 154.2, 153.6, 154.2, 153.6, 154.3, 154.2, 154.8, 154.2, 154.8, 153.6, 154.2, 154.2, 154.2, 154.2, 154.1, 153.6, 153.6, 154.1, 154.2, 154.2, 154.2, 154.2, 154.2, 154.2, 154.3, 154.1, 153.6, 153.6, 154.1, 153.5, 154.2, 153.5, 154.2, 154.1, 154.2, 153.6, 153.5, 154.1, 152.3, 153.5, 153.5, 153.5, 152.9, 153.6, 153.0, 154.1, 153.4, 152.9, 153.5, 154.2, 153.5, 153.5, 153.6, 153.5, 153.0, 154.1, 153.5, 153.5, 153.5, 153.5, 154.1, 152.9, 153.5, 154.1, 153.6, 153.5, 154.1, 154.2, 153.5, 154.2, 153.5, 153.5, 153.5, 154.7, 153.5, 154.2, 153.6, 154.1, 154.2, 154.1, 154.7, 153.5, 154.1, 153.5, 154.1, 154.1, 154.1, 154.7, 154.7, 154.7, 154.8, 154.7, 154.7, 155.3, 155.9, 156.6, 156.7, 156.6, 157.2, 157.2, 156.6, 157.2, 157.2, 157.8, 157.2, 156.6, 157.2, 156.6, 157.2, 157.2, 156.6, 156.6, 157.2, 157.8, 157.2, 157.2, 157.8, 157.8, 158.4, 159.0, 159.0, 159.6, 159.6, 158.9, 158.9, 159.6, 159.0, 159.0, 159.6, 159.6, 159.6, 159.0, 158.9, 159.6, 159.6, 159.6, 159.0, 158.9, 159.6, 158.9, 158.9, 159.0, 159.0, 159.0, 159.0, 157.7, 158.4, 158.4, 159.0, 158.4, 157.8, 158.4, 158.4, 157.7, 158.4, 159.0, 158.4, 158.4, 159.0, 158.4, 158.4, 158.4, 158.4, 158.4, 158.4, 158.4, 158.4, 158.4, 159.0, 157.8, 158.4, 158.4, 157.8, 157.8, 158.4, 159.0, 159.0, 158.4, 158.4, 158.4, 158.4, 159.0, 159.0, 159.0, 158.4, 158.4, 159.0, 158.4, 157.7, 159.0, 158.4, 158.4, 157.7, 158.4, 157.8, 157.8, 158.4, 157.8, 157.8, 157.8, 158.4, 157.8, 157.8, 157.8]"
18,"[155.0, 153.7, 153.7, 152.9, 153.5, 152.9, 152.8, 152.9, 152.9, 153.0, 152.9, 152.9, 153.0, 153.0, 153.0, 152.8, 153.0, 153.0, 153.0, 152.3, 153.0, 152.4, 153.0, 152.9, 152.9, 153.0, 152.4, 152.4, 153.0, 153.0, 152.9, 153.0, 153.0, 152.4, 153.0, 153.0, 152.3, 152.4, 153.1, 153.0, 152.9, 153.0, 153.0, 153.0, 153.0, 152.3, 153.0, 153.0, 152.4, 153.0, 152.9, 153.0, 153.0, 152.4, 152.3, 152.4, 152.4, 152.3, 153.0, 151.8, 153.1, 152.4, 152.4, 153.0, 152.3, 152.4, 152.3, 152.4, 152.4, 153.0, 152.4, 151.7, 152.4, 153.0, 152.4, 152.3, 152.3, 152.4, 152.3, 152.2, 152.3, 152.3, 152.3, 152.3, 152.2, 152.4, 152.3, 152.4, 152.4, 152.3, 152.3, 152.3, 152.3, 152.3, 152.3, 152.3, 152.2, 151.7, 152.4, 152.3, 152.4, 152.4, 153.0, 152.4, 152.4, 153.0, 152.4, 151.7, 152.3, 152.9, 151.5, 152.3, 151.5, 152.2, 151.7, 152.3, 152.3, 152.3, 152.4, 152.4, 152.4, 152.4, 153.0, 153.0, 153.0, 153.0, 153.5, 152.9, 152.9, 153.4, 152.3, 152.9, 152.2, 152.9, 152.9, 152.9, 152.9, 152.9, 152.9, 152.9, 152.9, 152.9, 153.0, 152.9, 152.9, 153.0, 152.9, 152.9, 152.9, 152.2, 152.8, 152.3, 151.5, 152.2, 151.5, 152.2, 150.9, 151.5, 150.9, 150.8, 150.8, 151.5, 151.4, 151.5, 151.4, 150.9, 151.5, 151.4, 151.4, 151.5, 151.5, 150.9, 150.8, 151.7, 152.2, 152.2, 152.3, 152.2, 152.3, 151.7, 152.2, 152.2, 151.5, 152.3, 151.5, 151.5, 152.2, 151.5, 152.3, 151.5, 152.3, 152.3, 153.7, 154.3, 156.0, 157.8, 157.7, 158.4, 158.4, 157.8, 156.6, 156.7, 156.7, 156.1, 155.5, 155.6, 154.9, 154.9, 154.3, 153.6, 152.3, 152.9, 153.5, 153.5, 152.3, 152.3, 152.3, 151.7, 151.5, 152.8, 151.5, 151.5, 151.4, 151.5, 150.9, 150.7, 151.4, 151.4, 151.4, 151.4, 151.4, 151.5, 150.8, 150.9, 151.4, 151.4, 151.4, 150.8, 150.8, 150.9, 150.8, 150.8, 150.7, 150.8, 150.8, 150.7, 151.1, 150.7, 150.2, 150.7, 150.7, 150.7, 150.9, 150.8, 150.9, 150.8, 150.2, 150.9, 150.8, 150.3, 150.9, 151.5, 151.1, 150.2, 150.9, 150.1, 150.3, 151.5, 151.5, 151.5, 151.5, 150.8, 150.8, 150.3, 150.8, 150.2, 149.6, 150.2, 151.4, 150.2, 149.6, 150.3, 150.9, 150.8, 149.6, 150.9, 150.8, 150.8, 151.5, 150.8, 150.8, 151.1, 150.9, 150.2, 150.8, 149.6, 149.6, 150.8, 150.8, 150.9, 150.2, 150.8, 150.2, 151.5, 151.5, 150.8, 151.5, 151.5, 150.9, 150.8, 151.5, 150.9, 151.5, 150.8, 150.8, 150.9, 150.2, 150.3, 151.7, 151.5, 151.7, 150.9, 151.1, 151.7, 152.3, 151.5, 151.5, 150.7, 151.7, 152.2, 153.5, 154.1, 154.2, 153.6, 153.0, 153.1, 153.1, 153.8, 153.1, 152.7, 152.5, 153.3, 153.3, 152.6, 152.6, 152.6, 151.9, 151.9, 151.9, 151.9, 151.3, 152.0, 151.4, 152.0, 152.0, 152.0, 152.0, 152.0, 151.3, 152.0, 151.4, 151.9, 153.3, 153.8, 154.3, 154.3, 154.3, 154.9, 154.4, 154.4, 155.1, 154.5, 154.5, 153.9, 153.9, 153.4, 153.4, 152.2, 152.2, 152.8, 153.5, 152.8, 152.8, 152.9, 152.9, 152.2, 152.2, 152.2, 152.2, 152.8, 152.8, 152.9, 152.8, 152.2, 152.2, 153.0, 152.8, 153.5, 153.0, 152.3, 153.6, 152.9, 153.6, 152.8, 153.5, 153.6, 153.0, 153.6, 153.5, 153.5, 153.0, 153.5, 153.6, 153.6, 152.9, 153.0, 153.5, 153.6, 153.6, 153.6, 153.6, 153.5, 152.8, 153.5, 152.9, 153.6, 153.6, 153.6, 153.6, 153.5, 152.9, 153.6, 153.6, 154.2, 152.9, 153.0, 153.5, 153.6, 152.9, 153.0, 152.9, 152.9, 152.2, 153.5, 153.5, 154.2, 153.5, 153.5, 154.2, 153.6, 153.5, 153.5, 152.8, 154.1, 153.5, 153.4, 153.5, 153.5, 154.1, 153.5, 154.0, 153.5, 153.9, 153.4, 154.0, 155.3, 155.2, 155.9, 156.4, 157.0, 157.7, 159.6, 160.9, 162.1, 162.1, 161.5, 162.1, 162.1, 161.5, 162.1, 160.8, 160.8, 160.8, 160.2, 160.8, 160.2, 161.5, 161.5, 160.9, 161.5, 160.8, 160.8, 160.8, 160.8, 160.8, 160.8, 162.1, 161.5, 161.5, 161.5, 162.1, 161.5, 160.9, 160.9, 161.5, 160.9, 160.9, 160.2, 160.9, 160.9, 160.9, 160.9, 160.9, 160.9, 161.5, 160.9, 161.5, 160.9, 160.9, 160.2, 160.2, 160.9, 160.9, 160.2, 159.6, 160.2, 160.2, 160.2, 160.2, 160.2, 160.2, 160.2, 160.2, 160.2, 160.9, 160.2, 160.2, 160.2, 160.2, 160.2, 160.2, 160.2, 160.2, 159.6, 160.9, 160.2, 160.2, 160.2, 159.6, 159.6, 159.6, 159.6, 159.0, 159.0, 159.0, 159.0, 159.0, 159.7, 158.4, 159.0, 159.0, 159.0, 159.6, 159.7, 159.7, 159.0, 159.0, 159.7, 159.7, 159.0, 159.0, 159.6, 159.6, 160.2, 160.8, 161.5, 160.9, 160.2, 160.9, 160.2, 160.2, 160.2, 159.6, 160.2, 160.2, 160.2, 160.2, 160.2, 160.2, 160.2, 160.2, 160.2, 159.6, 160.3, 159.6, 160.2, 160.2, 160.2, 159.6, 160.3]"
18,"[155.7, 154.2, 154.9, 153.5, 154.1, 154.1, 154.0, 153.5, 153.6, 152.8, 153.5, 153.6, 152.9, 153.5, 152.9, 153.0, 153.5, 153.6, 153.6, 153.0, 152.9, 153.5, 153.5, 153.0, 153.5, 153.5, 152.9, 152.9, 153.6, 152.8, 153.0, 153.6, 153.5, 153.5, 153.6, 153.5, 152.9, 153.0, 152.9, 153.0, 153.5, 153.6, 153.0, 152.4, 152.4, 153.5, 153.6, 153.6, 153.0, 153.0, 153.6, 153.0, 152.9, 152.2, 152.9, 153.0, 153.0, 152.9, 152.9, 152.9, 152.9, 152.8, 152.9, 153.0, 153.5, 152.3, 153.0, 153.6, 153.0, 152.3, 152.3, 152.8, 152.9, 153.0, 152.9, 153.5, 153.0, 153.0, 152.9, 152.9, 153.0, 153.5, 153.6, 153.0, 152.9, 153.0, 153.0, 152.9, 153.0, 153.0, 153.0, 153.0, 152.8, 153.1, 152.3, 152.4, 153.0, 153.7, 152.9, 153.0, 153.0, 153.7, 153.0, 152.9, 152.8, 152.9, 153.7, 153.6, 153.0, 153.0, 152.9, 153.6, 153.1, 152.9, 152.9, 153.0, 152.9, 152.4, 152.4, 153.6, 153.6, 153.0, 153.6, 153.6, 153.6, 154.2, 154.1, 154.9, 155.4, 154.9, 155.5, 154.8, 154.8, 154.8, 154.2, 154.2, 154.0, 154.2, 154.8, 154.7, 154.2, 154.8, 154.2, 154.8, 154.8, 154.9, 154.8, 154.2, 154.9, 154.8, 154.2, 154.2, 154.1, 154.2, 154.1, 154.2, 154.2, 154.1, 153.6, 154.2, 154.1, 154.8, 154.8, 154.2, 155.5, 155.5, 154.7, 155.5, 156.2, 155.5, 156.1, 157.8, 158.4, 159.0, 158.4, 159.0, 159.6, 159.0, 158.4, 158.5, 157.9, 157.9, 157.9, 156.7, 156.1, 156.1, 156.7, 156.1, 156.1, 156.1, 156.1, 156.1, 154.9, 156.1, 156.1, 156.1, 156.1, 156.1, 155.5, 155.5, 155.5, 156.1, 154.9, 155.5, 155.5, 155.5, 154.8, 155.5, 154.9, 154.3, 154.7, 154.8, 154.9, 156.1, 156.6, 157.8, 158.4, 159.6, 158.9, 158.4, 159.0, 158.4, 157.8, 157.2, 157.3, 156.7, 156.1, 156.7, 156.1, 155.5, 156.2, 155.5, 154.9, 154.3, 154.2, 154.2, 154.8, 154.9, 154.8, 154.8, 154.9, 154.2, 154.9, 154.3, 154.8, 154.9, 154.2, 154.7, 154.7, 154.8, 154.7, 154.0, 154.8, 154.1, 154.2, 154.1, 154.2, 154.2, 154.1, 153.5, 153.5, 154.2, 154.3, 154.3, 154.3, 154.3, 154.2, 154.3, 154.9, 154.2, 154.2, 154.3, 153.6, 154.2, 153.7, 154.1, 154.1, 153.5, 154.0, 154.1, 154.1, 154.1, 152.9, 154.1, 154.2, 154.3, 154.3, 156.7, 158.4, 157.7, 158.4, 159.0, 158.4, 158.4, 156.6, 156.6, 156.7, 155.5, 155.5, 155.5, 155.5, 154.9, 154.3, 154.2, 154.3, 153.7, 154.3, 154.3, 153.7, 154.9, 154.3, 154.9, 154.3, 153.7, 153.7, 154.3, 153.6, 153.6, 153.6, 153.0, 154.2, 153.6, 153.7, 154.3, 153.6, 154.3, 153.7, 153.7, 153.0, 153.7, 154.2, 153.7, 153.7, 154.2, 153.6, 153.6, 153.7, 154.3, 154.3, 153.0, 154.3, 154.3, 153.7, 153.7, 154.3, 153.7, 153.7, 154.3, 153.7, 154.3, 153.7, 153.7, 153.6, 154.3, 153.7, 153.6, 154.2, 154.3, 155.4, 157.2, 158.3, 158.9, 160.2, 160.2, 159.5, 160.2, 160.8, 160.8, 160.8, 160.8, 160.2, 159.6, 160.2, 160.2, 160.2, 160.2, 160.2, 160.3, 160.2, 159.6, 158.4, 158.4, 157.1, 159.0, 157.2, 156.6, 157.2, 157.2, 157.2, 156.6, 156.5, 156.5, 157.2, 156.0, 155.9, 156.5, 156.0, 155.9, 156.6, 156.0, 156.6, 156.6, 156.6, 157.2, 157.8, 158.4, 159.6, 161.5, 161.5, 161.5, 161.5, 161.5, 160.9, 160.2, 159.6, 159.0, 160.9, 160.3, 160.3, 158.4, 158.4, 157.8, 157.9, 157.8, 157.3, 156.7, 156.7, 156.1, 156.1, 156.1, 156.1, 156.7, 156.6, 156.0, 156.1, 156.6, 156.6, 156.0, 155.9, 155.9, 155.9, 156.0, 156.0, 156.6, 155.4, 156.6, 156.0, 156.0, 156.1, 156.7, 157.3, 156.1, 156.1, 156.1, 156.2, 156.7, 156.7, 156.7, 156.7, 156.7, 156.2, 156.8, 156.1, 156.7, 156.1, 156.7, 156.2, 156.7, 156.7, 156.7, 156.7, 156.2, 157.9, 159.0, 160.3, 160.3, 161.5, 161.5, 161.5, 161.5, 161.5, 162.1, 161.5, 161.5, 160.9, 160.2, 160.2, 160.3, 160.3, 159.7, 159.6, 159.0, 160.3, 159.0, 159.6, 159.6, 160.2, 160.2, 160.9, 160.3, 160.9, 161.5, 162.1, 161.5, 162.1, 161.5, 160.9, 160.9, 160.9, 160.9, 161.5, 160.9, 161.5, 161.5, 162.1, 162.1, 162.1, 161.5, 162.1, 162.1, 162.1, 161.5, 161.5, 162.1, 162.1, 162.1, 161.5, 161.5, 161.5, 161.5, 162.1, 162.1, 161.5, 161.5, 161.5, 161.5, 161.5, 162.1, 161.5, 162.1, 161.5, 161.5, 161.5, 161.5, 161.5, 160.9, 161.5, 161.5, 161.5, 161.5, 160.9, 160.2, 160.2, 160.2, 160.2, 160.3, 160.2, 160.2, 160.2, 159.6, 160.3, 160.2, 160.9, 160.9, 159.6, 160.2, 160.2, 160.9, 160.2, 160.2, 160.3, 160.2, 160.2, 160.2, 160.9, 162.1, 161.5, 161.5, 161.5, 161.5, 162.1, 162.1, 161.5, 161.5, 162.1, 162.1, 161.5, 162.1, 161.5, 161.5, 160.2, 160.9, 161.5, 160.9, 160.9, 160.3, 160.9, 160.3, 160.3, 160.3]"
18,"[156.3, 153.7, 153.7, 154.2, 154.2, 153.0, 154.2, 154.3, 155.6, 155.5, 154.3, 154.3, 154.4, 154.3, 154.3, 154.9, 154.3, 154.9, 155.5, 154.3, 154.3, 153.7, 153.7, 153.7, 154.3, 153.7, 154.3, 153.6, 153.7, 154.3, 154.3, 153.6, 153.7, 153.7, 153.7, 153.7, 153.6, 153.6, 152.9, 152.9, 153.6, 153.5, 153.6, 153.5, 153.5, 152.3, 152.9, 153.0, 152.9, 152.9, 153.0, 152.3, 152.9, 153.1, 153.0, 153.7, 153.6, 153.7, 153.7, 153.6, 153.7, 152.9, 153.0, 153.7, 153.6, 153.7, 153.7, 153.6, 153.6, 153.6, 153.6, 153.1, 153.0, 152.9, 153.5, 153.7, 153.7, 153.7, 153.0, 153.7, 153.7, 153.7, 153.6, 153.6, 153.0, 153.0, 153.0, 152.9, 153.1, 152.9, 152.9, 152.9, 153.0, 152.9, 152.3, 152.9, 153.0, 152.9, 153.7, 152.9, 153.0, 153.0, 153.7, 153.0, 153.6, 152.9, 153.5, 154.3, 153.7, 154.3, 153.7, 154.3, 153.0, 152.4, 153.0, 153.0, 153.0, 152.9, 152.3, 153.0, 152.9, 153.0, 153.1, 153.0, 154.9, 155.5, 156.1, 155.5, 156.1, 156.7, 156.8, 156.7, 156.2, 156.8, 156.8, 157.4, 156.8, 156.1, 156.8, 156.1, 156.1, 156.1, 156.7, 156.8, 156.7, 156.8, 156.1, 156.7, 156.1, 156.1, 156.1, 156.1, 156.1, 156.1, 156.1, 156.7, 156.7, 156.1, 156.7, 156.1, 156.7, 156.1, 156.1, 156.1, 156.1, 156.7, 156.1, 156.1, 156.7, 156.1, 156.1, 156.7, 156.1, 156.1, 156.1, 156.7, 156.1, 156.1, 155.5, 156.7, 155.5, 156.1, 156.1, 155.5, 155.5, 156.1, 156.1, 156.7, 156.8, 157.3, 158.4, 159.0, 160.3, 160.2, 160.2, 160.9, 160.9, 160.2, 159.6, 159.6, 160.3, 159.6, 159.1, 160.3, 159.0, 159.0, 159.0, 159.7, 159.1, 158.5, 158.5, 158.5, 158.0, 158.0, 157.9, 157.9, 158.0, 156.8, 157.3, 156.7, 156.7, 157.4, 156.2, 157.3, 157.3, 156.7, 156.1, 156.2, 156.1, 156.1, 156.7, 157.3, 157.8, 158.4, 159.6, 160.2, 160.9, 161.5, 160.9, 159.6, 159.6, 159.6, 158.4, 159.6, 159.7, 159.0, 159.0, 159.6, 159.0, 159.0, 158.4, 158.4, 158.5, 159.0, 159.0, 157.9, 157.9, 157.3, 157.3, 157.3, 157.9, 156.7, 156.8, 156.1, 156.1, 157.3, 156.7, 156.7, 156.1, 156.1, 156.7, 156.1, 156.7, 156.7, 157.3, 158.4, 159.0, 160.2, 160.9, 161.5, 161.5, 162.1, 160.9, 160.9, 160.9, 161.5, 161.5, 160.9, 160.9, 160.9, 161.5, 161.5, 159.6, 159.6, 159.6, 159.0, 158.4, 159.6, 158.4, 158.4, 157.8, 158.4, 157.8, 159.0, 157.8, 157.8, 157.8, 158.4, 157.8, 158.4, 157.8, 157.8, 158.4, 159.0, 160.9, 161.5, 161.5, 161.5, 162.1, 162.1, 161.5, 161.5, 161.5, 161.5, 162.1, 160.9, 161.5, 160.9, 160.9, 160.3, 159.6, 159.6, 159.6, 159.0, 159.0, 158.4, 158.4, 157.8, 158.4, 158.4, 158.4, 159.0, 158.4, 158.4, 159.6, 160.9, 160.8, 162.1, 162.1, 162.1, 162.1, 162.1, 160.9, 160.9, 160.2, 159.6, 159.0, 159.0, 158.4, 157.8, 157.8, 157.2, 157.2, 156.6, 156.6, 156.0, 155.4, 155.4, 155.5, 154.2, 155.4, 154.2, 154.8, 155.4, 155.4, 155.4, 153.4, 154.8, 154.8, 154.2, 155.3, 154.6, 154.8, 154.7, 154.6, 154.7, 154.6, 154.6, 154.6, 155.3, 155.3, 155.2, 155.3, 155.9, 154.6, 155.3, 155.4, 155.4, 155.3, 155.2, 155.3, 155.3, 154.7, 154.6, 154.6, 155.4, 155.3, 154.7, 154.7, 154.7, 154.8, 154.1, 154.7, 154.8, 154.7, 154.7, 155.5, 155.3, 155.4, 155.4, 154.7, 155.5, 154.7, 154.7, 155.4, 154.1, 154.7, 155.3, 155.4, 154.7, 155.4, 154.7, 155.3, 155.4, 155.4, 156.1, 156.1, 156.1, 156.0, 156.7, 156.0, 156.7, 157.9, 157.9, 159.0, 162.1, 161.5, 160.8, 158.9, 158.9, 159.6, 160.9, 160.2, 160.2, 160.9, 160.9, 160.3, 160.2, 160.2, 160.9, 160.2, 160.9, 161.5, 160.9, 160.9, 160.9, 160.9, 160.2, 160.9, 160.9, 161.5, 161.5, 161.5, 160.9, 162.1, 162.1, 162.1, 161.5, 162.1, 161.5, 161.5, 160.9, 160.9, 160.9, 160.9, 160.9, 160.9, 161.5, 161.5, 160.9, 160.9, 160.9, 160.9, 160.9, 160.9, 161.5, 160.9, 161.5, 160.9, 160.9, 160.9, 160.3, 160.3, 160.3, 160.3, 159.7, 160.9, 160.9, 160.9, 160.9, 160.9, 160.9, 160.9, 160.9, 160.9, 160.9, 160.3, 160.9, 160.9, 160.9, 160.9, 161.5, 161.5, 161.5, 161.5, 161.5, 161.5, 162.1, 162.1, 161.5, 160.9, 161.5, 161.5, 161.5, 161.5, 160.9, 161.5, 162.1, 161.5, 161.5, 161.5, 161.5, 161.5, 161.5, 161.5, 161.5, 162.1, 162.1, 162.1, 162.1, 162.1, 162.1, 162.1, 161.5, 162.1, 161.5, 160.9, 161.5, 160.9, 160.3, 160.9, 160.3, 160.3, 160.3, 160.2, 160.9, 160.9, 159.6, 160.2, 160.2, 160.9, 160.9, 160.9, 160.9, 160.9, 161.5, 160.9, 160.9, 160.9, 161.5, 160.2, 160.9, 161.5, 160.9, 161.5, 161.5, 160.9, 161.5, 162.1, 162.1, 161.5, 161.5, 162.1, 162.1, 161.5, 160.9, 161.5, 162.1, 160.9, 161.5]"
18,"[154.5, 153.7, 153.1, 152.8, 152.3, 152.9, 152.9, 153.1, 154.3, 153.1, 154.3, 153.6, 153.5, 153.7, 153.6, 153.5, 153.6, 152.9, 153.0, 153.0, 154.2, 153.0, 154.3, 152.9, 152.3, 153.6, 152.3, 152.3, 153.7, 153.5, 152.3, 152.9, 152.3, 154.2, 152.9, 152.3, 152.3, 153.6, 152.2, 152.3, 152.3, 153.0, 152.9, 153.0, 153.0, 152.3, 152.9, 152.3, 153.1, 153.0, 152.9, 153.0, 151.7, 153.0, 153.5, 152.3, 152.2, 152.9, 153.0, 152.9, 153.0, 152.3, 153.7, 153.0, 153.0, 152.3, 152.9, 153.5, 153.1, 153.6, 152.9, 153.6, 153.7, 154.8, 153.0, 153.7, 152.4, 152.3, 154.3, 153.7, 153.0, 153.7, 152.3, 153.6, 153.5, 153.7, 153.7, 153.7, 153.1, 153.7, 154.3, 153.5, 153.7, 153.6, 153.1, 153.0, 152.3, 153.6, 152.3, 152.3, 152.4, 153.5, 152.3, 152.9, 152.9, 153.0, 153.1, 153.6, 152.9, 152.9, 153.1, 153.1, 153.0, 154.2, 153.1, 153.7, 153.7, 153.6, 153.1, 153.7, 153.7, 153.0, 153.0, 152.4, 154.1, 154.9, 155.5, 155.5, 155.5, 154.8, 154.7, 154.1, 153.4, 154.0, 153.3, 154.0, 153.4, 153.5, 154.1, 153.4, 153.5, 154.1, 153.4, 154.1, 153.4, 154.1, 153.4, 153.5, 153.5, 153.5, 153.5, 154.1, 153.5, 152.9, 153.4, 153.6, 154.1, 153.4, 154.1, 154.1, 154.2, 154.2, 153.6, 154.1, 154.1, 153.5, 154.7, 154.1, 154.9, 154.1, 154.2, 154.3, 155.4, 154.9, 154.9, 154.9, 155.5, 154.9, 154.9, 154.9, 154.8, 154.8, 155.5, 154.8, 155.5, 154.8, 155.5, 155.5, 154.9, 155.5, 154.9, 155.5, 155.5, 155.5, 154.9, 154.7, 154.9, 154.9, 154.2, 154.9, 154.3, 154.3, 154.8, 154.3, 154.3, 154.3, 154.3, 154.8, 154.9, 154.9, 154.9, 154.8, 154.9, 154.3, 154.9, 154.8, 154.9, 154.2, 154.9, 154.9, 154.9, 154.2, 154.9, 154.8, 155.4, 155.5, 154.8, 154.8, 155.5, 155.5, 157.8, 159.0, 160.9, 160.9, 160.9, 162.1, 162.1, 162.1, 161.5, 162.1, 161.5, 162.1, 162.1, 160.2, 160.2, 159.6, 158.4, 159.0, 158.4, 159.0, 158.4, 158.4, 158.4, 157.3, 157.8, 157.9, 157.2, 156.7, 156.7, 156.7, 157.2, 157.2, 156.7, 156.1, 155.4, 155.4, 155.4, 156.0, 156.0, 155.4, 155.4, 156.0, 155.4, 155.4, 155.4, 156.0, 154.8, 154.8, 155.4, 155.4, 155.9, 156.7, 156.7, 158.4, 157.2, 159.0, 160.3, 160.9, 162.1, 162.1, 162.1, 161.5, 161.5, 161.5, 161.5, 161.5, 161.5, 160.3, 160.9, 160.2, 159.6, 159.0, 159.0, 157.8, 157.9, 157.8, 157.2, 157.9, 157.2, 156.6, 157.3, 156.7, 156.6, 156.7, 157.2, 156.1, 155.4, 156.0, 156.1, 156.7, 156.0, 156.0, 156.7, 156.7, 157.3, 157.9, 158.4, 157.2, 158.4, 157.8, 159.0, 160.3, 160.9, 161.5, 161.5, 161.5, 162.1, 161.5, 162.1, 162.1, 162.1, 162.1, 162.1, 162.1, 162.1, 160.9, 160.9, 160.3, 160.3, 159.6, 158.4, 159.7, 158.5, 158.5, 158.5, 158.5, 158.5, 157.9, 157.8, 157.8, 157.9, 157.2, 157.9, 157.3, 157.9, 157.3, 157.2, 156.6, 157.9, 157.8, 158.5, 157.8, 157.2, 157.7, 158.3, 159.6, 160.2, 160.2, 160.2, 160.2, 159.5, 158.9, 157.7, 158.3, 158.4, 157.7, 157.7, 157.7, 157.6, 158.3, 158.9, 158.3, 157.6, 157.7, 158.3, 157.0, 157.7, 157.0, 157.7, 157.0, 156.4, 157.2, 157.2, 157.8, 157.1, 157.7, 156.4, 156.5, 157.1, 157.2, 157.2, 156.5, 156.5, 156.6, 156.6, 156.6, 156.6, 155.9, 156.5, 156.5, 155.9, 155.9, 155.9, 155.2, 155.9, 155.2, 155.3, 155.2, 155.3, 155.9, 155.3, 155.3, 154.7, 155.3, 154.7, 154.8, 154.8, 155.5, 154.8, 155.5, 155.5, 154.8, 155.5, 154.9, 155.5, 154.9, 154.8, 155.5, 154.8, 155.5, 155.5, 155.4, 155.4, 155.4, 155.4, 155.5, 155.4, 156.1, 155.4, 155.4, 155.3, 155.4, 156.1, 155.4, 155.2, 157.0, 157.0, 157.7, 157.7, 157.6, 157.0, 157.0, 157.7, 157.0, 157.0, 157.1, 157.7, 157.8, 157.8, 157.8, 157.7, 157.7, 157.0, 157.7, 157.7, 157.8, 157.1, 157.2, 157.2, 157.1, 157.2, 157.2, 158.4, 157.7, 156.5, 157.7, 157.1, 157.8, 157.8, 156.5, 157.2, 156.6, 156.6, 156.6, 157.2, 156.6, 156.6, 157.2, 156.6, 157.2, 156.5, 157.2, 156.5, 156.5, 157.2, 157.2, 157.2, 157.1, 157.1, 157.2, 156.5, 157.2, 157.2, 156.0, 156.5, 156.5, 157.2, 156.6, 156.5, 157.2, 157.2, 156.5, 157.2, 157.1, 157.1, 157.2, 157.2, 156.5, 156.5, 156.6, 157.2, 156.5, 157.2, 156.5, 157.8, 156.5, 157.1, 157.2, 157.2, 157.7, 157.7, 157.2, 156.5, 157.7, 157.7, 157.8, 157.2, 157.7, 157.7, 157.1, 157.8, 157.1, 157.7, 157.1, 158.4, 157.7, 158.4, 157.1, 157.8, 157.2, 158.4, 157.8, 157.7, 158.4, 157.7, 157.7, 157.8, 158.4, 157.8, 158.4, 158.4, 157.8, 157.8, 157.2, 158.4, 157.8, 158.4, 157.8, 158.4, 158.4, 158.4, 157.8, 157.8, 157.8, 157.8, 157.8, 158.4, 157.8, 157.8, 158.4]"
18,"[156.4, 154.7, 154.2, 153.3, 154.1, 154.0, 154.0, 153.9, 154.6, 154.7, 154.7, 154.0, 154.7, 154.7, 154.2, 153.5, 153.5, 154.2, 153.5, 154.1, 154.1, 154.0, 154.0, 154.0, 154.0, 154.1, 153.6, 154.0, 154.7, 154.1, 154.1, 154.1, 154.1, 154.1, 153.5, 154.1, 154.1, 153.4, 153.5, 153.4, 153.5, 153.5, 154.0, 153.5, 154.2, 154.1, 153.5, 153.5, 153.4, 154.0, 153.3, 154.0, 154.1, 154.0, 154.7, 154.0, 154.1, 154.0, 154.0, 153.4, 154.1, 153.9, 154.1, 154.0, 154.0, 154.0, 153.4, 154.0, 154.0, 154.0, 152.8, 154.0, 153.4, 154.0, 154.0, 153.4, 153.4, 153.4, 153.9, 154.0, 153.4, 153.3, 154.0, 154.0, 154.0, 153.4, 154.0, 154.0, 154.0, 154.0, 153.3, 153.9, 152.8, 154.0, 153.4, 153.4, 154.0, 154.0, 154.0, 153.4, 154.0, 154.0, 154.0, 153.9, 153.3, 154.0, 154.0, 154.0, 153.9, 152.8, 153.9, 154.0, 153.3, 153.9, 154.0, 154.0, 154.0, 153.9, 154.0, 154.0, 154.7, 154.0, 154.5, 154.6, 154.7, 155.9, 157.2, 157.2, 157.9, 158.5, 158.4, 157.2, 157.3, 157.9, 157.2, 157.8, 157.2, 157.2, 157.8, 157.8, 157.9, 157.3, 156.6, 157.2, 156.6, 157.8, 157.2, 157.9, 157.9, 157.8, 157.2, 157.2, 157.9, 157.9, 157.9, 157.2, 158.5, 157.9, 157.2, 157.2, 157.3, 157.3, 157.9, 157.2, 157.3, 157.3, 157.3, 157.3, 157.2, 157.2, 157.9, 157.9, 157.9, 158.4, 160.3, 160.9, 161.5, 160.9, 160.9, 161.5, 160.2, 161.5, 160.3, 160.9, 160.9, 159.6, 160.3, 159.6, 159.6, 159.0, 159.6, 159.6, 159.0, 159.0, 159.0, 158.4, 159.1, 158.4, 159.0, 158.4, 159.0, 159.7, 159.6, 159.0, 159.0, 159.0, 158.5, 158.4, 158.5, 158.5, 158.4, 157.8, 158.4, 159.0, 161.5, 162.1, 162.1, 161.5, 161.5, 161.5, 161.5, 162.1, 161.5, 161.5, 160.9, 160.9, 160.2, 160.2, 160.2, 160.9, 160.2, 160.2, 160.3, 159.6, 160.3, 159.6, 160.9, 159.7, 158.4, 159.0, 159.0, 158.4, 159.7, 159.0, 159.0, 159.0, 159.0, 159.0, 159.0, 159.0, 159.0, 159.0, 159.0, 159.0, 159.6, 158.4, 159.0, 159.0, 158.4, 159.0, 158.4, 159.0, 159.0, 159.0, 159.0, 159.0, 159.0, 159.0, 158.4, 159.0, 158.4, 157.8, 159.0, 158.4, 158.4, 159.0, 158.4, 159.0, 158.4, 158.4, 157.8, 158.4, 157.8, 157.8, 157.8, 157.2, 157.9, 158.4, 157.8, 158.4, 157.8, 158.4, 159.0, 159.6, 159.0, 159.6, 159.0, 159.0, 159.6, 158.4, 159.0, 159.0, 159.6, 160.9, 162.1, 161.5, 160.8, 162.1, 161.5, 162.1, 161.5, 162.1, 162.1, 161.5, 160.2, 160.2, 159.6, 159.0, 159.0, 159.0, 158.4, 157.8, 157.8, 157.9, 156.5, 157.8, 157.8, 157.2, 157.2, 157.3, 157.8, 157.2, 157.2, 157.9, 156.6, 157.2, 156.6, 157.2, 157.8, 157.2, 157.9, 157.2, 155.9, 156.5, 155.9, 155.9, 155.9, 155.9, 155.9, 155.3, 155.3, 155.9, 155.9, 155.9, 155.9, 156.5, 157.0, 157.5, 157.5, 157.5, 157.5, 157.5, 157.5, 157.5, 157.5, 156.9, 156.9, 157.0, 156.4, 156.4, 156.3, 157.0, 156.4, 156.4, 156.4, 157.0, 157.0, 157.7, 156.4, 157.7, 157.0, 157.0, 157.7, 157.0, 157.7, 157.1, 157.0, 157.0, 156.4, 157.0, 156.4, 156.4, 157.7, 156.4, 157.0, 156.4, 156.4, 156.4, 157.0, 156.4, 157.1, 156.4, 156.5, 157.1, 155.9, 156.5, 156.5, 156.5, 156.5, 156.5, 155.9, 155.9, 155.9, 156.5, 155.9, 156.5, 155.9, 155.9, 155.9, 155.9, 156.5, 156.5, 155.9, 156.6, 155.9, 155.9, 155.9, 156.0, 155.3, 154.7, 155.9, 155.3, 155.9, 155.3, 155.4, 155.3, 155.3, 155.4, 155.3, 155.4, 154.7, 155.4, 154.7, 154.7, 154.7, 155.3, 155.4, 155.9, 154.8, 154.7, 155.3, 155.3, 155.3, 154.7, 155.4, 154.7, 154.7, 155.3, 155.3, 154.7, 155.4, 154.7, 154.7, 154.7, 154.8, 154.7, 155.3, 154.7, 154.7, 154.7, 154.7, 154.7, 155.4, 155.4, 154.7, 155.4, 154.7, 155.3, 154.8, 155.4, 154.7, 154.8, 154.8, 155.3, 155.4, 155.9, 155.8, 156.4, 156.4, 155.7, 156.4, 156.4, 156.4, 156.4, 156.4, 157.0, 157.0, 157.0, 156.4, 156.5, 157.0, 157.1, 157.1, 157.1, 157.2, 156.5, 157.2, 156.5, 157.8, 157.1, 157.2, 157.2, 157.8, 157.2, 156.5, 156.5, 157.2, 157.2, 156.5, 156.6, 156.5, 157.2, 156.5, 156.5, 156.5, 157.1, 156.5, 157.8, 156.5, 157.2, 156.5, 157.2, 156.5, 156.5, 156.5, 157.2, 156.5, 155.9, 157.2, 156.5, 157.2, 157.2, 156.6, 156.5, 155.9, 156.5, 156.5, 156.6, 156.6, 156.6, 156.5, 157.2, 156.6, 157.2, 156.5, 156.5, 157.2, 156.5, 157.2, 157.2, 155.9, 157.2, 156.6, 156.5, 157.2, 157.2, 157.2, 157.2, 156.5, 157.2, 156.6, 156.6, 156.6, 156.6, 156.5, 156.6, 156.6, 156.6, 156.6, 156.6, 156.6, 156.6, 156.6, 156.6, 156.6, 156.5, 157.2, 156.6, 156.5, 156.6, 157.2, 156.5, 156.6, 157.2, 156.6, 157.2, 157.2, 157.2, 157.2, 157.8]"
18,"[158.6, 157.9, 158.5, 156.5, 156.5, 157.2, 157.1, 157.2, 156.5, 157.2, 157.8, 157.2, 157.2, 157.2, 157.2, 156.5, 156.6, 157.2, 157.2, 157.2, 157.2, 157.2, 157.2, 156.5, 157.2, 157.2, 157.2, 156.5, 157.2, 156.6, 156.5, 157.2, 157.1, 157.2, 156.5, 156.5, 157.8, 157.2, 157.2, 156.5, 155.9, 157.2, 155.9, 157.2, 156.5, 156.5, 155.9, 156.5, 157.2, 157.2, 157.2, 157.2, 156.5, 157.2, 156.5, 157.2, 157.2, 156.5, 156.6, 157.8, 156.5, 156.6, 156.5, 157.2, 157.2, 157.2, 157.2, 157.2, 156.5, 157.2, 157.8, 156.5, 156.6, 156.5, 156.5, 156.5, 157.2, 156.6, 156.5, 156.6, 157.2, 155.9, 157.8, 156.5, 156.5, 157.2, 156.6, 156.5, 155.9, 155.9, 156.5, 155.9, 157.2, 157.2, 156.5, 156.5, 156.5, 157.2, 157.2, 156.5, 157.2, 156.5, 157.2, 157.1, 156.5, 155.9, 155.9, 155.9, 156.5, 156.5, 156.5, 155.9, 156.5, 156.5, 156.5, 156.6, 157.2, 156.5, 157.2, 156.5, 156.5, 155.9, 156.5, 157.2, 157.2, 156.5, 157.1, 157.2, 157.8, 157.2, 157.8, 157.2, 157.2, 157.8, 157.8, 157.8, 157.2, 157.8, 157.2, 157.8, 157.2, 157.2, 157.8, 157.2, 157.2, 157.2, 157.2, 157.2, 157.2, 157.2, 157.2, 157.2, 157.2, 157.8, 157.2, 157.2, 157.8, 157.2, 156.5, 157.2, 157.2, 157.2, 157.9, 157.9, 157.8, 157.2, 157.8, 157.9, 157.2, 157.2, 157.2, 156.5, 156.6, 157.2, 157.2, 157.3, 157.2, 157.3, 157.3, 157.2, 157.2, 157.3, 157.2, 157.9, 157.3, 157.2, 157.8, 157.8, 157.2, 157.8, 157.2, 158.5, 156.5, 156.5, 157.2, 156.5, 156.5, 156.6, 157.2, 156.5, 157.2, 157.2, 157.2, 156.5, 157.2, 157.2, 157.2, 157.2, 157.2, 157.8, 156.5, 157.2, 157.2, 157.2, 157.2, 156.5, 157.8, 157.8, 158.4, 158.4, 159.6, 162.1, 161.5, 161.5, 161.5, 161.5, 161.5, 162.1, 161.5, 161.5, 162.1, 162.1, 161.5, 162.1, 160.9, 161.5, 161.5, 161.5, 160.9, 160.2, 161.5, 160.9, 160.9, 160.9, 160.9, 161.5, 160.2, 160.2, 160.2, 159.6, 159.6, 159.6, 159.6, 159.0, 159.0, 159.0, 158.4, 158.4, 159.0, 158.4, 158.4, 159.0, 158.9, 160.9, 162.1, 160.9, 161.5, 161.5, 161.5, 160.9, 161.5, 161.5, 161.5, 161.5, 161.5, 162.1, 162.1, 162.1, 161.5, 162.1, 160.9, 160.2, 160.9, 160.9, 160.2, 161.5, 160.9, 160.9, 160.2, 160.2, 160.2, 159.6, 160.2, 160.2, 159.6, 159.6, 159.6, 160.2, 159.6, 159.0, 159.0, 159.0, 159.0, 158.4, 159.0, 158.4, 158.4, 157.7, 158.4, 158.4, 158.4, 158.4, 158.4, 158.4, 158.4, 157.8, 157.8, 158.4, 157.8, 157.8, 157.8, 157.2, 157.8, 157.8, 157.8, 158.4, 157.8, 157.8, 156.6, 157.2, 158.4, 157.8, 157.8, 157.8, 157.8, 157.2, 157.7, 157.7, 160.9, 160.8, 161.5, 161.5, 160.2, 160.8, 161.5, 160.8, 160.2, 160.8, 160.8, 158.3, 158.3, 158.3, 158.3, 158.3, 158.4, 157.7, 158.4, 158.3, 157.7, 157.7, 157.7, 157.7, 157.8, 157.7, 157.8, 158.4, 157.8, 157.2, 157.2, 157.8, 157.7, 158.9, 161.5, 162.1, 162.1, 162.1, 162.1, 162.1, 161.5, 161.5, 160.8, 161.5, 160.2, 160.2, 160.2, 160.2, 160.2, 160.2, 160.2, 160.2, 159.6, 160.2, 159.6, 160.2, 159.6, 159.6, 159.0, 158.9, 159.6, 159.6, 160.2, 158.9, 159.6, 158.9, 158.9, 158.9, 158.9, 159.6, 159.6, 159.6, 158.9, 158.9, 158.4, 159.0, 160.2, 159.0, 159.6, 159.0, 158.9, 159.6, 159.6, 159.6, 159.6, 159.0, 159.6, 159.6, 159.0, 159.0, 159.6, 159.0, 159.0, 159.0, 159.0, 159.0, 159.0, 159.0, 159.0, 158.4, 159.0, 159.0, 159.0, 159.0, 159.0, 159.0, 159.0, 159.0, 158.4, 159.0, 159.0, 159.0, 159.0, 159.0, 159.0, 159.0, 159.7, 159.7, 159.0, 159.6, 159.0, 159.0, 159.0, 159.6, 159.0, 159.0, 159.6, 159.0, 159.6, 159.0, 159.6, 159.6, 159.0, 159.0, 159.0, 160.2, 160.2, 160.2, 160.9, 160.2, 160.2, 160.2, 160.2, 161.5, 161.5, 161.5, 162.1, 161.5, 162.1, 162.1, 162.1, 161.5, 161.5, 161.5, 161.5, 161.5, 160.9, 161.5, 161.5, 161.5, 162.1, 162.1, 161.5, 162.1, 161.5, 162.1, 162.1, 162.1, 162.1, 162.1, 162.1, 161.5, 162.1, 161.5, 162.1, 161.5, 162.1, 160.9, 161.5, 162.1, 161.5, 160.9, 161.5, 161.5, 161.5, 160.9, 161.5, 160.9, 161.5, 161.5, 161.5, 160.9, 160.9, 160.9, 161.5, 161.5, 160.9, 161.5, 160.9, 160.9, 160.9, 160.2, 160.2, 160.2, 160.9, 160.9, 160.9, 160.9, 160.9, 160.9, 160.9, 161.5, 161.5, 160.9, 160.2, 160.2, 160.2, 160.9, 161.5, 160.9, 161.5, 160.9, 161.5, 161.5, 161.5, 161.5, 161.5, 161.5, 161.5, 161.5, 161.5, 160.9, 161.5, 161.5, 162.1, 162.1, 161.5, 161.5, 162.1, 162.1, 161.5, 161.5, 160.9, 161.5, 160.3, 160.2, 160.9, 160.9, 160.2, 160.2, 160.9, 160.9, 160.9, 160.2, 160.9, 160.2, 160.2, 160.2, 160.2, 159.6, 160.2, 160.9]"
18,"[155.1, 154.8, 154.9, 155.2, 155.4, 155.3, 156.7, 157.3, 156.7, 156.7, 156.1, 156.1, 156.7, 156.1, 156.7, 156.1, 156.2, 156.1, 156.2, 156.2, 156.1, 156.2, 156.7, 156.7, 156.7, 157.4, 156.2, 156.1, 156.2, 156.1, 156.7, 156.2, 156.2, 155.5, 156.2, 156.2, 156.1, 156.7, 156.1, 156.8, 156.2, 156.2, 156.2, 156.7, 156.7, 156.1, 156.1, 156.1, 156.7, 156.8, 155.6, 156.7, 156.1, 156.7, 156.1, 156.7, 156.7, 156.7, 155.5, 156.2, 156.1, 156.8, 155.5, 156.7, 156.8, 156.1, 156.7, 156.7, 156.7, 156.1, 156.2, 156.1, 156.2, 156.1, 156.1, 157.4, 156.8, 156.8, 156.7, 156.7, 156.7, 156.7, 156.8, 156.7, 156.2, 156.7, 156.7, 156.8, 156.7, 156.7, 156.1, 156.7, 156.1, 156.7, 156.7, 156.7, 156.7, 156.2, 156.7, 156.7, 156.2, 156.2, 156.8, 156.2, 156.2, 156.7, 156.7, 156.8, 156.7, 156.1, 156.8, 156.1, 156.1, 156.7, 157.3, 156.8, 157.4, 155.6, 156.7, 156.8, 156.1, 157.4, 156.1, 156.7, 156.8, 156.1, 157.3, 157.8, 157.9, 158.4, 158.4, 159.0, 157.8, 158.4, 158.5, 159.0, 157.8, 157.9, 157.2, 158.5, 158.4, 158.4, 158.5, 157.8, 158.4, 159.0, 158.4, 158.4, 159.0, 158.4, 158.4, 158.4, 158.4, 159.0, 158.4, 159.0, 158.4, 158.4, 158.4, 159.0, 159.0, 159.0, 159.0, 159.6, 159.0, 159.0, 161.5, 161.5, 161.5, 161.5, 161.5, 161.5, 162.1, 161.5, 161.5, 160.9, 161.5, 160.9, 161.5, 161.5, 161.5, 161.5, 161.5, 161.5, 161.5, 161.5, 161.5, 161.5, 161.5, 161.5, 161.5, 162.1, 162.1, 162.1, 161.5, 162.1, 162.1, 161.5, 162.1, 162.1, 162.1, 162.1, 162.1, 162.1, 162.1, 161.5, 161.5, 161.5, 161.5, 162.1, 162.1, 162.1, 161.5, 162.1, 162.1, 161.5, 162.1, 160.9, 161.5, 161.5, 161.5, 162.1, 161.5, 161.5, 161.5, 160.9, 161.5, 161.5, 162.1, 161.5, 162.1, 162.1, 161.5, 162.1, 161.5, 161.5, 161.5, 161.5, 161.5, 161.5, 161.5, 161.5, 162.1, 162.1, 161.5, 161.5, 161.5, 161.5, 161.5, 161.5, 160.9, 160.9, 161.5, 160.9, 160.9, 160.9, 160.9, 160.9, 160.9, 161.5, 161.5, 161.5, 160.9, 161.5, 161.5, 160.9, 160.9, 160.9, 160.9, 161.5, 162.1, 162.1, 162.1, 162.1, 162.1, 162.1, 161.5, 162.1, 162.1, 162.1, 161.5, 162.1, 162.1, 161.5, 160.2, 158.9, 160.2, 159.6, 159.6, 159.0, 158.9, 158.9, 158.4, 158.4, 158.4, 157.7, 158.4, 157.7, 157.7, 157.1, 157.7, 156.5, 157.1, 157.7, 157.2, 157.1, 156.5, 157.8, 156.6, 157.2, 157.2, 157.2, 157.2, 157.2, 157.2, 157.3, 157.1, 158.3, 160.2, 160.8, 160.8, 160.8, 160.8, 160.2, 160.8, 159.6, 158.3, 158.9, 158.3, 158.3, 158.4, 158.4, 157.7, 157.7, 157.1, 157.7, 157.7, 157.8, 157.2, 157.8, 157.8, 157.2, 157.8, 157.2, 157.8, 157.2, 157.2, 157.2, 156.6, 157.2, 157.2, 157.8, 157.8, 158.5, 157.8, 157.2, 157.2, 157.8, 157.8, 158.5, 158.5, 157.9, 157.8, 158.5, 158.5, 158.4, 158.4, 157.9, 158.5, 159.1, 158.5, 157.8, 158.5, 157.9, 158.5, 158.5, 157.9, 158.5, 158.5, 158.5, 157.9, 158.5, 158.5, 159.0, 158.5, 159.1, 157.9, 158.5, 158.5, 157.9, 157.9, 157.3, 157.8, 157.9, 158.5, 158.5, 158.5, 158.5, 157.9, 157.3, 157.9, 157.8, 157.8, 159.6, 160.2, 160.8, 161.5, 161.5, 162.1, 161.5, 160.2, 160.2, 160.2, 158.9, 160.2, 160.2, 159.0, 159.0, 158.4, 159.0, 158.4, 159.0, 159.0, 158.4, 158.4, 158.4, 158.4, 159.0, 159.0, 158.4, 159.0, 159.0, 159.0, 158.4, 159.0, 158.4, 159.0, 158.4, 158.4, 158.4, 157.8, 159.0, 159.0, 158.4, 159.0, 158.4, 159.0, 158.4, 158.4, 158.4, 158.4, 157.8, 157.8, 157.8, 157.7, 158.4, 157.8, 157.8, 157.8, 157.8, 157.8, 158.4, 157.8, 157.2, 157.2, 157.8, 157.8, 157.8, 157.2, 157.8, 157.8, 157.8, 157.2, 157.2, 157.8, 157.8, 158.5, 157.9, 157.9, 157.8, 157.9, 157.8, 157.2, 158.4, 157.9, 158.4, 158.4, 157.8, 158.4, 157.8, 158.5, 158.4, 157.9, 158.5, 157.8, 158.4, 159.0, 160.2, 161.5, 162.1, 161.5, 161.5, 161.5, 160.9, 160.9, 160.9, 160.9, 160.2, 160.9, 161.5, 162.1, 161.5, 161.5, 162.1, 162.1, 161.5, 162.1, 162.1, 161.5, 162.1, 162.1, 162.1, 162.1, 162.1, 162.1, 162.1, 162.1, 161.5, 161.5, 161.5, 162.1, 162.1, 162.1, 162.1, 161.5, 162.1, 162.1, 161.5, 162.1, 162.1, 161.5, 161.5, 161.5, 162.1, 162.1, 161.5, 162.1, 161.5, 162.1, 162.1, 162.1, 162.1, 161.5, 161.5, 161.5, 160.9, 161.5, 162.1, 161.5, 161.5, 161.5, 160.9, 161.5, 160.9, 160.9, 161.5, 160.9, 160.9, 160.9, 161.5, 161.5, 161.5, 161.5, 161.5, 161.5, 161.5, 161.5, 161.5, 161.5, 161.5, 161.5, 161.5, 161.5, 161.5, 161.5, 161.5, 160.9, 160.9, 161.5, 161.5, 160.9, 161.5, 161.5, 160.9, 161.5, 161.5, 161.5, 161.5, 161.5, 162.1]"
18,"[158.0, 156.0, 156.1, 157.1, 157.8, 157.2, 156.5, 157.2, 157.9, 157.8, 157.2, 157.2, 157.2, 157.2, 157.2, 157.8, 157.3, 157.8, 157.2, 157.2, 157.9, 157.8, 157.2, 157.2, 157.2, 157.3, 157.3, 157.8, 157.3, 157.9, 158.5, 157.2, 157.3, 157.8, 157.9, 157.9, 157.2, 157.2, 157.2, 157.9, 157.3, 157.2, 157.2, 157.9, 157.9, 157.3, 157.8, 157.3, 157.2, 156.6, 157.3, 157.8, 157.2, 157.3, 157.9, 157.9, 157.3, 157.3, 157.2, 157.9, 157.2, 156.6, 157.3, 156.5, 156.7, 157.8, 157.2, 156.6, 156.6, 156.5, 157.2, 157.2, 157.3, 157.3, 157.9, 157.9, 157.3, 156.7, 157.3, 156.7, 157.9, 157.3, 157.3, 156.6, 156.7, 157.9, 157.3, 157.9, 157.3, 157.3, 157.3, 157.3, 157.3, 157.9, 156.7, 157.3, 157.3, 157.9, 157.3, 157.3, 157.3, 157.9, 157.3, 157.9, 157.9, 157.3, 157.3, 156.7, 157.3, 157.3, 156.7, 157.3, 157.3, 157.3, 156.7, 157.3, 156.7, 156.7, 157.3, 157.3, 156.7, 157.3, 156.7, 157.9, 159.0, 159.7, 159.7, 159.7, 159.6, 159.0, 159.7, 159.7, 159.7, 159.7, 159.0, 159.7, 159.0, 159.7, 159.0, 159.0, 159.0, 159.7, 159.7, 159.7, 159.0, 159.0, 159.0, 159.7, 159.7, 159.0, 159.7, 159.7, 159.7, 159.7, 159.7, 159.7, 159.0, 159.7, 159.7, 159.7, 159.7, 159.7, 159.0, 159.7, 159.6, 159.0, 160.3, 159.7, 159.7, 159.7, 160.3, 159.7, 159.7, 159.7, 159.7, 159.0, 160.3, 160.3, 159.0, 159.0, 159.0, 159.7, 159.7, 159.7, 159.7, 159.6, 159.7, 159.7, 159.7, 159.7, 159.7, 159.7, 159.7, 159.0, 159.7, 159.1, 160.3, 159.0, 159.7, 159.7, 159.7, 159.7, 159.0, 159.0, 159.0, 159.0, 159.7, 159.7, 159.7, 159.0, 159.1, 159.1, 158.4, 159.0, 158.4, 158.4, 159.0, 159.0, 160.2, 160.2, 160.2, 160.8, 160.8, 160.8, 160.8, 160.8, 160.9, 160.9, 160.2, 160.2, 159.6, 160.2, 159.6, 158.9, 159.0, 159.0, 158.9, 159.0, 158.9, 158.3, 158.9, 158.4, 159.0, 158.4, 158.4, 157.2, 157.7, 157.7, 157.8, 157.7, 157.7, 157.7, 158.9, 160.2, 160.8, 160.8, 160.8, 161.5, 160.8, 160.8, 161.5, 160.8, 161.5, 160.8, 160.2, 159.6, 159.6, 160.2, 159.0, 159.0, 158.4, 157.7, 157.7, 157.7, 158.4, 158.4, 158.4, 158.4, 157.8, 158.4, 157.2, 158.4, 157.2, 157.8, 157.8, 157.2, 157.9, 157.8, 157.7, 158.4, 160.8, 160.8, 161.5, 161.5, 160.8, 160.8, 160.2, 160.2, 158.9, 160.2, 159.0, 158.4, 158.4, 158.4, 158.3, 157.7, 157.8, 157.8, 157.8, 157.7, 157.8, 157.8, 157.8, 157.8, 158.5, 157.8, 157.8, 157.8, 157.8, 158.4, 157.2, 158.4, 157.8, 158.5, 157.8, 157.2, 157.7, 158.3, 159.6, 160.8, 160.2, 159.5, 159.5, 160.2, 158.3, 158.3, 158.9, 159.0, 158.9, 158.3, 157.7, 158.4, 159.0, 158.4, 157.8, 159.0, 157.8, 157.9, 157.9, 158.5, 157.3, 158.4, 158.4, 157.1, 158.9, 160.2, 160.8, 160.2, 160.2, 160.2, 159.6, 159.6, 158.9, 159.0, 157.7, 158.4, 159.0, 158.4, 159.0, 158.4, 157.7, 158.4, 158.4, 159.0, 159.0, 159.0, 158.4, 159.0, 159.0, 159.6, 159.0, 158.4, 159.0, 159.0, 159.0, 159.6, 159.6, 159.0, 159.0, 159.6, 159.6, 159.0, 158.4, 159.0, 159.6, 159.0, 159.0, 160.3, 159.6, 159.7, 159.7, 160.3, 159.0, 159.0, 159.6, 159.0, 159.0, 159.0, 159.0, 159.6, 159.7, 159.0, 159.7, 158.4, 159.6, 159.0, 159.0, 159.0, 159.0, 159.0, 159.7, 159.0, 159.7, 159.6, 160.9, 161.5, 161.5, 161.5, 160.8, 162.1, 161.5, 161.5, 161.5, 161.5, 161.5, 160.9, 161.5, 160.9, 159.6, 160.2, 160.2, 160.2, 159.6, 160.2, 160.9, 160.3, 160.2, 160.2, 160.2, 160.9, 160.2, 160.2, 160.2, 160.9, 160.2, 160.2, 160.2, 160.2, 160.9, 160.9, 160.2, 160.9, 159.6, 160.3, 160.2, 160.9, 160.9, 160.2, 160.2, 160.9, 160.9, 160.9, 161.5, 160.9, 160.9, 160.2, 160.9, 160.9, 160.9, 160.2, 160.2, 160.9, 160.9, 160.2, 160.9, 160.9, 160.2, 160.3, 160.3, 160.9, 160.2, 160.3, 160.2, 160.9, 160.3, 160.9, 160.2, 160.2, 160.9, 160.9, 160.2, 161.5, 160.9, 161.5, 160.9, 160.3, 160.9, 160.9, 160.9, 161.5, 160.9, 160.2, 160.9, 160.2, 160.9, 160.2, 160.3, 160.9, 160.9, 160.9, 160.9, 160.9, 160.2, 161.5, 160.9, 161.5, 161.5, 161.5, 160.9, 161.5, 161.5, 161.5, 161.5, 161.5, 161.5, 161.5, 161.5, 161.5, 161.5, 162.1, 161.5, 161.5, 162.1, 161.5, 162.1, 161.5, 162.1, 162.1, 162.1, 162.1, 162.1, 162.1, 162.1, 161.5, 162.1, 162.1, 162.1, 162.1, 162.1, 162.1, 161.5, 162.1, 162.1, 160.9, 160.9, 161.5, 160.9, 160.9, 160.9, 160.9, 162.1, 160.3, 160.3, 161.5, 160.9, 160.9, 161.5, 160.9, 160.9, 160.9, 161.5, 160.9, 160.9, 160.3, 160.9, 160.9, 160.9, 160.9, 160.3, 160.9, 160.9, 161.5, 160.9, 161.5, 160.9, 161.5, 160.9, 160.2, 160.9, 160.9]"
18,"[159.3, 157.9, 158.5, 158.4, 157.8, 158.4, 157.8, 157.8, 157.8, 157.9, 157.2, 158.4, 157.9, 157.8, 157.9, 158.4, 157.3, 157.3, 157.9, 157.8, 157.8, 157.8, 157.9, 157.8, 157.8, 157.9, 157.2, 157.8, 157.8, 157.2, 157.9, 157.3, 157.9, 157.8, 157.8, 157.9, 157.8, 157.9, 158.5, 157.2, 157.2, 157.8, 157.8, 157.9, 157.9, 157.2, 157.8, 157.2, 157.2, 157.8, 157.9, 157.9, 157.9, 158.5, 157.3, 157.3, 157.3, 157.8, 157.2, 157.9, 157.9, 157.3, 157.2, 157.9, 157.9, 157.3, 157.8, 157.9, 157.8, 157.8, 157.8, 157.8, 157.2, 157.9, 157.2, 157.8, 157.9, 157.9, 157.8, 157.3, 157.3, 157.8, 157.8, 157.2, 157.8, 157.9, 157.2, 157.8, 157.8, 157.3, 157.2, 157.3, 157.9, 157.8, 157.8, 156.6, 157.2, 157.8, 157.8, 157.9, 157.2, 157.3, 157.3, 157.8, 156.7, 157.9, 157.2, 157.2, 157.9, 157.2, 157.3, 157.3, 157.2, 157.9, 157.2, 157.2, 157.9, 157.9, 157.9, 157.3, 157.9, 157.3, 157.9, 157.2, 157.9, 158.4, 159.0, 160.2, 160.9, 160.9, 160.9, 160.2, 160.9, 160.9, 160.2, 160.3, 160.2, 159.6, 160.2, 159.0, 158.9, 159.6, 160.2, 159.0, 159.0, 159.6, 160.2, 159.0, 159.6, 159.6, 159.6, 159.6, 160.9, 159.6, 159.6, 159.6, 160.2, 159.6, 159.6, 159.6, 159.6, 160.2, 160.2, 159.6, 159.6, 159.6, 160.2, 159.6, 159.0, 159.6, 160.2, 160.9, 160.2, 159.6, 160.2, 159.6, 159.6, 159.6, 160.2, 159.6, 159.6, 159.6, 160.2, 160.9, 161.5, 160.9, 161.5, 160.9, 160.2, 160.2, 160.2, 160.9, 160.9, 160.9, 161.5, 160.9, 161.5, 161.5, 161.5, 161.5, 161.5, 161.5, 161.5, 161.5, 160.9, 160.9, 160.3, 161.5, 161.5, 160.9, 158.9, 159.5, 158.9, 158.9, 160.2, 160.9, 160.9, 160.3, 160.3, 160.9, 160.9, 160.9, 160.9, 161.5, 160.9, 160.9, 161.5, 161.5, 160.9, 160.9, 160.9, 160.9, 161.5, 160.9, 161.5, 161.5, 161.5, 161.5, 161.5, 160.9, 161.5, 161.5, 161.5, 161.5, 162.1, 162.1, 161.5, 161.5, 161.5, 161.5, 161.5, 160.9, 159.6, 158.9, 158.9, 158.9, 158.9, 158.9, 158.9, 158.9, 158.9, 158.9, 159.6, 159.6, 160.9, 160.8, 160.9, 160.9, 160.2, 160.2, 160.2, 160.9, 160.9, 160.9, 160.9, 161.5, 161.5, 161.5, 162.1, 162.1, 161.5, 162.1, 161.5, 161.5, 162.1, 161.5, 162.1, 161.5, 162.1, 162.1, 161.5, 161.5, 161.5, 162.1, 161.5, 162.1, 161.5, 162.1, 162.1, 161.5, 161.5, 160.9, 160.9, 160.9, 159.6, 160.2, 158.9, 159.6, 158.2, 158.9, 159.6, 159.6, 159.6, 159.6, 159.6, 160.2, 160.2, 160.9, 160.9, 160.9, 160.9, 160.8, 160.9, 161.5, 160.9, 160.9, 160.2, 160.9, 160.9, 160.9, 161.5, 161.5, 161.5, 161.5, 162.1, 161.5, 162.1, 161.5, 162.1, 162.1, 161.5, 162.1, 162.1, 162.1, 162.1, 162.1, 162.1, 162.1, 162.1, 162.1, 161.5, 162.1, 161.5, 161.5, 162.1, 162.1, 161.5, 162.1, 162.1, 162.1, 161.5, 162.1, 161.5, 161.5, 161.5, 161.5, 162.1, 161.5, 160.8, 159.5, 158.8, 158.9, 158.9, 158.9, 158.8, 159.5, 158.8, 158.2, 158.8, 158.9, 157.6, 158.2, 158.9, 158.9, 158.9, 158.9, 158.9, 158.9, 158.2, 158.9, 158.3, 158.9, 158.2, 158.3, 159.0, 159.6, 159.6, 159.0, 159.6, 158.9, 158.9, 158.3, 158.9, 159.6, 159.6, 159.6, 159.6, 159.6, 160.2, 159.6, 159.6, 159.6, 159.6, 159.6, 159.6, 159.6, 160.2, 159.6, 159.6, 160.2, 160.2, 160.2, 160.2, 160.9, 160.2, 160.9, 160.8, 160.9, 160.9, 161.5, 161.5, 161.5, 160.9, 160.9, 160.9, 161.5, 161.5, 161.5, 161.5, 161.5, 161.5, 161.5, 161.5, 161.5, 160.9, 160.9, 159.6, 159.6, 160.2, 160.2, 159.6, 159.6, 159.6, 159.6, 159.6, 159.6, 160.2, 160.8, 160.8, 160.9, 160.2, 160.9, 161.5, 161.5, 161.5, 160.9, 160.9, 160.9, 160.9, 161.5, 161.5, 160.9, 161.5, 161.5, 161.5, 162.1, 162.1, 162.1, 161.5, 161.5, 162.1, 161.5, 162.1, 162.1, 162.1, 162.1, 161.5, 162.1, 161.5, 162.1, 162.1, 162.1, 162.1, 162.1, 162.1, 161.5, 161.5, 161.5, 162.1, 160.9, 161.5, 161.5, 162.1, 161.5, 162.1, 161.5, 160.9, 161.5, 160.9, 162.1, 161.5, 161.5, 161.5, 160.9, 161.5, 161.5, 162.1, 162.1, 161.5, 162.1, 162.1, 162.1, 161.5, 162.1, 161.5, 161.5, 162.1, 160.9, 162.1, 162.1, 161.5, 160.9, 161.5, 161.5, 161.5, 160.2, 161.5, 160.2, 160.9, 160.9, 160.2, 160.2, 160.2, 160.2, 160.2, 159.6, 160.2, 159.6, 160.2, 160.2, 159.6, 159.6, 160.2, 160.2, 159.6, 159.6, 159.6, 159.6, 159.0, 159.0, 159.6, 159.6, 159.6, 158.9, 159.6, 159.6, 159.6, 159.6, 159.6, 159.6, 159.6, 159.6, 159.6, 159.6, 160.2, 159.6, 159.6, 159.6, 159.6, 159.6, 159.6, 159.0, 159.6, 159.6, 160.2, 159.6, 159.6, 159.6, 159.6, 159.6, 159.6, 159.6, 159.6, 159.6, 158.9, 159.0, 159.0, 159.6, 159.0, 158.9]"
18,"[159.8, 159.7, 159.7, 159.6, 160.2, 159.6, 159.0, 158.4, 159.7, 159.0, 159.0, 157.8, 158.4, 159.1, 159.0, 159.0, 159.0, 158.4, 159.0, 159.7, 159.1, 159.7, 159.0, 158.4, 159.1, 158.4, 158.4, 158.4, 159.0, 158.4, 159.0, 158.4, 158.4, 158.5, 159.0, 158.4, 157.8, 158.5, 158.5, 159.1, 158.4, 159.1, 158.5, 158.4, 159.1, 158.5, 158.5, 158.4, 158.4, 158.5, 158.4, 158.4, 157.8, 158.4, 158.4, 159.1, 158.5, 157.9, 158.4, 158.4, 158.4, 158.4, 158.4, 157.8, 159.0, 157.8, 158.4, 158.4, 158.4, 157.8, 157.9, 157.8, 158.5, 157.9, 158.4, 158.4, 157.8, 158.4, 158.4, 158.4, 157.8, 157.8, 158.4, 158.4, 157.8, 157.8, 158.4, 157.8, 157.8, 158.4, 158.4, 158.4, 158.4, 157.8, 157.8, 158.4, 158.4, 158.4, 158.4, 157.8, 158.4, 157.8, 157.8, 158.4, 158.4, 157.8, 159.0, 158.4, 157.9, 157.8, 158.4, 157.8, 157.8, 158.4, 158.4, 158.4, 159.0, 158.4, 158.4, 157.8, 157.8, 158.4, 157.8, 158.4, 159.7, 159.0, 160.3, 159.6, 160.3, 160.2, 160.9, 161.5, 160.9, 160.9, 160.2, 159.6, 159.6, 159.6, 160.2, 159.6, 159.0, 160.2, 159.6, 159.6, 160.3, 160.2, 160.2, 160.3, 159.6, 159.6, 159.6, 159.6, 160.3, 159.6, 160.3, 160.3, 159.6, 160.3, 160.3, 159.6, 159.6, 159.6, 159.0, 159.6, 159.6, 159.6, 159.6, 160.2, 160.2, 159.6, 160.9, 160.2, 161.5, 162.1, 161.5, 160.9, 161.5, 161.5, 160.9, 161.5, 161.5, 161.5, 161.5, 161.5, 161.5, 161.5, 162.1, 162.1, 162.1, 162.1, 161.5, 161.5, 162.1, 161.5, 160.9, 160.9, 160.9, 160.2, 161.5, 160.9, 160.3, 160.9, 160.9, 160.9, 160.9, 160.9, 160.2, 160.9, 161.5, 160.9, 160.9, 160.3, 160.2, 160.9, 161.5, 160.9, 160.9, 160.9, 160.9, 160.9, 161.5, 160.3, 160.9, 160.9, 160.2, 159.6, 160.2, 160.2, 159.7, 159.6, 159.6, 159.6, 159.6, 160.2, 159.6, 160.2, 159.6, 160.3, 160.2, 160.2, 160.2, 160.9, 160.2, 160.2, 160.2, 160.3, 160.2, 160.2, 160.9, 160.2, 161.5, 161.5, 162.1, 161.5, 161.5, 161.5, 161.5, 161.5, 161.5, 160.8, 160.2, 160.2, 161.5, 160.8, 160.8, 161.5, 160.8, 160.8, 160.8, 160.8, 160.8, 160.8, 162.1, 161.5, 161.5, 161.5, 161.5, 161.5, 161.5, 160.8, 160.8, 158.9, 158.3, 158.4, 158.4, 158.4, 158.4, 158.3, 157.7, 157.7, 157.8, 158.4, 159.0, 158.4, 158.3, 157.7, 159.6, 160.8, 160.8, 162.1, 161.5, 161.5, 160.8, 161.5, 161.5, 161.5, 160.8, 161.5, 160.8, 160.8, 161.5, 160.8, 160.2, 159.6, 158.9, 159.0, 159.0, 159.0, 158.4, 158.4, 157.7, 157.8, 159.0, 160.2, 162.1, 161.5, 162.1, 161.5, 161.5, 161.5, 161.5, 161.5, 161.5, 160.8, 161.5, 160.2, 159.6, 159.6, 159.6, 159.0, 159.0, 160.2, 161.5, 162.1, 162.1, 162.1, 161.5, 161.5, 161.5, 160.9, 160.2, 159.6, 159.6, 158.4, 159.0, 159.6, 158.4, 158.4, 158.4, 158.4, 158.4, 158.4, 158.4, 158.4, 160.2, 160.8, 161.5, 161.5, 160.8, 160.9, 160.2, 160.2, 159.6, 159.6, 159.0, 160.2, 158.4, 159.0, 159.6, 159.0, 159.0, 159.6, 159.0, 159.6, 159.0, 159.0, 158.4, 159.6, 159.7, 159.0, 159.6, 159.7, 159.6, 159.0, 159.0, 159.6, 159.6, 159.6, 160.3, 159.6, 159.6, 159.7, 159.6, 159.0, 159.7, 159.0, 159.7, 159.6, 159.6, 159.7, 160.3, 159.7, 159.6, 159.0, 159.7, 159.6, 159.7, 159.6, 160.3, 159.6, 159.6, 159.7, 159.0, 160.3, 159.7, 160.2, 159.6, 159.6, 159.6, 160.3, 159.6, 160.3, 161.5, 161.5, 160.2, 160.8, 159.6, 160.2, 160.9, 160.9, 160.2, 160.2, 160.2, 160.2, 160.2, 159.6, 160.2, 159.6, 160.2, 159.6, 160.2, 159.6, 160.2, 160.2, 160.2, 160.2, 159.6, 160.2, 160.9, 160.2, 160.2, 160.9, 160.2, 160.2, 160.9, 160.2, 160.9, 159.6, 160.2, 160.2, 160.2, 160.2, 160.2, 161.5, 160.9, 160.9, 161.5, 160.9, 160.9, 160.9, 162.1, 160.9, 160.9, 160.2, 161.5, 161.5, 160.2, 160.2, 160.9, 161.5, 160.9, 160.9, 161.5, 160.9, 161.5, 161.5, 160.9, 161.5, 162.1, 160.9, 161.5, 161.5, 162.1, 160.9, 160.9, 162.1, 161.5, 160.3, 161.5, 161.5, 160.9, 161.5, 161.5, 160.9, 161.5, 161.5, 161.5, 160.9, 161.5, 160.9, 160.9, 160.9, 160.9, 160.9, 161.5, 162.1, 160.9, 161.5, 160.9, 161.5, 161.5, 161.5, 160.9, 160.9, 160.9, 160.9, 161.5, 161.5, 161.5, 160.9, 161.5, 161.5, 161.5, 160.9, 161.5, 161.5, 160.9, 160.9, 160.9, 160.9, 160.9, 160.9, 160.3, 160.9, 160.2, 160.9, 160.9, 160.2, 160.9, 160.9, 160.9, 160.2, 160.9, 160.9, 160.9, 159.6, 160.9, 160.9, 160.9, 160.9, 160.9, 160.9, 160.9, 160.2, 160.2, 160.9, 160.2, 160.2, 160.9, 160.9, 160.2, 160.2, 160.9, 160.9, 160.9, 160.9, 160.9, 160.9, 160.9, 160.9, 160.9, 160.9, 160.9, 160.9, 160.9, 160.9, 160.2, 160.9, 160.9, 160.2]"
18,"[155.7, 155.4, 156.1, 154.7, 155.3, 155.9, 155.5, 155.5, 155.5, 156.7, 156.1, 155.5, 155.5, 156.1, 155.5, 155.5, 155.5, 155.5, 156.1, 155.4, 155.5, 155.5, 156.1, 155.5, 156.1, 156.2, 155.5, 156.0, 154.2, 155.5, 155.5, 155.5, 156.1, 155.5, 155.4, 155.3, 155.4, 155.5, 155.5, 155.4, 156.1, 156.1, 156.8, 155.5, 155.5, 155.5, 155.5, 155.5, 156.7, 156.2, 156.1, 156.1, 156.1, 155.5, 155.5, 156.1, 155.5, 156.1, 156.1, 155.5, 156.7, 155.5, 156.1, 155.5, 156.1, 156.1, 155.5, 156.1, 156.1, 156.1, 156.2, 155.5, 156.1, 156.2, 156.1, 156.1, 156.1, 156.1, 156.1, 154.9, 156.1, 156.1, 156.1, 155.5, 156.7, 156.1, 156.2, 156.7, 156.1, 156.1, 156.7, 156.1, 156.1, 156.1, 156.1, 156.7, 156.1, 156.1, 156.2, 156.2, 156.1, 156.1, 156.1, 156.8, 156.1, 156.1, 156.7, 156.1, 155.6, 155.5, 156.1, 156.1, 156.1, 155.5, 156.2, 156.1, 156.2, 156.2, 156.2, 156.2, 156.2, 155.5, 156.1, 156.1, 155.4, 154.7, 157.2, 157.8, 157.2, 157.2, 157.8, 157.1, 157.2, 156.5, 157.2, 157.2, 157.2, 157.2, 157.2, 157.2, 156.7, 157.9, 157.2, 156.7, 157.3, 157.9, 157.9, 157.2, 157.2, 157.9, 156.7, 157.9, 157.9, 157.9, 157.3, 157.3, 157.9, 157.3, 157.3, 157.9, 157.3, 157.9, 157.3, 157.8, 157.2, 157.9, 157.9, 158.5, 158.5, 157.9, 157.3, 157.9, 157.3, 157.2, 158.5, 158.4, 158.4, 157.8, 157.9, 157.9, 157.9, 157.9, 157.9, 157.8, 157.9, 157.2, 157.8, 157.2, 157.8, 158.5, 159.1, 158.4, 158.4, 157.8, 157.9, 157.9, 158.4, 157.9, 157.9, 158.5, 157.9, 158.5, 158.4, 157.9, 158.4, 158.4, 160.3, 161.5, 162.1, 161.5, 162.1, 161.5, 162.1, 162.1, 161.5, 160.9, 160.9, 160.8, 160.8, 161.5, 160.9, 161.5, 160.9, 161.5, 161.5, 161.5, 160.9, 160.9, 161.5, 160.9, 160.3, 160.9, 160.3, 160.3, 160.3, 160.3, 160.9, 160.3, 160.2, 160.2, 160.3, 160.3, 159.6, 160.3, 160.3, 160.3, 160.3, 160.3, 159.7, 159.6, 159.7, 159.7, 160.3, 159.7, 159.7, 159.7, 160.3, 159.7, 159.7, 159.7, 160.3, 159.7, 160.3, 159.6, 159.7, 159.6, 159.6, 159.6, 160.3, 160.3, 160.9, 160.3, 160.3, 160.3, 160.3, 160.3, 160.9, 160.3, 160.2, 160.9, 160.2, 160.9, 160.3, 159.6, 160.9, 160.2, 160.9, 160.9, 160.2, 160.2, 160.9, 160.3, 160.2, 160.3, 160.3, 160.9, 160.2, 162.1, 161.5, 161.5, 161.5, 160.9, 160.3, 160.9, 160.9, 160.8, 161.5, 161.5, 161.5, 162.1, 161.5, 161.5, 162.1, 162.1, 162.1, 161.5, 161.5, 161.5, 161.5, 161.5, 161.5, 162.1, 162.1, 162.1, 161.5, 161.5, 161.5, 162.1, 162.1, 162.1, 162.1, 161.5, 162.1, 161.5, 161.5, 161.5, 162.1, 161.5, 161.5, 161.5, 160.2, 160.2, 159.6, 158.9, 158.9, 159.5, 159.5, 158.9, 160.2, 160.8, 160.9, 160.2, 160.9, 161.5, 161.5, 162.1, 162.1, 161.5, 160.9, 161.5, 162.1, 162.1, 161.5, 162.1, 161.5, 162.1, 161.5, 161.5, 161.5, 161.5, 161.5, 161.5, 161.5, 162.1, 161.5, 162.1, 162.1, 161.5, 160.9, 161.5, 162.1, 161.5, 161.5, 160.9, 162.1, 161.5, 160.9, 160.9, 160.2, 160.9, 161.5, 161.5, 160.9, 160.9, 161.5, 160.9, 160.9, 160.2, 160.2, 160.2, 160.3, 160.2, 159.6, 160.9, 160.2, 160.9, 160.9, 160.9, 160.2, 159.6, 160.2, 160.2, 160.2, 159.6, 160.2, 159.6, 159.6, 160.2, 159.6, 160.2, 160.3, 160.9, 160.3, 160.2, 158.9, 159.6, 159.6, 160.2, 159.6, 159.6, 159.6, 160.2, 160.2, 160.3, 159.6, 160.3, 159.6, 159.6, 159.6, 159.6, 159.6, 159.6, 159.6, 159.6, 159.6, 159.6, 160.2, 159.6, 159.6, 159.6, 159.6, 159.6, 159.0, 159.6, 159.0, 159.0, 159.6, 159.0, 159.0, 159.0, 159.6, 159.0, 159.6, 159.0, 159.0, 159.6, 159.0, 159.0, 159.0, 159.0, 159.0, 158.4, 159.0, 159.0, 159.0, 159.0, 159.0, 159.0, 159.0, 159.0, 159.0, 159.0, 158.9, 159.6, 159.0, 159.0, 158.4, 159.0, 159.0, 159.0, 158.9, 159.6, 159.0, 159.0, 159.0, 160.2, 160.2, 159.6, 159.6, 160.9, 160.9, 160.2, 159.6, 158.9, 158.9, 159.6, 159.6, 160.2, 159.0, 159.6, 159.6, 159.6, 158.9, 159.6, 160.2, 160.2, 160.2, 160.2, 159.6, 160.2, 159.6, 159.6, 158.9, 158.9, 158.9, 159.6, 158.9, 159.6, 159.6, 159.6, 159.6, 159.6, 159.6, 158.9, 159.6, 160.2, 159.6, 159.6, 160.3, 160.9, 160.9, 160.9, 161.5, 161.5, 162.1, 161.5, 160.2, 160.2, 159.6, 160.2, 160.2, 160.2, 160.2, 160.3, 160.2, 160.3, 160.2, 160.2, 160.9, 161.5, 160.9, 161.5, 162.1, 161.5, 161.5, 162.1, 161.5, 161.5, 160.2, 160.9, 160.2, 160.2, 161.5, 160.3, 160.2, 160.2, 160.9, 160.3, 160.3, 160.9, 160.2, 160.2, 160.2, 160.9, 160.9, 160.9, 160.9, 161.5, 161.5, 160.9, 160.9, 162.1, 162.1, 162.1, 161.5, 161.5, 161.5, 160.9, 160.9, 160.9]"
18,"[156.9, 155.5, 156.1, 155.9, 155.4, 154.7, 155.3, 154.8, 155.5, 155.5, 155.5, 155.5, 156.1, 155.5, 155.5, 155.5, 155.5, 155.5, 155.5, 156.1, 156.1, 155.5, 154.9, 155.5, 155.5, 155.5, 156.0, 155.5, 155.5, 155.5, 155.5, 156.1, 156.1, 155.5, 154.8, 155.5, 155.5, 155.5, 155.5, 155.5, 155.5, 155.5, 155.5, 154.9, 155.5, 154.9, 154.9, 154.9, 154.9, 154.9, 154.9, 154.9, 154.8, 155.5, 154.9, 154.8, 154.8, 154.9, 154.3, 155.5, 154.8, 154.8, 154.8, 154.9, 154.9, 154.9, 154.9, 155.5, 155.5, 155.5, 155.5, 154.9, 154.9, 154.9, 154.9, 154.9, 155.5, 154.9, 154.9, 155.5, 154.9, 155.5, 154.9, 155.5, 155.5, 155.5, 155.6, 155.5, 154.9, 156.1, 155.5, 154.9, 156.7, 155.5, 154.9, 154.9, 155.5, 155.5, 155.5, 155.5, 155.5, 154.9, 155.6, 155.6, 154.8, 154.9, 155.5, 155.5, 155.5, 155.5, 154.3, 155.5, 155.5, 154.9, 155.5, 155.5, 155.5, 155.5, 155.5, 155.5, 154.9, 155.5, 155.5, 154.9, 156.1, 157.3, 157.9, 158.5, 157.9, 157.9, 157.9, 157.9, 157.9, 158.5, 158.5, 158.0, 158.5, 157.9, 158.5, 158.5, 158.5, 158.5, 157.9, 157.9, 157.9, 158.5, 158.5, 157.9, 157.9, 157.9, 157.9, 157.9, 158.5, 157.9, 157.9, 158.5, 157.9, 158.5, 158.5, 158.5, 157.9, 158.5, 159.1, 158.5, 157.9, 157.9, 158.5, 157.9, 158.5, 157.9, 158.5, 157.9, 157.9, 158.4, 157.9, 157.9, 157.9, 157.3, 157.8, 158.4, 157.2, 157.8, 157.9, 157.2, 157.8, 158.5, 157.9, 157.2, 157.2, 157.8, 157.9, 157.2, 157.8, 157.8, 157.8, 157.3, 157.8, 157.9, 157.8, 157.8, 157.8, 157.8, 157.2, 157.3, 157.2, 157.9, 157.2, 157.2, 157.9, 157.8, 157.2, 158.4, 159.0, 160.2, 161.5, 162.1, 162.1, 161.5, 161.5, 161.5, 162.1, 160.9, 162.1, 161.5, 162.1, 162.1, 161.5, 161.5, 160.9, 160.3, 160.3, 160.3, 160.2, 159.6, 159.6, 160.3, 159.6, 159.6, 160.3, 159.0, 159.0, 159.0, 160.3, 159.7, 159.6, 160.2, 160.3, 159.6, 160.3, 160.2, 160.3, 160.2, 160.9, 159.7, 160.3, 159.7, 159.7, 159.0, 160.3, 160.3, 159.6, 159.0, 159.6, 159.0, 160.3, 160.9, 159.6, 159.6, 160.3, 160.3, 159.6, 160.3, 160.3, 159.0, 160.9, 160.3, 159.6, 160.3, 160.3, 159.7, 160.3, 159.6, 160.3, 159.6, 159.7, 160.3, 159.0, 159.6, 159.6, 159.6, 159.6, 159.6, 160.3, 160.2, 159.6, 160.2, 160.3, 159.6, 160.3, 160.9, 161.5, 162.1, 162.1, 162.1, 162.1, 162.1, 161.5, 160.9, 160.9, 160.9, 160.9, 160.9, 160.9, 160.9, 161.5, 161.5, 161.5, 162.1, 162.1, 161.5, 162.1, 162.1, 162.1, 161.5, 160.9, 160.9, 161.5, 161.5, 161.5, 161.5, 161.5, 160.2, 160.9, 160.9, 160.9, 161.5, 161.5, 160.9, 161.5, 161.5, 161.5, 160.2, 160.9, 160.9, 162.1, 162.1, 161.5, 161.5, 160.9, 160.2, 159.6, 158.9, 159.6, 158.9, 159.6, 159.6, 160.2, 159.6, 160.2, 160.9, 160.2, 160.9, 160.9, 160.9, 160.9, 161.5, 161.5, 161.5, 162.1, 162.1, 162.1, 162.1, 161.5, 162.1, 162.1, 162.1, 162.1, 162.1, 162.1, 162.1, 162.1, 162.1, 162.1, 162.1, 162.1, 162.1, 162.1, 161.5, 161.5, 161.5, 161.5, 161.5, 161.5, 161.5, 160.9, 161.5, 160.9, 160.9, 160.9, 161.5, 161.5, 161.5, 161.5, 161.5, 160.9, 160.9, 161.5, 161.5, 161.5, 160.9, 159.6, 157.5, 156.2, 155.6, 154.9, 154.2, 155.6, 155.6, 154.9, 156.3, 156.3, 157.0, 157.0, 157.0, 156.9, 157.0, 155.6, 155.6, 155.5, 155.6, 155.0, 155.0, 155.6, 155.6, 155.6, 156.3, 155.8, 156.4, 155.9, 156.4, 156.3, 155.7, 155.7, 157.0, 156.4, 155.7, 155.7, 155.6, 155.0, 155.7, 155.8, 155.9, 156.4, 156.4, 156.4, 157.7, 158.9, 158.9, 159.6, 159.6, 159.6, 160.2, 160.2, 160.2, 160.8, 160.9, 160.9, 160.9, 160.9, 160.2, 160.2, 160.2, 160.2, 160.9, 160.2, 160.2, 160.2, 160.9, 160.9, 160.2, 160.2, 160.2, 160.9, 160.9, 160.9, 160.2, 160.9, 160.2, 160.2, 160.2, 161.5, 160.2, 161.5, 160.9, 160.2, 161.5, 160.9, 160.9, 160.9, 160.2, 160.2, 160.9, 160.2, 160.9, 160.2, 160.9, 160.2, 160.2, 160.2, 160.9, 160.2, 158.9, 157.7, 157.7, 157.7, 157.7, 157.7, 159.0, 157.7, 157.7, 157.7, 157.7, 158.4, 157.7, 158.4, 157.7, 158.4, 158.4, 158.4, 158.4, 158.4, 159.0, 159.0, 159.6, 159.0, 159.6, 159.6, 159.6, 159.6, 159.6, 160.3, 159.6, 160.2, 159.6, 159.6, 159.0, 159.0, 159.6, 159.6, 159.0, 159.0, 159.7, 159.0, 159.6, 159.0, 159.6, 159.0, 159.0, 159.0, 160.3, 160.9, 159.7, 160.3, 160.9, 160.3, 160.9, 160.3, 160.3, 159.7, 159.0, 159.7, 159.6, 160.3, 160.3, 159.6, 159.6, 159.7, 159.7, 160.3, 159.7, 159.0, 159.7, 160.3, 159.6, 159.7, 159.0, 159.0, 160.3, 159.0, 159.6, 159.6, 159.0, 159.0, 159.0, 160.3, 159.0, 159.0, 160.3, 159.6, 159.0]"
18,"[156.4, 157.9, 156.7, 157.2, 156.1, 157.3, 156.7, 157.9, 157.4, 157.3, 157.9, 157.3, 158.6, 156.7, 157.4, 158.0, 156.7, 158.0, 157.9, 157.3, 157.3, 157.4, 156.7, 157.3, 156.8, 157.3, 156.1, 157.4, 157.3, 157.3, 157.3, 157.4, 156.7, 157.3, 157.9, 157.3, 156.7, 156.7, 157.4, 156.8, 157.3, 157.3, 157.4, 157.9, 157.3, 157.3, 157.9, 157.9, 156.7, 157.9, 157.4, 157.3, 157.3, 157.3, 157.9, 157.4, 157.4, 157.4, 156.7, 157.3, 157.4, 157.3, 157.9, 157.4, 156.8, 157.3, 157.3, 156.7, 157.9, 156.7, 156.7, 156.7, 156.8, 156.7, 157.3, 156.7, 156.7, 156.7, 157.3, 157.4, 157.3, 157.3, 156.7, 157.3, 157.3, 156.7, 157.4, 156.7, 156.7, 157.3, 156.7, 156.7, 157.4, 156.7, 157.4, 156.8, 156.7, 157.4, 156.8, 156.7, 157.3, 157.4, 157.3, 156.7, 156.7, 157.3, 157.3, 156.7, 157.4, 156.8, 156.7, 156.8, 156.7, 157.4, 156.7, 157.3, 157.3, 157.3, 157.4, 157.3, 156.7, 156.7, 156.7, 156.7, 157.9, 158.5, 158.5, 159.0, 159.0, 159.0, 158.5, 158.4, 157.9, 158.5, 159.1, 158.5, 157.9, 157.9, 157.9, 158.5, 157.9, 157.9, 159.1, 158.5, 158.5, 158.5, 159.1, 157.9, 158.5, 157.9, 159.1, 158.5, 158.5, 157.3, 157.9, 158.5, 159.0, 159.1, 158.4, 158.5, 158.5, 158.5, 158.5, 157.9, 159.1, 159.0, 158.5, 157.8, 157.8, 159.1, 158.4, 158.4, 158.5, 157.9, 158.5, 157.8, 158.4, 157.8, 158.4, 158.5, 158.5, 158.5, 157.9, 158.4, 158.4, 158.4, 158.4, 159.0, 159.0, 158.4, 159.1, 159.0, 159.0, 159.0, 158.4, 159.0, 159.0, 159.0, 159.0, 159.0, 158.5, 159.0, 157.8, 157.8, 158.4, 158.4, 158.4, 159.6, 161.5, 161.5, 161.5, 160.9, 160.2, 160.9, 160.9, 161.5, 160.9, 161.5, 161.5, 160.9, 161.5, 161.5, 161.5, 162.1, 161.5, 162.1, 162.1, 161.5, 161.5, 161.5, 161.5, 162.1, 162.1, 161.5, 161.5, 161.5, 162.1, 162.1, 162.1, 161.5, 162.1, 162.1, 161.5, 162.1, 162.1, 161.5, 162.1, 162.1, 161.5, 162.1, 161.5, 162.1, 162.1, 161.5, 162.1, 162.1, 162.1, 161.5, 161.5, 162.1, 162.1, 161.5, 162.1, 162.1, 162.1, 162.1, 161.5, 162.1, 161.5, 161.5, 162.1, 162.1, 162.1, 162.1, 161.5, 161.5, 161.5, 161.5, 161.5, 161.5, 161.5, 160.9, 161.5, 161.5, 161.5, 161.5, 161.5, 162.1, 161.5, 161.5, 161.5, 160.3, 161.5, 161.5, 161.5, 161.5, 161.5, 161.5, 161.5, 161.5, 160.9, 161.5, 161.5, 161.5, 162.1, 160.9, 161.5, 160.9, 161.5, 160.9, 161.5, 160.9, 161.5, 161.5, 160.9, 161.5, 161.5, 162.1, 162.1, 161.5, 161.5, 161.5, 161.5, 161.5, 160.9, 160.9, 160.9, 160.9, 160.3, 160.9, 160.3, 160.2, 160.9, 160.2, 160.9, 160.2, 159.6, 160.2, 160.9, 159.6, 159.6, 160.2, 160.2, 160.2, 159.6, 160.2, 160.2, 159.6, 159.6, 159.6, 159.6, 159.0, 158.3, 158.3, 158.3, 157.6, 158.3, 158.3, 158.3, 158.9, 158.3, 158.3, 158.3, 157.7, 157.7, 157.7, 157.7, 156.4, 155.6, 155.6, 155.6, 155.6, 155.6, 156.9, 156.9, 157.6, 158.2, 158.3, 158.3, 158.3, 158.3, 158.9, 158.9, 158.3, 158.9, 158.3, 158.3, 158.3, 156.9, 155.7, 156.3, 156.3, 156.9, 156.9, 156.9, 156.8, 156.9, 157.5, 156.8, 156.9, 156.9, 156.9, 156.9, 156.2, 156.9, 156.9, 157.6, 156.9, 156.9, 157.5, 158.3, 158.2, 157.6, 157.6, 157.6, 157.6, 157.6, 158.2, 158.3, 158.3, 158.3, 158.3, 158.3, 157.7, 158.9, 158.9, 158.3, 158.3, 158.3, 158.3, 158.9, 158.9, 158.9, 158.9, 158.3, 158.9, 158.9, 158.4, 158.3, 158.3, 158.3, 158.9, 158.9, 159.0, 158.3, 159.0, 159.6, 158.9, 159.0, 159.0, 159.6, 159.6, 159.6, 159.6, 159.6, 160.2, 160.2, 159.6, 159.6, 159.6, 159.6, 159.6, 159.6, 159.6, 159.6, 159.6, 160.2, 159.6, 159.6, 159.6, 159.6, 159.6, 159.6, 159.6, 159.6, 158.9, 159.6, 158.4, 159.0, 159.0, 159.0, 159.6, 159.0, 159.6, 159.6, 158.4, 159.0, 158.9, 159.6, 159.6, 158.4, 159.0, 158.4, 158.4, 159.0, 159.6, 159.0, 158.9, 159.0, 158.3, 157.7, 158.9, 157.7, 157.7, 157.7, 157.7, 157.7, 158.9, 157.7, 158.4, 158.3, 158.4, 158.3, 157.7, 157.7, 158.3, 157.7, 157.7, 158.3, 157.7, 158.3, 158.3, 158.3, 158.3, 158.4, 157.7, 157.7, 158.4, 158.3, 158.3, 159.6, 159.0, 159.0, 158.4, 159.0, 158.4, 158.4, 159.0, 159.0, 159.6, 160.2, 159.0, 159.0, 159.0, 159.6, 159.0, 158.4, 159.0, 158.4, 159.0, 159.0, 159.0, 159.0, 159.0, 159.0, 159.0, 159.0, 159.0, 159.0, 159.0, 159.0, 159.0, 159.0, 159.0, 158.4, 158.4, 157.7, 158.4, 159.0, 159.0, 158.4, 158.9, 158.4, 159.0, 158.4, 159.0, 159.0, 158.4, 159.0, 159.0, 157.7, 159.0, 158.4, 157.8, 158.4, 158.4, 159.0, 158.4, 158.4, 158.4, 158.4, 158.4, 158.4, 158.4, 158.4, 158.4, 158.4, 158.3, 158.3, 158.9]"
18,"[156.2, 156.0, 157.3, 157.8, 157.2, 157.8, 158.4, 157.9, 157.3, 158.5, 157.3, 157.8, 157.9, 157.9, 157.2, 157.3, 157.8, 157.9, 157.2, 157.3, 158.5, 157.8, 157.8, 157.9, 158.5, 157.8, 157.3, 157.8, 158.4, 157.8, 158.5, 158.5, 157.9, 157.9, 157.2, 157.8, 157.9, 157.9, 157.9, 158.5, 156.6, 157.9, 158.5, 157.9, 157.9, 157.8, 158.5, 157.3, 157.9, 157.9, 157.8, 157.3, 157.9, 157.9, 157.9, 157.3, 157.3, 157.9, 157.9, 158.5, 157.9, 157.9, 157.9, 157.8, 158.5, 157.9, 157.9, 157.9, 157.9, 157.3, 157.9, 157.9, 157.9, 157.9, 158.5, 158.5, 157.9, 157.9, 158.5, 158.5, 158.5, 157.9, 158.5, 157.9, 157.9, 157.9, 157.9, 157.9, 157.9, 157.9, 157.9, 157.9, 158.5, 158.5, 158.5, 157.9, 157.3, 157.3, 158.5, 157.9, 158.5, 157.9, 157.9, 157.9, 157.9, 157.9, 157.9, 158.5, 158.5, 157.9, 158.5, 157.9, 157.9, 157.9, 157.9, 157.9, 158.5, 157.9, 157.3, 157.9, 158.5, 157.9, 158.5, 157.9, 158.5, 158.5, 159.7, 159.0, 159.0, 160.3, 160.2, 160.3, 160.2, 160.3, 160.3, 159.6, 159.6, 159.6, 159.0, 159.6, 159.6, 158.9, 159.6, 159.6, 159.6, 159.6, 158.3, 159.0, 159.6, 159.6, 159.6, 160.2, 159.0, 159.6, 159.0, 160.3, 159.6, 159.6, 159.0, 159.0, 159.0, 159.0, 159.0, 158.4, 159.6, 158.4, 159.0, 159.6, 159.0, 159.6, 159.0, 159.0, 159.0, 159.0, 159.0, 158.4, 159.0, 159.0, 159.0, 157.9, 157.8, 158.4, 158.4, 158.4, 158.4, 158.4, 157.2, 158.4, 158.4, 159.6, 159.0, 160.2, 160.2, 160.2, 159.6, 159.5, 158.9, 159.6, 158.9, 158.3, 158.3, 157.6, 157.7, 158.4, 157.7, 157.7, 157.2, 157.2, 157.2, 157.2, 156.5, 157.1, 156.5, 156.5, 156.5, 157.1, 157.1, 157.1, 157.7, 158.3, 160.2, 160.2, 160.8, 161.5, 161.5, 161.5, 160.8, 160.2, 160.8, 160.2, 158.9, 158.9, 158.9, 159.0, 158.4, 157.0, 157.7, 157.0, 157.7, 157.7, 157.8, 157.7, 157.8, 157.8, 157.0, 159.6, 161.5, 162.1, 161.5, 162.1, 161.5, 161.5, 161.5, 161.5, 161.5, 161.5, 161.5, 161.5, 161.5, 161.5, 160.9, 160.2, 160.9, 160.9, 160.9, 160.2, 160.2, 159.6, 160.9, 160.9, 160.2, 160.3, 160.9, 161.5, 160.8, 162.1, 162.1, 162.1, 161.5, 162.1, 161.5, 160.8, 161.5, 161.5, 161.5, 162.1, 160.9, 160.9, 160.2, 160.9, 160.9, 160.9, 160.9, 160.3, 160.2, 160.3, 160.3, 160.9, 160.9, 160.2, 160.2, 161.5, 162.1, 161.5, 160.2, 160.2, 160.8, 161.5, 161.5, 161.5, 161.5, 161.5, 162.1, 162.1, 162.1, 162.1, 162.1, 162.1, 162.1, 162.1, 162.1, 161.5, 162.1, 162.1, 162.1, 162.1, 161.5, 162.1, 162.1, 161.5, 161.5, 161.5, 162.1, 162.1, 161.5, 160.9, 160.9, 160.8, 160.8, 159.5, 160.2, 160.2, 160.2, 160.2, 160.8, 159.6, 160.2, 160.2, 160.2, 160.9, 161.5, 161.5, 160.9, 161.5, 161.5, 161.5, 161.5, 161.5, 161.5, 161.5, 161.5, 162.1, 162.1, 162.1, 161.5, 161.5, 161.5, 162.1, 162.1, 161.5, 161.5, 161.5, 162.1, 161.5, 161.5, 162.1, 160.9, 160.9, 161.5, 160.9, 160.8, 159.6, 160.2, 159.6, 159.6, 160.2, 160.9, 160.8, 160.8, 160.2, 160.2, 160.9, 160.9, 160.2, 160.9, 160.9, 160.9, 161.5, 160.9, 160.2, 160.9, 160.9, 160.9, 160.9, 160.9, 160.9, 160.9, 160.9, 160.9, 160.9, 160.9, 162.1, 162.1, 161.5, 161.5, 161.5, 161.5, 162.1, 161.5, 160.9, 162.1, 162.1, 162.1, 162.1, 161.5, 160.8, 162.1, 162.1, 162.1, 162.1, 161.5, 162.1, 161.5, 161.5, 161.5, 162.1, 161.5, 160.9, 162.1, 162.1, 162.1, 161.5, 160.9, 162.1, 162.1, 161.5, 162.1, 161.5, 162.1, 162.1, 162.1, 162.1, 162.1, 162.1, 162.1, 161.5, 162.1, 160.9, 160.2, 159.6, 158.9, 158.9, 159.6, 159.6, 159.6, 159.6, 158.9, 159.6, 159.6, 160.2, 159.6, 159.6, 159.6, 160.2, 160.2, 159.6, 160.2, 160.2, 160.2, 160.2, 159.6, 159.6, 160.2, 159.6, 160.2, 160.2, 159.6, 159.6, 159.6, 159.0, 159.6, 160.2, 159.6, 159.6, 159.6, 160.2, 160.2, 160.2, 160.2, 160.2, 160.2, 160.2, 160.2, 160.2, 159.6, 159.6, 160.2, 159.6, 159.6, 159.6, 158.9, 158.9, 159.6, 159.6, 159.0, 159.6, 159.6, 159.6, 160.2, 159.6, 159.0, 159.6, 159.6, 158.9, 158.9, 158.3, 158.3, 158.9, 159.6, 158.9, 158.9, 158.9, 159.6, 158.4, 158.9, 158.9, 158.4, 158.9, 159.0, 158.9, 159.0, 159.0, 159.6, 159.0, 158.9, 159.6, 159.0, 159.0, 159.0, 159.6, 159.0, 159.0, 159.0, 159.0, 159.6, 159.6, 159.0, 159.6, 159.6, 159.0, 159.0, 159.6, 159.0, 159.0, 159.0, 159.0, 159.6, 159.6, 158.9, 159.0, 159.6, 159.6, 159.0, 158.9, 159.0, 159.6, 159.0, 158.9, 158.9, 158.9, 158.3, 158.9, 159.0, 158.9, 159.0, 158.4, 158.9, 158.9, 158.9, 159.0, 158.3, 159.0, 158.4, 159.0, 158.4, 158.3, 158.3, 158.3, 158.9, 158.3]"
18,"[153.2, 150.1, 149.9, 150.4, 149.2, 149.2, 149.9, 150.2, 151.5, 149.6, 149.2, 149.2, 149.9, 149.3, 149.3, 149.9, 150.7, 150.1, 150.1, 150.1, 150.8, 150.7, 150.9, 150.2, 149.2, 150.9, 150.9, 150.8, 150.1, 149.9, 150.7, 150.1, 150.1, 150.7, 150.7, 150.2, 151.7, 150.9, 151.5, 150.9, 151.5, 151.1, 151.5, 151.5, 151.1, 151.5, 151.7, 151.5, 151.5, 151.5, 151.5, 151.7, 151.7, 151.5, 151.4, 152.3, 151.5, 151.5, 151.7, 151.5, 151.7, 151.7, 151.7, 152.3, 151.7, 150.9, 151.1, 150.9, 151.1, 151.7, 151.7, 151.5, 151.7, 150.9, 151.1, 151.1, 151.1, 150.9, 150.7, 150.1, 150.1, 150.9, 150.9, 150.9, 151.5, 150.2, 151.5, 150.3, 150.2, 151.5, 150.7, 150.1, 151.4, 150.1, 150.7, 150.1, 150.8, 150.7, 150.9, 150.1, 150.8, 150.8, 150.2, 150.8, 150.1, 150.8, 151.5, 150.8, 150.9, 150.8, 151.5, 151.5, 150.2, 150.7, 150.1, 151.5, 150.7, 150.8, 150.8, 150.1, 150.1, 150.7, 150.9, 150.9, 151.5, 150.9, 152.2, 152.2, 152.2, 153.5, 152.8, 152.8, 152.9, 152.8, 152.2, 153.4, 152.0, 152.8, 152.9, 152.8, 152.2, 152.9, 153.4, 152.9, 153.0, 152.8, 152.2, 152.8, 152.3, 153.4, 152.2, 152.7, 152.8, 152.8, 152.2, 153.4, 151.5, 152.3, 152.2, 152.3, 152.7, 152.2, 152.3, 152.9, 153.4, 152.9, 153.5, 152.9, 152.9, 153.0, 153.6, 152.9, 152.8, 152.9, 153.5, 152.9, 152.8, 152.8, 153.0, 153.0, 153.0, 152.9, 152.9, 152.9, 152.9, 153.6, 153.5, 154.7, 156.5, 157.0, 158.3, 158.9, 159.5, 159.5, 158.9, 158.9, 158.9, 159.6, 158.3, 158.4, 158.4, 157.2, 157.2, 157.2, 157.2, 157.2, 157.8, 157.2, 156.1, 156.0, 156.0, 155.4, 154.8, 154.2, 155.4, 155.4, 156.5, 157.8, 158.3, 158.9, 160.2, 160.1, 160.8, 160.2, 160.8, 161.5, 160.2, 160.2, 159.6, 159.6, 158.3, 159.0, 158.4, 159.0, 158.4, 158.4, 157.8, 157.8, 158.4, 158.4, 158.4, 157.2, 157.8, 157.8, 158.4, 157.8, 158.4, 159.6, 160.8, 161.5, 161.5, 161.5, 161.5, 161.5, 161.5, 162.1, 161.5, 162.1, 162.1, 161.5, 160.9, 160.9, 160.8, 159.6, 159.6, 158.9, 158.9, 159.6, 158.9, 159.6, 159.0, 159.0, 159.0, 158.9, 159.6, 159.0, 158.9, 159.0, 159.0, 159.6, 158.4, 159.6, 159.0, 158.3, 159.0, 158.3, 157.7, 157.7, 158.4, 157.7, 158.4, 158.3, 158.3, 158.9, 160.8, 161.5, 162.1, 161.5, 161.5, 160.2, 161.5, 160.8, 161.5, 161.5, 161.5, 161.5, 161.5, 161.5, 161.5, 160.9, 162.1, 162.1, 161.5, 161.5, 161.5, 161.5, 161.5, 160.9, 160.2, 159.6, 160.2, 160.2, 160.9, 159.6, 160.2, 159.6, 160.2, 160.2, 160.2, 159.0, 159.6, 158.9, 158.3, 158.3, 158.4, 158.4, 158.4, 159.0, 159.0, 158.3, 158.4, 158.4, 158.4, 158.4, 158.4, 158.4, 158.4, 158.4, 158.4, 159.0, 159.0, 159.6, 158.9, 160.8, 162.1, 162.1, 162.1, 161.5, 161.5, 161.5, 160.8, 160.8, 160.8, 160.8, 160.8, 160.2, 161.5, 161.5, 161.5, 161.5, 162.1, 161.5, 161.5, 162.1, 162.1, 162.1, 161.5, 162.1, 161.5, 161.5, 160.2, 160.3, 160.3, 159.6, 160.3, 159.7, 159.6, 159.0, 158.4, 159.0, 157.7, 157.2, 157.1, 155.9, 156.5, 155.9, 156.5, 155.3, 155.2, 155.9, 155.2, 155.2, 154.5, 154.5, 154.0, 153.3, 154.0, 154.6, 154.0, 154.1, 154.0, 154.0, 154.0, 154.0, 154.0, 154.0, 153.4, 154.2, 152.7, 152.8, 153.3, 152.7, 152.8, 153.5, 153.4, 153.4, 152.8, 153.3, 153.4, 153.4, 153.3, 152.7, 153.3, 152.8, 153.4, 152.7, 152.7, 152.6, 152.0, 152.7, 152.8, 152.7, 153.4, 152.8, 152.7, 152.8, 152.7, 152.0, 152.7, 152.7, 152.0, 152.7, 151.9, 153.3, 152.7, 152.2, 152.7, 152.2, 152.0, 151.4, 151.9, 152.0, 152.2, 152.2, 152.7, 151.3, 151.3, 152.0, 152.0, 151.9, 151.3, 152.8, 152.2, 152.7, 151.4, 151.4, 150.8, 152.0, 151.4, 152.2, 151.4, 151.3, 151.3, 152.0, 151.3, 151.3, 152.0, 151.3, 152.8, 151.9, 152.0, 152.0, 151.3, 152.6, 151.4, 152.0, 152.7, 150.6, 151.5, 151.4, 152.0, 151.3, 151.3, 152.0, 151.3, 151.3, 151.4, 151.3, 151.4, 152.0, 151.3, 151.4, 151.4, 151.5, 150.8, 152.2, 155.8, 157.0, 158.9, 159.5, 159.5, 160.2, 159.5, 160.2, 159.5, 160.2, 159.5, 159.5, 159.5, 159.5, 160.2, 159.5, 160.2, 161.5, 162.1, 161.5, 160.8, 160.2, 160.2, 159.6, 159.6, 159.0, 158.4, 158.4, 158.4, 158.4, 158.4, 159.0, 160.2, 162.1, 162.1, 162.1, 162.1, 161.5, 162.1, 162.1, 161.5, 161.5, 161.5, 161.5, 162.1, 161.5, 161.5, 162.1, 161.5, 161.5, 161.5, 161.5, 162.1, 162.1, 162.1, 162.1, 161.5, 161.5, 162.1, 162.1, 161.5, 162.1, 161.5, 160.9, 160.9, 160.3, 160.2, 160.3, 160.2, 160.9, 159.6, 159.6, 159.6, 160.9, 162.1, 161.5, 160.8, 161.5, 160.2, 160.8, 160.8, 160.9, 161.5, 161.5]"
18,"[154.6, 154.8, 154.9, 155.2, 154.8, 156.0, 156.0, 154.9, 156.1, 155.5, 155.5, 156.0, 155.4, 155.5, 155.4, 156.1, 155.5, 155.5, 155.5, 155.5, 156.1, 155.5, 155.5, 155.5, 155.5, 155.5, 155.5, 155.5, 155.5, 155.5, 156.1, 156.1, 154.9, 155.5, 154.9, 154.9, 155.5, 155.4, 155.5, 155.5, 154.9, 155.5, 155.5, 154.9, 155.4, 155.5, 154.9, 154.9, 154.9, 154.9, 155.4, 154.9, 155.0, 155.5, 154.8, 155.5, 154.9, 154.8, 155.5, 155.5, 155.5, 155.4, 155.5, 155.5, 156.1, 155.5, 154.9, 155.5, 155.5, 155.5, 154.9, 154.9, 155.5, 154.9, 154.9, 154.9, 154.9, 154.9, 154.9, 154.9, 154.9, 155.5, 154.9, 154.9, 155.5, 154.9, 154.9, 155.5, 154.9, 155.5, 155.5, 154.9, 154.9, 154.9, 155.5, 154.9, 155.5, 155.5, 155.0, 155.5, 156.1, 156.1, 155.5, 155.5, 156.1, 156.1, 154.9, 155.5, 154.9, 154.8, 154.8, 154.8, 154.9, 155.4, 154.8, 155.4, 154.9, 155.5, 154.9, 156.2, 154.3, 154.9, 154.9, 155.5, 154.9, 155.5, 156.7, 156.0, 156.7, 156.6, 155.5, 156.1, 156.1, 156.1, 155.4, 156.1, 154.9, 155.4, 155.5, 155.4, 155.4, 155.5, 155.5, 156.1, 155.3, 156.0, 155.4, 155.4, 155.4, 155.4, 155.4, 155.4, 156.0, 155.4, 156.1, 156.0, 156.0, 156.0, 155.3, 156.1, 155.4, 155.4, 156.0, 154.8, 154.8, 155.3, 155.9, 154.6, 155.3, 155.3, 154.7, 156.0, 154.7, 155.4, 154.8, 156.7, 156.7, 156.1, 156.0, 155.4, 156.0, 154.7, 154.9, 155.5, 154.7, 153.9, 154.4, 154.9, 154.1, 154.8, 154.8, 154.1, 154.8, 154.2, 154.2, 154.3, 154.4, 154.3, 154.4, 154.4, 153.7, 154.4, 153.8, 154.5, 153.9, 153.8, 153.8, 153.9, 153.8, 153.2, 151.9, 151.9, 151.3, 151.9, 151.9, 152.0, 151.9, 152.0, 152.2, 152.8, 152.0, 153.2, 153.6, 153.4, 153.4, 154.1, 155.4, 154.8, 154.2, 154.1, 153.5, 153.5, 154.1, 153.7, 153.7, 152.9, 153.0, 153.7, 153.6, 153.1, 152.5, 151.7, 151.8, 151.9, 152.6, 153.3, 152.0, 153.4, 153.4, 153.5, 153.5, 153.5, 153.5, 153.6, 153.6, 152.7, 153.6, 154.3, 154.8, 154.8, 154.1, 154.8, 153.5, 153.0, 153.0, 153.1, 153.6, 153.0, 152.3, 152.5, 152.5, 152.6, 151.8, 153.2, 152.7, 152.6, 153.3, 152.7, 152.7, 152.7, 153.3, 153.5, 153.4, 153.4, 153.4, 154.1, 152.7, 153.0, 153.6, 153.6, 154.3, 153.5, 153.7, 153.0, 153.0, 153.0, 153.0, 153.1, 154.4, 153.8, 154.6, 153.2, 152.6, 152.6, 152.6, 151.9, 153.3, 152.6, 153.2, 152.6, 154.0, 152.6, 155.2, 154.0, 153.2, 154.0, 154.4, 154.3, 155.6, 154.8, 154.8, 154.2, 153.4, 154.2, 152.9, 153.5, 153.5, 153.6, 153.1, 154.5, 153.2, 153.8, 153.3, 152.5, 153.9, 153.9, 155.2, 154.0, 153.3, 153.8, 153.7, 155.3, 155.3, 155.2, 155.2, 153.8, 155.2, 154.7, 153.8, 154.4, 154.8, 154.2, 154.2, 154.8, 153.4, 154.2, 152.9, 153.5, 153.5, 152.9, 152.9, 153.6, 153.8, 153.8, 154.4, 153.8, 153.1, 153.8, 155.9, 153.8, 155.9, 155.2, 155.9, 155.3, 155.3, 154.6, 155.3, 155.3, 156.0, 155.9, 155.3, 155.9, 155.3, 155.2, 155.3, 155.3, 155.4, 154.6, 153.9, 156.0, 154.6, 154.6, 154.6, 155.3, 154.7, 155.4, 155.3, 154.6, 154.6, 154.8, 154.7, 153.4, 155.4, 154.7, 153.9, 156.7, 155.3, 153.4, 154.7, 154.1, 154.6, 154.7, 155.4, 154.7, 154.7, 155.3, 154.8, 154.0, 155.2, 154.8, 156.0, 154.6, 154.7, 154.1, 155.4, 155.4, 154.8, 154.8, 154.6, 154.7, 155.3, 155.3, 155.3, 155.3, 155.3, 155.4, 155.4, 155.4, 153.9, 154.4, 154.2, 155.6, 155.6, 154.2, 155.6, 155.6, 155.6, 155.6, 155.0, 154.9, 155.0, 155.6, 155.6, 155.6, 154.9, 155.0, 155.0, 155.7, 155.8, 155.8, 155.1, 155.8, 155.0, 154.4, 155.1, 155.2, 155.1, 155.2, 155.8, 155.1, 154.4, 154.4, 153.8, 154.4, 154.4, 156.5, 155.2, 154.4, 154.4, 155.1, 155.2, 155.0, 154.4, 154.4, 154.4, 155.2, 154.5, 155.1, 154.4, 155.9, 154.5, 155.1, 155.1, 155.2, 155.1, 155.2, 156.5, 154.4, 154.4, 154.4, 154.4, 155.2, 155.1, 155.1, 155.1, 155.2, 155.8, 155.2, 155.8, 154.4, 154.4, 155.2, 155.2, 155.8, 155.0, 155.2, 155.8, 154.4, 155.8, 155.1, 155.0, 155.1, 155.1, 155.7, 155.8, 154.4, 155.1, 155.0, 155.6, 155.7, 156.4, 155.6, 155.0, 155.7, 155.7, 156.4, 156.4, 156.4, 157.0, 156.4, 156.4, 156.4, 156.4, 157.0, 157.7, 156.4, 157.0, 156.4, 157.0, 157.6, 156.9, 157.6, 156.9, 156.9, 157.6, 158.3, 157.6, 157.6, 158.2, 157.6, 158.2, 157.7, 158.9, 158.3, 158.9, 158.3, 158.3, 158.3, 158.3, 158.3, 158.9, 158.9, 158.3, 158.3, 158.9, 159.0, 158.9, 159.6, 159.6, 159.6, 159.6, 159.6, 158.9, 159.6, 159.0, 159.6, 159.0, 159.6, 160.2, 159.6, 159.0, 159.6, 158.9, 159.0, 159.6, 159.0, 159.6, 159.6, 159.0, 159.6]"
18,"[160.3, 161.5, 161.5, 160.9, 160.9, 160.9, 162.1, 162.1, 162.1, 162.1, 162.1, 162.1, 161.5, 161.5, 161.5, 162.1, 161.5, 161.5, 161.5, 161.5, 162.1, 161.5, 162.1, 161.5, 160.9, 160.9, 160.9, 161.5, 160.2, 161.5, 161.5, 161.5, 160.9, 161.5, 160.9, 160.9, 160.9, 160.9, 160.9, 160.9, 160.9, 160.9, 160.9, 160.9, 160.9, 160.9, 160.2, 160.9, 160.2, 161.5, 161.5, 160.9, 160.2, 161.5, 160.9, 161.5, 160.9, 160.9, 160.9, 161.5, 160.9, 160.9, 160.9, 160.9, 160.3, 160.3, 160.3, 160.2, 160.3, 160.2, 160.3, 160.2, 160.3, 160.3, 160.3, 160.2, 160.3, 159.7, 160.3, 160.3, 160.3, 159.7, 160.3, 160.3, 159.6, 160.2, 160.9, 159.6, 159.7, 159.7, 160.3, 160.3, 159.6, 160.3, 160.3, 159.6, 160.3, 160.3, 160.3, 159.6, 160.3, 159.7, 159.6, 159.6, 159.0, 159.6, 160.3, 159.6, 159.6, 159.6, 159.6, 160.2, 160.2, 160.2, 160.2, 160.3, 160.2, 159.6, 159.0, 159.6, 159.6, 158.9, 159.6, 159.6, 157.7, 157.6, 157.0, 157.0, 157.6, 157.6, 158.3, 158.3, 159.0, 159.6, 159.6, 160.2, 159.6, 158.9, 159.6, 159.6, 159.6, 160.2, 160.2, 159.6, 159.0, 159.0, 159.6, 159.6, 159.6, 159.6, 159.6, 159.0, 159.6, 159.6, 159.6, 159.0, 159.0, 159.0, 158.9, 158.9, 159.6, 159.6, 159.6, 159.6, 159.6, 159.6, 158.9, 159.6, 160.2, 160.2, 158.3, 157.6, 157.0, 156.9, 157.6, 157.6, 157.6, 157.6, 158.3, 158.3, 159.6, 158.9, 160.2, 160.2, 160.2, 160.2, 160.2, 161.5, 161.5, 160.9, 162.1, 162.1, 162.1, 161.5, 161.5, 162.1, 162.1, 161.5, 161.5, 161.5, 161.5, 161.5, 161.5, 161.5, 162.1, 161.5, 162.1, 162.1, 162.1, 161.5, 161.5, 162.1, 160.9, 161.5, 161.5, 161.5, 161.5, 161.5, 161.5, 161.5, 161.5, 162.1, 161.5, 161.5, 161.5, 160.9, 161.5, 161.5, 160.9, 161.5, 162.1, 160.9, 161.5, 161.5, 161.5, 161.5, 161.5, 160.8, 161.5, 161.5, 161.5, 161.5, 161.5, 161.5, 161.5, 161.5, 162.1, 161.5, 161.5, 161.5, 161.5, 161.5, 161.5, 161.5, 161.5, 161.5, 161.5, 161.5, 161.5, 161.5, 161.5, 161.5, 161.5, 161.5, 161.5, 161.5, 161.5, 161.5, 162.1, 161.5, 162.1, 162.1, 161.5, 161.5, 161.5, 162.1, 161.5, 161.5, 161.5, 160.8, 160.8, 160.8, 160.8, 160.9, 162.1, 160.9, 161.5, 160.9, 160.9, 161.5, 161.5, 160.9, 161.5, 160.9, 160.9, 160.9, 161.5, 162.1, 160.9, 161.5, 161.5, 161.5, 161.5, 161.5, 162.1, 161.5, 161.5, 161.5, 161.5, 160.8, 160.2, 160.2, 160.2, 160.8, 159.6, 160.9, 159.6, 160.2, 160.9, 160.2, 160.2, 160.2, 160.3, 160.3, 159.6, 160.3, 160.9, 160.3, 160.3, 160.2, 160.9, 160.8, 161.5, 161.5, 161.5, 162.1, 161.5, 160.8, 160.9, 160.2, 160.2, 160.2, 159.6, 160.2, 159.6, 160.2, 160.2, 160.2, 160.9, 160.9, 160.9, 161.5, 160.2, 160.2, 160.2, 160.9, 160.2, 160.3, 160.9, 160.2, 160.8, 161.5, 160.8, 160.8, 161.5, 160.8, 161.5, 160.2, 160.2, 159.5, 159.6, 159.6, 160.2, 159.6, 160.8, 160.2, 160.8, 160.9, 160.9, 160.8, 160.2, 160.2, 160.9, 160.2, 160.9, 160.2, 160.9, 160.9, 160.2, 159.6, 160.9, 160.9, 160.3, 160.9, 160.3, 160.9, 160.2, 160.2, 160.2, 160.9, 160.3, 160.3, 160.2, 160.2, 159.6, 159.6, 159.6, 160.3, 159.6, 159.6, 159.6, 159.6, 159.6, 160.2, 159.6, 159.6, 159.6, 159.0, 159.6, 159.0, 159.0, 159.0, 160.3, 160.3, 159.6, 159.6, 159.6, 159.0, 160.3, 159.0, 159.0, 159.6, 159.0, 159.6, 160.2, 160.2, 160.8, 161.5, 161.5, 160.8, 160.8, 160.8, 160.2, 160.8, 160.2, 160.2, 160.2, 159.6, 160.2, 159.6, 160.2, 160.2, 159.6, 160.2, 159.6, 158.9, 160.2, 159.6, 159.6, 160.2, 160.2, 160.2, 159.6, 160.2, 159.6, 159.6, 159.6, 159.5, 159.5, 159.5, 159.6, 159.6, 160.2, 159.6, 160.2, 159.6, 159.5, 160.2, 159.6, 160.2, 159.6, 159.6, 159.6, 159.6, 159.5, 159.5, 159.6, 159.6, 159.6, 159.6, 160.2, 159.6, 159.6, 159.5, 159.6, 159.6, 160.2, 159.5, 159.6, 158.9, 159.5, 159.6, 160.2, 159.6, 159.6, 158.9, 159.6, 159.5, 159.6, 159.6, 159.6, 160.2, 160.2, 159.5, 159.6, 160.2, 159.6, 160.8, 160.2, 159.6, 160.2, 159.6, 159.5, 160.2, 159.5, 160.2, 159.6, 160.2, 159.6, 159.6, 159.5, 159.5, 160.2, 160.2, 158.9, 160.2, 159.6, 159.6, 160.2, 159.5, 160.2, 159.6, 160.2, 159.6, 159.6, 159.6, 159.6, 160.9, 160.2, 160.2, 160.2, 160.2, 160.2, 160.8, 159.6, 159.5, 160.9, 160.8, 159.6, 159.5, 159.6, 159.6, 160.2, 159.6, 160.2, 160.8, 159.6, 160.2, 160.2, 160.2, 159.6, 160.2, 160.2, 160.8, 159.6, 160.2, 160.2, 159.6, 160.2, 160.2, 159.5, 159.5, 160.2, 160.2, 160.2, 160.2, 160.8, 160.2, 160.2, 160.2, 160.8, 160.2, 160.2, 160.2, 160.2, 160.2, 159.6, 160.2, 160.9, 160.9]"
18,"[158.7, 157.3, 157.9, 159.0, 159.0, 158.4, 159.6, 159.0, 158.4, 159.0, 158.4, 159.0, 158.5, 159.0, 159.0, 159.0, 158.4, 159.0, 159.0, 159.0, 159.0, 159.0, 159.1, 158.4, 159.0, 159.1, 157.8, 159.0, 159.0, 158.5, 159.0, 159.1, 159.0, 157.8, 159.0, 159.0, 159.0, 159.0, 159.0, 157.8, 158.4, 157.8, 158.4, 158.5, 158.5, 158.4, 159.0, 158.4, 157.8, 158.4, 158.5, 158.4, 159.0, 158.5, 158.5, 157.8, 158.4, 159.1, 157.9, 158.5, 157.8, 158.4, 158.5, 158.4, 157.8, 158.4, 158.5, 158.4, 158.4, 157.9, 158.5, 157.8, 158.4, 158.4, 158.4, 158.4, 158.4, 159.1, 158.4, 157.8, 158.4, 158.4, 157.9, 158.4, 158.4, 158.4, 158.4, 158.5, 158.5, 159.0, 157.8, 158.4, 159.1, 157.2, 157.9, 158.4, 158.4, 157.8, 158.4, 158.4, 157.8, 157.8, 157.8, 157.9, 158.4, 157.8, 157.9, 157.9, 158.5, 158.4, 157.8, 158.4, 157.8, 157.8, 157.8, 157.8, 157.2, 157.8, 157.2, 157.8, 157.2, 159.0, 158.4, 159.0, 158.4, 159.7, 160.3, 160.3, 160.9, 160.9, 160.9, 160.3, 160.9, 160.9, 160.3, 159.7, 160.9, 160.3, 161.5, 159.7, 160.9, 160.3, 160.3, 160.3, 160.3, 160.2, 160.3, 160.9, 160.3, 160.3, 160.3, 160.9, 160.2, 160.9, 159.6, 160.2, 160.2, 160.2, 160.9, 159.6, 160.9, 160.9, 160.9, 161.5, 162.1, 161.5, 161.5, 162.1, 161.5, 161.5, 161.5, 161.5, 160.9, 160.9, 161.5, 161.5, 162.1, 162.1, 161.5, 162.1, 162.1, 162.1, 161.5, 161.5, 162.1, 160.9, 160.9, 160.9, 161.5, 161.5, 162.1, 161.5, 160.9, 160.9, 162.1, 162.1, 162.1, 162.1, 162.1, 162.1, 161.5, 161.5, 161.5, 161.5, 161.5, 161.5, 162.1, 162.1, 161.5, 161.5, 161.5, 161.5, 161.5, 162.1, 160.8, 160.8, 160.2, 159.6, 158.9, 158.3, 158.3, 158.3, 157.7, 158.3, 158.3, 158.9, 159.6, 159.5, 160.2, 159.5, 159.5, 159.5, 160.2, 160.2, 160.2, 159.5, 160.2, 160.2, 158.3, 158.9, 158.9, 158.9, 158.3, 158.4, 158.4, 159.0, 160.2, 161.5, 162.1, 161.5, 160.8, 160.8, 160.8, 160.2, 158.9, 159.6, 159.6, 159.0, 158.3, 159.0, 158.9, 158.9, 159.6, 159.0, 159.6, 159.0, 159.6, 158.3, 160.2, 160.8, 161.5, 161.5, 161.5, 161.5, 161.5, 160.8, 160.8, 160.2, 160.2, 159.6, 159.6, 158.9, 159.6, 159.6, 159.6, 159.0, 159.6, 159.6, 159.6, 160.2, 159.6, 159.0, 159.6, 159.6, 159.7, 159.6, 159.6, 160.2, 160.8, 161.5, 161.5, 160.8, 161.5, 160.2, 160.2, 159.6, 159.6, 158.9, 158.3, 158.4, 158.4, 159.0, 159.0, 158.4, 159.0, 158.4, 159.0, 159.0, 159.7, 159.7, 160.3, 160.3, 160.3, 159.7, 159.0, 159.6, 159.5, 160.2, 160.8, 160.8, 160.8, 160.8, 160.2, 159.5, 158.8, 158.9, 158.3, 158.2, 158.2, 159.0, 158.4, 158.4, 158.4, 159.7, 159.1, 159.1, 159.0, 159.0, 159.0, 159.0, 159.0, 159.1, 159.1, 159.7, 159.7, 160.3, 159.1, 159.7, 159.6, 159.6, 159.5, 161.5, 159.5, 160.8, 160.8, 160.1, 159.5, 159.5, 160.2, 159.5, 158.8, 158.9, 159.5, 158.9, 159.6, 159.6, 159.6, 159.6, 158.9, 159.6, 159.6, 159.5, 159.6, 159.6, 160.2, 159.6, 160.2, 159.6, 159.6, 159.6, 159.6, 159.6, 159.6, 160.9, 159.6, 159.6, 160.2, 159.6, 159.6, 160.2, 160.3, 160.3, 159.6, 159.6, 159.6, 160.3, 159.6, 159.0, 159.6, 159.6, 159.7, 159.7, 159.7, 159.7, 159.7, 159.6, 159.7, 159.6, 160.3, 159.7, 160.2, 160.2, 161.5, 161.5, 161.5, 161.5, 160.8, 160.2, 160.2, 160.2, 160.2, 159.5, 160.2, 159.5, 160.2, 159.6, 159.6, 159.6, 160.2, 160.2, 160.2, 159.6, 159.6, 160.8, 159.6, 160.2, 160.2, 158.9, 160.2, 159.6, 159.6, 159.6, 160.2, 159.6, 159.6, 159.5, 159.6, 160.2, 159.6, 160.2, 158.9, 159.6, 159.6, 160.2, 159.5, 159.6, 159.6, 158.9, 159.6, 159.6, 159.6, 159.6, 159.6, 159.6, 159.6, 159.6, 159.6, 160.2, 159.6, 160.2, 159.6, 159.6, 160.2, 159.6, 159.5, 159.6, 159.5, 159.5, 159.6, 159.5, 160.2, 160.2, 160.2, 160.8, 159.6, 160.2, 160.2, 160.2, 160.2, 159.6, 159.5, 160.2, 159.6, 160.2, 160.9, 160.2, 160.8, 160.2, 160.2, 159.6, 160.2, 160.2, 160.2, 159.6, 160.8, 160.2, 160.2, 160.2, 160.2, 160.8, 160.2, 160.2, 160.8, 160.2, 160.8, 160.2, 160.2, 160.8, 160.8, 160.8, 160.2, 160.8, 160.8, 160.8, 160.8, 160.2, 160.8, 160.8, 160.8, 161.5, 160.8, 160.8, 160.8, 160.8, 160.8, 161.5, 160.8, 160.8, 160.8, 161.5, 161.5, 162.1, 162.1, 161.5, 161.5, 162.1, 161.5, 161.5, 161.5, 161.5, 161.5, 161.5, 161.5, 162.1, 161.5, 162.1, 161.5, 162.1, 161.5, 161.5, 161.5, 162.1, 161.5, 161.5, 161.5, 161.5, 161.5, 161.5, 161.5, 162.1, 162.1, 161.5, 161.5, 162.1, 161.5, 162.1, 161.5, 162.1, 162.1, 162.1, 161.5, 161.5, 162.1, 162.1, 162.1, 162.1, 162.1, 161.5, 162.1, 162.1]"
18,"[159.8, 159.1, 158.5, 160.2, 160.2, 160.9, 160.2, 159.6, 160.3, 160.9, 159.0, 160.9, 160.3, 159.6, 159.6, 160.2, 160.2, 160.2, 160.2, 159.6, 160.2, 159.6, 160.2, 159.6, 160.9, 160.2, 159.6, 160.2, 160.2, 160.2, 159.6, 160.2, 160.2, 160.2, 160.2, 160.2, 160.2, 160.2, 160.2, 160.2, 160.9, 160.9, 160.9, 160.2, 160.2, 160.2, 159.6, 159.6, 160.2, 160.2, 160.2, 159.6, 160.2, 160.2, 160.9, 160.2, 160.2, 160.9, 160.2, 159.6, 160.2, 160.2, 160.2, 159.6, 159.6, 160.2, 160.9, 160.9, 161.5, 161.5, 162.1, 161.5, 162.1, 162.1, 162.1, 162.1, 162.1, 162.1, 162.1, 161.5, 162.1, 161.5, 161.5, 162.1, 162.1, 162.1, 162.1, 161.5, 162.1, 160.9, 161.5, 161.5, 161.5, 160.9, 160.9, 160.9, 160.9, 160.9, 160.9, 161.5, 160.9, 161.5, 160.9, 161.5, 160.9, 160.9, 161.5, 160.9, 160.9, 160.2, 160.9, 160.2, 160.9, 160.9, 160.9, 160.9, 161.5, 161.5, 160.9, 160.2, 161.5, 161.5, 162.1, 161.5, 162.1, 161.5, 162.1, 160.9, 160.9, 160.9, 160.9, 160.9, 161.5, 160.9, 161.5, 161.5, 161.5, 162.1, 161.5, 161.5, 162.1, 162.1, 162.1, 161.5, 162.1, 161.5, 162.1, 161.5, 162.1, 161.5, 161.5, 161.5, 161.5, 161.5, 161.5, 161.5, 161.5, 160.9, 161.5, 160.9, 161.5, 161.5, 161.5, 160.9, 161.5, 160.9, 160.9, 161.5, 160.2, 160.9, 161.5, 161.5, 161.5, 161.5, 161.5, 161.5, 162.1, 160.9, 160.9, 161.5, 160.9, 161.5, 160.9, 161.5, 161.5, 160.9, 160.9, 160.9, 160.9, 161.5, 161.5, 161.5, 160.9, 161.5, 160.8, 160.2, 160.2, 160.2, 159.5, 159.5, 160.8, 160.8, 160.8, 160.8, 160.8, 160.8, 160.2, 161.5, 160.8, 160.8, 160.8, 160.8, 160.8, 160.8, 160.9, 161.5, 161.5, 162.1, 161.5, 162.1, 162.1, 160.8, 160.2, 158.9, 158.9, 159.5, 160.2, 160.8, 160.2, 160.8, 160.9, 160.8, 160.2, 160.2, 160.9, 160.9, 160.9, 162.1, 161.5, 161.5, 161.5, 161.5, 160.9, 160.9, 159.5, 159.5, 159.5, 160.2, 160.2, 160.2, 160.8, 160.2, 160.8, 160.9, 160.9, 160.9, 160.9, 161.5, 162.1, 161.5, 161.5, 161.5, 161.5, 161.5, 162.1, 160.8, 160.9, 160.2, 160.2, 159.5, 160.8, 160.2, 159.5, 160.2, 160.8, 160.8, 160.8, 161.5, 160.8, 160.8, 160.9, 160.9, 161.5, 161.5, 160.9, 160.9, 160.9, 160.8, 160.9, 161.5, 161.5, 161.5, 161.5, 160.9, 160.2, 160.2, 159.5, 160.2, 160.2, 160.8, 160.8, 160.8, 160.8, 160.9, 160.9, 160.9, 160.9, 161.5, 161.5, 161.5, 161.5, 162.1, 161.5, 161.5, 161.5, 161.5, 162.1, 161.5, 161.5, 160.9, 160.2, 160.8, 160.2, 160.8, 160.8, 160.8, 162.1, 161.5, 162.1, 161.5, 162.1, 161.5, 161.5, 162.1, 162.1, 162.1, 162.1, 161.5, 161.5, 162.1, 161.5, 162.1, 160.2, 160.8, 160.8, 161.5, 160.2, 161.5, 161.5, 161.5, 161.5, 161.5, 162.1, 162.1, 162.1, 162.1, 162.1, 162.1, 162.1, 162.1, 162.1, 161.5, 161.5, 161.5, 161.5, 161.5, 162.1, 161.5, 161.5, 161.5, 162.1, 162.1, 162.1, 161.5, 162.1, 161.5, 161.5, 160.9, 161.5, 161.5, 161.5, 160.9, 160.9, 160.2, 160.2, 160.2, 160.2, 160.2, 160.2, 160.2, 160.2, 160.2, 160.2, 160.8, 160.2, 160.2, 160.2, 160.2, 160.2, 160.2, 160.2, 160.2, 160.2, 160.2, 160.2, 160.9, 160.9, 160.2, 160.2, 160.2, 160.2, 158.2, 158.9, 158.3, 158.3, 158.9, 158.3, 158.3, 159.6, 159.6, 159.6, 158.9, 159.6, 158.9, 160.2, 159.6, 159.0, 159.6, 160.2, 159.6, 160.2, 159.6, 159.6, 160.2, 160.2, 160.2, 160.2, 160.2, 160.2, 160.2, 160.2, 160.2, 160.2, 160.2, 160.2, 160.2, 160.2, 160.2, 160.2, 160.9, 160.2, 160.2, 160.2, 160.2, 160.2, 160.9, 160.2, 160.8, 160.2, 160.9, 160.2, 160.2, 159.6, 160.2, 160.2, 159.6, 160.2, 160.2, 160.2, 159.6, 160.2, 160.2, 159.6, 159.6, 160.2, 160.8, 160.2, 159.6, 159.6, 159.6, 159.6, 159.6, 159.6, 159.0, 159.6, 160.2, 160.2, 159.6, 159.6, 158.9, 159.6, 159.6, 158.9, 158.9, 159.6, 159.0, 159.6, 159.6, 159.6, 159.6, 158.3, 158.3, 158.9, 158.4, 158.4, 158.9, 158.9, 159.6, 158.4, 159.6, 159.6, 158.3, 159.6, 158.9, 158.9, 158.9, 158.9, 159.6, 159.6, 158.9, 159.6, 159.6, 159.6, 159.6, 158.9, 159.6, 159.6, 158.9, 159.6, 159.6, 159.6, 158.9, 159.6, 158.9, 158.9, 159.6, 159.6, 159.0, 158.9, 158.9, 159.6, 159.6, 158.4, 159.6, 158.9, 159.6, 158.9, 158.3, 158.9, 158.9, 158.9, 158.9, 159.0, 158.9, 158.3, 159.6, 158.9, 158.9, 158.9, 158.9, 158.9, 158.9, 158.9, 158.9, 158.4, 158.9, 159.6, 159.6, 159.6, 158.9, 159.6, 158.9, 159.6, 158.9, 158.9, 158.9, 158.9, 158.9, 158.9, 159.0, 159.0, 158.9, 158.3, 159.6, 158.9, 158.4, 158.9, 158.9, 158.9, 158.9, 158.9, 159.0, 158.9, 158.9, 158.9, 159.0, 158.9, 159.0, 159.0, 158.9]"
18,"[160.3, 161.5, 161.5, 162.1, 161.5, 161.5, 162.1, 161.5, 162.1, 161.5, 161.5, 161.5, 162.1, 162.1, 162.1, 162.1, 161.5, 161.5, 162.1, 161.5, 162.1, 161.5, 161.5, 162.1, 161.5, 161.5, 161.5, 161.5, 161.5, 162.1, 160.9, 160.9, 161.5, 161.5, 161.5, 162.1, 162.1, 161.5, 161.5, 161.5, 160.9, 160.9, 161.5, 161.5, 161.5, 160.2, 160.9, 160.9, 161.5, 161.5, 161.5, 161.5, 161.5, 161.5, 162.1, 162.1, 162.1, 162.1, 162.1, 161.5, 161.5, 161.5, 161.5, 160.9, 161.5, 161.5, 161.5, 161.5, 161.5, 160.9, 161.5, 161.5, 160.9, 160.9, 162.1, 161.5, 160.9, 160.9, 160.9, 161.5, 161.5, 161.5, 161.5, 160.9, 160.9, 160.9, 160.2, 160.9, 161.5, 161.5, 160.9, 160.9, 161.5, 161.5, 161.5, 160.9, 161.5, 161.5, 162.1, 160.9, 161.5, 161.5, 160.9, 160.9, 161.5, 160.9, 161.5, 161.5, 161.5, 161.5, 161.5, 161.5, 161.5, 161.5, 161.5, 162.1, 161.5, 160.9, 161.5, 160.9, 160.9, 161.5, 162.1, 161.5, 160.9, 160.9, 160.2, 160.2, 160.9, 160.9, 161.5, 160.9, 160.9, 160.9, 160.9, 161.5, 160.9, 160.9, 160.9, 161.5, 160.9, 161.5, 160.9, 160.9, 160.2, 160.9, 161.5, 161.5, 161.5, 160.9, 160.9, 161.5, 160.9, 161.5, 161.5, 160.9, 160.9, 160.9, 161.5, 161.5, 161.5, 160.9, 161.5, 161.5, 161.5, 161.5, 161.5, 162.1, 161.5, 160.9, 161.5, 161.5, 161.5, 161.5, 161.5, 161.5, 161.5, 161.5, 161.5, 162.1, 162.1, 161.5, 161.5, 161.5, 161.5, 161.5, 161.5, 161.5, 161.5, 162.1, 160.9, 161.5, 162.1, 161.5, 161.5, 161.5, 161.5, 162.1, 162.1, 160.9, 161.5, 160.9, 161.5, 161.5, 160.9, 160.9, 161.5, 161.5, 162.1, 160.9, 161.5, 161.5, 160.9, 160.9, 161.5, 160.9, 160.9, 160.2, 160.9, 160.9, 160.9, 160.9, 161.5, 160.9, 160.9, 160.8, 160.8, 160.2, 160.9, 160.9, 160.8, 160.9, 160.9, 160.9, 160.8, 160.8, 160.8, 160.2, 160.2, 159.6, 160.2, 160.2, 159.6, 160.2, 160.2, 160.2, 159.6, 159.6, 158.9, 159.6, 159.6, 158.9, 158.9, 158.3, 158.9, 158.3, 158.3, 157.0, 158.3, 157.6, 157.0, 157.6, 157.6, 156.9, 156.3, 157.0, 157.0, 156.3, 156.3, 156.3, 156.9, 156.9, 157.0, 155.8, 156.4, 156.4, 156.4, 155.8, 156.4, 155.7, 156.4, 156.4, 156.4, 156.4, 156.4, 155.8, 156.4, 156.4, 155.7, 155.8, 155.7, 156.4, 156.4, 155.8, 156.4, 155.8, 157.0, 156.4, 155.8, 155.8, 155.7, 155.7, 155.7, 155.7, 154.3, 153.6, 151.1, 149.5, 149.7, 151.7, 152.3, 153.1, 153.6, 154.3, 154.9, 154.9, 154.9, 154.9, 154.9, 154.9, 155.0, 154.9, 154.3, 154.9, 155.6, 155.0, 155.0, 155.0, 155.0, 155.0, 155.6, 155.6, 155.6, 155.6, 155.6, 155.1, 155.6, 155.6, 156.3, 155.1, 155.1, 155.6, 155.6, 155.0, 155.6, 155.6, 155.0, 155.6, 155.6, 156.3, 156.3, 155.6, 156.3, 155.7, 155.6, 156.2, 155.6, 156.3, 155.0, 156.3, 155.6, 155.6, 155.2, 156.3, 155.2, 155.6, 153.6, 151.8, 149.7, 148.4, 150.3, 151.1, 151.6, 151.7, 151.2, 153.1, 154.4, 155.6, 156.3, 156.3, 156.3, 155.6, 155.6, 155.6, 155.0, 155.6, 155.6, 155.6, 155.6, 155.6, 155.6, 156.3, 156.4, 156.4, 156.3, 155.7, 156.3, 156.4, 156.3, 156.3, 156.3, 156.3, 155.6, 156.3, 155.0, 156.3, 156.3, 157.0, 156.3, 157.0, 155.7, 156.4, 157.0, 157.0, 157.0, 156.4, 155.8, 156.4, 157.0, 157.0, 157.0, 157.0, 157.0, 156.4, 156.4, 157.0, 156.3, 155.7, 156.9, 156.9, 156.3, 156.3, 156.4, 156.3, 156.4, 156.3, 156.4, 156.4, 156.4, 156.9, 156.4, 156.4, 156.3, 155.7, 156.3, 156.4, 156.4, 156.4, 156.4, 156.4, 156.4, 155.6, 155.7, 155.7, 156.3, 156.3, 155.6, 155.7, 156.4, 156.3, 156.3, 156.3, 155.6, 156.3, 155.6, 155.6, 155.0, 155.0, 155.6, 155.6, 155.0, 155.0, 154.9, 155.0, 154.9, 154.4, 154.4, 155.1, 153.8, 153.1, 150.6, 149.9, 150.4, 149.2, 149.8, 151.1, 151.7, 151.8, 151.9, 152.6, 152.5, 151.7, 151.8, 151.7, 151.7, 152.5, 153.0, 153.1, 152.5, 153.1, 152.6, 152.5, 152.6, 152.5, 152.5, 152.6, 152.5, 152.5, 153.1, 152.5, 153.1, 152.5, 152.3, 153.1, 153.2, 153.0, 152.6, 153.2, 153.1, 152.5, 153.1, 151.9, 150.4, 149.8, 149.8, 151.2, 152.5, 153.2, 153.8, 154.4, 154.4, 154.4, 153.8, 153.9, 153.3, 153.7, 153.7, 153.7, 153.7, 154.5, 153.8, 154.4, 154.4, 154.4, 153.8, 154.4, 153.9, 154.4, 153.8, 154.4, 153.9, 154.4, 154.4, 154.4, 153.9, 153.8, 153.2, 151.7, 151.1, 150.4, 151.1, 152.3, 153.1, 153.1, 153.7, 153.7, 153.7, 154.4, 153.8, 153.7, 153.8, 154.4, 154.4, 153.8, 153.7, 153.8, 154.4, 154.4, 154.4, 154.4, 154.4, 155.0, 155.1, 155.1, 153.8, 155.1, 155.1, 155.1, 155.1, 155.1, 154.4, 154.4, 154.4, 153.1, 150.4, 151.1, 151.8, 151.7, 153.1, 153.7]"
18,"[160.9, 162.1, 160.9, 162.1, 161.5, 162.1, 161.5, 161.5, 162.1, 162.1, 161.5, 161.5, 162.1, 161.5, 161.5, 162.1, 162.1, 161.5, 162.1, 160.9, 161.5, 161.5, 161.5, 161.5, 161.5, 161.5, 161.5, 161.5, 162.1, 161.5, 162.1, 162.1, 161.5, 160.9, 162.1, 160.9, 161.5, 162.1, 162.1, 162.1, 162.1, 161.5, 161.5, 162.1, 162.1, 161.5, 161.5, 161.5, 161.5, 161.5, 161.5, 161.5, 162.1, 161.5, 161.5, 161.5, 161.5, 161.5, 162.1, 161.5, 160.9, 160.9, 160.9, 161.5, 160.9, 161.5, 160.9, 161.5, 161.5, 160.9, 161.5, 160.9, 160.9, 161.5, 160.2, 160.9, 160.9, 160.9, 160.9, 160.9, 161.5, 160.9, 160.9, 160.9, 161.5, 160.9, 161.5, 160.9, 160.2, 160.2, 160.9, 160.9, 160.2, 160.9, 160.2, 160.2, 160.9, 160.9, 160.9, 161.5, 160.2, 160.2, 161.5, 160.9, 160.8, 161.5, 161.5, 161.5, 160.9, 160.2, 161.5, 160.2, 160.9, 160.2, 161.5, 160.9, 160.8, 160.2, 160.9, 160.2, 161.5, 160.9, 160.9, 161.5, 160.9, 162.1, 162.1, 161.5, 161.5, 161.5, 161.5, 161.5, 161.5, 161.5, 161.5, 162.1, 162.1, 162.1, 162.1, 161.5, 162.1, 161.5, 162.1, 162.1, 162.1, 161.5, 162.1, 161.5, 162.1, 162.1, 162.1, 162.1, 162.1, 161.5, 162.1, 162.1, 162.1, 161.5, 161.5, 161.5, 162.1, 162.1, 161.5, 161.5, 160.9, 159.6, 159.6, 159.6, 159.6, 160.2, 160.2, 159.6, 158.3, 158.9, 158.9, 158.9, 160.2, 159.6, 160.2, 160.2, 159.6, 160.2, 160.2, 160.8, 160.9, 160.2, 160.2, 160.9, 160.2, 160.2, 160.9, 160.2, 160.9, 160.8, 160.9, 159.6, 160.9, 160.9, 160.9, 160.9, 161.5, 160.8, 160.9, 160.2, 160.9, 161.5, 160.9, 160.9, 160.9, 161.5, 160.2, 160.9, 160.9, 161.5, 160.9, 161.5, 160.9, 160.9, 160.9, 161.5, 160.9, 160.9, 160.9, 161.5, 161.5, 161.5, 161.5, 161.5, 161.5, 161.5, 160.9, 161.5, 161.5, 161.5, 160.2, 159.6, 158.9, 158.2, 158.8, 158.9, 159.5, 159.5, 160.2, 158.9, 159.6, 160.2, 159.5, 160.2, 160.2, 159.5, 159.6, 159.5, 159.5, 159.5, 159.5, 160.2, 160.2, 160.2, 159.5, 160.2, 159.5, 159.5, 159.5, 160.2, 160.2, 160.2, 159.6, 159.5, 159.5, 159.6, 159.6, 159.5, 159.5, 158.9, 159.5, 158.9, 158.9, 159.5, 158.8, 158.8, 158.9, 158.2, 159.5, 158.9, 159.5, 158.9, 158.2, 158.2, 158.2, 158.9, 159.5, 159.5, 158.9, 159.6, 159.6, 159.0, 160.2, 160.2, 160.2, 160.2, 159.0, 158.9, 158.2, 158.2, 157.6, 157.5, 157.5, 158.2, 158.9, 159.5, 158.9, 158.8, 159.5, 159.5, 159.6, 160.2, 159.6, 159.6, 159.6, 159.6, 160.2, 159.6, 159.6, 158.9, 157.5, 158.2, 157.6, 157.6, 158.3, 156.9, 157.6, 158.2, 158.9, 159.5, 159.5, 158.9, 158.9, 159.5, 159.5, 158.9, 159.5, 157.6, 157.0, 157.0, 156.9, 158.8, 159.6, 158.9, 159.6, 160.2, 160.2, 159.0, 159.6, 159.6, 160.2, 159.6, 159.6, 159.6, 160.2, 160.2, 159.6, 160.2, 160.2, 159.6, 158.2, 157.6, 158.2, 157.6, 157.6, 157.6, 158.9, 159.5, 158.9, 158.9, 159.5, 159.5, 159.6, 159.6, 159.6, 159.6, 159.6, 159.6, 159.6, 159.6, 159.6, 159.6, 158.9, 159.6, 159.6, 160.2, 159.6, 158.9, 159.6, 159.6, 159.6, 159.6, 158.9, 158.9, 159.6, 159.6, 158.9, 159.6, 159.6, 159.6, 159.6, 159.6, 159.6, 160.2, 159.6, 159.6, 159.6, 159.6, 158.9, 158.9, 158.9, 158.3, 158.3, 158.9, 158.9, 158.9, 157.6, 158.3, 158.3, 158.3, 158.3, 157.0, 157.6, 157.0, 157.0, 156.4, 157.6, 156.9, 156.4, 157.0, 156.9, 156.9, 156.4, 156.3, 156.4, 156.4, 156.4, 156.4, 156.3, 156.3, 157.0, 156.9, 156.3, 156.4, 157.0, 155.7, 156.4, 156.4, 156.4, 156.4, 156.4, 155.7, 156.4, 156.3, 156.4, 156.4, 155.7, 155.6, 156.4, 156.4, 155.7, 156.9, 155.7, 156.4, 156.4, 155.7, 156.4, 156.4, 156.4, 156.4, 156.4, 156.4, 156.4, 156.4, 156.4, 156.4, 156.4, 156.4, 155.7, 155.7, 156.4, 156.4, 156.4, 155.7, 156.4, 155.7, 155.8, 155.7, 156.4, 155.7, 155.7, 155.7, 156.4, 156.4, 156.4, 155.8, 155.8, 156.4, 156.4, 156.4, 156.4, 155.8, 156.4, 156.4, 155.1, 155.8, 155.6, 155.1, 155.1, 155.7, 155.7, 155.8, 155.1, 155.1, 155.1, 155.6, 155.2, 155.2, 155.2, 155.2, 155.1, 155.8, 155.7, 155.8, 155.7, 155.8, 155.7, 155.7, 155.7, 155.8, 155.8, 155.8, 156.4, 155.7, 155.7, 155.8, 156.4, 156.3, 156.4, 156.4, 156.4, 156.4, 156.4, 155.8, 156.4, 155.7, 156.4, 156.4, 156.4, 155.8, 155.8, 156.4, 156.4, 156.4, 155.8, 156.4, 156.4, 155.8, 156.4, 155.7, 156.4, 156.4, 155.7, 155.8, 156.4, 156.4, 156.4, 156.4, 156.4, 155.8, 155.7, 155.7, 156.3, 156.4, 156.4, 156.4, 156.4, 156.4, 156.4, 156.4, 155.8, 155.8, 157.0, 156.4, 156.4, 156.4, 156.4, 156.4, 156.4, 156.4, 155.8, 156.4, 155.8, 156.4, 156.4, 156.4]"
18,"[160.9, 160.3, 160.3, 160.2, 160.2, 160.2, 161.5, 160.9, 160.8, 160.8, 160.8, 160.9, 161.5, 160.9, 160.8, 160.2, 160.8, 160.2, 160.9, 160.9, 160.9, 160.8, 160.8, 160.9, 160.8, 160.9, 160.9, 161.5, 160.2, 160.9, 160.8, 160.8, 160.9, 160.8, 161.5, 160.2, 160.8, 160.9, 160.9, 160.2, 160.2, 160.9, 160.2, 160.9, 160.2, 160.2, 160.2, 160.9, 161.5, 160.8, 161.5, 160.9, 160.8, 160.8, 160.2, 160.2, 160.9, 160.9, 160.2, 160.8, 160.9, 160.9, 160.8, 160.2, 160.9, 160.2, 160.8, 160.2, 160.2, 160.9, 160.9, 160.9, 160.8, 160.2, 159.6, 161.5, 160.9, 160.2, 160.9, 160.8, 160.8, 160.2, 160.9, 160.9, 160.9, 160.2, 160.9, 160.8, 160.2, 160.2, 160.9, 160.8, 160.9, 160.2, 160.2, 160.2, 160.9, 160.2, 160.2, 161.5, 160.9, 160.9, 160.8, 160.9, 160.8, 160.2, 160.2, 160.2, 160.2, 160.2, 160.2, 160.2, 159.6, 160.8, 160.2, 160.2, 160.2, 160.2, 160.2, 160.8, 160.2, 160.2, 160.2, 160.2, 160.2, 159.6, 158.3, 158.4, 158.9, 158.9, 158.9, 158.9, 158.9, 158.9, 159.6, 159.6, 158.9, 159.6, 158.9, 159.6, 159.6, 158.9, 159.6, 160.2, 159.6, 159.6, 160.2, 159.6, 159.6, 160.2, 159.6, 159.6, 160.2, 159.6, 160.2, 160.2, 160.2, 159.6, 158.9, 158.9, 158.9, 158.9, 159.0, 158.3, 158.3, 157.6, 156.4, 155.7, 155.2, 155.7, 155.1, 154.4, 155.1, 155.8, 155.8, 156.5, 156.4, 155.7, 156.5, 156.4, 156.4, 156.4, 155.9, 156.4, 157.0, 157.0, 157.0, 157.0, 156.4, 157.0, 156.4, 157.0, 156.4, 156.4, 157.0, 157.0, 157.0, 157.0, 156.4, 157.0, 156.4, 157.0, 156.4, 156.4, 157.0, 156.4, 155.7, 155.6, 154.9, 154.4, 154.3, 153.0, 154.4, 155.0, 153.8, 153.9, 154.4, 153.8, 154.4, 153.8, 154.4, 155.1, 155.1, 155.1, 154.4, 155.1, 155.1, 155.1, 155.7, 155.1, 155.7, 155.2, 155.7, 155.7, 156.4, 156.4, 156.4, 157.0, 157.0, 157.6, 157.6, 156.9, 157.6, 157.7, 157.0, 157.0, 157.6, 156.9, 156.4, 156.3, 157.0, 156.4, 157.0, 156.9, 157.0, 156.9, 156.3, 156.9, 157.0, 156.9, 156.9, 155.5, 154.8, 153.5, 153.0, 152.9, 152.3, 153.0, 153.0, 153.0, 152.9, 152.3, 152.3, 152.3, 153.0, 152.5, 152.5, 152.5, 152.5, 153.1, 153.1, 152.5, 152.9, 152.5, 152.5, 151.8, 152.3, 153.1, 152.5, 151.8, 151.8, 153.1, 153.0, 152.5, 152.5, 153.1, 153.0, 152.5, 151.8, 152.6, 153.1, 153.7, 154.4, 154.4, 154.4, 153.7, 155.0, 155.0, 155.0, 155.6, 155.1, 155.1, 155.1, 155.1, 155.1, 155.7, 155.7, 155.7, 155.6, 155.1, 155.1, 153.7, 150.6, 149.3, 148.7, 149.2, 150.6, 150.9, 151.2, 150.3, 151.2, 150.3, 150.4, 150.4, 151.1, 151.8, 150.6, 151.9, 151.8, 151.2, 151.8, 151.3, 151.8, 151.8, 153.1, 153.7, 153.7, 155.0, 154.4, 155.1, 154.4, 153.7, 155.0, 154.4, 154.4, 155.0, 154.4, 154.4, 155.0, 153.7, 153.1, 150.4, 149.2, 148.6, 147.9, 149.3, 149.0, 149.9, 149.9, 150.2, 150.4, 151.1, 151.2, 152.6, 153.1, 153.1, 153.7, 154.4, 154.3, 154.4, 153.1, 153.1, 153.1, 152.5, 152.5, 153.1, 153.1, 152.5, 152.5, 153.1, 153.1, 153.2, 153.1, 153.1, 153.7, 153.6, 153.1, 152.5, 153.7, 153.7, 153.7, 153.7, 153.8, 154.3, 153.1, 153.7, 153.1, 153.1, 153.1, 153.7, 153.7, 153.8, 153.7, 154.4, 154.4, 154.4, 154.4, 154.4, 154.4, 154.4, 154.4, 154.4, 154.4, 155.1, 154.4, 155.0, 155.1, 155.1, 155.1, 154.4, 155.1, 154.4, 154.4, 155.0, 154.4, 154.4, 154.4, 155.0, 154.4, 154.5, 154.4, 155.0, 153.7, 154.4, 155.2, 154.4, 154.4, 154.5, 154.4, 155.1, 155.1, 155.1, 154.4, 153.8, 153.8, 155.1, 155.0, 153.8, 154.4, 154.4, 153.8, 154.4, 154.4, 153.8, 153.9, 153.8, 153.8, 153.2, 153.2, 152.6, 153.1, 152.6, 153.2, 150.3, 148.4, 148.4, 147.8, 148.4, 149.0, 149.2, 149.7, 149.8, 149.8, 149.8, 149.8, 150.4, 150.4, 150.4, 150.4, 150.9, 151.2, 151.7, 151.7, 151.8, 152.3, 151.8, 151.1, 151.1, 150.4, 150.4, 150.4, 150.4, 150.4, 150.4, 150.9, 150.4, 150.4, 151.1, 151.7, 152.5, 152.5, 152.5, 151.8, 152.3, 152.5, 152.5, 152.5, 153.1, 152.6, 152.5, 152.5, 153.7, 153.2, 152.6, 152.6, 152.6, 152.6, 152.6, 152.5, 152.6, 153.2, 152.5, 152.6, 152.5, 152.5, 153.2, 151.8, 153.2, 152.6, 153.1, 152.5, 152.6, 152.5, 153.2, 152.5, 153.1, 152.3, 151.7, 149.2, 149.0, 149.2, 150.3, 151.1, 151.2, 151.1, 149.7, 150.4, 151.1, 150.4, 151.7, 152.5, 152.5, 153.0, 152.5, 153.1, 153.2, 153.1, 153.2, 153.1, 153.2, 153.1, 152.6, 153.2, 153.2, 153.1, 152.5, 153.1, 153.1, 153.8, 153.1, 153.1, 153.8, 153.7, 153.8, 153.1, 153.2, 153.7, 153.1, 153.7, 153.8, 153.1, 153.1, 153.7, 152.6, 153.8, 153.7, 153.1, 151.7, 150.4, 149.7]"
18,"[161.5, 159.6, 160.2, 160.2, 160.9, 160.2, 160.8, 160.8, 160.9, 160.2, 160.2, 160.9, 160.9, 160.8, 160.2, 160.2, 160.9, 161.5, 161.5, 161.5, 160.9, 160.2, 160.8, 161.5, 160.9, 161.5, 160.2, 160.9, 161.5, 161.5, 160.9, 161.5, 161.5, 160.9, 160.2, 160.9, 161.5, 160.9, 160.9, 160.8, 161.5, 160.9, 161.5, 160.8, 160.9, 160.9, 160.8, 161.5, 161.5, 161.5, 160.9, 160.9, 161.5, 161.5, 160.9, 160.2, 160.9, 161.5, 160.9, 161.5, 161.5, 161.5, 160.9, 161.5, 161.5, 161.5, 161.5, 161.5, 161.5, 160.8, 161.5, 161.5, 161.5, 160.9, 161.5, 160.8, 160.8, 160.9, 161.5, 161.5, 160.9, 160.9, 160.9, 161.5, 160.9, 161.5, 161.5, 160.9, 161.5, 161.5, 161.5, 162.1, 160.9, 161.5, 160.9, 160.9, 161.5, 161.5, 160.9, 162.1, 160.9, 161.5, 160.9, 161.5, 161.5, 162.1, 161.5, 162.1, 162.1, 162.1, 161.5, 161.5, 161.5, 162.1, 160.9, 161.5, 162.1, 160.9, 162.1, 162.1, 162.1, 161.5, 162.1, 161.5, 161.5, 160.9, 159.6, 158.9, 159.6, 159.6, 160.2, 160.2, 160.2, 160.8, 160.8, 160.9, 160.8, 161.5, 161.5, 161.5, 161.5, 161.5, 161.5, 161.5, 161.5, 160.9, 160.8, 161.5, 161.5, 160.2, 161.5, 160.8, 160.9, 160.9, 160.2, 160.9, 160.8, 160.9, 161.5, 160.9, 162.1, 161.5, 160.8, 160.9, 161.5, 160.9, 161.5, 160.9, 161.5, 160.9, 161.5, 161.5, 161.5, 160.9, 160.9, 160.8, 160.2, 160.2, 161.5, 160.2, 160.2, 160.9, 160.9, 160.9, 160.2, 160.9, 160.9, 160.2, 160.2, 160.2, 160.2, 160.9, 160.9, 160.9, 160.9, 160.9, 160.9, 160.2, 161.5, 160.9, 160.9, 160.9, 160.9, 160.9, 160.9, 160.2, 159.6, 160.2, 159.6, 158.3, 157.7, 157.7, 157.0, 157.0, 158.3, 157.7, 157.7, 157.7, 158.3, 158.9, 158.9, 158.9, 158.9, 158.3, 158.3, 158.4, 158.9, 158.3, 158.3, 158.3, 158.3, 158.9, 158.9, 159.6, 159.0, 158.9, 159.6, 159.6, 159.6, 158.9, 160.2, 159.6, 159.6, 160.2, 159.6, 159.6, 160.2, 159.0, 160.2, 159.6, 160.2, 158.9, 159.6, 159.6, 159.6, 159.6, 158.9, 159.0, 159.6, 159.6, 160.2, 159.6, 159.6, 158.9, 158.9, 159.0, 158.9, 158.3, 158.3, 157.0, 156.4, 157.0, 157.0, 157.0, 156.4, 157.0, 157.0, 157.0, 157.0, 156.4, 156.4, 156.4, 157.6, 157.0, 156.4, 157.0, 157.0, 156.4, 157.0, 157.0, 155.6, 155.6, 154.3, 153.5, 150.9, 151.6, 151.6, 151.6, 150.9, 151.6, 150.9, 151.1, 151.7, 153.0, 152.3, 152.2, 152.2, 152.2, 151.6, 151.6, 151.8, 153.1, 153.7, 153.0, 153.6, 153.0, 153.0, 153.0, 153.0, 153.0, 153.0, 152.3, 154.4, 154.3, 154.3, 154.9, 155.6, 158.2, 158.9, 158.9, 159.5, 160.2, 160.2, 160.8, 158.9, 159.5, 160.8, 162.1, 161.5, 161.5, 162.1, 162.1, 161.5, 161.5, 161.5, 161.5, 160.2, 161.5, 161.5, 160.2, 160.2, 160.8, 161.5, 161.5, 160.9, 161.5, 160.2, 160.9, 160.2, 160.8, 160.2, 160.9, 160.2, 160.9, 160.9, 160.9, 160.9, 160.9, 161.5, 160.2, 160.2, 158.2, 158.2, 155.7, 155.1, 155.8, 155.6, 155.7, 156.3, 156.3, 156.4, 155.6, 155.8, 155.2, 155.1, 155.0, 156.4, 156.3, 155.7, 155.7, 155.1, 155.7, 155.1, 155.1, 155.2, 155.2, 155.7, 155.2, 155.0, 155.8, 155.2, 155.1, 152.6, 152.6, 153.1, 153.1, 154.9, 155.6, 155.6, 155.6, 155.6, 156.4, 156.3, 155.6, 156.3, 155.6, 155.6, 156.3, 156.9, 156.9, 157.6, 156.9, 156.9, 156.9, 156.9, 156.3, 156.3, 156.3, 156.3, 155.6, 155.6, 156.3, 155.6, 155.6, 156.3, 155.0, 155.0, 155.0, 155.1, 155.1, 155.1, 155.1, 155.1, 155.1, 154.4, 155.7, 154.4, 152.6, 151.1, 148.6, 148.4, 148.7, 149.2, 149.8, 151.2, 151.8, 152.3, 153.1, 153.6, 153.7, 153.1, 153.7, 153.6, 153.7, 153.6, 153.6, 153.0, 153.6, 153.1, 153.0, 153.7, 154.4, 153.7, 154.4, 154.4, 154.4, 154.4, 153.7, 153.6, 153.0, 151.8, 151.1, 151.2, 151.7, 152.3, 152.3, 151.6, 151.8, 152.5, 152.5, 152.5, 153.0, 153.0, 153.6, 153.7, 153.7, 153.6, 153.6, 153.7, 153.6, 153.6, 153.6, 153.6, 153.2, 153.6, 153.1, 153.7, 153.6, 154.3, 153.7, 153.6, 153.6, 154.4, 153.8, 153.7, 153.7, 153.7, 153.6, 154.3, 154.3, 154.3, 153.6, 154.4, 154.4, 154.4, 154.4, 154.3, 154.3, 153.1, 151.8, 150.4, 148.6, 149.2, 149.8, 151.7, 152.5, 151.7, 151.8, 151.8, 151.7, 151.7, 151.8, 153.0, 153.7, 154.3, 154.3, 154.4, 154.4, 154.4, 154.4, 154.4, 154.4, 155.0, 155.0, 155.0, 154.4, 155.0, 154.4, 155.0, 155.6, 154.4, 154.4, 154.4, 155.1, 155.6, 155.6, 154.4, 155.0, 154.4, 155.0, 155.6, 155.0, 155.1, 155.7, 154.4, 154.4, 155.0, 155.6, 154.4, 154.4, 154.4, 155.0, 154.4, 155.6, 155.1, 155.6, 155.0, 155.0, 155.0, 155.0, 155.7, 155.7, 155.6, 155.1, 155.7, 155.7, 155.0, 153.7, 152.5, 152.5]"
18,"[161.5, 159.0, 160.2, 159.6, 159.6, 160.2, 160.8, 160.8, 160.2, 160.2, 160.2, 160.8, 160.9, 161.5, 160.2, 160.2, 160.9, 160.2, 160.8, 160.9, 160.2, 160.9, 160.2, 160.2, 160.2, 160.9, 160.9, 160.9, 160.9, 160.9, 160.9, 160.9, 160.2, 160.9, 160.2, 160.9, 160.2, 160.9, 160.2, 160.2, 160.2, 160.2, 160.2, 160.8, 160.2, 160.2, 160.2, 160.2, 161.5, 160.9, 161.5, 161.5, 160.9, 160.9, 160.9, 160.9, 160.2, 160.2, 160.2, 160.9, 160.9, 160.9, 160.9, 160.2, 160.9, 160.9, 160.8, 160.9, 160.2, 160.9, 160.9, 160.9, 160.9, 160.2, 161.5, 160.9, 160.9, 160.9, 160.9, 160.9, 160.9, 160.9, 160.2, 160.9, 160.9, 160.8, 160.8, 160.2, 160.2, 160.9, 160.9, 160.2, 160.9, 160.9, 160.9, 160.9, 160.9, 160.9, 160.9, 160.9, 161.5, 160.9, 160.9, 160.9, 160.9, 160.9, 160.9, 160.9, 160.9, 160.8, 160.9, 160.9, 161.5, 160.8, 160.8, 160.9, 160.9, 160.9, 162.1, 160.8, 161.5, 161.5, 160.8, 160.9, 160.8, 159.6, 160.2, 159.0, 159.6, 158.9, 159.6, 159.6, 159.0, 159.0, 159.6, 159.6, 159.6, 159.6, 159.6, 159.6, 159.6, 160.2, 159.6, 159.0, 159.6, 159.6, 160.2, 159.6, 160.2, 160.9, 159.6, 160.2, 160.2, 160.2, 160.2, 160.9, 160.2, 160.2, 160.2, 159.6, 159.6, 159.6, 158.9, 157.6, 157.0, 157.7, 157.0, 157.0, 157.0, 156.9, 157.0, 157.0, 157.6, 158.3, 158.3, 158.3, 158.3, 158.3, 158.9, 159.6, 158.9, 158.3, 158.9, 158.9, 159.0, 158.9, 158.4, 159.6, 159.0, 159.6, 159.6, 158.9, 158.9, 159.6, 158.9, 158.9, 159.6, 158.9, 158.9, 160.2, 159.6, 160.2, 159.6, 160.2, 159.6, 160.8, 160.2, 160.2, 159.6, 160.2, 160.2, 160.8, 160.2, 160.2, 160.2, 160.2, 160.2, 160.2, 159.6, 160.2, 160.2, 160.2, 160.2, 159.6, 160.2, 159.6, 160.2, 160.2, 160.2, 160.2, 159.6, 158.2, 157.5, 156.8, 156.8, 156.8, 156.8, 157.5, 157.6, 156.8, 156.9, 156.8, 156.8, 156.9, 156.9, 156.9, 156.2, 156.2, 157.5, 156.8, 157.5, 156.9, 156.2, 156.9, 156.8, 156.2, 156.3, 156.2, 156.2, 155.5, 156.3, 156.2, 155.0, 154.4, 153.0, 154.3, 154.9, 154.3, 154.2, 154.9, 153.6, 154.3, 154.3, 154.3, 154.3, 154.3, 153.7, 154.3, 153.2, 154.9, 153.7, 154.4, 154.4, 154.4, 155.6, 155.0, 155.6, 155.6, 155.6, 156.3, 156.2, 157.6, 158.9, 159.6, 159.6, 159.6, 161.5, 158.9, 159.5, 160.2, 161.5, 161.5, 161.5, 161.5, 162.1, 161.5, 161.5, 161.5, 161.5, 162.1, 162.1, 162.1, 161.5, 161.5, 161.5, 161.5, 160.8, 161.5, 160.8, 160.8, 161.5, 160.2, 160.2, 160.2, 158.9, 155.7, 153.8, 153.1, 153.1, 154.4, 155.1, 153.8, 153.3, 153.3, 152.6, 151.9, 152.6, 152.7, 154.4, 153.9, 155.1, 154.4, 155.6, 155.6, 155.0, 155.1, 155.6, 155.1, 153.7, 151.2, 148.7, 148.6, 149.3, 151.7, 151.2, 148.6, 151.8, 151.9, 151.8, 151.9, 152.5, 151.2, 151.2, 150.7, 151.2, 150.6, 148.1, 148.1, 151.2, 151.2, 151.9, 151.9, 152.0, 152.5, 153.1, 153.1, 153.7, 153.6, 154.4, 153.2, 152.5, 151.9, 151.3, 151.8, 151.9, 152.5, 153.7, 153.7, 153.6, 153.1, 152.5, 152.5, 152.5, 153.1, 153.1, 153.7, 153.7, 154.4, 153.7, 153.7, 153.7, 153.8, 153.7, 153.7, 153.7, 153.8, 153.2, 153.2, 153.7, 153.7, 153.7, 153.7, 154.4, 154.4, 154.4, 153.7, 154.4, 154.4, 154.4, 155.0, 154.4, 154.4, 155.1, 154.4, 155.1, 155.7, 155.7, 156.4, 156.3, 155.7, 155.6, 155.6, 155.6, 155.6, 156.3, 155.7, 155.6, 156.3, 155.6, 156.3, 155.6, 155.6, 155.7, 155.6, 155.6, 155.6, 154.9, 155.0, 155.0, 154.9, 154.4, 155.0, 154.3, 154.4, 154.9, 155.0, 155.0, 155.0, 155.0, 155.0, 155.0, 155.0, 154.4, 155.0, 154.4, 154.4, 154.4, 154.3, 155.0, 155.1, 154.4, 154.4, 155.0, 154.4, 154.4, 155.0, 155.0, 154.3, 154.4, 153.7, 152.3, 149.8, 150.4, 150.4, 150.4, 152.3, 151.2, 151.7, 151.8, 152.5, 152.3, 153.0, 152.5, 153.1, 152.3, 153.1, 153.7, 153.7, 153.7, 153.7, 154.4, 154.4, 154.4, 153.7, 154.4, 154.4, 153.6, 153.7, 153.7, 153.1, 153.1, 153.1, 153.7, 153.7, 153.7, 153.7, 153.7, 154.4, 154.4, 154.4, 154.4, 153.7, 154.4, 155.0, 154.4, 154.4, 154.4, 154.4, 154.4, 154.4, 154.4, 155.0, 155.1, 155.1, 155.1, 155.0, 155.0, 155.1, 155.1, 154.4, 155.0, 154.4, 152.5, 151.7, 150.3, 151.8, 151.8, 152.5, 153.1, 152.5, 153.1, 153.1, 153.1, 153.7, 153.7, 153.2, 154.4, 154.4, 153.7, 153.7, 153.7, 154.4, 154.4, 154.4, 155.1, 154.4, 155.0, 155.0, 153.8, 154.4, 153.0, 153.7, 153.7, 153.7, 153.7, 153.7, 155.1, 154.4, 154.4, 154.4, 155.0, 154.4, 155.1, 155.1, 155.1, 155.1, 155.1, 155.1, 155.2, 155.1, 155.1, 155.7, 155.1, 155.0, 155.1, 155.7, 155.7, 155.8, 155.1, 155.7]"
18,"[162.1, 160.2, 160.9, 161.5, 161.5, 160.9, 161.5, 160.9, 162.1, 162.1, 161.5, 162.1, 161.5, 162.1, 162.1, 161.5, 161.5, 162.1, 162.1, 162.1, 162.1, 161.5, 162.1, 161.5, 162.1, 162.1, 161.5, 161.5, 162.1, 161.5, 162.1, 162.1, 162.1, 162.1, 162.1, 161.5, 161.5, 162.1, 161.5, 162.1, 162.1, 161.5, 161.5, 161.5, 161.5, 161.5, 161.5, 162.1, 161.5, 161.5, 161.5, 161.5, 161.5, 162.1, 161.5, 162.1, 161.5, 161.5, 161.5, 160.9, 161.5, 161.5, 161.5, 161.5, 161.5, 161.5, 162.1, 161.5, 162.1, 162.1, 161.5, 161.5, 162.1, 161.5, 161.5, 162.1, 161.5, 161.5, 161.5, 161.5, 161.5, 162.1, 162.1, 162.1, 161.5, 162.1, 161.5, 161.5, 161.5, 161.5, 161.5, 161.5, 161.5, 162.1, 161.5, 161.5, 161.5, 161.5, 162.1, 161.5, 161.5, 162.1, 161.5, 160.9, 160.9, 161.5, 161.5, 161.5, 162.1, 161.5, 161.5, 160.9, 161.5, 161.5, 161.5, 161.5, 161.5, 161.5, 161.5, 162.1, 161.5, 161.5, 161.5, 162.1, 162.1, 161.5, 161.5, 160.2, 160.8, 160.2, 160.2, 160.2, 160.2, 160.2, 159.6, 160.8, 160.2, 160.9, 160.2, 160.2, 160.9, 160.2, 160.9, 159.6, 160.2, 160.2, 160.2, 160.2, 160.2, 160.2, 160.2, 160.8, 160.9, 160.9, 160.9, 160.9, 160.2, 161.5, 160.9, 160.9, 160.9, 160.2, 160.9, 160.8, 160.2, 160.2, 160.9, 160.2, 160.2, 160.2, 160.9, 160.9, 160.2, 160.9, 160.9, 160.2, 160.9, 160.9, 160.9, 160.9, 160.2, 159.6, 160.2, 160.2, 160.2, 160.2, 160.2, 160.2, 160.2, 160.9, 160.9, 160.9, 160.9, 160.2, 160.9, 160.2, 160.2, 160.2, 160.9, 160.2, 160.2, 158.9, 158.3, 157.6, 157.6, 156.9, 157.6, 156.9, 157.6, 157.6, 156.9, 156.9, 156.9, 156.3, 156.9, 157.5, 157.5, 157.6, 157.5, 157.6, 157.6, 158.3, 158.3, 158.3, 157.7, 158.3, 157.7, 157.7, 157.7, 158.3, 157.7, 157.0, 157.7, 157.7, 158.3, 158.3, 157.7, 158.9, 158.3, 158.3, 158.3, 158.3, 158.2, 158.9, 158.9, 158.3, 157.7, 157.0, 156.2, 155.6, 154.4, 153.6, 154.4, 154.4, 155.0, 155.7, 155.0, 155.0, 154.4, 154.4, 154.4, 153.7, 153.8, 155.0, 155.0, 155.6, 156.3, 155.6, 155.6, 156.3, 156.3, 156.3, 156.3, 156.9, 156.3, 156.3, 155.6, 157.6, 156.3, 156.9, 156.9, 156.9, 156.9, 156.3, 156.9, 157.6, 157.6, 157.6, 157.6, 157.6, 156.9, 157.6, 157.6, 156.9, 157.0, 156.9, 156.9, 156.3, 157.6, 156.9, 157.6, 156.9, 158.2, 157.6, 157.6, 157.6, 156.3, 153.2, 151.8, 151.8, 151.9, 152.3, 152.5, 152.5, 152.5, 151.8, 152.5, 151.1, 152.3, 151.7, 151.8, 152.5, 151.8, 151.8, 151.9, 151.8, 151.8, 151.8, 152.5, 152.0, 152.7, 151.3, 148.7, 147.6, 148.1, 150.1, 151.2, 149.5, 151.2, 152.5, 152.6, 153.0, 153.7, 153.6, 154.4, 154.4, 154.4, 154.4, 155.7, 155.1, 155.6, 155.0, 155.6, 155.1, 155.7, 155.6, 156.4, 155.7, 155.8, 155.7, 153.1, 150.4, 148.6, 147.9, 148.6, 148.6, 148.6, 149.7, 150.6, 151.8, 153.1, 153.7, 153.7, 152.3, 151.8, 153.1, 152.3, 153.0, 153.1, 153.1, 153.7, 153.1, 153.1, 153.7, 153.1, 153.0, 152.5, 153.1, 153.1, 153.1, 153.1, 153.7, 153.1, 153.7, 153.7, 153.7, 153.7, 153.8, 153.8, 153.7, 154.4, 154.4, 154.4, 154.4, 155.0, 154.4, 154.4, 155.6, 154.4, 155.0, 154.4, 155.1, 154.4, 154.4, 153.7, 154.4, 154.4, 154.4, 155.0, 154.4, 154.4, 154.4, 154.4, 154.4, 153.6, 153.8, 155.0, 154.3, 154.4, 154.3, 154.4, 153.7, 153.7, 155.0, 153.8, 154.4, 154.4, 154.4, 154.4, 154.4, 154.4, 154.4, 154.4, 154.4, 154.3, 154.3, 155.0, 154.3, 154.9, 154.4, 155.0, 154.4, 154.3, 154.4, 154.4, 154.4, 153.7, 154.4, 153.8, 154.3, 154.4, 153.7, 154.4, 153.8, 153.7, 153.6, 153.8, 153.2, 153.8, 153.7, 154.4, 153.8, 153.8, 153.8, 153.1, 153.1, 153.7, 152.3, 153.0, 152.5, 153.0, 152.5, 152.3, 152.5, 152.5, 151.7, 152.3, 152.5, 152.5, 151.7, 152.2, 151.7, 151.7, 151.7, 152.5, 151.1, 151.1, 151.6, 151.7, 151.1, 151.8, 151.7, 151.1, 151.2, 151.1, 151.1, 151.7, 151.7, 151.7, 151.7, 151.7, 151.1, 151.6, 150.9, 151.1, 151.1, 151.7, 151.7, 151.2, 151.7, 151.1, 151.7, 151.7, 150.6, 151.7, 151.1, 151.1, 151.7, 151.1, 151.7, 151.8, 152.5, 152.5, 152.5, 152.5, 153.1, 152.5, 153.2, 152.5, 153.1, 153.2, 152.5, 153.2, 153.2, 153.1, 153.1, 153.1, 153.1, 152.5, 151.8, 153.1, 152.5, 152.5, 152.5, 150.4, 149.2, 149.7, 149.7, 149.8, 150.4, 150.4, 150.4, 150.4, 151.1, 151.7, 150.4, 151.1, 151.7, 151.8, 151.8, 151.8, 151.8, 152.5, 152.5, 152.6, 152.6, 152.5, 153.2, 152.6, 153.2, 153.2, 152.6, 153.8, 153.2, 153.2, 153.2, 153.2, 153.7, 153.2, 153.8, 153.8, 153.8, 153.8, 153.8, 153.8, 153.2, 153.8, 153.2, 153.8, 153.2]"
19,"[170.6, 170.6, 170.1, 170.1, 170.6, 169.0, 168.0, 167.0, 168.0, 167.1, 167.5, 166.6, 167.6, 168.1, 167.6, 167.1, 167.0, 167.5, 168.1, 168.1, 168.1, 167.6, 167.6, 167.0, 166.5, 167.0, 167.1, 167.6, 168.6, 168.1, 168.1, 168.6, 169.1, 168.6, 167.6, 168.1, 168.6, 168.1, 168.6, 167.5, 168.6, 169.1, 168.6, 168.6, 168.6, 168.1, 168.6, 169.6, 169.1, 169.1, 169.1, 169.6, 170.1, 169.1, 170.1, 170.2, 169.6, 169.1, 169.6, 169.1, 170.1, 169.1, 168.6, 169.1, 168.6, 168.1, 169.6, 168.6, 168.6, 169.1, 168.6, 168.1, 168.6, 169.1, 169.6, 169.1, 168.6, 168.6, 168.1, 168.6, 169.1, 168.6, 168.6, 168.6, 168.6, 168.6, 168.6, 168.1, 168.1, 168.1, 168.1, 167.6, 168.6, 168.1, 168.6, 168.1, 167.6, 167.5, 167.6, 167.0, 167.6, 167.6, 167.6, 167.6, 167.5, 167.5, 167.6, 168.1, 168.1, 167.6, 168.1, 168.1, 167.6, 167.0, 167.5, 168.6, 167.5, 168.1, 168.6, 168.1, 168.6, 168.1, 168.6, 167.5, 168.1, 168.1, 168.6, 169.1, 168.6, 168.1, 169.1, 168.6, 168.6, 168.6, 169.1, 168.6, 169.1, 168.6, 168.6, 168.6, 168.1, 169.1, 168.1, 168.1, 167.6, 167.5, 167.6, 168.1, 167.0, 168.1, 168.1, 168.1, 167.5, 167.6, 167.6, 167.5, 168.6, 167.6, 168.1, 167.5, 167.5, 168.6, 167.5, 168.1, 167.0, 167.5, 167.6, 167.6, 167.5, 167.5, 167.5, 168.1, 167.5, 167.5, 168.1, 168.1, 167.6, 168.1, 168.1, 168.1, 168.6, 168.1, 168.1, 168.6, 168.6, 168.6, 168.6, 168.6, 169.1, 168.1, 168.6, 169.1, 168.6, 168.6, 167.5, 168.0, 169.1, 169.1, 169.1, 169.1, 169.6, 170.1, 170.7, 170.7, 170.2, 170.7, 170.1, 170.1, 170.2, 170.1, 170.2, 170.2, 170.1, 170.1, 169.6, 170.1, 170.1, 170.1, 170.1, 170.1, 170.1, 170.1, 169.6, 169.6, 170.2, 169.6, 169.1, 169.1, 169.6, 169.6, 169.6, 169.6, 169.6, 170.7, 169.6, 169.6, 169.6, 170.2, 169.1, 169.6, 168.6, 169.6, 169.1, 169.1, 169.6, 169.1, 169.1, 169.1, 169.1, 169.1, 169.1, 169.6, 169.6, 169.1, 169.1, 169.1, 169.1, 169.0, 169.0, 168.5, 169.6, 168.5, 169.1, 169.1, 168.5, 169.0, 169.1, 168.5, 169.1, 168.5, 169.1, 169.1, 168.0, 168.5, 168.6, 168.5, 168.0, 169.1, 169.6, 168.5, 169.1, 169.1, 168.0, 167.9, 168.5, 168.5, 168.0, 167.5, 168.0, 168.0, 168.5, 168.0, 167.4, 168.0, 167.9, 168.0, 168.5, 167.9, 167.5, 168.0, 168.0, 168.0, 168.5, 168.0, 167.4, 168.5, 168.0, 168.5, 168.5, 168.0, 168.5, 168.5, 168.0, 168.0, 168.5, 168.0, 168.5, 168.5, 169.1, 169.0, 168.5, 168.6, 168.5, 168.0, 168.0, 168.5, 168.5, 168.6, 168.0, 169.1, 168.5, 167.4, 168.0, 167.9, 167.5, 166.9, 167.4, 168.0, 168.5, 168.4, 167.8, 168.9, 168.4, 168.4, 167.8, 168.4, 169.0, 168.4, 169.0, 169.0, 168.4, 168.4, 168.5, 169.6, 169.6, 169.1, 169.0, 169.1, 169.6, 169.1, 168.5, 168.4, 167.9, 168.4, 167.9, 166.8, 166.8, 166.1, 164.9, 163.1, 163.6, 164.3, 164.4, 165.7, 165.2, 165.2, 164.6, 165.2, 165.8, 165.8, 165.3, 165.3, 165.2, 165.2, 165.8, 165.2, 165.8, 165.9, 165.3, 165.9, 165.9, 165.3, 165.9, 165.9, 166.3, 165.9, 165.9, 165.9, 165.4, 165.3, 165.3, 165.3, 165.9, 165.4, 165.9, 165.4, 165.4, 166.0, 165.3, 165.3, 165.9, 165.9, 165.4, 166.4, 166.4, 166.5, 165.9, 166.9, 166.4, 166.4, 166.4, 166.5, 166.4, 165.9, 165.4, 165.9, 165.9, 166.5, 166.5, 166.5, 166.5, 167.0, 167.0, 166.6, 167.0, 166.6, 167.0, 167.6, 168.6, 168.1, 168.6, 168.6, 168.6, 168.1, 169.1, 168.1, 168.6, 168.6, 169.1, 169.6, 170.2, 169.1, 168.6, 169.6, 169.6, 170.2, 169.6, 170.1, 170.2, 170.2, 170.2, 169.6, 170.2, 170.2, 170.2, 170.2, 170.2, 170.2, 170.2, 170.7, 170.7, 169.6, 170.2, 169.6, 170.7, 170.1, 170.2, 169.1, 169.6, 170.2, 170.2, 170.2, 169.6, 170.2, 170.2, 170.2, 170.2, 170.7, 170.2, 170.2, 170.7, 170.7, 170.7, 170.7, 171.2, 170.7, 171.2, 171.2, 170.2, 169.6, 168.5, 168.5, 168.0, 167.9, 167.4, 167.9, 167.9, 167.9, 168.5, 167.9, 167.9, 167.9, 167.9, 167.9, 168.5, 168.5, 168.5, 167.9, 168.5, 167.9, 169.0, 168.5, 168.5, 168.5, 168.5, 168.0, 169.1, 168.5, 167.9, 169.0, 168.5, 168.5, 169.0, 169.0, 168.5, 169.0, 169.1, 168.5, 168.5, 168.5, 168.5, 168.5, 168.5, 168.0, 168.5, 168.0, 168.0, 168.5, 168.0, 168.0, 168.0, 169.0, 168.5, 168.0, 169.0, 168.5, 168.5, 168.5, 168.5, 168.5, 167.9, 167.9, 168.5, 167.9, 167.9, 168.0, 167.4, 167.4, 167.4, 167.9, 167.9, 168.5, 168.5, 167.9, 167.4, 167.9, 167.9, 168.0, 167.4, 167.9, 166.8, 167.4, 168.5, 167.9, 167.4, 167.9, 167.4, 167.4, 167.9, 168.0, 168.0, 168.5, 167.4, 168.5, 167.9, 168.0, 167.9, 168.0, 167.9, 167.9]"
19,"[170.6, 170.6, 170.0, 170.0, 170.0, 170.6, 170.1, 170.1, 170.6, 170.7, 170.7, 171.2, 171.2, 171.2, 170.7, 170.7, 171.2, 171.2, 171.2, 170.7, 170.7, 171.2, 171.2, 171.2, 171.2, 170.7, 170.7, 171.2, 171.2, 170.7, 171.2, 170.7, 170.7, 170.7, 170.7, 170.7, 170.7, 170.7, 170.7, 171.2, 170.7, 170.7, 171.2, 170.7, 170.7, 170.6, 170.7, 170.7, 170.7, 170.7, 170.7, 170.7, 170.7, 170.7, 170.7, 170.1, 170.1, 170.7, 170.7, 170.1, 170.1, 169.6, 170.1, 170.1, 170.7, 169.6, 169.6, 170.1, 170.7, 170.1, 170.1, 170.7, 170.7, 170.1, 170.7, 170.7, 170.1, 170.1, 170.1, 170.1, 170.1, 170.1, 170.1, 170.7, 169.6, 170.7, 169.6, 170.1, 170.1, 170.1, 169.6, 170.1, 170.7, 170.1, 170.1, 170.1, 171.2, 170.7, 170.1, 170.1, 169.6, 170.1, 170.1, 170.1, 170.1, 169.6, 170.1, 170.7, 170.1, 170.1, 170.1, 170.1, 170.1, 170.1, 169.6, 170.7, 170.1, 170.7, 170.7, 170.7, 170.1, 170.7, 170.7, 170.7, 170.1, 170.7, 171.2, 171.2, 170.1, 170.6, 170.6, 170.6, 170.7, 170.7, 171.2, 171.2, 171.2, 171.2, 170.7, 171.2, 170.7, 170.7, 170.7, 170.1, 170.1, 170.1, 170.1, 169.6, 170.1, 169.0, 169.1, 168.5, 169.1, 168.6, 168.5, 168.5, 168.5, 169.1, 169.1, 168.5, 169.1, 168.6, 169.1, 169.1, 168.6, 168.6, 169.1, 168.0, 168.5, 169.1, 168.6, 168.6, 169.0, 168.0, 168.5, 168.5, 168.5, 168.0, 167.9, 167.4, 168.5, 168.0, 168.0, 168.0, 167.9, 168.0, 167.3, 167.9, 167.9, 168.0, 167.9, 168.5, 168.5, 167.9, 167.9, 167.9, 167.9, 167.9, 167.9, 168.0, 167.9, 167.4, 167.4, 167.9, 167.9, 167.4, 167.9, 167.4, 168.0, 167.9, 168.0, 168.0, 168.0, 168.0, 167.5, 168.0, 168.6, 168.6, 168.5, 168.6, 168.0, 168.0, 168.0, 168.0, 168.0, 167.9, 168.5, 168.0, 168.0, 168.0, 168.5, 168.5, 167.9, 168.0, 168.0, 167.9, 168.0, 168.0, 168.0, 168.5, 167.9, 168.0, 168.0, 168.0, 168.0, 167.9, 167.9, 168.0, 168.0, 167.4, 167.9, 167.4, 167.4, 167.9, 168.0, 168.0, 167.9, 168.0, 167.9, 167.4, 167.9, 167.4, 167.9, 167.9, 167.9, 167.4, 167.9, 167.3, 167.4, 167.4, 167.4, 167.9, 167.9, 168.0, 169.1, 170.7, 168.6, 170.7, 169.6, 171.2, 171.2, 170.1, 170.7, 170.2, 170.2, 169.6, 169.1, 170.1, 169.1, 169.1, 169.6, 169.6, 169.6, 169.6, 169.1, 169.6, 169.1, 168.6, 169.1, 168.0, 168.0, 168.6, 167.9, 168.0, 167.4, 167.4, 167.4, 167.4, 167.4, 167.4, 167.4, 167.4, 166.8, 167.4, 166.3, 166.9, 166.9, 166.2, 166.8, 166.8, 166.3, 166.2, 166.2, 166.8, 165.7, 165.7, 166.2, 166.2, 166.2, 166.3, 166.2, 166.3, 165.7, 166.3, 165.7, 165.2, 165.7, 165.2, 166.3, 165.1, 164.6, 165.8, 165.1, 165.1, 164.6, 165.7, 165.0, 165.1, 164.6, 165.2, 164.5, 165.2, 165.1, 164.6, 163.9, 164.6, 164.6, 164.6, 165.2, 165.7, 165.7, 165.0, 164.4, 164.6, 164.6, 165.1, 164.6, 163.9, 163.9, 163.5, 163.9, 162.8, 163.5, 162.9, 162.9, 162.4, 162.8, 162.5, 162.3, 162.9, 162.4, 162.5, 163.0, 162.5, 162.5, 163.1, 162.5, 163.0, 162.0, 163.1, 162.0, 162.5, 162.6, 162.7, 162.1, 162.1, 162.0, 162.6, 162.1, 162.1, 162.1, 161.5, 161.6, 161.0, 162.0, 160.9, 161.6, 162.1, 162.1, 162.1, 162.1, 162.0, 162.2, 162.1, 162.2, 161.5, 161.6, 161.6, 161.0, 162.1, 162.2, 161.5, 161.6, 162.3, 162.8, 161.7, 161.7, 162.3, 161.7, 162.9, 162.3, 161.0, 161.7, 161.7, 161.7, 161.7, 161.6, 162.2, 161.7, 161.7, 160.9, 161.7, 162.2, 162.2, 162.2, 162.3, 161.8, 162.9, 162.7, 162.8, 162.2, 163.3, 162.7, 162.1, 163.2, 163.3, 162.8, 163.1, 163.7, 163.7, 163.9, 164.5, 164.0, 164.3, 163.9, 164.9, 164.4, 164.4, 165.0, 165.1, 166.0, 167.6, 167.6, 168.1, 168.1, 168.6, 168.1, 168.6, 168.6, 169.1, 169.1, 169.6, 170.1, 170.7, 171.2, 171.2, 170.7, 169.6, 169.6, 169.6, 169.6, 169.6, 169.0, 169.1, 168.5, 168.5, 167.9, 169.0, 168.5, 168.5, 168.5, 168.5, 167.9, 167.9, 167.9, 167.4, 167.3, 167.4, 167.3, 167.3, 166.7, 167.8, 166.7, 167.3, 167.3, 167.2, 166.7, 166.7, 166.7, 166.2, 167.3, 166.7, 167.3, 166.7, 166.6, 166.7, 166.6, 166.6, 166.1, 166.7, 166.6, 166.6, 166.1, 165.5, 166.1, 165.5, 166.6, 166.1, 166.1, 166.2, 166.1, 166.1, 166.1, 166.1, 166.6, 166.1, 166.7, 166.2, 166.2, 166.1, 166.1, 166.2, 166.7, 166.1, 166.1, 165.5, 165.5, 165.5, 165.4, 164.9, 165.4, 164.9, 164.9, 164.8, 164.2, 164.2, 164.2, 163.6, 163.6, 164.1, 163.6, 164.2, 164.1, 164.2, 164.3, 163.6, 164.1, 163.6, 164.2, 164.7, 164.2, 164.1, 164.2, 164.1, 163.6, 164.2, 164.1, 164.1, 164.8, 163.6, 163.7, 164.2, 164.1, 164.2, 164.2, 164.2, 164.2, 164.2, 164.2, 163.6]"
19,"[171.2, 169.4, 170.0, 171.2, 169.5, 170.1, 170.1, 169.5, 169.0, 170.1, 169.0, 169.0, 169.0, 169.0, 169.0, 170.1, 169.6, 169.0, 169.0, 168.4, 169.0, 169.6, 169.6, 169.0, 169.0, 169.6, 169.0, 169.6, 169.6, 169.0, 169.0, 169.0, 169.0, 169.1, 169.6, 169.6, 169.6, 169.5, 169.0, 169.5, 170.1, 169.6, 169.6, 169.0, 169.6, 170.1, 169.6, 169.6, 169.0, 169.6, 169.6, 169.6, 170.1, 169.6, 169.6, 169.6, 169.6, 170.1, 169.0, 169.6, 169.6, 169.6, 170.1, 169.6, 169.6, 170.1, 170.1, 170.1, 170.1, 169.6, 169.6, 170.1, 170.1, 170.7, 170.7, 169.6, 169.6, 169.6, 170.1, 170.1, 170.1, 170.1, 170.1, 170.1, 170.1, 170.1, 170.7, 170.2, 170.2, 170.1, 170.1, 169.6, 169.6, 170.1, 170.1, 170.7, 170.7, 171.2, 170.1, 170.1, 169.6, 170.1, 170.1, 170.1, 170.1, 170.1, 170.1, 170.7, 169.6, 171.2, 169.6, 170.7, 170.1, 170.7, 170.1, 170.7, 170.7, 170.1, 170.1, 170.1, 170.1, 170.1, 169.6, 169.0, 169.0, 167.9, 167.3, 166.8, 166.8, 167.4, 167.9, 169.0, 169.0, 169.6, 170.1, 170.7, 170.2, 169.6, 169.6, 170.7, 170.1, 171.2, 171.2, 171.2, 170.7, 171.2, 170.7, 170.7, 170.7, 170.1, 170.7, 170.2, 170.1, 170.1, 169.6, 170.1, 170.1, 169.6, 169.6, 169.6, 169.1, 169.6, 169.1, 168.6, 169.1, 169.1, 169.1, 168.6, 168.6, 169.1, 168.6, 168.0, 167.5, 167.5, 167.4, 166.9, 166.9, 166.3, 166.3, 166.3, 167.0, 167.0, 169.0, 168.4, 168.4, 169.1, 169.0, 166.9, 168.0, 168.0, 167.5, 167.5, 166.9, 166.3, 166.9, 167.0, 166.9, 165.3, 166.3, 165.8, 165.8, 164.7, 164.7, 163.5, 164.1, 163.5, 163.0, 163.7, 163.5, 162.5, 162.5, 163.6, 163.6, 163.1, 162.5, 162.5, 162.5, 163.1, 162.5, 163.5, 162.5, 163.5, 162.5, 163.1, 163.6, 163.0, 165.9, 164.9, 167.0, 168.0, 169.5, 169.0, 168.5, 168.0, 167.0, 167.5, 166.9, 166.9, 165.3, 166.4, 166.9, 166.4, 166.9, 166.4, 165.9, 165.9, 166.4, 165.8, 166.4, 164.7, 164.7, 164.8, 165.4, 164.7, 165.3, 165.2, 165.2, 164.1, 164.1, 163.0, 164.0, 163.6, 163.0, 163.7, 163.5, 162.5, 163.5, 163.1, 162.5, 163.1, 162.5, 163.1, 162.5, 162.5, 162.5, 162.6, 163.0, 163.0, 162.4, 162.5, 161.9, 163.0, 163.1, 162.5, 162.5, 162.8, 162.9, 162.0, 163.0, 163.0, 162.4, 162.5, 162.5, 163.5, 163.5, 163.1, 162.5, 162.5, 162.9, 161.9, 163.1, 161.9, 162.5, 161.8, 163.0, 163.0, 162.9, 163.7, 165.4, 165.9, 169.6, 170.1, 170.6, 169.6, 169.6, 169.6, 168.5, 168.0, 168.1, 168.0, 168.6, 169.1, 168.0, 168.6, 168.0, 167.5, 167.5, 167.5, 167.5, 167.4, 167.5, 167.4, 168.0, 168.6, 168.0, 168.0, 167.5, 168.6, 167.5, 168.0, 167.5, 168.1, 167.5, 166.9, 167.0, 166.4, 166.4, 167.0, 165.8, 166.9, 166.3, 165.7, 165.8, 165.8, 164.6, 165.2, 165.8, 164.7, 165.2, 164.7, 165.2, 164.7, 163.9, 164.7, 165.2, 164.2, 164.6, 163.5, 163.6, 163.6, 162.9, 162.5, 162.5, 162.6, 162.5, 162.5, 162.0, 162.5, 162.5, 162.7, 162.2, 162.2, 162.8, 163.3, 162.8, 162.9, 162.7, 162.3, 162.8, 162.8, 162.2, 162.7, 162.7, 162.9, 162.3, 162.3, 162.3, 162.8, 162.2, 161.7, 161.7, 162.3, 162.3, 161.7, 162.3, 162.3, 162.3, 161.7, 161.7, 162.2, 162.3, 162.3, 161.7, 161.7, 161.8, 162.3, 162.8, 162.7, 162.3, 162.2, 162.2, 162.3, 162.2, 162.3, 162.8, 162.9, 162.3, 162.6, 162.1, 162.8, 163.3, 162.8, 163.4, 163.4, 163.4, 162.9, 163.8, 163.8, 163.2, 163.2, 163.8, 164.3, 164.9, 164.9, 166.0, 166.6, 166.5, 166.5, 167.6, 167.5, 168.6, 169.6, 170.2, 170.2, 170.2, 170.7, 169.6, 170.2, 169.6, 168.6, 169.6, 169.1, 169.6, 170.2, 169.6, 170.2, 169.6, 170.2, 170.2, 170.7, 170.2, 171.2, 170.7, 171.2, 171.2, 171.2, 170.7, 170.2, 170.7, 170.7, 170.1, 169.6, 170.2, 170.2, 170.2, 170.2, 170.1, 169.6, 169.1, 168.6, 169.1, 169.1, 169.6, 168.6, 168.0, 169.1, 168.0, 169.1, 167.9, 168.0, 167.4, 167.9, 167.9, 167.9, 167.4, 167.9, 167.3, 167.4, 167.4, 167.9, 166.8, 166.8, 166.2, 166.2, 167.4, 167.4, 167.3, 166.8, 166.8, 166.8, 166.8, 166.3, 166.8, 166.8, 166.8, 167.4, 167.4, 166.8, 166.2, 166.8, 166.8, 166.2, 165.7, 166.8, 166.8, 166.8, 166.3, 166.8, 167.4, 167.4, 166.8, 167.3, 166.8, 166.8, 166.8, 166.8, 167.4, 166.8, 167.4, 166.2, 167.4, 167.4, 166.3, 166.8, 166.8, 166.8, 166.8, 166.8, 167.4, 166.2, 166.3, 166.2, 166.3, 166.8, 166.2, 166.8, 166.8, 166.3, 167.4, 166.8, 166.8, 167.3, 166.8, 166.8, 166.8, 167.4, 166.8, 166.2, 166.8, 166.2, 167.4, 166.8, 166.3, 166.8, 166.8, 166.3, 166.3, 167.3, 167.3, 167.4, 167.3, 166.8, 167.4, 167.4, 166.8, 166.8, 166.8, 167.4, 166.3, 166.8]"
19,"[169.5, 170.6, 169.5, 170.6, 170.6, 169.6, 169.6, 169.6, 170.2, 170.2, 170.2, 169.6, 170.7, 169.6, 170.2, 170.2, 170.2, 170.2, 170.2, 170.2, 170.7, 170.7, 170.2, 170.2, 169.7, 170.2, 170.2, 170.2, 170.2, 170.2, 169.6, 170.2, 170.2, 170.2, 170.2, 170.2, 169.6, 169.6, 169.7, 169.6, 170.2, 170.2, 169.6, 169.6, 170.2, 170.2, 170.2, 170.2, 170.2, 170.2, 170.2, 169.6, 170.7, 170.2, 170.7, 170.7, 169.6, 170.2, 169.6, 169.6, 170.7, 170.2, 169.7, 169.7, 170.2, 169.6, 170.2, 169.7, 169.6, 170.2, 170.2, 169.6, 170.2, 169.6, 170.7, 169.6, 170.2, 169.6, 169.6, 169.6, 169.6, 169.6, 170.2, 169.7, 169.6, 170.2, 169.6, 170.2, 169.6, 170.2, 169.6, 169.6, 170.2, 170.2, 170.2, 170.2, 170.2, 169.6, 169.7, 170.7, 170.2, 169.6, 170.2, 169.6, 169.6, 169.6, 169.6, 170.2, 169.6, 170.2, 169.1, 170.2, 169.6, 170.2, 170.2, 170.2, 169.6, 170.2, 170.2, 169.6, 170.2, 169.6, 169.6, 170.2, 170.2, 170.2, 170.7, 170.7, 170.7, 170.7, 170.7, 170.7, 170.2, 169.6, 169.6, 170.1, 169.6, 169.6, 169.1, 169.6, 169.0, 169.6, 169.1, 169.1, 169.6, 169.1, 169.1, 169.1, 169.1, 169.1, 168.5, 168.5, 168.0, 168.0, 168.5, 167.9, 167.9, 167.9, 167.4, 167.2, 167.4, 166.8, 166.2, 166.8, 166.3, 166.2, 166.3, 165.7, 166.8, 165.7, 165.7, 165.7, 165.7, 165.2, 164.6, 164.0, 164.6, 164.7, 164.0, 164.6, 164.0, 163.9, 164.1, 163.5, 162.9, 163.5, 164.0, 162.8, 162.9, 162.9, 162.5, 162.9, 162.1, 162.8, 162.9, 163.5, 163.5, 162.8, 162.2, 163.5, 162.9, 163.0, 162.8, 163.5, 162.9, 163.1, 163.9, 164.3, 163.8, 164.3, 165.3, 165.2, 163.7, 167.9, 168.5, 165.9, 166.4, 165.4, 167.0, 166.0, 166.5, 165.4, 165.9, 165.4, 164.2, 165.4, 165.4, 164.9, 164.9, 164.2, 164.3, 163.7, 163.1, 163.5, 163.7, 163.6, 163.0, 162.5, 162.5, 162.6, 162.0, 162.0, 162.5, 163.1, 162.5, 163.1, 162.5, 163.1, 164.1, 163.5, 162.8, 163.5, 162.9, 162.5, 163.5, 162.4, 163.0, 163.1, 163.7, 164.2, 164.7, 165.3, 164.7, 164.7, 163.7, 164.3, 164.7, 165.3, 164.9, 164.8, 164.8, 164.9, 164.4, 166.0, 165.0, 165.0, 165.6, 164.9, 164.9, 166.0, 165.5, 165.4, 165.0, 165.5, 165.0, 163.8, 163.7, 163.2, 163.2, 163.1, 163.1, 162.6, 162.5, 162.5, 162.6, 163.1, 163.1, 163.5, 163.5, 164.1, 163.1, 163.1, 164.3, 163.2, 163.2, 164.3, 164.8, 164.2, 163.7, 164.3, 164.3, 164.3, 164.3, 164.3, 164.3, 164.3, 164.9, 164.3, 165.0, 165.4, 164.9, 165.4, 164.4, 163.8, 163.9, 165.0, 164.3, 163.7, 163.7, 163.3, 163.1, 163.6, 163.2, 163.4, 162.6, 163.3, 163.7, 163.6, 163.1, 163.1, 164.2, 163.6, 163.6, 164.1, 164.1, 163.6, 164.3, 164.2, 164.1, 163.7, 164.8, 165.3, 165.9, 165.3, 164.8, 164.9, 164.8, 165.3, 165.9, 165.9, 166.0, 165.9, 165.4, 164.3, 163.7, 164.3, 164.3, 163.8, 163.8, 163.7, 163.3, 163.2, 163.1, 162.6, 163.2, 163.8, 163.7, 163.1, 162.5, 162.5, 162.0, 162.5, 161.5, 162.5, 162.7, 162.6, 163.1, 162.2, 162.6, 162.1, 162.1, 162.6, 162.6, 162.8, 162.7, 163.1, 162.2, 162.6, 162.1, 162.1, 162.1, 162.1, 162.1, 162.1, 162.1, 162.2, 162.7, 162.1, 161.7, 162.6, 162.3, 163.1, 162.7, 162.1, 162.7, 162.2, 162.2, 162.2, 162.7, 162.2, 162.3, 162.2, 162.8, 162.1, 162.2, 162.3, 162.3, 162.2, 162.2, 162.7, 162.7, 162.1, 162.7, 162.8, 162.8, 163.3, 162.7, 162.7, 162.7, 162.7, 162.6, 162.7, 162.8, 162.3, 162.6, 163.2, 162.8, 162.2, 162.1, 162.8, 162.2, 163.1, 162.7, 162.7, 163.9, 163.3, 163.8, 163.8, 163.4, 164.4, 163.8, 163.9, 164.9, 164.5, 164.4, 164.4, 163.9, 164.4, 164.4, 165.0, 165.0, 164.4, 163.9, 164.9, 164.9, 165.0, 164.9, 165.5, 166.0, 166.0, 166.0, 166.5, 167.0, 165.4, 166.0, 167.0, 166.5, 167.0, 167.0, 167.5, 167.5, 168.1, 169.1, 170.7, 171.2, 171.2, 171.2, 170.7, 170.2, 170.7, 169.1, 169.6, 169.6, 169.7, 170.2, 170.2, 171.2, 170.7, 170.7, 170.7, 170.7, 169.6, 169.6, 168.5, 168.0, 167.9, 168.5, 168.0, 169.1, 169.0, 169.1, 169.1, 169.1, 169.0, 169.0, 169.1, 168.5, 169.1, 169.1, 169.1, 169.1, 168.5, 169.1, 168.6, 169.1, 168.0, 168.5, 168.5, 169.1, 168.6, 168.6, 167.9, 169.6, 168.6, 169.6, 168.0, 168.5, 168.5, 169.1, 169.1, 169.1, 169.1, 169.1, 169.1, 169.6, 169.1, 169.6, 169.1, 168.6, 169.6, 169.1, 169.6, 169.6, 170.1, 170.1, 170.1, 170.1, 169.1, 170.1, 169.6, 169.6, 167.4, 167.9, 167.3, 167.4, 169.0, 167.9, 167.9, 169.6, 169.1, 167.9, 167.9, 168.5, 169.6, 169.1, 168.5, 169.6, 169.1, 169.6, 169.6, 168.5, 169.6, 169.6, 169.6, 169.1, 169.6, 169.1, 169.1, 169.6, 169.6]"
19,"[169.5, 169.4, 169.5, 170.1, 169.5, 169.5, 169.6, 169.6, 170.1, 170.2, 169.6, 169.6, 170.2, 170.2, 169.6, 169.6, 170.2, 170.2, 170.2, 170.2, 169.6, 170.2, 169.7, 170.2, 170.2, 169.6, 170.2, 169.7, 169.6, 169.6, 170.2, 170.2, 169.6, 169.6, 170.2, 170.2, 170.2, 169.6, 170.2, 170.2, 170.2, 170.2, 170.2, 170.2, 170.2, 169.6, 170.2, 169.6, 169.6, 169.6, 169.7, 169.6, 170.2, 169.6, 169.6, 170.2, 169.6, 170.2, 170.2, 169.6, 169.6, 169.6, 169.6, 169.6, 169.6, 169.6, 170.2, 169.6, 170.7, 170.2, 169.6, 169.6, 169.6, 169.6, 169.6, 169.7, 170.2, 170.2, 170.2, 170.2, 170.2, 170.2, 170.2, 170.2, 170.2, 169.6, 169.1, 169.6, 169.6, 170.2, 170.2, 169.6, 170.2, 169.6, 169.6, 169.6, 169.6, 170.1, 169.6, 169.6, 169.6, 169.1, 169.6, 170.2, 170.2, 170.2, 169.6, 170.2, 169.6, 170.1, 169.6, 169.6, 169.1, 169.6, 169.6, 169.6, 169.7, 169.6, 170.2, 170.2, 169.6, 169.6, 170.2, 170.2, 170.7, 171.2, 170.7, 169.6, 170.2, 170.7, 171.2, 171.2, 170.7, 171.2, 170.7, 170.2, 170.2, 170.2, 169.6, 169.6, 170.2, 170.2, 169.6, 169.6, 170.2, 169.6, 169.6, 169.6, 169.1, 169.1, 169.1, 169.1, 168.6, 168.6, 169.1, 168.1, 168.6, 169.1, 169.1, 168.6, 168.6, 168.6, 168.6, 168.1, 167.6, 167.6, 166.0, 165.4, 164.9, 164.9, 164.9, 164.8, 165.3, 164.8, 164.2, 164.7, 163.5, 164.6, 165.0, 164.7, 164.6, 164.3, 163.5, 163.6, 162.9, 162.5, 163.1, 162.1, 162.5, 162.5, 162.7, 162.6, 162.0, 161.9, 162.5, 163.1, 162.5, 162.0, 162.6, 163.4, 162.7, 165.3, 165.8, 166.9, 165.8, 165.3, 164.9, 165.4, 164.9, 164.8, 164.3, 163.6, 164.1, 163.1, 163.1, 162.6, 163.1, 163.1, 162.6, 162.6, 161.9, 161.4, 162.5, 162.5, 162.0, 162.0, 162.4, 162.0, 162.0, 162.1, 161.4, 162.1, 162.1, 161.4, 161.5, 161.5, 162.0, 162.0, 161.4, 161.6, 161.9, 161.5, 161.5, 161.5, 161.9, 162.0, 162.5, 162.0, 162.0, 162.2, 162.0, 162.6, 162.5, 162.6, 162.5, 163.2, 162.1, 163.1, 162.5, 162.6, 163.1, 163.1, 162.7, 162.1, 162.5, 162.5, 163.1, 162.6, 162.0, 163.1, 161.5, 161.9, 162.7, 164.3, 164.9, 165.3, 164.9, 163.7, 162.6, 163.1, 163.7, 164.2, 164.9, 164.3, 163.8, 164.3, 164.3, 164.9, 164.9, 165.0, 163.8, 163.8, 164.5, 163.9, 163.9, 163.8, 163.3, 163.3, 163.2, 163.8, 163.2, 162.7, 163.1, 162.6, 163.1, 162.6, 162.6, 162.5, 163.1, 163.1, 162.0, 162.5, 163.2, 162.5, 162.5, 164.1, 162.5, 163.1, 163.1, 163.1, 162.5, 162.5, 162.5, 162.5, 163.1, 162.5, 162.6, 162.4, 162.7, 162.1, 162.2, 162.1, 163.1, 162.5, 162.5, 162.5, 162.5, 162.0, 162.1, 162.1, 162.0, 162.0, 162.0, 161.5, 162.6, 162.5, 162.5, 162.5, 162.5, 162.5, 162.5, 162.5, 161.8, 162.4, 162.9, 162.5, 162.5, 163.3, 163.3, 163.3, 163.8, 165.3, 168.4, 167.4, 166.4, 165.4, 165.4, 164.9, 163.7, 164.3, 164.3, 164.4, 165.0, 165.0, 165.0, 163.9, 163.8, 163.7, 163.8, 164.9, 163.7, 163.5, 162.5, 163.1, 163.7, 164.3, 163.7, 163.1, 162.6, 162.5, 162.7, 162.1, 162.1, 163.1, 162.6, 162.0, 162.0, 162.5, 161.5, 162.5, 162.6, 161.5, 161.9, 162.5, 162.6, 162.6, 163.1, 162.5, 162.6, 162.5, 162.5, 162.7, 162.6, 162.1, 162.5, 162.5, 162.6, 162.6, 163.1, 163.1, 162.7, 163.1, 162.6, 162.7, 162.6, 162.0, 162.0, 163.1, 163.8, 163.9, 163.8, 163.8, 164.3, 163.3, 164.9, 164.9, 164.3, 164.9, 166.0, 165.4, 165.5, 165.4, 164.9, 165.3, 164.9, 165.4, 165.4, 166.0, 166.0, 165.4, 166.0, 166.0, 166.5, 166.0, 167.0, 166.0, 165.0, 166.0, 166.0, 164.9, 166.5, 166.0, 166.4, 166.0, 166.0, 165.3, 165.4, 165.4, 166.0, 164.8, 165.4, 165.4, 164.9, 166.5, 166.0, 166.0, 166.0, 166.5, 167.0, 166.5, 166.5, 166.6, 167.0, 167.0, 167.0, 166.6, 167.6, 167.6, 168.6, 168.1, 169.6, 169.1, 168.6, 170.2, 169.6, 170.2, 170.7, 171.2, 171.2, 171.2, 170.7, 171.2, 171.2, 171.2, 171.2, 170.7, 170.7, 170.7, 170.7, 171.2, 171.2, 170.7, 171.2, 171.2, 171.2, 171.2, 170.7, 171.2, 171.2, 170.7, 170.7, 170.7, 170.7, 171.2, 170.7, 170.7, 171.2, 171.2, 170.7, 171.2, 171.2, 170.7, 171.2, 170.7, 171.2, 170.7, 170.7, 171.2, 171.2, 171.2, 170.7, 170.7, 171.2, 169.6, 170.1, 170.1, 169.6, 170.2, 169.6, 169.6, 169.6, 169.6, 170.7, 170.2, 170.1, 170.2, 170.2, 170.2, 170.2, 169.6, 170.2, 170.1, 169.6, 170.7, 170.2, 170.7, 170.2, 169.6, 169.6, 169.6, 169.6, 168.6, 169.1, 169.1, 169.1, 169.6, 169.6, 169.6, 170.7, 170.7, 170.7, 170.2, 169.6, 170.2, 170.2, 170.7, 170.2, 170.2, 170.1, 170.1, 170.1, 170.7, 170.7, 170.2, 170.7, 170.7, 170.2, 170.7, 171.2, 170.7]"
19,"[170.6, 170.0, 168.9, 169.5, 170.1, 170.1, 170.1, 170.7, 170.1, 170.7, 170.1, 170.7, 170.7, 170.1, 169.6, 170.7, 170.1, 170.1, 170.7, 170.7, 170.1, 170.7, 170.7, 170.7, 170.7, 170.1, 170.7, 170.2, 170.7, 170.7, 170.7, 170.1, 170.7, 170.1, 171.2, 170.1, 170.1, 170.7, 170.1, 170.1, 170.7, 170.1, 170.1, 169.6, 170.7, 169.6, 170.1, 170.1, 170.1, 170.7, 170.1, 170.1, 170.1, 170.1, 170.7, 169.6, 170.1, 170.7, 170.7, 170.2, 170.7, 170.7, 171.2, 171.2, 170.1, 170.1, 170.7, 170.1, 170.7, 170.7, 170.7, 170.2, 170.2, 170.1, 170.1, 170.2, 170.7, 169.6, 170.2, 170.2, 170.1, 169.6, 169.6, 170.2, 170.1, 171.2, 170.7, 170.1, 170.1, 170.7, 170.1, 170.7, 170.7, 169.6, 171.2, 170.7, 170.7, 170.1, 170.7, 170.1, 170.1, 170.1, 170.1, 170.1, 170.1, 170.2, 170.7, 170.1, 170.7, 170.1, 170.1, 169.6, 170.1, 169.6, 169.6, 170.1, 170.1, 170.7, 170.7, 170.1, 170.7, 170.7, 170.1, 170.2, 170.2, 167.4, 166.8, 166.8, 166.8, 166.8, 167.4, 167.4, 167.9, 168.0, 167.4, 167.4, 167.4, 168.0, 167.9, 168.5, 168.5, 169.1, 168.5, 169.1, 169.6, 168.5, 169.1, 169.1, 169.6, 170.1, 171.2, 171.2, 170.7, 170.7, 170.7, 170.7, 170.7, 171.2, 170.2, 171.2, 170.2, 171.2, 170.2, 170.1, 170.1, 170.7, 169.6, 169.6, 170.2, 169.6, 169.6, 169.6, 169.6, 170.1, 169.6, 169.6, 169.6, 169.1, 169.1, 169.1, 169.1, 168.6, 168.6, 168.6, 168.6, 168.6, 168.1, 167.5, 168.6, 168.0, 167.5, 168.0, 168.0, 167.4, 168.0, 167.5, 168.0, 167.5, 167.5, 167.5, 167.0, 167.5, 166.4, 166.4, 166.4, 166.4, 166.3, 167.0, 165.9, 166.4, 166.5, 166.4, 166.4, 167.0, 166.4, 166.4, 166.0, 165.9, 166.0, 165.9, 165.9, 165.3, 165.4, 164.9, 165.4, 165.4, 165.3, 165.3, 164.7, 164.2, 165.3, 165.3, 165.8, 164.7, 165.9, 165.9, 165.8, 165.8, 165.3, 164.7, 165.3, 165.8, 166.3, 166.3, 165.3, 165.3, 165.3, 164.7, 164.7, 164.1, 164.6, 165.8, 165.2, 164.7, 164.1, 164.7, 164.2, 164.7, 165.8, 164.8, 164.2, 164.2, 165.3, 164.7, 164.2, 164.7, 164.1, 164.6, 164.7, 165.2, 164.7, 164.2, 164.7, 164.2, 164.7, 165.2, 164.6, 165.3, 164.7, 164.0, 164.1, 164.6, 165.2, 164.7, 164.7, 165.1, 165.2, 165.2, 164.7, 165.7, 165.1, 164.6, 165.7, 165.7, 165.2, 164.6, 165.2, 165.2, 165.1, 164.6, 164.6, 165.7, 165.2, 165.7, 165.7, 166.4, 166.6, 167.0, 167.0, 169.6, 170.7, 170.1, 169.1, 169.6, 168.1, 168.1, 167.5, 169.1, 169.6, 168.0, 168.1, 168.6, 168.6, 167.5, 167.5, 168.1, 168.1, 167.5, 167.5, 168.6, 167.5, 167.5, 167.6, 167.0, 167.0, 167.5, 167.5, 167.0, 167.0, 167.0, 167.0, 168.0, 167.5, 168.0, 167.5, 167.5, 167.5, 167.5, 168.0, 167.5, 168.0, 167.5, 168.6, 169.1, 167.0, 167.5, 167.5, 168.1, 168.1, 168.0, 168.1, 167.5, 168.1, 167.6, 167.5, 168.0, 168.0, 168.1, 168.1, 168.1, 168.1, 168.0, 168.6, 167.5, 167.5, 167.0, 167.5, 168.1, 167.0, 168.1, 167.6, 167.6, 167.0, 166.5, 166.4, 165.4, 166.4, 166.0, 165.4, 165.3, 165.3, 164.8, 164.7, 164.8, 165.2, 165.8, 165.3, 165.3, 164.7, 164.7, 164.8, 164.7, 164.1, 165.3, 163.7, 164.9, 164.7, 164.7, 165.9, 164.8, 165.4, 164.9, 164.3, 165.4, 165.4, 165.5, 165.4, 165.4, 166.0, 166.6, 166.0, 165.9, 165.4, 165.9, 165.9, 165.9, 165.3, 165.9, 165.9, 165.9, 166.4, 165.4, 166.4, 165.3, 165.9, 166.0, 166.4, 165.9, 167.0, 165.9, 167.0, 166.4, 166.4, 166.4, 166.4, 167.0, 168.0, 167.0, 167.0, 166.9, 167.5, 166.4, 167.0, 168.0, 168.0, 168.6, 168.0, 168.6, 169.1, 169.6, 170.1, 169.1, 169.1, 168.5, 168.5, 168.6, 169.1, 170.1, 169.6, 169.6, 169.6, 170.2, 170.2, 169.1, 169.6, 170.7, 169.1, 170.7, 169.6, 170.7, 170.7, 170.7, 171.2, 170.2, 170.1, 169.6, 170.1, 170.1, 169.6, 170.1, 169.1, 169.1, 167.4, 168.0, 168.0, 167.4, 168.5, 167.4, 168.0, 168.0, 167.4, 168.0, 166.8, 167.9, 166.8, 166.3, 167.4, 167.4, 167.9, 166.8, 166.8, 167.4, 167.9, 168.5, 167.4, 167.4, 168.5, 168.5, 167.9, 168.0, 167.4, 167.9, 166.8, 167.4, 167.3, 168.5, 168.5, 167.9, 168.5, 168.0, 166.8, 167.9, 167.2, 167.4, 167.9, 168.5, 167.3, 168.4, 167.3, 167.3, 166.8, 166.8, 167.4, 166.2, 166.8, 165.5, 166.1, 166.1, 165.5, 165.5, 166.1, 166.1, 166.7, 166.1, 166.7, 166.1, 166.2, 166.6, 166.7, 166.1, 166.7, 166.7, 165.5, 166.7, 166.7, 166.8, 166.1, 166.7, 166.7, 166.7, 167.9, 166.8, 168.5, 166.2, 166.1, 166.2, 167.4, 166.1, 166.7, 166.7, 168.5, 166.7, 166.2, 166.2, 167.3, 166.7, 166.2, 166.1, 166.7, 166.2, 166.2, 166.2, 166.1, 166.1, 166.2, 166.2, 166.2, 166.2, 166.2, 167.3]"
19,"[170.6, 170.0, 170.6, 170.6, 170.6, 171.2, 170.7, 170.7, 171.2, 170.1, 170.7, 170.2, 170.1, 170.2, 170.2, 170.2, 169.6, 170.2, 170.2, 169.6, 170.7, 170.2, 170.1, 170.7, 170.1, 170.1, 170.7, 170.7, 170.1, 170.7, 170.2, 170.7, 170.7, 170.7, 171.2, 170.7, 170.7, 171.2, 171.2, 170.7, 171.2, 171.2, 171.2, 171.2, 171.2, 171.2, 170.7, 170.7, 171.2, 171.2, 170.2, 171.2, 170.2, 170.7, 170.7, 170.7, 170.7, 170.7, 171.2, 170.7, 171.2, 171.2, 170.7, 171.2, 171.2, 170.7, 170.7, 170.7, 170.7, 170.7, 171.2, 171.2, 170.7, 170.7, 171.2, 170.7, 170.7, 171.2, 171.2, 171.2, 171.2, 170.7, 171.2, 170.7, 170.7, 171.2, 171.2, 171.2, 170.7, 170.7, 170.7, 171.2, 171.2, 170.7, 171.2, 171.2, 170.7, 170.7, 170.7, 170.2, 170.7, 171.2, 171.2, 170.7, 171.2, 171.2, 171.2, 170.7, 170.7, 170.7, 170.7, 170.7, 171.2, 171.2, 170.7, 171.2, 170.7, 171.2, 170.7, 171.2, 170.7, 170.7, 170.7, 171.2, 170.7, 170.2, 169.6, 169.1, 168.5, 169.1, 170.2, 170.1, 169.6, 169.6, 169.6, 169.7, 170.2, 170.7, 170.7, 170.7, 170.2, 170.1, 171.2, 170.7, 171.2, 170.7, 170.2, 170.2, 169.1, 170.2, 168.6, 169.6, 169.1, 169.1, 168.6, 169.1, 168.6, 168.6, 168.6, 168.1, 168.1, 167.6, 167.6, 167.5, 167.5, 168.6, 168.0, 167.5, 167.5, 167.5, 167.0, 167.0, 167.0, 167.0, 167.1, 167.0, 167.0, 166.0, 166.0, 166.0, 166.5, 166.5, 166.0, 165.4, 165.5, 164.9, 165.9, 165.4, 165.0, 164.8, 164.3, 164.7, 164.7, 164.8, 164.8, 164.8, 164.8, 164.2, 165.4, 164.3, 164.2, 164.2, 164.1, 164.1, 164.3, 164.2, 163.2, 163.7, 163.2, 163.1, 163.1, 163.1, 163.7, 163.2, 162.5, 163.1, 163.7, 163.6, 163.1, 163.1, 163.6, 163.6, 163.6, 163.6, 163.6, 163.1, 162.5, 163.0, 162.5, 162.5, 162.5, 163.6, 164.1, 163.1, 163.1, 163.7, 163.1, 163.1, 163.1, 162.5, 162.5, 163.1, 162.6, 162.5, 162.0, 163.1, 162.5, 162.0, 162.0, 162.5, 162.5, 163.1, 162.6, 163.5, 163.6, 163.1, 162.5, 163.1, 162.6, 162.6, 163.1, 163.1, 162.0, 162.5, 162.5, 163.1, 162.1, 162.6, 162.7, 163.1, 162.6, 162.5, 162.0, 162.6, 163.1, 162.6, 162.5, 162.6, 162.0, 162.6, 163.1, 162.5, 162.0, 162.5, 162.5, 162.1, 162.1, 163.1, 162.5, 162.5, 161.9, 162.6, 162.0, 163.1, 162.5, 162.5, 162.5, 162.1, 163.1, 162.1, 161.9, 162.0, 162.5, 162.1, 161.9, 162.1, 161.9, 162.1, 162.0, 162.5, 161.5, 162.1, 162.6, 162.0, 161.9, 162.5, 161.9, 162.0, 161.9, 162.1, 162.0, 162.1, 162.0, 162.0, 162.5, 162.5, 162.0, 162.0, 162.0, 162.0, 162.0, 162.1, 161.9, 162.0, 162.0, 162.5, 162.6, 162.6, 162.0, 162.0, 162.0, 162.0, 161.9, 161.4, 162.0, 162.0, 162.5, 162.0, 162.0, 161.9, 162.0, 162.4, 163.0, 162.5, 162.6, 162.0, 162.7, 163.3, 164.9, 167.4, 169.0, 168.4, 168.5, 168.5, 168.0, 168.0, 167.5, 167.5, 167.0, 165.9, 164.8, 166.4, 166.4, 165.9, 166.4, 166.5, 166.5, 166.5, 166.0, 165.9, 166.0, 166.0, 165.9, 164.9, 166.0, 164.9, 165.3, 164.2, 164.1, 165.3, 165.3, 164.7, 165.3, 164.7, 164.1, 164.1, 164.3, 164.2, 164.7, 164.1, 163.6, 164.1, 164.1, 164.7, 164.2, 164.7, 164.1, 163.7, 163.7, 163.7, 163.7, 163.8, 163.6, 163.7, 163.6, 164.1, 163.7, 163.6, 163.7, 163.7, 163.7, 163.6, 163.7, 164.3, 164.3, 164.3, 165.9, 165.4, 166.0, 166.5, 165.4, 166.0, 166.0, 165.3, 165.9, 166.0, 166.4, 165.5, 165.9, 165.9, 165.4, 165.4, 166.4, 165.9, 166.5, 167.0, 166.0, 166.4, 166.9, 166.4, 166.0, 167.0, 166.5, 166.4, 166.4, 166.4, 166.9, 167.0, 165.2, 166.8, 166.9, 166.9, 167.5, 167.4, 166.9, 167.5, 168.1, 168.1, 169.1, 169.6, 170.2, 170.2, 171.2, 170.2, 171.2, 171.2, 170.2, 170.1, 170.7, 169.6, 169.6, 169.1, 169.1, 169.6, 170.2, 170.2, 170.2, 169.6, 169.6, 169.6, 169.6, 169.6, 169.6, 169.6, 169.6, 170.2, 169.6, 169.6, 170.2, 169.6, 170.1, 169.6, 169.1, 169.6, 169.1, 169.1, 167.9, 168.5, 167.9, 167.9, 167.9, 167.4, 169.0, 168.5, 169.1, 167.4, 167.9, 167.4, 167.9, 167.9, 167.4, 168.0, 167.3, 167.4, 167.3, 167.4, 167.9, 167.9, 167.9, 168.5, 167.9, 167.4, 167.9, 167.4, 167.4, 167.9, 168.5, 167.4, 168.4, 167.9, 168.0, 167.4, 167.4, 168.5, 168.5, 167.9, 168.5, 167.9, 167.4, 167.9, 167.4, 167.9, 167.9, 167.9, 167.9, 167.9, 167.9, 167.9, 169.0, 168.4, 168.5, 167.9, 167.9, 167.4, 167.4, 168.0, 167.9, 167.9, 167.9, 167.9, 168.4, 168.5, 167.9, 167.9, 167.9, 167.9, 167.9, 168.4, 168.4, 167.9, 167.9, 167.9, 167.9, 167.9, 168.5, 167.9, 167.4, 167.9, 167.4, 168.5, 167.9, 168.4, 167.4, 167.9, 167.9, 167.9, 167.9, 167.9, 167.9, 167.9]"
19,"[171.2, 170.1, 169.5, 169.5, 170.6, 170.1, 170.1, 170.1, 169.6, 169.6, 169.6, 170.2, 170.2, 170.2, 170.2, 169.6, 170.7, 170.2, 170.2, 170.2, 170.2, 170.2, 170.2, 170.2, 170.2, 170.7, 170.2, 170.7, 169.6, 170.7, 170.2, 170.2, 170.2, 170.2, 170.7, 170.7, 170.7, 170.7, 170.2, 171.2, 170.2, 170.7, 170.7, 170.1, 170.7, 170.7, 170.2, 170.7, 170.2, 170.7, 170.7, 170.2, 170.2, 169.6, 170.2, 170.7, 171.2, 170.7, 171.2, 170.7, 170.7, 170.7, 170.7, 170.7, 170.7, 171.2, 170.7, 170.7, 171.2, 170.7, 170.7, 170.7, 171.2, 170.7, 171.2, 170.1, 170.7, 170.7, 170.2, 170.7, 170.7, 170.1, 170.7, 170.1, 170.2, 170.2, 171.2, 171.2, 171.2, 170.7, 171.2, 170.7, 170.7, 170.7, 171.2, 170.7, 171.2, 170.7, 171.2, 171.2, 170.7, 171.2, 170.7, 170.7, 170.7, 170.7, 170.7, 171.2, 170.7, 170.7, 170.7, 171.2, 170.7, 171.2, 171.2, 171.2, 170.1, 170.7, 170.7, 171.2, 170.7, 171.2, 170.7, 171.2, 170.7, 169.6, 169.6, 169.1, 169.1, 169.1, 169.6, 169.6, 170.1, 170.1, 170.1, 170.1, 170.1, 170.7, 170.7, 171.2, 170.7, 170.7, 170.7, 170.7, 171.2, 170.7, 171.2, 170.1, 171.2, 171.2, 171.2, 170.7, 170.7, 170.7, 170.2, 170.7, 169.6, 169.6, 169.1, 169.6, 169.1, 169.1, 169.1, 169.1, 168.6, 168.6, 169.1, 168.6, 168.1, 168.6, 168.6, 168.6, 168.6, 168.1, 168.6, 168.6, 168.6, 168.6, 169.1, 169.1, 168.6, 168.6, 168.1, 167.5, 167.5, 168.0, 167.5, 167.5, 168.0, 168.1, 167.5, 167.0, 167.0, 168.1, 167.0, 167.5, 168.1, 167.0, 167.0, 167.5, 167.5, 167.5, 167.6, 167.0, 167.5, 166.5, 167.0, 166.5, 166.5, 166.4, 165.9, 165.9, 166.0, 166.4, 165.9, 166.5, 165.9, 166.5, 166.0, 166.5, 166.0, 166.4, 166.0, 166.4, 165.5, 166.0, 164.8, 165.3, 165.4, 166.0, 164.9, 165.4, 164.9, 164.9, 165.9, 165.3, 165.9, 165.3, 165.3, 164.9, 165.3, 165.8, 164.8, 165.4, 165.5, 165.4, 165.3, 164.9, 165.4, 165.3, 164.2, 165.3, 164.9, 164.9, 165.4, 165.9, 165.3, 164.8, 164.9, 164.2, 164.1, 164.9, 166.0, 164.8, 165.3, 165.3, 164.7, 165.2, 165.4, 164.7, 165.3, 165.8, 164.7, 165.3, 165.3, 165.3, 165.8, 165.9, 165.3, 166.3, 164.2, 165.3, 164.7, 165.2, 165.2, 164.7, 164.7, 164.6, 164.7, 164.7, 165.2, 165.2, 165.8, 166.8, 166.9, 166.8, 165.8, 165.2, 165.8, 166.3, 164.7, 164.7, 165.9, 165.2, 165.3, 166.3, 165.4, 165.2, 164.7, 165.2, 164.1, 164.7, 164.1, 165.3, 164.2, 164.1, 164.7, 165.2, 165.3, 164.7, 164.6, 164.6, 165.3, 164.7, 164.7, 165.3, 165.4, 164.7, 164.7, 165.2, 165.2, 165.2, 164.7, 165.8, 165.2, 165.3, 165.2, 165.8, 165.2, 166.2, 165.8, 166.8, 167.0, 168.6, 169.1, 171.2, 170.7, 169.6, 169.6, 170.1, 170.1, 169.6, 169.0, 168.5, 168.5, 168.5, 168.0, 168.5, 168.5, 168.5, 169.0, 169.1, 169.0, 169.1, 168.5, 168.5, 168.5, 168.5, 168.5, 168.6, 169.0, 168.5, 168.0, 168.6, 168.6, 168.5, 168.6, 168.6, 168.0, 168.1, 168.0, 168.0, 168.0, 168.0, 168.0, 168.6, 168.0, 168.0, 168.6, 168.1, 168.1, 168.6, 167.5, 168.1, 167.5, 168.0, 168.0, 168.1, 168.0, 168.1, 168.6, 168.1, 168.1, 167.5, 168.0, 167.5, 167.5, 168.0, 166.4, 168.1, 167.5, 167.5, 168.1, 167.5, 168.0, 167.5, 167.5, 167.5, 167.5, 167.5, 167.5, 167.5, 167.5, 167.0, 168.0, 167.5, 167.5, 167.5, 168.0, 168.1, 168.1, 168.1, 168.6, 168.1, 168.6, 168.1, 168.1, 168.1, 168.6, 168.6, 168.1, 168.1, 168.1, 168.1, 168.1, 168.6, 168.6, 169.1, 168.6, 168.6, 168.6, 168.6, 168.6, 169.1, 168.6, 169.1, 169.1, 168.6, 168.1, 168.6, 169.1, 168.6, 168.6, 168.6, 169.1, 169.6, 170.7, 169.1, 168.6, 169.6, 169.6, 169.1, 169.1, 169.1, 170.2, 169.1, 169.6, 169.1, 169.6, 170.2, 170.1, 170.2, 169.6, 170.7, 170.2, 169.6, 171.2, 170.2, 170.7, 170.2, 170.2, 170.2, 170.2, 170.7, 171.2, 170.2, 170.2, 170.2, 169.6, 170.1, 169.1, 169.6, 170.2, 169.1, 169.1, 169.6, 168.5, 168.5, 169.0, 169.1, 169.1, 168.5, 167.9, 169.1, 167.4, 167.9, 167.9, 167.4, 167.9, 167.4, 167.3, 166.8, 167.4, 167.4, 167.4, 167.4, 167.4, 167.4, 167.9, 167.4, 167.9, 167.4, 167.4, 167.9, 167.4, 166.8, 167.9, 167.4, 167.4, 167.4, 167.9, 167.4, 167.4, 167.4, 167.4, 167.3, 168.5, 167.9, 169.0, 167.4, 167.3, 167.4, 167.4, 168.5, 167.9, 167.9, 168.5, 168.5, 167.9, 168.4, 168.4, 168.5, 167.9, 167.9, 167.9, 167.9, 167.9, 167.9, 168.5, 169.0, 167.9, 168.5, 167.9, 167.9, 168.0, 168.5, 167.9, 167.4, 167.4, 167.9, 167.9, 168.5, 168.0, 168.5, 168.0, 167.9, 168.5, 167.9, 168.5, 167.4, 167.9, 167.4, 168.0, 167.9, 167.9, 167.9, 167.4, 168.5, 167.4, 168.5]"
19,"[171.2, 170.6, 171.2, 170.1, 171.2, 169.5, 170.1, 169.1, 170.1, 169.6, 170.1, 169.1, 169.6, 169.6, 169.6, 169.6, 169.6, 170.1, 169.6, 169.6, 169.6, 170.1, 169.1, 170.1, 170.2, 170.2, 170.2, 170.2, 169.6, 169.6, 170.1, 169.6, 170.2, 169.1, 169.6, 170.1, 170.1, 170.1, 170.1, 170.2, 170.1, 169.6, 170.2, 170.2, 169.6, 170.2, 170.2, 170.1, 169.1, 170.2, 169.6, 169.6, 170.2, 169.6, 169.1, 169.6, 170.2, 169.6, 169.1, 169.6, 169.6, 169.6, 170.1, 169.6, 169.6, 169.6, 169.6, 170.2, 170.1, 170.2, 169.6, 169.6, 170.2, 170.7, 170.2, 170.2, 170.7, 170.2, 169.6, 170.7, 170.2, 170.2, 169.6, 170.2, 170.7, 170.1, 170.7, 170.2, 170.2, 170.2, 170.2, 170.2, 170.2, 170.2, 170.2, 170.2, 170.2, 170.2, 170.7, 170.7, 170.7, 170.2, 170.2, 170.1, 170.7, 170.2, 170.7, 170.2, 170.2, 170.7, 170.1, 170.2, 170.7, 170.2, 170.2, 170.2, 169.6, 170.2, 170.7, 169.6, 170.1, 170.2, 170.7, 170.2, 170.7, 171.2, 170.2, 170.7, 170.7, 170.7, 170.2, 170.7, 170.7, 170.7, 171.2, 171.2, 170.7, 170.7, 170.2, 171.2, 170.7, 171.2, 170.7, 171.2, 171.2, 170.2, 170.7, 170.7, 170.1, 170.7, 170.2, 170.2, 170.7, 170.1, 170.1, 170.1, 170.2, 170.2, 169.6, 169.6, 169.6, 169.6, 169.1, 169.6, 169.1, 169.1, 169.1, 168.6, 168.6, 168.6, 168.6, 168.6, 169.1, 168.6, 168.6, 168.6, 168.1, 168.6, 168.1, 168.1, 167.6, 168.1, 167.5, 167.5, 168.6, 167.5, 167.5, 167.5, 167.5, 168.1, 168.1, 167.5, 167.5, 167.0, 168.0, 167.5, 167.0, 167.0, 166.9, 165.4, 166.0, 167.1, 167.0, 167.5, 167.5, 168.1, 168.6, 168.1, 168.1, 168.6, 168.6, 168.1, 168.1, 168.1, 167.5, 167.5, 167.0, 167.6, 167.5, 167.5, 166.5, 166.9, 167.0, 165.3, 167.0, 166.4, 167.0, 166.5, 167.6, 167.6, 167.6, 167.0, 167.6, 167.0, 166.5, 166.5, 167.1, 167.5, 166.5, 165.9, 167.1, 166.5, 166.5, 166.5, 166.5, 166.4, 166.0, 165.9, 167.0, 166.4, 167.5, 165.9, 166.4, 165.9, 166.4, 165.8, 166.4, 165.8, 165.9, 167.0, 166.3, 165.3, 166.4, 166.0, 167.0, 166.4, 166.4, 167.0, 166.4, 165.4, 165.9, 165.3, 165.8, 166.4, 165.8, 166.3, 166.3, 165.8, 165.8, 165.9, 165.2, 165.2, 165.3, 164.7, 165.3, 165.2, 165.3, 164.8, 164.1, 165.2, 164.8, 164.7, 165.3, 164.7, 165.9, 165.3, 165.2, 165.2, 164.7, 165.2, 164.7, 164.8, 165.2, 164.1, 165.2, 165.3, 165.3, 165.8, 164.7, 165.2, 165.3, 165.3, 163.6, 164.1, 164.1, 164.1, 164.0, 165.8, 164.6, 165.3, 164.7, 164.6, 164.1, 164.6, 165.2, 164.7, 164.7, 164.7, 164.7, 164.6, 165.2, 164.7, 165.3, 164.6, 165.2, 165.2, 165.2, 164.6, 165.2, 164.6, 165.8, 165.7, 165.7, 165.2, 165.3, 165.2, 165.2, 165.2, 164.7, 164.6, 164.1, 164.7, 165.2, 163.5, 164.7, 164.6, 164.6, 164.6, 164.7, 165.2, 164.6, 165.2, 164.7, 164.6, 164.7, 165.2, 164.7, 164.6, 164.7, 164.2, 164.7, 163.5, 164.1, 164.1, 163.7, 163.5, 163.6, 164.1, 163.6, 164.1, 164.1, 164.1, 164.1, 164.1, 163.5, 164.1, 164.1, 163.5, 163.1, 164.1, 164.1, 164.7, 164.7, 164.7, 165.2, 165.8, 165.2, 165.2, 164.7, 165.8, 165.3, 165.2, 165.2, 165.8, 165.3, 164.7, 165.8, 165.2, 165.8, 165.8, 165.8, 165.2, 165.3, 165.7, 164.6, 165.2, 165.8, 165.2, 165.8, 165.9, 165.8, 165.3, 164.7, 165.2, 164.8, 166.3, 165.3, 165.8, 165.2, 165.9, 166.5, 166.0, 166.4, 165.5, 165.9, 167.0, 166.5, 166.5, 166.5, 167.0, 166.4, 166.0, 166.0, 166.6, 166.5, 167.6, 167.6, 167.6, 167.6, 167.6, 167.6, 167.6, 168.1, 167.6, 167.5, 167.5, 168.6, 168.1, 168.1, 169.1, 168.6, 168.1, 169.1, 168.1, 169.1, 169.1, 169.1, 168.6, 168.6, 169.1, 169.1, 169.1, 169.1, 168.0, 168.6, 168.6, 169.7, 168.1, 169.1, 168.6, 169.1, 168.1, 169.1, 168.6, 169.1, 169.1, 169.1, 169.1, 169.1, 169.1, 168.6, 168.6, 169.1, 169.7, 169.1, 169.6, 169.6, 168.6, 169.1, 169.1, 168.6, 169.1, 169.1, 168.6, 168.6, 169.1, 168.6, 169.1, 169.1, 169.6, 169.6, 169.1, 169.1, 170.2, 169.6, 170.2, 170.2, 170.2, 170.2, 170.7, 169.6, 170.2, 169.6, 169.6, 169.1, 170.2, 169.7, 169.7, 170.7, 170.2, 170.2, 170.2, 170.7, 171.2, 170.7, 170.2, 170.2, 170.7, 170.2, 170.7, 170.7, 171.2, 170.7, 171.2, 170.7, 171.2, 170.7, 170.7, 170.7, 171.2, 171.2, 171.2, 170.7, 171.2, 170.7, 171.2, 170.7, 170.7, 170.2, 170.7, 170.7, 171.2, 170.7, 170.7, 170.1, 170.7, 171.2, 170.7, 170.7, 171.2, 171.2, 170.1, 171.2, 171.2, 171.2, 171.2, 171.2, 170.7, 170.7, 170.7, 171.2, 171.2, 170.7, 170.7, 170.7, 170.7, 170.7, 170.7, 170.7, 170.7, 170.7, 170.7, 170.7, 171.2, 171.2, 170.7, 171.2, 171.2, 171.2, 171.2]"
19,"[170.0, 171.2, 170.0, 170.6, 170.6, 169.6, 169.6, 169.1, 169.6, 169.7, 169.1, 169.1, 169.7, 169.6, 169.7, 169.6, 169.7, 169.1, 169.1, 170.2, 170.2, 169.6, 170.2, 169.6, 169.7, 169.6, 169.6, 169.6, 169.6, 169.6, 169.1, 170.2, 169.1, 169.1, 168.6, 169.1, 169.1, 168.6, 168.6, 168.6, 169.7, 169.6, 169.1, 169.1, 169.1, 169.1, 169.6, 169.1, 169.1, 169.1, 170.2, 170.2, 169.1, 169.7, 169.6, 169.6, 169.6, 169.6, 170.2, 168.6, 169.1, 169.6, 169.6, 169.6, 169.6, 169.1, 169.6, 168.6, 169.1, 169.6, 169.1, 169.6, 169.6, 169.6, 169.1, 169.1, 169.1, 169.6, 169.6, 169.1, 169.1, 169.1, 169.1, 169.1, 169.1, 169.7, 169.1, 169.7, 169.6, 169.6, 170.2, 170.2, 169.6, 170.2, 170.2, 169.1, 170.2, 169.1, 169.7, 169.1, 169.1, 169.6, 170.2, 170.2, 169.7, 169.7, 169.1, 169.7, 169.1, 169.6, 169.1, 169.7, 169.1, 169.7, 169.7, 169.1, 169.1, 169.1, 169.7, 169.6, 169.7, 169.1, 169.7, 169.1, 169.7, 170.2, 170.7, 170.7, 169.6, 169.0, 168.5, 168.6, 169.6, 168.6, 169.6, 170.7, 169.6, 170.7, 170.7, 170.2, 171.2, 170.7, 170.7, 170.7, 171.2, 171.2, 170.7, 170.2, 170.1, 169.6, 169.1, 169.1, 170.1, 169.6, 169.1, 169.6, 169.6, 169.1, 168.6, 169.1, 169.1, 168.6, 167.6, 167.0, 167.5, 167.0, 167.0, 166.4, 167.5, 167.6, 167.5, 167.0, 165.4, 165.9, 167.0, 167.0, 166.5, 167.5, 167.0, 166.5, 165.4, 166.4, 165.4, 166.0, 166.5, 165.5, 165.0, 166.5, 166.5, 166.0, 166.4, 167.0, 165.4, 166.0, 165.4, 166.5, 166.4, 167.0, 167.6, 169.6, 169.6, 170.1, 170.1, 170.1, 169.6, 169.1, 170.1, 169.6, 168.6, 168.1, 168.1, 168.6, 169.1, 169.1, 168.1, 168.6, 168.1, 168.1, 168.0, 168.0, 168.6, 167.6, 168.0, 167.5, 168.1, 167.5, 168.1, 167.5, 167.5, 168.0, 168.0, 168.0, 168.0, 168.6, 168.6, 167.5, 168.1, 168.1, 167.5, 168.6, 168.6, 168.1, 168.0, 168.6, 168.6, 168.6, 168.1, 168.1, 168.0, 168.1, 166.9, 168.5, 168.1, 169.1, 169.6, 171.2, 170.7, 170.7, 170.1, 170.7, 170.1, 169.6, 169.6, 169.0, 169.1, 168.6, 169.1, 168.6, 168.0, 168.6, 168.6, 168.6, 169.1, 169.1, 168.6, 168.6, 168.6, 169.1, 169.1, 168.6, 168.0, 168.5, 168.6, 169.1, 168.0, 168.6, 168.0, 169.1, 169.1, 168.6, 169.1, 168.6, 168.6, 168.6, 168.6, 168.5, 168.0, 168.6, 168.5, 168.0, 168.0, 168.0, 168.1, 168.0, 168.1, 168.0, 168.6, 168.6, 168.1, 168.6, 168.6, 169.1, 168.6, 169.1, 168.6, 168.6, 168.0, 168.6, 168.6, 168.6, 168.0, 168.0, 168.6, 168.0, 168.6, 168.1, 169.1, 167.5, 168.1, 168.5, 169.1, 168.1, 168.6, 168.0, 168.1, 168.0, 168.6, 168.0, 167.5, 168.0, 168.0, 168.6, 168.6, 167.5, 167.5, 168.1, 168.6, 168.1, 167.0, 167.5, 168.6, 168.6, 168.1, 168.0, 168.1, 168.0, 167.0, 168.0, 168.6, 168.1, 168.1, 168.6, 168.0, 168.0, 168.1, 168.0, 168.1, 167.0, 168.1, 167.0, 167.5, 166.5, 167.6, 166.4, 166.4, 166.5, 167.0, 165.9, 165.9, 165.9, 166.5, 166.4, 166.0, 166.4, 166.5, 166.4, 166.4, 166.1, 166.5, 167.0, 166.5, 166.4, 167.0, 166.0, 166.5, 165.9, 165.9, 166.0, 166.0, 166.5, 166.0, 165.4, 166.0, 165.9, 164.8, 165.9, 165.3, 165.4, 165.3, 165.3, 165.3, 165.3, 166.4, 165.9, 165.9, 165.4, 165.3, 165.3, 164.2, 164.2, 164.7, 165.9, 163.7, 165.3, 165.3, 165.3, 166.0, 165.9, 165.3, 164.9, 165.4, 166.0, 164.9, 165.4, 166.0, 165.9, 166.4, 165.3, 165.9, 165.3, 165.4, 166.5, 166.5, 166.0, 165.9, 165.9, 166.0, 165.9, 165.4, 165.9, 165.5, 166.0, 166.5, 166.0, 165.4, 165.5, 166.0, 165.9, 166.0, 166.1, 166.1, 166.1, 166.0, 166.0, 166.6, 166.1, 166.5, 166.6, 166.1, 166.0, 166.5, 166.0, 166.0, 166.0, 166.0, 166.0, 165.4, 166.1, 166.0, 166.5, 166.0, 166.0, 165.9, 166.4, 166.4, 167.5, 168.1, 167.6, 168.1, 168.1, 167.6, 167.5, 168.6, 168.1, 167.5, 167.6, 168.1, 168.1, 167.6, 168.1, 167.1, 167.6, 167.6, 167.6, 168.1, 168.1, 167.6, 167.6, 167.6, 167.6, 168.1, 167.6, 168.1, 168.6, 167.5, 168.1, 167.6, 167.6, 168.1, 167.6, 167.6, 167.6, 168.1, 168.1, 168.1, 167.6, 168.6, 168.1, 168.1, 167.6, 168.1, 168.1, 168.6, 168.6, 168.6, 168.6, 168.1, 168.1, 167.6, 167.6, 168.1, 168.1, 168.1, 168.1, 167.6, 168.1, 168.1, 168.1, 168.1, 168.1, 168.1, 167.6, 167.5, 167.0, 167.5, 167.0, 167.0, 167.5, 167.0, 167.5, 166.9, 167.5, 167.6, 167.5, 167.0, 167.6, 167.6, 167.6, 167.6, 167.6, 168.1, 168.1, 168.1, 168.1, 168.1, 167.0, 168.1, 167.0, 167.6, 168.1, 167.6, 167.5, 167.0, 168.1, 167.0, 167.0, 167.0, 167.6, 167.0, 167.0, 166.5, 167.5, 167.5, 166.4, 166.5, 167.5, 167.5, 167.6, 166.4, 167.0]"
19,"[168.9, 167.2, 167.2, 168.4, 167.8, 168.0, 167.6, 167.6, 168.6, 167.6, 167.7, 167.6, 167.6, 168.1, 167.6, 167.6, 167.6, 167.6, 167.6, 167.6, 167.6, 168.1, 167.6, 168.6, 168.1, 167.1, 168.1, 167.6, 168.1, 168.1, 168.1, 167.6, 167.0, 167.6, 167.6, 167.6, 167.6, 167.0, 167.1, 167.6, 167.6, 167.6, 168.1, 167.6, 167.6, 167.6, 168.1, 167.1, 167.6, 167.6, 168.1, 167.6, 168.1, 168.1, 167.6, 168.1, 167.6, 167.6, 168.1, 168.1, 167.1, 168.1, 168.1, 168.1, 167.1, 168.6, 167.6, 167.6, 168.1, 168.1, 168.1, 168.1, 167.6, 167.6, 167.6, 168.1, 168.1, 167.6, 167.5, 167.6, 168.1, 168.1, 168.1, 168.1, 168.1, 167.6, 168.1, 167.5, 168.1, 168.1, 167.6, 167.6, 167.5, 168.1, 168.1, 168.6, 168.6, 168.6, 168.6, 168.1, 168.6, 168.6, 168.6, 168.1, 168.6, 168.6, 168.1, 168.1, 168.1, 168.1, 168.1, 167.6, 168.1, 168.6, 168.6, 168.6, 168.6, 168.6, 169.1, 169.1, 169.1, 167.5, 168.6, 169.1, 169.1, 169.1, 169.6, 169.6, 170.2, 169.6, 169.6, 169.6, 168.6, 169.1, 169.6, 169.6, 169.1, 168.6, 169.6, 170.2, 169.6, 169.7, 169.1, 169.1, 169.7, 169.6, 169.1, 169.1, 169.1, 168.6, 168.1, 168.6, 167.5, 167.5, 166.5, 167.0, 166.4, 166.4, 166.8, 166.3, 166.3, 165.8, 166.8, 165.2, 165.8, 166.3, 166.8, 165.2, 165.8, 166.3, 165.3, 165.3, 165.3, 164.7, 164.2, 163.6, 164.1, 164.1, 164.2, 163.5, 164.2, 163.7, 163.1, 163.7, 163.1, 163.1, 163.7, 162.5, 163.7, 163.0, 163.0, 164.1, 163.1, 163.0, 163.1, 162.6, 162.5, 163.1, 163.2, 163.1, 163.1, 163.6, 162.6, 162.5, 162.5, 162.5, 162.5, 162.5, 162.5, 162.5, 163.7, 163.1, 163.1, 162.5, 163.6, 162.1, 163.1, 163.1, 161.9, 162.5, 162.6, 162.5, 162.7, 162.9, 163.3, 163.7, 163.7, 164.4, 164.3, 164.9, 163.8, 163.2, 164.2, 163.7, 164.4, 164.9, 164.4, 164.3, 164.3, 163.7, 162.6, 163.2, 163.2, 162.7, 163.3, 163.1, 162.6, 163.1, 163.1, 163.1, 162.6, 162.6, 163.1, 162.6, 163.2, 163.1, 162.6, 161.9, 161.4, 162.5, 162.5, 162.5, 162.5, 162.6, 162.5, 162.6, 162.5, 162.6, 162.5, 162.0, 161.9, 161.9, 162.4, 161.5, 162.0, 161.4, 161.8, 161.4, 161.9, 161.9, 161.9, 161.9, 161.8, 161.4, 162.5, 161.9, 162.4, 162.5, 161.9, 161.9, 162.5, 162.0, 162.0, 161.9, 161.9, 161.4, 162.0, 161.9, 161.9, 161.9, 161.9, 161.9, 161.3, 160.9, 161.5, 161.4, 161.9, 161.4, 161.9, 162.0, 162.5, 162.5, 161.4, 161.4, 161.9, 161.8, 161.4, 161.9, 162.0, 162.4, 161.9, 162.5, 163.0, 162.5, 163.0, 161.9, 162.0, 160.8, 162.0, 161.4, 163.0, 161.4, 161.8, 161.3, 161.9, 162.5, 161.8, 161.9, 161.8, 163.0, 161.8, 162.4, 162.4, 162.8, 162.9, 162.4, 162.5, 161.9, 162.4, 161.3, 161.3, 161.6, 161.3, 161.9, 163.0, 162.5, 161.9, 161.8, 161.3, 161.3, 162.5, 162.4, 161.9, 161.8, 161.4, 161.9, 161.8, 161.3, 161.9, 161.4, 161.9, 161.5, 161.3, 161.4, 161.4, 161.2, 160.8, 160.8, 161.4, 161.3, 161.3, 161.3, 161.9, 161.3, 161.3, 162.0, 161.3, 161.9, 161.5, 161.4, 162.0, 162.0, 161.6, 162.0, 161.9, 161.5, 160.9, 161.5, 161.5, 161.5, 162.6, 162.1, 162.6, 161.6, 162.1, 162.1, 161.9, 162.1, 162.0, 162.1, 161.6, 161.6, 162.5, 162.1, 161.5, 162.1, 162.1, 162.0, 161.6, 162.1, 162.5, 162.0, 161.5, 161.4, 162.6, 162.0, 162.1, 162.6, 162.1, 162.7, 162.6, 162.0, 162.1, 161.6, 162.1, 161.4, 162.0, 162.0, 162.1, 162.6, 162.0, 161.6, 162.1, 162.0, 162.7, 162.3, 162.8, 162.3, 162.8, 163.3, 163.2, 162.9, 163.3, 162.1, 162.6, 162.0, 162.0, 162.1, 162.1, 162.0, 162.0, 162.2, 162.3, 162.0, 162.6, 162.1, 162.7, 162.8, 162.3, 162.7, 162.8, 162.6, 162.2, 162.8, 162.6, 162.7, 162.8, 163.3, 163.3, 163.3, 162.8, 162.2, 162.8, 162.7, 163.3, 163.3, 162.9, 163.3, 162.2, 162.9, 162.7, 162.7, 162.2, 161.6, 161.6, 162.1, 162.7, 162.7, 162.7, 162.6, 162.2, 162.1, 163.2, 163.2, 162.7, 163.3, 163.2, 163.2, 162.8, 162.7, 162.6, 162.6, 162.8, 163.7, 162.2, 162.1, 163.2, 163.2, 163.8, 162.7, 162.7, 163.2, 163.2, 163.1, 162.2, 163.3, 162.2, 163.2, 162.7, 162.7, 162.6, 163.3, 162.6, 163.2, 163.3, 162.5, 163.7, 163.2, 162.6, 163.2, 163.3, 162.7, 163.7, 163.2, 163.2, 163.2, 162.5, 163.2, 163.3, 162.7, 163.2, 163.1, 162.7, 163.8, 163.1, 162.7, 162.7, 163.2, 162.7, 163.8, 163.2, 163.3, 164.9, 163.8, 163.8, 163.2, 162.7, 163.8, 163.7, 163.8, 162.6, 163.2, 162.5, 162.7, 163.1, 163.2, 163.2, 163.2, 162.7, 163.2, 163.3, 162.5, 163.1, 163.8, 163.2, 164.3, 163.9, 163.2, 163.9, 163.3, 163.2, 163.7, 163.2, 163.7, 163.2, 163.3, 163.8, 163.9, 163.7, 163.3]"
19,"[171.2, 170.1, 170.6, 170.6, 170.6, 170.1, 170.1, 170.1, 169.6, 170.1, 170.1, 169.6, 170.1, 170.1, 169.6, 170.7, 169.6, 170.2, 169.6, 170.2, 169.6, 169.6, 169.6, 169.6, 170.1, 169.6, 169.1, 169.6, 169.6, 169.6, 169.6, 170.1, 170.1, 169.0, 169.6, 169.6, 169.6, 170.1, 169.6, 169.6, 169.6, 169.6, 169.6, 170.1, 169.6, 170.1, 170.1, 170.1, 169.6, 169.1, 169.1, 170.1, 169.6, 169.0, 169.0, 168.4, 168.5, 168.4, 169.0, 168.5, 167.9, 168.5, 168.5, 167.9, 167.9, 168.5, 167.9, 168.5, 168.5, 168.0, 168.5, 167.9, 168.5, 168.0, 168.5, 168.5, 167.9, 168.5, 167.9, 169.1, 167.9, 168.5, 168.5, 168.5, 168.5, 168.5, 169.1, 169.0, 168.5, 169.1, 168.5, 169.1, 168.5, 168.5, 168.5, 168.0, 167.9, 167.9, 168.5, 167.4, 168.5, 168.5, 168.5, 169.0, 168.5, 168.5, 168.5, 169.1, 168.0, 167.9, 167.9, 168.5, 169.1, 167.9, 168.0, 168.5, 168.5, 167.9, 168.4, 168.5, 168.5, 169.1, 168.5, 168.0, 167.9, 167.9, 167.9, 167.3, 167.9, 167.9, 168.0, 168.5, 168.5, 167.9, 168.0, 167.9, 169.0, 168.4, 168.5, 169.0, 169.6, 170.1, 170.7, 171.2, 170.7, 170.7, 170.2, 169.6, 169.6, 169.6, 169.6, 169.6, 169.1, 169.6, 169.6, 169.6, 169.1, 168.6, 169.1, 168.6, 168.0, 168.0, 168.6, 168.6, 169.1, 168.6, 168.0, 168.0, 168.6, 168.0, 168.1, 167.5, 167.5, 167.4, 166.9, 166.9, 167.0, 167.1, 169.1, 169.0, 168.5, 170.1, 169.1, 168.6, 168.6, 168.0, 168.1, 168.6, 167.5, 167.5, 168.0, 167.5, 167.0, 167.0, 167.5, 168.0, 167.5, 167.5, 166.9, 166.8, 166.9, 166.3, 166.4, 166.9, 165.8, 165.8, 165.8, 165.2, 166.3, 165.8, 165.8, 165.8, 165.2, 165.8, 165.7, 164.2, 165.7, 165.2, 165.3, 165.2, 165.8, 165.2, 165.7, 167.5, 167.0, 168.5, 168.5, 167.5, 169.6, 169.6, 166.5, 167.5, 168.0, 168.1, 167.5, 167.5, 166.9, 167.5, 167.5, 168.0, 167.5, 167.5, 167.6, 166.4, 166.4, 166.4, 166.4, 165.9, 166.3, 165.8, 165.8, 166.8, 165.8, 165.8, 165.2, 165.2, 165.3, 165.7, 166.4, 165.8, 165.2, 165.8, 165.2, 165.2, 165.1, 164.4, 165.2, 165.2, 166.3, 165.7, 165.7, 164.6, 165.0, 165.0, 165.1, 165.2, 165.7, 165.1, 164.6, 165.7, 165.2, 165.8, 165.6, 165.2, 166.8, 167.5, 168.1, 169.1, 167.0, 169.6, 168.1, 168.0, 168.0, 168.0, 168.6, 168.1, 168.1, 167.5, 166.5, 167.5, 168.0, 166.9, 167.0, 167.5, 166.5, 166.4, 166.4, 166.4, 168.0, 167.5, 166.4, 165.9, 167.0, 166.0, 166.4, 165.9, 165.3, 164.7, 164.7, 164.1, 165.2, 164.6, 165.1, 165.2, 164.6, 164.6, 164.1, 163.5, 164.1, 164.0, 164.6, 164.6, 163.5, 164.6, 164.2, 164.1, 164.7, 165.2, 165.7, 165.2, 164.6, 164.1, 165.1, 164.1, 163.5, 164.1, 164.1, 163.5, 163.5, 164.1, 164.1, 163.6, 164.2, 163.5, 163.6, 162.9, 163.5, 163.5, 163.0, 163.5, 164.1, 164.1, 164.1, 163.6, 163.5, 163.0, 163.1, 163.6, 163.1, 163.0, 163.0, 163.0, 163.1, 162.5, 161.9, 162.5, 162.5, 162.4, 162.5, 161.9, 161.9, 161.8, 162.0, 162.0, 162.0, 161.9, 162.5, 162.7, 162.5, 162.5, 162.1, 162.1, 162.0, 161.9, 162.5, 161.9, 162.6, 162.6, 162.6, 162.1, 162.5, 162.5, 162.6, 162.1, 162.5, 162.6, 162.7, 162.2, 161.6, 162.8, 162.6, 162.7, 162.1, 162.5, 163.1, 162.7, 162.6, 162.1, 162.1, 162.1, 162.7, 162.2, 162.6, 162.6, 162.2, 162.8, 162.3, 162.3, 162.2, 162.2, 162.2, 162.3, 162.2, 161.6, 161.6, 162.2, 162.3, 161.7, 162.3, 161.6, 162.2, 161.5, 161.7, 161.7, 162.3, 162.2, 162.9, 162.2, 162.3, 161.6, 162.2, 162.8, 162.3, 162.9, 162.7, 162.7, 161.6, 161.6, 162.2, 161.7, 161.7, 162.1, 161.7, 162.3, 162.3, 161.7, 161.6, 162.8, 161.6, 162.2, 161.6, 160.8, 160.9, 162.2, 162.2, 162.0, 161.5, 162.2, 162.1, 162.1, 161.5, 160.8, 161.5, 161.5, 161.6, 162.1, 160.8, 162.1, 162.6, 161.0, 162.1, 162.1, 162.3, 162.5, 162.1, 161.6, 161.9, 161.5, 161.6, 162.2, 162.7, 162.1, 161.6, 161.4, 161.5, 161.0, 160.9, 161.6, 161.5, 162.1, 161.4, 160.8, 161.4, 162.1, 161.4, 161.4, 160.8, 161.3, 162.0, 160.2, 161.4, 161.4, 162.1, 162.0, 161.4, 161.5, 161.5, 162.1, 161.4, 162.0, 161.5, 161.6, 161.4, 161.9, 162.5, 161.5, 161.9, 161.5, 162.0, 162.0, 162.5, 161.9, 162.1, 161.9, 161.4, 162.0, 162.0, 161.5, 161.9, 160.8, 162.5, 161.9, 161.9, 162.6, 162.4, 161.9, 162.1, 162.6, 162.1, 162.2, 162.1, 162.6, 162.5, 162.0, 162.6, 162.6, 162.7, 161.6, 161.4, 162.0, 162.0, 162.0, 163.1, 162.1, 162.2, 162.9, 162.3, 163.4, 162.2, 162.3, 163.3, 162.8, 162.5, 162.7, 163.1, 163.2, 162.7, 163.7, 163.2, 163.2, 163.2, 163.7, 163.2, 163.3, 162.8, 162.7, 163.2, 162.7, 163.2, 162.1]"
19,"[170.6, 170.6, 170.1, 171.2, 170.6, 171.2, 171.2, 170.1, 170.7, 171.2, 170.7, 170.7, 170.1, 170.1, 170.7, 171.2, 171.2, 170.7, 170.7, 170.2, 170.7, 170.7, 170.1, 170.7, 170.7, 170.7, 171.2, 170.7, 170.7, 170.7, 170.7, 171.2, 171.2, 171.2, 170.7, 171.2, 170.7, 171.2, 170.7, 171.2, 170.7, 171.2, 171.2, 170.7, 170.7, 170.7, 170.7, 170.7, 170.7, 170.1, 170.7, 170.7, 170.7, 170.1, 170.1, 170.7, 170.7, 170.7, 170.1, 170.7, 170.1, 170.2, 170.2, 170.1, 170.1, 170.7, 170.2, 170.1, 170.1, 170.2, 170.2, 170.1, 170.1, 169.6, 170.1, 169.6, 169.6, 170.1, 169.6, 170.1, 170.1, 169.6, 169.6, 169.6, 169.6, 170.2, 169.6, 169.6, 169.6, 170.1, 169.6, 170.1, 169.6, 169.6, 169.6, 169.6, 169.6, 169.6, 169.6, 169.6, 170.2, 169.6, 169.6, 169.6, 169.6, 169.6, 169.6, 169.6, 170.2, 169.6, 170.2, 169.6, 170.2, 169.7, 169.1, 169.7, 169.7, 170.2, 169.1, 170.2, 169.6, 169.6, 169.6, 170.2, 170.7, 169.6, 169.0, 168.5, 167.9, 167.9, 168.5, 169.0, 169.0, 169.0, 169.5, 169.0, 169.6, 169.0, 169.6, 170.1, 170.7, 171.2, 171.2, 170.7, 169.6, 170.1, 169.6, 169.0, 170.1, 169.6, 169.1, 169.1, 169.0, 169.0, 169.1, 168.5, 168.6, 168.5, 167.5, 168.5, 168.5, 168.5, 168.5, 168.5, 168.0, 168.0, 167.9, 168.0, 167.4, 167.5, 168.0, 168.0, 167.5, 167.4, 166.9, 166.3, 166.8, 166.8, 166.9, 166.9, 167.4, 166.9, 166.8, 166.3, 166.9, 166.3, 166.9, 166.9, 166.3, 166.8, 166.3, 167.4, 166.3, 166.8, 166.8, 166.8, 166.8, 166.8, 166.2, 166.3, 166.3, 165.8, 166.3, 165.8, 165.8, 166.3, 166.3, 166.3, 166.3, 166.8, 166.3, 166.3, 165.7, 165.7, 165.7, 165.2, 165.2, 164.0, 164.6, 165.8, 165.1, 165.0, 164.7, 165.3, 165.1, 165.8, 165.7, 166.2, 165.7, 165.7, 165.1, 165.7, 165.5, 165.3, 166.4, 168.2, 167.5, 168.2, 167.5, 168.1, 168.1, 168.7, 167.5, 168.2, 167.0, 167.0, 167.6, 167.6, 167.1, 167.8, 167.8, 167.2, 166.6, 167.2, 167.3, 167.2, 166.6, 167.8, 166.6, 166.7, 166.6, 166.6, 166.7, 166.7, 167.3, 166.7, 167.4, 166.2, 166.8, 166.2, 166.8, 166.7, 165.5, 167.3, 166.2, 165.7, 166.2, 166.8, 166.1, 166.2, 166.2, 166.7, 165.7, 166.2, 165.6, 166.2, 166.2, 166.2, 166.2, 165.7, 166.3, 165.1, 165.7, 165.6, 164.6, 165.0, 165.7, 165.8, 165.2, 164.6, 164.6, 165.1, 165.0, 164.4, 165.7, 164.5, 165.7, 165.6, 165.5, 165.6, 165.7, 165.2, 165.7, 166.3, 164.0, 164.6, 165.2, 165.2, 164.6, 165.2, 164.6, 164.7, 165.1, 165.2, 163.9, 165.2, 164.6, 165.2, 165.7, 165.2, 165.2, 165.2, 164.6, 164.7, 164.6, 164.6, 165.2, 164.7, 165.2, 164.6, 164.6, 164.0, 164.7, 164.0, 163.5, 164.7, 164.6, 164.6, 164.1, 165.1, 164.6, 165.1, 164.6, 165.0, 166.3, 165.2, 165.2, 165.2, 165.1, 165.2, 164.4, 165.0, 165.2, 165.1, 165.1, 164.6, 165.1, 165.2, 165.1, 164.7, 164.6, 164.6, 164.6, 164.6, 164.7, 163.0, 164.7, 163.1, 164.1, 165.2, 163.5, 163.6, 164.1, 164.0, 164.7, 163.5, 164.1, 163.5, 163.5, 163.7, 163.1, 163.7, 162.5, 163.1, 164.2, 163.6, 163.1, 163.6, 163.7, 162.5, 164.2, 163.1, 163.1, 163.1, 162.1, 162.2, 163.1, 163.7, 163.6, 164.2, 163.1, 163.7, 163.7, 162.6, 163.1, 163.1, 163.7, 163.1, 162.5, 163.7, 163.1, 163.1, 163.2, 163.7, 163.2, 163.1, 163.1, 163.1, 163.1, 162.5, 163.1, 163.1, 162.7, 163.6, 163.7, 163.7, 163.7, 163.1, 163.1, 163.1, 162.0, 162.1, 162.5, 163.1, 163.2, 163.1, 163.7, 162.7, 163.1, 162.7, 163.2, 163.2, 162.5, 162.7, 163.2, 162.7, 162.2, 162.7, 162.6, 163.2, 163.8, 163.1, 162.0, 162.6, 162.6, 163.2, 163.2, 163.1, 162.6, 163.2, 163.1, 163.1, 163.1, 163.2, 162.7, 162.6, 163.2, 163.2, 163.2, 163.2, 163.7, 162.6, 162.7, 163.3, 163.3, 163.3, 162.8, 162.7, 162.7, 162.8, 163.8, 163.9, 162.7, 163.3, 162.7, 163.8, 162.7, 163.2, 163.3, 162.2, 163.2, 162.7, 163.3, 163.4, 162.8, 162.8, 162.0, 162.8, 162.8, 163.3, 162.7, 162.3, 162.2, 162.7, 161.6, 162.7, 162.1, 162.2, 162.8, 162.2, 162.8, 162.1, 162.8, 163.3, 162.6, 162.7, 162.8, 162.8, 162.1, 162.7, 163.3, 162.6, 162.7, 162.7, 163.1, 162.2, 162.9, 162.8, 162.2, 162.9, 162.2, 162.3, 162.1, 162.7, 163.3, 162.7, 162.7, 162.3, 162.7, 163.2, 163.2, 163.8, 162.8, 163.7, 163.4, 163.3, 162.7, 162.6, 163.1, 162.2, 163.1, 162.6, 163.2, 163.7, 163.2, 162.7, 163.2, 162.8, 162.7, 163.2, 162.6, 163.2, 162.6, 162.2, 162.7, 163.3, 163.3, 162.7, 163.3, 162.6, 162.7, 162.5, 162.7, 162.6, 162.7, 162.7, 162.7, 163.2, 162.8, 162.1, 162.6, 163.3, 163.2, 162.8, 162.7, 162.6, 162.7, 162.1, 162.6, 162.1]"
19,"[169.5, 170.1, 170.1, 168.9, 169.0, 169.0, 168.6, 169.1, 169.7, 169.6, 169.7, 169.6, 169.1, 169.1, 169.1, 168.6, 170.2, 169.6, 168.6, 169.1, 169.6, 169.7, 169.1, 169.1, 169.6, 169.1, 169.7, 168.6, 169.1, 169.1, 169.1, 169.1, 169.6, 168.6, 169.1, 169.1, 169.1, 169.1, 169.1, 168.6, 168.6, 169.1, 169.2, 169.1, 169.1, 169.6, 169.7, 169.1, 169.1, 169.7, 169.7, 169.1, 169.1, 168.1, 168.6, 169.1, 169.7, 169.1, 169.1, 169.1, 169.1, 168.6, 168.6, 169.2, 168.6, 168.6, 169.1, 169.1, 169.1, 169.1, 169.1, 169.1, 169.6, 168.6, 169.1, 169.1, 168.1, 169.1, 169.2, 169.1, 169.1, 169.1, 169.6, 169.1, 169.1, 169.7, 169.1, 169.1, 169.2, 169.1, 169.6, 169.1, 169.1, 168.6, 169.1, 169.1, 169.1, 169.1, 169.1, 169.1, 169.7, 169.1, 169.6, 169.6, 169.1, 168.6, 168.6, 169.1, 169.1, 168.6, 169.1, 168.6, 169.1, 168.1, 168.6, 168.1, 168.1, 169.1, 169.1, 168.6, 169.1, 169.1, 168.6, 169.6, 169.1, 170.7, 170.1, 169.0, 167.9, 168.4, 168.5, 169.6, 169.0, 169.1, 169.1, 170.1, 170.2, 170.7, 171.2, 171.2, 170.7, 171.2, 171.2, 170.7, 170.7, 171.2, 171.2, 170.2, 170.2, 169.6, 169.6, 170.2, 169.1, 169.1, 169.1, 168.6, 169.1, 169.1, 169.1, 168.6, 169.1, 169.1, 168.1, 168.1, 168.1, 167.5, 167.5, 167.5, 167.5, 167.5, 167.5, 166.9, 166.9, 167.0, 166.9, 167.0, 165.8, 166.9, 166.9, 166.9, 166.9, 166.3, 165.8, 166.3, 165.2, 165.8, 165.8, 165.2, 165.2, 164.7, 165.3, 164.7, 164.7, 164.7, 164.7, 164.8, 165.3, 165.3, 164.7, 164.7, 164.7, 164.7, 165.3, 164.7, 164.1, 164.1, 164.1, 164.2, 165.3, 164.8, 164.1, 164.1, 164.1, 164.1, 164.3, 164.7, 164.1, 164.7, 164.7, 164.2, 164.7, 165.3, 166.2, 166.5, 166.3, 168.8, 170.0, 170.6, 170.0, 169.4, 170.6, 170.0, 170.0, 170.0, 169.4, 169.4, 170.0, 170.6, 169.4, 168.8, 168.8, 168.2, 168.9, 168.9, 168.9, 168.9, 168.3, 168.3, 168.3, 168.4, 167.8, 168.4, 168.4, 167.9, 167.3, 167.8, 167.3, 167.8, 167.9, 167.8, 167.3, 167.9, 168.4, 167.8, 167.3, 167.8, 167.3, 167.3, 167.2, 167.3, 167.2, 167.3, 167.4, 167.4, 167.9, 167.4, 167.4, 167.9, 167.4, 167.9, 167.9, 167.4, 166.8, 167.9, 167.4, 167.3, 167.4, 167.4, 167.3, 167.9, 166.8, 167.3, 167.4, 167.4, 167.3, 167.9, 167.4, 166.3, 166.8, 166.8, 167.9, 166.8, 166.8, 166.9, 166.9, 166.3, 166.4, 166.3, 166.4, 166.3, 166.8, 166.3, 166.3, 166.8, 166.8, 165.7, 166.3, 166.2, 166.2, 165.7, 166.3, 165.8, 165.7, 165.7, 166.3, 166.3, 165.7, 165.8, 165.2, 165.7, 165.6, 165.7, 166.3, 165.5, 166.3, 166.2, 165.2, 165.8, 165.6, 166.3, 166.2, 166.3, 166.2, 166.2, 166.2, 166.2, 165.7, 165.6, 166.2, 166.2, 165.7, 166.2, 166.3, 165.2, 165.7, 165.7, 165.5, 166.3, 166.1, 166.3, 166.3, 165.5, 166.2, 166.3, 165.8, 166.2, 165.8, 165.2, 165.7, 165.8, 165.2, 165.2, 164.7, 164.7, 164.7, 165.2, 164.6, 164.7, 164.6, 164.1, 163.6, 164.7, 164.6, 163.6, 163.5, 163.1, 163.6, 163.1, 164.2, 163.6, 164.2, 163.7, 164.3, 163.1, 164.3, 163.7, 163.7, 163.8, 163.7, 163.1, 163.1, 163.1, 163.3, 163.1, 163.1, 162.6, 163.2, 163.2, 162.6, 163.2, 163.2, 163.3, 163.7, 163.1, 163.2, 163.2, 163.2, 163.1, 163.1, 162.7, 163.7, 162.7, 162.6, 163.2, 162.6, 163.2, 163.2, 163.8, 163.0, 163.1, 162.6, 163.1, 163.2, 163.1, 163.9, 164.5, 164.5, 164.5, 165.0, 165.1, 164.5, 165.5, 165.1, 164.5, 164.5, 164.5, 165.0, 164.4, 164.5, 165.0, 165.0, 164.5, 164.0, 164.4, 164.5, 164.5, 163.8, 163.9, 165.1, 165.5, 163.9, 164.5, 165.1, 165.0, 165.0, 164.5, 163.9, 165.1, 165.0, 164.6, 164.5, 164.5, 164.5, 164.0, 165.6, 165.0, 164.5, 164.4, 164.4, 164.5, 163.9, 164.4, 164.4, 163.9, 164.5, 164.5, 164.6, 163.9, 164.5, 163.4, 163.9, 165.0, 164.5, 164.0, 164.6, 164.5, 165.0, 164.5, 164.9, 163.4, 163.4, 163.9, 163.3, 163.4, 164.4, 164.5, 165.0, 164.4, 164.4, 163.9, 164.4, 163.9, 164.1, 164.5, 164.1, 164.0, 163.9, 163.9, 164.5, 164.5, 164.4, 163.9, 163.9, 163.9, 163.3, 163.8, 163.9, 163.9, 163.9, 163.2, 163.9, 163.4, 163.3, 163.8, 163.4, 163.8, 163.9, 163.8, 162.7, 163.3, 163.3, 163.3, 162.8, 162.6, 163.2, 163.4, 163.8, 163.4, 163.3, 162.7, 163.3, 163.3, 163.2, 163.3, 163.4, 163.3, 163.4, 162.7, 162.8, 163.2, 163.3, 163.2, 163.1, 163.8, 163.3, 162.8, 162.7, 162.8, 163.4, 163.3, 162.9, 163.4, 163.9, 163.4, 163.5, 163.4, 162.9, 163.9, 163.5, 162.9, 163.3, 163.4, 163.4, 163.4, 163.4, 163.4, 164.0, 162.9, 163.5, 164.5, 163.5, 163.9, 163.4, 163.4, 163.9, 163.9, 164.0, 163.9, 163.9, 163.9]"
19,"[171.2, 170.6, 171.2, 170.6, 171.2, 170.6, 170.1, 170.2, 170.7, 169.6, 170.2, 170.2, 170.2, 169.6, 170.7, 170.2, 170.2, 170.7, 170.2, 170.7, 170.2, 170.7, 170.2, 170.2, 170.7, 171.2, 170.7, 170.7, 170.7, 170.7, 170.7, 170.2, 171.2, 170.7, 170.7, 171.2, 171.2, 169.6, 171.2, 170.7, 170.2, 170.7, 170.7, 170.2, 169.7, 170.2, 170.7, 170.2, 170.7, 170.2, 170.2, 169.7, 170.2, 170.2, 169.6, 169.6, 170.7, 170.2, 170.2, 169.6, 169.6, 169.6, 169.6, 169.6, 169.6, 169.1, 169.7, 169.7, 169.7, 169.6, 169.7, 169.1, 169.7, 170.2, 169.6, 169.6, 169.1, 169.1, 169.7, 170.2, 169.1, 169.7, 169.7, 170.2, 170.2, 169.7, 169.6, 169.7, 169.7, 169.1, 169.7, 170.2, 169.1, 169.1, 169.1, 169.6, 169.6, 169.7, 169.1, 168.6, 168.6, 169.1, 169.1, 169.1, 168.6, 169.1, 168.6, 169.7, 168.6, 169.6, 168.6, 169.7, 170.2, 169.7, 169.1, 169.1, 169.7, 168.6, 169.1, 169.1, 169.1, 169.6, 169.1, 169.1, 170.7, 170.7, 170.2, 168.5, 167.3, 167.2, 167.2, 167.4, 167.4, 167.9, 168.6, 169.1, 169.1, 170.2, 170.2, 169.6, 170.7, 170.2, 169.6, 170.2, 170.1, 170.1, 170.7, 170.2, 170.7, 170.7, 170.7, 170.7, 170.7, 171.2, 171.2, 170.7, 170.2, 170.2, 169.6, 169.6, 169.6, 169.6, 168.6, 169.1, 168.6, 169.1, 168.6, 169.1, 168.6, 168.6, 168.6, 168.0, 168.6, 168.6, 168.6, 168.1, 168.6, 168.1, 168.6, 168.6, 168.0, 168.0, 168.6, 168.6, 168.0, 168.6, 168.6, 169.6, 168.6, 169.1, 168.6, 168.6, 169.1, 168.6, 168.6, 168.6, 169.1, 169.1, 169.1, 168.6, 169.1, 169.1, 169.0, 169.1, 169.1, 169.0, 169.6, 170.2, 170.1, 169.5, 168.8, 167.7, 167.6, 167.1, 167.6, 168.3, 168.3, 168.9, 167.7, 167.1, 167.2, 167.2, 167.3, 167.3, 167.3, 167.9, 168.5, 167.9, 167.9, 167.9, 168.5, 168.5, 168.5, 169.1, 168.0, 168.5, 167.9, 169.6, 169.0, 168.5, 169.0, 168.5, 169.1, 168.5, 168.0, 169.6, 169.1, 169.6, 169.1, 169.1, 169.6, 169.1, 170.1, 170.1, 170.1, 170.1, 170.1, 170.1, 170.1, 170.1, 171.2, 169.6, 169.0, 169.6, 168.5, 168.4, 169.0, 167.8, 167.8, 167.9, 168.4, 169.0, 168.4, 168.4, 169.0, 169.6, 168.5, 169.0, 169.6, 169.6, 169.0, 169.6, 170.7, 170.1, 169.6, 170.1, 170.1, 170.1, 170.7, 170.1, 170.7, 170.7, 170.7, 170.7, 170.1, 171.2, 171.2, 171.2, 170.7, 170.7, 171.2, 171.2, 170.7, 171.2, 171.2, 171.2, 170.7, 170.1, 170.7, 170.1, 170.1, 170.1, 171.2, 170.7, 170.1, 170.1, 170.1, 170.1, 170.1, 170.1, 170.7, 170.7, 171.2, 171.2, 170.7, 170.7, 170.7, 170.1, 170.7, 170.1, 171.2, 171.2, 170.7, 170.1, 170.1, 170.1, 170.1, 170.1, 170.7, 169.6, 170.7, 169.6, 170.1, 169.5, 169.6, 170.7, 170.1, 170.1, 170.1, 170.1, 170.1, 170.1, 170.1, 170.1, 169.6, 169.6, 169.6, 169.1, 169.6, 169.0, 170.1, 169.6, 169.0, 169.6, 169.6, 169.6, 168.5, 169.1, 168.5, 168.5, 168.5, 168.5, 168.5, 168.5, 167.9, 167.4, 167.9, 167.4, 167.4, 166.8, 166.8, 166.9, 166.9, 166.3, 165.8, 166.3, 165.2, 166.3, 166.3, 166.3, 166.3, 165.9, 165.3, 165.3, 164.7, 164.7, 164.1, 164.6, 164.2, 163.7, 163.7, 163.6, 164.1, 163.6, 164.3, 164.2, 163.1, 163.2, 162.6, 162.5, 163.0, 162.8, 163.1, 162.6, 163.2, 163.7, 162.7, 163.1, 163.2, 163.1, 163.2, 162.6, 162.6, 163.2, 163.3, 162.6, 163.1, 162.7, 163.1, 163.2, 162.7, 164.4, 163.7, 163.8, 164.3, 164.4, 163.7, 163.8, 163.2, 163.8, 163.7, 163.7, 164.3, 164.3, 163.2, 163.8, 163.1, 164.4, 163.2, 162.7, 163.1, 163.3, 163.8, 163.7, 164.3, 164.3, 162.5, 164.3, 164.3, 163.8, 163.2, 163.2, 164.2, 163.7, 163.7, 163.1, 163.7, 163.1, 163.7, 162.7, 163.1, 163.1, 163.2, 163.7, 163.7, 163.7, 163.7, 163.2, 163.7, 163.1, 163.2, 163.7, 162.7, 162.7, 163.3, 163.2, 163.8, 163.7, 163.8, 163.2, 163.2, 163.2, 163.8, 163.7, 163.9, 163.2, 163.7, 163.8, 163.7, 163.4, 164.4, 164.3, 162.6, 163.2, 163.2, 163.7, 163.8, 163.2, 163.2, 163.1, 163.1, 163.4, 163.8, 163.7, 163.1, 163.2, 163.7, 163.2, 163.7, 163.2, 163.2, 163.2, 162.6, 163.7, 163.3, 163.2, 163.8, 163.9, 163.2, 164.4, 163.2, 163.2, 163.2, 163.8, 163.3, 163.8, 163.8, 163.2, 164.4, 163.3, 163.7, 163.3, 163.8, 162.7, 162.7, 163.1, 164.3, 163.3, 163.2, 163.2, 163.8, 163.2, 163.7, 163.7, 163.7, 163.8, 163.1, 163.2, 163.7, 163.2, 164.3, 163.2, 162.6, 163.7, 163.1, 162.7, 163.1, 162.7, 162.7, 163.7, 163.1, 163.3, 163.2, 163.2, 162.7, 163.2, 162.6, 163.3, 163.2, 162.7, 163.1, 163.3, 163.9, 163.7, 162.1, 163.2, 163.2, 163.1, 163.1, 163.1, 163.2, 162.6, 163.3, 163.2, 163.2, 162.6, 162.6, 163.1, 163.1, 162.5]"
19,"[169.4, 169.4, 168.3, 168.3, 168.3, 168.3, 168.3, 167.7, 168.9, 168.4, 168.4, 167.9, 167.9, 167.8, 168.3, 167.8, 167.7, 167.8, 167.3, 168.4, 167.9, 167.9, 167.4, 167.4, 167.9, 167.9, 167.4, 167.9, 167.9, 168.4, 169.0, 167.9, 167.9, 167.9, 167.9, 167.9, 167.8, 167.8, 167.8, 167.8, 167.8, 167.3, 167.8, 167.8, 167.2, 168.4, 167.2, 167.8, 167.2, 167.8, 166.7, 167.2, 166.1, 166.1, 166.1, 166.5, 166.0, 166.0, 166.1, 166.1, 165.5, 166.1, 165.5, 165.4, 166.1, 166.0, 165.9, 165.3, 166.0, 165.4, 164.9, 165.3, 165.3, 164.7, 165.3, 164.7, 164.3, 164.9, 164.7, 164.8, 164.7, 165.3, 164.1, 164.7, 164.9, 164.9, 164.9, 164.7, 164.8, 164.7, 164.7, 164.7, 164.8, 164.7, 164.7, 164.7, 164.7, 165.3, 164.3, 164.9, 165.0, 165.5, 165.5, 165.4, 165.0, 165.5, 165.4, 166.1, 165.5, 165.5, 164.9, 165.5, 164.9, 165.4, 165.0, 164.9, 164.9, 165.5, 164.9, 165.5, 165.5, 165.5, 164.9, 165.4, 164.9, 165.4, 164.9, 165.5, 166.0, 166.1, 167.2, 166.1, 166.7, 166.1, 166.7, 166.7, 167.2, 166.6, 166.8, 166.8, 167.9, 167.4, 167.4, 167.9, 168.0, 167.9, 167.9, 168.0, 169.1, 170.2, 170.2, 170.2, 169.6, 170.2, 170.2, 170.2, 170.2, 170.2, 169.6, 169.6, 170.2, 170.2, 170.2, 170.2, 170.1, 170.1, 170.2, 170.2, 170.7, 170.2, 170.2, 170.2, 170.7, 170.7, 170.7, 171.2, 170.7, 171.2, 170.7, 170.2, 170.7, 171.2, 170.7, 171.2, 170.7, 171.2, 170.7, 171.2, 170.7, 171.2, 171.2, 170.2, 171.2, 170.7, 170.7, 170.7, 171.2, 171.2, 171.2, 170.7, 171.2, 170.7, 171.2, 171.2, 170.7, 170.2, 171.2, 170.2, 171.2, 171.2, 171.2, 170.7, 171.2, 171.2, 170.2, 170.7, 170.7, 171.2, 171.2, 170.7, 171.2, 170.7, 171.2, 171.2, 170.7, 171.2, 171.2, 171.2, 170.7, 170.7, 170.2, 170.7, 170.7, 170.7, 171.2, 170.7, 171.2, 171.2, 171.2, 171.2, 170.7, 170.7, 170.7, 171.2, 170.1, 171.2, 170.7, 171.2, 170.7, 170.7, 171.2, 171.2, 170.7, 170.7, 170.7, 170.7, 171.2, 171.2, 171.2, 170.7, 171.2, 171.2, 171.2, 170.7, 171.2, 171.2, 171.2, 171.2, 170.7, 170.7, 170.1, 171.2, 170.2, 170.7, 170.7, 170.1, 170.7, 170.7, 170.7, 170.7, 170.7, 170.7, 170.7, 170.7, 170.2, 170.7, 171.2, 170.7, 170.7, 170.7, 170.7, 170.2, 170.1, 170.1, 171.2, 171.2, 171.2, 170.7, 170.7, 170.1, 170.7, 170.7, 170.7, 170.7, 170.7, 170.7, 170.7, 171.2, 170.7, 170.7, 170.7, 171.2, 170.7, 170.7, 171.2, 171.2, 170.7, 171.2, 171.2, 170.7, 171.2, 171.2, 170.7, 171.2, 170.7, 171.2, 170.7, 171.2, 170.7, 171.2, 170.7, 170.2, 170.7, 170.7, 170.7, 170.7, 170.7, 171.2, 171.2, 171.2, 170.1, 171.2, 170.7, 171.2, 171.2, 170.7, 170.7, 170.7, 170.7, 170.7, 171.2, 170.7, 170.7, 171.2, 171.2, 170.1, 170.7, 170.7, 170.7, 171.2, 170.7, 171.2, 171.2, 171.2, 170.7, 170.7, 170.7, 170.7, 171.2, 170.7, 170.1, 170.1, 170.2, 170.7, 170.7, 170.7, 169.6, 170.1, 169.6, 169.0, 170.7, 170.1, 170.7, 170.7, 171.2, 170.7, 170.7, 171.2, 170.7, 171.2, 171.2, 171.2, 170.7, 171.2, 171.2, 170.7, 170.7, 170.7, 171.2, 170.7, 171.2, 171.2, 170.7, 171.2, 170.7, 170.7, 170.2, 171.2, 170.2, 170.1, 171.2, 170.7, 170.7, 170.7, 171.2, 171.2, 171.2, 171.2, 170.7, 170.7, 170.7, 170.7, 170.2, 169.6, 170.2, 170.1, 170.1, 169.6, 170.2, 169.6, 170.7, 169.6, 170.2, 170.2, 169.6, 170.2, 169.6, 169.6, 169.6, 169.6, 170.2, 170.1, 169.6, 170.7, 170.1, 169.6, 169.6, 169.6, 170.2, 169.6, 169.6, 170.2, 170.2, 169.6, 169.1, 169.1, 169.1, 169.7, 169.1, 169.1, 169.6, 170.2, 169.1, 169.7, 170.2, 169.6, 169.6, 169.6, 170.2, 170.2, 169.1, 168.6, 168.6, 168.6, 169.1, 168.6, 168.6, 169.1, 169.6, 169.1, 169.6, 169.7, 169.1, 170.7, 170.2, 169.1, 169.6, 170.2, 170.2, 170.2, 169.1, 169.1, 169.1, 169.1, 169.1, 169.6, 170.2, 169.6, 170.2, 170.2, 169.6, 169.6, 170.2, 169.1, 170.2, 169.1, 169.1, 169.6, 169.6, 169.7, 169.7, 170.2, 169.1, 168.6, 169.6, 169.1, 169.1, 169.6, 169.1, 169.6, 169.6, 169.1, 169.6, 169.1, 169.1, 169.6, 169.1, 169.7, 169.6, 169.6, 168.6, 170.2, 170.2, 170.2, 169.1, 170.2, 168.6, 169.7, 169.6, 170.7, 170.7, 170.7, 170.7, 170.7, 170.7, 170.7, 170.1, 170.1, 169.6, 169.1, 168.5, 168.5, 167.9, 168.0, 167.9, 167.9, 167.8, 169.0, 169.0, 168.3, 168.3, 168.4, 168.3, 168.3, 167.7, 168.3, 167.1, 167.2, 166.6, 167.2, 166.6, 166.6, 167.8, 167.8, 166.5, 166.6, 166.0, 166.6, 166.0, 166.5, 166.0, 166.0, 166.0, 165.4, 165.5, 164.9, 164.9, 164.9, 164.9, 164.9, 164.9, 164.9, 164.9, 164.7, 164.7, 164.1, 164.1, 163.9, 164.0, 163.3]"
19,"[170.1, 169.4, 168.9, 168.9, 168.9, 167.9, 168.4, 168.0, 168.0, 168.0, 168.5, 168.5, 167.5, 168.0, 168.5, 167.5, 168.0, 167.5, 168.0, 167.5, 168.0, 167.5, 168.0, 167.5, 168.5, 168.0, 168.5, 168.0, 168.0, 167.5, 168.0, 168.0, 168.6, 168.5, 168.0, 168.0, 168.6, 168.0, 168.5, 168.0, 168.0, 168.0, 168.0, 167.4, 167.5, 168.6, 168.0, 168.6, 167.4, 168.5, 167.5, 168.0, 167.9, 168.5, 168.0, 168.0, 168.5, 168.0, 168.0, 169.1, 168.5, 168.5, 168.6, 168.6, 168.5, 168.5, 168.0, 168.6, 168.0, 168.6, 168.6, 168.1, 168.0, 168.6, 168.6, 168.0, 168.0, 168.6, 168.5, 168.6, 168.0, 168.5, 168.5, 169.1, 167.5, 168.0, 168.0, 168.1, 168.0, 168.5, 168.0, 168.0, 168.5, 168.5, 168.6, 168.0, 168.0, 168.5, 168.5, 168.6, 169.1, 168.6, 168.0, 168.5, 168.5, 168.0, 168.5, 168.5, 169.0, 168.5, 168.0, 168.5, 168.6, 169.1, 168.6, 168.6, 168.1, 169.0, 169.1, 169.1, 168.5, 169.1, 168.5, 168.5, 169.0, 168.4, 167.4, 167.4, 166.7, 166.7, 166.2, 166.2, 166.7, 166.2, 166.2, 166.2, 166.2, 166.2, 166.2, 166.2, 166.2, 167.3, 166.2, 166.2, 166.2, 166.8, 166.8, 167.3, 167.4, 166.8, 166.8, 166.8, 166.7, 166.7, 166.7, 166.8, 166.7, 167.4, 166.3, 166.2, 166.7, 166.1, 164.8, 164.7, 165.4, 165.5, 165.5, 166.1, 166.7, 166.7, 167.2, 166.7, 167.2, 166.6, 167.2, 167.2, 167.2, 167.2, 167.2, 167.2, 167.8, 168.4, 168.4, 168.4, 168.4, 169.0, 170.1, 169.5, 170.1, 169.5, 170.1, 170.1, 169.5, 169.5, 169.5, 170.1, 170.1, 170.6, 170.6, 170.7, 170.6, 171.2, 171.2, 171.2, 170.7, 171.2, 170.7, 171.2, 171.2, 171.2, 171.2, 170.6, 170.0, 170.6, 170.0, 170.6, 170.6, 170.6, 170.6, 170.6, 170.0, 170.6, 169.4, 170.0, 170.1, 170.6, 170.1, 169.5, 170.1, 170.1, 170.1, 170.6, 170.1, 169.5, 170.1, 170.1, 170.1, 170.1, 170.1, 170.1, 170.1, 169.6, 169.6, 169.6, 168.4, 169.0, 169.0, 168.4, 169.0, 168.4, 169.0, 168.4, 168.5, 167.9, 168.4, 168.4, 167.9, 167.9, 168.4, 167.9, 168.5, 168.0, 167.3, 168.5, 168.0, 168.0, 167.4, 168.0, 167.9, 167.4, 166.9, 167.4, 167.9, 167.4, 168.0, 167.9, 167.4, 167.9, 166.8, 167.4, 167.4, 167.3, 167.4, 168.1, 167.6, 168.1, 169.1, 167.0, 167.5, 167.5, 168.1, 168.6, 168.1, 168.1, 168.1, 168.1, 168.6, 167.6, 168.0, 168.1, 168.6, 168.0, 168.6, 168.6, 168.1, 168.6, 168.6, 168.6, 168.0, 168.6, 168.0, 168.6, 168.6, 167.5, 168.6, 168.1, 168.0, 167.5, 168.0, 168.1, 167.6, 167.5, 169.1, 170.1, 170.1, 167.5, 169.1, 169.1, 168.6, 169.1, 168.5, 168.6, 168.6, 168.5, 169.1, 168.6, 168.0, 168.6, 168.0, 167.5, 168.5, 168.0, 166.9, 167.5, 166.9, 167.5, 167.5, 167.0, 167.5, 167.5, 168.0, 168.0, 168.1, 167.5, 168.0, 166.9, 167.5, 167.5, 167.0, 167.4, 167.0, 168.0, 166.9, 167.5, 167.4, 166.9, 166.9, 165.3, 165.3, 164.8, 165.3, 164.8, 164.8, 165.4, 164.8, 164.3, 164.4, 163.3, 163.2, 162.7, 163.4, 163.2, 163.7, 163.2, 163.7, 163.1, 163.8, 163.2, 163.7, 163.2, 163.2, 162.7, 163.2, 163.2, 162.7, 162.7, 163.1, 163.2, 163.2, 162.5, 162.6, 162.1, 163.2, 162.6, 162.6, 162.6, 162.2, 162.7, 162.6, 162.7, 162.7, 162.6, 162.7, 162.8, 162.2, 162.2, 162.1, 162.2, 162.2, 162.7, 162.2, 162.3, 163.3, 162.7, 162.2, 162.7, 162.1, 162.2, 162.3, 162.6, 162.2, 162.1, 161.6, 161.6, 162.2, 162.1, 162.1, 162.1, 162.2, 162.2, 162.7, 161.7, 162.2, 162.1, 162.3, 161.6, 161.6, 162.2, 162.3, 162.9, 162.3, 162.3, 162.9, 162.3, 162.8, 162.2, 162.8, 162.8, 162.3, 162.3, 162.3, 162.9, 162.3, 162.3, 162.7, 162.3, 162.8, 161.6, 162.3, 162.3, 162.3, 162.8, 163.3, 162.8, 162.2, 161.7, 162.3, 161.7, 162.3, 162.3, 162.8, 162.9, 163.4, 162.3, 162.3, 161.7, 162.2, 162.3, 161.7, 161.7, 161.7, 162.3, 162.9, 162.3, 162.9, 162.8, 162.3, 162.8, 162.2, 162.3, 161.7, 162.2, 162.8, 162.3, 162.8, 161.7, 162.2, 162.8, 162.2, 162.2, 162.2, 162.8, 162.8, 162.7, 162.3, 162.3, 162.9, 161.8, 162.2, 162.8, 162.2, 162.3, 161.6, 162.3, 161.7, 161.7, 162.2, 161.7, 162.3, 162.8, 162.8, 162.9, 163.4, 162.9, 162.8, 162.3, 162.3, 162.9, 162.2, 162.3, 161.7, 161.7, 161.6, 161.0, 160.9, 161.0, 162.3, 161.7, 162.2, 162.2, 161.6, 161.7, 161.6, 161.8, 161.7, 160.6, 162.2, 161.7, 161.7, 161.7, 160.9, 160.5, 161.7, 160.5, 160.5, 161.0, 160.6, 161.1, 160.4, 161.0, 161.0, 161.0, 161.0, 161.1, 160.5, 160.5, 161.0, 161.0, 161.0, 160.5, 161.0, 160.4, 160.9, 160.5, 160.5, 161.1, 161.0, 160.5, 160.5, 161.0, 161.1, 160.6, 160.6, 160.5, 161.6, 161.7, 161.0, 161.0, 161.6, 160.9]"
19,"[167.8, 169.5, 167.7, 169.0, 169.0, 169.1, 168.1, 168.6, 169.1, 168.6, 168.6, 168.6, 168.6, 168.6, 169.2, 168.6, 168.6, 168.6, 168.6, 168.6, 168.6, 168.6, 168.6, 168.1, 169.2, 168.6, 168.6, 168.6, 168.6, 168.1, 168.6, 168.1, 168.6, 168.6, 168.1, 168.1, 168.1, 167.5, 168.6, 168.1, 168.1, 167.6, 169.1, 169.1, 169.2, 169.1, 169.2, 168.1, 168.6, 168.6, 168.6, 168.1, 168.6, 168.1, 168.1, 168.1, 168.6, 168.1, 168.1, 168.1, 167.6, 167.6, 167.6, 167.6, 167.6, 167.6, 168.1, 167.6, 167.6, 168.1, 167.5, 167.6, 167.6, 168.1, 167.6, 167.6, 167.6, 168.6, 167.6, 168.6, 168.1, 168.1, 169.1, 169.1, 167.6, 168.1, 168.6, 168.1, 169.1, 169.1, 168.6, 168.6, 168.6, 168.6, 168.1, 168.6, 168.1, 168.1, 169.1, 168.1, 168.6, 168.1, 168.1, 168.1, 168.6, 169.1, 168.6, 168.1, 169.2, 168.1, 169.1, 168.6, 168.1, 168.6, 168.6, 168.6, 168.6, 168.6, 170.2, 168.6, 169.1, 169.7, 169.7, 169.7, 170.7, 169.6, 167.4, 166.8, 166.2, 166.8, 166.2, 166.8, 168.0, 168.0, 168.0, 168.0, 168.6, 168.6, 168.6, 169.1, 169.1, 169.1, 169.1, 169.6, 169.6, 169.6, 169.6, 169.6, 170.2, 170.2, 170.7, 170.7, 170.7, 171.2, 170.7, 170.7, 170.7, 170.2, 170.2, 169.6, 169.1, 169.7, 169.6, 169.1, 169.1, 169.1, 169.1, 169.1, 169.1, 169.6, 169.1, 168.6, 168.6, 168.6, 169.1, 169.1, 169.1, 169.1, 168.6, 169.1, 169.1, 168.6, 167.5, 167.6, 167.0, 167.0, 168.1, 167.0, 166.5, 167.0, 166.6, 166.0, 165.9, 166.0, 165.4, 165.9, 165.9, 166.0, 166.4, 165.9, 164.9, 166.0, 165.3, 165.3, 164.8, 164.8, 164.8, 164.9, 164.7, 164.3, 163.9, 164.3, 164.3, 164.8, 164.3, 164.2, 164.2, 163.7, 163.7, 164.8, 164.3, 163.8, 163.8, 163.7, 163.7, 163.7, 163.9, 163.7, 164.3, 163.7, 163.7, 163.2, 163.3, 163.7, 163.1, 162.7, 163.2, 163.8, 163.2, 163.7, 163.7, 163.7, 162.7, 162.7, 162.5, 163.1, 163.2, 162.6, 162.6, 163.2, 163.7, 163.8, 163.1, 163.7, 162.7, 163.1, 163.7, 163.7, 163.1, 162.6, 163.7, 163.1, 163.1, 163.8, 162.6, 163.1, 163.8, 162.7, 162.7, 163.1, 162.5, 162.5, 162.5, 162.5, 163.1, 163.1, 162.6, 162.6, 163.2, 163.2, 163.6, 162.6, 163.2, 163.1, 164.3, 163.3, 163.4, 164.3, 163.4, 163.9, 165.0, 164.9, 164.9, 165.5, 165.4, 164.3, 165.3, 164.9, 165.4, 165.4, 165.4, 165.4, 165.9, 165.4, 164.9, 164.9, 164.9, 165.4, 165.4, 164.8, 164.9, 165.3, 165.4, 165.3, 164.8, 164.3, 164.8, 164.3, 165.3, 164.8, 164.3, 164.8, 164.3, 164.9, 164.3, 164.2, 164.8, 164.2, 163.2, 163.7, 164.7, 164.2, 164.3, 164.7, 164.7, 164.7, 164.7, 163.7, 163.7, 163.7, 163.6, 164.2, 164.1, 164.2, 164.2, 163.7, 164.2, 164.8, 164.2, 163.7, 163.7, 164.8, 165.5, 166.5, 167.5, 168.1, 167.5, 167.5, 167.5, 168.1, 168.6, 168.1, 168.1, 168.0, 168.6, 168.1, 168.0, 168.0, 166.9, 166.3, 165.8, 164.7, 164.7, 164.1, 163.1, 163.1, 163.7, 163.7, 163.7, 163.1, 163.2, 163.1, 163.1, 163.1, 162.0, 162.5, 162.6, 162.1, 162.6, 162.1, 162.0, 162.0, 162.0, 162.5, 162.6, 162.1, 162.6, 162.7, 162.2, 163.1, 162.2, 162.6, 161.6, 162.8, 162.8, 162.7, 163.2, 162.7, 162.2, 162.8, 162.2, 162.8, 162.3, 162.8, 162.8, 162.7, 162.9, 162.3, 162.8, 162.3, 162.3, 161.7, 162.3, 162.3, 162.2, 162.0, 162.3, 162.8, 163.8, 163.4, 163.3, 164.3, 162.8, 162.7, 162.7, 162.7, 163.7, 162.8, 163.1, 163.3, 162.7, 163.2, 162.6, 162.7, 162.7, 163.1, 162.6, 162.1, 163.1, 162.9, 162.7, 162.1, 162.6, 162.2, 162.1, 162.8, 162.0, 162.2, 162.1, 163.1, 162.7, 161.7, 162.0, 162.6, 162.7, 162.1, 162.8, 162.7, 163.3, 163.2, 162.9, 162.8, 162.2, 163.4, 162.7, 162.8, 162.9, 162.9, 162.8, 162.9, 163.4, 163.3, 162.8, 163.3, 163.3, 163.3, 162.9, 163.3, 162.8, 163.9, 162.9, 163.4, 162.8, 162.8, 162.3, 163.5, 162.8, 162.2, 162.9, 162.8, 162.8, 163.4, 162.3, 162.8, 163.4, 162.9, 163.4, 162.8, 161.7, 162.8, 161.7, 162.3, 162.2, 162.8, 162.9, 162.2, 162.3, 162.9, 162.3, 162.3, 161.7, 162.9, 163.4, 162.9, 162.9, 162.9, 162.3, 162.9, 162.6, 163.4, 162.3, 162.8, 162.8, 162.3, 162.3, 162.9, 162.8, 162.9, 162.3, 162.3, 162.8, 161.7, 161.7, 161.7, 162.8, 161.7, 161.7, 162.3, 161.7, 162.3, 162.3, 162.3, 161.7, 162.3, 162.3, 161.7, 162.3, 162.7, 162.3, 162.3, 162.8, 162.3, 162.3, 163.3, 162.9, 162.8, 162.7, 162.3, 162.3, 162.3, 162.2, 161.7, 162.3, 161.7, 161.1, 162.3, 162.3, 161.7, 161.7, 162.9, 161.6, 161.7, 161.7, 162.3, 162.2, 162.2, 161.7, 161.7, 162.2, 162.3, 161.5, 162.3, 162.3, 161.7, 162.3, 161.7, 161.7, 162.3, 162.3, 161.6]"
19,"[168.4, 167.2, 170.1, 168.9, 168.4, 169.1, 169.1, 169.7, 169.6, 169.1, 168.6, 169.1, 169.7, 169.2, 169.1, 169.1, 168.6, 168.6, 169.7, 169.1, 169.7, 169.1, 169.1, 169.1, 168.6, 169.2, 170.2, 170.2, 169.7, 169.2, 169.7, 169.7, 169.7, 169.7, 169.7, 169.7, 169.7, 169.7, 170.2, 170.2, 169.7, 170.2, 170.2, 169.7, 170.2, 170.2, 169.2, 170.2, 169.7, 170.2, 169.7, 170.2, 169.7, 170.2, 169.7, 169.1, 170.2, 169.7, 170.2, 170.2, 170.2, 170.2, 170.2, 170.2, 170.2, 170.2, 169.7, 169.1, 169.7, 168.6, 169.6, 169.7, 169.7, 169.2, 169.1, 169.2, 169.2, 169.7, 169.7, 169.7, 169.7, 169.2, 169.1, 169.7, 169.7, 169.7, 169.7, 169.7, 169.1, 169.7, 169.2, 169.1, 169.1, 169.7, 169.6, 169.7, 169.7, 169.1, 169.6, 169.1, 169.1, 168.6, 169.7, 169.1, 169.1, 168.6, 169.2, 169.2, 169.2, 169.7, 168.7, 169.6, 169.1, 168.6, 169.2, 169.1, 169.1, 168.6, 168.6, 169.1, 168.6, 169.1, 169.7, 169.1, 169.1, 169.2, 169.7, 170.7, 170.7, 170.2, 170.2, 169.6, 170.2, 170.2, 170.7, 170.2, 169.7, 169.6, 170.2, 169.7, 170.2, 169.7, 169.7, 170.2, 169.1, 168.6, 170.2, 169.6, 169.7, 168.6, 169.1, 169.1, 169.1, 169.1, 169.2, 169.7, 169.7, 169.6, 168.6, 168.6, 169.1, 169.1, 168.6, 169.1, 168.1, 168.6, 168.6, 168.6, 167.0, 168.1, 168.1, 167.0, 167.5, 168.1, 167.5, 167.0, 167.5, 166.5, 167.0, 166.4, 166.5, 167.5, 165.9, 166.4, 166.4, 166.4, 165.9, 166.4, 165.9, 166.4, 165.3, 165.9, 165.9, 165.3, 165.3, 166.4, 166.0, 165.4, 165.4, 164.8, 164.8, 165.3, 165.9, 165.4, 165.9, 165.4, 165.3, 165.4, 165.3, 164.8, 164.8, 165.3, 165.9, 165.8, 165.3, 164.3, 164.3, 164.8, 164.8, 164.7, 164.8, 164.7, 165.3, 164.8, 164.7, 165.4, 164.8, 164.8, 165.4, 164.8, 164.8, 164.8, 164.3, 164.8, 164.3, 163.7, 164.3, 164.8, 163.7, 164.7, 164.8, 165.4, 164.7, 164.8, 164.8, 164.8, 164.8, 163.7, 164.3, 164.3, 164.2, 164.3, 164.7, 164.3, 164.8, 164.3, 164.3, 165.3, 164.8, 164.3, 165.3, 164.7, 164.1, 163.7, 163.1, 164.8, 164.8, 164.7, 165.3, 164.9, 164.7, 165.3, 164.8, 164.3, 164.3, 164.3, 164.9, 164.3, 164.3, 163.7, 164.8, 164.8, 164.3, 163.7, 164.2, 164.9, 163.7, 163.7, 164.3, 164.1, 164.2, 164.7, 164.9, 164.3, 164.7, 164.2, 163.7, 163.8, 164.3, 164.3, 164.2, 163.7, 164.2, 163.7, 163.6, 163.5, 164.3, 164.7, 164.3, 163.7, 164.2, 164.3, 164.8, 164.8, 164.3, 164.2, 164.3, 164.9, 164.3, 164.8, 164.3, 163.8, 164.3, 163.7, 163.7, 164.8, 164.3, 163.7, 164.3, 164.2, 164.8, 164.2, 164.1, 164.1, 163.7, 164.3, 164.3, 164.3, 163.1, 164.2, 164.3, 164.2, 164.2, 164.3, 163.6, 164.1, 164.7, 164.2, 164.3, 164.3, 164.1, 164.8, 164.2, 163.0, 164.2, 164.7, 165.8, 166.5, 168.6, 170.7, 170.7, 169.5, 169.6, 171.2, 170.7, 169.6, 170.1, 169.1, 168.0, 168.0, 166.3, 165.3, 164.7, 164.1, 164.2, 163.6, 163.6, 164.7, 163.5, 164.2, 164.2, 163.7, 163.1, 164.1, 163.7, 163.7, 163.7, 163.7, 164.3, 163.7, 164.3, 163.7, 163.4, 164.2, 163.8, 163.7, 163.2, 163.2, 164.3, 163.8, 163.7, 163.7, 163.7, 164.3, 164.8, 164.3, 163.8, 164.9, 164.3, 164.3, 164.3, 164.3, 165.0, 163.3, 164.9, 164.4, 164.4, 163.7, 164.4, 164.3, 164.4, 163.8, 164.4, 163.8, 163.9, 164.3, 164.4, 163.9, 164.4, 163.9, 164.4, 164.5, 163.9, 164.5, 164.3, 163.9, 164.5, 164.4, 164.4, 163.4, 164.3, 163.9, 164.4, 164.5, 163.9, 163.9, 163.9, 163.9, 164.5, 163.4, 163.9, 164.4, 163.9, 163.4, 163.9, 162.9, 163.9, 164.4, 163.9, 163.4, 162.9, 163.3, 163.4, 163.9, 164.4, 163.3, 163.4, 163.9, 162.8, 163.4, 162.9, 162.9, 163.4, 164.5, 163.9, 162.9, 163.4, 163.5, 163.4, 163.9, 163.4, 163.9, 163.9, 162.9, 163.4, 163.4, 163.5, 163.4, 163.9, 163.4, 162.8, 163.4, 163.4, 163.4, 163.9, 162.8, 163.4, 163.9, 163.4, 163.4, 163.3, 163.4, 163.9, 163.9, 163.3, 162.9, 163.4, 163.4, 163.4, 162.3, 163.8, 163.4, 163.3, 162.9, 163.4, 163.4, 163.4, 163.3, 163.4, 163.4, 162.9, 163.4, 162.9, 162.9, 162.9, 163.3, 162.9, 162.9, 163.4, 162.9, 162.9, 162.8, 163.4, 162.9, 162.8, 162.4, 162.9, 162.9, 162.7, 162.8, 162.7, 162.8, 162.2, 162.8, 163.3, 162.7, 162.9, 162.3, 162.8, 162.9, 163.9, 162.9, 162.9, 162.8, 163.4, 162.9, 162.8, 162.8, 162.8, 162.9, 162.3, 162.3, 162.9, 162.2, 162.9, 162.8, 162.8, 162.3, 162.8, 162.8, 162.9, 162.9, 163.3, 162.9, 162.3, 162.8, 163.4, 162.3, 162.9, 163.4, 162.7, 162.7, 162.2, 162.8, 162.9, 162.8, 162.8, 163.4, 162.9, 163.4, 162.8, 163.4, 162.9, 162.9, 162.9, 162.9, 162.9, 163.4, 162.8, 162.9]"
19,"[166.6, 164.9, 164.9, 164.4, 163.9, 163.0, 164.2, 164.4, 163.9, 164.9, 163.3, 164.9, 164.5, 165.0, 165.0, 164.4, 165.0, 165.5, 165.0, 164.9, 165.0, 164.4, 164.5, 163.9, 163.9, 164.4, 165.0, 164.9, 164.3, 165.0, 164.4, 164.9, 164.4, 164.3, 164.4, 164.4, 164.5, 165.0, 164.9, 164.4, 165.0, 164.4, 164.4, 163.9, 163.9, 164.3, 165.4, 166.0, 165.5, 165.0, 165.0, 164.4, 163.9, 164.3, 164.4, 164.9, 164.4, 165.0, 164.9, 164.4, 164.5, 164.4, 164.4, 164.3, 164.4, 165.0, 163.8, 163.8, 164.4, 164.5, 164.3, 163.9, 164.3, 164.4, 164.9, 164.9, 165.4, 164.9, 164.9, 165.4, 165.4, 165.5, 164.9, 164.4, 164.9, 165.4, 165.0, 164.9, 164.4, 164.4, 163.8, 164.4, 164.4, 164.9, 165.4, 164.4, 165.5, 163.9, 164.9, 163.9, 164.4, 165.0, 163.9, 164.9, 165.4, 164.4, 164.4, 164.4, 164.4, 163.9, 163.7, 164.4, 164.5, 164.0, 163.9, 164.9, 163.9, 164.9, 164.4, 163.9, 163.8, 164.4, 164.9, 165.5, 166.4, 168.1, 168.6, 169.7, 170.7, 170.2, 170.2, 169.7, 170.2, 170.2, 169.6, 169.7, 170.2, 169.7, 169.7, 169.7, 169.1, 169.1, 168.6, 169.6, 169.2, 169.1, 169.1, 169.6, 169.7, 170.2, 169.7, 169.7, 169.6, 169.1, 169.7, 169.1, 169.1, 169.1, 169.1, 169.7, 169.7, 169.1, 169.1, 169.1, 169.1, 169.7, 169.1, 169.1, 168.6, 169.1, 168.1, 168.1, 168.6, 168.6, 168.6, 169.1, 168.1, 169.1, 167.6, 168.1, 167.5, 168.1, 167.6, 167.0, 168.1, 168.1, 168.6, 167.5, 168.6, 167.6, 168.1, 167.6, 167.6, 168.1, 167.6, 167.0, 168.1, 166.6, 167.0, 166.5, 166.4, 166.5, 167.1, 166.6, 166.5, 165.9, 167.0, 167.6, 167.0, 167.0, 167.5, 167.0, 167.6, 167.0, 167.6, 167.0, 167.6, 167.0, 167.0, 166.5, 167.0, 166.5, 165.9, 166.5, 166.5, 166.4, 167.0, 166.0, 167.0, 165.4, 167.0, 166.9, 166.5, 167.6, 166.4, 166.5, 167.0, 166.5, 167.0, 167.0, 166.4, 168.1, 168.1, 169.2, 169.2, 169.7, 169.7, 169.1, 169.7, 169.1, 168.6, 169.1, 168.1, 169.1, 168.1, 167.5, 168.1, 168.1, 168.1, 168.1, 168.1, 168.1, 168.1, 167.0, 168.1, 167.5, 167.5, 167.5, 167.5, 167.5, 167.5, 167.0, 167.0, 168.0, 167.0, 168.1, 167.5, 167.6, 167.5, 167.0, 167.5, 168.1, 166.4, 166.4, 166.9, 166.4, 167.5, 166.4, 167.0, 167.5, 166.5, 168.1, 167.6, 169.1, 168.6, 168.1, 169.1, 169.1, 169.1, 168.6, 168.6, 168.1, 169.6, 169.1, 169.1, 169.6, 169.6, 169.1, 169.1, 169.1, 169.1, 169.6, 169.1, 169.1, 169.1, 168.6, 169.1, 169.1, 169.1, 168.6, 169.1, 169.1, 169.1, 167.5, 169.1, 169.1, 168.6, 168.0, 168.6, 168.6, 168.6, 168.6, 168.0, 168.6, 168.1, 167.5, 168.5, 168.6, 169.1, 168.0, 168.6, 168.1, 168.6, 169.1, 169.6, 169.6, 170.2, 170.2, 170.2, 170.7, 170.2, 170.1, 170.2, 169.6, 169.6, 169.6, 169.6, 169.1, 169.1, 169.1, 169.0, 169.1, 167.9, 168.5, 168.5, 168.5, 168.5, 168.0, 168.6, 168.5, 167.5, 167.0, 165.9, 166.4, 165.9, 165.9, 165.8, 165.2, 164.1, 164.8, 164.7, 164.2, 164.8, 164.2, 163.6, 164.8, 163.7, 164.7, 163.7, 164.1, 163.8, 163.8, 163.7, 163.7, 164.3, 163.7, 163.7, 164.3, 163.7, 163.7, 163.7, 163.2, 164.3, 164.9, 164.3, 164.3, 164.9, 164.9, 163.8, 164.3, 164.4, 164.3, 163.9, 164.4, 163.8, 164.4, 164.4, 163.9, 164.9, 163.9, 163.9, 164.4, 163.9, 164.4, 163.9, 163.9, 163.9, 163.9, 163.9, 163.9, 164.9, 163.9, 163.4, 163.3, 163.8, 163.4, 163.9, 163.3, 163.8, 163.9, 163.3, 163.4, 163.9, 163.4, 163.4, 164.0, 164.0, 163.9, 163.9, 163.9, 164.0, 163.9, 164.5, 164.0, 164.0, 163.4, 163.5, 163.9, 163.9, 162.9, 163.9, 163.4, 163.4, 163.9, 163.9, 163.4, 163.4, 163.9, 163.4, 163.9, 163.4, 163.9, 163.9, 163.9, 163.9, 164.0, 163.4, 163.4, 163.4, 163.4, 162.8, 162.9, 163.0, 162.9, 163.4, 163.5, 163.4, 162.9, 162.8, 162.4, 162.8, 162.9, 162.9, 162.2, 162.8, 162.3, 162.3, 162.9, 162.9, 162.9, 162.9, 162.3, 162.3, 162.2, 162.2, 162.3, 162.3, 162.9, 162.2, 162.9, 162.9, 162.9, 162.3, 162.9, 162.3, 162.2, 162.3, 162.2, 162.8, 162.7, 162.7, 161.7, 162.1, 162.7, 162.9, 162.8, 162.8, 162.2, 162.3, 162.3, 162.9, 162.8, 162.9, 162.3, 162.8, 162.8, 162.9, 162.7, 162.3, 162.7, 162.2, 162.8, 162.3, 162.3, 162.4, 162.8, 162.3, 162.3, 162.8, 162.8, 162.8, 162.3, 162.9, 162.9, 162.9, 161.7, 162.7, 162.3, 162.7, 162.8, 162.9, 163.0, 162.9, 162.9, 161.7, 162.3, 162.3, 162.8, 162.8, 162.9, 162.4, 162.9, 162.3, 162.9, 162.3, 162.9, 163.9, 163.0, 162.9, 162.9, 162.9, 163.4, 162.3, 162.9, 162.9, 162.9, 162.8, 162.9, 162.9, 162.9, 163.3, 162.2, 162.8, 163.4, 162.3, 162.7, 162.2, 162.9, 162.9, 162.9]"
19,"[168.3, 167.9, 167.2, 167.8, 167.8, 168.0, 168.0, 168.1, 168.6, 168.6, 168.1, 168.6, 168.6, 168.6, 169.2, 168.6, 168.1, 168.1, 168.1, 167.5, 168.6, 168.1, 168.6, 168.1, 168.6, 168.1, 168.6, 168.6, 169.1, 167.6, 168.1, 168.1, 168.1, 168.6, 168.6, 168.6, 168.6, 168.6, 168.6, 168.6, 168.6, 169.1, 168.6, 169.1, 168.6, 168.1, 168.6, 168.6, 168.6, 168.6, 168.6, 168.6, 168.6, 169.1, 169.2, 169.1, 169.1, 169.1, 169.1, 169.1, 169.1, 169.1, 169.1, 169.2, 169.1, 169.7, 168.6, 169.7, 169.1, 169.7, 169.7, 169.6, 169.2, 169.1, 169.2, 169.6, 169.2, 169.7, 169.2, 169.7, 169.1, 169.7, 169.6, 169.6, 169.6, 169.1, 169.7, 169.1, 169.1, 169.1, 169.2, 169.1, 169.1, 169.1, 169.6, 169.7, 170.2, 170.2, 170.2, 169.1, 170.2, 170.2, 169.7, 170.2, 169.7, 169.7, 169.6, 169.6, 169.7, 169.7, 170.2, 169.7, 169.6, 169.1, 169.7, 169.7, 169.2, 169.7, 170.2, 169.2, 169.7, 169.7, 170.7, 169.7, 169.6, 170.7, 170.7, 169.1, 168.0, 167.4, 166.8, 166.8, 167.4, 167.9, 168.0, 168.5, 167.9, 168.1, 169.1, 169.6, 169.6, 169.6, 170.7, 170.2, 171.2, 170.7, 170.7, 170.7, 171.2, 170.7, 170.2, 170.2, 170.2, 170.2, 169.6, 169.1, 169.6, 168.6, 168.6, 168.1, 168.1, 167.6, 168.0, 168.1, 167.5, 168.0, 167.6, 167.6, 167.0, 167.0, 168.1, 168.1, 167.6, 167.0, 167.6, 167.0, 167.1, 166.5, 166.5, 166.6, 167.0, 165.4, 165.4, 166.0, 164.9, 165.5, 166.0, 165.5, 166.0, 165.4, 165.4, 165.9, 166.0, 166.0, 167.0, 166.0, 167.0, 167.0, 167.6, 167.0, 167.6, 166.5, 166.6, 167.6, 166.5, 166.0, 166.0, 165.9, 166.0, 166.0, 166.0, 166.6, 166.6, 166.0, 165.5, 166.0, 166.5, 166.1, 166.0, 164.9, 166.0, 164.9, 165.5, 166.5, 165.0, 164.9, 165.4, 164.9, 165.5, 165.4, 165.4, 165.4, 164.9, 164.8, 165.4, 164.9, 164.9, 164.3, 165.4, 165.0, 164.9, 165.0, 165.4, 164.9, 164.3, 164.4, 164.3, 164.9, 164.9, 165.3, 164.9, 164.8, 164.7, 164.2, 164.9, 164.2, 164.8, 164.9, 166.5, 166.0, 164.9, 166.0, 165.4, 166.6, 167.6, 167.0, 168.1, 167.0, 167.0, 166.5, 167.0, 166.5, 166.5, 167.0, 167.0, 167.0, 167.5, 167.0, 166.5, 165.9, 166.0, 167.0, 166.5, 165.9, 166.0, 166.5, 165.9, 166.5, 165.9, 166.5, 165.4, 165.4, 165.9, 165.9, 165.9, 165.3, 165.3, 164.2, 165.2, 165.8, 165.3, 165.3, 165.3, 165.3, 164.7, 165.8, 165.2, 165.8, 165.8, 165.8, 165.9, 165.3, 165.8, 165.3, 165.3, 165.9, 165.9, 165.3, 164.8, 165.8, 164.7, 166.4, 166.4, 166.5, 167.0, 168.6, 169.1, 170.1, 169.1, 170.7, 168.6, 168.1, 168.1, 168.1, 168.6, 168.6, 168.1, 168.1, 168.1, 168.1, 168.1, 167.0, 167.0, 167.0, 168.1, 167.0, 167.5, 167.5, 167.0, 167.0, 166.4, 167.5, 167.5, 166.4, 166.4, 167.0, 166.4, 166.4, 166.4, 166.9, 165.9, 165.8, 166.9, 165.3, 166.4, 165.3, 165.3, 165.8, 165.2, 165.3, 165.3, 164.7, 164.7, 164.7, 164.9, 164.8, 164.9, 164.8, 165.3, 164.8, 164.2, 164.2, 164.1, 163.5, 164.2, 162.7, 163.7, 162.7, 163.1, 163.3, 163.3, 163.2, 162.7, 163.2, 162.7, 162.8, 163.2, 162.7, 162.7, 162.8, 162.7, 163.9, 162.2, 162.2, 161.6, 161.5, 160.9, 162.2, 161.6, 161.5, 162.7, 163.4, 163.4, 162.8, 162.7, 162.6, 163.1, 162.1, 163.3, 162.8, 162.6, 162.5, 162.6, 162.1, 161.6, 162.1, 162.2, 162.7, 162.7, 162.7, 162.7, 163.3, 163.4, 162.3, 162.8, 162.9, 162.3, 162.9, 162.9, 162.3, 162.3, 162.8, 161.8, 162.3, 162.8, 161.8, 162.3, 162.3, 162.3, 162.2, 162.9, 161.7, 161.9, 161.7, 161.7, 160.4, 160.4, 160.6, 160.4, 161.1, 161.2, 161.8, 162.2, 161.7, 161.1, 161.6, 160.9, 161.7, 161.6, 161.7, 161.7, 161.0, 161.1, 161.7, 161.6, 161.1, 161.6, 161.7, 161.7, 160.6, 161.1, 162.3, 162.7, 161.0, 161.6, 162.2, 162.2, 162.2, 162.2, 162.2, 161.7, 161.7, 162.2, 161.7, 161.7, 161.6, 161.2, 162.3, 162.3, 161.7, 161.0, 161.2, 161.7, 161.1, 161.0, 161.1, 161.7, 161.2, 161.7, 161.7, 161.7, 161.7, 161.7, 161.2, 161.7, 160.6, 160.7, 160.7, 160.6, 161.1, 161.1, 161.1, 160.6, 160.6, 161.2, 160.6, 161.1, 161.1, 162.2, 161.2, 161.7, 160.6, 160.6, 161.0, 161.1, 161.7, 160.6, 161.1, 160.5, 161.1, 160.5, 160.6, 161.0, 160.5, 160.4, 160.5, 160.6, 160.1, 160.6, 161.1, 160.5, 161.1, 161.1, 160.1, 161.0, 160.0, 160.6, 159.5, 160.9, 160.4, 160.6, 160.1, 160.0, 160.5, 160.0, 161.0, 160.5, 160.5, 161.1, 161.1, 160.6, 160.6, 161.1, 159.9, 160.5, 161.1, 160.5, 159.9, 160.5, 161.1, 161.0, 160.6, 161.1, 160.6, 160.5, 160.6, 161.1, 161.1, 159.9, 160.6, 161.1, 161.7, 162.2, 160.6, 160.7, 161.2, 161.2, 160.7, 161.2, 161.7]"
20,"[164.3, 161.2, 161.1, 161.1, 161.1, 161.1, 160.5, 161.1, 160.5, 161.1, 161.2, 161.2, 161.2, 160.6, 160.0, 159.3, 159.3, 159.9, 160.0, 159.9, 159.3, 159.3, 159.3, 159.9, 159.2, 159.4, 159.3, 159.3, 159.3, 159.3, 159.4, 159.2, 159.3, 159.4, 159.3, 159.4, 159.3, 159.9, 159.4, 160.0, 159.9, 159.4, 160.0, 160.0, 160.0, 160.0, 160.0, 159.9, 159.9, 159.4, 159.4, 160.0, 160.0, 160.0, 159.4, 159.9, 159.9, 160.0, 159.4, 159.4, 159.9, 159.3, 158.7, 160.0, 160.0, 159.4, 159.9, 161.2, 161.2, 162.4, 162.4, 161.8, 161.8, 161.8, 161.2, 161.2, 163.0, 162.5, 162.5, 162.4, 163.7, 163.1, 163.7, 163.1, 163.7, 163.7, 163.7, 164.3, 164.3, 164.9, 164.9, 164.3, 164.3, 164.3, 164.9, 164.9, 164.9, 164.9, 164.9, 163.7, 162.5, 162.5, 163.1, 163.1, 163.1, 163.7, 163.7, 163.1, 162.5, 163.1, 162.5, 163.7, 163.7, 163.7, 164.3, 163.7, 163.7, 163.7, 163.1, 163.7, 163.1, 163.7, 163.7, 163.7, 164.9, 164.3, 163.7, 164.3, 164.3, 164.3, 164.3, 164.3, 164.9, 164.9, 164.3, 164.3, 164.9, 164.3, 164.3, 164.3, 164.3, 164.3, 164.3, 164.3, 164.9, 164.3, 164.9, 164.9, 164.3, 164.3, 164.3, 164.9, 164.9, 164.3, 164.3, 164.3, 164.3, 164.3, 164.3, 164.3, 164.3, 164.9, 164.3, 164.3, 163.7, 164.3, 164.3, 164.3, 164.3, 164.3, 164.3, 164.9, 164.3, 164.3, 164.3, 164.9, 164.3, 164.3, 164.3, 163.7, 164.3, 164.3, 164.9, 164.9, 164.9, 164.9, 164.9, 164.3, 164.9, 164.3, 164.9, 163.7, 163.7, 164.3, 163.7, 163.1, 163.7, 163.1, 163.7, 162.5, 163.1, 163.7, 163.1, 163.1, 163.1, 163.1, 162.5, 163.1, 161.8, 161.9, 161.9, 162.4, 163.1, 161.8, 163.1, 161.8, 162.4, 161.8, 161.8, 161.8, 161.2, 161.2, 160.0, 159.9, 158.5, 158.1, 158.6, 158.6, 159.9, 159.9, 159.9, 159.9, 159.9, 159.9, 160.5, 161.1, 160.5, 161.1, 160.5, 161.1, 161.2, 161.1, 161.1, 161.7, 161.8, 161.1, 161.8, 161.1, 161.7, 161.8, 161.7, 161.2, 161.1, 163.0, 163.0, 163.1, 164.3, 163.7, 163.7, 164.9, 164.9, 164.9, 164.3, 164.9, 164.3, 164.9, 164.3, 164.9, 163.7, 163.7, 164.3, 164.3, 164.9, 164.3, 164.9, 164.3, 164.3, 163.7, 163.7, 164.9, 164.9, 163.0, 162.3, 162.4, 162.3, 163.0, 162.3, 162.3, 162.3, 163.0, 163.6, 164.3, 164.3, 164.3, 164.3, 163.0, 163.6, 163.7, 163.0, 163.7, 163.6, 164.3, 164.3, 163.6, 164.3, 163.6, 163.6, 163.0, 163.0, 163.6, 163.7, 163.0, 163.7, 163.7, 163.7, 163.6, 163.7, 163.7, 163.7, 163.7, 163.0, 163.7, 163.7, 163.6, 163.7, 163.7, 163.1, 163.7, 163.7, 164.3, 164.3, 163.7, 163.7, 164.3, 164.3, 163.7, 164.3, 163.7, 163.7, 164.3, 164.3, 163.7, 163.6, 161.7, 161.7, 161.7, 160.4, 159.8, 161.1, 162.3, 161.7, 163.0, 163.0, 162.4, 163.7, 162.4, 163.0, 163.0, 163.0, 163.7, 163.7, 163.7, 163.6, 163.7, 163.7, 163.7, 164.3, 164.9, 164.3, 164.3, 163.7, 163.7, 164.3, 163.7, 163.1, 162.5, 163.1, 162.5, 162.5, 162.5, 161.9, 162.5, 161.9, 161.9, 161.9, 162.5, 163.1, 162.5, 162.5, 162.5, 163.1, 163.1, 163.1, 163.1, 162.5, 163.1, 163.1, 162.5, 162.5, 161.8, 162.5, 162.5, 161.9, 161.9, 161.9, 162.5, 162.5, 161.9, 162.5, 162.5, 161.9, 162.5, 163.1, 162.5, 162.5, 162.5, 162.5, 163.1, 162.5, 162.5, 162.5, 162.5, 162.5, 162.5, 162.5, 161.9, 162.5, 163.1, 162.5, 162.5, 162.5, 163.1, 162.5, 162.5, 162.5, 162.5, 162.5, 163.1, 163.1, 163.1, 163.1, 163.1, 163.7, 163.1, 163.7, 164.3, 164.3, 163.7, 163.1, 163.1, 163.0, 163.0, 162.4, 163.0, 163.0, 163.0, 162.4, 162.4, 163.0, 163.0, 163.0, 163.1, 163.6, 163.0, 163.0, 163.0, 163.0, 163.1, 163.0, 163.7, 162.4, 162.5, 163.0, 163.0, 163.0, 163.7, 163.0, 163.1, 163.7, 163.7, 163.7, 163.7, 163.7, 163.7, 163.7, 163.7, 163.0, 163.7, 162.4, 161.7, 162.4, 161.8, 162.4, 162.4, 161.8, 161.7, 162.4, 161.7, 161.7, 161.8, 161.8, 161.8, 162.4, 161.8, 162.4, 162.4, 162.5, 163.0, 162.4, 162.4, 162.5, 163.0, 161.8, 162.4, 162.4, 162.4, 162.4, 162.4, 163.0, 163.0, 163.7, 163.0, 162.4, 162.5, 163.0, 163.0, 161.2, 159.9, 159.9, 159.9, 160.5, 159.9, 159.4, 159.4, 159.2, 159.4, 159.3, 159.2, 159.3, 159.3, 159.3, 159.2, 159.2, 159.9, 159.3, 160.0, 161.2, 160.6, 160.6, 161.8, 161.2, 159.9, 161.2, 161.2, 161.2, 161.8, 161.2, 161.1, 160.6, 160.6, 161.2, 161.2, 160.5, 161.2, 159.9, 159.9, 158.8, 159.4, 159.4, 159.4, 159.3, 159.4, 159.4, 159.3, 159.4, 159.4, 159.3, 159.4, 159.9, 159.4, 159.2, 160.6, 160.6, 160.5, 160.5, 159.4, 160.5, 160.5, 160.0, 160.5, 160.6, 160.6, 160.5, 159.9, 159.9, 160.0, 160.0, 160.0, 160.0, 160.0]"
20,"[161.8, 163.0, 162.4, 161.7, 162.4, 161.8, 162.4, 162.4, 163.0, 162.4, 162.4, 163.7, 162.4, 163.0, 162.4, 162.4, 163.7, 163.7, 163.0, 163.0, 163.0, 163.7, 162.4, 163.0, 163.6, 163.0, 163.0, 163.1, 162.4, 162.5, 163.0, 163.0, 163.0, 163.0, 163.0, 162.4, 163.0, 163.0, 163.0, 163.0, 161.8, 162.4, 161.8, 162.4, 162.4, 161.8, 162.5, 161.8, 162.4, 161.8, 161.8, 162.4, 161.2, 161.8, 161.2, 161.8, 161.8, 161.2, 160.6, 161.2, 161.2, 160.0, 159.3, 160.0, 158.7, 158.8, 159.3, 159.4, 158.7, 159.3, 159.3, 159.3, 159.3, 158.7, 158.7, 158.6, 158.6, 159.3, 158.0, 157.5, 158.1, 158.1, 158.1, 158.7, 158.1, 158.1, 158.7, 158.6, 159.3, 159.3, 158.7, 158.7, 158.8, 158.6, 159.3, 159.4, 159.4, 160.0, 160.0, 159.4, 160.0, 160.0, 160.0, 160.0, 160.6, 160.6, 160.6, 161.2, 160.6, 161.2, 160.6, 161.2, 160.5, 161.8, 161.2, 161.2, 161.2, 161.8, 161.8, 162.4, 161.8, 161.2, 161.8, 161.2, 161.2, 161.2, 161.8, 161.8, 161.2, 161.8, 161.8, 161.8, 161.8, 161.2, 162.4, 161.8, 161.8, 162.4, 161.8, 163.0, 163.0, 162.4, 162.4, 163.1, 162.5, 163.0, 163.7, 163.7, 163.7, 163.1, 163.7, 163.7, 163.7, 163.7, 163.7, 163.7, 163.7, 163.1, 163.1, 163.1, 163.1, 163.7, 163.1, 164.3, 163.7, 163.1, 163.1, 163.7, 163.7, 163.6, 163.7, 163.7, 163.1, 163.7, 163.7, 164.3, 164.3, 164.3, 163.7, 163.7, 163.7, 163.7, 163.1, 163.7, 163.7, 163.1, 163.7, 163.7, 163.7, 163.1, 162.4, 161.8, 161.8, 161.2, 161.2, 161.2, 161.2, 160.6, 160.6, 160.6, 160.0, 160.0, 160.0, 160.1, 160.6, 161.2, 161.2, 160.1, 160.6, 160.1, 160.0, 160.0, 159.5, 160.1, 160.0, 160.0, 160.0, 160.0, 160.0, 160.0, 160.0, 160.6, 161.2, 161.2, 160.6, 160.6, 160.6, 160.6, 160.6, 160.0, 160.0, 158.7, 158.0, 156.8, 156.8, 157.4, 157.5, 158.1, 158.6, 158.1, 158.6, 158.6, 158.6, 159.3, 159.2, 159.9, 159.9, 159.9, 160.6, 160.6, 160.5, 160.5, 160.5, 159.9, 159.9, 159.9, 160.5, 159.9, 160.5, 160.5, 160.5, 160.6, 161.2, 161.1, 161.2, 161.2, 161.8, 162.4, 163.7, 163.0, 163.0, 163.7, 163.0, 163.1, 163.1, 163.7, 163.1, 163.7, 163.7, 163.0, 164.3, 163.1, 163.7, 163.7, 163.7, 164.3, 163.7, 163.1, 163.1, 164.3, 163.7, 163.7, 164.3, 163.7, 162.4, 161.1, 160.5, 160.5, 161.1, 161.7, 161.7, 161.7, 161.7, 161.7, 162.4, 163.0, 163.0, 162.3, 162.4, 162.3, 163.0, 163.0, 163.6, 163.6, 162.4, 163.0, 163.0, 163.6, 163.6, 163.0, 163.6, 163.6, 162.4, 163.6, 163.6, 163.6, 163.0, 163.0, 163.7, 164.3, 163.0, 163.0, 163.0, 163.6, 163.7, 163.0, 163.0, 163.7, 163.7, 163.0, 163.0, 163.6, 163.7, 163.7, 163.7, 163.7, 163.7, 163.7, 163.7, 163.7, 163.7, 163.7, 163.1, 163.7, 163.1, 163.7, 163.7, 164.3, 164.3, 164.9, 164.9, 164.9, 164.9, 164.3, 164.3, 163.6, 163.7, 164.3, 163.7, 164.3, 164.9, 164.9, 164.3, 164.3, 163.7, 164.3, 164.3, 164.3, 163.7, 163.7, 164.3, 163.7, 163.7, 163.1, 163.1, 163.1, 163.1, 163.7, 164.3, 164.3, 164.3, 164.3, 163.1, 164.3, 163.7, 164.3, 163.7, 163.7, 163.1, 163.7, 163.1, 162.5, 162.5, 162.5, 162.5, 162.5, 162.5, 163.1, 162.5, 161.3, 162.5, 162.6, 163.1, 162.5, 162.5, 163.1, 162.5, 161.9, 162.5, 163.1, 161.9, 162.5, 162.5, 161.9, 162.5, 162.5, 162.5, 162.5, 161.9, 162.5, 162.5, 163.1, 162.5, 162.6, 162.5, 162.5, 162.5, 163.1, 162.5, 163.1, 163.1, 163.1, 162.5, 161.9, 162.5, 163.1, 162.5, 163.1, 163.1, 163.1, 163.1, 163.7, 163.7, 164.3, 164.3, 163.7, 163.1, 163.7, 163.7, 164.3, 163.7, 164.3, 164.3, 164.3, 163.7, 164.3, 163.7, 163.7, 164.3, 164.3, 164.3, 164.9, 164.3, 164.3, 164.3, 164.3, 164.3, 164.3, 164.3, 164.3, 163.7, 163.0, 163.7, 163.7, 163.7, 164.3, 163.7, 163.7, 163.7, 163.7, 163.7, 163.7, 163.1, 162.5, 162.4, 161.8, 161.2, 161.8, 161.8, 161.8, 161.1, 161.2, 160.5, 160.6, 161.8, 160.5, 160.6, 160.6, 160.6, 160.5, 161.2, 159.9, 160.5, 160.0, 160.5, 160.5, 160.5, 161.1, 161.2, 160.6, 161.2, 161.2, 160.6, 161.8, 161.2, 161.2, 161.8, 161.2, 160.6, 160.6, 160.6, 160.6, 160.6, 160.6, 159.9, 159.9, 159.9, 159.8, 159.9, 158.7, 158.7, 158.7, 159.3, 158.6, 158.7, 159.2, 158.6, 159.2, 158.6, 158.6, 158.6, 159.2, 159.8, 159.8, 159.2, 159.2, 158.6, 158.6, 159.2, 159.1, 159.2, 159.9, 159.2, 159.2, 158.6, 159.2, 159.2, 159.2, 158.6, 159.2, 158.6, 158.7, 158.6, 158.6, 159.2, 158.6, 159.2, 158.7, 159.9, 158.8, 159.2, 159.2, 159.2, 159.8, 159.1, 159.2, 159.2, 159.2, 159.9, 158.7, 158.7, 158.6, 158.6, 158.7, 158.6, 159.2, 158.6, 158.7, 158.7, 159.2]"
20,"[160.6, 161.2, 161.2, 161.1, 159.9, 160.0, 159.9, 159.9, 160.6, 160.0, 160.6, 160.7, 160.6, 160.6, 160.6, 160.0, 160.6, 160.0, 160.6, 160.6, 160.0, 160.6, 160.0, 160.6, 160.0, 160.7, 160.6, 160.7, 160.0, 160.6, 160.6, 160.0, 160.6, 160.1, 160.0, 161.2, 160.0, 160.0, 160.6, 160.0, 161.2, 160.6, 160.6, 160.0, 160.0, 160.6, 160.1, 160.0, 160.0, 160.0, 160.0, 160.1, 160.0, 160.0, 160.0, 160.0, 161.2, 160.6, 160.6, 161.2, 161.2, 160.0, 161.2, 161.2, 160.6, 160.6, 160.6, 160.0, 160.0, 160.6, 160.0, 160.0, 160.0, 160.0, 160.0, 160.6, 160.0, 160.1, 160.0, 160.0, 160.6, 160.6, 160.0, 160.0, 160.0, 160.6, 160.0, 160.6, 161.2, 160.6, 160.0, 160.6, 161.2, 161.8, 161.8, 160.6, 161.8, 161.8, 161.2, 161.2, 161.2, 161.8, 161.8, 161.2, 161.2, 161.2, 161.2, 160.5, 161.8, 161.2, 161.2, 160.6, 161.2, 161.2, 161.2, 161.2, 161.2, 161.8, 161.2, 161.8, 161.8, 161.2, 161.8, 161.2, 161.2, 161.2, 161.2, 161.2, 160.6, 161.2, 161.2, 161.2, 161.2, 161.2, 161.8, 161.8, 161.2, 161.2, 161.2, 161.2, 161.2, 161.2, 161.8, 161.8, 161.2, 162.4, 161.8, 162.4, 161.8, 163.1, 162.4, 162.4, 161.8, 162.5, 161.8, 161.8, 161.8, 163.0, 162.5, 162.4, 161.8, 162.5, 161.8, 162.5, 162.5, 162.4, 162.4, 162.4, 162.4, 162.4, 162.5, 162.5, 162.5, 162.5, 162.5, 163.0, 162.5, 161.8, 161.8, 162.5, 162.4, 163.0, 161.8, 161.8, 162.5, 162.4, 162.4, 160.5, 159.9, 159.3, 159.2, 159.9, 159.9, 159.3, 159.4, 159.3, 159.9, 160.0, 160.0, 160.6, 160.6, 161.2, 161.2, 160.6, 162.4, 162.4, 161.8, 161.8, 162.4, 162.5, 162.4, 161.8, 162.4, 161.8, 161.2, 161.2, 160.5, 161.2, 160.5, 160.5, 159.9, 161.2, 160.5, 161.2, 161.1, 161.1, 161.2, 161.1, 161.7, 162.4, 162.4, 162.4, 162.5, 162.4, 161.8, 162.4, 162.4, 162.4, 162.4, 162.4, 162.4, 162.4, 163.0, 163.1, 163.1, 163.1, 163.7, 163.1, 163.1, 164.3, 163.7, 163.1, 163.7, 163.1, 163.7, 163.7, 163.7, 163.1, 163.7, 163.7, 163.7, 163.1, 163.7, 164.3, 163.7, 163.7, 163.7, 163.7, 163.7, 163.7, 163.7, 163.7, 163.7, 163.1, 163.7, 163.7, 163.1, 163.7, 163.7, 164.9, 164.3, 163.7, 164.3, 163.7, 163.7, 163.7, 164.3, 163.7, 164.3, 164.3, 164.3, 164.3, 164.9, 164.9, 164.3, 164.3, 164.3, 164.9, 164.9, 164.9, 164.9, 164.3, 164.3, 164.3, 164.3, 164.3, 164.3, 164.9, 164.9, 164.9, 164.3, 164.9, 164.3, 164.3, 164.9, 164.9, 164.3, 164.9, 164.3, 164.3, 164.9, 163.6, 164.9, 163.6, 164.3, 164.3, 163.6, 164.3, 164.3, 164.3, 163.6, 164.3, 163.6, 163.6, 163.0, 163.0, 163.6, 163.6, 164.3, 163.6, 163.6, 163.7, 164.3, 163.7, 163.7, 163.6, 163.6, 164.3, 163.7, 163.7, 163.6, 163.7, 163.7, 164.3, 163.7, 164.3, 164.9, 164.9, 164.3, 164.3, 164.3, 164.9, 164.9, 164.9, 164.9, 164.9, 164.3, 164.3, 163.6, 163.6, 163.6, 163.7, 164.3, 163.0, 164.3, 163.6, 163.7, 163.6, 163.0, 163.1, 163.1, 163.1, 163.1, 163.1, 162.5, 162.5, 161.9, 162.5, 161.9, 162.5, 161.9, 161.3, 162.5, 162.5, 161.9, 162.5, 161.9, 163.1, 162.5, 161.9, 161.9, 161.9, 162.5, 161.9, 162.5, 161.9, 161.3, 161.9, 161.3, 163.1, 161.9, 162.5, 162.5, 161.9, 161.9, 162.5, 161.9, 161.9, 161.9, 163.0, 163.7, 163.1, 163.7, 163.7, 163.7, 163.7, 163.7, 163.7, 163.1, 163.1, 163.1, 163.1, 163.7, 163.1, 163.7, 163.1, 163.1, 163.7, 163.1, 163.7, 163.7, 163.7, 163.1, 163.1, 163.7, 163.7, 163.1, 163.1, 163.1, 163.7, 162.5, 163.7, 163.7, 163.7, 163.7, 164.3, 163.7, 164.9, 164.9, 164.9, 163.7, 164.9, 164.3, 163.7, 164.3, 164.9, 164.3, 164.9, 164.9, 164.3, 164.9, 164.3, 164.3, 164.3, 164.9, 164.3, 164.9, 164.3, 164.3, 164.3, 164.3, 164.3, 164.3, 163.7, 164.3, 163.7, 163.1, 163.7, 163.7, 164.3, 164.3, 163.1, 164.3, 164.3, 163.7, 163.7, 163.7, 164.3, 163.7, 163.1, 163.1, 163.1, 163.1, 163.1, 162.5, 163.1, 163.0, 163.0, 163.7, 163.1, 163.1, 163.1, 162.5, 162.4, 162.4, 161.8, 162.4, 161.8, 161.8, 161.8, 161.8, 161.8, 161.2, 161.2, 161.2, 161.2, 160.6, 161.2, 160.6, 160.6, 160.0, 160.0, 160.0, 160.0, 159.4, 160.0, 160.0, 159.3, 159.4, 159.4, 158.8, 158.8, 159.4, 158.7, 159.4, 159.4, 158.7, 159.3, 158.7, 159.3, 158.7, 158.7, 158.7, 158.7, 159.2, 158.6, 158.7, 158.7, 158.7, 158.7, 158.1, 158.1, 158.7, 158.8, 159.3, 158.7, 158.8, 158.7, 158.0, 158.7, 158.1, 158.1, 158.7, 158.7, 158.7, 158.1, 159.2, 158.6, 158.1, 158.7, 158.0, 158.7, 158.6, 158.7, 158.1, 158.6, 158.1, 158.6, 158.1, 158.1, 158.6, 158.6, 158.6, 158.6, 158.7, 158.6, 158.8, 158.8, 159.4, 158.7]"
20,"[163.7, 164.3, 163.1, 164.9, 163.7, 163.7, 163.7, 164.3, 164.3, 164.3, 163.7, 163.7, 163.1, 164.3, 164.3, 164.3, 163.7, 163.7, 163.1, 164.3, 164.3, 163.7, 164.3, 163.7, 164.3, 164.3, 164.3, 164.3, 164.3, 163.7, 164.3, 164.9, 163.7, 164.3, 164.3, 164.9, 164.9, 164.3, 164.9, 164.3, 164.3, 164.9, 163.7, 164.9, 164.9, 164.3, 163.7, 164.9, 164.3, 164.9, 164.9, 164.3, 164.3, 164.9, 164.9, 164.9, 164.9, 164.3, 164.3, 164.3, 164.3, 164.9, 164.3, 164.3, 163.7, 164.9, 164.3, 164.3, 164.3, 164.9, 164.9, 164.9, 164.9, 164.9, 164.9, 164.3, 164.9, 164.9, 164.9, 164.3, 164.9, 164.3, 164.3, 164.9, 164.9, 164.3, 164.3, 164.9, 164.3, 164.3, 164.3, 164.3, 164.3, 164.9, 163.7, 164.3, 164.9, 164.9, 164.3, 164.3, 164.9, 164.3, 164.3, 164.3, 164.3, 164.3, 164.3, 164.3, 164.3, 164.9, 164.9, 164.9, 164.3, 164.3, 164.9, 164.3, 164.3, 164.9, 164.3, 164.3, 164.3, 164.3, 164.9, 163.7, 164.9, 164.3, 164.3, 163.7, 163.7, 163.7, 163.1, 163.7, 163.7, 164.3, 164.3, 164.3, 163.7, 163.7, 163.7, 163.7, 163.7, 164.3, 164.3, 164.3, 164.9, 164.9, 164.9, 164.3, 164.9, 164.9, 164.9, 164.3, 164.9, 164.9, 164.9, 164.9, 164.9, 164.9, 164.9, 164.9, 164.9, 164.9, 164.9, 164.9, 164.3, 164.9, 164.9, 164.3, 164.9, 164.3, 164.3, 164.3, 164.3, 164.3, 164.9, 164.9, 164.3, 164.9, 164.9, 164.9, 164.9, 164.3, 164.3, 164.3, 164.9, 164.9, 164.3, 164.3, 164.9, 164.3, 164.3, 164.3, 164.3, 164.9, 164.9, 164.3, 164.3, 164.3, 164.3, 164.9, 164.9, 164.3, 164.3, 164.9, 164.9, 164.3, 164.3, 164.3, 164.3, 164.3, 164.3, 164.3, 164.9, 164.3, 164.3, 163.7, 164.9, 164.9, 164.9, 164.3, 164.9, 164.3, 164.3, 164.3, 163.7, 163.7, 163.1, 160.6, 159.1, 158.3, 158.9, 157.5, 157.3, 157.4, 157.5, 157.5, 157.5, 157.6, 157.0, 157.0, 157.0, 157.2, 157.8, 157.3, 158.1, 158.0, 157.4, 158.6, 158.0, 158.1, 157.4, 158.1, 158.0, 158.6, 157.7, 157.6, 156.9, 157.7, 157.6, 157.1, 157.8, 158.0, 157.3, 157.4, 158.6, 158.0, 158.0, 158.0, 158.1, 158.0, 158.0, 158.6, 158.0, 158.7, 159.4, 159.9, 159.4, 159.4, 160.0, 160.0, 160.0, 160.0, 159.4, 159.4, 160.0, 159.4, 160.0, 160.0, 160.0, 159.4, 160.0, 159.4, 159.4, 160.6, 159.4, 160.0, 160.0, 160.0, 160.0, 160.1, 160.0, 160.0, 160.0, 160.0, 160.0, 160.0, 160.0, 160.0, 159.4, 160.0, 159.4, 158.6, 158.4, 157.5, 156.9, 157.0, 156.9, 158.3, 158.6, 157.9, 157.9, 158.7, 158.8, 158.8, 159.4, 160.0, 160.0, 160.0, 160.0, 160.7, 160.6, 160.6, 160.6, 160.6, 160.7, 160.6, 160.6, 161.2, 160.6, 161.2, 161.2, 161.2, 161.2, 160.1, 161.2, 161.2, 161.2, 161.8, 161.8, 162.4, 162.4, 162.4, 162.4, 161.8, 162.4, 161.8, 162.5, 161.8, 162.5, 163.0, 162.4, 161.8, 161.8, 161.8, 162.4, 163.7, 164.3, 164.3, 164.3, 164.3, 163.7, 164.9, 164.9, 164.9, 164.9, 164.3, 164.3, 164.3, 164.3, 164.9, 164.3, 164.9, 164.3, 163.7, 164.3, 164.9, 163.7, 163.7, 163.7, 163.7, 163.1, 163.1, 163.7, 163.1, 163.1, 162.5, 163.1, 162.5, 161.9, 162.5, 163.1, 163.1, 163.1, 163.7, 163.7, 163.1, 163.1, 163.1, 163.1, 163.1, 163.7, 163.7, 163.1, 163.7, 164.3, 164.3, 164.3, 164.3, 164.3, 164.3, 163.7, 164.9, 164.3, 164.3, 164.9, 164.3, 164.3, 164.3, 164.9, 164.9, 164.9, 164.9, 164.9, 164.3, 164.9, 164.3, 164.3, 164.9, 164.9, 164.9, 164.9, 164.3, 164.9, 164.9, 164.9, 164.9, 164.9, 164.9, 164.3, 164.9, 164.9, 164.3, 164.3, 163.7, 163.7, 164.3, 164.3, 163.1, 163.0, 163.1, 163.1, 163.1, 163.1, 162.5, 162.5, 162.5, 162.5, 161.8, 161.2, 161.2, 161.2, 161.2, 160.6, 160.6, 160.6, 160.6, 160.6, 161.2, 161.8, 160.6, 160.6, 161.8, 162.4, 160.6, 161.8, 161.8, 161.2, 161.2, 161.8, 161.3, 161.3, 161.2, 161.2, 161.8, 161.8, 161.8, 161.8, 161.8, 162.4, 161.9, 161.8, 161.8, 161.8, 161.8, 161.8, 161.8, 161.8, 161.2, 161.8, 161.8, 161.9, 161.2, 161.2, 161.8, 161.8, 161.8, 162.4, 161.2, 161.8, 161.8, 161.8, 161.2, 161.8, 161.8, 161.8, 161.2, 161.2, 161.2, 161.8, 161.8, 161.2, 161.2, 161.2, 161.8, 161.8, 161.8, 160.6, 161.8, 161.2, 161.8, 161.2, 161.2, 161.2, 161.2, 160.0, 161.2, 160.6, 161.9, 161.2, 161.2, 161.2, 161.2, 160.6, 161.2, 160.6, 160.6, 160.6, 160.0, 160.6, 160.0, 160.0, 160.6, 160.0, 159.9, 160.0, 160.6, 160.0, 159.4, 160.6, 160.0, 160.0, 160.6, 160.0, 160.0, 159.4, 159.4, 160.0, 160.0, 159.4, 159.3, 160.0, 160.0, 160.6, 161.8, 160.6, 160.6, 160.6, 160.6, 161.2, 160.6, 160.6, 161.2, 161.2, 161.2, 161.2, 161.8, 161.2, 161.8, 161.2, 161.2]"
20,"[163.7, 162.4, 163.0, 161.2, 161.1, 161.8, 161.7, 161.8, 162.4, 161.8, 162.5, 163.0, 163.1, 162.5, 163.0, 163.1, 163.0, 162.5, 161.8, 162.5, 162.4, 161.8, 161.8, 161.2, 161.2, 160.5, 159.9, 159.4, 159.3, 159.3, 159.3, 159.3, 159.3, 159.4, 159.2, 159.3, 159.3, 159.3, 160.0, 159.9, 160.0, 159.9, 159.3, 159.2, 159.3, 159.9, 159.9, 159.3, 159.3, 159.2, 159.3, 159.9, 159.3, 159.3, 159.3, 159.4, 159.9, 159.9, 159.4, 160.5, 160.5, 160.6, 160.6, 160.6, 159.9, 160.6, 160.6, 160.6, 161.2, 160.6, 161.2, 160.5, 161.2, 161.2, 161.2, 160.5, 160.5, 160.5, 160.5, 159.9, 161.2, 161.2, 161.2, 161.8, 161.2, 161.2, 161.8, 161.8, 161.8, 161.8, 161.8, 161.8, 161.8, 161.8, 161.8, 161.8, 161.2, 161.8, 161.8, 161.8, 161.8, 161.8, 161.8, 161.8, 161.8, 161.8, 162.4, 162.4, 162.4, 161.8, 162.4, 162.4, 162.4, 162.4, 161.8, 161.8, 161.8, 161.8, 162.5, 161.8, 162.4, 161.8, 161.8, 161.8, 161.2, 161.2, 159.9, 160.6, 159.3, 159.4, 159.4, 159.9, 159.4, 159.3, 160.0, 160.0, 159.4, 159.4, 159.4, 159.9, 159.4, 160.0, 159.4, 159.4, 160.0, 159.9, 160.0, 159.9, 159.4, 160.0, 159.4, 159.9, 159.4, 159.9, 159.9, 160.0, 160.0, 160.0, 159.4, 159.9, 160.0, 160.6, 160.0, 159.4, 159.9, 159.9, 160.0, 160.0, 160.0, 159.4, 160.0, 160.0, 159.4, 159.4, 160.0, 160.0, 159.4, 159.4, 160.0, 160.0, 160.6, 160.0, 160.6, 160.0, 160.6, 160.5, 160.6, 161.2, 161.2, 161.2, 161.2, 161.2, 161.2, 161.2, 161.2, 161.2, 161.2, 161.2, 162.4, 161.8, 162.4, 162.4, 162.4, 162.4, 161.8, 161.8, 161.2, 159.9, 158.7, 158.0, 158.0, 158.6, 158.7, 160.5, 161.8, 161.8, 161.8, 161.2, 161.8, 161.2, 160.5, 160.5, 161.2, 161.2, 161.2, 162.4, 161.8, 161.8, 161.2, 161.2, 162.4, 161.8, 161.1, 159.9, 159.9, 159.8, 159.2, 159.9, 161.1, 160.5, 161.7, 160.5, 161.1, 160.5, 160.5, 160.5, 160.5, 160.5, 160.5, 159.9, 161.1, 160.5, 161.2, 161.2, 161.7, 162.4, 161.8, 161.7, 161.8, 162.4, 162.4, 163.0, 162.4, 162.4, 161.8, 162.4, 163.0, 161.8, 162.4, 162.4, 162.4, 162.4, 161.8, 163.0, 163.0, 163.0, 162.4, 163.0, 163.0, 163.0, 162.4, 161.8, 161.8, 161.7, 161.8, 161.8, 161.8, 162.4, 162.4, 163.0, 163.0, 162.4, 163.0, 163.0, 163.6, 163.6, 163.0, 163.7, 163.1, 163.7, 164.3, 163.7, 163.6, 163.6, 161.7, 160.5, 159.9, 160.5, 160.5, 160.5, 160.5, 160.5, 160.5, 159.9, 160.5, 160.5, 161.2, 161.1, 160.5, 161.7, 160.5, 160.5, 160.5, 161.1, 161.1, 161.1, 161.8, 161.7, 161.7, 162.4, 163.0, 162.4, 162.4, 163.0, 162.5, 163.0, 163.0, 162.4, 163.0, 163.0, 163.0, 162.5, 163.0, 163.7, 163.0, 163.0, 163.0, 163.0, 163.0, 163.1, 163.7, 163.7, 163.0, 163.7, 163.0, 163.7, 163.7, 164.3, 163.0, 163.7, 163.7, 163.7, 163.7, 163.0, 163.0, 163.7, 163.7, 163.7, 164.3, 163.7, 164.3, 163.7, 163.7, 164.3, 163.7, 163.7, 164.3, 164.3, 164.3, 164.3, 164.3, 164.3, 164.3, 164.9, 164.3, 164.3, 163.7, 164.3, 164.3, 164.3, 163.1, 163.7, 163.7, 163.1, 163.7, 163.1, 162.5, 163.0, 163.7, 163.1, 163.7, 163.7, 163.7, 163.1, 163.7, 163.7, 163.1, 163.1, 163.1, 163.1, 163.1, 162.5, 163.7, 163.7, 163.1, 163.7, 163.1, 163.7, 163.1, 163.7, 163.1, 163.1, 163.1, 163.1, 163.1, 163.7, 163.1, 162.5, 163.1, 163.7, 163.1, 163.1, 163.7, 163.1, 163.7, 164.3, 164.3, 163.1, 164.3, 163.1, 163.1, 163.7, 163.1, 163.1, 163.1, 163.1, 164.3, 163.7, 163.7, 163.7, 164.3, 163.7, 163.7, 163.7, 164.3, 164.3, 163.7, 164.3, 163.7, 163.7, 163.7, 164.3, 164.9, 164.9, 164.9, 164.9, 164.9, 164.9, 164.9, 164.9, 164.9, 164.9, 164.9, 164.9, 164.9, 164.3, 164.3, 164.9, 164.3, 164.3, 164.3, 164.3, 164.9, 164.3, 164.3, 164.9, 164.3, 164.3, 164.9, 164.3, 164.3, 163.7, 164.3, 164.3, 164.3, 164.3, 164.3, 163.7, 164.3, 164.3, 163.7, 164.3, 163.7, 163.7, 163.7, 164.3, 164.3, 164.9, 163.7, 163.7, 163.7, 164.3, 164.3, 163.1, 164.3, 163.7, 163.7, 163.7, 163.7, 163.7, 163.7, 163.7, 164.3, 164.3, 164.3, 163.7, 163.7, 163.7, 163.0, 163.7, 163.7, 163.1, 163.7, 163.7, 163.1, 163.1, 163.1, 163.7, 163.1, 163.7, 163.1, 163.1, 163.1, 163.1, 163.1, 163.1, 163.1, 162.5, 163.1, 162.5, 162.4, 163.1, 162.5, 163.1, 163.1, 162.4, 162.5, 163.1, 163.1, 163.0, 162.5, 163.1, 163.1, 161.8, 162.5, 163.1, 162.5, 162.5, 162.5, 162.4, 162.5, 161.8, 162.5, 162.5, 161.8, 162.4, 162.4, 161.8, 161.8, 161.2, 161.2, 161.2, 161.2, 161.8, 161.2, 161.8, 161.8, 160.6, 161.2, 160.6, 161.2, 161.2, 161.2, 160.5, 161.2, 161.2, 161.2, 161.2, 161.2, 161.2]"
20,"[162.5, 162.3, 162.4, 161.7, 161.1, 161.2, 161.8, 161.8, 161.8, 161.8, 161.8, 161.8, 161.8, 161.8, 161.8, 163.0, 161.8, 162.5, 162.5, 162.5, 162.5, 163.1, 163.1, 162.4, 163.7, 162.5, 162.4, 163.1, 163.1, 163.7, 163.1, 163.1, 163.0, 163.0, 163.7, 163.1, 163.0, 163.7, 163.1, 163.7, 163.7, 163.7, 163.7, 163.7, 163.7, 163.7, 163.7, 163.7, 163.1, 163.7, 163.7, 163.1, 163.7, 163.7, 163.1, 163.7, 163.7, 163.7, 163.7, 163.7, 163.7, 162.5, 163.7, 163.1, 163.7, 163.0, 163.7, 163.1, 163.1, 163.1, 163.1, 163.1, 163.1, 163.1, 163.1, 163.1, 162.5, 163.1, 163.1, 162.5, 162.5, 162.5, 162.5, 162.5, 162.5, 162.4, 162.5, 162.5, 162.5, 162.5, 162.5, 162.5, 162.5, 162.5, 162.5, 162.4, 162.5, 162.4, 161.8, 162.5, 163.1, 162.4, 162.5, 162.4, 162.5, 163.1, 162.5, 163.1, 162.5, 162.5, 161.8, 161.8, 161.8, 161.2, 161.8, 161.2, 160.6, 161.8, 161.8, 160.6, 161.2, 161.2, 161.2, 161.2, 161.2, 161.2, 160.6, 161.2, 161.2, 161.2, 160.6, 160.6, 160.5, 160.6, 161.2, 161.2, 161.2, 161.8, 161.2, 161.8, 161.8, 160.6, 161.8, 160.6, 161.2, 161.2, 161.2, 161.2, 161.2, 161.2, 161.2, 160.6, 160.6, 161.2, 160.6, 161.2, 160.6, 161.2, 161.2, 160.6, 160.6, 160.5, 160.6, 160.0, 161.2, 161.8, 161.2, 161.8, 161.8, 161.8, 161.8, 162.4, 162.4, 161.2, 161.8, 162.4, 162.4, 162.4, 162.4, 161.8, 162.4, 162.4, 161.7, 161.7, 161.1, 161.1, 159.9, 158.1, 157.4, 157.5, 158.0, 157.5, 157.9, 158.6, 157.9, 158.0, 158.6, 158.7, 158.6, 158.7, 158.7, 158.7, 158.6, 158.7, 158.0, 158.6, 158.7, 158.7, 158.7, 158.1, 158.7, 158.6, 158.1, 158.8, 158.7, 158.8, 159.3, 158.6, 159.3, 158.8, 159.2, 159.3, 159.4, 159.4, 159.3, 159.3, 158.7, 159.2, 159.2, 159.4, 160.0, 159.9, 159.9, 159.9, 159.9, 160.6, 159.9, 159.9, 159.9, 159.2, 158.7, 157.5, 156.9, 157.5, 157.5, 156.8, 157.4, 158.7, 158.1, 159.2, 158.1, 158.7, 158.8, 158.7, 158.8, 159.3, 159.2, 159.3, 159.2, 159.2, 158.6, 159.2, 159.2, 159.2, 158.7, 159.2, 159.2, 159.3, 159.3, 159.9, 159.9, 160.5, 161.8, 161.8, 161.8, 161.8, 162.4, 161.8, 161.8, 161.8, 162.4, 162.4, 162.4, 161.8, 162.5, 161.8, 161.8, 161.2, 159.9, 158.7, 158.1, 158.8, 158.8, 158.1, 158.1, 158.1, 158.8, 158.8, 159.3, 159.3, 159.4, 159.3, 159.4, 159.4, 160.0, 159.4, 160.0, 159.9, 160.0, 160.5, 161.2, 160.6, 160.6, 161.2, 160.6, 161.2, 160.6, 161.8, 161.2, 161.8, 161.2, 161.2, 161.2, 160.6, 161.8, 160.6, 160.6, 161.2, 159.9, 160.5, 160.5, 160.6, 160.6, 160.6, 160.6, 160.6, 160.6, 160.6, 160.5, 160.6, 161.2, 161.2, 161.2, 161.2, 161.2, 161.2, 161.2, 160.6, 161.1, 161.2, 160.6, 160.6, 160.6, 161.2, 161.8, 161.2, 161.2, 161.8, 161.8, 161.8, 161.8, 161.2, 161.2, 161.2, 161.8, 161.8, 161.9, 162.5, 163.1, 163.1, 163.1, 163.1, 163.7, 163.0, 163.7, 163.7, 163.7, 163.7, 163.7, 163.7, 163.7, 164.3, 163.7, 163.7, 163.7, 164.3, 164.3, 164.9, 164.3, 164.9, 164.3, 164.9, 164.3, 163.7, 164.3, 164.3, 164.3, 164.3, 164.3, 163.7, 163.7, 163.7, 163.7, 164.3, 163.7, 163.7, 163.7, 164.9, 163.7, 163.7, 163.1, 163.1, 163.7, 163.1, 163.1, 163.7, 163.1, 163.1, 163.1, 163.1, 163.1, 163.1, 163.1, 163.1, 163.1, 163.1, 163.1, 163.1, 162.5, 163.7, 163.1, 162.5, 163.1, 163.1, 163.1, 163.1, 163.7, 163.7, 163.7, 163.7, 162.5, 163.7, 163.1, 163.7, 163.7, 163.1, 163.7, 163.7, 163.7, 163.7, 164.3, 164.3, 164.3, 164.3, 164.9, 164.3, 164.3, 164.9, 164.3, 164.3, 164.3, 164.9, 164.3, 164.3, 164.3, 163.7, 164.3, 164.3, 164.3, 163.7, 163.7, 163.7, 163.7, 164.3, 163.7, 163.7, 163.7, 163.7, 164.3, 164.3, 164.3, 163.7, 164.3, 164.9, 163.7, 164.3, 164.3, 163.7, 163.7, 164.3, 164.3, 163.7, 163.0, 161.8, 161.7, 161.2, 162.4, 161.1, 163.0, 162.4, 163.0, 162.4, 162.4, 163.7, 163.0, 163.0, 163.0, 162.4, 162.4, 163.7, 163.7, 162.5, 162.5, 163.7, 163.0, 163.7, 163.7, 163.1, 163.1, 163.0, 163.1, 162.4, 163.1, 163.0, 163.1, 162.4, 162.5, 163.7, 163.0, 162.4, 162.5, 163.1, 162.5, 163.0, 163.0, 163.1, 163.1, 163.0, 162.5, 163.1, 163.7, 162.5, 163.0, 163.0, 162.4, 162.4, 163.1, 162.5, 163.1, 163.0, 162.5, 163.0, 163.0, 162.5, 162.5, 162.5, 163.1, 163.1, 162.5, 162.5, 162.5, 161.8, 161.8, 159.9, 159.9, 159.2, 159.9, 159.9, 161.2, 161.2, 161.2, 160.6, 161.2, 161.2, 161.2, 161.2, 161.2, 161.2, 161.2, 161.2, 161.2, 162.4, 161.2, 162.4, 161.8, 162.4, 163.0, 162.4, 163.0, 163.7, 162.4, 162.4, 163.0, 161.8, 162.4, 163.0, 163.0, 162.5, 162.4, 162.4]"
20,"[161.8, 160.5, 161.2, 161.1, 160.5, 160.6, 161.1, 160.5, 161.2, 161.2, 161.2, 161.2, 161.2, 161.2, 161.2, 161.8, 161.2, 161.2, 161.2, 161.2, 161.2, 161.2, 161.2, 161.2, 161.2, 162.4, 161.2, 161.8, 161.2, 161.2, 161.2, 161.8, 161.8, 161.2, 160.6, 161.2, 161.2, 161.2, 161.8, 161.8, 161.8, 161.2, 161.2, 161.2, 161.8, 161.2, 162.4, 161.8, 162.5, 161.8, 162.4, 161.8, 161.8, 161.8, 161.8, 161.8, 161.8, 161.8, 162.5, 161.2, 161.8, 161.2, 161.2, 161.8, 161.8, 161.2, 162.5, 161.9, 161.8, 161.2, 160.6, 160.6, 161.2, 161.2, 161.2, 161.8, 161.2, 161.8, 162.5, 161.2, 160.6, 160.6, 160.6, 161.8, 160.6, 161.8, 161.2, 161.2, 161.2, 161.8, 161.8, 162.4, 162.5, 161.2, 162.5, 162.4, 162.5, 163.1, 162.5, 162.5, 162.5, 162.5, 163.1, 163.1, 162.5, 162.5, 163.7, 162.5, 163.1, 163.1, 162.5, 162.5, 163.1, 163.1, 163.7, 162.5, 163.0, 162.5, 163.1, 162.5, 162.5, 162.5, 162.5, 163.1, 162.4, 161.2, 160.6, 159.4, 159.4, 159.3, 159.4, 159.4, 159.4, 158.7, 158.6, 158.8, 159.4, 159.3, 158.8, 159.3, 159.4, 159.4, 161.2, 161.2, 160.6, 160.6, 160.0, 160.6, 160.0, 160.0, 159.9, 160.5, 160.5, 160.5, 160.6, 161.1, 161.7, 161.2, 161.2, 161.2, 161.2, 161.8, 160.6, 160.6, 160.6, 160.6, 161.2, 160.5, 161.2, 161.2, 160.6, 161.2, 162.4, 161.2, 161.2, 161.8, 162.4, 161.2, 162.4, 162.4, 162.4, 162.4, 163.0, 162.4, 163.0, 163.0, 163.1, 163.1, 162.4, 163.0, 163.7, 163.7, 163.7, 163.7, 163.7, 163.0, 164.3, 163.7, 164.3, 164.3, 163.7, 164.3, 164.3, 164.3, 164.3, 163.7, 164.3, 163.7, 164.3, 163.7, 163.7, 163.0, 162.4, 161.8, 162.4, 162.4, 161.8, 161.8, 161.8, 162.4, 161.2, 161.7, 161.8, 161.8, 161.8, 161.8, 161.7, 161.8, 162.4, 163.0, 163.0, 163.0, 163.7, 163.1, 163.1, 163.1, 163.1, 163.7, 163.0, 163.1, 163.1, 163.7, 163.1, 163.1, 163.1, 163.1, 163.1, 163.7, 163.1, 163.1, 163.0, 163.7, 163.1, 164.3, 163.1, 163.7, 163.1, 163.7, 163.1, 163.7, 163.7, 163.7, 163.7, 163.7, 162.4, 161.8, 160.5, 160.5, 160.5, 160.4, 161.1, 161.1, 160.5, 161.1, 160.5, 160.5, 160.5, 160.5, 159.9, 160.5, 159.9, 159.9, 160.4, 159.9, 160.5, 160.5, 161.1, 161.1, 161.1, 161.1, 161.8, 161.8, 161.7, 161.1, 161.1, 161.1, 161.1, 162.4, 161.7, 162.4, 161.2, 161.1, 161.1, 161.2, 161.8, 161.1, 161.1, 160.5, 159.9, 158.7, 157.5, 156.8, 157.5, 156.8, 156.2, 156.8, 156.8, 158.1, 157.4, 158.1, 158.1, 157.4, 158.0, 158.1, 159.3, 159.3, 159.3, 159.9, 159.9, 158.7, 159.9, 159.3, 159.2, 159.3, 158.6, 159.9, 159.3, 159.3, 160.0, 159.4, 160.0, 160.5, 160.5, 160.0, 160.0, 160.6, 160.5, 160.5, 160.6, 160.0, 161.2, 160.6, 160.5, 160.6, 160.6, 160.6, 161.2, 161.2, 161.2, 161.2, 160.6, 161.2, 159.9, 160.6, 160.6, 161.2, 161.8, 161.8, 161.8, 161.8, 161.8, 162.5, 163.1, 162.5, 163.1, 162.5, 163.1, 162.5, 162.4, 163.0, 163.7, 163.1, 163.7, 163.7, 163.7, 164.3, 164.3, 163.7, 164.3, 163.7, 164.3, 164.3, 164.3, 164.3, 164.3, 164.3, 164.9, 164.9, 164.9, 164.3, 164.9, 164.9, 163.7, 163.7, 164.9, 164.9, 164.9, 164.3, 164.3, 164.9, 164.3, 163.7, 163.7, 164.3, 164.3, 163.7, 163.7, 163.7, 164.3, 164.3, 163.7, 164.3, 164.3, 164.3, 163.7, 163.7, 163.7, 163.7, 164.3, 164.9, 164.3, 164.3, 164.3, 164.3, 164.9, 164.9, 164.9, 164.9, 164.3, 164.3, 164.9, 164.3, 164.3, 164.3, 164.3, 164.3, 163.7, 163.0, 162.4, 162.4, 162.4, 162.4, 161.2, 162.4, 162.4, 161.7, 162.4, 162.4, 162.4, 163.0, 162.4, 163.0, 163.0, 163.0, 162.4, 162.4, 163.7, 163.0, 163.0, 162.4, 162.4, 162.4, 163.0, 162.4, 163.0, 162.4, 163.0, 162.4, 162.4, 163.0, 163.0, 163.0, 163.0, 163.0, 163.0, 163.0, 163.0, 163.0, 163.0, 163.1, 163.0, 163.0, 162.4, 162.4, 161.8, 161.8, 160.5, 159.2, 158.6, 158.6, 157.9, 158.6, 158.7, 159.2, 159.2, 159.3, 159.9, 159.3, 159.4, 159.3, 159.3, 159.2, 159.3, 159.9, 159.3, 159.9, 160.0, 159.9, 159.9, 160.0, 159.9, 160.0, 160.0, 160.0, 161.2, 161.2, 160.6, 160.0, 161.2, 160.0, 160.0, 161.2, 160.6, 160.6, 160.5, 160.6, 160.6, 160.5, 160.5, 160.6, 160.5, 161.2, 161.2, 161.2, 161.8, 161.2, 160.6, 161.2, 161.2, 161.2, 161.2, 161.2, 161.2, 161.2, 161.2, 161.2, 161.2, 160.5, 161.2, 160.6, 160.6, 160.6, 160.6, 161.2, 161.2, 161.2, 161.2, 161.2, 160.6, 159.9, 160.6, 160.0, 160.6, 160.0, 160.6, 160.6, 160.6, 160.6, 160.6, 160.6, 160.0, 160.6, 160.6, 160.6, 160.6, 160.6, 160.6, 160.5, 160.6, 160.6, 159.4, 159.9, 159.9, 159.3, 159.2, 159.2, 159.3, 159.9, 159.4, 160.0]"
20,"[163.7, 163.7, 163.7, 163.6, 163.7, 163.7, 163.7, 164.3, 164.3, 164.3, 163.7, 163.7, 163.7, 164.3, 164.9, 163.7, 164.3, 164.9, 164.3, 164.9, 164.9, 164.9, 164.9, 164.9, 164.9, 164.9, 164.9, 164.9, 163.7, 164.9, 164.9, 164.9, 164.9, 164.9, 164.3, 164.9, 164.9, 164.9, 164.3, 164.3, 164.9, 164.9, 164.3, 164.3, 164.3, 164.9, 164.3, 164.3, 164.3, 164.3, 164.3, 164.3, 164.9, 164.3, 164.3, 164.9, 164.3, 164.3, 164.3, 164.3, 164.9, 164.3, 164.3, 164.3, 164.3, 164.9, 164.3, 164.9, 164.9, 164.3, 164.3, 164.3, 164.3, 164.3, 164.3, 164.3, 164.9, 164.3, 164.3, 164.3, 164.3, 164.3, 164.3, 164.9, 164.3, 164.3, 164.3, 164.3, 164.3, 164.3, 164.3, 164.3, 164.3, 164.3, 164.3, 164.3, 164.3, 164.3, 164.3, 164.3, 164.3, 164.3, 164.3, 164.9, 164.9, 163.7, 163.7, 163.7, 163.7, 164.3, 164.3, 164.3, 164.3, 163.7, 163.7, 163.7, 163.1, 161.2, 160.4, 160.3, 159.8, 159.8, 160.4, 159.8, 159.9, 159.9, 159.9, 160.5, 161.2, 160.6, 161.8, 162.5, 163.1, 164.3, 164.3, 164.3, 164.3, 163.7, 164.3, 164.3, 164.3, 164.3, 164.3, 163.7, 163.7, 164.3, 164.3, 164.3, 163.7, 163.7, 164.3, 164.3, 163.7, 163.7, 164.3, 164.3, 164.3, 164.9, 164.3, 164.3, 164.3, 164.3, 164.3, 164.3, 164.3, 164.3, 164.3, 164.3, 164.3, 164.9, 164.9, 163.7, 162.4, 160.5, 159.8, 159.0, 159.0, 159.1, 159.2, 158.1, 159.3, 159.2, 158.7, 159.9, 159.3, 159.3, 159.9, 159.4, 159.4, 161.2, 161.8, 161.8, 161.2, 161.2, 161.2, 161.2, 160.6, 161.2, 161.2, 161.2, 161.8, 161.2, 161.2, 161.2, 161.2, 161.8, 161.8, 161.8, 161.2, 161.2, 160.6, 161.8, 161.2, 160.6, 160.6, 161.8, 161.8, 161.2, 160.6, 161.8, 160.6, 161.2, 160.6, 160.6, 160.6, 160.6, 160.6, 160.6, 161.2, 161.2, 161.2, 161.2, 161.2, 161.2, 161.2, 161.2, 161.2, 161.2, 161.2, 161.2, 161.2, 161.2, 160.6, 161.2, 161.2, 160.7, 161.2, 160.6, 160.6, 160.6, 160.0, 160.0, 160.0, 159.9, 160.0, 160.0, 159.4, 159.4, 159.4, 160.0, 160.0, 160.0, 159.4, 159.4, 159.4, 159.3, 157.4, 156.8, 156.1, 157.4, 156.8, 157.3, 158.0, 158.1, 158.1, 158.1, 158.1, 158.6, 159.3, 159.4, 160.0, 159.3, 159.4, 159.3, 160.0, 159.3, 159.4, 159.4, 159.3, 159.9, 159.3, 159.4, 159.4, 159.3, 159.3, 159.3, 159.3, 159.3, 159.3, 159.3, 159.9, 159.9, 158.7, 159.3, 159.3, 158.7, 159.3, 159.4, 158.6, 158.6, 159.3, 159.3, 159.3, 159.3, 159.3, 159.3, 159.3, 159.3, 158.7, 159.2, 158.7, 158.6, 158.7, 158.7, 158.7, 158.7, 158.6, 158.7, 158.0, 158.1, 157.5, 158.0, 157.4, 158.0, 158.0, 158.0, 158.0, 158.0, 157.5, 158.1, 158.0, 158.0, 157.5, 158.1, 157.5, 158.1, 158.1, 158.1, 158.1, 158.1, 158.0, 158.1, 158.1, 158.1, 158.1, 158.0, 158.1, 157.4, 158.1, 158.0, 157.4, 158.1, 158.1, 158.6, 158.1, 158.0, 158.1, 158.7, 159.3, 159.2, 159.3, 159.9, 159.3, 159.4, 159.3, 159.3, 159.9, 159.4, 159.9, 160.0, 159.9, 159.4, 158.8, 159.4, 159.9, 160.0, 159.4, 160.0, 160.0, 160.6, 160.6, 161.2, 161.2, 161.2, 161.8, 161.8, 161.2, 161.8, 161.8, 162.4, 161.8, 162.5, 162.5, 162.4, 162.5, 162.4, 163.0, 163.7, 163.7, 163.7, 164.3, 164.3, 164.3, 164.3, 164.3, 164.3, 163.7, 164.3, 163.1, 163.0, 162.5, 163.0, 163.1, 162.4, 163.1, 163.0, 162.5, 163.0, 162.5, 162.4, 162.5, 163.1, 163.0, 163.7, 163.0, 163.7, 162.5, 162.5, 162.4, 163.0, 162.5, 161.9, 162.5, 163.1, 163.1, 163.1, 163.0, 163.0, 163.7, 163.7, 163.7, 163.1, 163.7, 163.0, 163.1, 163.1, 162.4, 163.7, 163.1, 163.1, 163.1, 163.0, 163.7, 163.7, 162.5, 163.7, 163.1, 163.1, 163.1, 163.1, 163.1, 163.7, 163.0, 163.7, 163.7, 163.0, 163.1, 163.1, 163.7, 163.1, 163.7, 163.1, 163.7, 163.1, 163.7, 163.7, 163.0, 163.7, 163.7, 163.1, 163.1, 163.1, 162.5, 163.7, 163.1, 163.1, 163.7, 163.1, 163.0, 162.5, 162.5, 163.1, 162.5, 163.7, 163.7, 163.0, 163.0, 163.1, 163.7, 163.1, 163.0, 163.1, 163.7, 163.7, 163.1, 163.7, 163.1, 163.7, 163.7, 163.1, 163.1, 163.1, 163.7, 163.7, 163.7, 163.7, 163.1, 163.7, 163.7, 164.3, 163.1, 163.1, 163.1, 163.7, 163.1, 163.7, 164.3, 163.7, 164.3, 163.1, 163.1, 163.7, 163.7, 164.3, 163.1, 163.7, 164.3, 163.7, 163.7, 163.7, 163.1, 164.3, 163.1, 163.7, 163.7, 163.7, 164.3, 163.7, 163.7, 164.3, 164.3, 164.3, 163.7, 163.7, 164.3, 164.3, 164.3, 164.3, 163.7, 164.3, 164.3, 163.7, 164.3, 164.3, 164.3, 164.3, 163.7, 163.7, 164.9, 163.7, 163.7, 163.7, 163.7, 163.7, 163.7, 163.7, 163.7, 164.3, 163.7, 163.7, 163.1, 163.7, 163.7, 163.7, 164.3, 164.3, 163.7, 163.7, 163.7, 164.3]"
20,"[164.9, 163.0, 163.6, 164.3, 162.4, 163.7, 163.7, 163.7, 164.3, 164.9, 164.3, 164.3, 164.3, 164.3, 163.7, 163.7, 164.3, 163.7, 163.7, 163.7, 163.7, 163.1, 163.7, 163.1, 163.7, 163.7, 163.1, 163.7, 163.1, 163.1, 163.7, 163.1, 163.7, 163.7, 163.1, 163.1, 164.3, 163.1, 163.7, 163.1, 163.7, 163.1, 163.1, 163.7, 164.9, 164.3, 164.3, 164.3, 163.7, 164.3, 163.7, 163.7, 163.6, 163.0, 163.6, 163.6, 163.6, 163.6, 163.0, 163.6, 163.0, 163.0, 163.7, 163.7, 163.7, 163.7, 164.3, 164.3, 164.3, 164.3, 164.3, 163.7, 163.7, 163.7, 164.3, 164.9, 164.3, 164.3, 164.3, 164.9, 164.3, 164.3, 164.9, 164.3, 164.3, 164.3, 164.3, 164.3, 164.3, 164.3, 164.3, 163.0, 163.7, 163.7, 163.1, 164.3, 163.7, 163.1, 163.1, 163.7, 163.7, 163.7, 163.7, 164.3, 163.7, 163.7, 163.7, 163.7, 164.3, 164.3, 163.1, 163.7, 164.3, 163.7, 163.7, 163.7, 163.7, 164.3, 163.7, 164.3, 163.7, 164.3, 163.7, 164.3, 163.7, 163.7, 164.3, 164.3, 163.7, 163.7, 163.7, 163.1, 163.7, 163.7, 163.7, 163.7, 163.7, 163.1, 163.7, 163.1, 163.1, 163.1, 163.7, 163.7, 163.6, 164.9, 164.9, 164.9, 164.3, 164.3, 164.3, 164.3, 164.3, 164.3, 164.9, 164.3, 163.7, 163.1, 164.3, 164.3, 164.3, 164.3, 164.9, 164.9, 164.3, 164.3, 164.9, 164.3, 164.9, 164.3, 164.3, 164.9, 164.9, 164.3, 164.9, 164.3, 164.3, 164.9, 164.3, 164.9, 164.3, 164.3, 164.9, 164.9, 164.9, 164.3, 161.7, 161.1, 160.6, 161.8, 161.2, 162.4, 162.4, 162.4, 162.5, 163.0, 163.0, 163.1, 163.1, 163.7, 164.3, 164.3, 164.3, 163.7, 164.3, 163.7, 164.3, 164.9, 164.9, 164.3, 164.9, 164.3, 164.9, 164.9, 164.9, 164.9, 163.7, 164.3, 163.6, 162.4, 159.9, 160.5, 160.0, 160.6, 161.8, 161.2, 161.8, 162.5, 162.5, 162.4, 162.5, 162.4, 162.4, 162.4, 162.4, 163.1, 162.5, 163.0, 163.0, 163.0, 163.0, 162.5, 163.1, 163.1, 162.4, 163.1, 163.1, 163.1, 163.0, 162.5, 163.1, 163.1, 163.1, 163.1, 162.5, 163.1, 163.1, 163.1, 163.7, 162.5, 163.1, 163.0, 163.1, 162.5, 162.5, 162.5, 162.4, 160.6, 159.4, 158.8, 158.8, 158.1, 158.6, 158.7, 158.7, 159.4, 159.3, 158.7, 158.8, 158.7, 158.7, 159.3, 159.2, 158.7, 159.4, 159.4, 159.3, 159.4, 159.4, 160.0, 159.9, 159.4, 160.0, 160.0, 159.4, 159.3, 160.6, 160.0, 160.0, 160.0, 159.9, 159.9, 159.9, 160.6, 160.0, 159.9, 160.6, 160.0, 160.5, 160.0, 160.6, 160.0, 160.0, 159.9, 159.9, 159.9, 160.0, 160.0, 159.9, 159.9, 159.3, 159.9, 159.9, 159.4, 160.0, 159.4, 159.3, 159.9, 159.9, 160.5, 159.9, 160.5, 160.0, 160.0, 159.3, 159.3, 159.4, 160.0, 160.5, 159.9, 159.3, 159.4, 160.6, 159.3, 159.2, 159.3, 159.4, 159.9, 159.4, 160.0, 158.7, 158.7, 157.5, 156.9, 157.5, 157.4, 157.5, 157.5, 158.1, 157.4, 157.5, 158.0, 158.1, 158.7, 159.9, 160.0, 160.6, 160.6, 160.6, 161.8, 161.8, 161.8, 163.1, 163.0, 163.1, 163.7, 164.9, 164.9, 164.3, 163.7, 163.7, 163.7, 162.5, 163.1, 162.5, 161.3, 161.3, 160.7, 160.1, 159.6, 159.5, 159.6, 160.8, 159.1, 159.5, 159.5, 159.5, 159.0, 158.4, 158.4, 158.0, 157.3, 158.0, 159.0, 159.5, 159.6, 159.7, 159.7, 160.2, 159.6, 158.6, 159.2, 159.7, 159.2, 159.2, 159.7, 159.6, 160.2, 159.2, 159.1, 159.1, 159.7, 159.1, 159.1, 158.6, 159.2, 159.2, 159.7, 159.1, 159.7, 159.7, 160.2, 158.6, 159.7, 159.1, 158.6, 159.6, 159.2, 159.7, 159.3, 159.7, 159.2, 159.2, 159.1, 159.7, 159.7, 159.6, 159.2, 158.7, 159.2, 159.6, 159.1, 159.2, 159.2, 159.7, 158.6, 159.2, 159.2, 159.1, 159.2, 159.1, 159.2, 159.2, 159.1, 159.7, 159.2, 159.1, 159.7, 158.7, 159.1, 159.1, 159.2, 158.6, 158.6, 159.1, 159.2, 159.7, 158.6, 158.6, 159.1, 159.2, 159.2, 159.6, 159.2, 159.7, 159.7, 159.7, 159.7, 159.6, 162.0, 162.0, 162.0, 162.0, 162.0, 162.0, 162.6, 162.0, 162.0, 161.4, 162.0, 161.9, 162.0, 162.6, 161.4, 162.5, 162.6, 161.4, 161.4, 162.0, 161.4, 160.8, 159.6, 160.8, 161.4, 161.4, 160.8, 159.7, 160.3, 159.7, 159.7, 161.4, 160.3, 160.3, 160.3, 161.4, 160.3, 159.7, 159.7, 161.4, 159.6, 159.8, 161.4, 160.2, 162.0, 161.4, 162.0, 161.9, 162.6, 162.0, 162.5, 162.5, 162.0, 162.0, 162.0, 162.0, 162.5, 162.0, 162.6, 162.6, 162.6, 162.6, 162.0, 162.6, 162.5, 163.7, 162.6, 163.7, 162.0, 163.2, 162.0, 163.7, 162.6, 162.6, 163.1, 163.7, 164.3, 163.2, 162.6, 163.1, 162.6, 163.2, 162.6, 163.1, 162.6, 162.0, 162.6, 163.7, 163.7, 162.6, 163.1, 163.1, 163.1, 163.1, 162.6, 162.6, 163.2, 163.2, 163.7, 162.6, 163.1, 163.2, 163.7, 163.1, 163.1, 163.2, 163.2, 163.1, 163.2, 163.1, 162.6]"
20,"[161.4, 161.8, 161.8, 161.8, 161.8, 161.9, 162.5, 161.9, 161.4, 161.3, 161.4, 161.3, 161.4, 161.9, 161.3, 160.7, 161.3, 161.3, 161.3, 161.4, 161.3, 161.9, 161.3, 161.4, 161.3, 161.9, 161.3, 161.9, 161.3, 161.9, 161.9, 162.5, 162.5, 162.5, 161.9, 161.9, 161.9, 161.3, 161.9, 161.9, 162.5, 161.9, 161.9, 162.5, 161.9, 161.9, 161.3, 161.9, 161.3, 161.9, 161.9, 161.9, 161.9, 161.3, 161.9, 161.9, 161.9, 161.4, 161.9, 161.9, 161.9, 161.4, 160.8, 161.4, 161.4, 161.3, 161.9, 162.0, 162.0, 161.4, 161.9, 161.9, 161.9, 161.9, 161.9, 161.4, 161.9, 162.5, 162.6, 161.9, 160.7, 162.0, 161.9, 162.5, 161.9, 162.0, 161.9, 161.9, 161.4, 161.9, 162.5, 161.9, 161.9, 161.9, 162.0, 161.3, 161.4, 161.9, 161.9, 160.7, 161.4, 161.4, 161.4, 161.3, 161.9, 161.3, 161.9, 161.9, 161.9, 160.7, 161.9, 161.9, 161.9, 161.9, 161.9, 161.3, 161.9, 161.4, 160.8, 161.3, 161.4, 161.4, 161.4, 161.3, 162.0, 162.0, 161.4, 162.5, 161.9, 161.9, 161.4, 161.4, 161.9, 161.4, 161.9, 162.5, 161.9, 161.4, 161.3, 162.0, 161.9, 161.4, 161.3, 160.7, 161.4, 161.3, 161.4, 161.4, 161.4, 160.8, 161.3, 160.8, 160.2, 160.1, 160.6, 160.5, 161.8, 160.5, 161.2, 160.6, 160.6, 160.6, 160.1, 161.2, 161.2, 161.3, 160.7, 160.1, 160.8, 161.3, 160.2, 160.2, 160.8, 160.2, 160.1, 160.2, 160.2, 159.6, 160.2, 159.6, 159.6, 159.6, 160.1, 160.2, 159.6, 160.2, 160.2, 160.1, 159.5, 160.2, 160.1, 160.8, 160.2, 160.2, 160.2, 161.4, 160.2, 160.2, 160.2, 160.8, 160.2, 160.8, 160.8, 160.8, 160.7, 160.8, 160.2, 161.3, 160.6, 161.8, 163.6, 163.6, 164.9, 164.9, 164.9, 164.3, 163.0, 163.6, 164.3, 164.3, 164.3, 164.9, 164.3, 163.7, 163.7, 163.1, 162.5, 163.1, 163.1, 162.4, 162.5, 162.5, 162.4, 162.5, 162.5, 163.1, 163.1, 162.5, 162.5, 162.5, 162.5, 162.5, 162.5, 162.5, 162.5, 161.8, 162.5, 162.5, 161.8, 163.1, 162.5, 163.1, 163.1, 162.5, 162.5, 163.1, 163.1, 163.1, 163.1, 163.0, 163.0, 163.7, 164.3, 164.3, 164.3, 164.3, 163.7, 164.9, 163.7, 164.3, 164.3, 163.7, 163.7, 163.7, 164.3, 163.7, 164.3, 163.0, 163.7, 164.3, 163.7, 164.3, 164.3, 164.9, 164.9, 164.9, 164.9, 164.9, 164.3, 164.9, 164.3, 164.3, 164.9, 164.9, 164.9, 164.9, 164.9, 164.9, 164.3, 163.6, 163.6, 163.7, 163.7, 163.7, 163.7, 163.7, 163.0, 163.7, 163.7, 163.0, 162.4, 162.4, 161.8, 161.2, 160.6, 160.6, 160.6, 159.4, 160.0, 159.9, 159.3, 159.4, 159.4, 159.3, 159.3, 158.6, 159.3, 159.4, 159.4, 160.0, 160.0, 160.0, 160.6, 160.0, 160.6, 160.6, 160.6, 160.6, 160.0, 160.6, 160.0, 160.0, 160.6, 160.0, 160.0, 160.0, 159.3, 159.4, 160.0, 160.0, 160.0, 160.0, 160.0, 160.0, 160.0, 160.0, 160.0, 160.0, 160.6, 159.4, 159.3, 159.4, 159.4, 158.7, 160.0, 160.0, 160.0, 160.6, 160.6, 160.6, 160.6, 160.6, 160.6, 160.6, 160.6, 160.6, 160.6, 160.6, 160.6, 161.2, 160.1, 160.6, 160.6, 160.0, 161.2, 161.2, 161.8, 161.8, 161.9, 161.8, 162.4, 163.7, 164.3, 164.3, 164.9, 164.3, 163.7, 164.3, 164.9, 164.3, 164.3, 164.3, 164.3, 164.3, 164.3, 163.1, 163.1, 163.1, 163.7, 163.1, 162.5, 163.1, 163.1, 162.5, 162.5, 162.5, 163.1, 162.5, 163.1, 162.5, 162.5, 163.1, 161.9, 161.8, 161.9, 161.9, 161.3, 160.6, 161.2, 161.9, 161.9, 161.3, 160.7, 161.9, 161.9, 161.9, 162.6, 162.0, 161.4, 161.4, 161.9, 161.4, 162.0, 162.0, 161.4, 161.4, 161.4, 162.0, 161.4, 162.0, 161.4, 161.4, 161.4, 161.3, 161.4, 161.4, 162.0, 161.4, 161.9, 162.0, 161.9, 161.4, 161.4, 162.5, 161.4, 161.9, 161.9, 162.0, 161.4, 162.0, 161.9, 161.4, 161.4, 161.9, 161.9, 161.9, 161.4, 162.5, 161.4, 161.4, 161.4, 161.4, 162.0, 161.9, 161.4, 161.3, 162.0, 161.3, 162.0, 161.4, 160.8, 161.4, 161.4, 161.4, 161.9, 161.9, 161.9, 162.0, 161.9, 161.4, 161.9, 161.4, 162.0, 161.4, 161.9, 161.4, 161.9, 161.9, 161.9, 160.8, 161.4, 161.4, 161.4, 161.9, 161.4, 162.0, 161.9, 161.3, 161.4, 161.4, 161.4, 161.9, 161.9, 161.9, 162.5, 161.4, 161.9, 161.9, 161.3, 161.4, 161.4, 161.9, 162.0, 161.9, 161.9, 161.4, 162.5, 161.9, 161.3, 161.4, 161.9, 161.9, 161.4, 161.9, 162.0, 161.9, 161.9, 162.0, 162.0, 162.0, 161.9, 161.9, 162.5, 162.5, 162.6, 162.5, 161.9, 162.0, 162.5, 161.9, 161.9, 161.4, 162.0, 162.0, 162.0, 162.5, 161.9, 161.9, 161.9, 162.6, 161.4, 161.9, 162.0, 161.9, 162.5, 162.0, 162.5, 161.4, 162.0, 161.3, 161.3, 161.4, 161.4, 161.4, 161.9, 161.4, 161.4, 161.9, 162.0, 161.9, 161.3, 161.3, 161.3, 161.3, 161.3, 162.0, 161.4, 161.9, 161.9, 161.9]"
20,"[162.0, 162.5, 161.8, 162.4, 163.0, 163.1, 163.1, 163.7, 163.1, 162.5, 163.1, 163.1, 163.1, 163.1, 163.1, 163.1, 162.5, 163.1, 163.1, 163.1, 163.1, 163.1, 163.1, 161.9, 162.5, 163.7, 163.7, 164.3, 164.9, 164.9, 164.3, 163.7, 163.7, 164.3, 163.7, 163.7, 163.7, 163.1, 162.5, 162.5, 163.1, 163.1, 163.1, 163.1, 162.5, 162.5, 163.1, 161.9, 162.5, 162.5, 161.9, 161.9, 161.9, 161.9, 161.9, 161.9, 162.5, 161.9, 162.5, 161.9, 161.9, 163.1, 161.9, 161.9, 161.3, 162.5, 162.5, 161.3, 161.9, 162.5, 161.9, 161.3, 162.5, 162.5, 162.5, 161.9, 162.5, 162.5, 161.2, 162.5, 161.9, 161.9, 162.5, 161.9, 161.9, 162.5, 162.5, 161.9, 162.5, 162.5, 163.1, 163.1, 162.5, 161.9, 162.5, 162.5, 162.5, 161.9, 162.5, 162.5, 161.9, 162.6, 162.5, 161.9, 162.5, 162.5, 161.9, 161.9, 162.5, 162.5, 162.5, 161.9, 162.5, 161.9, 162.6, 161.9, 162.5, 162.5, 161.9, 161.9, 162.5, 161.9, 161.9, 162.5, 162.5, 161.9, 161.9, 162.5, 161.9, 161.9, 161.4, 161.9, 161.9, 162.5, 162.5, 162.5, 161.9, 161.9, 162.5, 161.8, 161.9, 162.5, 161.9, 161.9, 161.9, 163.1, 161.9, 162.5, 161.9, 162.5, 162.5, 161.9, 161.9, 161.3, 161.9, 161.9, 161.9, 162.5, 162.5, 161.8, 162.5, 162.5, 162.5, 162.5, 163.1, 163.1, 164.3, 164.3, 163.0, 162.4, 163.0, 163.7, 164.3, 164.3, 164.3, 164.3, 164.3, 164.3, 163.7, 164.3, 164.3, 164.9, 164.9, 164.3, 164.9, 163.6, 163.0, 161.8, 162.4, 163.0, 163.0, 163.7, 164.3, 163.7, 163.7, 164.3, 163.7, 164.3, 163.7, 164.3, 163.7, 164.3, 164.3, 164.3, 164.3, 164.3, 164.3, 164.3, 164.3, 164.9, 164.9, 164.3, 164.3, 164.3, 164.3, 164.3, 163.1, 163.7, 163.7, 164.3, 163.1, 163.7, 163.1, 163.7, 162.4, 162.4, 163.1, 162.4, 163.0, 161.8, 162.4, 162.4, 163.0, 163.0, 162.5, 162.4, 161.8, 161.8, 161.2, 161.2, 161.2, 161.2, 160.6, 160.6, 161.2, 161.2, 160.6, 160.6, 161.2, 161.8, 161.2, 161.2, 160.0, 158.8, 157.5, 156.8, 156.8, 157.4, 158.1, 157.4, 158.0, 158.7, 160.0, 160.0, 160.0, 160.1, 160.0, 160.6, 160.0, 160.6, 160.0, 160.6, 160.6, 160.6, 161.2, 160.7, 160.6, 161.2, 160.6, 161.2, 160.6, 160.6, 161.2, 160.6, 161.2, 161.3, 161.8, 160.6, 160.0, 160.0, 160.0, 160.6, 160.0, 160.0, 160.0, 159.4, 159.4, 159.4, 159.3, 159.3, 158.7, 158.8, 158.8, 159.4, 159.4, 158.8, 158.7, 159.2, 158.7, 158.7, 158.1, 158.7, 158.7, 159.3, 159.3, 159.3, 159.3, 158.8, 158.8, 158.8, 159.4, 158.7, 158.7, 158.8, 159.3, 158.1, 158.1, 158.1, 157.4, 157.5, 157.5, 158.1, 158.1, 158.0, 158.1, 158.1, 158.1, 157.5, 158.1, 158.7, 158.7, 158.1, 158.1, 158.1, 158.1, 158.6, 158.7, 158.7, 158.1, 158.1, 156.8, 158.1, 158.1, 158.7, 157.5, 158.1, 158.1, 158.1, 158.0, 158.1, 158.1, 158.1, 157.4, 157.9, 158.1, 158.1, 157.4, 157.4, 157.5, 158.0, 158.7, 158.7, 159.3, 159.4, 159.3, 159.3, 158.6, 159.1, 159.1, 159.2, 159.2, 158.6, 158.6, 161.1, 163.7, 161.9, 160.3, 160.2, 160.2, 160.7, 160.7, 160.3, 160.8, 159.6, 158.6, 160.2, 159.7, 158.6, 160.2, 160.8, 160.3, 158.1, 161.4, 160.8, 160.2, 160.3, 160.4, 161.5, 160.8, 160.9, 161.4, 160.2, 160.3, 160.2, 161.4, 160.8, 160.3, 160.8, 160.7, 160.1, 159.5, 159.1, 159.5, 159.5, 160.1, 160.1, 159.6, 160.1, 159.6, 160.6, 160.2, 159.6, 160.1, 160.2, 160.1, 159.5, 159.6, 159.5, 159.6, 159.5, 159.1, 159.4, 159.1, 159.6, 159.0, 158.9, 158.9, 159.0, 159.1, 158.4, 159.0, 159.0, 159.0, 159.5, 159.6, 159.7, 158.0, 159.6, 159.6, 159.6, 159.6, 158.6, 159.6, 159.6, 160.3, 160.1, 160.2, 160.2, 160.1, 160.2, 160.2, 159.5, 159.6, 160.2, 160.2, 160.1, 160.2, 160.2, 160.1, 160.1, 159.5, 159.6, 160.8, 160.1, 160.2, 160.7, 160.8, 160.1, 159.6, 160.2, 160.7, 160.1, 160.1, 160.8, 160.1, 160.1, 160.1, 160.1, 160.2, 160.2, 160.1, 160.2, 160.2, 160.1, 160.1, 160.1, 160.7, 160.6, 160.8, 160.8, 160.7, 160.1, 160.7, 160.7, 161.3, 160.8, 160.7, 160.8, 161.4, 161.3, 161.3, 160.8, 160.1, 160.8, 160.8, 161.4, 160.8, 161.3, 161.3, 161.4, 161.4, 160.2, 160.8, 160.8, 160.8, 160.8, 160.8, 161.4, 161.3, 161.3, 160.8, 161.4, 160.8, 160.8, 160.8, 160.2, 160.2, 161.3, 161.4, 160.7, 161.3, 160.8, 161.4, 160.8, 160.2, 160.8, 161.4, 160.7, 160.8, 160.8, 161.4, 161.9, 160.7, 161.4, 160.7, 161.3, 161.3, 160.8, 161.9, 160.8, 161.4, 161.4, 161.3, 161.4, 161.3, 161.3, 160.6, 160.7, 161.9, 161.4, 162.5, 161.3, 161.3, 161.3, 161.3, 161.9, 161.4, 161.4, 161.9, 161.9, 161.4, 161.4, 161.4, 161.3, 161.3, 161.9, 161.9, 161.4, 161.9, 161.3]"
20,"[159.1, 159.5, 160.1, 160.1, 160.1, 160.2, 160.7, 160.8, 161.4, 162.0, 161.4, 162.0, 160.8, 161.4, 160.3, 160.8, 160.8, 160.8, 160.8, 160.3, 160.8, 161.4, 160.8, 160.8, 160.3, 160.2, 160.2, 160.3, 159.1, 159.6, 160.2, 160.2, 160.2, 160.2, 160.8, 160.2, 160.8, 161.4, 161.3, 160.8, 160.8, 160.8, 161.9, 162.0, 161.4, 161.4, 161.4, 160.8, 160.8, 161.4, 160.8, 160.8, 160.8, 160.8, 161.4, 160.8, 160.8, 161.4, 160.8, 160.8, 161.4, 161.4, 160.8, 160.8, 160.8, 160.8, 160.8, 161.4, 161.4, 160.2, 160.8, 161.3, 161.4, 160.8, 160.8, 160.8, 160.3, 161.4, 160.8, 161.4, 160.2, 160.8, 160.8, 161.4, 161.3, 160.7, 160.8, 160.8, 160.8, 160.8, 161.4, 161.4, 161.4, 160.8, 160.8, 161.4, 160.7, 161.9, 161.3, 161.9, 161.4, 161.9, 161.3, 160.8, 161.4, 160.2, 161.4, 160.2, 161.4, 161.4, 161.4, 161.3, 160.7, 160.7, 161.9, 161.3, 160.2, 161.4, 160.8, 161.3, 161.9, 160.7, 161.3, 161.9, 161.3, 161.9, 161.4, 161.9, 161.3, 161.4, 161.3, 161.4, 160.8, 161.4, 161.9, 162.5, 161.3, 160.7, 161.9, 160.7, 161.3, 161.4, 161.3, 160.7, 161.3, 161.3, 160.7, 160.7, 160.1, 161.4, 160.7, 160.8, 160.1, 160.8, 161.4, 160.2, 160.8, 160.8, 160.2, 160.1, 161.4, 160.1, 160.7, 161.3, 163.1, 163.6, 164.3, 164.3, 164.3, 164.9, 164.3, 163.6, 163.6, 163.6, 163.6, 164.3, 164.3, 164.3, 164.9, 164.3, 164.3, 164.3, 163.1, 163.7, 163.7, 163.0, 162.4, 163.1, 162.4, 163.0, 163.0, 162.4, 163.0, 163.1, 162.5, 163.0, 163.0, 163.1, 162.5, 163.0, 162.5, 162.5, 163.0, 164.9, 164.9, 162.4, 162.4, 162.4, 162.5, 163.1, 163.1, 163.0, 163.0, 163.0, 163.7, 163.7, 163.7, 164.3, 163.7, 163.1, 163.7, 164.3, 164.3, 164.3, 164.3, 164.3, 164.9, 164.3, 164.3, 164.9, 164.3, 164.3, 164.3, 164.3, 164.3, 164.3, 164.3, 163.6, 161.2, 159.4, 158.1, 157.5, 156.7, 158.0, 158.0, 157.4, 157.5, 157.4, 158.0, 158.1, 158.1, 158.1, 158.8, 160.0, 159.4, 159.4, 160.0, 160.0, 159.4, 159.4, 160.0, 160.0, 160.6, 160.6, 160.0, 160.0, 160.6, 160.6, 161.2, 161.2, 160.6, 160.6, 161.2, 160.6, 161.2, 160.5, 160.6, 160.6, 160.0, 160.0, 159.4, 159.3, 159.3, 158.1, 157.3, 156.8, 157.4, 156.8, 156.8, 156.7, 157.4, 157.5, 157.5, 158.1, 158.1, 158.0, 158.1, 158.1, 158.7, 158.8, 159.3, 159.4, 159.3, 159.9, 160.5, 160.5, 160.6, 160.6, 160.5, 160.5, 160.5, 160.6, 159.9, 159.9, 160.5, 160.5, 160.5, 160.0, 160.6, 160.0, 160.6, 159.4, 160.0, 160.6, 159.4, 159.4, 159.9, 159.4, 160.0, 160.6, 160.0, 160.0, 159.4, 159.4, 159.4, 159.4, 160.0, 159.4, 159.4, 159.4, 158.7, 160.0, 159.3, 159.3, 159.3, 159.3, 159.4, 159.3, 159.4, 158.7, 158.7, 158.7, 158.1, 158.1, 158.1, 158.7, 158.1, 158.7, 158.1, 158.0, 158.1, 158.0, 158.7, 158.8, 158.8, 158.7, 158.7, 159.3, 159.4, 159.9, 160.0, 159.4, 160.0, 159.4, 159.4, 160.0, 160.0, 160.0, 159.9, 160.0, 160.6, 160.6, 160.0, 159.9, 160.6, 160.6, 160.6, 161.2, 162.4, 163.1, 163.7, 163.7, 164.3, 163.7, 163.7, 164.3, 164.9, 164.3, 164.3, 164.9, 164.3, 163.7, 163.7, 163.7, 164.3, 163.1, 163.1, 163.1, 163.1, 162.5, 163.1, 163.1, 163.1, 162.5, 162.5, 163.1, 163.1, 161.9, 161.9, 161.3, 161.4, 161.3, 161.9, 161.3, 161.9, 161.9, 161.9, 161.3, 161.4, 161.9, 161.4, 161.3, 161.9, 161.4, 160.7, 161.4, 161.4, 161.3, 161.4, 161.3, 160.7, 162.0, 161.4, 161.9, 161.9, 161.9, 161.9, 161.9, 161.9, 161.4, 161.3, 161.9, 161.9, 161.9, 161.9, 162.0, 161.4, 161.9, 161.9, 162.5, 161.9, 162.5, 161.9, 161.9, 162.5, 162.0, 161.9, 161.9, 161.9, 161.9, 161.9, 163.1, 162.5, 162.5, 161.9, 163.1, 161.9, 162.5, 162.5, 162.5, 162.5, 162.5, 162.5, 162.5, 162.5, 162.6, 163.1, 162.5, 162.6, 162.5, 162.5, 162.5, 163.1, 162.5, 163.1, 163.1, 163.1, 162.5, 162.5, 162.5, 162.5, 163.1, 162.5, 162.5, 162.5, 162.6, 162.5, 162.5, 161.9, 163.1, 162.5, 161.9, 162.5, 162.5, 161.9, 162.5, 162.5, 162.0, 162.5, 162.5, 161.9, 163.1, 162.5, 162.5, 162.6, 162.5, 162.5, 163.1, 163.7, 162.5, 162.5, 163.7, 161.9, 162.5, 162.5, 163.1, 162.5, 162.5, 162.5, 162.5, 162.5, 162.5, 163.1, 162.5, 162.5, 162.5, 162.5, 162.5, 162.5, 162.5, 162.5, 163.1, 163.1, 163.1, 161.9, 162.6, 162.5, 162.5, 162.5, 162.5, 162.5, 162.5, 162.5, 162.5, 162.5, 163.1, 162.5, 163.1, 162.5, 162.5, 163.1, 162.6, 162.5, 163.1, 163.1, 163.1, 163.7, 163.1, 163.1, 163.7, 163.7, 163.1, 163.7, 163.1, 163.1, 162.5, 163.7, 163.1, 163.1, 164.3, 163.1, 163.7, 163.7, 164.3, 164.3, 163.7, 163.7, 163.1, 163.7, 163.7]"
21,"[130.3, 130.0, 130.6, 129.7, 130.6, 130.3, 131.2, 131.8, 132.6, 132.8, 133.4, 132.8, 132.6, 132.8, 132.6, 133.2, 132.8, 133.4, 133.4, 133.2, 133.4, 134.0, 133.7, 133.7, 134.3, 134.7, 135.3, 135.3, 134.3, 134.7, 134.9, 135.3, 134.9, 135.5, 134.5, 135.3, 134.7, 134.7, 135.5, 135.3, 135.5, 134.7, 134.7, 134.7, 135.3, 135.5, 134.9, 135.1, 134.3, 135.3, 135.3, 135.3, 135.3, 136.1, 135.9, 134.0, 134.6, 133.4, 134.8, 134.0, 134.0, 134.0, 134.0, 134.3, 134.3, 134.0, 134.8, 134.0, 134.3, 135.1, 136.6, 136.1, 135.9, 136.4, 136.4, 136.6, 135.9, 133.3, 133.5, 134.6, 134.4, 134.6, 135.2, 134.4, 134.0, 133.8, 135.0, 132.9, 133.4, 133.8, 132.9, 133.8, 133.8, 134.0, 134.0, 133.8, 132.9, 132.4, 132.9, 132.9, 131.8, 128.3, 130.9, 131.8, 132.6, 132.4, 132.9, 131.8, 131.8, 131.5, 131.8, 132.6, 132.1, 133.2, 133.5, 132.9, 132.4, 132.4, 132.9, 133.8, 133.5, 133.5, 132.9, 131.8, 132.0, 132.4, 132.4, 131.8, 131.5, 132.6, 132.0, 131.8, 132.0, 131.8, 131.8, 132.0, 131.8, 132.0, 132.0, 131.8, 131.8, 131.2, 132.6, 130.9, 131.8, 131.5, 131.8, 131.8, 131.2, 131.5, 132.0, 131.2, 131.8, 132.6, 132.0, 132.8, 131.8, 131.8, 132.0, 132.6, 131.8, 132.6, 132.6, 132.6, 132.0, 132.3, 132.3, 132.6, 132.0, 131.8, 132.3, 132.0, 132.0, 132.0, 132.8, 132.6, 132.0, 132.6, 132.6, 132.0, 131.2, 132.0, 132.3, 132.6, 132.0, 132.8, 132.8, 132.0, 132.8, 132.8, 132.8, 132.3, 132.6, 132.3, 132.3, 132.3, 132.3, 133.1, 132.8, 132.6, 133.1, 133.1, 133.1, 133.1, 133.7, 133.1, 133.3, 133.7, 133.9, 133.7, 133.9, 133.9, 133.7, 133.7, 133.7, 133.7, 133.7, 133.7, 133.1, 133.7, 133.1, 133.9, 133.7, 133.3, 133.9, 133.9, 133.7, 133.9, 133.7, 134.5, 133.7, 133.7, 133.7, 133.7, 134.3, 133.9, 135.1, 134.5, 134.3, 134.5, 134.5, 134.5, 134.5, 134.5, 134.5, 135.1, 134.5, 134.5, 134.5, 134.5, 134.5, 134.3, 134.3, 134.3, 134.5, 134.5, 135.1, 135.1, 135.1, 135.1, 134.5, 135.3, 134.5, 134.3, 134.3, 134.3, 135.1, 134.7, 134.7, 134.9, 135.3, 134.9, 134.9, 134.7, 134.5, 135.5, 134.7, 134.7, 135.3, 134.7, 135.3, 135.3, 135.3, 135.5, 135.5, 135.3, 135.5, 135.5, 136.3, 135.3, 135.5, 135.5, 134.9, 135.5, 135.5, 135.5, 136.3, 136.1, 136.3, 136.1, 136.8, 136.1, 136.8, 137.0, 136.1, 136.3, 136.8, 136.8, 136.3, 136.6, 137.4, 136.8, 136.8, 137.0, 137.4, 137.0, 137.0, 137.6, 137.4, 137.6, 136.8, 137.0, 137.4, 136.6, 136.3, 136.6, 136.6, 136.6, 137.4, 136.6, 136.8, 137.4, 136.8, 137.0, 136.6, 137.4, 136.6, 136.8, 136.8, 137.4, 136.8, 137.0, 137.0, 136.8, 137.4, 137.4, 136.8, 136.8, 137.0, 137.0, 137.0, 136.8, 137.6, 136.8, 137.0, 136.8, 136.8, 136.8, 137.4, 137.4, 137.4, 136.6, 136.6, 136.8, 136.8, 136.6, 136.1, 137.2, 137.2, 136.8, 138.0, 138.6, 139.4, 138.8, 138.8, 139.5, 139.4, 140.1, 140.5, 140.3, 139.4, 139.5, 139.4, 139.5, 139.5, 139.5, 139.5, 140.1, 139.9, 139.5, 139.5, 140.1, 139.7, 139.7, 139.5, 140.3, 139.5, 140.8, 140.1, 139.9, 140.7, 140.1, 141.4, 141.3, 140.7, 139.9, 139.5, 139.8, 140.7, 140.8, 140.7, 140.7, 140.5, 140.7, 141.1, 141.1, 140.5, 140.5, 141.0, 141.0, 141.3, 141.3, 141.1, 141.1, 141.1, 141.3, 141.1, 141.1, 141.0, 141.9, 141.7, 141.7, 141.9, 141.9, 141.9, 141.1, 141.7, 141.7, 141.6, 141.6, 141.6, 142.2, 141.6, 141.1, 141.1, 141.3, 141.0, 142.2, 141.6, 142.3, 142.8, 142.3, 142.9, 142.3, 142.2, 142.3, 142.9, 142.3, 142.2, 142.3, 142.9, 143.1, 142.3, 142.9, 143.1, 142.3, 142.9, 142.8, 142.8, 143.1, 142.9, 142.9, 142.8, 143.1, 142.9, 142.7, 142.8, 142.8, 142.9, 142.3, 142.8, 142.9, 142.9, 143.1, 142.9, 142.9, 143.4, 142.9, 143.5, 143.5, 143.3, 143.5, 144.2, 144.3, 143.5, 144.2, 143.4, 143.4, 142.9, 144.0, 143.5, 143.4, 143.4, 143.4, 143.4, 143.5, 143.9, 144.2, 144.7, 143.5, 143.5, 143.4, 143.5, 143.3, 144.0, 143.5, 143.9, 143.3, 143.5, 143.5, 143.5, 144.2, 144.2, 144.3, 143.4, 143.5, 143.5, 144.3, 144.3, 144.2, 144.3, 143.5, 143.4, 141.0, 138.2, 135.3, 134.2, 137.0, 136.6, 138.0, 139.2, 139.9, 139.2, 139.2, 139.2, 139.2, 139.2, 139.2, 139.8, 138.8, 139.8, 139.8, 139.2, 139.6, 140.4, 138.8, 139.0, 139.2, 139.2, 139.0, 138.8, 139.2, 139.6, 139.0, 138.8, 138.2, 137.8, 137.6, 137.6, 137.6, 137.6, 137.6, 137.4, 138.4, 138.8, 139.2, 138.4, 138.4, 138.2, 137.6, 138.2, 137.6, 137.8, 138.4, 137.8, 137.6, 136.8, 137.0, 137.0, 137.2, 137.0, 137.8, 137.6, 137.8, 138.2, 137.6, 137.6, 137.6, 137.6, 137.6]"
21,"[126.8, 128.0, 128.0, 127.7, 127.8, 127.7, 127.7, 128.6, 128.6, 128.9, 128.9, 129.8, 129.2, 130.1, 130.1, 130.1, 128.9, 129.5, 129.5, 130.1, 130.1, 129.5, 129.2, 129.5, 129.2, 129.5, 129.5, 129.5, 129.8, 130.3, 129.8, 130.3, 130.3, 129.8, 129.5, 129.5, 129.5, 129.5, 129.5, 129.5, 130.1, 129.5, 129.5, 129.5, 130.1, 129.5, 129.5, 129.5, 129.8, 129.5, 129.8, 129.8, 129.5, 129.5, 129.8, 129.5, 129.5, 129.5, 129.2, 129.5, 129.5, 129.5, 129.2, 128.6, 129.5, 129.5, 129.5, 129.5, 130.3, 129.5, 130.1, 130.1, 129.8, 129.8, 129.8, 129.8, 129.2, 130.9, 130.9, 131.2, 131.2, 131.4, 131.2, 130.6, 130.3, 130.3, 131.2, 130.3, 130.9, 130.3, 131.2, 130.1, 130.6, 130.9, 130.9, 130.3, 130.9, 130.6, 130.9, 130.9, 130.6, 130.9, 130.6, 130.9, 130.1, 130.3, 131.2, 131.2, 131.8, 132.0, 132.8, 133.1, 133.1, 133.1, 133.7, 133.7, 134.5, 134.3, 135.1, 135.3, 135.9, 135.3, 134.7, 134.7, 135.3, 133.1, 133.1, 133.1, 132.8, 132.3, 132.0, 132.0, 132.0, 132.0, 131.4, 132.0, 132.8, 132.0, 132.3, 132.8, 132.8, 133.1, 133.1, 133.1, 133.4, 133.1, 133.7, 133.4, 132.8, 133.7, 133.1, 133.7, 133.1, 132.8, 133.3, 133.7, 132.8, 133.9, 133.3, 133.1, 133.3, 133.7, 134.5, 133.7, 133.9, 134.5, 133.7, 134.7, 134.5, 134.5, 133.9, 134.7, 134.7, 134.7, 134.7, 134.9, 134.7, 134.7, 134.7, 134.7, 134.9, 134.5, 134.7, 134.1, 133.9, 134.7, 134.1, 134.7, 133.9, 133.9, 134.1, 134.3, 134.9, 134.3, 134.7, 134.7, 134.3, 134.9, 133.9, 132.8, 132.3, 132.8, 132.3, 132.5, 133.1, 133.1, 132.6, 132.3, 133.1, 133.1, 133.7, 133.7, 133.9, 133.4, 134.1, 134.1, 133.9, 134.9, 134.9, 134.7, 134.7, 134.9, 135.5, 135.1, 136.3, 135.7, 136.1, 135.7, 135.9, 136.5, 137.4, 137.8, 137.0, 137.2, 137.2, 137.2, 137.0, 137.0, 136.5, 136.8, 137.6, 136.8, 137.4, 136.8, 137.4, 136.3, 137.0, 136.6, 136.8, 137.0, 136.3, 137.4, 137.8, 137.8, 137.0, 137.8, 137.8, 137.0, 137.8, 137.4, 137.6, 137.8, 137.4, 138.9, 138.4, 138.2, 138.4, 138.2, 138.2, 138.9, 138.4, 138.2, 139.4, 139.2, 138.4, 138.9, 138.4, 138.2, 138.9, 139.5, 138.2, 138.9, 138.9, 138.4, 138.2, 138.9, 138.2, 138.9, 138.4, 138.8, 138.8, 138.9, 138.8, 139.1, 138.9, 138.2, 138.8, 138.9, 138.9, 138.9, 139.5, 139.1, 139.1, 138.9, 139.1, 138.8, 138.9, 139.7, 139.5, 139.5, 138.8, 138.9, 139.5, 139.7, 138.9, 138.9, 140.1, 139.5, 138.9, 139.4, 140.1, 138.9, 139.1, 139.7, 139.7, 139.1, 139.1, 138.9, 139.5, 139.5, 138.9, 139.5, 139.7, 139.1, 139.1, 138.9, 139.8, 138.4, 139.3, 138.8, 139.7, 139.1, 139.7, 139.1, 139.1, 139.7, 138.9, 138.9, 139.7, 139.1, 138.9, 139.5, 139.1, 138.9, 139.7, 139.3, 139.1, 138.9, 139.1, 138.9, 138.8, 138.9, 139.8, 139.1, 139.5, 139.7, 139.7, 139.4, 140.3, 139.4, 139.5, 139.5, 140.1, 140.1, 139.4, 140.1, 140.7, 140.8, 140.8, 140.8, 141.4, 141.4, 141.4, 140.7, 140.7, 140.5, 140.7, 141.3, 141.3, 141.1, 140.4, 140.5, 140.5, 140.1, 140.3, 140.1, 140.7, 140.8, 140.5, 140.5, 140.5, 140.8, 141.3, 141.9, 141.9, 141.9, 141.7, 141.7, 141.7, 141.9, 141.9, 141.9, 141.9, 142.5, 141.7, 142.6, 141.7, 141.0, 141.9, 141.3, 141.1, 141.7, 141.7, 141.9, 142.5, 142.5, 142.0, 141.3, 141.9, 141.9, 142.6, 141.7, 142.5, 142.5, 142.5, 141.9, 142.5, 142.3, 143.1, 141.9, 142.5, 142.3, 142.5, 143.1, 143.2, 143.7, 144.2, 144.2, 143.7, 143.1, 143.7, 143.1, 143.5, 143.8, 143.1, 143.1, 143.1, 143.8, 144.8, 144.9, 144.8, 145.4, 145.5, 145.4, 144.9, 144.9, 144.3, 144.9, 144.9, 144.4, 145.4, 146.0, 145.3, 145.4, 146.0, 145.4, 145.4, 145.3, 146.0, 145.4, 145.4, 145.3, 146.0, 146.1, 146.0, 145.3, 146.0, 146.4, 146.5, 146.7, 146.0, 145.4, 145.8, 145.5, 147.1, 146.7, 146.0, 146.1, 146.0, 146.0, 146.6, 146.1, 145.5, 145.4, 145.5, 145.5, 145.4, 145.5, 145.3, 145.4, 146.2, 145.5, 145.5, 145.6, 145.5, 145.3, 146.4, 146.0, 145.4, 146.0, 145.6, 146.2, 146.1, 146.0, 145.4, 146.0, 146.1, 146.1, 145.5, 146.1, 146.6, 146.1, 145.4, 144.9, 144.9, 141.0, 141.0, 141.0, 141.1, 141.0, 140.8, 141.1, 141.6, 142.3, 143.1, 142.8, 143.1, 143.1, 143.2, 142.9, 138.1, 138.8, 139.8, 140.2, 140.4, 140.4, 140.5, 141.1, 140.2, 139.0, 139.8, 140.4, 139.8, 140.2, 139.8, 140.4, 139.8, 141.1, 141.1, 141.1, 140.4, 141.6, 141.1, 140.4, 138.0, 138.4, 139.4, 139.2, 139.2, 139.6, 137.8, 138.0, 138.4, 137.6, 137.8, 138.2, 139.0, 139.0, 139.2, 138.0, 138.4, 137.0, 138.2, 138.0, 138.4, 137.8, 138.2, 138.2, 138.4, 137.6]"
21,"[134.6, 132.6, 133.5, 133.4, 133.1, 133.2, 134.0, 134.3, 134.6, 134.3, 134.6, 134.0, 133.4, 133.4, 133.4, 134.3, 134.3, 134.3, 135.1, 134.3, 134.5, 135.6, 135.7, 135.3, 135.1, 134.8, 134.3, 134.5, 135.1, 135.1, 135.6, 135.6, 135.3, 135.6, 135.3, 135.4, 134.7, 135.1, 134.8, 135.3, 135.3, 134.7, 135.6, 135.1, 135.3, 135.3, 135.1, 135.1, 135.6, 134.7, 134.7, 134.7, 135.3, 135.3, 135.1, 135.5, 134.7, 135.1, 135.3, 135.3, 135.3, 134.9, 136.1, 136.1, 135.5, 135.5, 136.1, 136.1, 135.5, 136.1, 135.3, 135.7, 135.5, 135.9, 136.3, 135.5, 135.5, 135.5, 135.5, 135.7, 135.5, 136.3, 136.1, 136.1, 136.1, 135.5, 135.7, 136.1, 136.3, 136.3, 136.3, 136.1, 136.1, 136.3, 136.1, 136.1, 135.7, 135.5, 136.5, 136.3, 135.9, 135.7, 136.1, 136.3, 136.1, 136.6, 136.3, 136.1, 136.1, 136.8, 135.7, 136.8, 136.3, 136.3, 136.8, 136.3, 136.8, 136.8, 136.6, 136.3, 136.8, 137.0, 136.8, 137.0, 136.8, 136.3, 136.3, 137.0, 136.3, 135.9, 135.9, 136.3, 136.8, 136.5, 136.3, 136.3, 136.8, 136.8, 136.3, 136.3, 136.8, 136.8, 137.0, 137.0, 136.3, 136.8, 136.8, 136.8, 136.8, 136.8, 137.0, 136.5, 136.5, 136.5, 136.3, 137.0, 136.5, 136.5, 136.3, 136.5, 136.8, 136.8, 137.0, 136.3, 136.8, 136.8, 136.8, 137.4, 136.8, 136.3, 136.3, 136.5, 136.3, 136.1, 136.8, 136.3, 136.8, 136.3, 136.8, 136.6, 136.6, 136.3, 136.8, 136.8, 136.3, 136.8, 136.8, 136.3, 137.0, 137.0, 136.6, 136.8, 137.4, 136.8, 136.8, 136.8, 136.8, 136.8, 136.8, 137.4, 136.8, 136.6, 136.5, 136.8, 136.3, 136.8, 137.0, 136.8, 137.0, 136.8, 137.0, 137.0, 137.4, 137.6, 137.8, 137.8, 137.6, 137.4, 137.4, 137.8, 137.6, 137.8, 138.4, 136.8, 137.0, 137.4, 137.6, 137.6, 137.6, 137.8, 139.1, 138.4, 138.9, 138.8, 138.9, 138.2, 139.2, 138.8, 138.8, 138.9, 139.4, 138.8, 138.8, 139.1, 138.9, 139.5, 138.8, 139.5, 140.1, 139.5, 139.5, 138.9, 139.5, 138.8, 139.4, 140.1, 139.5, 139.5, 139.4, 140.1, 138.9, 139.4, 139.4, 139.9, 139.5, 139.5, 139.4, 139.4, 139.2, 139.5, 138.9, 139.4, 138.8, 138.6, 138.6, 138.8, 139.5, 139.4, 139.4, 139.5, 139.5, 138.8, 139.4, 138.8, 139.4, 138.9, 139.4, 139.4, 140.1, 139.5, 139.9, 139.9, 139.5, 139.2, 139.4, 139.9, 139.5, 139.9, 140.5, 139.5, 140.1, 139.9, 139.2, 140.1, 140.7, 140.5, 140.1, 139.5, 139.8, 140.7, 139.9, 139.9, 140.7, 140.1, 140.5, 140.5, 140.1, 140.7, 140.5, 140.5, 140.5, 139.9, 139.9, 139.9, 140.7, 140.7, 140.7, 140.7, 140.7, 140.5, 140.8, 140.7, 140.5, 140.7, 140.8, 140.7, 139.9, 140.7, 140.7, 142.0, 141.1, 141.3, 140.5, 141.3, 139.9, 140.5, 140.7, 141.3, 140.8, 141.3, 141.1, 140.8, 140.5, 140.7, 140.5, 140.7, 140.5, 140.8, 140.7, 141.1, 140.7, 141.3, 140.5, 140.8, 140.4, 140.5, 140.7, 140.8, 140.5, 141.4, 140.7, 140.8, 140.8, 141.4, 141.3, 140.7, 140.8, 141.1, 141.3, 141.1, 141.9, 142.3, 142.3, 142.3, 142.3, 142.3, 142.2, 143.1, 142.9, 142.5, 142.9, 142.3, 142.5, 141.7, 142.3, 142.2, 142.3, 142.5, 142.2, 142.3, 143.1, 142.9, 143.1, 143.4, 143.1, 144.3, 144.4, 144.3, 143.5, 144.2, 143.5, 144.2, 143.5, 143.5, 144.3, 143.5, 144.2, 144.0, 144.8, 144.9, 144.3, 144.3, 144.8, 144.8, 144.7, 144.3, 144.8, 144.9, 144.8, 145.4, 144.7, 144.0, 144.3, 144.9, 144.8, 144.2, 144.8, 144.8, 144.2, 144.8, 144.8, 144.8, 144.0, 143.5, 144.2, 144.8, 144.7, 144.7, 144.8, 144.8, 144.8, 144.2, 144.2, 145.4, 144.0, 144.8, 144.0, 144.8, 144.7, 144.7, 144.7, 145.4, 145.3, 144.8, 144.7, 144.8, 145.3, 145.3, 144.8, 144.8, 144.8, 144.8, 144.8, 144.8, 144.2, 144.8, 144.7, 144.8, 144.0, 144.8, 144.2, 144.0, 144.7, 144.7, 144.2, 144.8, 144.2, 144.0, 144.2, 144.8, 145.4, 144.0, 144.9, 144.8, 144.8, 144.7, 145.4, 144.3, 144.7, 144.0, 144.8, 144.2, 145.4, 144.7, 144.7, 144.8, 144.9, 144.2, 144.8, 144.2, 144.7, 144.8, 144.7, 145.4, 144.8, 144.8, 144.7, 144.8, 144.8, 144.0, 144.2, 144.3, 144.8, 144.2, 144.8, 144.2, 144.8, 144.2, 143.5, 144.7, 143.5, 144.2, 144.8, 144.2, 144.3, 144.3, 144.8, 144.3, 144.8, 144.8, 144.2, 144.2, 144.8, 144.2, 144.4, 144.2, 144.8, 144.0, 144.2, 144.3, 144.9, 144.2, 143.7, 144.9, 143.1, 143.7, 143.7, 143.7, 143.7, 144.2, 144.3, 143.5, 143.5, 143.5, 143.8, 144.3, 143.7, 143.7, 142.9, 144.2, 143.5, 144.3, 144.2, 144.2, 143.5, 144.0, 145.0, 143.4, 144.2, 144.2, 144.2, 144.9, 144.3, 144.8, 144.2, 144.2, 144.0, 144.8, 144.9, 144.9, 145.5, 144.7, 144.8, 144.9, 144.9, 144.2, 144.2, 143.5, 144.2, 144.8]"
21,"[136.2, 132.7, 132.7, 133.9, 132.9, 134.4, 135.6, 135.0, 135.8, 136.2, 137.0, 136.2, 136.6, 137.0, 137.0, 136.0, 136.4, 136.0, 136.0, 136.2, 135.8, 136.6, 136.8, 136.0, 135.4, 135.6, 135.0, 135.0, 135.4, 134.8, 133.9, 135.4, 135.0, 135.8, 135.0, 135.2, 135.0, 135.8, 135.0, 134.8, 135.0, 135.0, 135.0, 135.4, 135.4, 135.0, 135.4, 135.4, 134.2, 134.2, 133.8, 134.8, 134.2, 134.2, 133.5, 134.2, 134.2, 133.5, 133.8, 134.2, 134.4, 135.4, 133.5, 134.6, 134.6, 134.8, 134.6, 135.6, 134.8, 134.6, 134.4, 134.6, 134.4, 134.6, 135.0, 134.6, 134.6, 134.6, 135.2, 134.8, 134.6, 135.0, 134.2, 135.2, 135.2, 135.6, 135.4, 135.4, 135.4, 136.0, 136.2, 135.4, 135.4, 135.4, 135.6, 135.6, 135.9, 135.6, 135.4, 136.2, 135.2, 136.0, 135.9, 135.6, 136.2, 137.0, 136.4, 136.4, 137.0, 137.2, 137.0, 137.0, 137.2, 137.6, 137.2, 137.2, 138.0, 138.6, 138.6, 139.2, 139.4, 140.5, 140.1, 140.7, 140.5, 140.7, 139.8, 140.5, 139.9, 139.4, 139.9, 141.3, 140.5, 139.9, 139.8, 140.5, 140.1, 140.5, 139.9, 139.9, 139.8, 139.8, 140.1, 140.7, 140.5, 140.1, 138.8, 140.8, 140.5, 140.7, 141.3, 141.6, 141.4, 141.4, 142.0, 141.9, 141.3, 142.0, 141.0, 141.0, 141.1, 142.0, 141.4, 141.9, 141.4, 141.3, 142.0, 141.1, 142.5, 141.9, 141.4, 141.4, 141.9, 142.6, 141.9, 142.0, 141.9, 142.5, 142.5, 141.7, 142.3, 142.6, 142.3, 142.5, 142.5, 141.9, 141.7, 142.5, 142.5, 142.5, 141.9, 142.2, 142.3, 142.5, 142.3, 141.9, 142.0, 142.5, 141.9, 142.5, 142.3, 142.5, 142.6, 142.5, 143.1, 143.1, 142.3, 141.9, 143.2, 142.3, 143.1, 142.5, 142.5, 142.9, 142.6, 142.9, 142.9, 142.9, 142.9, 143.7, 143.1, 143.5, 143.7, 142.5, 142.3, 142.9, 144.2, 143.7, 143.7, 143.5, 143.1, 143.5, 143.5, 144.3, 144.4, 143.5, 143.8, 143.7, 143.7, 144.4, 144.3, 144.2, 144.3, 144.3, 144.4, 144.2, 143.5, 144.3, 144.3, 145.0, 144.9, 144.4, 144.4, 144.9, 143.8, 144.4, 144.3, 145.0, 144.4, 145.0, 144.9, 145.5, 144.9, 145.0, 145.0, 145.5, 145.0, 145.0, 144.9, 144.9, 145.0, 145.5, 146.0, 145.5, 145.0, 146.0, 145.4, 145.6, 145.0, 145.6, 145.4, 145.5, 145.5, 145.3, 145.6, 145.6, 146.0, 146.0, 145.9, 145.5, 145.6, 144.8, 145.4, 146.1, 145.5, 145.5, 145.4, 146.1, 145.3, 145.5, 145.5, 145.4, 145.5, 145.3, 146.0, 146.0, 145.3, 145.5, 145.5, 145.5, 145.4, 144.7, 145.5, 145.5, 145.4, 145.4, 145.4, 145.9, 145.9, 146.0, 145.9, 145.8, 145.4, 146.0, 145.3, 146.0, 146.5, 146.0, 146.5, 145.9, 146.5, 146.4, 145.9, 145.9, 146.6, 146.0, 146.5, 145.9, 145.8, 145.9, 145.9, 145.9, 146.6, 145.9, 146.0, 146.0, 145.9, 145.9, 146.4, 145.9, 145.9, 145.4, 146.5, 145.9, 145.9, 145.9, 145.9, 146.0, 146.6, 146.6, 146.0, 146.0, 145.9, 145.9, 145.9, 146.0, 145.9, 146.0, 146.4, 145.9, 145.9, 146.4, 145.3, 145.3, 145.9, 145.3, 145.3, 145.5, 145.9, 145.3, 146.0, 145.4, 145.9, 145.3, 145.3, 145.3, 146.7, 146.7, 146.5, 146.6, 146.5, 146.4, 146.5, 147.2, 147.8, 147.2, 147.2, 147.2, 147.1, 147.2, 147.2, 147.9, 147.2, 146.6, 146.6, 147.2, 147.2, 146.5, 146.7, 146.6, 146.0, 145.4, 146.6, 146.6, 146.6, 146.5, 146.6, 146.7, 147.2, 146.7, 146.5, 146.6, 146.5, 146.6, 146.7, 146.6, 146.6, 146.6, 146.6, 146.5, 146.6, 146.6, 147.2, 146.6, 146.5, 146.5, 146.5, 146.7, 146.0, 145.9, 146.5, 145.9, 145.3, 145.3, 145.9, 145.9, 145.4, 145.9, 145.3, 145.9, 145.4, 144.8, 144.8, 144.9, 146.0, 146.0, 146.0, 146.0, 145.5, 146.0, 146.0, 145.9, 146.0, 145.8, 145.4, 145.9, 145.9, 146.1, 145.9, 146.0, 146.1, 146.0, 145.9, 146.0, 145.4, 145.3, 145.5, 146.0, 145.5, 145.5, 145.4, 145.4, 145.4, 145.3, 145.4, 145.4, 145.5, 146.0, 145.9, 145.4, 145.4, 145.3, 145.4, 145.6, 146.1, 143.5, 144.8, 144.8, 144.2, 144.8, 144.9, 145.4, 144.8, 144.8, 144.3, 144.9, 144.2, 143.7, 144.2, 144.3, 144.3, 142.5, 143.5, 144.2, 143.7, 144.9, 143.7, 144.3, 144.2, 144.2, 144.2, 144.3, 144.3, 144.3, 144.3, 144.3, 144.3, 144.2, 144.3, 143.7, 143.7, 143.1, 144.3, 144.3, 143.5, 144.3, 143.7, 144.3, 143.7, 143.7, 143.5, 144.3, 144.3, 144.3, 143.1, 143.7, 143.7, 143.5, 143.7, 144.2, 143.7, 143.7, 143.1, 143.7, 143.7, 143.1, 143.1, 143.7, 143.7, 143.7, 143.7, 143.5, 143.7, 143.1, 142.6, 142.5, 142.9, 143.1, 143.7, 143.5, 143.1, 143.1, 142.9, 143.1, 142.3, 143.7, 142.3, 142.9, 142.5, 143.1, 142.9, 143.2, 143.1, 143.2, 143.2, 142.5, 142.9, 142.5, 142.6, 141.9, 141.9, 142.5, 142.5, 142.5, 142.0, 142.5, 142.6, 141.9, 142.6, 142.5]"
21,"[141.7, 141.1, 140.8, 142.3, 141.4, 142.2, 143.7, 142.9, 143.1, 143.1, 143.8, 143.8, 143.3, 143.3, 143.2, 143.2, 143.2, 143.2, 143.1, 143.1, 142.5, 143.2, 143.8, 143.9, 143.9, 144.4, 143.7, 143.1, 143.8, 143.7, 143.8, 144.3, 143.7, 143.8, 143.7, 143.7, 142.5, 142.5, 142.3, 142.5, 142.5, 142.3, 141.7, 141.9, 141.7, 141.7, 141.7, 140.4, 139.8, 139.9, 140.5, 140.5, 139.9, 139.4, 141.3, 141.4, 143.2, 143.2, 143.8, 143.8, 144.4, 144.9, 145.4, 145.0, 144.4, 145.0, 145.0, 144.4, 144.3, 144.9, 144.9, 144.4, 145.5, 145.4, 144.9, 144.8, 144.8, 146.1, 146.1, 145.4, 145.3, 146.0, 145.3, 146.0, 145.4, 145.4, 145.2, 145.4, 145.9, 145.5, 146.6, 145.4, 146.0, 146.7, 145.4, 145.4, 146.0, 144.8, 146.0, 145.4, 145.5, 145.4, 146.1, 144.3, 145.0, 144.3, 143.7, 144.3, 144.4, 143.8, 144.4, 144.4, 143.8, 142.5, 143.1, 142.5, 143.1, 142.5, 143.1, 138.2, 138.4, 139.0, 139.4, 139.9, 139.8, 140.1, 139.4, 138.6, 137.2, 137.8, 137.8, 138.8, 138.4, 137.8, 138.0, 138.0, 138.4, 139.9, 139.4, 139.2, 139.2, 139.2, 138.6, 139.2, 139.2, 139.9, 139.2, 139.8, 139.2, 140.1, 139.2, 138.6, 138.6, 139.2, 139.4, 139.2, 139.4, 140.1, 140.5, 141.1, 141.3, 141.3, 141.4, 141.9, 142.0, 142.0, 141.7, 141.3, 141.4, 141.9, 141.6, 142.0, 142.0, 142.5, 142.0, 142.7, 142.6, 141.9, 141.9, 142.6, 142.5, 141.9, 141.7, 142.0, 142.0, 142.6, 141.9, 141.9, 142.6, 142.6, 142.6, 142.5, 142.5, 142.5, 142.5, 142.5, 143.1, 142.5, 142.6, 142.6, 143.1, 143.1, 143.1, 143.2, 143.2, 143.2, 143.1, 142.5, 142.6, 143.1, 142.6, 142.5, 142.6, 142.5, 142.3, 143.1, 141.9, 143.2, 142.6, 142.5, 141.9, 142.3, 142.5, 141.9, 142.6, 142.5, 142.5, 141.9, 141.9, 142.0, 142.5, 142.0, 142.5, 142.5, 141.7, 141.6, 142.6, 142.3, 142.6, 142.5, 142.3, 142.6, 142.6, 142.5, 142.5, 142.5, 142.5, 142.6, 142.5, 142.6, 142.9, 142.9, 142.5, 143.1, 143.1, 143.7, 142.9, 142.9, 143.1, 143.2, 143.7, 143.7, 143.8, 142.9, 143.7, 143.7, 143.1, 143.8, 143.2, 143.7, 142.9, 143.2, 143.7, 143.8, 143.7, 143.7, 143.2, 143.8, 143.1, 143.7, 143.7, 143.7, 143.7, 143.2, 143.7, 143.2, 143.8, 143.8, 143.7, 144.4, 144.3, 144.4, 144.2, 144.5, 144.4, 144.3, 143.7, 143.7, 144.9, 143.8, 143.8, 144.3, 144.3, 144.9, 144.9, 144.5, 144.4, 145.0, 144.3, 144.9, 145.0, 144.4, 144.3, 144.3, 144.4, 143.7, 144.3, 144.3, 144.2, 144.2, 144.3, 144.8, 144.3, 144.9, 144.9, 144.2, 145.1, 144.8, 144.9, 144.4, 144.4, 144.9, 144.9, 145.5, 144.9, 145.5, 144.9, 144.8, 144.9, 145.5, 144.9, 145.6, 145.5, 146.1, 145.4, 145.6, 144.9, 145.5, 146.1, 145.5, 146.1, 145.5, 146.0, 145.5, 144.9, 145.5, 144.9, 144.9, 144.8, 144.9, 144.9, 144.9, 145.4, 144.9, 144.9, 146.0, 145.5, 145.6, 146.1, 145.5, 145.4, 146.7, 146.0, 146.0, 146.1, 145.8, 145.9, 146.0, 145.4, 146.0, 146.1, 145.4, 145.9, 145.5, 146.0, 145.3, 145.5, 145.9, 145.4, 145.4, 145.9, 145.9, 145.9, 144.8, 146.0, 145.9, 146.0, 145.3, 145.4, 146.0, 146.0, 146.0, 146.0, 146.0, 146.0, 146.6, 146.7, 146.6, 146.5, 147.3, 147.2, 147.2, 148.0, 147.8, 148.0, 147.9, 148.7, 148.6, 148.0, 148.5, 148.5, 148.6, 148.5, 148.5, 148.5, 147.9, 149.1, 148.5, 148.5, 149.1, 148.5, 148.6, 148.5, 148.7, 148.0, 147.9, 148.0, 147.2, 147.4, 147.2, 147.2, 148.0, 147.9, 148.5, 149.2, 147.8, 148.6, 147.8, 148.6, 148.5, 148.6, 148.6, 147.9, 148.0, 148.0, 148.5, 147.9, 148.0, 147.9, 148.0, 147.8, 147.9, 148.0, 148.0, 147.8, 147.2, 146.6, 147.2, 146.6, 148.0, 147.9, 147.3, 146.5, 147.3, 146.7, 147.2, 146.6, 146.7, 147.2, 146.7, 147.2, 147.2, 146.7, 146.6, 146.4, 146.5, 146.5, 147.2, 147.2, 147.3, 146.6, 147.2, 147.2, 147.2, 147.2, 146.0, 147.2, 147.2, 147.2, 147.2, 146.6, 146.7, 147.2, 147.2, 147.2, 147.3, 147.2, 147.2, 147.2, 147.2, 148.0, 147.9, 146.5, 147.3, 147.2, 146.6, 147.2, 146.6, 147.2, 146.5, 146.6, 146.6, 146.5, 146.5, 146.5, 146.6, 146.7, 147.2, 146.5, 146.7, 146.6, 147.2, 146.6, 146.6, 147.2, 147.3, 147.2, 146.7, 147.2, 147.2, 146.5, 146.6, 146.6, 146.6, 146.5, 146.6, 146.7, 146.5, 146.6, 146.7, 146.6, 146.1, 146.0, 146.1, 146.0, 146.1, 146.5, 145.4, 145.9, 146.5, 146.0, 145.9, 146.0, 146.6, 145.4, 146.0, 146.0, 146.0, 145.6, 145.4, 145.9, 146.0, 146.0, 146.1, 146.6, 146.0, 146.0, 146.0, 146.0, 145.4, 145.5, 144.9, 146.2, 146.0, 145.4, 145.4, 144.8, 144.8, 145.3, 146.1, 145.4, 146.0, 145.9, 146.0, 146.0, 146.0, 145.4, 145.0, 144.9, 144.9]"
21,"[137.4, 137.2, 137.2, 138.0, 137.6, 138.8, 139.6, 139.0, 139.9, 140.7, 141.3, 140.5, 139.9, 141.1, 140.5, 139.8, 140.5, 140.5, 139.9, 140.7, 141.3, 140.7, 141.4, 141.9, 141.9, 140.7, 141.3, 141.3, 141.1, 141.1, 140.5, 140.7, 138.8, 137.4, 137.2, 137.8, 137.0, 138.4, 137.6, 138.4, 138.4, 138.6, 138.8, 139.9, 139.2, 138.4, 137.2, 137.0, 137.8, 137.0, 137.2, 137.0, 134.3, 134.8, 134.2, 134.2, 136.0, 135.8, 134.2, 135.0, 135.4, 138.2, 137.6, 137.2, 138.5, 133.9, 134.2, 135.0, 136.6, 136.2, 135.9, 136.0, 136.2, 136.0, 135.5, 135.6, 136.4, 134.8, 134.5, 133.1, 135.4, 134.2, 135.1, 133.3, 131.6, 130.7, 131.3, 133.3, 133.5, 133.1, 133.9, 134.4, 133.9, 133.7, 133.3, 133.9, 133.7, 133.9, 132.4, 132.8, 132.4, 133.3, 132.4, 132.7, 133.3, 132.7, 133.3, 133.7, 133.1, 130.7, 127.7, 128.9, 130.4, 131.0, 132.2, 132.9, 134.2, 135.6, 135.4, 134.8, 135.8, 134.4, 133.3, 133.5, 133.2, 134.0, 133.2, 132.4, 133.2, 132.6, 132.9, 132.9, 132.7, 132.1, 132.6, 132.9, 132.4, 132.6, 132.1, 132.1, 132.4, 132.4, 132.4, 132.4, 132.4, 131.8, 132.4, 131.5, 132.1, 132.4, 132.0, 132.1, 131.5, 132.4, 132.4, 132.4, 132.4, 132.0, 131.5, 131.8, 131.5, 132.4, 131.8, 131.6, 131.5, 131.5, 132.1, 132.1, 131.5, 131.8, 131.5, 131.2, 130.9, 130.6, 130.9, 130.9, 131.5, 131.2, 131.2, 130.6, 130.6, 131.2, 130.6, 131.2, 131.5, 130.6, 130.6, 131.2, 130.1, 130.6, 131.5, 131.2, 131.2, 131.2, 130.6, 131.2, 130.9, 131.2, 130.9, 130.9, 130.9, 130.9, 130.6, 130.3, 130.3, 130.3, 130.1, 130.3, 130.1, 130.3, 130.9, 130.1, 129.8, 129.8, 130.3, 130.3, 130.1, 130.3, 130.1, 130.6, 130.1, 130.6, 130.1, 130.3, 130.6, 130.0, 130.3, 130.6, 129.8, 129.8, 130.3, 129.8, 129.8, 129.5, 129.8, 130.3, 129.8, 129.5, 130.0, 129.8, 130.1, 130.3, 130.3, 130.0, 129.5, 130.1, 130.3, 130.1, 129.5, 129.8, 130.3, 130.3, 129.5, 130.1, 130.1, 130.3, 130.3, 130.3, 130.3, 130.3, 130.3, 129.8, 130.6, 130.1, 129.8, 130.3, 129.8, 129.5, 130.1, 130.6, 130.6, 130.6, 130.3, 130.3, 130.3, 130.3, 130.6, 129.8, 129.8, 129.8, 129.8, 130.0, 130.3, 129.5, 129.8, 129.8, 129.2, 128.9, 129.8, 129.8, 130.3, 129.5, 130.3, 130.3, 130.3, 130.3, 130.3, 130.3, 130.3, 130.3, 130.3, 129.8, 130.6, 130.0, 130.6, 130.0, 130.0, 129.8, 129.8, 130.3, 129.8, 129.8, 130.6, 130.6, 130.6, 130.6, 130.9, 131.1, 131.9, 132.8, 132.8, 133.3, 133.3, 134.5, 134.7, 134.7, 135.3, 134.3, 134.7, 134.5, 135.3, 134.7, 135.3, 134.5, 134.5, 133.9, 133.1, 133.7, 131.9, 132.5, 131.4, 131.7, 130.9, 130.9, 130.9, 131.1, 131.7, 132.0, 132.3, 131.7, 131.9, 131.4, 130.9, 130.9, 130.6, 130.9, 130.9, 130.0, 130.0, 130.0, 130.0, 130.6, 130.6, 131.7, 130.9, 132.3, 131.7, 131.7, 131.7, 132.8, 134.0, 134.9, 134.9, 135.7, 135.7, 136.3, 136.1, 135.7, 136.1, 135.3, 135.5, 136.3, 135.7, 135.5, 135.5, 135.5, 135.1, 135.1, 135.1, 135.5, 134.5, 135.1, 135.3, 135.6, 135.3, 135.6, 136.1, 136.1, 136.8, 137.0, 136.5, 136.3, 136.5, 136.5, 137.0, 136.8, 137.4, 138.8, 139.4, 139.4, 140.7, 142.0, 141.4, 141.4, 142.0, 141.0, 141.6, 141.3, 141.9, 141.4, 142.0, 142.5, 142.5, 143.3, 142.6, 142.5, 142.5, 142.5, 142.5, 142.5, 142.5, 141.9, 141.9, 142.0, 142.0, 142.5, 142.6, 142.7, 142.5, 143.1, 143.2, 143.1, 143.2, 142.6, 142.6, 143.1, 143.1, 143.2, 142.6, 143.1, 143.2, 142.6, 142.6, 143.1, 143.2, 142.9, 142.6, 143.2, 143.2, 143.1, 143.7, 143.7, 143.7, 143.7, 143.8, 143.2, 143.2, 143.2, 143.7, 144.4, 144.3, 145.0, 145.0, 144.9, 144.3, 144.9, 144.9, 144.9, 145.5, 145.5, 144.2, 144.4, 144.9, 144.4, 144.5, 144.3, 143.5, 144.4, 145.0, 144.2, 143.8, 144.4, 144.4, 144.4, 144.4, 144.4, 144.4, 145.5, 144.9, 144.2, 144.9, 144.9, 144.5, 144.4, 144.4, 144.5, 144.9, 146.2, 146.1, 146.1, 146.6, 146.1, 146.1, 146.7, 146.6, 146.7, 146.6, 147.2, 147.9, 146.1, 146.7, 146.1, 146.6, 146.0, 146.1, 146.1, 147.3, 148.0, 147.9, 147.3, 148.0, 146.7, 147.3, 146.1, 146.1, 146.1, 147.2, 146.2, 146.7, 146.7, 147.2, 147.4, 146.7, 146.6, 146.1, 146.6, 147.2, 146.0, 146.8, 145.6, 145.5, 145.6, 146.1, 146.2, 146.1, 145.5, 146.7, 146.7, 146.1, 146.7, 146.8, 146.2, 146.7, 145.6, 145.6, 145.0, 145.0, 145.5, 145.7, 145.0, 145.0, 145.7, 145.7, 145.5, 145.6, 145.1, 146.1, 145.6, 146.2, 145.6, 146.2, 145.1, 145.1, 145.5, 145.6, 145.5, 145.6, 145.6, 145.5, 146.8, 145.5, 146.1, 146.2, 146.2, 146.6, 146.8, 146.8, 146.8, 146.6, 146.6]"
21,"[137.4, 136.0, 136.2, 136.0, 135.2, 134.8, 135.2, 134.6, 136.2, 135.9, 136.4, 135.9, 135.6, 135.6, 136.0, 136.4, 136.2, 136.2, 136.6, 136.4, 136.6, 136.4, 136.8, 137.0, 137.0, 136.4, 136.6, 136.4, 136.6, 135.9, 136.4, 136.4, 136.4, 136.2, 136.4, 136.6, 135.6, 135.4, 135.6, 136.0, 135.9, 135.9, 135.6, 134.8, 134.0, 134.5, 134.8, 134.4, 133.8, 134.0, 134.0, 134.6, 133.7, 134.0, 133.8, 135.1, 135.4, 135.6, 135.1, 134.8, 135.1, 134.5, 134.0, 134.3, 135.1, 135.1, 134.3, 134.6, 134.3, 134.8, 134.3, 134.3, 135.1, 135.1, 135.4, 135.9, 135.3, 135.3, 135.6, 136.4, 135.6, 136.6, 136.3, 136.3, 136.1, 135.9, 135.5, 136.1, 136.1, 136.1, 136.1, 136.3, 135.9, 136.6, 136.8, 137.0, 136.3, 136.8, 136.1, 136.3, 136.8, 136.8, 136.8, 137.0, 136.8, 138.0, 138.8, 139.7, 138.8, 138.2, 137.4, 137.2, 137.8, 137.0, 137.8, 137.2, 136.6, 136.8, 137.2, 137.4, 136.8, 137.4, 136.8, 137.6, 137.8, 137.6, 136.8, 137.0, 137.6, 137.0, 137.0, 138.2, 138.2, 138.2, 137.8, 138.4, 138.4, 138.6, 139.5, 139.2, 139.4, 139.4, 139.4, 139.4, 139.2, 139.8, 139.9, 140.8, 139.9, 140.7, 140.1, 141.4, 140.7, 141.6, 142.2, 141.4, 142.6, 142.2, 142.0, 142.0, 142.6, 142.6, 142.2, 142.6, 142.0, 142.7, 142.6, 142.0, 142.0, 141.9, 142.0, 142.6, 142.7, 142.0, 142.6, 142.6, 142.6, 142.7, 141.4, 142.6, 142.2, 142.7, 141.9, 142.5, 142.3, 142.5, 142.6, 142.6, 142.7, 142.6, 142.5, 142.6, 142.6, 142.6, 141.9, 142.6, 142.6, 142.5, 142.6, 142.6, 142.6, 142.5, 142.5, 142.6, 141.4, 142.0, 142.6, 142.2, 142.0, 142.6, 143.2, 143.1, 142.6, 143.2, 143.2, 143.2, 143.1, 143.2, 143.1, 142.7, 143.8, 143.8, 142.9, 143.7, 143.7, 143.2, 143.9, 143.8, 143.3, 143.2, 143.2, 143.2, 143.1, 143.1, 143.7, 143.1, 143.1, 143.1, 143.2, 143.2, 143.2, 143.8, 143.2, 143.1, 143.9, 143.1, 142.5, 143.2, 142.6, 143.2, 143.2, 143.3, 143.9, 143.3, 143.2, 143.2, 143.3, 143.2, 143.2, 143.3, 143.8, 143.3, 143.2, 143.2, 143.2, 143.8, 143.8, 143.9, 143.1, 143.7, 143.7, 143.9, 143.8, 143.8, 143.2, 143.3, 143.2, 143.2, 143.9, 143.9, 143.3, 143.8, 143.3, 143.8, 143.3, 143.9, 143.8, 143.3, 143.3, 143.2, 143.2, 143.2, 143.2, 142.6, 143.3, 143.3, 143.8, 143.2, 143.3, 143.9, 143.8, 143.8, 143.8, 143.8, 143.2, 143.8, 143.3, 143.9, 143.9, 143.3, 143.3, 143.2, 143.3, 143.9, 143.8, 143.3, 143.2, 143.9, 143.3, 143.3, 143.8, 143.3, 143.9, 143.8, 143.3, 143.3, 143.9, 143.9, 143.7, 143.9, 144.5, 144.4, 143.2, 143.9, 143.9, 143.9, 143.8, 144.4, 143.7, 143.9, 143.9, 143.9, 143.9, 143.8, 143.8, 143.7, 143.7, 143.7, 143.8, 143.9, 143.8, 143.7, 143.8, 143.8, 144.4, 143.8, 144.4, 144.5, 143.8, 144.4, 144.4, 143.5, 143.8, 143.8, 143.8, 143.7, 143.7, 143.7, 143.7, 144.3, 145.6, 144.9, 145.5, 146.1, 145.5, 146.0, 145.5, 146.1, 146.1, 145.6, 145.4, 146.0, 146.0, 146.0, 146.6, 146.0, 145.9, 146.6, 146.6, 147.2, 147.2, 148.0, 147.2, 147.2, 147.8, 148.4, 148.5, 149.8, 149.1, 149.2, 149.1, 149.1, 149.7, 150.3, 149.7, 150.3, 149.7, 149.6, 150.3, 150.9, 150.9, 150.9, 151.0, 150.3, 149.8, 149.8, 149.7, 149.0, 149.0, 150.3, 149.0, 149.0, 149.1, 149.1, 149.1, 149.1, 149.1, 150.3, 151.6, 149.8, 151.0, 150.3, 151.6, 150.3, 150.9, 150.3, 149.7, 149.7, 150.3, 150.3, 150.3, 149.7, 149.7, 150.4, 149.7, 149.1, 149.1, 149.6, 149.7, 151.0, 149.7, 150.3, 151.0, 150.3, 150.2, 149.6, 151.0, 150.3, 149.7, 149.7, 151.0, 151.0, 150.3, 150.4, 151.0, 151.0, 150.9, 151.0, 151.6, 150.3, 149.6, 149.8, 150.3, 151.6, 150.2, 152.2, 151.5, 150.9, 151.6, 150.2, 150.3, 150.3, 151.0, 152.2, 151.5, 151.6, 152.2, 152.2, 151.5, 152.3, 151.6, 152.2, 152.2, 152.3, 152.8, 152.2, 152.2, 152.2, 151.5, 150.9, 152.2, 151.7, 152.3, 151.6, 150.9, 150.9, 152.3, 151.6, 151.6, 151.0, 151.6, 152.2, 152.2, 152.2, 153.5, 152.8, 153.5, 154.1, 153.5, 153.5, 153.5, 154.1, 154.8, 154.2, 155.5, 154.8, 155.5, 154.8, 155.5, 155.5, 154.8, 155.5, 155.5, 154.8, 154.8, 154.8, 154.1, 155.5, 155.5, 154.8, 155.5, 154.8, 155.5, 154.8, 155.5, 154.8, 154.8, 154.2, 154.2, 154.2, 153.5, 154.2, 153.5, 153.5, 154.2, 154.8, 154.2, 152.8, 153.5, 152.8, 153.5, 152.8, 152.9, 153.5, 152.8, 152.2, 153.5, 154.1, 152.8, 152.8, 152.8, 152.8, 152.8, 152.2, 152.8, 152.9, 153.5, 152.8, 153.5, 152.9, 151.7, 151.0, 150.3, 151.0, 152.3, 151.6, 151.6, 152.2, 151.6, 152.3, 151.6, 152.2, 153.0, 152.9, 152.9, 152.2, 152.2, 152.3, 152.3, 152.3]"
21,"[146.5, 146.3, 146.5, 146.3, 147.1, 146.3, 148.5, 148.5, 148.6, 148.5, 149.2, 149.2, 149.8, 148.6, 149.8, 149.1, 148.6, 147.9, 149.2, 148.5, 148.5, 148.0, 148.5, 148.5, 149.2, 149.8, 148.6, 149.1, 149.2, 148.6, 149.8, 149.8, 149.2, 149.1, 148.6, 149.2, 148.6, 148.4, 149.1, 148.5, 148.5, 149.1, 149.8, 148.5, 148.5, 149.1, 149.2, 148.6, 149.1, 149.2, 148.4, 148.4, 149.7, 149.2, 149.1, 149.1, 148.5, 148.5, 149.1, 149.2, 149.1, 149.1, 149.1, 149.1, 149.7, 149.8, 148.4, 149.1, 149.1, 149.8, 149.1, 149.1, 148.5, 148.5, 147.9, 147.9, 148.0, 148.6, 147.9, 148.5, 148.5, 148.4, 149.1, 149.1, 149.1, 149.1, 149.1, 149.1, 149.1, 149.7, 149.1, 149.7, 149.7, 149.7, 149.8, 150.3, 150.3, 151.0, 150.3, 150.3, 150.3, 150.9, 150.3, 150.9, 150.9, 150.3, 150.3, 150.3, 150.9, 150.9, 151.6, 149.8, 150.3, 149.7, 149.6, 150.9, 150.3, 150.3, 150.3, 150.3, 150.3, 150.3, 150.9, 149.7, 150.2, 150.3, 149.6, 149.1, 147.3, 146.0, 146.0, 145.9, 147.4, 147.3, 147.2, 146.7, 146.6, 146.1, 145.5, 145.5, 146.1, 146.0, 145.6, 145.5, 145.5, 145.6, 145.4, 146.2, 146.1, 146.2, 146.0, 146.1, 146.0, 146.7, 146.0, 146.0, 146.1, 146.6, 145.4, 146.0, 146.1, 145.5, 146.1, 146.1, 146.7, 146.2, 145.5, 146.0, 145.6, 146.2, 146.0, 146.7, 146.0, 146.0, 146.0, 146.0, 146.6, 146.0, 145.4, 146.0, 146.1, 146.1, 145.4, 146.1, 146.1, 146.1, 145.5, 145.6, 146.1, 146.2, 146.1, 146.1, 146.1, 146.2, 145.6, 146.2, 146.2, 144.9, 145.5, 145.6, 145.0, 145.6, 145.6, 145.6, 145.5, 145.0, 144.4, 145.6, 145.6, 145.5, 144.9, 145.6, 146.2, 145.6, 144.9, 145.0, 145.5, 145.6, 145.5, 146.2, 145.6, 145.5, 145.5, 145.6, 146.1, 145.5, 146.1, 145.6, 146.1, 146.1, 145.6, 144.9, 145.0, 145.0, 144.9, 144.4, 144.9, 145.0, 145.6, 145.5, 146.1, 146.1, 144.9, 145.0, 146.1, 146.1, 146.2, 144.9, 146.2, 145.0, 145.6, 144.9, 145.5, 146.1, 146.1, 145.5, 145.5, 145.5, 145.6, 144.9, 145.5, 144.9, 145.6, 145.0, 145.6, 145.0, 145.0, 145.0, 144.9, 146.1, 144.9, 145.6, 145.5, 145.5, 145.6, 146.1, 144.8, 145.5, 146.1, 145.5, 145.5, 145.5, 144.9, 144.9, 144.8, 145.0, 144.9, 145.0, 144.9, 144.9, 144.9, 145.4, 145.5, 145.5, 145.0, 145.5, 145.6, 145.6, 145.0, 144.9, 145.5, 144.9, 144.9, 144.9, 144.9, 145.5, 144.9, 145.6, 146.1, 145.5, 146.2, 146.1, 145.6, 145.6, 145.6, 145.5, 145.6, 145.6, 145.6, 145.5, 144.9, 146.7, 145.0, 145.0, 145.6, 145.0, 145.5, 145.6, 145.0, 145.5, 145.7, 145.5, 145.6, 145.6, 144.9, 144.9, 145.0, 145.6, 146.1, 145.6, 145.5, 145.6, 146.1, 145.5, 145.6, 145.5, 146.1, 145.6, 146.1, 145.7, 146.1, 146.3, 145.4, 145.1, 145.0, 145.5, 145.5, 145.6, 145.5, 145.0, 146.1, 145.5, 146.1, 145.0, 146.1, 146.1, 146.1, 145.0, 145.5, 145.5, 146.2, 146.5, 146.1, 146.1, 146.1, 146.1, 146.1, 145.4, 146.7, 146.1, 146.8, 146.1, 146.0, 146.1, 146.1, 146.7, 145.5, 147.3, 146.6, 146.7, 146.7, 146.6, 146.6, 147.3, 148.6, 147.9, 147.9, 147.9, 148.6, 148.4, 148.0, 147.9, 148.4, 149.2, 148.6, 147.9, 149.1, 149.1, 149.8, 149.1, 149.1, 148.4, 149.1, 148.6, 149.8, 149.1, 148.4, 149.1, 148.4, 149.1, 149.1, 149.2, 149.8, 149.8, 150.3, 149.1, 149.8, 149.8, 149.1, 149.7, 149.1, 149.1, 149.0, 149.1, 149.1, 148.4, 149.1, 149.8, 148.4, 149.1, 149.0, 149.6, 149.7, 149.0, 148.6, 149.1, 149.6, 149.1, 149.7, 149.0, 149.6, 149.6, 149.8, 149.8, 150.3, 149.6, 149.1, 149.7, 150.4, 149.8, 150.4, 149.7, 149.1, 150.3, 149.6, 149.6, 149.1, 149.1, 149.7, 149.8, 149.7, 150.3, 149.7, 149.6, 150.4, 150.3, 150.3, 149.7, 150.3, 149.7, 150.3, 149.7, 149.7, 149.6, 150.3, 150.3, 150.3, 151.0, 150.3, 151.0, 149.7, 150.3, 150.3, 150.3, 151.0, 150.3, 150.3, 150.4, 150.3, 150.2, 150.4, 149.7, 149.8, 150.4, 150.4, 150.3, 150.4, 150.4, 150.4, 150.4, 151.0, 151.0, 151.0, 150.3, 151.0, 150.9, 150.9, 151.6, 151.0, 150.9, 151.6, 150.9, 151.6, 151.6, 151.0, 151.6, 151.7, 151.6, 151.0, 151.7, 151.7, 151.6, 151.5, 151.7, 151.7, 151.6, 151.0, 151.7, 151.6, 151.6, 151.7, 151.6, 151.0, 150.9, 151.0, 151.6, 151.0, 151.0, 152.3, 150.9, 151.0, 150.9, 151.7, 151.7, 151.0, 151.7, 151.7, 151.0, 151.7, 151.7, 151.0, 151.7, 152.3, 151.6, 152.3, 151.6, 151.0, 152.2, 151.7, 151.7, 151.0, 151.6, 151.0, 152.3, 151.6, 151.0, 150.9, 150.9, 151.0, 151.0, 151.7, 151.0, 150.9, 151.6, 151.6, 151.0, 151.6, 151.7, 151.0, 151.0, 151.0, 151.0, 151.0, 150.4, 151.7, 151.7, 150.4, 150.4, 149.8, 150.4]"
21,"[140.2, 140.5, 141.3, 141.7, 141.9, 142.0, 144.3, 142.8, 143.5, 143.7, 144.3, 143.3, 143.7, 144.3, 143.8, 143.7, 143.8, 144.2, 143.2, 144.4, 143.7, 143.9, 143.7, 143.7, 143.7, 143.8, 143.8, 143.8, 143.8, 143.8, 143.8, 143.7, 143.8, 143.7, 143.8, 144.3, 144.3, 145.0, 144.4, 145.6, 146.1, 144.9, 145.5, 145.0, 144.4, 144.9, 145.5, 145.5, 145.0, 144.9, 145.5, 145.5, 146.1, 145.5, 144.3, 145.5, 144.9, 145.1, 145.6, 145.1, 144.9, 145.5, 144.9, 145.5, 145.5, 146.1, 145.6, 145.5, 144.2, 144.3, 144.9, 145.5, 146.2, 145.5, 145.5, 145.5, 145.5, 145.5, 145.0, 145.0, 145.0, 145.5, 145.5, 146.7, 145.5, 145.5, 145.6, 144.9, 145.5, 144.2, 144.3, 144.3, 144.9, 145.0, 144.3, 144.3, 144.9, 145.0, 145.5, 144.9, 145.0, 144.9, 144.9, 144.9, 146.1, 145.5, 145.5, 145.4, 145.5, 146.1, 145.6, 145.5, 146.1, 146.7, 145.6, 145.6, 146.1, 146.1, 146.1, 146.1, 146.1, 146.1, 145.4, 144.4, 143.8, 144.3, 143.1, 143.2, 143.2, 142.6, 141.9, 142.0, 142.5, 141.7, 141.9, 141.9, 140.7, 140.7, 141.3, 141.3, 142.0, 141.9, 143.1, 142.6, 142.5, 143.1, 143.1, 142.6, 143.3, 143.1, 142.9, 143.2, 143.1, 143.2, 142.6, 142.7, 142.6, 142.5, 143.1, 142.5, 143.1, 142.6, 143.2, 142.3, 142.5, 142.0, 141.9, 141.9, 141.9, 141.9, 141.7, 141.9, 142.6, 141.9, 141.9, 142.6, 142.5, 142.0, 142.5, 142.6, 143.2, 143.1, 143.2, 142.5, 141.9, 143.2, 142.6, 142.5, 142.5, 143.1, 142.9, 142.5, 143.2, 143.1, 143.2, 143.2, 143.7, 143.1, 143.1, 143.2, 143.1, 143.8, 143.2, 143.8, 142.9, 143.2, 143.7, 143.8, 143.1, 143.7, 143.2, 143.7, 143.9, 143.7, 143.8, 143.8, 143.9, 143.8, 144.3, 143.8, 144.5, 144.3, 143.8, 144.4, 145.0, 144.9, 145.0, 145.6, 146.2, 145.6, 145.6, 145.6, 146.2, 145.5, 145.7, 145.1, 145.0, 145.0, 145.5, 146.2, 146.0, 146.1, 146.1, 145.5, 146.1, 146.1, 145.6, 146.1, 146.2, 146.1, 146.7, 146.1, 146.1, 146.6, 146.7, 146.7, 146.7, 147.2, 147.2, 146.7, 147.3, 146.1, 146.1, 146.7, 146.1, 147.5, 146.1, 146.7, 146.7, 146.7, 146.7, 146.7, 147.3, 148.0, 146.7, 147.3, 146.1, 146.7, 146.0, 145.5, 146.1, 146.7, 147.3, 148.0, 148.0, 146.7, 147.4, 148.0, 148.0, 148.0, 148.0, 148.0, 148.6, 148.6, 148.0, 148.6, 148.7, 148.6, 149.2, 148.5, 147.9, 149.1, 148.0, 149.2, 149.2, 149.2, 149.1, 149.2, 149.2, 149.2, 149.8, 148.4, 149.1, 149.1, 149.1, 149.2, 149.8, 149.8, 149.1, 149.8, 149.1, 149.8, 149.7, 149.1, 149.1, 149.8, 149.6, 149.7, 149.1, 149.6, 150.3, 149.7, 149.7, 149.1, 149.7, 149.7, 150.3, 149.8, 149.7, 149.7, 149.7, 150.3, 150.3, 150.4, 149.7, 151.0, 151.0, 149.6, 150.3, 150.3, 151.0, 151.0, 150.3, 149.6, 149.7, 150.3, 150.3, 150.3, 150.3, 149.0, 149.7, 150.3, 150.3, 150.3, 150.3, 150.3, 150.9, 150.9, 151.6, 150.9, 150.9, 152.2, 152.2, 152.2, 152.3, 151.6, 150.3, 150.3, 150.3, 149.6, 149.7, 149.0, 149.1, 147.7, 147.8, 148.0, 147.2, 147.2, 148.4, 149.1, 149.7, 149.8, 149.8, 149.7, 149.7, 149.7, 149.7, 149.7, 149.8, 149.1, 149.7, 149.8, 149.1, 149.1, 149.8, 149.8, 149.7, 149.1, 149.1, 147.9, 148.5, 149.1, 147.9, 149.1, 149.1, 148.4, 149.1, 149.1, 149.1, 148.4, 149.1, 148.6, 147.9, 149.1, 148.5, 148.6, 148.5, 148.4, 148.5, 148.5, 148.0, 148.0, 146.7, 146.6, 146.6, 145.4, 146.0, 145.9, 146.6, 147.2, 146.6, 147.2, 146.6, 146.6, 146.6, 147.2, 146.6, 147.4, 146.6, 146.6, 146.6, 146.6, 146.7, 146.1, 146.7, 146.6, 146.0, 147.2, 147.2, 148.0, 148.0, 147.2, 147.3, 147.9, 147.3, 147.2, 147.9, 146.7, 147.3, 147.2, 147.3, 148.0, 147.3, 147.8, 147.9, 147.3, 146.6, 147.2, 147.3, 148.5, 148.6, 147.9, 147.9, 147.9, 147.9, 147.9, 147.2, 147.3, 147.4, 148.0, 147.2, 147.3, 147.2, 147.9, 147.9, 147.2, 147.2, 147.2, 146.6, 146.7, 146.5, 147.2, 146.7, 147.2, 147.9, 148.0, 147.3, 147.2, 147.2, 147.2, 147.3, 147.9, 147.2, 147.9, 146.7, 146.6, 147.3, 147.2, 146.6, 146.7, 146.6, 147.2, 146.7, 147.9, 147.2, 147.2, 147.3, 146.7, 146.6, 146.6, 147.2, 146.6, 147.3, 146.7, 146.1, 146.1, 146.1, 146.1, 146.0, 146.6, 146.0, 146.8, 146.7, 146.7, 146.1, 146.0, 145.5, 146.7, 146.6, 146.1, 146.1, 146.1, 146.1, 146.6, 146.7, 146.0, 146.6, 146.1, 146.0, 146.7, 145.5, 146.1, 146.0, 146.0, 146.1, 145.5, 144.8, 145.5, 145.0, 144.8, 144.9, 145.0, 145.1, 144.9, 145.4, 145.4, 145.5, 145.0, 145.5, 145.4, 146.0, 145.6, 146.0, 146.0, 145.9, 145.3, 145.6, 145.5, 146.1, 145.9, 146.0, 146.1, 146.1, 145.3, 146.0, 145.5, 146.2, 145.9, 146.0, 146.0]"
21,"[137.0, 135.1, 134.4, 135.2, 135.0, 136.6, 135.0, 136.2, 136.6, 137.0, 137.8, 136.2, 137.0, 136.4, 136.4, 136.4, 136.6, 136.8, 136.6, 136.0, 136.8, 136.8, 137.6, 137.8, 138.4, 138.0, 138.0, 138.6, 137.8, 137.8, 139.2, 137.6, 138.4, 137.2, 137.8, 137.2, 137.6, 137.0, 137.8, 138.0, 138.6, 136.4, 138.6, 137.8, 137.8, 138.0, 138.0, 137.8, 138.6, 138.4, 138.8, 139.0, 137.4, 137.0, 137.2, 138.4, 138.4, 138.6, 137.8, 136.4, 136.8, 136.6, 136.4, 137.6, 136.8, 136.8, 136.2, 136.6, 137.2, 136.8, 136.8, 137.0, 136.6, 136.0, 136.6, 135.6, 136.6, 136.8, 136.2, 136.8, 136.6, 135.6, 134.8, 136.4, 136.6, 136.2, 136.2, 136.2, 136.2, 136.0, 136.2, 136.4, 135.4, 136.2, 136.0, 136.0, 136.2, 135.0, 135.0, 133.4, 134.8, 132.2, 131.8, 130.4, 131.6, 132.7, 134.2, 134.5, 133.9, 134.2, 134.8, 135.4, 135.6, 135.2, 135.6, 135.4, 136.0, 136.0, 136.2, 136.0, 136.6, 136.2, 135.6, 136.2, 135.6, 135.4, 135.6, 135.6, 134.6, 136.0, 135.1, 135.6, 135.6, 135.6, 135.4, 135.6, 135.1, 135.1, 135.4, 135.9, 135.6, 135.1, 135.6, 135.6, 135.6, 135.6, 135.1, 135.6, 135.9, 135.9, 136.2, 135.3, 135.3, 135.1, 136.2, 136.6, 135.9, 136.1, 135.9, 135.3, 135.3, 135.9, 135.9, 135.1, 135.9, 135.9, 135.1, 135.3, 135.5, 135.1, 135.3, 135.9, 135.9, 136.1, 136.1, 136.1, 136.1, 136.1, 136.1, 136.3, 136.8, 136.8, 136.3, 135.3, 134.8, 134.0, 132.6, 132.6, 133.8, 133.2, 133.2, 132.6, 132.8, 132.6, 132.4, 133.2, 132.8, 132.6, 132.6, 132.6, 133.4, 133.4, 132.8, 133.7, 133.7, 134.3, 134.3, 135.1, 134.5, 134.5, 134.3, 135.3, 134.5, 134.3, 134.6, 133.7, 133.4, 134.3, 133.4, 133.4, 134.3, 134.8, 134.3, 135.6, 135.1, 135.1, 135.3, 135.6, 135.9, 136.1, 136.6, 136.3, 136.8, 136.8, 136.8, 136.3, 136.3, 136.8, 137.0, 136.8, 137.0, 137.0, 137.0, 137.0, 136.8, 136.3, 135.9, 136.2, 135.6, 136.1, 135.7, 136.3, 136.1, 135.9, 135.3, 136.1, 136.3, 136.8, 136.8, 136.5, 137.6, 138.4, 138.5, 139.3, 139.4, 139.5, 139.5, 139.7, 140.3, 139.5, 139.2, 140.1, 140.1, 140.3, 139.5, 140.1, 140.8, 140.7, 141.4, 140.8, 140.7, 141.4, 141.3, 141.4, 140.5, 138.8, 137.4, 137.2, 137.8, 137.2, 138.0, 138.6, 139.2, 139.4, 139.9, 139.9, 140.4, 141.1, 140.4, 140.5, 139.9, 140.4, 140.5, 139.9, 139.9, 139.9, 139.9, 139.9, 139.8, 141.3, 140.5, 140.8, 140.7, 141.4, 141.6, 141.4, 141.4, 140.7, 141.4, 141.6, 141.4, 141.4, 142.5, 141.7, 143.1, 143.1, 143.1, 142.9, 142.3, 143.1, 143.1, 143.2, 142.6, 142.6, 142.9, 143.2, 143.2, 143.1, 143.1, 143.7, 143.7, 143.5, 143.7, 143.7, 144.3, 144.2, 144.9, 144.3, 144.3, 144.9, 144.9, 145.5, 145.5, 145.5, 145.5, 145.5, 146.1, 145.5, 145.6, 145.5, 145.5, 145.4, 145.5, 146.0, 145.4, 145.4, 146.1, 147.3, 147.3, 147.2, 147.9, 147.9, 146.6, 145.9, 145.5, 145.4, 146.1, 145.5, 145.4, 146.0, 145.3, 145.4, 145.3, 145.5, 146.0, 146.0, 147.2, 147.2, 147.9, 147.3, 147.9, 147.9, 148.0, 148.0, 148.5, 147.9, 147.8, 148.5, 149.1, 148.5, 149.1, 149.1, 149.1, 149.8, 149.0, 150.3, 149.1, 149.7, 149.1, 149.7, 149.6, 149.1, 149.7, 149.7, 149.7, 150.4, 149.6, 150.3, 149.7, 150.3, 149.6, 149.6, 150.3, 149.6, 150.3, 150.3, 149.7, 150.3, 150.3, 150.3, 149.7, 150.3, 150.3, 150.3, 149.7, 150.4, 149.7, 150.3, 149.6, 149.1, 149.7, 149.7, 150.3, 149.7, 149.6, 149.6, 149.6, 149.7, 149.7, 150.3, 149.6, 150.3, 149.6, 150.3, 150.3, 150.4, 150.3, 151.0, 150.3, 150.3, 150.4, 150.3, 151.0, 149.8, 149.8, 149.7, 150.4, 150.3, 150.4, 150.4, 151.0, 150.4, 149.7, 150.4, 150.3, 149.7, 150.3, 150.3, 150.4, 151.0, 151.0, 151.0, 151.0, 151.0, 150.3, 150.2, 150.3, 150.4, 150.3, 149.1, 150.3, 150.3, 150.3, 149.6, 150.3, 149.6, 151.0, 149.6, 150.3, 150.3, 149.1, 149.7, 149.1, 149.7, 149.8, 148.5, 148.5, 147.7, 147.8, 147.9, 147.2, 147.9, 147.9, 149.1, 149.1, 149.1, 150.4, 149.7, 149.1, 149.1, 148.5, 149.1, 149.1, 149.1, 149.8, 149.1, 150.4, 150.4, 149.7, 149.1, 148.4, 149.1, 150.4, 149.8, 150.3, 149.1, 150.3, 149.1, 149.8, 149.1, 151.1, 150.4, 149.8, 150.3, 149.1, 149.8, 150.4, 149.7, 149.8, 150.4, 149.8, 150.4, 149.8, 149.9, 149.1, 149.2, 148.6, 149.1, 148.5, 148.5, 149.1, 149.7, 149.1, 149.1, 148.4, 149.7, 149.1, 151.0, 149.1, 149.1, 149.1, 149.1, 148.4, 148.4, 149.2, 149.1, 149.1, 149.1, 149.0, 148.4, 148.5, 149.1, 148.4, 149.1, 148.4, 149.1, 148.3, 149.8, 148.5, 149.8, 148.9, 148.4, 149.1, 148.5, 149.1, 149.1, 149.1, 149.1, 149.0, 149.1]"
